"PROVIDER_ID","std_Hybrid_HWM_RSMR","std_PSI_4_SURG_COMP","std_MORT_30_AMI","std_MORT_30_CABG","std_MORT_30_COPD","std_MORT_30_HF","std_MORT_30_PN","std_MORT_30_STK","total_cnt","measure_wt","score_before_std","grp_score","mean","sd"
"010001",-0.50232648092005,-1.25561741171441,0.635860775745859,-0.407502613580099,-0.336903364647613,0.630169781013603,-0.741227903612937,-0.155168975688045,8,0.125,-0.266589524175461,"-0.253893573633393",-0.0791771875919047,0.738153132044881
"010005",-0.681151836151995,-0.469843521868268,NA,NA,-0.014416217329402,-1.15698033190706,-1.75515358667798,0.196999206294956,6,0.166666666666667,-0.646757714606626,"-0.768919757127321",-0.0791771875919047,0.738153132044881
"010006",-1.75410396754367,-2.6847679461298,-2.02674038950635,-3.27865422894366,0.114578641597884,-0.423790541990892,-1.17576748206939,0.490472691280789,8,0.125,-1.34234665291314,"-1.71125666272243",-0.0791771875919047,0.738153132044881
"010007",-1.03880254661589,NA,NA,NA,-1.49785709499318,-0.836209798818738,-3.27604211127555,NA,4,0.25,-1.66222788792584,"-2.14461015148505",-0.0791771875919047,0.738153132044881
"010008",-0.144675770456158,NA,NA,NA,NA,NA,0.489967568680334,NA,2,0.5,0.172645899112088,"0.341152906858737",-0.0791771875919047,0.738153132044881
"010011",0.212974940007734,-0.129384653615328,-0.480713906456682,0.549547924874422,-0.143411076256686,-1.29445341751635,-1.35682563975957,0.255693903292122,8,0.125,-0.298321490678792,"-0.296881898312616",-0.0791771875919047,0.738153132044881
"010012",-0.681151836151995,NA,-0.566604266626108,NA,-0.401400794111256,-1.98181884556275,-1.24819074514546,NA,5,0.2,-0.975833297519515,"-1.21472912733383",-0.0791771875919047,0.738153132044881
"010016",-0.144675770456158,1.3653549149882,-1.68317894882865,0.549547924874422,-0.336903364647613,0.44687233353456,-0.198053430542376,-1.62253640061721,8,0.125,-0.202946592711852,"-0.167674429257075",-0.0791771875919047,0.738153132044881
"010018",NA,NA,NA,NA,NA,NA,NA,NA,0,NA,NA,"NaN",-0.0791771875919047,0.738153132044881
"010019",-2.46940538847145,NA,NA,NA,0.179076071061526,-3.17325225417653,-0.849862798227049,-0.0377795816937112,5,0.2,-1.27024479030144,"-1.61357792983952",-0.0791771875919047,0.738153132044881
"010021",-0.323501125688104,NA,NA,NA,NA,NA,0.12785125329996,NA,2,0.5,-0.0978249361940721,"-0.0252627101242641",-0.0791771875919047,0.738153132044881
"010022",0.0341495847757862,NA,NA,NA,NA,NA,NA,NA,1,1,0.0341495847757862,"0.153527455819019",-0.0791771875919047,0.738153132044881
"010023",0.212974940007734,-0.903076352953126,-0.566604266626108,0.908441876794867,0.179076071061526,-0.423790541990892,-0.379111588232563,-2.03339927959738,8,0.125,-0.375686142691992,"-0.401690302767772",-0.0791771875919047,0.738153132044881
"010024",-1.57527861231172,-0.095295616109647,0.37818969523758,-0.407502613580099,0.695055506770665,-0.652912351339696,-1.61030706052583,-0.624726551665378,8,0.125,-0.486597200440516,"-0.551945111605704",-0.0791771875919047,0.738153132044881
"010029",0.0341495847757862,-1.76781598790736,-1.42550786832037,-1.00565920011418,-1.43335966552953,-0.973682884428019,-0.487746482846675,-0.74211594565971,8,0.125,-0.975217306253758,"-1.21389462397807",-0.0791771875919047,0.738153132044881
"010033",1.10710171616746,-1.21807631977777,0.721751135915285,0.310285290260791,-0.272405935183971,0.630169781013603,0.671025726370521,-0.74211594565971,8,0.125,0.150966931138276,"0.311783705492951",-0.0791771875919047,0.738153132044881
"010034",0.0341495847757862,NA,NA,NA,NA,NA,NA,NA,1,1,0.0341495847757862,"0.153527455819019",-0.0791771875919047,0.738153132044881
"010035",-2.6482307437034,-0.182459990491261,-0.394823546287255,NA,-0.401400794111256,-0.0113712851630466,-1.32061400822154,-0.624726551665378,7,0.142857142857143,-0.797660988520447,"-0.97335331889489",-0.0791771875919047,0.738153132044881
"010036",-0.50232648092005,NA,NA,NA,0.114578641597884,-0.607087989469935,-0.7050162720749,0.431777994283622,5,0.2,-0.253614821316676,"-0.23631632265995",-0.0791771875919047,0.738153132044881
"010039",-0.144675770456158,-2.58638439484758,-4.25988975391143,0.908441876794867,-0.0789136467930435,-0.652912351339696,-1.64651869206387,0.255693903292122,8,0.125,-1.0256448536656,"-1.28221045875905",-0.0791771875919047,0.738153132044881
"010040",-1.21762790184783,-0.361103807293185,0.893531856254137,0.310285290260791,-0.272405935183971,0.355223609795039,-1.35682563975957,0.196999206294956,8,0.125,-0.181490415184955,"-0.138607049338957",-0.0791771875919047,0.738153132044881
"010044",-1.03880254661589,NA,NA,NA,NA,-1.06533160816754,-0.125630167466301,NA,3,0.333333333333333,-0.743254774083243,"-0.899647454792567",-0.0791771875919047,0.738153132044881
"010045",-0.144675770456158,NA,NA,NA,-0.594893082502183,0.355223609795039,0.164062884837997,NA,4,0.25,-0.0550705895813263,"0.0326579905497341",-0.0791771875919047,0.738153132044881
"010046",0.0341495847757862,-0.641583229808282,0.120518614729302,NA,-0.207908505720328,-0.28631745638161,-0.777439535150975,-0.683421248662545,7,0.142857142857143,-0.348857396602665,"-0.365344529885925",-0.0791771875919047,0.738153132044881
"010049",0.0341495847757862,NA,NA,NA,-0.852882800356752,-0.469614903860653,-1.2844023766835,-1.68123109761438,5,0.2,-0.850796318747899,"-1.04533747491988",-0.0791771875919047,0.738153132044881
"010051",NA,NA,NA,NA,NA,NA,NA,NA,0,NA,NA,"NaN",-0.0791771875919047,0.738153132044881
"010052",-0.50232648092005,NA,NA,NA,NA,NA,-0.849862798227049,NA,2,0.5,-0.67609463957355,"-0.808663441321484",-0.0791771875919047,0.738153132044881
"010055",-1.57527861231172,0.175690656720324,-1.8549596691675,-1.60381578664825,-1.82034424231139,-1.06533160816754,-0.415323219770601,-0.331253066679545,8,0.125,-1.06132694354203,"-1.33055014374769",-0.0791771875919047,0.738153132044881
"010056",0.749451005703569,1.45553983699691,0.0346282545598759,-1.36455315203462,0.630558077307023,0.4010479716648,0.671025726370521,0.0796098123006222,8,0.125,0.332163441608587,"0.557256497796018",-0.0791771875919047,0.738153132044881
"010058",-1.21762790184783,NA,NA,NA,NA,NA,-0.451534851308639,NA,2,0.5,-0.834581376578236,"-1.02337056661083",-0.0791771875919047,0.738153132044881
"010059",0.0341495847757862,NA,NA,NA,NA,NA,0.345121042528184,NA,2,0.5,0.189635313651985,"0.364169018018264",-0.0791771875919047,0.738153132044881
"010061",-2.46940538847145,NA,NA,NA,-0.465898223574898,-0.92785852255826,-0.958497692841162,-0.213863672685211,5,0.2,-1.0071047000262,"-1.25709351102214",-0.0791771875919047,0.738153132044881
"010062",-1.57527861231172,NA,NA,NA,NA,NA,NA,NA,1,1,-1.57527861231172,"-2.02681714643033",-0.0791771875919047,0.738153132044881
"010065",-1.21762790184783,NA,-0.0512621056095504,NA,-0.401400794111256,-0.240493094511849,-2.18969316513443,NA,5,0.2,-0.820095412242984,"-1.00374596067694",-0.0791771875919047,0.738153132044881
"010073",-0.144675770456158,NA,NA,NA,NA,NA,-0.994709324379199,NA,2,0.5,-0.569692547417679,"-0.664517074481437",-0.0791771875919047,0.738153132044881
"010078",-2.11175467800756,-2.23298032247855,-1.42550786832037,NA,1.08204008355252,-0.790385436948978,-1.24819074514546,0.196999206294956,7,0.142857142857143,-0.932825680150493,"-1.15646531254803",-0.0791771875919047,0.738153132044881
"010079",-1.57527861231172,NA,NA,NA,-1.11087251821132,1.27171084719025,-1.75515358667798,-3.38337731053221,5,0.2,-1.3105942361086,"-1.66824063335658",-0.0791771875919047,0.738153132044881
"010083",-0.144675770456158,NA,0.635860775745859,NA,-0.272405935183971,-0.469614903860653,-0.198053430542376,0.0796098123006222,6,0.166666666666667,-0.0615465753327796,"0.0238847625157176",-0.0791771875919047,0.738153132044881
"010085",-1.75410396754367,-0.106946299814119,-0.0512621056095504,NA,0.695055506770665,-1.47775086499539,-0.451534851308639,-0.155168975688045,7,0.142857142857143,-0.471673079741249,"-0.531726921027926",-0.0791771875919047,0.738153132044881
"010086",0.749451005703569,NA,NA,NA,0.0500812121342405,0.309399247925278,0.0192163586858474,NA,4,0.25,0.282036956112234,"0.48934852136098",-0.0791771875919047,0.738153132044881
"010087",-0.681151836151995,-1.65648723250906,0.721751135915285,NA,NA,-0.423790541990892,-0.016995272852189,-0.155168975688045,6,0.166666666666667,-0.368640453879483,"-0.39214527951089",-0.0791771875919047,0.738153132044881
"010089",0.212974940007734,NA,NA,NA,-0.272405935183971,0.126101800446235,0.308909410990147,-1.09428412764271,5,0.2,-0.143740782276513,"-0.0874663967160173",-0.0791771875919047,0.738153132044881
"010090",-0.681151836151995,1.2639508160789,-1.5113982284898,0.0710226556471613,-0.594893082502183,0.492696695404321,-0.451534851308639,-0.56603185466821,8,0.125,-0.247167460748805,"-0.22758187409098",-0.0791771875919047,0.738153132044881
"010091",NA,NA,NA,NA,NA,NA,NA,NA,0,NA,NA,"NaN",-0.0791771875919047,0.738153132044881
"010092",-1.93292932277561,-1.19434344556496,-0.996056067473239,NA,0.179076071061526,-0.92785852255826,0.0554279902238849,-1.50514700662288,7,0.142857142857143,-0.903118614815648,"-1.11622018718691",-0.0791771875919047,0.738153132044881
"010095",-0.144675770456158,NA,NA,NA,NA,NA,NA,NA,1,1,-0.144675770456158,"-0.0887330555420189",-0.0791771875919047,0.738153132044881
"010097",-0.50232648092005,NA,NA,NA,NA,NA,-0.56016974592275,NA,2,0.5,-0.5312481134214,"-0.612435152279499",-0.0791771875919047,0.738153132044881
"010099",0.0341495847757862,NA,NA,NA,NA,0.355223609795039,-1.5740954289878,NA,3,0.333333333333333,-0.394907411472324,"-0.427729979287309",-0.0791771875919047,0.738153132044881
"010100",-0.323501125688104,-1.59176121192866,0.0346282545598759,-2.44123500779596,-0.852882800356752,-0.515439265730414,-1.50167216591172,-0.448642460673878,8,0.125,-0.955063222940701,"-1.18659123334254",-0.0791771875919047,0.738153132044881
"010101",-0.323501125688104,NA,NA,NA,NA,-0.469614903860653,0.345121042528184,NA,3,0.333333333333333,-0.149331662340191,"-0.0950405433543845",-0.0791771875919047,0.738153132044881
"010102",NA,NA,NA,NA,NA,NA,NA,NA,0,NA,NA,"NaN",-0.0791771875919047,0.738153132044881
"010103",0.570625650471623,2.96149858250104,-2.28441147001463,0.310285290260791,-1.04637508874768,0.538521057274082,-0.234265062080414,-0.0377795816937112,8,0.125,0.0972624222463873,"0.239028464662214",-0.0791771875919047,0.738153132044881
"010104",-0.681151836151995,0.70773854589127,-0.566604266626108,-3.27865422894366,0.0500812121342405,-0.469614903860653,0.345121042528184,0.0209151153034555,8,0.125,-0.484021164965659,"-0.548455272759229",-0.0791771875919047,0.738153132044881
"010108",-0.144675770456158,NA,NA,NA,0.501563218379738,-0.698736713209456,-0.487746482846675,0.0209151153034555,5,0.2,-0.161736126565819,"-0.111845273548057",-0.0791771875919047,0.738153132044881
"010110",NA,NA,NA,NA,NA,NA,NA,NA,0,NA,NA,"NaN",-0.0791771875919047,0.738153132044881
"010112",-0.859977191383941,NA,NA,NA,NA,0.309399247925278,0.12785125329996,NA,3,0.333333333333333,-0.140908896719568,"-0.0836299494613668",-0.0791771875919047,0.738153132044881
"010113",0.212974940007734,-0.786569515908393,0.120518614729302,-1.48418446934144,0.179076071061526,-0.0113712851630466,-1.17576748206939,-1.09428412764271,8,0.125,-0.504950906790801,"-0.57680947315009",-0.0791771875919047,0.738153132044881
"010114",-0.323501125688104,NA,NA,NA,0.30807092998881,-0.423790541990892,0.996930410212857,NA,4,0.25,0.139427418130668,"0.296150752780767",-0.0791771875919047,0.738153132044881
"010118",-1.03880254661589,NA,NA,NA,0.501563218379738,0.492696695404321,-0.596381377460788,-2.15078867359171,5,0.2,-0.558342536776865,"-0.649140846774632",-0.0791771875919047,0.738153132044881
"010120",-3.18470680939923,NA,NA,NA,NA,-1.66104831247443,-1.75515358667798,NA,3,0.333333333333333,-2.20030290285055,"-2.87355783397215",-0.0791771875919047,0.738153132044881
"010125",-3.36353216463118,NA,NA,NA,0.56606064784338,-1.61522395060467,0.852083884060707,NA,4,0.25,-0.89015289583294,"-1.09865510696191",-0.0791771875919047,0.738153132044881
"010126",-0.50232648092005,NA,NA,NA,NA,-0.332141818251371,-0.523958114384714,NA,3,0.333333333333333,-0.452808804518711,"-0.506170875265066",-0.0791771875919047,0.738153132044881
"010128",-0.323501125688104,NA,NA,NA,NA,NA,NA,NA,1,1,-0.323501125688104,"-0.330993566903058",-0.0791771875919047,0.738153132044881
"010129",0.212974940007734,NA,NA,NA,NA,-0.92785852255826,-0.777439535150975,NA,3,0.333333333333333,-0.497441039233833,"-0.56663561188615",-0.0791771875919047,0.738153132044881
"010130",0.391800295239677,NA,NA,NA,1.27553237194345,-0.515439265730414,-0.596381377460788,NA,4,0.25,0.138878005997981,"0.295406446336974",-0.0791771875919047,0.738153132044881
"010131",-0.681151836151995,-0.294651759497299,0.721751135915285,NA,0.695055506770665,-1.20280469377682,-0.813651166689013,-0.0964742786908779,7,0.142857142857143,-0.238846727445723,"-0.216309506689338",-0.0791771875919047,0.738153132044881
"010138",NA,NA,NA,NA,NA,NA,NA,NA,0,NA,NA,"NaN",-0.0791771875919047,0.738153132044881
"010139",0.391800295239677,0.508813909307485,-0.910165707303813,-1.12529051742099,0.953045224625234,-0.0113712851630466,0.0554279902238849,-1.91600988560304,8,0.125,-0.256718747011827,"-0.240521311517143",-0.0791771875919047,0.738153132044881
"010144",-0.681151836151995,-1.31473384384451,-0.738384986964961,-0.407502613580099,0.0500812121342405,-0.836209798818738,0.236486147914072,0.0796098123006222,8,0.125,-0.451475738376422,"-0.504364927306006",-0.0791771875919047,0.738153132044881
"010148",-0.144675770456158,NA,NA,NA,0.179076071061526,0.813467228492645,-1.79136521821602,NA,4,0.25,-0.235874422279502,"-0.212282828433586",-0.0791771875919047,0.738153132044881
"010149",0.928276360935514,NA,0.206408974898728,NA,-0.0789136467930435,0.538521057274082,0.0192163586858474,-0.213863672685211,6,0.166666666666667,0.23327423871932,"0.423288085828005",-0.0791771875919047,0.738153132044881
"01014F",NA,0.69393032816745,-0.137152465778977,NA,1.40452723087073,1.45500829466929,1.03314204175089,NA,5,0.2,0.889891085935879,"1.31282823503465",-0.0791771875919047,0.738153132044881
"010150",-0.859977191383941,NA,NA,NA,NA,NA,NA,NA,1,1,-0.859977191383941,"-1.05777510098618",-0.0791771875919047,0.738153132044881
"010157",-0.144675770456158,NA,NA,NA,NA,NA,NA,NA,1,1,-0.144675770456158,"-0.0887330555420189",-0.0791771875919047,0.738153132044881
"010158",-0.144675770456158,NA,NA,NA,-0.530395653038541,NA,-0.016995272852189,NA,3,0.333333333333333,-0.230688898782296,"-0.205257831489062",-0.0791771875919047,0.738153132044881
"010164",-1.75410396754367,NA,NA,NA,-0.981877659284037,-0.423790541990892,-0.922286061303123,NA,4,0.25,-1.02051455753043,"-1.27526028011393",-0.0791771875919047,0.738153132044881
"010168",0.570625650471623,NA,NA,NA,NA,NA,NA,NA,1,1,0.570625650471623,"0.880308989902137",-0.0791771875919047,0.738153132044881
"010169",0.570625650471623,NA,NA,NA,NA,0.492696695404321,-0.849862798227049,NA,3,0.333333333333333,0.0711531825496316,"0.203657430437342",-0.0791771875919047,0.738153132044881
"010173",-0.144675770456158,NA,NA,NA,NA,NA,-0.016995272852189,NA,2,0.5,-0.0808355216541736,"-0.00224659896473637",-0.0791771875919047,0.738153132044881
"01019F",NA,NA,NA,NA,1.40452723087073,1.40918393279953,0.852083884060707,NA,3,0.333333333333333,1.22193168257699,"1.76265440554926",-0.0791771875919047,0.738153132044881
"01021F",NA,NA,NA,NA,NA,NA,NA,NA,0,NA,NA,"NaN",-0.0791771875919047,0.738153132044881
"011300",NA,NA,NA,NA,NA,NA,NA,NA,0,NA,NA,"NaN",-0.0791771875919047,0.738153132044881
"011302",0.391800295239677,NA,NA,NA,NA,NA,NA,NA,1,1,0.391800295239677,"0.638048478541098",-0.0791771875919047,0.738153132044881
"011304",NA,NA,NA,NA,NA,NA,NA,NA,0,NA,NA,"NaN",-0.0791771875919047,0.738153132044881
"011305",0.391800295239677,NA,NA,NA,NA,NA,-0.994709324379199,NA,2,0.5,-0.301454514569761,"-0.301126307439879",-0.0791771875919047,0.738153132044881
"011306",-0.144675770456158,NA,NA,NA,NA,NA,0.236486147914072,NA,2,0.5,0.0459051887289568,"0.169453153947",-0.0791771875919047,0.738153132044881
"011307",NA,NA,NA,NA,NA,NA,NA,NA,0,NA,NA,"NaN",-0.0791771875919047,0.738153132044881
"020001",0.928276360935514,-2.07116527102754,1.06531257659299,-0.527133930886914,-1.88484167177503,0.355223609795039,0.164062884837997,-0.213863672685211,8,0.125,-0.273016139276644,"-0.262599917645481",-0.0791771875919047,0.738153132044881
"020006",-1.21762790184783,0.0177591665041307,-0.910165707303813,NA,-4.91622085656622,-1.79852139808371,-0.451534851308639,0.373083297286456,7,0.142857142857143,-1.27188975018852,"-1.61580641037515",-0.0791771875919047,0.738153132044881
"020008",0.749451005703569,NA,NA,NA,1.01754265408888,0.355223609795039,1.21420019944108,0.549167388277956,5,0.2,0.777116971461304,"1.1600494827964",-0.0791771875919047,0.738153132044881
"020012",-1.03880254661589,NA,-0.308933186117829,NA,-2.07833396016596,-3.03577916856725,-2.33453969128658,-0.74211594565971,6,0.166666666666667,-1.58975074973554,"-2.04642302059864",-0.0791771875919047,0.738153132044881
"020017",-0.323501125688104,-0.52378187235194,-2.11263074967578,-0.168239978966468,0.501563218379738,0.767642866622885,-0.7050162720749,-0.0377795816937112,8,0.125,-0.325217936931035,"-0.333319386801939",-0.0791771875919047,0.738153132044881
"020018",-0.144675770456158,NA,NA,NA,NA,-0.377966180121132,0.671025726370521,NA,3,0.333333333333333,0.0494612585977437,"0.174270677187653",-0.0791771875919047,0.738153132044881
"020024",0.570625650471623,0.60331389935488,NA,NA,-0.78838537089311,-0.469614903860653,-0.125630167466301,-0.683421248662545,6,0.166666666666667,-0.148852023509351,"-0.0943907610666482",-0.0791771875919047,0.738153132044881
"020026",0.570625650471623,-2.23168580206695,0.206408974898728,NA,1.01754265408888,-0.882034160688499,0.96071877867482,-0.507337157671043,7,0.142857142857143,-0.123680151756063,"-0.060289609611048",-0.0791771875919047,0.738153132044881
"021301",NA,NA,NA,NA,NA,NA,NA,NA,0,NA,NA,"NaN",-0.0791771875919047,0.738153132044881
"021302",NA,NA,NA,NA,NA,NA,NA,NA,0,NA,NA,"NaN",-0.0791771875919047,0.738153132044881
"021304",-0.144675770456158,NA,NA,NA,NA,NA,NA,NA,1,1,-0.144675770456158,"-0.0887330555420189",-0.0791771875919047,0.738153132044881
"021305",NA,NA,NA,NA,NA,NA,NA,NA,0,NA,NA,"NaN",-0.0791771875919047,0.738153132044881
"021306",0.212974940007734,NA,NA,NA,NA,NA,0.345121042528184,NA,2,0.5,0.279047991267959,"0.485299273698785",-0.0791771875919047,0.738153132044881
"021307",NA,NA,NA,NA,NA,NA,NA,NA,0,NA,NA,"NaN",-0.0791771875919047,0.738153132044881
"021308",0.0341495847757862,NA,NA,NA,-0.272405935183971,NA,NA,NA,2,0.5,-0.119128175204092,"-0.0541228992709315",-0.0791771875919047,0.738153132044881
"021309",0.570625650471623,NA,NA,NA,NA,NA,NA,NA,1,1,0.570625650471623,"0.880308989902137",-0.0791771875919047,0.738153132044881
"021310",NA,NA,NA,NA,NA,NA,NA,NA,0,NA,NA,"NaN",-0.0791771875919047,0.738153132044881
"021311",0.0341495847757862,NA,NA,NA,NA,0.44687233353456,1.10556530482697,NA,3,0.333333333333333,0.528862407712438,"0.823730969778468",-0.0791771875919047,0.738153132044881
"021312",0.0341495847757862,NA,NA,NA,0.953045224625234,NA,-0.0532069043902274,NA,3,0.333333333333333,0.311329301670264,"0.529031812383376",-0.0791771875919047,0.738153132044881
"021313",-0.144675770456158,NA,NA,NA,NA,NA,0.308909410990147,NA,2,0.5,0.0821168202669942,"0.218510226207497",-0.0791771875919047,0.738153132044881
"021314",0.212974940007734,NA,NA,NA,-0.272405935183971,-0.836209798818738,-0.7050162720749,NA,4,0.25,-0.400164266517469,"-0.434851611394433",-0.0791771875919047,0.738153132044881
"030002",1.6435777818633,-0.401233940053036,0.893531856254137,0.908441876794867,1.40452723087073,1.13423776158097,0.96071877867482,-0.448642460673878,8,0.125,0.761894860663988,"1.13942759536344",-0.0791771875919047,0.738153132044881
"030006",-0.859977191383941,1.33126587748252,-2.1985211098452,0.669179242181237,-1.88484167177503,-1.38610214125587,-0.741227903612937,-0.74211594565971,8,0.125,-0.726542605483616,"-0.877006937704561",-0.0791771875919047,0.738153132044881
"030007",0.0341495847757862,NA,-1.08194642764267,NA,1.08204008355252,0.171926162315996,-0.922286061303123,0.314388600289289,6,0.166666666666667,-0.0669546763353665,"0.0165582326023309",-0.0791771875919047,0.738153132044881
"030010",0.391800295239677,-0.311480524848206,-0.910165707303813,0.310285290260791,0.437065788916096,-0.148844370772328,0.417544305604259,-1.09428412764271,8,0.125,-0.113509881318279,"-0.0465116142381782",-0.0791771875919047,0.738153132044881
"030011",0.212974940007734,0.772464566471677,1.06531257659299,NA,-0.0789136467930435,-0.28631745638161,-1.61030706052583,-1.09428412764271,7,0.142857142857143,-0.1455814583244,"-0.089960020285408",-0.0791771875919047,0.738153132044881
"030012",-0.859977191383941,-0.76758321653814,-0.137152465778977,-2.56086632510277,-1.17536994767496,-0.423790541990892,-1.13955585053135,-1.09428412764271,8,0.125,-1.01982245833047,"-1.2743226708701",-0.0791771875919047,0.738153132044881
"030013",-2.11175467800756,-2.11992553986478,-1.8549596691675,-0.168239978966468,-1.94933910123867,-0.469614903860653,-0.596381377460788,-0.331253066679545,8,0.125,-1.20018353940575,"-1.51866367986322",-0.0791771875919047,0.738153132044881
"030014",0.928276360935514,1.60268365711636,0.206408974898728,NA,-0.401400794111256,0.171926162315996,0.779660620984633,-1.03558943064554,7,0.142857142857143,0.321709364499205,"0.543094020316012",-0.0791771875919047,0.738153132044881
"030016",-0.144675770456158,NA,0.37818969523758,NA,0.0500812121342405,-0.103020008902567,0.707237357908557,-0.448642460673878,6,0.166666666666667,0.0731950042079623,"0.20642355249209",-0.0791771875919047,0.738153132044881
"030022",0.0341495847757862,-1.13263797261164,NA,NA,NA,0.859291590362406,0.0916396217619223,NA,4,0.25,-0.0368892939278804,"0.0572887817286307",-0.0791771875919047,0.738153132044881
"030023",0.0341495847757862,-0.726158563366679,-1.25372714798152,-0.527133930886914,0.243573500525168,0.721818504753124,-0.0532069043902274,0.0796098123006222,8,0.125,-0.18513439303383,"-0.143543664372724",-0.0791771875919047,0.738153132044881
"030024",0.570625650471623,0.907094689278923,1.15120293676242,0.788810559488052,0.888547795161592,0.905115952232167,0.96071877867482,-1.21167352163704,8,0.125,0.620055355054069,"0.947273014623555",-0.0791771875919047,0.738153132044881
"030030",0.0341495847757862,NA,NA,NA,NA,0.171926162315996,0.634814094832484,-0.448642460673878,4,0.25,0.0980618453125969,"0.240111469030149",-0.0791771875919047,0.738153132044881
"030036",0.570625650471623,0.56145773937955,-1.5113982284898,0.310285290260791,0.953045224625234,-0.0571956470328073,-0.16184179900434,0.196999206294956,8,0.125,0.107747179563151,"0.25323250561469",-0.0791771875919047,0.738153132044881
"030037",0.212974940007734,NA,NA,NA,NA,NA,NA,NA,1,1,0.212974940007734,"0.395787967180062",-0.0791771875919047,0.738153132044881
"030038",0.212974940007734,0.158430384565549,0.37818969523758,NA,0.0500812121342405,-0.0571956470328073,0.308909410990147,-1.21167352163704,7,0.142857142857143,-0.0228976465335143,"0.0762437204628273",-0.0791771875919047,0.738153132044881
"030043",-0.859977191383941,NA,-1.33961750815094,NA,1.40452723087073,-0.194668732642089,0.12785125329996,-1.21167352163704,6,0.166666666666667,-0.345593078273887,"-0.360922251923446",-0.0791771875919047,0.738153132044881
"030055",1.46475242663135,-1.42865164006603,0.635860775745859,NA,-0.0789136467930435,-0.561263627600174,1.35904672559323,-0.507337157671043,7,0.142857142857143,0.126213407977164,"0.278249304449989",-0.0791771875919047,0.738153132044881
"030061",-0.50232648092005,1.07753987680733,0.0346282545598759,0.669179242181237,0.372568359452453,-0.0571956470328073,-0.958497692841162,-0.331253066679545,8,0.125,0.0380803556909162,"0.158852598725669",-0.0791771875919047,0.738153132044881
"030062",-0.144675770456158,0.690478273736494,0.979422216423564,NA,0.372568359452453,0.630169781013603,1.03314204175089,0.490472691280789,7,0.142857142857143,0.578796799028806,"0.891378709994696",-0.0791771875919047,0.738153132044881
"030064",1.10710171616746,-0.247617517875537,0.979422216423564,1.02807319410168,-0.465898223574898,0.721818504753124,0.453755937142296,-0.859505339654043,8,0.125,0.339643810935456,"0.567390396850468",-0.0791771875919047,0.738153132044881
"030065",0.928276360935514,0.26242352429807,-0.394823546287255,-0.0486086616596539,0.114578641597884,-0.148844370772328,-1.06713258745527,-0.448642460673878,8,0.125,-0.100346637502115,"-0.0286789407118893",-0.0791771875919047,0.738153132044881
"030069",-1.03880254661589,-0.263151762814835,1.15120293676242,0.669179242181237,-1.11087251821132,-1.06533160816754,0.671025726370521,-0.800810642656877,8,0.125,-0.223445146644036,"-0.195444485417912",-0.0791771875919047,0.738153132044881
"030071",-0.323501125688104,NA,NA,NA,NA,NA,-0.306688325156488,NA,2,0.5,-0.315094725422296,"-0.319605143687242",-0.0791771875919047,0.738153132044881
"030073",0.391800295239677,NA,NA,NA,NA,NA,1.14177693636501,NA,2,0.5,0.766788615802342,"1.14605732424476",-0.0791771875919047,0.738153132044881
"030078",0.0341495847757862,NA,NA,NA,NA,NA,NA,NA,1,1,0.0341495847757862,"0.153527455819019",-0.0791771875919047,0.738153132044881
"030083",0.391800295239677,NA,NA,NA,-0.014416217329402,0.44687233353456,0.417544305604259,-2.26817806758604,5,0.2,-0.20527547010739,"-0.170829435033567",-0.0791771875919047,0.738153132044881
"030084",0.212974940007734,NA,NA,NA,NA,NA,-0.415323219770601,NA,2,0.5,-0.101174139881433,"-0.029799985036426",-0.0791771875919047,0.738153132044881
"030085",-1.39645325707978,-0.610946246733555,-1.25372714798152,0.788810559488052,0.501563218379738,-1.24862905564658,-0.994709324379199,-0.800810642656877,8,0.125,-0.626862737076215,"-0.741967385503163",-0.0791771875919047,0.738153132044881
"030087",1.46475242663135,-0.721843495327986,0.549970415576432,0.429916607567607,-0.272405935183971,0.538521057274082,0.381332674066222,-0.331253066679545,8,0.125,0.254873835490524,"0.452549760450136",-0.0791771875919047,0.738153132044881
"030088",-1.21762790184783,-0.943637992516848,NA,NA,-0.917380229820394,0.0344530767067141,-1.75515358667798,-0.331253066679545,6,0.166666666666667,-0.855099950139315,"-1.05116774401254",-0.0791771875919047,0.738153132044881
"030089",0.0341495847757862,0.734060460927302,-0.910165707303813,0.549547924874422,0.501563218379738,0.767642866622885,0.598602463294446,0.373083297286456,8,0.125,0.331060513607153,"0.55576232544403",-0.0791771875919047,0.738153132044881
"030092",0.212974940007734,0.0354509454627752,-1.94085002933693,-1.36455315203462,0.0500812121342405,0.263574886055518,0.200274516376035,0.138304509297789,8,0.125,-0.300592771504682,"-0.29995887614728",-0.0791771875919047,0.738153132044881
"030093",0.0341495847757862,0.697382382598404,0.721751135915285,NA,-0.014416217329402,0.309399247925278,-0.487746482846675,-0.272558369682376,7,0.142857142857143,0.141137325908043,"0.298467220330851",-0.0791771875919047,0.738153132044881
"030094",0.212974940007734,0.461348160881853,-0.394823546287255,-1.2449218347278,-1.23986737713861,0.217750524185757,0.164062884837997,-0.624726551665378,8,0.125,-0.306025349988213,"-0.307318566498361",-0.0791771875919047,0.738153132044881
"030101",-0.859977191383941,NA,-1.25372714798152,NA,-1.88484167177503,0.950940314101927,-1.42924890283565,0.490472691280789,6,0.166666666666667,-0.66439698476557,"-0.792816248780861",-0.0791771875919047,0.738153132044881
"030103",2.89535526848691,2.52265616296588,2.26777761896496,1.02807319410168,1.59801951926166,1.13423776158097,1.7211630409736,2.25131360119579,8,0.125,1.92732452094143,"2.71827297267546",-0.0791771875919047,0.738153132044881
"030105",0.391800295239677,-0.692932539468738,-1.8549596691675,0.669179242181237,NA,0.263574886055518,0.0916396217619223,NA,6,0.166666666666667,-0.188616360566314,"-0.148260798773872",-0.0791771875919047,0.738153132044881
"030107",0.570625650471623,NA,NA,NA,NA,NA,NA,NA,1,1,0.570625650471623,"0.880308989902137",-0.0791771875919047,0.738153132044881
"030108",0.391800295239677,NA,NA,NA,NA,NA,NA,NA,1,1,0.391800295239677,"0.638048478541098",-0.0791771875919047,0.738153132044881
"030110",-0.681151836151995,-1.11451468684912,-0.738384986964961,NA,-0.0789136467930435,0.171926162315996,-0.415323219770601,-2.38556746158038,7,0.142857142857143,-0.748847096542014,"-0.907223555490371",-0.0791771875919047,0.738153132044881
"030111",0.391800295239677,NA,0.549970415576432,NA,0.437065788916096,1.50083265653905,1.14177693636501,NA,5,0.2,0.804289218527253,"1.1968606075974",-0.0791771875919047,0.738153132044881
"030112",0.391800295239677,NA,NA,NA,NA,NA,NA,NA,1,1,0.391800295239677,"0.638048478541098",-0.0791771875919047,0.738153132044881
"030113",0.570625650471623,NA,NA,NA,NA,NA,0.598602463294446,NA,2,0.5,0.584614056883035,"0.89925953797156",-0.0791771875919047,0.738153132044881
"030114",0.0341495847757862,NA,-0.738384986964961,NA,-0.014416217329402,-0.194668732642089,1.06935367328893,1.07741966125246,6,0.166666666666667,0.205575497063454,"0.38576370172205",-0.0791771875919047,0.738153132044881
"030115",0.570625650471623,-0.29422025269343,0.206408974898728,-0.88602788280736,0.82405036569795,1.63830574214834,-0.523958114384714,0.607862085275123,8,0.125,0.267880821075782,"0.47017074588066",-0.0791771875919047,0.738153132044881
"030117",-0.859977191383941,NA,NA,NA,-0.401400794111256,-1.29445341751635,-0.198053430542376,-0.213863672685211,5,0.2,-0.593549701247826,"-0.696837134905832",-0.0791771875919047,0.738153132044881
"030119",1.2859270713994,0.882067294654499,-0.824275347134387,NA,0.630558077307023,1.72995446588786,1.06935367328893,0.960030267258122,7,0.142857142857143,0.819087928951636,"1.2169089008064",-0.0791771875919047,0.738153132044881
"030121",-0.323501125688104,1.01842344467722,-2.45619219035348,NA,-0.0789136467930435,0.584345419143842,0.12785125329996,-0.0964742786908779,7,0.142857142857143,-0.174923017772069,"-0.129709982961019",-0.0791771875919047,0.738153132044881
"030122",0.391800295239677,-0.138877803300454,NA,NA,0.630558077307023,0.492696695404321,0.852083884060707,-1.21167352163704,6,0.166666666666667,0.169431271179038,"0.336797946087733",-0.0791771875919047,0.738153132044881
"030123",1.2859270713994,0.501046786837837,0.635860775745859,NA,0.695055506770665,1.63830574214834,0.852083884060707,1.60567193422696,7,0.142857142857143,1.03056452874139,"1.50340311265634",-0.0791771875919047,0.738153132044881
"03012F",NA,-0.547083239760888,0.721751135915285,NA,1.59801951926166,1.86742755149714,1.68495140943557,NA,5,0.2,1.06501327526975,"1.55007194739111",-0.0791771875919047,0.738153132044881
"030130",0.749451005703569,NA,NA,NA,-0.014416217329402,-1.38610214125587,-0.0532069043902274,NA,4,0.25,-0.176068564317981,"-0.131261892038122",-0.0791771875919047,0.738153132044881
"030134",0.749451005703569,NA,NA,NA,NA,1.18006212345073,1.28662346251716,NA,3,0.333333333333333,1.07204553055715,"1.55959877181563",-0.0791771875919047,0.738153132044881
"030136",0.570625650471623,NA,NA,NA,NA,NA,0.562390831756408,NA,2,0.5,0.566508241114015,"0.874731001841311",-0.0791771875919047,0.738153132044881
"030138",-0.50232648092005,NA,NA,NA,NA,NA,NA,NA,1,1,-0.50232648092005,"-0.573254078264098",-0.0791771875919047,0.738153132044881
"030139",0.570625650471623,NA,NA,NA,0.114578641597884,0.171926162315996,1.32283509405519,NA,4,0.25,0.544991387110174,"0.845581421531012",-0.0791771875919047,0.738153132044881
"03013F",NA,0.598998831316185,1.15120293676242,NA,0.501563218379738,1.77577882775762,1.90222119866379,NA,5,0.2,1.18595300257595,"1.71391292029488",-0.0791771875919047,0.738153132044881
"030146",0.391800295239677,NA,NA,NA,0.372568359452453,-0.194668732642089,1.03314204175089,NA,4,0.25,0.400710490950234,"0.650119409793361",-0.0791771875919047,0.738153132044881
"030147",0.570625650471623,NA,NA,NA,NA,0.950940314101927,0.272697779452109,0.431777994283622,4,0.25,0.556510434577321,"0.861186648911455",-0.0791771875919047,0.738153132044881
"030148",0.391800295239677,NA,0.721751135915285,NA,-0.272405935183971,-0.469614903860653,0.0554279902238849,0.373083297286456,6,0.166666666666667,0.133340313270113,"0.287904354308283",-0.0791771875919047,0.738153132044881
"030152",NA,NA,NA,NA,NA,NA,NA,NA,0,NA,NA,"NaN",-0.0791771875919047,0.738153132044881
"030153",NA,NA,NA,NA,NA,NA,NA,NA,0,NA,NA,"NaN",-0.0791771875919047,0.738153132044881
"030154",-0.50232648092005,NA,NA,NA,NA,NA,0.200274516376035,NA,2,0.5,-0.151025982272008,"-0.0973358935442875",-0.0791771875919047,0.738153132044881
"030155",NA,NA,NA,NA,NA,NA,NA,NA,0,NA,NA,"NaN",-0.0791771875919047,0.738153132044881
"03033F",NA,NA,NA,NA,2.1139989549708,1.54665701840882,1.03314204175089,NA,3,0.333333333333333,1.56459933837684,"2.22687739793915",-0.0791771875919047,0.738153132044881
"031300",0.749451005703569,NA,NA,NA,NA,NA,0.888295515598744,NA,2,0.5,0.818873260651157,"1.21661808269406",-0.0791771875919047,0.738153132044881
"031301",NA,NA,NA,NA,NA,NA,NA,NA,0,NA,NA,"NaN",-0.0791771875919047,0.738153132044881
"031302",NA,NA,NA,NA,NA,NA,NA,NA,0,NA,NA,"NaN",-0.0791771875919047,0.738153132044881
"031304",NA,NA,NA,NA,NA,NA,NA,NA,0,NA,NA,"NaN",-0.0791771875919047,0.738153132044881
"031305",NA,NA,NA,NA,NA,NA,NA,NA,0,NA,NA,"NaN",-0.0791771875919047,0.738153132044881
"031308",NA,NA,NA,NA,NA,NA,NA,NA,0,NA,NA,"NaN",-0.0791771875919047,0.738153132044881
"031309",-0.859977191383941,NA,NA,NA,NA,NA,-0.342899956694526,NA,2,0.5,-0.601438574039233,"-0.707524446859049",-0.0791771875919047,0.738153132044881
"031311",-0.50232648092005,NA,NA,NA,NA,NA,-0.56016974592275,NA,2,0.5,-0.5312481134214,"-0.612435152279499",-0.0791771875919047,0.738153132044881
"031312",-0.859977191383941,NA,NA,NA,NA,NA,NA,NA,1,1,-0.859977191383941,"-1.05777510098618",-0.0791771875919047,0.738153132044881
"031313",NA,NA,NA,NA,NA,NA,NA,NA,0,NA,NA,"NaN",-0.0791771875919047,0.738153132044881
"031314",-0.144675770456158,NA,0.206408974898728,NA,0.114578641597884,0.355223609795039,-0.777439535150975,NA,5,0.2,-0.0491808158630964,"0.0406370581205967",-0.0791771875919047,0.738153132044881
"031315",-0.144675770456158,NA,NA,NA,NA,NA,-0.270476693618452,NA,2,0.5,-0.207576232037305,"-0.173946351876474",-0.0791771875919047,0.738153132044881
"031317",-1.39645325707978,NA,NA,NA,-1.6913493833841,NA,-1.2844023766835,NA,3,0.333333333333333,-1.45740167238246,"-1.86712543096919",-0.0791771875919047,0.738153132044881
"031318",0.212974940007734,NA,NA,NA,-0.014416217329402,-1.38610214125587,-0.379111588232563,0.0209151153034555,5,0.2,-0.309147978301328,"-0.311548892398984",-0.0791771875919047,0.738153132044881
"031319",-0.144675770456158,NA,NA,NA,NA,NA,NA,NA,1,1,-0.144675770456158,"-0.0887330555420189",-0.0791771875919047,0.738153132044881
"031320",0.570625650471623,NA,NA,NA,NA,NA,NA,NA,1,1,0.570625650471623,"0.880308989902137",-0.0791771875919047,0.738153132044881
"040001",0.0341495847757862,NA,NA,NA,NA,-0.103020008902567,-1.35682563975957,NA,3,0.333333333333333,-0.475232021295452,"-0.536548334633993",-0.0791771875919047,0.738153132044881
"040002",0.0341495847757862,NA,NA,NA,0.695055506770665,0.171926162315996,-0.596381377460788,NA,4,0.25,0.0761874691004149,"0.210477541783123",-0.0791771875919047,0.738153132044881
"040004",1.10710171616746,-1.60686395006408,-0.0512621056095504,0.0710226556471613,-0.981877659284037,-0.240493094511849,-0.0894185359282648,-0.507337157671043,8,0.125,-0.287391016406776,"-0.282074030137979",-0.0791771875919047,0.738153132044881
"040007",1.10710171616746,-0.0987476705406014,-1.08194642764267,-0.527133930886914,-0.465898223574898,-0.103020008902567,-0.125630167466301,-0.389947763676711,8,0.125,-0.2106528095654,"-0.178114291284347",-0.0791771875919047,0.738153132044881
"040010",1.46475242663135,0.514423497757788,-1.25372714798152,-0.287871296273283,-0.981877659284037,0.721818504753124,-0.0894185359282648,0.725251479269456,8,0.125,0.101668908618077,"0.244998074734154",-0.0791771875919047,0.738153132044881
"040011",0.0341495847757862,NA,NA,NA,0.501563218379738,0.905115952232167,-0.234265062080414,NA,4,0.25,0.301640923326819,"0.51590665186742",-0.0791771875919047,0.738153132044881
"040014",-1.39645325707978,1.03352618281265,-1.8549596691675,NA,-0.852882800356752,-0.194668732642089,-0.198053430542376,-1.44645230962571,7,0.142857142857143,-0.701420573800222,"-0.842973306208886",-0.0791771875919047,0.738153132044881
"040016",0.749451005703569,-0.265740803638052,-0.308933186117829,NA,0.114578641597884,-0.240493094511849,0.272697779452109,-0.918200036651212,7,0.142857142857143,-0.0852342420236257,"-0.00820568818145009",-0.0791771875919047,0.738153132044881
"040017",-1.93292932277561,NA,NA,NA,-2.91680054319331,0.263574886055518,-2.95013742743322,-0.213863672685211,5,0.2,-1.55003121600637,"-1.99261367941338",-0.0791771875919047,0.738153132044881
"040018",NA,NA,NA,NA,NA,NA,NA,NA,0,NA,NA,"NaN",-0.0791771875919047,0.738153132044881
"040019",-0.681151836151995,NA,NA,NA,NA,NA,-1.42924890283565,NA,2,0.5,-1.05520036949382,"-1.32225027508597",-0.0791771875919047,0.738153132044881
"040020",-1.39645325707978,0.120457785825043,-1.76906930899807,-2.68049764240959,-1.82034424231139,-0.469614903860653,-1.5740954289878,-1.97470458260021,8,0.125,-1.44554019755281,"-1.85105630612948",-0.0791771875919047,0.738153132044881
"040022",-0.323501125688104,-1.6206721677879,-0.308933186117829,NA,-1.11087251821132,-0.469614903860653,-0.451534851308639,-1.73992579461154,7,0.142857142857143,-0.860722078226571,"-1.05878422336241",-0.0791771875919047,0.738153132044881
"040026",-0.681151836151995,0.419492000906523,-0.824275347134387,0.669179242181237,-2.46531853694781,-1.56939958873491,-0.0894185359282648,0.901335570260955,8,0.125,-0.454944628943582,"-0.509064345917901",-0.0791771875919047,0.738153132044881
"040027",-1.21762790184783,-1.5883091574977,-0.394823546287255,0.908441876794867,-2.78780568426602,-1.38610214125587,-1.64651869206387,-2.09209397659454,8,0.125,-1.27560490287728,"-1.62083944827403",-0.0791771875919047,0.738153132044881
"040029",-0.859977191383941,-0.220864096035636,0.635860775745859,NA,-0.0789136467930435,0.171926162315996,-1.61030706052583,-1.27036821863421,7,0.142857142857143,-0.461806182187259,"-0.518359914744749",-0.0791771875919047,0.738153132044881
"040036",-1.03880254661589,-0.999302370215997,-0.223042825948403,0.429916607567607,-0.272405935183971,-1.56939958873491,-1.53788379744976,-2.50295685557471,8,0.125,-0.964234664019504,"-1.19901608217221",-0.0791771875919047,0.738153132044881
"040039",-1.57527861231172,NA,-0.652494626795534,NA,-1.30436480660225,-0.148844370772328,0.272697779452109,0.549167388277956,6,0.166666666666667,-0.476519541458628,"-0.538292579977246",-0.0791771875919047,0.738153132044881
"040041",-1.21762790184783,NA,0.807641496084711,NA,0.179076071061526,0.0802774385764748,0.707237357908557,-0.624726551665378,6,0.166666666666667,-0.0113536816469901,"0.0918827042798361",-0.0791771875919047,0.738153132044881
"040050",-1.03880254661589,NA,NA,NA,NA,-0.0113712851630466,-0.849862798227049,NA,3,0.333333333333333,-0.633345543335328,"-0.75074985350022",-0.0791771875919047,0.738153132044881
"040051",1.46475242663135,NA,NA,NA,1.01754265408888,1.13423776158097,0.489967568680334,NA,4,0.25,1.02662510274538,"1.49806624443077",-0.0791771875919047,0.738153132044881
"040055",-1.03880254661589,0.208916680618266,-0.137152465778977,-0.0486086616596539,-0.143411076256686,0.492696695404321,0.707237357908557,0.0209151153034555,8,0.125,0.00772388736542463,"0.117727706060923",-0.0791771875919047,0.738153132044881
"040062",0.212974940007734,2.07777264817655,-1.5113982284898,-1.00565920011418,-1.23986737713861,-1.1111559700373,-0.16184179900434,0.255693903292122,8,0.125,-0.310435135413477,"-0.313292645905228",-0.0791771875919047,0.738153132044881
"040067",-0.50232648092005,NA,NA,NA,NA,-2.34841374052084,-1.97242337590621,NA,3,0.333333333333333,-1.6077211991157,"-2.07076817148946",-0.0791771875919047,0.738153132044881
"040069",0.212974940007734,NA,NA,NA,0.630558077307023,NA,-0.234265062080414,NA,3,0.333333333333333,0.203089318411447,"0.382395594829218",-0.0791771875919047,0.738153132044881
"040071",-1.03880254661589,-0.428850375500677,-0.308933186117829,NA,-2.33632367802053,0.630169781013603,-0.16184179900434,-3.08990382554638,7,0.142857142857143,-0.962069375684576,"-1.19608269580436",-0.0791771875919047,0.738153132044881
"040072",0.391800295239677,NA,NA,NA,NA,0.538521057274082,-1.17576748206939,NA,3,0.333333333333333,-0.0818153765185424,"-0.00357404014439282",-0.0791771875919047,0.738153132044881
"040076",0.391800295239677,NA,NA,NA,NA,NA,-0.016995272852189,NA,2,0.5,0.187402511193744,"0.361144168076822",-0.0791771875919047,0.738153132044881
"040078",-1.75410396754367,-0.10651479301025,-1.08194642764267,-0.287871296273283,-0.78838537089311,-1.38610214125587,-1.39303727129761,-1.32906291563138,8,0.125,-1.01587802294348,"-1.26897901626003",-0.0791771875919047,0.738153132044881
"040084",-1.03880254661589,NA,0.0346282545598759,NA,-2.72330825480238,0.263574886055518,-0.198053430542376,-1.56384170362004,6,0.166666666666667,-0.870967132494216,"-1.07266353081622",-0.0791771875919047,0.738153132044881
"040088",-2.11175467800756,NA,0.120518614729302,NA,1.08204008355252,-0.790385436948978,-1.2844023766835,0.138304509297789,6,0.166666666666667,-0.474279880676738,"-0.535258438842213",-0.0791771875919047,0.738153132044881
"04009F",NA,NA,NA,NA,0.630558077307023,0.996764675971688,0.272697779452109,NA,3,0.333333333333333,0.63334017757694,"0.965270394768877",-0.0791771875919047,0.738153132044881
"04010F",NA,0.103197513670269,0.721751135915285,NA,0.243573500525168,0.584345419143842,0.924507147136782,NA,5,0.2,0.515474943278269,"0.805594537305327",-0.0791771875919047,0.738153132044881
"040114",-0.144675770456158,-1.45626807551367,0.0346282545598759,-0.407502613580099,-1.36886223606589,-0.103020008902567,0.0554279902238849,-1.44645230962571,8,0.125,-0.604590596170042,"-0.711794593518289",-0.0791771875919047,0.738153132044881
"040118",0.749451005703569,-1.10717907118334,-0.996056067473239,-3.39828554625048,0.0500812121342405,-0.515439265730414,0.743448989446595,0.0209151153034555,8,0.125,-0.556632953506202,"-0.64682481884432",-0.0791771875919047,0.738153132044881
"040119",-0.323501125688104,0.306437218292746,-1.16783678781209,NA,0.243573500525168,-0.607087989469935,-0.0532069043902274,0.666556782272289,7,0.142857142857143,-0.133580758038594,"-0.0737022822025785",-0.0791771875919047,0.738153132044881
"040132",NA,NA,NA,NA,NA,NA,NA,NA,0,NA,NA,"NaN",-0.0791771875919047,0.738153132044881
"040134",-1.03880254661589,-1.2698571362421,0.0346282545598759,-1.00565920011418,0.243573500525168,0.355223609795039,0.743448989446595,NA,7,0.142857142857143,-0.276777789806498,"-0.267695947678481",-0.0791771875919047,0.738153132044881
"040137",-0.859977191383941,0.381519402166018,NA,NA,NA,-0.103020008902567,1.61252814635949,-0.918200036651212,5,0.2,0.0225700623175582,"0.13784030100583",-0.0791771875919047,0.738153132044881
"040147",-0.50232648092005,NA,NA,NA,NA,NA,NA,NA,1,1,-0.50232648092005,"-0.573254078264098",-0.0791771875919047,0.738153132044881
"040153",0.391800295239677,NA,NA,NA,NA,NA,1.03314204175089,NA,2,0.5,0.712471168495286,"1.07247171585402",-0.0791771875919047,0.738153132044881
"040154",-0.50232648092005,NA,-0.223042825948403,NA,-1.17536994767496,0.4010479716648,0.417544305604259,-0.155168975688045,6,0.166666666666667,-0.206219325493734,"-0.172108106552212",-0.0791771875919047,0.738153132044881
"040156",-0.144675770456158,NA,NA,NA,NA,NA,-0.487746482846675,NA,2,0.5,-0.316211126651417,"-0.321117568657963",-0.0791771875919047,0.738153132044881
"040161",-0.859977191383941,NA,0.292299335068155,NA,-0.014416217329402,-1.61522395060467,-0.125630167466301,NA,5,0.2,-0.464589638343232,"-0.522130753118438",-0.0791771875919047,0.738153132044881
"040164",NA,NA,NA,NA,NA,NA,NA,NA,0,NA,NA,"NaN",-0.0791771875919047,0.738153132044881
"041300",0.0341495847757862,NA,NA,NA,NA,0.309399247925278,-0.0532069043902274,NA,3,0.333333333333333,0.096780642770279,"0.238375782372871",-0.0791771875919047,0.738153132044881
"041302",-1.21762790184783,NA,NA,NA,NA,NA,-1.46546053437368,NA,2,0.5,-1.34154421811076,"-1.71016957825778",-0.0791771875919047,0.738153132044881
"041303",-0.50232648092005,NA,NA,NA,NA,NA,NA,NA,1,1,-0.50232648092005,"-0.573254078264098",-0.0791771875919047,0.738153132044881
"041305",0.0341495847757862,NA,NA,NA,NA,NA,0.453755937142296,NA,2,0.5,0.243952760959041,"0.437754626409008",-0.0791771875919047,0.738153132044881
"041306",-2.46940538847145,NA,NA,NA,NA,NA,NA,NA,1,1,-2.46940538847145,"-3.23811970323553",-0.0791771875919047,0.738153132044881
"041307",-0.50232648092005,NA,NA,NA,NA,NA,-0.198053430542376,NA,2,0.5,-0.350189955731213,"-0.367149790977017",-0.0791771875919047,0.738153132044881
"041308",NA,NA,NA,NA,NA,NA,NA,NA,0,NA,NA,"NaN",-0.0791771875919047,0.738153132044881
"041309",-0.144675770456158,NA,NA,NA,NA,NA,NA,NA,1,1,-0.144675770456158,"-0.0887330555420189",-0.0791771875919047,0.738153132044881
"041310",-0.859977191383941,NA,NA,NA,NA,NA,-0.813651166689013,NA,2,0.5,-0.836814179036477,"-1.02639541655228",-0.0791771875919047,0.738153132044881
"041311",-1.03880254661589,NA,NA,NA,NA,-0.377966180121132,-2.29832805974854,NA,3,0.333333333333333,-1.23836559549519,"-1.57039015020098",-0.0791771875919047,0.738153132044881
"041312",-0.144675770456158,NA,NA,NA,NA,-1.24862905564658,0.0192163586858474,NA,3,0.333333333333333,-0.458029489138965,"-0.513243506123911",-0.0791771875919047,0.738153132044881
"041313",0.0341495847757862,NA,NA,NA,0.243573500525168,NA,0.12785125329996,NA,3,0.333333333333333,0.135191446200305,"0.290412144155442",-0.0791771875919047,0.738153132044881
"041317",-1.03880254661589,NA,NA,NA,NA,NA,NA,NA,1,1,-1.03880254661589,"-1.30003561234722",-0.0791771875919047,0.738153132044881
"041318",0.0341495847757862,NA,NA,NA,NA,0.44687233353456,0.671025726370521,NA,3,0.333333333333333,0.384015881560289,"0.627502680736483",-0.0791771875919047,0.738153132044881
"041320",-0.681151836151995,NA,NA,NA,NA,NA,NA,NA,1,1,-0.681151836151995,"-0.815514589625137",-0.0791771875919047,0.738153132044881
"041321",0.928276360935514,NA,NA,NA,NA,NA,-0.234265062080414,NA,2,0.5,0.34700564942755,"0.577363718336891",-0.0791771875919047,0.738153132044881
"041322",-0.144675770456158,NA,NA,NA,NA,NA,-1.82757684975406,NA,2,0.5,-0.986126310105109,"-1.22867340547714",-0.0791771875919047,0.738153132044881
"041323",-0.50232648092005,NA,NA,NA,0.114578641597884,0.44687233353456,-0.777439535150975,NA,4,0.25,-0.179578760234645,"-0.136017268347289",-0.0791771875919047,0.738153132044881
"041324",0.0341495847757862,NA,NA,NA,NA,NA,-0.306688325156488,NA,2,0.5,-0.136269370190351,"-0.0773446323262029",-0.0791771875919047,0.738153132044881
"041326",0.391800295239677,NA,NA,NA,NA,NA,-1.03092095591724,NA,2,0.5,-0.31956033033878,"-0.325654843570127",-0.0791771875919047,0.738153132044881
"041327",-2.11175467800756,NA,NA,NA,NA,NA,-0.922286061303123,NA,2,0.5,-1.51702036965534,"-1.94789281470666",-0.0791771875919047,0.738153132044881
"041328",-0.144675770456158,NA,NA,NA,NA,NA,-1.39303727129761,NA,2,0.5,-0.768856520876884,"-0.934330971914167",-0.0791771875919047,0.738153132044881
"041329",0.749451005703569,NA,NA,NA,NA,NA,0.417544305604259,NA,2,0.5,0.583497655653914,"0.897747113000839",-0.0791771875919047,0.738153132044881
"041330",-0.323501125688104,NA,NA,NA,0.888547795161592,-1.93599448369299,-0.958497692841162,NA,4,0.25,-0.582361376765167,"-0.681679948683965",-0.0791771875919047,0.738153132044881
"041331",-0.859977191383941,NA,NA,NA,NA,NA,NA,NA,1,1,-0.859977191383941,"-1.05777510098618",-0.0791771875919047,0.738153132044881
"041332",-1.39645325707978,NA,NA,NA,NA,NA,-1.03092095591724,NA,2,0.5,-1.21368710649851,"-1.53695740037532",-0.0791771875919047,0.738153132044881
"041334",NA,NA,NA,NA,NA,NA,NA,NA,0,NA,NA,"NaN",-0.0791771875919047,0.738153132044881
"050002",-0.50232648092005,NA,-0.910165707303813,NA,-1.43335966552953,-0.0113712851630466,-1.21197911360742,0.0796098123006222,6,0.166666666666667,-0.664932073370541,"-0.793541150676878",-0.0791771875919047,0.738153132044881
"050006",0.928276360935514,0.710327586714486,0.37818969523758,0.310285290260791,1.6625169487253,-0.469614903860653,0.0554279902238849,-2.20948337058888,8,0.125,0.170740699706003,"0.338571871402305",-0.0791771875919047,0.738153132044881
"050007",2.00122849232719,0.796628947488362,1.06531257659299,-0.0486086616596539,1.34002980140709,1.40918393279953,0.634814094832484,1.07741966125246,8,0.125,1.03450110563006,"1.50873612110373",-0.0791771875919047,0.738153132044881
"050008",0.0341495847757862,NA,NA,NA,NA,0.126101800446235,0.345121042528184,0.725251479269456,4,0.25,0.307655976754915,"0.524055439926387",-0.0791771875919047,0.738153132044881
"050009",0.749451005703569,-0.756364039637537,-0.0512621056095504,0.788810559488052,-0.207908505720328,-0.92785852255826,-1.24819074514546,-0.389947763676711,8,0.125,-0.255408764644528,"-0.238746635897101",-0.0791771875919047,0.738153132044881
"050013",1.10710171616746,0.918313866179527,2.18188725879553,-0.0486086616596539,0.114578641597884,-0.561263627600174,0.562390831756408,-0.918200036651212,8,0.125,0.419524998573221,"0.675608033774222",-0.0791771875919047,0.738153132044881
"050014",1.2859270713994,NA,NA,NA,0.759552936234307,0.767642866622885,0.707237357908557,-0.448642460673878,5,0.2,0.614343554298255,"0.939535052799848",-0.0791771875919047,0.738153132044881
"050017",0.749451005703569,0.332759133328779,0.120518614729302,0.788810559488052,-0.78838537089311,-0.377966180121132,-0.813651166689013,0.0209151153034555,8,0.125,0.00405646385623772,"0.112759328430353",-0.0791771875919047,0.738153132044881
"050022",0.928276360935514,2.13732058711052,0.635860775745859,0.788810559488052,0.30807092998881,0.813467228492645,0.634814094832484,0.666556782272289,8,0.125,0.864147164858272,"1.27795210979721",-0.0791771875919047,0.738153132044881
"050024",0.749451005703569,NA,0.549970415576432,NA,0.243573500525168,1.59248138027858,-0.596381377460788,0.373083297286456,6,0.166666666666667,0.485363036984902,"0.764800960761191",-0.0791771875919047,0.738153132044881
"050025",2.35887920279108,2.95632050085461,2.35366797913438,1.38696714602213,1.14653751301616,1.86742755149714,1.79358630404968,1.48828254023262,8,0.125,1.91895859219973,"2.70693937754658",-0.0791771875919047,0.738153132044881
"050026",0.570625650471623,-0.194542180999604,-0.566604266626108,0.190653972953976,-0.594893082502183,0.950940314101927,0.236486147914072,0.607862085275123,8,0.125,0.150066080073603,"0.310563293324304",-0.0791771875919047,0.738153132044881
"050028",-0.323501125688104,NA,NA,NA,-0.723887941429468,-0.423790541990892,0.0916396217619223,NA,4,0.25,-0.344884996836635,"-0.359962991024165",-0.0791771875919047,0.738153132044881
"050030",0.928276360935514,0.534704317539649,-1.33961750815094,NA,2.43648610228901,1.54665701840882,1.28662346251716,-0.331253066679545,7,0.142857142857143,0.723125240979951,"1.08690513355849",-0.0791771875919047,0.738153132044881
"050036",-0.50232648092005,-0.873733890290008,-1.5113982284898,-1.48418446934144,-0.014416217329402,-0.28631745638161,-1.75515358667798,-1.15297882463988,8,0.125,-0.94756364425877,"-1.17643131075148",-0.0791771875919047,0.738153132044881
"050038",1.82240313709524,-1.75573379739902,0.292299335068155,-0.287871296273283,0.759552936234307,1.50083265653905,0.272697779452109,0.901335570260955,8,0.125,0.43818954012219,"0.700893493848426",-0.0791771875919047,0.738153132044881
"050039",1.46475242663135,-1.25734343892989,0.206408974898728,0.310285290260791,-0.272405935183971,0.171926162315996,0.308909410990147,-0.56603185466821,8,0.125,0.0458126295393683,"0.169327761009451",-0.0791771875919047,0.738153132044881
"050040",-0.144675770456158,NA,NA,NA,NA,1.18006212345073,0.598602463294446,0.490472691280789,4,0.25,0.531115376892452,"0.826783140232277",-0.0791771875919047,0.738153132044881
"050042",0.391800295239677,NA,NA,NA,-1.11087251821132,-0.194668732642089,-0.234265062080414,0.255693903292122,5,0.2,-0.178462422880405,"-0.134504929909941",-0.0791771875919047,0.738153132044881
"050043",1.6435777818633,1.89049869529724,1.7524354579484,0.788810559488052,1.46902466033437,0.630169781013603,0.236486147914072,0.842640873263789,8,0.125,1.15670549464035,"1.67429037225451",-0.0791771875919047,0.738153132044881
"050045",-2.6482307437034,NA,-0.223042825948403,NA,-0.014416217329402,-0.28631745638161,-1.13955585053135,0.373083297286456,6,0.166666666666667,-0.656413299434617,"-0.78200049120379",-0.0791771875919047,0.738153132044881
"050047",1.10710171616746,-0.818069512590858,1.15120293676242,0.908441876794867,-0.336903364647613,0.813467228492645,-0.0894185359282648,-1.15297882463988,8,0.125,0.197855440051347,"0.375305089982884",-0.0791771875919047,0.738153132044881
"050054",-0.144675770456158,NA,NA,NA,-2.01383653070232,-0.0571956470328073,-0.270476693618452,NA,4,0.25,-0.621546160452433,"-0.734764846635579",-0.0791771875919047,0.738153132044881
"050055",0.749451005703569,0.462211174489593,NA,NA,-0.014416217329402,0.767642866622885,1.06935367328893,NA,5,0.2,0.606848500555115,"0.929381260290187",-0.0791771875919047,0.738153132044881
"050056",-0.50232648092005,-0.794768145181911,0.979422216423564,NA,-1.04637508874768,-1.15698033190706,-2.95013742743322,0.901335570260955,7,0.142857142857143,-0.652832812500772,"-0.777149889372803",-0.0791771875919047,0.738153132044881
"050057",-0.323501125688104,-2.84615149077694,-0.996056067473239,0.788810559488052,-0.014416217329402,-1.15698033190706,-0.886074429765087,0.607862085275123,8,0.125,-0.603313377272083,"-0.710064303633288",-0.0791771875919047,0.738153132044881
"050058",0.391800295239677,0.835033053032736,1.06531257659299,NA,1.46902466033437,1.40918393279953,0.924507147136782,0.431777994283622,7,0.142857142857143,0.932377094202816,"1.37038540904439",-0.0791771875919047,0.738153132044881
"050060",0.570625650471623,-1.60988449769117,-0.566604266626108,-0.168239978966468,0.30807092998881,-0.423790541990892,-0.415323219770601,0.0796098123006222,8,0.125,-0.278192014035523,"-0.269611843131105",-0.0791771875919047,0.738153132044881
"050063",0.212974940007734,1.44734120772339,0.0346282545598759,NA,1.01754265408888,1.72995446588786,0.12785125329996,0.314388600289289,7,0.142857142857143,0.697811625122426,"1.05261195676548",-0.0791771875919047,0.738153132044881
"050067",-0.323501125688104,NA,NA,NA,NA,0.263574886055518,-0.922286061303123,NA,3,0.333333333333333,-0.327404100311903,"-0.336281053271892",-0.0791771875919047,0.738153132044881
"050069",0.749451005703569,0.890697430731887,-0.223042825948403,0.788810559488052,0.759552936234307,1.59248138027858,0.888295515598744,1.42958784323546,8,0.125,0.859479230665274,"1.27162830787814",-0.0791771875919047,0.738153132044881
"050070",-0.144675770456158,NA,NA,NA,NA,NA,NA,NA,1,1,-0.144675770456158,"-0.0887330555420189",-0.0791771875919047,0.738153132044881
"050071",-0.323501125688104,NA,NA,NA,NA,NA,-0.56016974592275,1.01872496425529,3,0.333333333333333,0.0450180308814782,"0.168251292424011",-0.0791771875919047,0.738153132044881
"050072",0.0341495847757862,NA,NA,NA,NA,NA,NA,NA,1,1,0.0341495847757862,"0.153527455819019",-0.0791771875919047,0.738153132044881
"050073",-0.144675770456158,NA,NA,NA,NA,-1.52357522686515,-0.994709324379199,NA,3,0.333333333333333,-0.887653440566835,"-1.09526901380915",-0.0791771875919047,0.738153132044881
"050075",0.212974940007734,NA,1.06531257659299,NA,-0.014416217329402,0.309399247925278,0.381332674066222,-1.03558943064554,6,0.166666666666667,0.15316896510288,"0.314766872357669",-0.0791771875919047,0.738153132044881
"050076",0.0341495847757862,NA,NA,NA,NA,NA,NA,NA,1,1,0.0341495847757862,"0.153527455819019",-0.0791771875919047,0.738153132044881
"050077",1.46475242663135,1.4542453165853,0.292299335068155,-0.0486086616596539,0.82405036569795,1.13423776158097,0.417544305604259,-2.50295685557471,8,0.125,0.379445499241702,"0.621311035507091",-0.0791771875919047,0.738153132044881
"050078",-0.144675770456158,NA,NA,NA,-0.465898223574898,1.13423776158097,0.815872252522671,0.607862085275123,5,0.2,0.389479621069541,"0.63490458594024",-0.0791771875919047,0.738153132044881
"050082",1.46475242663135,1.89179321570885,1.7524354579484,0.190653972953976,1.01754265408888,0.721818504753124,0.12785125329996,0.0209151153034555,8,0.125,0.898470325085999,"1.32445080869543",-0.0791771875919047,0.738153132044881
"050084",0.391800295239677,1.4965329833645,-1.08194642764267,0.0710226556471613,1.27553237194345,0.0344530767067141,-0.379111588232563,0.373083297286456,8,0.125,0.27267083303909,"0.476659930516426",-0.0791771875919047,0.738153132044881
"050089",-0.144675770456158,NA,NA,NA,NA,0.630169781013603,0.453755937142296,NA,3,0.333333333333333,0.313083315899914,"0.531408032375548",-0.0791771875919047,0.738153132044881
"050090",-1.03880254661589,NA,NA,NA,0.243573500525168,-0.377966180121132,-0.0894185359282648,-1.56384170362004,5,0.2,-0.565291093152032,"-0.658554281566837",-0.0791771875919047,0.738153132044881
"050091",-0.323501125688104,NA,NA,NA,NA,1.31753520906001,1.28662346251716,NA,3,0.333333333333333,0.760219181963022,"1.13715749905385",-0.0791771875919047,0.738153132044881
"050093",0.212974940007734,-1.03209688731007,-0.910165707303813,-1.2449218347278,1.01754265408888,0.0802774385764748,-0.415323219770601,0.314388600289289,8,0.125,-0.247165502018739,"-0.227579220535801",-0.0791771875919047,0.738153132044881
"050099",-0.859977191383941,0.296081054999882,1.15120293676242,0.310285290260791,-0.014416217329402,0.950940314101927,-0.016995272852189,-0.507337157671043,8,0.125,0.163722969611055,"0.329064724727323",-0.0791771875919047,0.738153132044881
"050100",1.2859270713994,0.227039966380781,0.292299335068155,0.669179242181237,0.372568359452453,1.31753520906001,0.272697779452109,0.960030267258122,8,0.125,0.674659653781534,"1.02124722994145",-0.0791771875919047,0.738153132044881
"050101",0.928276360935514,0.49802623921075,0.206408974898728,NA,1.14653751301616,-0.148844370772328,0.308909410990147,0.607862085275123,7,0.142857142857143,0.506739459079157,"0.793760293406757",-0.0791771875919047,0.738153132044881
"050102",0.391800295239677,NA,NA,NA,0.0500812121342405,0.0802774385764748,-0.270476693618452,NA,4,0.25,0.0629205630829852,"0.192504433709089",-0.0791771875919047,0.738153132044881
"050103",0.749451005703569,0.682711151266845,0.807641496084711,NA,0.179076071061526,1.08841339971121,-0.0894185359282648,1.48828254023262,7,0.142857142857143,0.700879589733174,"1.05676822797475",-0.0791771875919047,0.738153132044881
"050104",0.391800295239677,0.114416690570872,0.464080055407006,NA,0.30807092998881,1.40918393279953,0.707237357908557,0.196999206294956,7,0.142857142857143,0.51311263831563,"0.802394246119006",-0.0791771875919047,0.738153132044881
"050107",0.928276360935514,-0.683007882979741,-3.14331507170889,-0.646765248193729,-0.530395653038541,0.171926162315996,0.272697779452109,-1.15297882463988,8,0.125,-0.597945297232145,"-0.702791991416625",-0.0791771875919047,0.738153132044881
"050108",1.10710171616746,0.311615299939179,0.979422216423564,0.429916607567607,-0.465898223574898,-0.423790541990892,-0.0894185359282648,0.842640873263789,8,0.125,0.336448676483443,"0.563061844530759",-0.0791771875919047,0.738153132044881
"050110",-2.2905800332395,NA,NA,NA,-0.917380229820394,-1.20280469377682,-3.16740721666144,-2.26817806758604,5,0.2,-1.96927004821684,"-2.56057012911247",-0.0791771875919047,0.738153132044881
"050112",1.82240313709524,1.20569739755653,0.635860775745859,NA,1.27553237194345,1.77577882775762,1.86600956712575,1.42958784323546,7,0.142857142857143,1.43012427435142,"2.04469966517944",-0.0791771875919047,0.738153132044881
"050113",-0.323501125688104,NA,NA,NA,NA,-0.744561075079217,NA,NA,2,0.5,-0.53403110038366,"-0.61620535502124",-0.0791771875919047,0.738153132044881
"050115",0.749451005703569,-1.78680228727762,-0.824275347134387,-0.0486086616596539,-1.23986737713861,-0.561263627600174,-0.0894185359282648,-0.272558369682376,8,0.125,-0.509167900089689,"-0.582522370807525",-0.0791771875919047,0.738153132044881
"050116",0.749451005703569,1.31486861893549,0.893531856254137,0.908441876794867,0.0500812121342405,0.950940314101927,1.28662346251716,0.842640873263789,8,0.125,0.874572402463147,"1.29207551746466",-0.0791771875919047,0.738153132044881
"050118",0.391800295239677,NA,NA,NA,0.179076071061526,0.996764675971688,-0.306688325156488,0.607862085275123,5,0.2,0.373762960478305,"0.61361271585402",-0.0791771875919047,0.738153132044881
"050121",0.391800295239677,-0.716233906877684,-0.480713906456682,NA,-0.401400794111256,-0.0571956470328073,-0.379111588232563,-1.15297882463988,7,0.142857142857143,-0.399404910301599,"-0.433822886888765",-0.0791771875919047,0.738153132044881
"050122",-1.03880254661589,NA,-0.394823546287255,-2.68049764240959,0.437065788916096,-1.38610214125587,-1.21197911360742,NA,6,0.166666666666667,-1.04585653354332,"-1.30959187732965",-0.0791771875919047,0.738153132044881
"050124",0.749451005703569,0.0958618980044886,0.464080055407006,NA,0.437065788916096,1.72995446588786,1.64873977789753,1.13611435824962,7,0.142857142857143,0.894466764295167,"1.31902705498224",-0.0791771875919047,0.738153132044881
"050125",1.6435777818633,0.360375568776418,0.206408974898728,NA,0.114578641597884,1.54665701840882,-0.125630167466301,1.01872496425529,7,0.142857142857143,0.680670397476304,"1.02939017946483",-0.0791771875919047,0.738153132044881
"050126",-0.144675770456158,0.733628954123432,-0.137152465778977,NA,-0.594893082502183,1.72995446588786,0.0554279902238849,-0.918200036651212,7,0.142857142857143,0.103441436406664,"0.247399375645357",-0.0791771875919047,0.738153132044881
"050127",0.570625650471623,NA,NA,NA,0.56606064784338,-1.66104831247443,-0.0894185359282648,1.13611435824962,5,0.2,0.104466761632386,"0.248788416998988",-0.0791771875919047,0.738153132044881
"050128",-0.859977191383941,-0.500480504942994,-0.652494626795534,NA,-2.27182624855689,0.44687233353456,-0.741227903612937,-0.859505339654043,7,0.142857142857143,-0.776948497344539,"-0.945293435008021",-0.0791771875919047,0.738153132044881
"050129",0.0341495847757862,-0.128090133203719,-0.480713906456682,-1.72344710395506,-0.0789136467930435,0.171926162315996,-0.487746482846675,0.666556782272289,8,0.125,-0.253284842986389,"-0.235869290308584",-0.0791771875919047,0.738153132044881
"050131",0.928276360935514,NA,NA,NA,0.437065788916096,0.0802774385764748,0.489967568680334,0.607862085275123,5,0.2,0.508689848476708,"0.796402549210981",-0.0791771875919047,0.738153132044881
"050132",0.0341495847757862,NA,-0.480713906456682,NA,-0.014416217329402,1.40918393279953,1.32283509405519,1.60567193422696,6,0.166666666666667,0.646118403678564,"0.982581472304002",-0.0791771875919047,0.738153132044881
"050133",0.212974940007734,-1.1740626257831,-0.0512621056095504,-3.03939159433003,0.56606064784338,0.492696695404321,-1.13955585053135,0.0796098123006222,8,0.125,-0.506616260087246,"-0.579065581299129",-0.0791771875919047,0.738153132044881
"050135",2.89535526848691,-0.914727036657599,2.61133905964266,NA,1.98500409604351,1.9132519133669,3.1696283024951,0.783946176266623,7,0.142857142857143,1.77768539709202,"2.51555199602001",-0.0791771875919047,0.738153132044881
"050136",0.749451005703569,NA,NA,NA,0.82405036569795,-0.469614903860653,1.21420019944108,0.373083297286456,5,0.2,0.538233992853681,"0.836426960263912",-0.0791771875919047,0.738153132044881
"050137",0.570625650471623,NA,NA,NA,NA,NA,NA,NA,1,1,0.570625650471623,"0.880308989902137",-0.0791771875919047,0.738153132044881
"050138",0.212974940007734,-0.293788745889561,NA,NA,NA,0.950940314101927,NA,1.42958784323546,4,0.25,0.574928587863889,"0.886138318811635",-0.0791771875919047,0.738153132044881
"050139",0.570625650471623,NA,NA,NA,NA,NA,NA,NA,1,1,0.570625650471623,"0.880308989902137",-0.0791771875919047,0.738153132044881
"050140",0.0341495847757862,NA,NA,NA,NA,0.996764675971688,NA,NA,2,0.5,0.515457130373737,"0.805570405585554",-0.0791771875919047,0.738153132044881
"050145",2.71652991325497,0.677533069620413,1.58065473760955,1.1477045114085,0.30807092998881,1.08841339971121,-0.270476693618452,0.607862085275123,8,0.125,0.982036494156265,"1.43766060953819",-0.0791771875919047,0.738153132044881
"050149",1.10710171616746,NA,NA,NA,NA,0.630169781013603,0.779660620984633,0.196999206294956,4,0.25,0.678482831115163,"1.02642661233198",-0.0791771875919047,0.738153132044881
"050150",0.749451005703569,NA,-0.308933186117829,NA,-0.014416217329402,-0.377966180121132,1.46768162020734,0.842640873263789,6,0.166666666666667,0.393076319267723,"0.639777149697055",-0.0791771875919047,0.738153132044881
"050152",0.749451005703569,NA,NA,NA,0.243573500525168,-0.652912351339696,0.345121042528184,0.842640873263789,5,0.2,0.305574814136203,"0.521236021396051",-0.0791771875919047,0.738153132044881
"050158",0.749451005703569,NA,NA,NA,NA,0.584345419143842,1.54010488328342,NA,3,0.333333333333333,0.957967102710276,"1.40505302392881",-0.0791771875919047,0.738153132044881
"050159",-0.681151836151995,NA,0.807641496084711,NA,0.56606064784338,-1.06533160816754,-0.379111588232563,0.842640873263789,6,0.166666666666667,0.01512466410663,"0.127753778456908",-0.0791771875919047,0.738153132044881
"050167",-0.681151836151995,-0.0288435683137616,NA,NA,-0.852882800356752,0.0344530767067141,0.0192163586858474,-0.56603185466821,6,0.166666666666667,-0.345873437349693,"-0.361302063460692",-0.0791771875919047,0.738153132044881
"050168",1.10710171616746,1.38347820075072,0.0346282545598759,0.549547924874422,-2.07833396016596,-0.423790541990892,-0.125630167466301,0.607862085275123,8,0.125,0.131857939000556,"0.285896133784378",-0.0791771875919047,0.738153132044881
"050169",0.928276360935514,0.358649541560941,-0.738384986964961,-0.287871296273283,1.53352208979802,1.04258903784145,1.10556530482697,0.138304509297789,8,0.125,0.510081320127804,"0.798287621007996",-0.0791771875919047,0.738153132044881
"050174",0.928276360935514,-0.317953126906247,-0.738384986964961,0.549547924874422,0.56606064784338,0.538521057274082,0.598602463294446,0.490472691280789,8,0.125,0.326892878953928,"0.550116295545493",-0.0791771875919047,0.738153132044881
"050179",0.212974940007734,-0.514288722666814,-1.25372714798152,NA,-1.6913493833841,0.630169781013603,-0.632593008998825,0.431777994283622,7,0.142857142857143,-0.402433649675186,"-0.437926018396447",-0.0791771875919047,0.738153132044881
"050180",1.2859270713994,-2.09360362482874,0.120518614729302,NA,0.888547795161592,1.04258903784145,1.10556530482697,-1.97470458260021,7,0.142857142857143,0.0535485166471088,"0.179807818292836",-0.0791771875919047,0.738153132044881
"050191",0.749451005703569,0.717231695576396,1.23709329693184,NA,1.14653751301616,1.59248138027858,1.06935367328893,1.37089314623829,7,0.142857142857143,1.12614881586197,"1.63289424799269",-0.0791771875919047,0.738153132044881
"050192",0.570625650471623,NA,NA,NA,NA,NA,1.21420019944108,NA,2,0.5,0.892412924956352,"1.31624465218578",-0.0791771875919047,0.738153132044881
"050194",0.391800295239677,NA,NA,NA,0.630558077307023,-0.0113712851630466,-0.668804640536862,0.725251479269456,5,0.2,0.213486785223249,"0.396481380502169",-0.0791771875919047,0.738153132044881
"050195",1.10710171616746,-0.821953073825682,-0.0512621056095504,-0.527133930886914,-0.272405935183971,0.996764675971688,-0.777439535150975,1.07741966125246,8,0.125,0.0913864340918139,"0.231068072841758",-0.0791771875919047,0.738153132044881
"050197",0.570625650471623,3.01112186494602,0.292299335068155,0.0710226556471613,-0.659390511965826,1.45500829466929,0.308909410990147,0.431777994283622,8,0.125,0.685171836763775,"1.03548842533287",-0.0791771875919047,0.738153132044881
"050204",-0.681151836151995,0.548944042067337,-0.738384986964961,NA,0.30807092998881,0.4010479716648,-0.741227903612937,-0.213863672685211,7,0.142857142857143,-0.159509350813451,"-0.108828588180619",-0.0791771875919047,0.738153132044881
"050211",1.10710171616746,NA,NA,NA,0.501563218379738,-0.836209798818738,1.14177693636501,1.19480905524679,5,0.2,0.621808225468051,"0.949647685051528",-0.0791771875919047,0.738153132044881
"050222",1.10710171616746,-0.216117521193073,-0.223042825948403,0.0710226556471613,0.82405036569795,0.630169781013603,1.50389325174538,1.48828254023262,8,0.125,0.648169995420338,"0.985360830207815",-0.0791771875919047,0.738153132044881
"050224",0.749451005703569,-0.174261361217743,-0.480713906456682,0.669179242181237,0.82405036569795,-0.423790541990892,0.489967568680334,1.72306132822129,8,0.125,0.422117962602383,"0.679120806282521",-0.0791771875919047,0.738153132044881
"050226",-0.50232648092005,0.603745406158749,0.807641496084711,-0.287871296273283,1.01754265408888,0.721818504753124,1.61252814635949,-1.50514700662288,8,0.125,0.308491427953593,"0.525187252774438",-0.0791771875919047,0.738153132044881
"050228",1.46475242663135,-0.925083199950464,-0.652494626795534,NA,1.72701437818894,1.9132519133669,0.815872252522671,0.666556782272289,7,0.142857142857143,0.715695703748022,"1.07684009839248",-0.0791771875919047,0.738153132044881
"050230",0.570625650471623,NA,NA,NA,0.630558077307023,-0.0113712851630466,0.852083884060707,NA,4,0.25,0.510474081669076,"0.798819707812511",-0.0791771875919047,0.738153132044881
"050231",0.928276360935514,0.189067367640275,1.06531257659299,-1.00565920011418,0.372568359452453,1.40918393279953,0.272697779452109,-1.56384170362004,8,0.125,0.208450684142332,"0.389658810953536",-0.0791771875919047,0.738153132044881
"050232",1.46475242663135,0.844526202717862,0.635860775745859,-0.646765248193729,0.243573500525168,-0.652912351339696,-0.198053430542376,-0.507337157671043,8,0.125,0.147955589734174,"0.307704143579071",-0.0791771875919047,0.738153132044881
"050234",0.570625650471623,NA,NA,NA,0.56606064784338,-0.561263627600174,1.46768162020734,0.725251479269456,5,0.2,0.553671154038326,"0.857340183434665",-0.0791771875919047,0.738153132044881
"050235",0.0341495847757862,0.0177591665041307,1.23709329693184,-0.168239978966468,0.501563218379738,1.08841339971121,0.924507147136782,1.95784011620996,8,0.125,0.699135743835372,"1.05440578335168",-0.0791771875919047,0.738153132044881
"050236",0.570625650471623,-0.950110594574887,0.979422216423564,NA,0.114578641597884,0.538521057274082,1.03314204175089,0.196999206294956,7,0.142857142857143,0.354739745605445,"0.587841349389502",-0.0791771875919047,0.738153132044881
"050238",0.0341495847757862,-0.705877743584819,-0.0512621056095504,0.190653972953976,1.40452723087073,0.813467228492645,0.852083884060707,1.42958784323546,8,0.125,0.495916236899366,"0.779097723121636",-0.0791771875919047,0.738153132044881
"050239",1.2859270713994,0.521759113423567,0.893531856254137,0.908441876794867,1.6625169487253,1.54665701840882,1.25041183097912,1.42958784323546,8,0.125,1.18735419490258,"1.71581116100647",-0.0791771875919047,0.738153132044881
"050242",1.10710171616746,1.70581378324115,-0.137152465778977,0.0710226556471613,0.30807092998881,0.44687233353456,0.562390831756408,1.66436663122412,8,0.125,0.716060801972586,"1.07733470880422",-0.0791771875919047,0.738153132044881
"050243",-0.323501125688104,-1.28409686076979,-1.25372714798152,0.549547924874422,-2.07833396016596,-0.882034160688499,-0.596381377460788,-0.56603185466821,8,0.125,-0.804319820318555,"-0.982374254401404",-0.0791771875919047,0.738153132044881
"050245",0.0341495847757862,-2.03535020630638,-0.910165707303813,NA,NA,0.996764675971688,0.236486147914072,-0.272558369682376,6,0.166666666666667,-0.325112312438504,"-0.333176293874542",-0.0791771875919047,0.738153132044881
"050248",0.0341495847757862,0.350882419091292,NA,NA,-0.207908505720328,0.813467228492645,0.924507147136782,0.549167388277956,6,0.166666666666667,0.410710877009022,"0.663667257285499",-0.0791771875919047,0.738153132044881
"050254",-1.03880254661589,-0.321405181337201,-0.394823546287255,NA,0.372568359452453,-0.377966180121132,-0.125630167466301,-0.976894733648377,7,0.142857142857143,-0.408993428003386,"-0.446812762953132",-0.0791771875919047,0.738153132044881
"050257",1.6435777818633,NA,NA,NA,NA,NA,-0.270476693618452,NA,2,0.5,0.686550544122422,"1.03735620492872",-0.0791771875919047,0.738153132044881
"05025F",NA,NA,0.549970415576432,NA,-0.723887941429468,-0.148844370772328,0.272697779452109,NA,4,0.25,-0.0125160292933136,"0.0903080342068345",-0.0791771875919047,0.738153132044881
"050261",-1.39645325707978,NA,0.120518614729302,NA,-2.01383653070232,-0.652912351339696,-1.79136521821602,-0.448642460673878,6,0.166666666666667,-1.0304485338804,"-1.28871816021862",-0.0791771875919047,0.738153132044881
"050262",2.00122849232719,0.119163265413436,1.92421617828725,0.310285290260791,0.953045224625234,1.31753520906001,1.86600956712575,0.0796098123006222,8,0.125,1.07138662992504,"1.55870613774892",-0.0791771875919047,0.738153132044881
"050272",-1.21762790184783,NA,NA,NA,-0.723887941429468,0.767642866622885,0.526179200218371,-3.08990382554638,5,0.2,-0.747519520396484,"-0.905425045008064",-0.0791771875919047,0.738153132044881
"050276",0.391800295239677,NA,NA,NA,0.759552936234307,1.04258903784145,-0.342899956694526,-0.331253066679545,5,0.2,0.303957849188273,"0.519045466512878",-0.0791771875919047,0.738153132044881
"050278",1.2859270713994,0.231786541223343,0.0346282545598759,NA,-0.014416217329402,1.36335957092977,0.852083884060707,0.960030267258122,7,0.142857142857143,0.673342767443118,"1.01946320128771",-0.0791771875919047,0.738153132044881
"050279",-0.144675770456158,NA,NA,NA,NA,-0.423790541990892,-1.06713258745527,NA,3,0.333333333333333,-0.545199633300775,"-0.631335728967056",-0.0791771875919047,0.738153132044881
"05027F",NA,0.294355027784403,0.807641496084711,NA,-0.014416217329402,2.41731989393427,2.66266546096258,NA,5,0.2,1.23351313228731,"1.7783441712734",-0.0791771875919047,0.738153132044881
"050280",0.391800295239677,-1.01828866958625,-0.566604266626108,-2.44123500779596,-0.0789136467930435,-0.469614903860653,0.0916396217619223,-0.507337157671043,8,0.125,-0.574819216916432,"-0.671462340004528",-0.0791771875919047,0.738153132044881
"050281",-0.50232648092005,NA,NA,NA,NA,0.217750524185757,1.28662346251716,-0.448642460673878,4,0.25,0.138351261277246,"0.294692848171679",-0.0791771875919047,0.738153132044881
"050283",1.82240313709524,1.21216999961457,0.807641496084711,-0.0486086616596539,-0.723887941429468,0.309399247925278,1.64873977789753,0.783946176266623,8,0.125,0.726475403974355,"1.09144370807503",-0.0791771875919047,0.738153132044881
"050289",-0.144675770456158,NA,-0.738384986964961,NA,0.437065788916096,-0.240493094511849,-1.24819074514546,-2.26817806758604,6,0.166666666666667,-0.700476145958063,"-0.841693859165773",-0.0791771875919047,0.738153132044881
"050290",1.2859270713994,1.44173161927308,0.464080055407006,0.0710226556471613,-0.272405935183971,1.63830574214834,1.43146998866931,1.60567193422696,8,0.125,0.95822539144841,"1.40540293606346",-0.0791771875919047,0.738153132044881
"050291",1.46475242663135,0.490690623544971,0.635860775745859,NA,0.888547795161592,0.538521057274082,0.707237357908557,-0.0964742786908779,7,0.142857142857143,0.661305108225076,"1.00315539374011",-0.0791771875919047,0.738153132044881
"050292",0.928276360935514,-0.740398287894369,NA,NA,0.0500812121342405,0.4010479716648,0.671025726370521,0.783946176266623,6,0.166666666666667,0.348996526579555,"0.580060824215843",-0.0791771875919047,0.738153132044881
"050295",-0.144675770456158,-0.316658606494639,0.807641496084711,NA,0.243573500525168,-0.515439265730414,-0.234265062080414,-0.389947763676711,7,0.142857142857143,-0.0785387816897796,"0.000864869190971908",-0.0791771875919047,0.738153132044881
"050298",-1.21762790184783,NA,NA,NA,NA,-0.423790541990892,-0.922286061303123,NA,3,0.333333333333333,-0.854568168380616,"-1.05044732200847",-0.0791771875919047,0.738153132044881
"050300",1.10710171616746,1.05941659104481,0.979422216423564,NA,0.759552936234307,0.263574886055518,0.381332674066222,0.138304509297789,7,0.142857142857143,0.669815075612811,"1.01468412269661",-0.0791771875919047,0.738153132044881
"050301",1.10710171616746,NA,NA,NA,-0.0789136467930435,0.996764675971688,0.453755937142296,0.783946176266623,5,0.2,0.652530971751005,"0.991268786350446",-0.0791771875919047,0.738153132044881
"050305",2.00122849232719,-0.613535287556772,0.893531856254137,NA,1.14653751301616,1.50083265653905,0.852083884060707,1.01872496425529,7,0.142857142857143,0.971343439842252,"1.4231743818846",-0.0791771875919047,0.738153132044881
"050308",2.35887920279108,0.281409823668322,0.37818969523758,0.908441876794867,-0.014416217329402,0.996764675971688,0.996930410212857,1.37089314623829,8,0.125,0.90963657669816,"1.3395780920834",-0.0791771875919047,0.738153132044881
"050309",1.82240313709524,1.15219055387673,0.37818969523758,NA,0.243573500525168,0.721818504753124,0.924507147136782,1.25350375224396,7,0.142857142857143,0.928026612981226,"1.36449167096658",-0.0791771875919047,0.738153132044881
"05030F",NA,0.446245422746425,0.120518614729302,NA,1.59801951926166,1.22588648532049,0.852083884060707,NA,5,0.2,0.848550785223717,"1.25682318822596",-0.0791771875919047,0.738153132044881
"050313",0.212974940007734,NA,NA,NA,0.501563218379738,0.0344530767067141,0.779660620984633,-0.389947763676711,5,0.2,0.227740818480422,"0.415791781878757",-0.0791771875919047,0.738153132044881
"050315",-0.323501125688104,NA,NA,NA,NA,-0.515439265730414,-0.125630167466301,-2.26817806758604,4,0.25,-0.808187156617716,"-0.987613460375437",-0.0791771875919047,0.738153132044881
"05031F",NA,1.23590287382739,0.979422216423564,NA,1.40452723087073,1.27171084719025,1.93843283020183,NA,5,0.2,1.36599919970275,"1.95782734578547",-0.0791771875919047,0.738153132044881
"050320",0.928276360935514,-1.05496674791515,-0.566604266626108,NA,1.53352208979802,-0.332141818251371,1.03314204175089,-1.50514700662288,7,0.142857142857143,0.00515437900984594,"0.114246709714731",-0.0791771875919047,0.738153132044881
"050324",2.18005384755913,-0.497028450512039,2.18188725879553,0.190653972953976,0.30807092998881,1.54665701840882,1.46768162020734,-1.09428412764271,8,0.125,0.785461508719857,"1.17135409818893",-0.0791771875919047,0.738153132044881
"050327",0.749451005703569,0.0238002617583027,0.37818969523758,0.549547924874422,1.08204008355252,0.630169781013603,0.0916396217619223,0.314388600289289,8,0.125,0.477403371773901,"0.754017744020037",-0.0791771875919047,0.738153132044881
"050329",0.391800295239677,NA,0.807641496084711,NA,0.243573500525168,0.309399247925278,-0.234265062080414,0.725251479269456,6,0.166666666666667,0.373900159493979,"0.613798583812466",-0.0791771875919047,0.738153132044881
"050334",0.928276360935514,-1.05798729554223,1.06531257659299,1.02807319410168,0.82405036569795,0.538521057274082,1.61252814635949,-0.0377795816937112,8,0.125,0.612624352965721,"0.937205994969027",-0.0791771875919047,0.738153132044881
"050335",0.570625650471623,-0.388720242740825,1.49476437744012,NA,-0.143411076256686,-0.148844370772328,0.489967568680334,-0.155168975688045,7,0.142857142857143,0.245601847304885,"0.439988697192228",-0.0791771875919047,0.738153132044881
"050336",0.391800295239677,-1.26769960222275,-0.566604266626108,NA,0.56606064784338,-0.332141818251371,0.453755937142296,-0.389947763676711,7,0.142857142857143,-0.163539510078798,"-0.114288375710318",-0.0791771875919047,0.738153132044881
"050342",0.0341495847757862,NA,NA,NA,0.0500812121342405,0.721818504753124,0.12785125329996,1.42958784323546,5,0.2,0.472697679639713,"0.747642790192839",-0.0791771875919047,0.738153132044881
"050348",1.46475242663135,3.92332724832589,-0.824275347134387,-0.0486086616596539,0.56606064784338,0.0344530767067141,1.14177693636501,1.37089314623829,8,0.125,0.953547434164573,"1.39906555553799",-0.0791771875919047,0.738153132044881
"050350",0.212974940007734,NA,0.206408974898728,NA,NA,0.126101800446235,1.57631651482146,0.0796098123006222,5,0.2,0.440282408494955,"0.703728770543611",-0.0791771875919047,0.738153132044881
"050351",1.46475242663135,0.0941358707890114,0.464080055407006,0.908441876794867,0.243573500525168,1.04258903784145,1.17798856790304,-0.0964742786908779,8,0.125,0.662385882150127,"1.00461955324596",-0.0791771875919047,0.738153132044881
"050352",0.0341495847757862,NA,NA,NA,NA,0.171926162315996,0.779660620984633,NA,3,0.333333333333333,0.328578789358805,"0.552400253076374",-0.0791771875919047,0.738153132044881
"050353",0.749451005703569,1.92415622599905,1.49476437744012,0.669179242181237,-0.0789136467930435,0.721818504753124,0.779660620984633,1.42958784323546,8,0.125,0.961213021688018,"1.40945037569341",-0.0791771875919047,0.738153132044881
"050357",0.570625650471623,NA,NA,NA,NA,0.538521057274082,0.526179200218371,NA,3,0.333333333333333,0.545108635988025,"0.845740262390396",-0.0791771875919047,0.738153132044881
"050360",1.10710171616746,0.2831358508838,2.01010653845668,0.549547924874422,0.56606064784338,1.50083265653905,1.7211630409736,1.54697723722979,8,0.125,1.16061570162102,"1.67958765653188",-0.0791771875919047,0.738153132044881
"050367",0.928276360935514,-0.292062718674083,-0.480713906456682,-2.68049764240959,-0.272405935183971,0.859291590362406,0.308909410990147,-0.213863672685211,8,0.125,-0.230383314140183,"-0.204843846058605",-0.0791771875919047,0.738153132044881
"050373",0.928276360935514,0.107944088512831,0.635860775745859,NA,0.372568359452453,0.309399247925278,0.381332674066222,1.07741966125246,7,0.142857142857143,0.54468588112723,"0.845167542662683",-0.0791771875919047,0.738153132044881
"050376",0.212974940007734,-0.14837095298558,-0.566604266626108,NA,-1.17536994767496,0.630169781013603,0.417544305604259,-0.389947763676711,7,0.142857142857143,-0.145657700619681,"-0.0900633081967798",-0.0791771875919047,0.738153132044881
"050378",0.0341495847757862,NA,NA,NA,NA,NA,NA,NA,1,1,0.0341495847757862,"0.153527455819019",-0.0791771875919047,0.738153132044881
"050380",0.928276360935514,1.30796451007358,-0.0512621056095504,1.02807319410168,1.01754265408888,-0.103020008902567,-0.379111588232563,0.783946176266623,8,0.125,0.566551149090199,"0.87478913066895",-0.0791771875919047,0.738153132044881
"050382",-1.57527861231172,-1.0640283907964,-2.45619219035348,-1.2449218347278,0.82405036569795,0.0802774385764748,-1.46546053437368,0.373083297286456,8,0.125,-0.816058807625277,"-0.998277441419255",-0.0791771875919047,0.738153132044881
"050390",-1.21762790184783,NA,NA,NA,0.695055506770665,0.4010479716648,-0.198053430542376,NA,4,0.25,-0.0798944634886859,"-0.000971716931951782",-0.0791771875919047,0.738153132044881
"050393",1.2859270713994,NA,1.15120293676242,NA,0.114578641597884,0.217750524185757,1.64873977789753,0.490472691280789,6,0.166666666666667,0.81811194052063,"1.21558669760949",-0.0791771875919047,0.738153132044881
"050394",0.391800295239677,1.14917000624964,0.206408974898728,-0.168239978966468,0.179076071061526,-1.15698033190706,-1.32061400822154,-0.331253066679545,8,0.125,-0.131329004790629,"-0.0706517590113722",-0.0791771875919047,0.738153132044881
"050396",1.46475242663135,-0.163905197924877,0.635860775745859,0.788810559488052,0.630558077307023,-0.28631745638161,1.35904672559323,0.431777994283622,8,0.125,0.607572988092831,"0.930362747066121",-0.0791771875919047,0.738153132044881
"050407",0.391800295239677,NA,NA,NA,0.630558077307023,0.309399247925278,-0.523958114384714,1.37089314623829,5,0.2,0.435738530465111,"0.697573031534205",-0.0791771875919047,0.738153132044881
"050411",-0.323501125688104,NA,NA,NA,NA,NA,NA,NA,1,1,-0.323501125688104,"-0.330993566903058",-0.0791771875919047,0.738153132044881
"050414",0.570625650471623,-0.074583289523916,-0.480713906456682,NA,0.759552936234307,-0.28631745638161,-0.198053430542376,0.666556782272289,7,0.142857142857143,0.136723898010519,"0.292488206348621",-0.0791771875919047,0.738153132044881
"050417",0.0341495847757862,NA,NA,NA,0.179076071061526,-2.3942381023906,0.598602463294446,-0.0964742786908779,5,0.2,-0.335776852389944,"-0.347623892195905",-0.0791771875919047,0.738153132044881
"050424",1.6435777818633,0.993396050052799,NA,NA,1.01754265408888,1.40918393279953,1.86600956712575,-0.448642460673878,6,0.166666666666667,1.08017792087606,"1.57061598486515",-0.0791771875919047,0.738153132044881
"050425",-0.144675770456158,NA,NA,NA,NA,0.630169781013603,0.345121042528184,-1.32906291563138,4,0.25,-0.124611965636437,"-0.0615519681108253",-0.0791771875919047,0.738153132044881
"050426",0.928276360935514,-0.714939386466076,1.66654509777897,NA,0.759552936234307,0.905115952232167,0.815872252522671,NA,6,0.166666666666667,0.726737202206259,"1.09179837463477",-0.0791771875919047,0.738153132044881
"050438",1.6435777818633,1.05596453661386,1.92421617828725,0.908441876794867,0.82405036569795,0.0802774385764748,1.79358630404968,1.42958784323546,8,0.125,1.20746279063985,"1.74305292814707",-0.0791771875919047,0.738153132044881
"050441",3.07418062371886,0.337074201367472,2.35366797913438,1.74586109794257,0.630558077307023,2.60061734141331,2.11949098789202,1.13611435824962,8,0.125,1.74969558337816,"2.47763328715222",-0.0791771875919047,0.738153132044881
"050444",0.928276360935514,NA,-0.824275347134387,NA,0.243573500525168,-0.148844370772328,-1.03092095591724,0.549167388277956,6,0.166666666666667,-0.0471705706808855,"0.0433604024985334",-0.0791771875919047,0.738153132044881
"050454",2.35887920279108,1.48876586089485,1.66654509777897,0.669179242181237,0.888547795161592,2.23402244645523,2.08327935635398,1.31219844924112,8,0.125,1.58767718135726,"2.2581417006679",-0.0791771875919047,0.738153132044881
"050455",0.391800295239677,-0.719254454504769,-0.738384986964961,NA,-0.852882800356752,-0.882034160688499,-1.75515358667798,-3.55946140152371,7,0.142857142857143,-1.15933872792529,"-1.46332988839463",-0.0791771875919047,0.738153132044881
"050457",1.2859270713994,1.17203986685472,0.206408974898728,NA,-0.014416217329402,1.40918393279953,2.48160730327239,0.666556782272289,7,0.142857142857143,1.02961538773824,"1.50211728054109",-0.0791771875919047,0.738153132044881
"050464",-0.144675770456158,-0.4059805148956,-1.25372714798152,-1.00565920011418,-0.594893082502183,0.0344530767067141,-0.596381377460788,-0.448642460673878,8,0.125,-0.551938309672198,"-0.640464832507883",-0.0791771875919047,0.738153132044881
"050468",0.570625650471623,NA,NA,NA,0.56606064784338,1.40918393279953,1.28662346251716,0.431777994283622,5,0.2,0.852854337583063,"1.26265335025131",-0.0791771875919047,0.738153132044881
"050471",-0.323501125688104,0.3042796842734,0.37818969523758,0.788810559488052,-0.0789136467930435,0.44687233353456,0.345121042528184,-1.62253640061721,8,0.125,0.0297902677454272,"0.147621747584357",-0.0791771875919047,0.738153132044881
"050481",0.570625650471623,2.06223840323725,1.15120293676242,0.429916607567607,0.56606064784338,1.40918393279953,0.671025726370521,1.54697723722979,8,0.125,1.05090389278527,"1.53095750910999",-0.0791771875919047,0.738153132044881
"050485",0.212974940007734,-1.2642475477918,0.120518614729302,-0.407502613580099,1.6625169487253,0.217750524185757,0.526179200218371,1.01872496425529,8,0.125,0.260864378843732,"0.460665343915336",-0.0791771875919047,0.738153132044881
"050488",0.391800295239677,1.57463571486485,0.635860775745859,NA,0.0500812121342405,-0.423790541990892,-0.7050162720749,1.31219844924112,7,0.142857142857143,0.40510994759428,"0.656079496465158",-0.0791771875919047,0.738153132044881
"050492",1.2859270713994,-1.86231597795476,-1.25372714798152,-0.407502613580099,0.888547795161592,-1.06533160816754,-0.16184179900434,0.138304509297789,8,0.125,-0.304742471353684,"-0.305580609184578",-0.0791771875919047,0.738153132044881
"050496",0.391800295239677,-0.441364072812889,0.807641496084711,1.50659846332894,1.14653751301616,1.22588648532049,1.32283509405519,-0.331253066679545,8,0.125,0.703585275944093,"1.06043370888035",-0.0791771875919047,0.738153132044881
"050498",0.0341495847757862,0.571382395868546,NA,NA,-0.594893082502183,-1.01950724629778,0.272697779452109,-0.331253066679545,6,0.166666666666667,-0.177903939230511,"-0.133748333987431",-0.0791771875919047,0.738153132044881
"050503",2.18005384755913,0.796628947488362,0.893531856254137,NA,0.0500812121342405,1.9132519133669,1.57631651482146,-0.389947763676711,7,0.142857142857143,1.00284521827822,"1.46585086331969",-0.0791771875919047,0.738153132044881
"050506",0.391800295239677,-1.91409679441908,NA,NA,-0.014416217329402,0.0802774385764748,-0.0532069043902274,-0.331253066679545,6,0.166666666666667,-0.306815874833684,"-0.308389516157927",-0.0791771875919047,0.738153132044881
"050510",0.212974940007734,NA,NA,NA,NA,NA,NA,NA,1,1,0.212974940007734,"0.395787967180062",-0.0791771875919047,0.738153132044881
"050512",-0.323501125688104,NA,NA,NA,NA,NA,NA,NA,1,1,-0.323501125688104,"-0.330993566903058",-0.0791771875919047,0.738153132044881
"050515",-0.144675770456158,NA,NA,NA,NA,-0.607087989469935,NA,NA,2,0.5,-0.375881879963047,"-0.401955474400266",-0.0791771875919047,0.738153132044881
"050516",-0.144675770456158,-0.93457634963559,-0.566604266626108,0.429916607567607,-1.04637508874768,-0.377966180121132,0.12785125329996,-0.918200036651212,8,0.125,-0.428828728921289,"-0.473684288733906",-0.0791771875919047,0.738153132044881
"050517",-0.144675770456158,NA,NA,NA,NA,-0.744561075079217,-0.813651166689013,NA,3,0.333333333333333,-0.567629337408129,"-0.661721976933272",-0.0791771875919047,0.738153132044881
"050523",0.391800295239677,-0.110398354245075,-0.480713906456682,NA,0.56606064784338,0.675994142883363,0.417544305604259,-1.85731518860588,7,0.142857142857143,-0.0567182939624218,"0.0304257919590014",-0.0791771875919047,0.738153132044881
"050526",0.391800295239677,NA,NA,NA,NA,0.767642866622885,1.03314204175089,NA,3,0.333333333333333,0.730861734537819,"1.09738601241954",-0.0791771875919047,0.738153132044881
"050528",0.212974940007734,NA,NA,NA,NA,-1.47775086499539,-0.234265062080414,0.0796098123006222,4,0.25,-0.354857793691861,"-0.373473462527007",-0.0791771875919047,0.738153132044881
"050534",-1.57527861231172,NA,-1.42550786832037,NA,NA,-1.29445341751635,-1.03092095591724,-0.389947763676711,5,0.2,-1.14322172354848,"-1.44149565959151",-0.0791771875919047,0.738153132044881
"050537",0.391800295239677,NA,NA,NA,-0.723887941429468,-0.0571956470328073,1.06935367328893,0.783946176266623,5,0.2,0.292803311266591,"0.503934052041493",-0.0791771875919047,0.738153132044881
"050541",-0.144675770456158,NA,NA,NA,NA,NA,NA,-0.0377795816937112,2,0.5,-0.0912276760749347,"-0.0163251877691652",-0.0791771875919047,0.738153132044881
"050543",NA,NA,NA,NA,NA,NA,NA,NA,0,NA,NA,"NaN",-0.0791771875919047,0.738153132044881
"050549",2.18005384755913,-0.892288682856392,1.15120293676242,-0.287871296273283,0.56606064784338,1.45500829466929,0.996930410212857,0.901335570260955,8,0.125,0.758803966022295,"1.13524026009721",-0.0791771875919047,0.738153132044881
"050551",0.928276360935514,-0.274802446519309,-1.16783678781209,NA,-0.659390511965826,0.630169781013603,0.562390831756408,0.549167388277956,7,0.142857142857143,0.0811392308123221,"0.217185854051865",-0.0791771875919047,0.738153132044881
"050557",0.928276360935514,-0.512131188647468,-1.68317894882865,-0.0486086616596539,1.79151180765259,-0.744561075079217,1.21420019944108,0.255693903292122,8,0.125,0.15015029963829,"0.31067738830139",-0.0791771875919047,0.738153132044881
"050561",0.0341495847757862,NA,NA,NA,NA,0.767642866622885,-0.270476693618452,NA,3,0.333333333333333,0.177105252593406,"0.347194137719555",-0.0791771875919047,0.738153132044881
"050567",0.391800295239677,0.428122136983912,0.120518614729302,0.788810559488052,-0.852882800356752,0.584345419143842,0.417544305604259,0.138304509297789,8,0.125,0.25207038001626,"0.44875182835101",-0.0791771875919047,0.738153132044881
"050570",1.10710171616746,0.327581051682346,-0.996056067473239,0.429916607567607,-0.336903364647613,0.859291590362406,0.345121042528184,-0.624726551665378,8,0.125,0.138915753065221,"0.295457583513804",-0.0791771875919047,0.738153132044881
"050573",-0.144675770456158,1.2527316391783,1.23709329693184,0.429916607567607,-1.11087251821132,-0.377966180121132,0.0554279902238849,1.31219844924112,8,0.125,0.331731689294268,"0.556671588926061",-0.0791771875919047,0.738153132044881
"050580",1.2859270713994,NA,0.635860775745859,NA,-0.465898223574898,0.950940314101927,1.93843283020183,NA,5,0.2,0.869052553574824,"1.28459759906441",-0.0791771875919047,0.738153132044881
"050581",0.928276360935514,-0.813754444552164,0.549970415576432,0.669179242181237,0.372568359452453,0.630169781013603,0.924507147136782,-0.507337157671043,8,0.125,0.344197463009102,"0.573559377074166",-0.0791771875919047,0.738153132044881
"050586",0.391800295239677,NA,NA,NA,NA,1.08841339971121,1.46768162020734,NA,3,0.333333333333333,0.98263177171941,"1.4384670513689",-0.0791771875919047,0.738153132044881
"050588",0.570625650471623,NA,NA,NA,NA,0.630169781013603,0.345121042528184,NA,3,0.333333333333333,0.515305491337803,"0.805364975263104",-0.0791771875919047,0.738153132044881
"050589",-0.859977191383941,NA,-0.738384986964961,NA,NA,-0.103020008902567,-0.886074429765087,0.490472691280789,5,0.2,-0.419396785147153,"-0.46090652844993",-0.0791771875919047,0.738153132044881
"050590",0.0341495847757862,NA,-0.652494626795534,NA,-0.594893082502183,0.721818504753124,0.200274516376035,0.549167388277956,6,0.166666666666667,0.0430037141475305,"0.16552243218282",-0.0791771875919047,0.738153132044881
"050597",0.212974940007734,NA,0.206408974898728,NA,-0.401400794111256,0.171926162315996,-0.234265062080414,0.373083297286456,6,0.166666666666667,0.0547879197195407,"0.181486877851925",-0.0791771875919047,0.738153132044881
"050599",1.6435777818633,2.00398498471489,0.549970415576432,0.429916607567607,0.82405036569795,0.859291590362406,2.04706772481594,1.48828254023262,8,0.125,1.23076775135389,"1.77462491463919",-0.0791771875919047,0.738153132044881
"050603",0.570625650471623,0.990807009229583,0.721751135915285,0.669179242181237,-1.17536994767496,0.217750524185757,0.272697779452109,-1.27036821863421,8,0.125,0.124634146890802,"0.27610982821152",-0.0791771875919047,0.738153132044881
"050604",-0.50232648092005,NA,NA,NA,NA,-0.515439265730414,-0.0532069043902274,NA,3,0.333333333333333,-0.35699088368023,"-0.376363228749985",-0.0791771875919047,0.738153132044881
"050608",-1.93292932277561,NA,NA,NA,NA,-0.148844370772328,-0.813651166689013,NA,3,0.333333333333333,-0.965141620078985,"-1.20024476497542",-0.0791771875919047,0.738153132044881
"050609",0.391800295239677,NA,NA,NA,NA,NA,0.200274516376035,NA,2,0.5,0.296037405807856,"0.50831538485831",-0.0791771875919047,0.738153132044881
"050624",-0.681151836151995,0.0466701223633799,-1.08194642764267,NA,1.2110349424798,0.492696695404321,0.164062884837997,1.48828254023262,7,0.142857142857143,0.234235560217638,"0.424590419255291",-0.0791771875919047,0.738153132044881
"050625",3.07418062371886,1.71530693292627,3.21257158082864,1.1477045114085,1.85600923711623,2.60061734141331,2.04706772481594,1.54697723722979,8,0.125,2.15005439868219,"3.02001236531847",-0.0791771875919047,0.738153132044881
"050633",0.212974940007734,NA,NA,NA,0.888547795161592,0.0802774385764748,-0.994709324379199,-1.15297882463988,5,0.2,-0.193177595054655,"-0.154440051140796",-0.0791771875919047,0.738153132044881
"050636",0.928276360935514,NA,NA,NA,-0.530395653038541,-0.194668732642089,1.25041183097912,-0.74211594565971,5,0.2,0.142301572114859,"0.300044462445358",-0.0791771875919047,0.738153132044881
"050641",-0.681151836151995,NA,NA,NA,NA,-0.0113712851630466,-0.125630167466301,NA,3,0.333333333333333,-0.272717762927114,"-0.262195697522885",-0.0791771875919047,0.738153132044881
"050663",2.00122849232719,0.634382389233475,NA,NA,2.04950152550715,1.86742755149714,2.51781893481043,NA,5,0.2,1.81407177867508,"2.56484580783689",-0.0791771875919047,0.738153132044881
"050668",NA,NA,NA,NA,NA,NA,-0.487746482846675,NA,1,1,-0.487746482846675,"-0.553502081773907",-0.0791771875919047,0.738153132044881
"050674",-0.323501125688104,NA,-0.137152465778977,NA,NA,0.492696695404321,-1.5740954289878,-1.56384170362004,5,0.2,-0.62117880573412,"-0.734267179278542",-0.0791771875919047,0.738153132044881
"050677",0.749451005703569,NA,NA,NA,NA,NA,NA,NA,1,1,0.749451005703569,"1.12256950126318",-0.0791771875919047,0.738153132044881
"050678",1.10710171616746,-0.187206565333825,0.120518614729302,0.908441876794867,0.30807092998881,0.859291590362406,1.54010488328342,0.842640873263789,8,0.125,0.687370489907028,"1.0384670120892",-0.0791771875919047,0.738153132044881
"050684",-1.03880254661589,NA,NA,NA,NA,NA,-0.0532069043902274,NA,2,0.5,-0.546004725503057,"-0.632426413497584",-0.0791771875919047,0.738153132044881
"050686",-0.144675770456158,NA,NA,NA,NA,NA,NA,NA,1,1,-0.144675770456158,"-0.0887330555420189",-0.0791771875919047,0.738153132044881
"050689",1.2859270713994,NA,0.807641496084711,NA,0.630558077307023,1.18006212345073,0.852083884060707,1.01872496425529,6,0.166666666666667,0.962499602759644,"1.41119334881886",-0.0791771875919047,0.738153132044881
"050690",0.212974940007734,NA,NA,NA,NA,NA,NA,NA,1,1,0.212974940007734,"0.395787967180062",-0.0791771875919047,0.738153132044881
"050696",1.10710171616746,-0.180733963275784,NA,0.429916607567607,NA,1.27171084719025,1.25041183097912,-0.155168975688045,6,0.166666666666667,0.620539677156768,"0.947929141491645",-0.0791771875919047,0.738153132044881
"050697",0.212974940007734,NA,NA,NA,NA,NA,NA,NA,1,1,0.212974940007734,"0.395787967180062",-0.0791771875919047,0.738153132044881
"050701",-0.144675770456158,0.00308793517257166,0.206408974898728,NA,0.56606064784338,1.13423776158097,0.634814094832484,0.138304509297789,7,0.142857142857143,0.362605450452823,"0.598497274977175",-0.0791771875919047,0.738153132044881
"050704",1.10710171616746,NA,NA,NA,0.114578641597884,1.04258903784145,0.996930410212857,NA,4,0.25,0.815299951454912,"1.21177720477711",-0.0791771875919047,0.738153132044881
"050708",0.749451005703569,NA,NA,NA,NA,NA,NA,NA,1,1,0.749451005703569,"1.12256950126318",-0.0791771875919047,0.738153132044881
"050709",0.570625650471623,NA,1.83832581811783,NA,-1.36886223606589,1.72995446588786,0.671025726370521,0.607862085275123,6,0.166666666666667,0.674821918342843,"1.02146705500791",-0.0791771875919047,0.738153132044881
"050710",0.212974940007734,NA,NA,NA,NA,NA,NA,NA,1,1,0.212974940007734,"0.395787967180062",-0.0791771875919047,0.738153132044881
"050714",0.212974940007734,NA,NA,NA,NA,NA,NA,NA,1,1,0.212974940007734,"0.395787967180062",-0.0791771875919047,0.738153132044881
"050717",0.212974940007734,NA,NA,NA,NA,NA,NA,NA,1,1,0.212974940007734,"0.395787967180062",-0.0791771875919047,0.738153132044881
"050723",0.0341495847757862,NA,NA,NA,NA,0.44687233353456,NA,NA,2,0.5,0.240510959155173,"0.433091905823737",-0.0791771875919047,0.738153132044881
"050726",NA,NA,NA,NA,NA,NA,NA,NA,0,NA,NA,"NaN",-0.0791771875919047,0.738153132044881
"050735",-0.50232648092005,NA,NA,NA,0.243573500525168,0.859291590362406,0.417544305604259,NA,4,0.25,0.254520728892946,"0.452071395484591",-0.0791771875919047,0.738153132044881
"050736",0.212974940007734,NA,NA,NA,NA,0.721818504753124,0.0916396217619223,NA,3,0.333333333333333,0.342144355507593,"0.570777965721456",-0.0791771875919047,0.738153132044881
"050737",0.212974940007734,NA,-0.223042825948403,-0.287871296273283,0.437065788916096,0.355223609795039,-1.75515358667798,0.373083297286456,7,0.142857142857143,-0.126817153270621,"-0.0645394073540549",-0.0791771875919047,0.738153132044881
"050738",-0.681151836151995,NA,0.206408974898728,NA,NA,-0.744561075079217,-0.016995272852189,NA,4,0.25,-0.309074802296168,"-0.311449758490337",-0.0791771875919047,0.738153132044881
"050739",1.2859270713994,0.572676916280154,1.4088740172707,NA,1.46902466033437,2.92138787450164,1.79358630404968,1.95784011620996,7,0.142857142857143,1.6299024228637,"2.31534560548568",-0.0791771875919047,0.738153132044881
"050740",1.46475242663135,0.5959782836891,NA,NA,1.2110349424798,1.45500829466929,1.39525835713127,0.842640873263789,6,0.166666666666667,1.16077886297743,"1.67980869651576",-0.0791771875919047,0.738153132044881
"050744",-0.323501125688104,NA,NA,NA,NA,NA,0.12785125329996,NA,2,0.5,-0.0978249361940721,"-0.0252627101242641",-0.0791771875919047,0.738153132044881
"050745",0.212974940007734,NA,NA,NA,NA,NA,1.35904672559323,NA,2,0.5,0.786010832800483,"1.17209828534573",-0.0791771875919047,0.738153132044881
"050746",0.0341495847757862,0.184752299601581,-0.738384986964961,NA,NA,0.263574886055518,-0.523958114384714,0.431777994283622,6,0.166666666666667,-0.0580147227721945,"0.0286694777831322",-0.0791771875919047,0.738153132044881
"050747",0.212974940007734,NA,NA,NA,NA,NA,0.815872252522671,NA,2,0.5,0.514423596265202,"0.804170243392011",-0.0791771875919047,0.738153132044881
"050748",0.0341495847757862,NA,NA,NA,NA,NA,NA,NA,1,1,0.0341495847757862,"0.153527455819019",-0.0791771875919047,0.738153132044881
"050755",1.10710171616746,NA,1.06531257659299,NA,0.243573500525168,1.18006212345073,1.46768162020734,-0.0964742786908779,6,0.166666666666667,0.827876209708802,"1.22881466991534",-0.0791771875919047,0.738153132044881
"050758",1.2859270713994,NA,NA,NA,NA,NA,1.46768162020734,NA,2,0.5,1.37680434580337,"1.97246542781959",-0.0791771875919047,0.738153132044881
"050760",-0.50232648092005,NA,NA,NA,NA,-0.377966180121132,0.0554279902238849,0.138304509297789,4,0.25,-0.171640040379877,"-0.125262426959871",-0.0791771875919047,0.738153132044881
"050761",0.928276360935514,1.2639508160789,0.549970415576432,-2.08234105587551,1.2110349424798,1.18006212345073,0.96071877867482,2.25131360119579,8,0.125,0.78287324781456,"1.16784769715514",-0.0791771875919047,0.738153132044881
"050763",1.2859270713994,NA,NA,NA,1.79151180765259,0.950940314101927,2.0108560932779,NA,4,0.25,1.50980882160796,"2.15265090699805",-0.0791771875919047,0.738153132044881
"050764",0.570625650471623,0.118731758609566,-0.308933186117829,0.310285290260791,0.372568359452453,0.538521057274082,-0.0532069043902274,0.490472691280789,8,0.125,0.254883089605156,"0.452562297299511",-0.0791771875919047,0.738153132044881
"050765",0.391800295239677,NA,NA,NA,NA,NA,NA,NA,1,1,0.391800295239677,"0.638048478541098",-0.0791771875919047,0.738153132044881
"050766",0.212974940007734,NA,NA,NA,NA,NA,NA,NA,1,1,0.212974940007734,"0.395787967180062",-0.0791771875919047,0.738153132044881
"050767",0.0341495847757862,NA,NA,NA,NA,NA,NA,NA,1,1,0.0341495847757862,"0.153527455819019",-0.0791771875919047,0.738153132044881
"050769",1.10710171616746,0.295649548196011,NA,NA,NA,NA,NA,NA,2,0.5,0.701375632181736,"1.05744023277569",-0.0791771875919047,0.738153132044881
"050770",0.0341495847757862,-1.36651466030884,-0.0512621056095504,0.0710226556471613,0.372568359452453,-0.194668732642089,-0.451534851308639,0.373083297286456,8,0.125,-0.151644556588408,"-0.0981738962425712",-0.0791771875919047,0.738153132044881
"050771",-1.21762790184783,NA,NA,NA,NA,0.126101800446235,-0.016995272852189,NA,3,0.333333333333333,-0.369507124751262,"-0.393319386663125",-0.0791771875919047,0.738153132044881
"050772",0.212974940007734,NA,NA,NA,NA,NA,-0.0532069043902274,NA,2,0.5,0.0798840178087535,"0.215485376266055",-0.0791771875919047,0.738153132044881
"050775",0.0341495847757862,0.3521769395029,-0.652494626795534,0.429916607567607,0.501563218379738,0.767642866622885,-0.415323219770601,-0.0377795816937112,8,0.125,0.122481473573634,"0.273193531817565",-0.0791771875919047,0.738153132044881
"050776",0.749451005703569,NA,NA,NA,-0.723887941429468,NA,1.28662346251716,NA,3,0.333333333333333,0.437395508930419,"0.699817794027751",-0.0791771875919047,0.738153132044881
"050777",0.570625650471623,NA,NA,NA,NA,NA,NA,NA,1,1,0.570625650471623,"0.880308989902137",-0.0791771875919047,0.738153132044881
"050778",NA,NA,NA,NA,NA,NA,NA,NA,0,NA,NA,"NaN",-0.0791771875919047,0.738153132044881
"050779",0.0341495847757862,NA,NA,NA,0.888547795161592,0.630169781013603,1.43146998866931,NA,4,0.25,0.746084287405072,"1.11800849873898",-0.0791771875919047,0.738153132044881
"050780",1.2859270713994,NA,NA,NA,NA,0.538521057274082,1.39525835713127,NA,3,0.333333333333333,1.07323549526825,"1.56121085562242",-0.0791771875919047,0.738153132044881
"050782",0.212974940007734,NA,NA,NA,NA,NA,0.671025726370521,NA,2,0.5,0.442000333189128,"0.706056098871019",-0.0791771875919047,0.738153132044881
"050783",0.928276360935514,NA,NA,NA,0.56606064784338,-0.0113712851630466,-0.7050162720749,NA,4,0.25,0.194487362885237,"0.370742246556643",-0.0791771875919047,0.738153132044881
"050784",0.570625650471623,NA,NA,NA,NA,-0.836209798818738,-0.234265062080414,NA,3,0.333333333333333,-0.166616403475843,"-0.118456743036108",-0.0791771875919047,0.738153132044881
"050785",0.212974940007734,NA,NA,NA,NA,NA,NA,NA,1,1,0.212974940007734,"0.395787967180062",-0.0791771875919047,0.738153132044881
"050855",-0.144675770456158,NA,NA,NA,NA,NA,NA,NA,1,1,-0.144675770456158,"-0.0887330555420189",-0.0791771875919047,0.738153132044881
"05114F",NA,-0.540610637702847,2.26777761896496,NA,1.6625169487253,3.01303659824116,2.51781893481043,NA,5,0.2,1.7841078926078,"2.52425275909608",-0.0791771875919047,0.738153132044881
"05127F",NA,-0.570384607169834,0.979422216423564,NA,-0.272405935183971,1.40918393279953,0.815872252522671,NA,5,0.2,0.472337571878393,"0.747154940523594",-0.0791771875919047,0.738153132044881
"05128F",NA,0.503635827661053,1.23709329693184,NA,1.85600923711623,2.60061734141331,1.82979793558772,NA,5,0.2,1.60543072774203,"2.28219300603267",-0.0791771875919047,0.738153132044881
"051300",NA,NA,NA,NA,NA,NA,NA,NA,0,NA,NA,"NaN",-0.0791771875919047,0.738153132044881
"051301",0.212974940007734,NA,NA,NA,NA,-0.469614903860653,-1.17576748206939,NA,3,0.333333333333333,-0.477469148640768,"-0.539579043640293",-0.0791771875919047,0.738153132044881
"051302",NA,NA,NA,NA,NA,NA,NA,NA,0,NA,NA,"NaN",-0.0791771875919047,0.738153132044881
"051303",0.391800295239677,NA,NA,NA,NA,NA,NA,NA,1,1,0.391800295239677,"0.638048478541098",-0.0791771875919047,0.738153132044881
"051304",-0.50232648092005,NA,NA,NA,NA,NA,0.417544305604259,NA,2,0.5,-0.0423910876578953,"0.0498353232372016",-0.0791771875919047,0.738153132044881
"051305",-1.75410396754367,NA,NA,NA,NA,NA,-0.270476693618452,NA,2,0.5,-1.01229033058106,"-1.26411865300115",-0.0791771875919047,0.738153132044881
"051306",0.0341495847757862,NA,NA,NA,NA,NA,0.598602463294446,NA,2,0.5,0.316376024035116,"0.535868770930001",-0.0791771875919047,0.738153132044881
"051307",NA,NA,NA,NA,NA,NA,NA,NA,0,NA,NA,"NaN",-0.0791771875919047,0.738153132044881
"051308",NA,NA,NA,NA,NA,NA,NA,NA,0,NA,NA,"NaN",-0.0791771875919047,0.738153132044881
"051309",NA,NA,NA,NA,NA,NA,NA,NA,0,NA,NA,"NaN",-0.0791771875919047,0.738153132044881
"05130F",NA,-1.02130921721334,0.893531856254137,NA,0.695055506770665,1.82160318962738,1.90222119866379,NA,5,0.2,0.858220506820528,"1.26992307384186",-0.0791771875919047,0.738153132044881
"051310",0.0341495847757862,NA,NA,NA,NA,0.126101800446235,1.06935367328893,0.138304509297789,4,0.25,0.341977391952186,"0.570551774775215",-0.0791771875919047,0.738153132044881
"051311",-0.859977191383941,NA,NA,NA,NA,NA,-2.26211642821051,NA,2,0.5,-1.56104680979722,"-2.0075368617622",-0.0791771875919047,0.738153132044881
"051312",0.212974940007734,NA,NA,NA,NA,NA,NA,NA,1,1,0.212974940007734,"0.395787967180062",-0.0791771875919047,0.738153132044881
"051314",0.928276360935514,NA,NA,NA,1.08204008355252,NA,0.272697779452109,NA,3,0.333333333333333,0.761004741313381,"1.13822172179607",-0.0791771875919047,0.738153132044881
"051315",-1.21762790184783,NA,NA,NA,NA,NA,NA,NA,1,1,-1.21762790184783,"-1.54229612370826",-0.0791771875919047,0.738153132044881
"051316",-1.93292932277561,NA,NA,NA,-4.20674913246616,-0.469614903860653,-0.741227903612937,-0.918200036651212,5,0.2,-1.65374425987331,"-2.13311710528063",-0.0791771875919047,0.738153132044881
"051317",0.749451005703569,NA,NA,NA,-1.6913493833841,-1.61522395060467,0.562390831756408,-0.0377795816937112,5,0.2,-0.406502215644501,"-0.443437836734255",-0.0791771875919047,0.738153132044881
"051318",0.928276360935514,NA,NA,NA,0.630558077307023,-1.15698033190706,1.50389325174538,NA,4,0.25,0.476436839520214,"0.752708351413371",-0.0791771875919047,0.738153132044881
"051319",0.0341495847757862,NA,NA,NA,-0.143411076256686,-0.0571956470328073,0.0554279902238849,-0.683421248662545,5,0.2,-0.158890079390473,"-0.107989641089435",-0.0791771875919047,0.738153132044881
"051320",0.212974940007734,NA,NA,NA,-0.143411076256686,-0.698736713209456,-1.50167216591172,NA,4,0.25,-0.532711253842532,"-0.614417316084832",-0.0791771875919047,0.738153132044881
"051321",-0.323501125688104,NA,NA,NA,NA,NA,-0.0532069043902274,NA,2,0.5,-0.188354015039166,"-0.147905390775505",-0.0791771875919047,0.738153132044881
"051323",0.0341495847757862,NA,NA,NA,0.630558077307023,NA,NA,NA,2,0.5,0.332353831041404,"0.557514424538522",-0.0791771875919047,0.738153132044881
"051324",-0.681151836151995,NA,NA,NA,NA,-0.836209798818738,0.164062884837997,NA,3,0.333333333333333,-0.451099583377579,"-0.503855337923379",-0.0791771875919047,0.738153132044881
"051325",0.570625650471623,NA,NA,NA,NA,0.171926162315996,-1.46546053437368,-0.976894733648377,4,0.25,-0.424950863808611,"-0.468430819034556",-0.0791771875919047,0.738153132044881
"051326",-0.144675770456158,NA,NA,NA,NA,NA,-0.415323219770601,NA,2,0.5,-0.279999495113379,"-0.272060496397466",-0.0791771875919047,0.738153132044881
"051327",NA,NA,NA,NA,NA,NA,NA,NA,0,NA,NA,"NaN",-0.0791771875919047,0.738153132044881
"051328",-0.144675770456158,NA,NA,NA,NA,0.813467228492645,-0.306688325156488,NA,3,0.333333333333333,0.120701044293333,"0.270781526499145",-0.0791771875919047,0.738153132044881
"051329",0.0341495847757862,NA,NA,NA,-0.530395653038541,0.584345419143842,0.924507147136782,NA,4,0.25,0.253151624504467,"0.45021662534403",-0.0791771875919047,0.738153132044881
"051330",1.10710171616746,NA,NA,NA,-0.917380229820394,NA,0.12785125329996,NA,3,0.333333333333333,0.105857579882342,"0.250672603612276",-0.0791771875919047,0.738153132044881
"051331",-0.144675770456158,NA,NA,NA,NA,NA,1.28662346251716,NA,2,0.5,0.570973846030499,"0.880780701724197",-0.0791771875919047,0.738153132044881
"051332",-0.144675770456158,NA,NA,NA,-0.336903364647613,0.859291590362406,-0.342899956694526,-0.74211594565971,5,0.2,-0.14146068941912,"-0.0843774809363387",-0.0791771875919047,0.738153132044881
"051333",NA,NA,NA,NA,NA,NA,NA,NA,0,NA,NA,"NaN",-0.0791771875919047,0.738153132044881
"051334",0.749451005703569,NA,NA,NA,NA,NA,NA,NA,1,1,0.749451005703569,"1.12256950126318",-0.0791771875919047,0.738153132044881
"051335",NA,NA,NA,NA,NA,NA,NA,NA,0,NA,NA,"NaN",-0.0791771875919047,0.738153132044881
"051336",-0.144675770456158,NA,NA,NA,NA,NA,NA,NA,1,1,-0.144675770456158,"-0.0887330555420189",-0.0791771875919047,0.738153132044881
"051337",NA,NA,NA,NA,NA,NA,NA,NA,0,NA,NA,"NaN",-0.0791771875919047,0.738153132044881
"051339",NA,NA,NA,NA,NA,NA,NA,NA,0,NA,NA,"NaN",-0.0791771875919047,0.738153132044881
"060001",-0.50232648092005,-0.601884603852298,-0.480713906456682,-0.168239978966468,-0.336903364647613,0.492696695404321,-0.813651166689013,0.138304509297789,8,0.125,-0.284089787103752,"-0.277601747680979",-0.0791771875919047,0.738153132044881
"060003",-0.50232648092005,NA,0.120518614729302,NA,-0.465898223574898,0.355223609795039,-0.7050162720749,-0.800810642656877,6,0.166666666666667,-0.333051565783731,"-0.343931857998795",-0.0791771875919047,0.738153132044881
"060004",-0.144675770456158,NA,-0.566604266626108,NA,NA,-0.515439265730414,0.0554279902238849,NA,4,0.25,-0.292822828147199,"-0.289432681757292",-0.0791771875919047,0.738153132044881
"060006",0.0341495847757862,NA,-0.137152465778977,NA,-0.594893082502183,-0.0571956470328073,0.12785125329996,-0.0377795816937112,6,0.166666666666667,-0.110836656488655,"-0.0428901098191449",-0.0791771875919047,0.738153132044881
"060008",-0.681151836151995,NA,NA,NA,NA,NA,-0.16184179900434,NA,2,0.5,-0.421496817578167,"-0.463751510527289",-0.0791771875919047,0.738153132044881
"060009",0.749451005703569,-0.141898350927539,1.06531257659299,NA,-1.75584681284775,-0.973682884428019,-0.7050162720749,0.314388600289289,7,0.142857142857143,-0.206756019670337,"-0.172835183568218",-0.0791771875919047,0.738153132044881
"060010",0.749451005703569,1.02705358075461,0.37818969523758,NA,0.179076071061526,-0.698736713209456,0.852083884060707,0.725251479269456,7,0.142857142857143,0.458909857553999,"0.728963980218115",-0.0791771875919047,0.738153132044881
"060011",0.212974940007734,0.197697503717663,NA,NA,0.30807092998881,0.767642866622885,0.634814094832484,NA,5,0.2,0.424240067033915,"0.681995690015187",-0.0791771875919047,0.738153132044881
"060012",0.391800295239677,NA,NA,NA,NA,0.263574886055518,-0.125630167466301,NA,3,0.333333333333333,0.176581671276298,"0.346484825119799",-0.0791771875919047,0.738153132044881
"060013",0.928276360935514,NA,1.58065473760955,NA,-0.272405935183971,-1.01950724629778,0.924507147136782,0.314388600289289,6,0.166666666666667,0.409318944081563,"0.661781560582428",-0.0791771875919047,0.738153132044881
"060014",0.570625650471623,-0.485377766807566,NA,NA,NA,-1.29445341751635,0.634814094832484,NA,4,0.25,-0.143597859754951,"-0.0872727749384252",-0.0791771875919047,0.738153132044881
"060015",0.749451005703569,0.454012545216074,1.4088740172707,0.549547924874422,-0.014416217329402,0.584345419143842,0.272697779452109,-0.0377795816937112,8,0.125,0.4958416115797,"0.778996625779599",-0.0791771875919047,0.738153132044881
"060020",0.928276360935514,-0.763699655303316,0.721751135915285,-0.168239978966468,0.243573500525168,0.217750524185757,0.0192163586858474,0.138304509297789,8,0.125,0.167116594409447,"0.33366217836",-0.0791771875919047,0.738153132044881
"060022",0.570625650471623,-0.613535287556772,2.18188725879553,0.669179242181237,-0.530395653038541,0.171926162315996,0.815872252522671,-2.32687276458321,8,0.125,0.117335857638567,"0.266222598942415",-0.0791771875919047,0.738153132044881
"060023",0.391800295239677,-0.472864069495354,0.120518614729302,0.669179242181237,-0.530395653038541,-1.38610214125587,-1.82757684975406,-0.389947763676711,8,0.125,-0.428173540633789,"-0.472796683900903",-0.0791771875919047,0.738153132044881
"060024",1.6435777818633,-0.0599120581923569,0.721751135915285,-0.0486086616596539,0.82405036569795,1.22588648532049,1.43146998866931,-0.331253066679545,8,0.125,0.675870246366846,"1.02288725899878",-0.0791771875919047,0.738153132044881
"060027",1.2859270713994,-0.761542121283969,1.15120293676242,0.0710226556471613,0.243573500525168,1.27171084719025,1.17798856790304,-0.56603185466821,8,0.125,0.484231450434408,"0.763267963742863",-0.0791771875919047,0.738153132044881
"060028",1.2859270713994,NA,-0.480713906456682,NA,0.179076071061526,0.44687233353456,1.21420019944108,NA,5,0.2,0.529072353795978,"0.824015390550291",-0.0791771875919047,0.738153132044881
"060030",0.0341495847757862,NA,-0.308933186117829,NA,NA,-0.103020008902567,0.308909410990147,-1.79862049160871,5,0.2,-0.373502938172635,"-0.398732644763519",-0.0791771875919047,0.738153132044881
"060031",0.570625650471623,0.89587551237832,1.4088740172707,0.429916607567607,0.179076071061526,0.492696695404321,0.562390831756408,-2.03339927959738,8,0.125,0.313257013289141,"0.531643345864967",-0.0791771875919047,0.738153132044881
"060032",0.570625650471623,0.224450925557565,0.807641496084711,NA,NA,-0.0113712851630466,0.888295515598744,0.960030267258122,6,0.166666666666667,0.57327876163462,"0.883903245684331",-0.0791771875919047,0.738153132044881
"060034",0.570625650471623,1.37743710549655,1.23709329693184,0.190653972953976,-0.014416217329402,-0.332141818251371,0.236486147914072,1.19480905524679,8,0.125,0.55756839917926,"0.862619907887148",-0.0791771875919047,0.738153132044881
"060044",0.570625650471623,NA,NA,NA,NA,0.44687233353456,0.0554279902238849,NA,3,0.333333333333333,0.357641991410023,"0.59177311595471",-0.0791771875919047,0.738153132044881
"060049",-0.144675770456158,NA,NA,NA,NA,NA,0.634814094832484,NA,2,0.5,0.245069162188163,"0.43926705137973",-0.0791771875919047,0.738153132044881
"060054",-0.323501125688104,NA,NA,NA,-0.981877659284037,0.4010479716648,-0.379111588232563,NA,4,0.25,-0.320860600384976,"-0.327416361593622",-0.0791771875919047,0.738153132044881
"06005F",NA,0.118300251805697,0.979422216423564,NA,1.59801951926166,2.1423737227157,1.90222119866379,NA,5,0.2,1.34806738177408,"1.93353453017552",-0.0791771875919047,0.738153132044881
"060064",0.391800295239677,1.77097131062542,0.464080055407006,1.02807319410168,-0.723887941429468,0.813467228492645,0.381332674066222,0.196999206294956,8,0.125,0.540354502849768,"0.839299683963143",-0.0791771875919047,0.738153132044881
"060065",0.570625650471623,NA,-0.394823546287255,NA,-0.207908505720328,0.217750524185757,-0.632593008998825,0.196999206294956,6,0.166666666666667,-0.0416582800090122,"0.050828081537709",-0.0791771875919047,0.738153132044881
"060071",-0.323501125688104,NA,NA,NA,NA,-1.15698033190706,-0.596381377460788,NA,3,0.333333333333333,-0.692287611685318,"-0.8306005860802",-0.0791771875919047,0.738153132044881
"060075",0.928276360935514,NA,2.0959968986261,0.669179242181237,0.437065788916096,-0.92785852255826,1.14177693636501,-1.32906291563138,7,0.142857142857143,0.430767684119189,"0.690838864692493",-0.0791771875919047,0.738153132044881
"060076",0.570625650471623,NA,NA,NA,NA,-0.0113712851630466,-0.306688325156488,NA,3,0.333333333333333,0.0841886800506961,"0.221317041885379",-0.0791771875919047,0.738153132044881
"06007F",NA,NA,NA,NA,-1.36886223606589,1.63830574214834,0.888295515598744,NA,3,0.333333333333333,0.385913007227063,"0.630072778436291",-0.0791771875919047,0.738153132044881
"060096",0.570625650471623,NA,NA,NA,NA,0.217750524185757,0.453755937142296,NA,3,0.333333333333333,0.414044037266559,"0.668182797642692",-0.0791771875919047,0.738153132044881
"060100",0.928276360935514,1.47280010915168,1.49476437744012,0.429916607567607,-0.272405935183971,0.996764675971688,0.779660620984633,0.725251479269456,8,0.125,0.819378537017091,"1.2173025969825",-0.0791771875919047,0.738153132044881
"060103",0.212974940007734,NA,NA,NA,NA,-1.29445341751635,0.308909410990147,NA,3,0.333333333333333,-0.257523022172821,"-0.241610889175328",-0.0791771875919047,0.738153132044881
"060104",0.212974940007734,NA,1.32298365710127,NA,-0.917380229820394,-0.332141818251371,0.96071877867482,-0.56603185466821,6,0.166666666666667,0.113520578840641,"0.261053916954497",-0.0791771875919047,0.738153132044881
"060107",NA,NA,NA,NA,NA,NA,NA,NA,0,NA,NA,"NaN",-0.0791771875919047,0.738153132044881
"060112",1.2859270713994,-0.862946220193273,0.893531856254137,NA,1.40452723087073,0.584345419143842,0.96071877867482,0.960030267258122,7,0.142857142857143,0.746590629058255,"1.11869445620662",-0.0791771875919047,0.738153132044881
"060113",1.10710171616746,0.313341327154657,-0.566604266626108,NA,0.0500812121342405,0.630169781013603,-0.198053430542376,-0.155168975688045,7,0.142857142857143,0.168695337659062,"0.335800953068225",-0.0791771875919047,0.738153132044881
"060114",1.10710171616746,-1.18485029587983,1.23709329693184,NA,-1.88484167177503,0.996764675971688,1.28662346251716,0.490472691280789,7,0.142857142857143,0.292623410744868,"0.503690334967198",-0.0791771875919047,0.738153132044881
"060116",0.570625650471623,0.179574217955148,1.06531257659299,NA,0.179076071061526,0.905115952232167,-0.0532069043902274,-0.389947763676711,7,0.142857142857143,0.350935685749502,"0.582687866066327",-0.0791771875919047,0.738153132044881
"060117",0.212974940007734,NA,NA,NA,NA,NA,NA,NA,1,1,0.212974940007734,"0.395787967180062",-0.0791771875919047,0.738153132044881
"060118",0.570625650471623,NA,NA,NA,NA,NA,NA,NA,1,1,0.570625650471623,"0.880308989902137",-0.0791771875919047,0.738153132044881
"060119",1.2859270713994,-0.334781892257152,1.58065473760955,-0.168239978966468,-0.981877659284037,0.0344530767067141,0.707237357908557,-0.918200036651212,8,0.125,0.150646584558169,"0.31134972158609",-0.0791771875919047,0.738153132044881
"060124",0.0341495847757862,NA,NA,NA,NA,NA,NA,NA,1,1,0.0341495847757862,"0.153527455819019",-0.0791771875919047,0.738153132044881
"060125",1.10710171616746,NA,-1.08194642764267,NA,0.30807092998881,1.18006212345073,0.779660620984633,0.255693903292122,6,0.166666666666667,0.424773811040182,"0.68271877033971",-0.0791771875919047,0.738153132044881
"060126",0.570625650471623,NA,NA,NA,NA,NA,NA,NA,1,1,0.570625650471623,"0.880308989902137",-0.0791771875919047,0.738153132044881
"060128",0.212974940007734,NA,0.893531856254137,NA,0.630558077307023,-1.29445341751635,0.779660620984633,0.0796098123006222,6,0.166666666666667,0.216980314889634,"0.401214178501287",-0.0791771875919047,0.738153132044881
"060129",0.391800295239677,NA,NA,NA,NA,NA,0.526179200218371,NA,2,0.5,0.458989747729024,"0.729072210030544",-0.0791771875919047,0.738153132044881
"060130",0.749451005703569,NA,NA,NA,NA,NA,1.50389325174538,NA,2,0.5,1.12667212872447,"1.63360319690828",-0.0791771875919047,0.738153132044881
"060131",1.2859270713994,NA,0.464080055407006,NA,0.0500812121342405,0.0344530767067141,0.12785125329996,0.373083297286456,6,0.166666666666667,0.389245994372297,"0.634588084272629",-0.0791771875919047,0.738153132044881
"060132",1.2859270713994,-0.152254514220405,0.292299335068155,NA,0.437065788916096,1.08841339971121,2.0108560932779,0.901335570260955,7,0.142857142857143,0.837663249201903,"1.24207348989215",-0.0791771875919047,0.738153132044881
"060133",0.0341495847757862,NA,NA,NA,NA,NA,NA,NA,1,1,0.0341495847757862,"0.153527455819019",-0.0791771875919047,0.738153132044881
"061300",NA,NA,NA,NA,NA,NA,NA,NA,0,NA,NA,"NaN",-0.0791771875919047,0.738153132044881
"061301",-0.144675770456158,NA,NA,NA,0.0500812121342405,-0.652912351339696,0.0554279902238849,NA,4,0.25,-0.173019729859432,"-0.127131537066785",-0.0791771875919047,0.738153132044881
"061302",0.0341495847757862,NA,NA,NA,NA,NA,0.671025726370521,NA,2,0.5,0.352587655573154,"0.584925843190497",-0.0791771875919047,0.738153132044881
"061303",0.0341495847757862,NA,NA,NA,NA,NA,-0.56016974592275,NA,2,0.5,-0.263010080573482,"-0.24904438523794",-0.0791771875919047,0.738153132044881
"061304",-0.50232648092005,NA,NA,NA,NA,NA,NA,NA,1,1,-0.50232648092005,"-0.573254078264098",-0.0791771875919047,0.738153132044881
"061305",-1.39645325707978,NA,NA,NA,NA,NA,NA,NA,1,1,-1.39645325707978,"-1.7845566350693",-0.0791771875919047,0.738153132044881
"061306",0.0341495847757862,NA,NA,NA,NA,-0.377966180121132,-0.958497692841162,NA,3,0.333333333333333,-0.434104762728836,"-0.480831902932779",-0.0791771875919047,0.738153132044881
"061307",NA,NA,NA,NA,NA,NA,NA,NA,0,NA,NA,"NaN",-0.0791771875919047,0.738153132044881
"061308",NA,NA,NA,NA,NA,NA,NA,NA,0,NA,NA,"NaN",-0.0791771875919047,0.738153132044881
"061309",-0.144675770456158,NA,NA,NA,NA,NA,NA,NA,1,1,-0.144675770456158,"-0.0887330555420189",-0.0791771875919047,0.738153132044881
"061310",-0.681151836151995,NA,NA,NA,NA,NA,NA,NA,1,1,-0.681151836151995,"-0.815514589625137",-0.0791771875919047,0.738153132044881
"061311",-2.82705609893534,NA,NA,NA,NA,NA,-0.849862798227049,NA,2,0.5,-1.83845944858119,"-2.38335676516824",-0.0791771875919047,0.738153132044881
"061312",-1.39645325707978,NA,NA,NA,NA,NA,NA,NA,1,1,-1.39645325707978,"-1.7845566350693",-0.0791771875919047,0.738153132044881
"061313",0.391800295239677,NA,NA,NA,NA,NA,NA,NA,1,1,0.391800295239677,"0.638048478541098",-0.0791771875919047,0.738153132044881
"061314",0.749451005703569,NA,NA,NA,NA,NA,0.417544305604259,NA,2,0.5,0.583497655653914,"0.897747113000839",-0.0791771875919047,0.738153132044881
"061315",0.391800295239677,NA,NA,NA,NA,NA,NA,NA,1,1,0.391800295239677,"0.638048478541098",-0.0791771875919047,0.738153132044881
"061316",-1.21762790184783,NA,NA,NA,NA,NA,NA,NA,1,1,-1.21762790184783,"-1.54229612370826",-0.0791771875919047,0.738153132044881
"061317",-0.50232648092005,NA,NA,NA,NA,NA,NA,NA,1,1,-0.50232648092005,"-0.573254078264098",-0.0791771875919047,0.738153132044881
"061318",NA,NA,NA,NA,NA,NA,NA,NA,0,NA,NA,"NaN",-0.0791771875919047,0.738153132044881
"061319",NA,NA,NA,NA,NA,NA,NA,NA,0,NA,NA,"NaN",-0.0791771875919047,0.738153132044881
"061320",0.570625650471623,NA,NA,NA,NA,NA,NA,NA,1,1,0.570625650471623,"0.880308989902137",-0.0791771875919047,0.738153132044881
"061321",-0.859977191383941,NA,NA,NA,-0.594893082502183,NA,0.707237357908557,NA,3,0.333333333333333,-0.249210971992522,"-0.230350285081876",-0.0791771875919047,0.738153132044881
"061322",-0.859977191383941,NA,NA,NA,-0.852882800356752,-1.47775086499539,0.417544305604259,NA,4,0.25,-0.693266637782955,"-0.831926904502674",-0.0791771875919047,0.738153132044881
"061323",NA,NA,NA,NA,NA,NA,NA,NA,0,NA,NA,"NaN",-0.0791771875919047,0.738153132044881
"061324",-0.144675770456158,NA,NA,NA,NA,NA,0.671025726370521,NA,2,0.5,0.263174977957181,"0.463795587509978",-0.0791771875919047,0.738153132044881
"061325",0.0341495847757862,NA,NA,NA,NA,NA,-1.03092095591724,NA,2,0.5,-0.498385685570725,"-0.567915354931167",-0.0791771875919047,0.738153132044881
"061326",-0.144675770456158,NA,NA,NA,NA,NA,-0.0532069043902274,NA,2,0.5,-0.0989413374231928,"-0.0267751350949852",-0.0791771875919047,0.738153132044881
"061327",0.212974940007734,NA,NA,NA,NA,-2.21094065491156,0.417544305604259,0.0796098123006222,4,0.25,-0.375202899249735,"-0.401035637195985",-0.0791771875919047,0.738153132044881
"061328",NA,NA,NA,NA,NA,NA,NA,NA,0,NA,NA,"NaN",-0.0791771875919047,0.738153132044881
"061336",NA,NA,NA,NA,NA,NA,NA,NA,0,NA,NA,"NaN",-0.0791771875919047,0.738153132044881
"061343",NA,NA,NA,NA,NA,NA,NA,NA,0,NA,NA,"NaN",-0.0791771875919047,0.738153132044881
"061344",0.212974940007734,NA,NA,NA,-0.659390511965826,-0.332141818251371,-0.886074429765087,NA,4,0.25,-0.416157954993637,"-0.456518780145532",-0.0791771875919047,0.738153132044881
"070002",0.570625650471623,-2.45520632647129,0.206408974898728,0.190653972953976,-0.530395653038541,-0.28631745638161,0.0554279902238849,-1.56384170362004,8,0.125,-0.476580568870408,"-0.538375255792237",-0.0791771875919047,0.738153132044881
"070003",-0.859977191383941,NA,NA,NA,-0.401400794111256,-0.698736713209456,0.815872252522671,0.666556782272289,5,0.2,-0.0955371327819386,"-0.0221633486058815",-0.0791771875919047,0.738153132044881
"070004",-0.144675770456158,NA,NA,NA,-0.465898223574898,0.44687233353456,0.200274516376035,0.666556782272289,5,0.2,0.140625927630365,"0.297774412489936",-0.0791771875919047,0.738153132044881
"070005",0.391800295239677,-0.773192804988442,0.635860775745859,-0.168239978966468,-1.88484167177503,0.355223609795039,1.28662346251716,-0.0964742786908779,8,0.125,-0.0316550738903859,"0.0643797494564168",-0.0791771875919047,0.738153132044881
"070006",0.928276360935514,-1.15550783321671,0.721751135915285,-0.287871296273283,0.30807092998881,-0.103020008902567,0.888295515598744,1.13611435824962,8,0.125,0.304513645286927,"0.519798421522517",-0.0791771875919047,0.738153132044881
"070007",0.570625650471623,0.25508790863229,0.206408974898728,NA,-0.143411076256686,0.538521057274082,0.236486147914072,0.0209151153034555,7,0.142857142857143,0.240661968319652,"0.433296482838889",-0.0791771875919047,0.738153132044881
"070008",0.570625650471623,NA,NA,NA,0.888547795161592,-0.790385436948978,-0.596381377460788,NA,4,0.25,0.0181016578058625,"0.131786808420468",-0.0791771875919047,0.738153132044881
"070010",1.10710171616746,0.560163218967942,0.292299335068155,-0.0486086616596539,1.34002980140709,1.18006212345073,1.64873977789753,0.783946176266623,8,0.125,0.857966685945734,"1.26957921446665",-0.0791771875919047,0.738153132044881
"070011",-0.323501125688104,NA,NA,NA,1.34002980140709,-0.240493094511849,0.815872252522671,0.549167388277956,5,0.2,0.428215044401552,"0.687380720837485",-0.0791771875919047,0.738153132044881
"070012",NA,NA,NA,NA,NA,NA,NA,NA,0,NA,NA,"NaN",-0.0791771875919047,0.738153132044881
"070016",-0.323501125688104,-0.671357199275269,0.893531856254137,NA,0.30807092998881,-1.1111559700373,-0.198053430542376,-0.507337157671043,7,0.142857142857143,-0.229971728138735,"-0.204286257147063",-0.0791771875919047,0.738153132044881
"070017",0.212974940007734,1.41023162259062,-1.25372714798152,NA,0.372568359452453,-0.194668732642089,0.0192163586858474,0.138304509297789,7,0.142857142857143,0.100699987058691,"0.243685445257528",-0.0791771875919047,0.738153132044881
"070018",2.00122849232719,0.513560484150049,1.32298365710127,NA,1.01754265408888,1.36335957092977,0.852083884060707,1.37089314623829,7,0.142857142857143,1.20595026984231,"1.74100386714348",-0.0791771875919047,0.738153132044881
"070020",0.928276360935514,-0.917316077480815,-0.738384986964961,NA,-0.143411076256686,0.171926162315996,0.0554279902238849,0.431777994283622,7,0.142857142857143,-0.0302433761347777,"0.0662922222135227",-0.0791771875919047,0.738153132044881
"070021",0.928276360935514,NA,NA,NA,-0.014416217329402,0.584345419143842,0.634814094832484,0.255693903292122,5,0.2,0.477742712174912,"0.7544774594724",-0.0791771875919047,0.738153132044881
"070022",2.35887920279108,1.57161516723777,1.66654509777897,1.50659846332894,1.08204008355252,1.63830574214834,1.75737467251164,-0.0377795816937112,8,0.125,1.44294735595694,"2.0620715099212",-0.0791771875919047,0.738153132044881
"070024",1.6435777818633,0.378498854538933,0.807641496084711,NA,1.01754265408888,0.675994142883363,0.200274516376035,2.07522951020429,7,0.142857142857143,0.971251279434215,"1.42304952918936",-0.0791771875919047,0.738153132044881
"070025",2.00122849232719,0.321108449624305,2.0959968986261,0.669179242181237,1.46902466033437,0.4010479716648,0.671025726370521,1.13611435824962,8,0.125,1.09559072492227,"1.59149621063011",-0.0791771875919047,0.738153132044881
"070027",1.2859270713994,NA,NA,NA,1.53352208979802,0.996764675971688,1.64873977789753,0.0209151153034555,5,0.2,1.09717374607402,"1.59364078075117",-0.0791771875919047,0.738153132044881
"070028",1.46475242663135,0.623594719136741,0.464080055407006,-0.407502613580099,-1.04637508874768,0.44687233353456,-0.668804640536862,-0.683421248662545,8,0.125,0.024149492897809,"0.139980006863171",-0.0791771875919047,0.738153132044881
"070029",-0.859977191383941,NA,NA,NA,0.114578641597884,0.126101800446235,-0.922286061303123,-0.74211594565971,5,0.2,-0.456739751260531,"-0.511496256369837",-0.0791771875919047,0.738153132044881
"070031",0.391800295239677,NA,NA,NA,1.46902466033437,-0.515439265730414,-0.306688325156488,0.255693903292122,5,0.2,0.258878253595854,"0.457974675595097",-0.0791771875919047,0.738153132044881
"070033",0.749451005703569,-0.302850388770818,-0.223042825948403,-0.287871296273283,1.01754265408888,0.492696695404321,0.0916396217619223,0.373083297286456,8,0.125,0.23883109540658,"0.43081613989433",-0.0791771875919047,0.738153132044881
"070034",1.46475242663135,-0.298535320732124,0.635860775745859,NA,-0.0789136467930435,0.813467228492645,0.671025726370521,-0.213863672685211,7,0.142857142857143,0.427684788147142,"0.686662365483574",-0.0791771875919047,0.738153132044881
"070035",1.10710171616746,0.0311358774240816,-0.394823546287255,NA,-0.0789136467930435,-0.652912351339696,0.96071877867482,-1.44645230962571,7,0.142857142857143,-0.0677350688256204,"0.015501009573158",-0.0791771875919047,0.738153132044881
"070036",0.749451005703569,1.19706726147915,-0.738384986964961,NA,0.56606064784338,-2.07346756930228,1.17798856790304,-0.507337157671043,7,0.142857142857143,0.0530539669986942,"0.179137835836696",-0.0791771875919047,0.738153132044881
"070038",NA,NA,NA,NA,NA,NA,NA,NA,0,NA,NA,"NaN",-0.0791771875919047,0.738153132044881
"07003F",NA,-0.046535347272406,-0.738384986964961,NA,1.27553237194345,1.72995446588786,0.743448989446595,NA,5,0.2,0.592803098608107,"0.910353498519267",-0.0791771875919047,0.738153132044881
"080001",2.18005384755913,0.0479646427749881,0.464080055407006,0.190653972953976,1.72701437818894,0.905115952232167,0.852083884060707,0.607862085275123,8,0.125,0.871853602306505,"1.28839227067127",-0.0791771875919047,0.738153132044881
"080003",-0.859977191383941,NA,-0.738384986964961,NA,-0.0789136467930435,0.767642866622885,0.598602463294446,0.725251479269456,6,0.166666666666667,0.0690368306741402,"0.200790339879007",-0.0791771875919047,0.738153132044881
"080004",0.749451005703569,-1.65562421890132,-0.566604266626108,0.669179242181237,0.953045224625234,-0.377966180121132,-0.451534851308639,-0.683421248662545,8,0.125,-0.170434411638714,"-0.12362912258328",-0.0791771875919047,0.738153132044881
"080006",0.212974940007734,0.557142671340856,1.83832581811783,NA,-2.40082110748417,-0.698736713209456,0.417544305604259,0.490472691280789,7,0.142857142857143,0.0595575150939767,"0.187948403472257",-0.0791771875919047,0.738153132044881
"080007",-0.50232648092005,-0.716233906877684,-0.996056067473239,-0.0486086616596539,0.30807092998881,-0.148844370772328,0.417544305604259,0.490472691280789,8,0.125,-0.149497695103637,"-0.095265473326552",-0.0791771875919047,0.738153132044881
"080009",0.212974940007734,NA,-1.16783678781209,NA,0.372568359452453,-0.469614903860653,0.345121042528184,-0.507337157671043,6,0.166666666666667,-0.202354084559236,"-0.166871739236679",-0.0791771875919047,0.738153132044881
"08002F",NA,NA,NA,NA,0.953045224625234,1.59248138027858,1.25041183097912,NA,3,0.333333333333333,1.26531281196098,"1.82142422918167",-0.0791771875919047,0.738153132044881
"090001",0.749451005703569,0.24818379977038,0.807641496084711,0.669179242181237,1.14653751301616,1.22588648532049,-0.379111588232563,-1.15297882463988,8,0.125,0.414348641150514,"0.668595454408248",-0.0791771875919047,0.738153132044881
"090003",-0.144675770456158,-0.785706502300655,1.23709329693184,NA,1.2110349424798,0.355223609795039,0.453755937142296,0.373083297286456,7,0.142857142857143,0.385686972982661,"0.629766562510909",-0.0791771875919047,0.738153132044881
"090004",0.928276360935514,-0.159590129886184,NA,NA,1.27553237194345,1.13423776158097,0.996930410212857,-0.74211594565971,6,0.166666666666667,0.572211804854482,"0.882457804713049",-0.0791771875919047,0.738153132044881
"090005",1.6435777818633,1.2216631492997,0.120518614729302,NA,0.372568359452453,0.217750524185757,0.562390831756408,1.66436663122412,7,0.142857142857143,0.828976556073005,"1.2303053448396",-0.0791771875919047,0.738153132044881
"090008",-1.21762790184783,NA,NA,NA,-0.272405935183971,0.538521057274082,0.236486147914072,NA,4,0.25,-0.178756657960912,"-0.134903539721014",-0.0791771875919047,0.738153132044881
"090011",1.82240313709524,-0.138014789692715,2.35366797913438,0.788810559488052,1.34002980140709,1.86742755149714,1.28662346251716,0.666556782272289,8,0.125,1.24843806046483,"1.79856345576816",-0.0791771875919047,0.738153132044881
"09002F",NA,-0.117733969910854,0.549970415576432,NA,2.82347067907086,2.46314425580403,2.0108560932779,NA,5,0.2,1.54594149476367,"2.20160101177593",-0.0791771875919047,0.738153132044881
"100001",0.570625650471623,0.760813882767203,0.37818969523758,0.788810559488052,0.953045224625234,1.27171084719025,0.562390831756408,-0.272558369682376,8,0.125,0.626628540231747,"0.956177921874262",-0.0791771875919047,0.738153132044881
"100002",-1.03880254661589,2.41132740756758,-1.08194642764267,0.0710226556471613,-2.78780568426602,-0.652912351339696,-0.198053430542376,1.60567193422696,8,0.125,-0.208937305370619,"-0.175790242086007",-0.0791771875919047,0.738153132044881
"100006",2.00122849232719,1.18584808457854,-0.394823546287255,1.26733582871531,1.59801951926166,1.27171084719025,0.996930410212857,0.666556782272289,8,0.125,1.07410080228386,"1.56238311511444",-0.0791771875919047,0.738153132044881
"100007",2.00122849232719,0.409998851221397,1.7524354579484,1.1477045114085,1.59801951926166,1.77577882775762,1.35904672559323,2.25131360119579,8,0.125,1.53694074833922,"2.18940740853331",-0.0791771875919047,0.738153132044881
"100008",2.00122849232719,0.364690636815113,-0.652494626795534,1.02807319410168,1.14653751301616,0.813467228492645,1.28662346251716,2.13392420720146,8,0.125,1.01525626345948,"1.48266450894751",-0.0791771875919047,0.738153132044881
"100012",2.18005384755913,0.970094682643853,0.292299335068155,1.02807319410168,0.82405036569795,0.630169781013603,1.32283509405519,1.66436663122412,8,0.125,1.11399286642046,"1.61642618884102",-0.0791771875919047,0.738153132044881
"100014",0.749451005703569,1.27775903380272,1.58065473760955,NA,0.888547795161592,0.126101800446235,0.0554279902238849,0.373083297286456,7,0.142857142857143,0.721575094319144,"1.08480509957704",-0.0791771875919047,0.738153132044881
"100017",0.391800295239677,0.0134440984654372,0.464080055407006,0.669179242181237,-1.88484167177503,-0.28631745638161,-0.813651166689013,-0.74211594565971,8,0.125,-0.273552818651501,"-0.263326974609081",-0.0791771875919047,0.738153132044881
"100018",0.928276360935514,0.522622127031306,2.35366797913438,0.429916607567607,-0.272405935183971,0.263574886055518,-0.0532069043902274,0.138304509297789,8,0.125,0.53884370380599,"0.837252955475258",-0.0791771875919047,0.738153132044881
"100019",-0.50232648092005,0.607628967393574,0.635860775745859,0.310285290260791,0.114578641597884,-0.240493094511849,0.743448989446595,-0.56603185466821,8,0.125,0.137868904293074,"0.294039383513423",-0.0791771875919047,0.738153132044881
"100022",-2.46940538847145,-1.91323378081134,-1.08194642764267,NA,-0.981877659284037,-1.89017012182323,-1.21197911360742,0.431777994283622,7,0.142857142857143,-1.30240492819379,"-1.657146312193",-0.0791771875919047,0.738153132044881
"100023",-1.93292932277561,0.88163578785063,0.807641496084711,0.669179242181237,-0.594893082502183,-0.240493094511849,-1.53788379744976,-0.331253066679545,8,0.125,-0.284874479725297,"-0.278664796237545",-0.0791771875919047,0.738153132044881
"100025",0.212974940007734,1.85468363057608,-0.0512621056095504,0.0710226556471613,0.372568359452453,0.217750524185757,0.453755937142296,-0.155168975688045,8,0.125,0.372040620714236,"0.61127940628816",-0.0791771875919047,0.738153132044881
"100026",-0.323501125688104,-0.724864042955071,-2.1985211098452,-0.88602788280736,0.114578641597884,0.217750524185757,0.0916396217619223,-0.56603185466821,8,0.125,-0.534372153552298,"-0.616667390815484",-0.0791771875919047,0.738153132044881
"100028",-1.93292932277561,0.22747147318465,-1.25372714798152,NA,-1.17536994767496,-1.24862905564658,-0.379111588232563,-0.155168975688045,7,0.142857142857143,-0.845352080687806,"-1.03796198896209",-0.0791771875919047,0.738153132044881
"100029",-0.144675770456158,0.556279657733118,0.549970415576432,NA,-0.014416217329402,0.859291590362406,-0.16184179900434,-0.0377795816937112,7,0.142857142857143,0.229546899312621,"0.41823853818689",-0.0791771875919047,0.738153132044881
"100030",1.6435777818633,NA,0.635860775745859,NA,1.46902466033437,0.0344530767067141,1.17798856790304,1.25350375224396,6,0.166666666666667,1.03573476913287,"1.51040740508162",-0.0791771875919047,0.738153132044881
"100032",0.749451005703569,1.34809464283343,-0.824275347134387,NA,-1.82034424231139,-1.24862905564658,0.598602463294446,-0.683421248662545,7,0.142857142857143,-0.268645968846209,"-0.256679505957558",-0.0791771875919047,0.738153132044881
"100034",0.928276360935514,0.523916647442914,1.32298365710127,-1.00565920011418,0.437065788916096,0.813467228492645,1.28662346251716,1.07741966125246,8,0.125,0.673011700817984,"1.019014694588",-0.0791771875919047,0.738153132044881
"100035",-1.93292932277561,1.43784805803826,0.37818969523758,-1.00565920011418,-0.401400794111256,-1.93599448369299,-1.06713258745527,-0.155168975688045,8,0.125,-0.58528095132019,"-0.685635191069694",-0.0791771875919047,0.738153132044881
"100038",0.749451005703569,1.70538227643728,0.120518614729302,0.788810559488052,1.08204008355252,1.18006212345073,0.381332674066222,-0.389947763676711,8,0.125,0.70220619671887,"1.05856542550478",-0.0791771875919047,0.738153132044881
"100039",-0.323501125688104,1.0145398834424,0.120518614729302,0.549547924874422,-0.401400794111256,0.355223609795039,1.43146998866931,-1.09428412764271,8,0.125,0.20651424675855,"0.387035456395089",-0.0791771875919047,0.738153132044881
"100040",-1.21762790184783,0.170081068270022,-0.137152465778977,-0.407502613580099,-0.207908505720328,0.217750524185757,-0.596381377460788,1.07741966125246,8,0.125,-0.137665201334974,"-0.0792356100705577",-0.0791771875919047,0.738153132044881
"100043",0.570625650471623,NA,NA,NA,-0.852882800356752,-0.423790541990892,0.779660620984633,-0.213863672685211,5,0.2,-0.0280501487153198,"0.0692634585657712",-0.0791771875919047,0.738153132044881
"100044",2.00122849232719,1.80376582771949,0.292299335068155,0.0710226556471613,0.630558077307023,-0.515439265730414,0.598602463294446,1.07741966125246,8,0.125,0.744932155860689,"1.11644766875078",-0.0791771875919047,0.738153132044881
"100045",0.391800295239677,0.850998804775903,0.464080055407006,NA,1.40452723087073,-0.332141818251371,0.12785125329996,0.901335570260955,7,0.142857142857143,0.544064484514695,"0.844325716508245",-0.0791771875919047,0.738153132044881
"100046",0.570625650471623,NA,0.721751135915285,NA,1.27553237194345,1.04258903784145,1.03314204175089,1.13611435824962,6,0.166666666666667,0.963292432695386,"1.41226742125902",-0.0791771875919047,0.738153132044881
"100047",-1.39645325707978,NA,-0.566604266626108,NA,0.179076071061526,-2.3942381023906,-0.415323219770601,0.725251479269456,6,0.166666666666667,-0.644715215922684,"-0.76615271788401",-0.0791771875919047,0.738153132044881
"100049",0.212974940007734,1.28293711544915,-1.42550786832037,NA,0.82405036569795,0.813467228492645,-0.7050162720749,-0.389947763676711,7,0.142857142857143,0.0875653922250716,"0.225891583437511",-0.0791771875919047,0.738153132044881
"100050",0.212974940007734,NA,NA,NA,1.01754265408888,0.44687233353456,0.96071877867482,NA,4,0.25,0.659527176576498,"1.00074677204443",-0.0791771875919047,0.738153132044881
"100051",1.46475242663135,1.69847816757537,-0.824275347134387,NA,0.30807092998881,1.13423776158097,0.526179200218371,1.31219844924112,7,0.142857142857143,0.802805941157372,"1.19485116361418",-0.0791771875919047,0.738153132044881
"100052",-0.323501125688104,1.62641653132918,-0.223042825948403,0.908441876794867,-1.43335966552953,-1.06533160816754,-1.90000011283014,-0.448642460673878,8,0.125,-0.357377423839194,"-0.376886887246011",-0.0791771875919047,0.738153132044881
"100053",-0.50232648092005,NA,0.635860775745859,NA,NA,0.767642866622885,1.35904672559323,NA,4,0.25,0.565055971760481,"0.872763565424004",-0.0791771875919047,0.738153132044881
"100054",0.391800295239677,NA,NA,NA,0.695055506770665,1.31753520906001,1.79358630404968,NA,4,0.25,1.04949432878001,"1.52904792701373",-0.0791771875919047,0.738153132044881
"100055",0.928276360935514,0.571382395868546,0.206408974898728,NA,0.372568359452453,0.905115952232167,0.996930410212857,-0.448642460673878,7,0.142857142857143,0.504577141846627,"0.790830932087731",-0.0791771875919047,0.738153132044881
"100057",1.46475242663135,1.47236860234781,-0.137152465778977,0.788810559488052,0.372568359452453,1.59248138027858,0.236486147914072,1.54697723722979,8,0.125,0.917161530945391,"1.34977239177618",-0.0791771875919047,0.738153132044881
"100062",-0.859977191383941,-0.431870923127763,0.807641496084711,0.788810559488052,0.30807092998881,-0.148844370772328,-0.56016974592275,0.901335570260955,8,0.125,0.100624540576968,"0.243583235460607",-0.0791771875919047,0.738153132044881
"100063",-1.75410396754367,NA,-0.308933186117829,NA,0.82405036569795,0.4010479716648,0.200274516376035,-0.800810642656877,6,0.166666666666667,-0.239745823763265,"-0.217527541645109",-0.0791771875919047,0.738153132044881
"100067",-0.323501125688104,1.01842344467722,0.120518614729302,NA,0.372568359452453,0.217750524185757,0.345121042528184,1.89914541921279,7,0.142857142857143,0.521432325585372,"0.813665196425339",-0.0791771875919047,0.738153132044881
"100068",0.928276360935514,1.49955353099158,0.807641496084711,0.0710226556471613,0.953045224625234,0.996764675971688,0.888295515598744,0.431777994283622,8,0.125,0.822047181767282,"1.2209178966193",-0.0791771875919047,0.738153132044881
"100069",-0.144675770456158,0.24861530657425,0.635860775745859,NA,0.179076071061526,-0.790385436948978,0.0916396217619223,NA,6,0.166666666666667,0.0366884279564035,"0.15696690905765",-0.0791771875919047,0.738153132044881
"100071",-1.03880254661589,1.08099193123828,-2.62797291069234,NA,-0.723887941429468,-1.70687267434419,-1.42924890283565,1.37089314623829,7,0.142857142857143,-0.72498569977728,"-0.874897747024813",-0.0791771875919047,0.738153132044881
"100072",0.749451005703569,1.51163572149992,1.06531257659299,NA,0.759552936234307,1.72995446588786,0.453755937142296,1.66436663122412,7,0.142857142857143,1.1334327534693,"1.64276203462275",-0.0791771875919047,0.738153132044881
"100073",-1.03880254661589,1.8149850046201,0.0346282545598759,0.0710226556471613,0.953045224625234,1.04258903784145,0.779660620984633,0.431777994283622,8,0.125,0.511113280743273,"0.799685651539426",-0.0791771875919047,0.738153132044881
"100075",0.749451005703569,0.972683723467068,-0.394823546287255,0.429916607567607,0.56606064784338,0.355223609795039,0.852083884060707,0.549167388277956,8,0.125,0.509970415053509,"0.798137374305136",-0.0791771875919047,0.738153132044881
"100077",-1.21762790184783,0.938163179157519,0.464080055407006,-1.84307842126188,-0.014416217329402,-1.06533160816754,-0.342899956694526,-1.38775761262854,8,0.125,-0.55860856042065,"-0.649501237636956",-0.0791771875919047,0.738153132044881
"100080",0.570625650471623,2.29956714536541,1.15120293676242,0.190653972953976,1.27553237194345,0.813467228492645,0.381332674066222,0.490472691280789,8,0.125,0.896606833917066,"1.32192627674124",-0.0791771875919047,0.738153132044881
"100084",-0.323501125688104,0.349587898679684,-1.33961750815094,0.908441876794867,0.30807092998881,1.36335957092977,0.924507147136782,0.901335570260955,8,0.125,0.386523044993978,"0.630899216393988",-0.0791771875919047,0.738153132044881
"100086",-0.50232648092005,0.849272777560426,-0.910165707303813,NA,0.179076071061526,0.905115952232167,0.236486147914072,1.25350375224396,7,0.142857142857143,0.287280358969755,"0.496451929353025",-0.0791771875919047,0.738153132044881
"100087",0.570625650471623,1.86374527345734,1.92421617828725,0.788810559488052,1.46902466033437,0.538521057274082,0.526179200218371,0.666556782272289,8,0.125,1.04345992022542,"1.52087291793686",-0.0791771875919047,0.738153132044881
"100088",2.00122849232719,0.371594745677023,1.23709329693184,-0.168239978966468,0.759552936234307,0.538521057274082,0.562390831756408,1.66436663122412,8,0.125,0.870813501557313,"1.28698321243655",-0.0791771875919047,0.738153132044881
"100090",-0.681151836151995,0.491553637152711,-0.824275347134387,0.788810559488052,-0.594893082502183,-0.377966180121132,0.272697779452109,-0.683421248662545,8,0.125,-0.201080714809921,"-0.165146663918246",-0.0791771875919047,0.738153132044881
"100092",0.0341495847757862,0.598567324512316,1.58065473760955,0.549547924874422,0.114578641597884,0.217750524185757,1.06935367328893,1.89914541921279,8,0.125,0.757968478757179,"1.13410839838878",-0.0791771875919047,0.738153132044881
"100093",0.212974940007734,-1.44245985778985,-1.16783678781209,-0.407502613580099,1.14653751301616,0.492696695404321,-0.16184179900434,0.314388600289289,8,0.125,-0.126630413683609,"-0.0642864251760968",-0.0791771875919047,0.738153132044881
"100099",-1.03880254661589,NA,-0.652494626795534,NA,-1.30436480660225,-0.103020008902567,-0.234265062080414,0.0796098123006222,6,0.166666666666667,-0.542222873116005,"-0.627303015353116",-0.0791771875919047,0.738153132044881
"10009F",NA,1.0313686487933,1.32298365710127,NA,1.2110349424798,1.59248138027858,1.06935367328893,NA,5,0.2,1.24544446038838,"1.79450792860653",-0.0791771875919047,0.738153132044881
"100105",0.570625650471623,1.69200556551733,0.464080055407006,-0.168239978966468,0.114578641597884,0.813467228492645,0.308909410990147,0.960030267258122,8,0.125,0.594432105096036,"0.912560366467407",-0.0791771875919047,0.738153132044881
"100107",0.0341495847757862,NA,NA,NA,0.501563218379738,0.126101800446235,0.12785125329996,NA,4,0.25,0.19741646422543,"0.374710395187373",-0.0791771875919047,0.738153132044881
"100109",-0.323501125688104,1.65187543275747,0.893531856254137,NA,0.243573500525168,-0.0113712851630466,0.852083884060707,1.25350375224396,7,0.142857142857143,0.651385144998613,"0.989716497668533",-0.0791771875919047,0.738153132044881
"100110",0.391800295239677,0.298670095823098,-1.25372714798152,-0.287871296273283,-0.917380229820394,1.04258903784145,-0.958497692841162,1.07741966125246,8,0.125,-0.0758746595949598,"0.00447404183979554",-0.0791771875919047,0.738153132044881
"100113",2.35887920279108,2.61845067342488,0.721751135915285,0.190653972953976,1.46902466033437,0.584345419143842,1.86600956712575,0.783946176266623,8,0.125,1.32413260099448,"1.90110930600381",-0.0791771875919047,0.738153132044881
"100117",0.570625650471623,0.240848184104601,-0.223042825948403,NA,0.179076071061526,0.355223609795039,0.634814094832484,-0.272558369682376,7,0.142857142857143,0.212140916376356,"0.394658088303754",-0.0791771875919047,0.738153132044881
"100118",0.928276360935514,1.98629320575624,-0.223042825948403,NA,0.114578641597884,0.996764675971688,1.25041183097912,1.07741966125246,7,0.142857142857143,0.875814507220643,"1.29375823708418",-0.0791771875919047,0.738153132044881
"100121",0.570625650471623,NA,-0.137152465778977,NA,-0.143411076256686,-0.469614903860653,-0.234265062080414,NA,5,0.2,-0.0827635715010214,"-0.00485859065473509",-0.0791771875919047,0.738153132044881
"100122",-0.681151836151995,-0.0866654800322587,0.979422216423564,NA,-0.981877659284037,1.27171084719025,0.852083884060707,-0.155168975688045,7,0.142857142857143,0.171193285216884,"0.339185003679651",-0.0791771875919047,0.738153132044881
"100124",-0.859977191383941,NA,NA,NA,0.953045224625234,0.44687233353456,0.0916396217619223,-0.976894733648377,5,0.2,-0.0690629490221203,"0.0137020871831368",-0.0791771875919047,0.738153132044881
"100125",-0.144675770456158,NA,NA,NA,-0.272405935183971,-0.332141818251371,0.852083884060707,0.0209151153034555,5,0.2,0.0247550950945325,"0.140800435810002",-0.0791771875919047,0.738153132044881
"100126",0.391800295239677,NA,0.206408974898728,NA,0.179076071061526,1.40918393279953,0.417544305604259,1.13611435824962,6,0.166666666666667,0.623354656308891,"0.951742685091094",-0.0791771875919047,0.738153132044881
"100127",-0.323501125688104,-1.32595302074512,0.37818969523758,0.310285290260791,-0.014416217329402,-0.28631745638161,-0.125630167466301,1.42958784323546,8,0.125,0.00528060514041144,"0.114417712349666",-0.0791771875919047,0.738153132044881
"100128",1.6435777818633,2.22232742747279,0.292299335068155,-0.766396565500545,1.2110349424798,0.355223609795039,1.43146998866931,-0.213863672685211,8,0.125,0.771959105895329,"1.15306195494878",-0.0791771875919047,0.738153132044881
"100130",-0.144675770456158,NA,NA,NA,NA,NA,NA,NA,1,1,-0.144675770456158,"-0.0887330555420189",-0.0791771875919047,0.738153132044881
"100131",1.2859270713994,-0.275665460127047,-0.566604266626108,NA,1.14653751301616,0.721818504753124,0.996930410212857,-0.976894733648377,7,0.142857142857143,0.333149862711431,"0.558592834472002",-0.0791771875919047,0.738153132044881
"100132",-1.03880254661589,NA,-1.76906930899807,NA,0.82405036569795,-0.790385436948978,-0.632593008998825,0.607862085275123,6,0.166666666666667,-0.466489641764782,"-0.524704749406019",-0.0791771875919047,0.738153132044881
"100134",-0.50232648092005,NA,NA,NA,NA,-1.79852139808371,-0.306688325156488,NA,3,0.333333333333333,-0.869178734720083,"-1.07024073032064",-0.0791771875919047,0.738153132044881
"100135",-0.50232648092005,-1.57406943297001,-0.308933186117829,1.1477045114085,0.0500812121342405,-0.28631745638161,-0.306688325156488,-0.507337157671043,8,0.125,-0.285985789459287,"-0.2801703235946",-0.0791771875919047,0.738153132044881
"100137",0.391800295239677,0.724567311242175,-1.42550786832037,NA,-0.272405935183971,-0.103020008902567,-0.596381377460788,1.01872496425529,7,0.142857142857143,-0.0374603741615079,"0.0565151208053945",-0.0791771875919047,0.738153132044881
"100140",0.212974940007734,NA,0.721751135915285,NA,-1.11087251821132,-0.652912351339696,-0.270476693618452,-0.448642460673878,6,0.166666666666667,-0.258029657986721,"-0.242297245152029",-0.0791771875919047,0.738153132044881
"100142",-3.18470680939923,NA,NA,NA,-0.465898223574898,-1.56939958873491,-2.91392579589518,-2.03339927959738,5,0.2,-2.03346593944032,"-2.64753838601824",-0.0791771875919047,0.738153132044881
"100150",0.212974940007734,NA,NA,NA,-0.207908505720328,0.950940314101927,1.46768162020734,NA,4,0.25,0.605922092149169,"0.928126224762017",-0.0791771875919047,0.738153132044881
"100151",2.35887920279108,2.42297809127205,0.979422216423564,1.02807319410168,1.92050666657987,1.18006212345073,1.86600956712575,1.72306132822129,8,0.125,1.68487404874575,"2.38981745081914",-0.0791771875919047,0.738153132044881
"100154",1.10710171616746,-0.588939399736218,-0.738384986964961,0.669179242181237,-0.917380229820394,-0.332141818251371,1.21420019944108,0.314388600289289,8,0.125,0.0910029154132654,"0.230548507643293",-0.0791771875919047,0.738153132044881
"100156",-0.323501125688104,NA,0.0346282545598759,NA,-1.30436480660225,-0.469614903860653,0.0916396217619223,-0.213863672685211,6,0.166666666666667,-0.364179438752403,"-0.386101797564641",-0.0791771875919047,0.738153132044881
"100157",1.10710171616746,-1.37600780999397,-3.05742471153947,-1.00565920011418,-0.981877659284037,1.45500829466929,-0.379111588232563,-0.976894733648377,8,0.125,-0.651858211496979,"-0.775829565768549",-0.0791771875919047,0.738153132044881
"10015F",NA,NA,NA,NA,1.53352208979802,1.72995446588786,2.33676077712024,NA,3,0.333333333333333,1.86674577760204,"2.63620498337956",-0.0791771875919047,0.738153132044881
"100161",0.212974940007734,-1.89295296102948,-1.33961750815094,0.669179242181237,-0.336903364647613,1.36335957092977,1.50389325174538,0.666556782272289,8,0.125,0.105811244163547,"0.250609831110497",-0.0791771875919047,0.738153132044881
"100166",0.391800295239677,1.01324536303079,-0.308933186117829,NA,0.243573500525168,0.355223609795039,0.381332674066222,0.314388600289289,7,0.142857142857143,0.341518693832622,"0.569930361548541",-0.0791771875919047,0.738153132044881
"100167",1.10710171616746,0.243868731731686,-0.0512621056095504,NA,0.437065788916096,1.72995446588786,1.68495140943557,0.607862085275123,7,0.142857142857143,0.822791727400606,"1.22192655674821",-0.0791771875919047,0.738153132044881
"100168",0.928276360935514,2.08208771621524,-0.738384986964961,-1.2449218347278,0.501563218379738,-0.0571956470328073,0.272697779452109,-0.213863672685211,8,0.125,0.191282366696478,"0.366400334222165",-0.0791771875919047,0.738153132044881
"100173",0.212974940007734,0.976567284701893,-0.480713906456682,-1.12529051742099,0.179076071061526,0.675994142883363,0.743448989446595,-0.976894733648377,8,0.125,0.0256452838218829,"0.142006403364301",-0.0791771875919047,0.738153132044881
"100175",-1.93292932277561,NA,NA,NA,-0.0789136467930435,0.675994142883363,-1.32061400822154,NA,4,0.25,-0.664115708726707,"-0.792435195004006",-0.0791771875919047,0.738153132044881
"100176",0.928276360935514,0.611081021824528,0.893531856254137,-0.287871296273283,1.40452723087073,0.492696695404321,0.562390831756408,1.89914541921279,8,0.125,0.812972264998143,"1.20862381240401",-0.0791771875919047,0.738153132044881
"100177",-0.144675770456158,-0.604905151479384,0.292299335068155,NA,-1.36886223606589,-0.515439265730414,1.03314204175089,0.0209151153034555,7,0.142857142857143,-0.183932275944192,"-0.141915117344402",-0.0791771875919047,0.738153132044881
"100179",1.10710171616746,1.38779326878941,-0.394823546287255,-0.527133930886914,-2.01383653070232,0.4010479716648,-0.379111588232563,-0.448642460673878,8,0.125,-0.108450637520157,"-0.0396576924995996",-0.0791771875919047,0.738153132044881
"100180",0.391800295239677,NA,NA,NA,-0.0789136467930435,0.171926162315996,0.707237357908557,NA,4,0.25,0.298012542167797,"0.510991166175487",-0.0791771875919047,0.738153132044881
"100181",0.0341495847757862,NA,NA,NA,NA,0.996764675971688,0.96071877867482,NA,3,0.333333333333333,0.663877679807431,"1.00664053993902",-0.0791771875919047,0.738153132044881
"100183",0.0341495847757862,NA,NA,NA,0.30807092998881,1.13423776158097,0.96071877867482,NA,4,0.25,0.609294263755097,"0.932694615058738",-0.0791771875919047,0.738153132044881
"100187",-0.144675770456158,NA,-0.223042825948403,NA,-0.143411076256686,-0.28631745638161,0.0916396217619223,0.196999206294956,6,0.166666666666667,-0.0848013834976632,"-0.00761928069068547",-0.0791771875919047,0.738153132044881
"100189",0.570625650471623,0.454444052019943,0.37818969523758,NA,1.46902466033437,0.44687233353456,-0.306688325156488,1.01872496425529,7,0.142857142857143,0.575884718670983,"0.88743362024109",-0.0791771875919047,0.738153132044881
"100191",0.212974940007734,1.17160836005085,0.206408974898728,NA,0.501563218379738,-0.882034160688499,-0.342899956694526,0.607862085275123,7,0.142857142857143,0.210783351604164,"0.39281895125582",-0.0791771875919047,0.738153132044881
"100200",0.391800295239677,NA,NA,NA,-1.23986737713861,0.492696695404321,-0.958497692841162,NA,4,0.25,-0.328467019833942,"-0.337721024838625",-0.0791771875919047,0.738153132044881
"100204",0.570625650471623,1.87237540953473,1.32298365710127,0.669179242181237,-1.43335966552953,0.492696695404321,0.308909410990147,0.314388600289289,8,0.125,0.514724875055385,"0.804578395545139",-0.0791771875919047,0.738153132044881
"100206",0.570625650471623,NA,-0.223042825948403,NA,-0.336903364647613,-0.148844370772328,0.598602463294446,0.666556782272289,6,0.166666666666667,0.187832389111669,"0.361726537641161",-0.0791771875919047,0.738153132044881
"100209",1.10710171616746,0.167492027446805,1.32298365710127,NA,-0.0789136467930435,1.04258903784145,1.43146998866931,0.607862085275123,7,0.142857142857143,0.800083552244052,"1.19116305501566",-0.0791771875919047,0.738153132044881
"100211",0.928276360935514,NA,0.549970415576432,NA,0.759552936234307,0.309399247925278,0.815872252522671,1.07741966125246,6,0.166666666666667,0.740081812407776,"1.10987675108838",-0.0791771875919047,0.738153132044881
"100212",-1.75410396754367,-2.23470634969403,0.549970415576432,-0.168239978966468,-1.11087251821132,-0.790385436948978,-1.93621174436817,-0.389947763676711,8,0.125,-0.979312167979115,"-1.21944206602985",-0.0791771875919047,0.738153132044881
"100213",0.0341495847757862,1.2527316391783,-0.480713906456682,-0.168239978966468,0.179076071061526,0.538521057274082,-0.7050162720749,0.607862085275123,8,0.125,0.157296285008345,"0.320358286559261",-0.0791771875919047,0.738153132044881
"100217",-0.323501125688104,0.183889285993843,-0.308933186117829,NA,0.0500812121342405,-0.0113712851630466,0.707237357908557,0.0209151153034555,7,0.142857142857143,0.0454739106244452,"0.168868887504457",-0.0791771875919047,0.738153132044881
"100220",1.82240313709524,1.80333432091562,0.893531856254137,NA,0.179076071061526,0.44687233353456,0.417544305604259,1.25350375224396,7,0.142857142857143,0.973752253815615,"1.4264376803369",-0.0791771875919047,0.738153132044881
"100223",-0.50232648092005,-0.547946253368626,1.06531257659299,1.02807319410168,-1.56235452445682,1.40918393279953,-0.7050162720749,1.42958784323546,8,0.125,0.201814251988658,"0.380668220972174",-0.0791771875919047,0.738153132044881
"100224",0.570625650471623,NA,NA,NA,0.30807092998881,0.0344530767067141,0.996930410212857,0.0796098123006222,5,0.2,0.397937975936125,"0.646363393739581",-0.0791771875919047,0.738153132044881
"100226",0.570625650471623,1.72436857580753,-0.308933186117829,-0.0486086616596539,-0.143411076256686,0.859291590362406,0.164062884837997,-0.56603185466821,8,0.125,0.281420490347147,"0.48851337518558",-0.0791771875919047,0.738153132044881
"100228",0.391800295239677,0.737081008554388,-0.738384986964961,0.549547924874422,-0.401400794111256,-0.0113712851630466,-1.50167216591172,0.901335570260955,8,0.125,-0.00913305415269284,"0.094891060402563",-0.0791771875919047,0.738153132044881
"100230",0.570625650471623,NA,NA,NA,0.759552936234307,0.538521057274082,0.526179200218371,NA,4,0.25,0.598719711049596,"0.918368925379407",-0.0791771875919047,0.738153132044881
"100231",-0.859977191383941,-0.836192798353372,0.893531856254137,-0.646765248193729,-2.27182624855689,-0.515439265730414,-0.632593008998825,-0.624726551665378,8,0.125,-0.686748557078551,"-0.823096649069973",-0.0791771875919047,0.738153132044881
"100232",-0.859977191383941,NA,-0.137152465778977,NA,-0.594893082502183,-0.561263627600174,-2.04484663898228,0.490472691280789,6,0.166666666666667,-0.617943385827795,"-0.729884050946671",-0.0791771875919047,0.738153132044881
"100236",0.0341495847757862,1.82188911348201,0.721751135915285,-1.60381578664825,-0.143411076256686,-0.652912351339696,-0.487746482846675,1.01872496425529,8,0.125,0.0885786376671326,"0.227264259916244",-0.0791771875919047,0.738153132044881
"100238",0.928276360935514,0.0906838163580558,0.206408974898728,-0.646765248193729,-1.23986737713861,1.13423776158097,1.32283509405519,1.25350375224396,8,0.125,0.38116414184251,"0.623639336405912",-0.0791771875919047,0.738153132044881
"100242",0.0341495847757862,-0.00122713286612189,-0.566604266626108,NA,0.0500812121342405,0.171926162315996,0.453755937142296,-1.73992579461154,7,0.142857142857143,-0.228263471105065,"-0.20197202591304",-0.0791771875919047,0.738153132044881
"100243",0.570625650471623,0.589937188434929,0.120518614729302,-0.168239978966468,-0.014416217329402,1.45500829466929,1.32283509405519,0.314388600289289,8,0.125,0.52383215579422,"0.816916324280341",-0.0791771875919047,0.738153132044881
"100244",1.46475242663135,0.662861838288854,-1.59728858865922,NA,0.630558077307023,0.0802774385764748,0.0192163586858474,0.666556782272289,7,0.142857142857143,0.275276333300374,"0.480189686265163",-0.0791771875919047,0.738153132044881
"100246",-1.39645325707978,0.370300225265415,0.292299335068155,-1.36455315203462,-0.917380229820394,0.492696695404321,-1.24819074514546,-0.155168975688045,8,0.125,-0.490806263003801,"-0.557647265238277",-0.0791771875919047,0.738153132044881
"100248",0.928276360935514,1.51853983036183,-1.08194642764267,-0.527133930886914,-0.78838537089311,0.950940314101927,0.236486147914072,-0.0377795816937112,8,0.125,0.149874667774618,"0.310303980871812",-0.0791771875919047,0.738153132044881
"100249",-0.50232648092005,-1.13695304065033,-2.1985211098452,NA,0.114578641597884,-0.92785852255826,-1.21197911360742,0.373083297286456,7,0.142857142857143,-0.78428233267099,"-0.955228819697285",-0.0791771875919047,0.738153132044881
"100252",0.570625650471623,NA,1.06531257659299,NA,-0.207908505720328,0.950940314101927,-0.016995272852189,1.07741966125246,6,0.166666666666667,0.573232403974413,"0.883840443457809",-0.0791771875919047,0.738153132044881
"100253",0.391800295239677,1.76320418815577,-0.652494626795534,-0.0486086616596539,1.27553237194345,0.126101800446235,0.852083884060707,0.373083297286456,8,0.125,0.510087818584638,"0.798296424678335",-0.0791771875919047,0.738153132044881
"100254",0.570625650471623,0.324992010859129,1.49476437744012,0.788810559488052,-0.917380229820394,-0.0113712851630466,-0.632593008998825,0.490472691280789,8,0.125,0.263540095694681,"0.46429022435652",-0.0791771875919047,0.738153132044881
"100256",0.570625650471623,2.40614932592115,-0.566604266626108,-0.766396565500545,-0.659390511965826,1.08841339971121,-0.56016974592275,-0.155168975688045,8,0.125,0.169682288800089,"0.337138007804134",-0.0791771875919047,0.738153132044881
"100258",0.749451005703569,2.56408081613734,0.721751135915285,-0.287871296273283,1.72701437818894,1.50083265653905,0.96071877867482,0.490472691280789,8,0.125,1.05330627077081,"1.53421208852076",-0.0791771875919047,0.738153132044881
"100259",0.570625650471623,0.119163265413436,-0.0512621056095504,NA,-0.78838537089311,1.04258903784145,0.12785125329996,0.0796098123006222,7,0.142857142857143,0.15717022040349,"0.320187502748446",-0.0791771875919047,0.738153132044881
"100260",0.0341495847757862,1.09738918978532,0.464080055407006,NA,-0.465898223574898,0.126101800446235,-0.415323219770601,-0.624726551665378,7,0.142857142857143,0.0308246622004958,"0.149023075317267",-0.0791771875919047,0.738153132044881
"100264",-0.144675770456158,0.677533069620413,-1.68317894882865,-1.00565920011418,0.437065788916096,0.0802774385764748,0.743448989446595,0.431777994283622,8,0.125,-0.0579263298194724,"0.0287892265844104",-0.0791771875919047,0.738153132044881
"100265",-0.323501125688104,0.268896126356111,-1.33961750815094,NA,-0.0789136467930435,-0.194668732642089,-0.451534851308639,1.72306132822129,7,0.142857142857143,-0.0566112014293454,"0.0305708736885604",-0.0791771875919047,0.738153132044881
"100266",0.212974940007734,NA,NA,NA,0.501563218379738,1.22588648532049,0.815872252522671,-0.683421248662545,5,0.2,0.414575129513618,"0.66890228554297",-0.0791771875919047,0.738153132044881
"100267",-0.681151836151995,NA,-0.137152465778977,NA,-0.0789136467930435,-0.194668732642089,-0.198053430542376,-0.859505339654043,6,0.166666666666667,-0.358240908593754,"-0.378056678061866",-0.0791771875919047,0.738153132044881
"100268",0.749451005703569,NA,NA,NA,0.437065788916096,0.4010479716648,1.06935367328893,0.255693903292122,5,0.2,0.582522468573104,"0.896425995419032",-0.0791771875919047,0.738153132044881
"100269",0.0341495847757862,0.362101595991897,0.635860775745859,NA,-0.723887941429468,0.4010479716648,0.562390831756408,0.373083297286456,7,0.142857142857143,0.234963730827391,"0.425576895608424",-0.0791771875919047,0.738153132044881
"100275",-0.681151836151995,1.43266997639183,-0.223042825948403,NA,0.114578641597884,-0.790385436948978,-0.487746482846675,-0.389947763676711,7,0.142857142857143,-0.146432246797579,"-0.0911126110368991",-0.0791771875919047,0.738153132044881
"100276",0.570625650471623,0.259402976670984,0.635860775745859,NA,1.34002980140709,0.813467228492645,1.14177693636501,-0.800810642656877,7,0.142857142857143,0.565764675213761,"0.873723668988582",-0.0791771875919047,0.738153132044881
"100277",NA,NA,NA,NA,NA,NA,NA,NA,0,NA,NA,"NaN",-0.0791771875919047,0.738153132044881
"100281",1.10710171616746,0.779800182137455,1.23709329693184,NA,1.2110349424798,1.13423776158097,1.82979793558772,-1.09428412764271,7,0.142857142857143,0.886397386748934,"1.30809520738053",-0.0791771875919047,0.738153132044881
"100284",-1.75410396754367,NA,NA,NA,0.630558077307023,NA,0.164062884837997,NA,3,0.333333333333333,-0.319827668466216,"-0.326017015206107",-0.0791771875919047,0.738153132044881
"100285",0.749451005703569,NA,NA,NA,0.179076071061526,0.309399247925278,0.526179200218371,0.0796098123006222,5,0.2,0.368743067441873,"0.606812103869179",-0.0791771875919047,0.738153132044881
"100286",-0.323501125688104,1.27473848617563,0.206408974898728,0.429916607567607,-0.594893082502183,0.4010479716648,0.0916396217619223,-1.73992579461154,8,0.125,-0.0318210425916425,"0.0641549062713763",-0.0791771875919047,0.738153132044881
"100287",0.391800295239677,1.77701240587959,0.120518614729302,NA,0.501563218379738,0.813467228492645,-0.16184179900434,0.138304509297789,7,0.142857142857143,0.511546353287772,"0.800272348968046",-0.0791771875919047,0.738153132044881
"100288",-0.144675770456158,1.60225215031249,NA,NA,NA,-0.28631745638161,0.236486147914072,0.138304509297789,5,0.2,0.309209916137317,"0.526160612030848",-0.0791771875919047,0.738153132044881
"100289",1.6435777818633,1.66999871851999,2.0959968986261,0.429916607567607,1.53352208979802,1.59248138027858,1.75737467251164,1.95784011620996,8,0.125,1.5850885331719,"2.25463477497324",-0.0791771875919047,0.738153132044881
"100290",0.391800295239677,0.822950862524394,-0.738384986964961,NA,-1.11087251821132,0.309399247925278,-0.741227903612937,1.01872496425529,7,0.142857142857143,-0.00680143412065451,"0.0980497817177177",-0.0791771875919047,0.738153132044881
"100291",-0.859977191383941,-0.899192791718302,-0.223042825948403,NA,-0.594893082502183,-1.47775086499539,-0.813651166689013,NA,6,0.166666666666667,-0.811417987206205,"-0.991990371409518",-0.0791771875919047,0.738153132044881
"100292",-0.144675770456158,NA,-0.394823546287255,NA,-1.04637508874768,-2.11929193117204,-0.596381377460788,-0.0964742786908779,6,0.166666666666667,-0.733003665469132,"-0.885759945319143",-0.0791771875919047,0.738153132044881
"100296",1.10710171616746,NA,NA,NA,1.08204008355252,1.45500829466929,2.19191425096809,NA,4,0.25,1.45901608633934,"2.08384034037767",-0.0791771875919047,0.738153132044881
"100299",-0.681151836151995,1.22597821733839,-0.394823546287255,NA,-0.272405935183971,-0.973682884428019,-0.16184179900434,-0.0377795816937112,7,0.142857142857143,-0.185101052201557,"-0.143498496465381",-0.0791771875919047,0.738153132044881
"100302",0.391800295239677,NA,0.37818969523758,NA,-0.336903364647613,0.263574886055518,0.489967568680334,0.314388600289289,6,0.166666666666667,0.250169613475797,"0.446176798241476",-0.0791771875919047,0.738153132044881
"100307",0.212974940007734,NA,0.635860775745859,NA,-0.143411076256686,-0.377966180121132,0.0554279902238849,0.490472691280789,6,0.166666666666667,0.145559856813408,"0.304458566453185",-0.0791771875919047,0.738153132044881
"100313",-0.144675770456158,NA,NA,NA,NA,0.217750524185757,0.634814094832484,NA,3,0.333333333333333,0.235962949520694,"0.426930569595467",-0.0791771875919047,0.738153132044881
"100314",2.00122849232719,NA,NA,NA,0.953045224625234,0.905115952232167,1.57631651482146,1.07741966125246,5,0.2,1.3026251690517,"1.87197249006537",-0.0791771875919047,0.738153132044881
"100315",-1.03880254661589,-1.96113103604084,-0.996056067473239,NA,-0.530395653038541,-0.469614903860653,1.03314204175089,1.42958784323546,7,0.142857142857143,-0.361895760291831,"-0.383008024251987",-0.0791771875919047,0.738153132044881
"100316",-0.323501125688104,NA,-1.08194642764267,NA,1.2110349424798,-0.698736713209456,0.236486147914072,1.25350375224396,6,0.166666666666667,0.0994734293496009,"0.242023787728971",-0.0791771875919047,0.738153132044881
"100319",0.391800295239677,1.20310835673332,0.464080055407006,NA,-0.143411076256686,1.08841339971121,0.888295515598744,0.138304509297789,7,0.142857142857143,0.575798722247294,"0.887317118095457",-0.0791771875919047,0.738153132044881
"100320",0.570625650471623,NA,0.464080055407006,NA,0.243573500525168,0.675994142883363,0.598602463294446,-0.507337157671043,6,0.166666666666667,0.34092310915176,"0.569123503655502",-0.0791771875919047,0.738153132044881
"100321",0.0341495847757862,1.11076590070527,0.292299335068155,NA,-0.465898223574898,-0.0571956470328073,0.562390831756408,-0.0377795816937112,7,0.142857142857143,0.205533171429172,"0.385706361811882",-0.0791771875919047,0.738153132044881
"100329",0.749451005703569,NA,NA,NA,1.08204008355252,1.6841301040181,0.0192163586858474,-0.155168975688045,5,0.2,0.675933715254398,"1.02297324236022",-0.0791771875919047,0.738153132044881
"100330",0.212974940007734,NA,NA,NA,NA,NA,0.526179200218371,NA,2,0.5,0.369577070113053,"0.607941954350026",-0.0791771875919047,0.738153132044881
"100350",0.212974940007734,NA,NA,NA,NA,-0.561263627600174,0.200274516376035,NA,3,0.333333333333333,-0.0493380570721351,"0.0404240383524584",-0.0791771875919047,0.738153132044881
"100359",0.391800295239677,-0.837055811961111,0.0346282545598759,NA,0.0500812121342405,0.767642866622885,0.562390831756408,0.431777994283622,7,0.142857142857143,0.2001808060908,"0.37845533881135",-0.0791771875919047,0.738153132044881
"100360",0.0341495847757862,NA,NA,NA,NA,0.675994142883363,0.526179200218371,NA,3,0.333333333333333,0.41210764262584,"0.665559500989659",-0.0791771875919047,0.738153132044881
"100361",0.0341495847757862,NA,NA,NA,NA,0.996764675971688,0.453755937142296,NA,3,0.333333333333333,0.494890065963257,"0.777707536056702",-0.0791771875919047,0.738153132044881
"100362",0.391800295239677,NA,NA,NA,NA,NA,0.381332674066222,NA,2,0.5,0.38656648465295,"0.630958065509551",-0.0791771875919047,0.738153132044881
"100363",1.2859270713994,NA,NA,NA,NA,1.08841339971121,0.489967568680334,0.373083297286456,4,0.25,0.809347834269351,"1.2037136784881",-0.0791771875919047,0.738153132044881
"10057F",NA,0.961033039762596,0.549970415576432,NA,1.72701437818894,1.36335957092977,1.61252814635949,NA,5,0.2,1.24278111016345,"1.79089980163489",-0.0791771875919047,0.738153132044881
"10063F",NA,-0.312775045259814,-0.223042825948403,NA,1.92050666657987,1.9132519133669,1.7211630409736,NA,5,0.2,1.00382074994243,"1.46717244771982",-0.0791771875919047,0.738153132044881
"10064F",NA,NA,0.549970415576432,NA,0.179076071061526,1.40918393279953,0.924507147136782,NA,4,0.25,0.765684391643568,"1.14456139594637",-0.0791771875919047,0.738153132044881
"10065F",NA,0.808279631192836,0.979422216423564,NA,1.98500409604351,0.905115952232167,0.779660620984633,NA,5,0.2,1.09149650337534,"1.58594963584882",-0.0791771875919047,0.738153132044881
"10099F",NA,0.614533076255484,1.32298365710127,NA,1.2110349424798,1.50083265653905,1.75737467251164,NA,5,0.2,1.28135180097745,"1.84315276804466",-0.0791771875919047,0.738153132044881
"101300",NA,NA,NA,NA,NA,NA,NA,NA,0,NA,NA,"NaN",-0.0791771875919047,0.738153132044881
"101303",NA,NA,NA,NA,NA,NA,NA,NA,0,NA,NA,"NaN",-0.0791771875919047,0.738153132044881
"101304",-0.50232648092005,NA,NA,NA,NA,NA,-0.415323219770601,NA,2,0.5,-0.458824850345325,"-0.514321007758506",-0.0791771875919047,0.738153132044881
"101307",-4.25765894079091,NA,NA,NA,-1.43335966552953,NA,-1.90000011283014,NA,3,0.333333333333333,-2.53033957305019,"-3.32066922031194",-0.0791771875919047,0.738153132044881
"101308",-0.681151836151995,NA,NA,NA,-0.014416217329402,-3.72314459661366,-1.53788379744976,NA,4,0.25,-1.4891491118862,"-1.91013471742415",-0.0791771875919047,0.738153132044881
"101309",-0.144675770456158,NA,NA,NA,NA,NA,NA,NA,1,1,-0.144675770456158,"-0.0887330555420189",-0.0791771875919047,0.738153132044881
"101311",-0.144675770456158,NA,NA,NA,NA,NA,NA,NA,1,1,-0.144675770456158,"-0.0887330555420189",-0.0791771875919047,0.738153132044881
"101312",0.212974940007734,NA,NA,NA,NA,NA,NA,NA,1,1,0.212974940007734,"0.395787967180062",-0.0791771875919047,0.738153132044881
"101313",0.570625650471623,NA,NA,NA,0.759552936234307,NA,1.50389325174538,NA,3,0.333333333333333,0.944690612817104,"1.38706693226732",-0.0791771875919047,0.738153132044881
"101314",NA,NA,NA,NA,NA,NA,NA,NA,0,NA,NA,"NaN",-0.0791771875919047,0.738153132044881
"101315",0.570625650471623,NA,NA,NA,NA,NA,NA,NA,1,1,0.570625650471623,"0.880308989902137",-0.0791771875919047,0.738153132044881
"110001",-0.681151836151995,-2.98941174966158,-1.25372714798152,0.429916607567607,-1.11087251821132,0.0344530767067141,-0.0532069043902274,-0.213863672685211,8,0.125,-0.729733018100941,"-0.881329093201602",-0.0791771875919047,0.738153132044881
"110002",-1.93292932277561,NA,-1.42550786832037,NA,-0.852882800356752,-3.21907661604629,-4.39860268895471,-1.85731518860588,6,0.166666666666667,-2.2810524141766,"-2.9829518171723",-0.0791771875919047,0.738153132044881
"110003",-0.681151836151995,NA,0.979422216423564,NA,0.437065788916096,-1.24862905564658,-1.68273032360191,-1.21167352163704,6,0.166666666666667,-0.567949455282979,"-0.6621556510057",-0.0791771875919047,0.738153132044881
"110005",2.00122849232719,-0.787864036320001,-2.37030183018406,NA,-0.981877659284037,0.813467228492645,0.634814094832484,1.60567193422696,7,0.142857142857143,0.130734032013025,"0.284373540519187",-0.0791771875919047,0.738153132044881
"110006",-0.323501125688104,0.64473855252634,-1.42550786832037,NA,-0.917380229820394,-0.423790541990892,-1.35682563975957,-0.448642460673878,7,0.142857142857143,-0.607272759103839,"-0.715428206677074",-0.0791771875919047,0.738153132044881
"110007",-1.03880254661589,-0.0771723303471324,-0.394823546287255,-0.0486086616596539,-1.04637508874768,-0.423790541990892,-1.13955585053135,-0.918200036651212,8,0.125,-0.635916075353883,"-0.754232236635863",-0.0791771875919047,0.738153132044881
"110008",1.6435777818633,-0.51687776349003,-0.996056067473239,NA,0.372568359452453,0.492696695404321,1.43146998866931,1.84045072221562,7,0.142857142857143,0.609689959520247,"0.933230676951551",-0.0791771875919047,0.738153132044881
"110010",1.46475242663135,0.592957736062015,0.292299335068155,0.788810559488052,0.888547795161592,1.45500829466929,1.35904672559323,0.901335570260955,8,0.125,0.96784480536683,"1.41843466823504",-0.0791771875919047,0.738153132044881
"110011",-0.681151836151995,0.422512548533609,0.549970415576432,NA,-1.30436480660225,-0.148844370772328,0.236486147914072,-0.976894733648377,7,0.142857142857143,-0.271755233592977,"-0.260891727801221",-0.0791771875919047,0.738153132044881
"110015",0.749451005703569,NA,0.635860775745859,NA,0.114578641597884,0.217750524185757,-0.306688325156488,-0.0377795816937112,6,0.166666666666667,0.228862173397145,"0.417310917770813",-0.0791771875919047,0.738153132044881
"110016",1.10710171616746,0.173533122700977,0.549970415576432,NA,0.437065788916096,0.538521057274082,-0.0894185359282648,-2.03339927959738,7,0.142857142857143,0.0976248978727724,"0.239519522155096",-0.0791771875919047,0.738153132044881
"110018",-0.681151836151995,NA,0.893531856254137,NA,0.0500812121342405,-0.240493094511849,-0.0532069043902274,-1.44645230962571,6,0.166666666666667,-0.246281846048567,"-0.226382103119631",-0.0791771875919047,0.738153132044881
"110023",-0.323501125688104,0.383245429381495,0.37818969523758,NA,-0.014416217329402,-0.423790541990892,0.924507147136782,0.0209151153034555,7,0.142857142857143,0.135021357435845,"0.290181719387091",-0.0791771875919047,0.738153132044881
"110024",-1.03880254661589,-0.938459910870415,NA,NA,-0.852882800356752,-0.469614903860653,-1.42924890283565,-0.507337157671043,6,0.166666666666667,-0.8727243703684,"-1.07504411798424",-0.0791771875919047,0.738153132044881
"110025",-0.681151836151995,0.372457759284761,-1.94085002933693,NA,0.888547795161592,0.126101800446235,0.381332674066222,-0.624726551665378,7,0.142857142857143,-0.211184055456499,"-0.178833987331192",-0.0791771875919047,0.738153132044881
"110027",0.0341495847757862,NA,NA,NA,0.437065788916096,-0.194668732642089,0.562390831756408,-0.0377795816937112,5,0.2,0.160231578222498,"0.324334823522562",-0.0791771875919047,0.738153132044881
"110028",-0.323501125688104,-0.539316117291239,-0.308933186117829,-2.8001289597164,0.179076071061526,-0.607087989469935,-0.813651166689013,0.490472691280789,8,0.125,-0.590383722828776,"-0.692548081210051",-0.0791771875919047,0.738153132044881
"110029",0.212974940007734,-0.632521586927025,-0.0512621056095504,-0.527133930886914,0.630558077307023,-0.744561075079217,0.417544305604259,0.842640873263789,8,0.125,0.0185299372100124,"0.132367012426327",-0.0791771875919047,0.738153132044881
"110030",0.570625650471623,0.315067354370134,0.37818969523758,NA,-0.594893082502183,0.492696695404321,1.43146998866931,-1.27036821863421,7,0.142857142857143,0.188969726145224,"0.363267325025487",-0.0791771875919047,0.738153132044881
"110031",0.391800295239677,NA,-0.910165707303813,NA,0.30807092998881,-0.0571956470328073,-0.958497692841162,-0.859505339654043,6,0.166666666666667,-0.347582193600556,"-0.363616971000446",-0.0791771875919047,0.738153132044881
"110032",-0.681151836151995,NA,NA,NA,1.01754265408888,0.44687233353456,-0.777439535150975,NA,4,0.25,0.00145590408011691,"0.109236265717178",-0.0791771875919047,0.738153132044881
"110034",-0.144675770456158,-1.86533652558184,-0.137152465778977,-0.168239978966468,-0.401400794111256,-0.607087989469935,-1.68273032360191,0.0209151153034555,8,0.125,-0.623213591582886,"-0.737023769693771",-0.0791771875919047,0.738153132044881
"110035",2.18005384755913,0.381950908969887,2.86901014015094,0.669179242181237,-0.014416217329402,0.996764675971688,0.526179200218371,0.196999206294956,8,0.125,0.975715125502101,"1.42909684630298",-0.0791771875919047,0.738153132044881
"110036",-2.2905800332395,0.328875572093954,-1.76906930899807,-2.56086632510277,-1.11087251821132,-0.882034160688499,-0.596381377460788,0.490472691280789,8,0.125,-1.04880693254078,"-1.31358887858775",-0.0791771875919047,0.738153132044881
"110038",0.0341495847757862,-1.78076119202344,0.37818969523758,NA,-0.530395653038541,-0.469614903860653,-0.56016974592275,-0.859505339654043,7,0.142857142857143,-0.541158222069438,"-0.62586069803392",-0.0791771875919047,0.738153132044881
"110041",-1.21762790184783,NA,NA,NA,-0.207908505720328,-0.0571956470328073,0.0916396217619223,NA,4,0.25,-0.347773108209761,"-0.363875609216443",-0.0791771875919047,0.738153132044881
"110042",1.46475242663135,0.863512502088116,1.32298365710127,NA,-0.336903364647613,0.630169781013603,1.10556530482697,0.842640873263789,7,0.142857142857143,0.841817311468212,"1.24770113283773",-0.0791771875919047,0.738153132044881
"110043",0.212974940007734,-0.0754463031316552,-2.97153435137004,-1.72344710395506,-1.56235452445682,-2.07346756930228,-0.994709324379199,0.960030267258122,8,0.125,-1.02849424616615,"-1.28607062323828",-0.0791771875919047,0.738153132044881
"110044",-0.144675770456158,NA,NA,NA,0.179076071061526,0.767642866622885,-0.777439535150975,-1.32906291563138,5,0.2,-0.26089185671082,"-0.246174758637841",-0.0791771875919047,0.738153132044881
"110045",0.391800295239677,NA,NA,NA,0.759552936234307,-0.28631745638161,0.779660620984633,NA,4,0.25,0.411174099019252,"0.664294799173653",-0.0791771875919047,0.738153132044881
"110046",-0.144675770456158,NA,-0.223042825948403,NA,0.759552936234307,0.126101800446235,-0.125630167466301,-0.0964742786908779,6,0.166666666666667,0.0493052823531338,"0.174059371107873",-0.0791771875919047,0.738153132044881
"110050",0.212974940007734,NA,NA,NA,NA,0.767642866622885,1.86600956712575,NA,3,0.333333333333333,0.948875791252124,"1.39273672929633",-0.0791771875919047,0.738153132044881
"110051",-1.57527861231172,NA,NA,NA,0.243573500525168,-0.882034160688499,-0.379111588232563,NA,4,0.25,-0.648212715176904,"-0.770890893612576",-0.0791771875919047,0.738153132044881
"110054",-0.859977191383941,-2.918644633827,1.15120293676242,NA,0.243573500525168,-1.38610214125587,-0.922286061303123,-0.272558369682376,7,0.142857142857143,-0.709255994309246,"-0.853588204620707",-0.0791771875919047,0.738153132044881
"110064",-0.50232648092005,-0.446542154459322,-1.33961750815094,NA,0.243573500525168,-0.561263627600174,-0.922286061303123,-2.85512503755771,7,0.142857142857143,-0.911941052780879,"-1.12817223017397",-0.0791771875919047,0.738153132044881
"110069",-1.39645325707978,0.868259076930679,1.06531257659299,NA,0.695055506770665,-0.0571956470328073,-0.632593008998825,-0.155168975688045,7,0.142857142857143,0.0553166102135541,"0.18220311201942",-0.0791771875919047,0.738153132044881
"110071",-1.21762790184783,NA,NA,NA,NA,NA,-0.596381377460788,NA,2,0.5,-0.90700463965431,"-1.12148471113183",-0.0791771875919047,0.738153132044881
"110073",-2.11175467800756,NA,NA,NA,NA,NA,-2.44317458590069,NA,2,0.5,-2.27746463195413,"-2.97809133217708",-0.0791771875919047,0.738153132044881
"110074",-0.681151836151995,0.716368681968657,-0.0512621056095504,0.788810559488052,1.53352208979802,0.630169781013603,0.345121042528184,-0.800810642656877,8,0.125,0.310095946297261,"0.527360945838942",-0.0791771875919047,0.738153132044881
"110075",-1.21762790184783,0.279683796452845,-1.5113982284898,NA,0.0500812121342405,0.0344530767067141,0.345121042528184,-0.976894733648377,7,0.142857142857143,-0.428083105166289,"-0.472674168038578",-0.0791771875919047,0.738153132044881
"110076",0.212974940007734,-1.699637912896,-1.8549596691675,NA,-0.78838537089311,0.996764675971688,0.200274516376035,1.42958784323546,7,0.142857142857143,-0.214768711052243,"-0.18369023658372",-0.0791771875919047,0.738153132044881
"110078",0.749451005703569,1.29243026513428,-0.910165707303813,1.1477045114085,0.759552936234307,0.309399247925278,0.381332674066222,0.255693903292122,8,0.125,0.498174854557558,"0.782157545752117",-0.0791771875919047,0.738153132044881
"110079",0.928276360935514,0.377635840931194,0.979422216423564,NA,0.953045224625234,0.0802774385764748,0.526179200218371,-0.155168975688045,7,0.142857142857143,0.527095329431758,"0.821337051492455",-0.0791771875919047,0.738153132044881
"110082",2.35887920279108,-0.413316130561379,-0.824275347134387,-1.00565920011418,0.82405036569795,0.44687233353456,0.562390831756408,1.48828254023262,8,0.125,0.429653074525335,"0.689328866908204",-0.0791771875919047,0.738153132044881
"110083",1.6435777818633,1.33126587748252,1.83832581811783,0.310285290260791,0.759552936234307,1.13423776158097,1.79358630404968,1.25350375224396,8,0.125,1.25804194022917,"1.81157414331715",-0.0791771875919047,0.738153132044881
"110086",0.0341495847757862,NA,NA,NA,NA,NA,-0.0894185359282648,NA,2,0.5,-0.0276344755762393,"0.0698265844552855",-0.0791771875919047,0.738153132044881
"110087",0.928276360935514,0.991670022837322,0.292299335068155,0.908441876794867,-0.0789136467930435,0.4010479716648,0.489967568680334,0.373083297286456,8,0.125,0.5382340983093,"0.836427103128062",-0.0791771875919047,0.738153132044881
"110089",-1.93292932277561,NA,0.120518614729302,NA,-0.917380229820394,-2.76083299734869,-1.17576748206939,0.431777994283622,6,0.166666666666667,-1.03910223716686,"-1.30044161286115",-0.0791771875919047,0.738153132044881
"110091",0.212974940007734,1.00073166571858,0.464080055407006,NA,0.695055506770665,0.355223609795039,0.707237357908557,1.13611435824962,7,0.142857142857143,0.6530596419796,"0.991984993063721",-0.0791771875919047,0.738153132044881
"110092",-0.323501125688104,NA,NA,NA,NA,NA,-0.886074429765087,NA,2,0.5,-0.604787777726595,"-0.712061721771213",-0.0791771875919047,0.738153132044881
"110095",-0.50232648092005,1.02921111477396,-1.5113982284898,NA,-0.272405935183971,0.355223609795039,-1.06713258745527,-0.683421248662545,7,0.142857142857143,-0.378892822306091,"-0.406034495693183",-0.0791771875919047,0.738153132044881
"110100",NA,NA,NA,NA,NA,NA,-0.886074429765087,NA,1,1,-0.886074429765087,"-1.09312987663937",-0.0791771875919047,0.738153132044881
"110101",-0.323501125688104,NA,NA,NA,NA,NA,NA,NA,1,1,-0.323501125688104,"-0.330993566903058",-0.0791771875919047,0.738153132044881
"110104",-0.50232648092005,NA,NA,NA,0.30807092998881,0.767642866622885,-0.56016974592275,1.60567193422696,5,0.2,0.32377790079917,"0.545896333562634",-0.0791771875919047,0.738153132044881
"110105",0.0341495847757862,NA,NA,NA,0.82405036569795,-0.469614903860653,-0.306688325156488,0.960030267258122,5,0.2,0.208385397742943,"0.389570365349834",-0.0791771875919047,0.738153132044881
"110107",-1.39645325707978,0.158861891369418,-2.54208255052291,-1.12529051742099,-0.723887941429468,0.721818504753124,-0.379111588232563,-0.389947763676711,8,0.125,-0.709511652779985,"-0.85393455344677",-0.0791771875919047,0.738153132044881
"110109",0.0341495847757862,NA,NA,NA,0.0500812121342405,-0.148844370772328,-0.777439535150975,NA,4,0.25,-0.210513277253319,"-0.177925262333546",-0.0791771875919047,0.738153132044881
"110111",0.391800295239677,NA,NA,NA,NA,NA,-0.0532069043902274,NA,2,0.5,0.169296695424725,"0.336615631946573",-0.0791771875919047,0.738153132044881
"110113",0.0341495847757862,NA,NA,NA,NA,NA,NA,NA,1,1,0.0341495847757862,"0.153527455819019",-0.0791771875919047,0.738153132044881
"110121",-1.03880254661589,NA,NA,NA,NA,NA,-1.46546053437368,NA,2,0.5,-1.25213154049479,"-1.58903932257726",-0.0791771875919047,0.738153132044881
"110122",-0.859977191383941,-0.789590063535478,-1.08194642764267,0.788810559488052,0.179076071061526,-1.38610214125587,-0.7050162720749,-2.15078867359171,8,0.125,-0.750691767366873,"-0.90972259091375",-0.0791771875919047,0.738153132044881
"110124",-0.50232648092005,NA,NA,NA,1.01754265408888,-0.240493094511849,-1.10334421899331,NA,4,0.25,-0.207155285084083,"-0.173376081379815",-0.0791771875919047,0.738153132044881
"110125",-0.144675770456158,0.200286544540879,-2.1985211098452,NA,-0.723887941429468,0.538521057274082,-0.0532069043902274,0.666556782272289,7,0.142857142857143,-0.244989620290544,"-0.22463148295435",-0.0791771875919047,0.738153132044881
"110128",0.212974940007734,NA,-0.0512621056095504,NA,0.695055506770665,0.0802774385764748,0.634814094832484,-0.0964742786908779,6,0.166666666666667,0.245897599314488,"0.440389362036369",-0.0791771875919047,0.738153132044881
"110129",-0.323501125688104,1.00245769293406,-0.394823546287255,0.190653972953976,-0.0789136467930435,-0.377966180121132,0.0192163586858474,-1.38775761262854,8,0.125,-0.168829260868025,"-0.12145457274937",-0.0791771875919047,0.738153132044881
"110132",-2.11175467800756,NA,NA,NA,NA,-0.103020008902567,-2.51559784897677,NA,3,0.333333333333333,-1.57679084529563,"-2.02886581752344",-0.0791771875919047,0.738153132044881
"110142",-1.03880254661589,NA,NA,NA,NA,NA,0.164062884837997,NA,2,0.5,-0.437369830888945,"-0.485255196716095",-0.0791771875919047,0.738153132044881
"110143",1.46475242663135,0.157998877761679,-1.5113982284898,NA,0.695055506770665,0.0802774385764748,-0.16184179900434,1.25350375224396,7,0.142857142857143,0.282621139212855,"0.490139933163302",-0.0791771875919047,0.738153132044881
"110146",-0.144675770456158,NA,NA,NA,NA,0.492696695404321,-0.0532069043902274,NA,3,0.333333333333333,0.0982713401859784,"0.240395278532929",-0.0791771875919047,0.738153132044881
"110150",-1.39645325707978,NA,NA,NA,0.501563218379738,-0.515439265730414,-1.50167216591172,NA,4,0.25,-0.728000367585544,"-0.878981815326349",-0.0791771875919047,0.738153132044881
"110153",NA,NA,NA,NA,-0.594893082502183,0.584345419143842,0.308909410990147,NA,3,0.333333333333333,0.0994539158772687,"0.241997352194818",-0.0791771875919047,0.738153132044881
"110161",1.2859270713994,-0.402096953660775,-0.394823546287255,NA,-0.465898223574898,0.996764675971688,0.489967568680334,0.725251479269456,7,0.142857142857143,0.319298867399708,"0.539828441678121",-0.0791771875919047,0.738153132044881
"110164",0.391800295239677,0.109670115728308,0.120518614729302,0.0710226556471613,0.630558077307023,-1.06533160816754,-0.487746482846675,1.72306132822129,8,0.125,0.186694124482318,"0.360184493612712",-0.0791771875919047,0.738153132044881
"110165",-1.39645325707978,NA,NA,NA,NA,-0.607087989469935,-0.668804640536862,-1.03558943064554,4,0.25,-0.92698382943303,"-1.14855116782134",-0.0791771875919047,0.738153132044881
"110168",-0.144675770456158,1.11637548915557,0.893531856254137,0.669179242181237,-0.207908505720328,0.950940314101927,0.634814094832484,1.07741966125246,8,0.125,0.623709547700166,"0.952223467974575",-0.0791771875919047,0.738153132044881
"110177",-0.144675770456158,-0.438343525185804,0.549970415576432,NA,-1.6913493833841,-0.836209798818738,-0.523958114384714,-1.32906291563138,7,0.142857142857143,-0.630518441754923,"-0.746919887253823",-0.0791771875919047,0.738153132044881
"110184",0.928276360935514,NA,-0.0512621056095504,NA,0.56606064784338,0.996764675971688,1.43146998866931,0.0209151153034555,6,0.166666666666667,0.648704113852299,"0.986084417778976",-0.0791771875919047,0.738153132044881
"110190",NA,NA,NA,NA,NA,NA,NA,NA,0,NA,NA,"NaN",-0.0791771875919047,0.738153132044881
"110191",-0.144675770456158,-0.949679087771019,-0.652494626795534,NA,0.501563218379738,0.630169781013603,0.164062884837997,-0.976894733648377,7,0.142857142857143,-0.203992619205679,"-0.169091515290333",-0.0791771875919047,0.738153132044881
"110192",-0.681151836151995,0.203738598971834,-0.910165707303813,NA,1.01754265408888,0.4010479716648,0.743448989446595,-0.272558369682376,7,0.142857142857143,0.0717003287191315,"0.204398667107278",-0.0791771875919047,0.738153132044881
"110194",-0.323501125688104,NA,NA,NA,NA,NA,0.272697779452109,NA,2,0.5,-0.0254016731179973,"0.0728514343967286",-0.0791771875919047,0.738153132044881
"110198",0.928276360935514,-0.337802439884237,-0.394823546287255,NA,-0.401400794111256,-0.0571956470328073,0.852083884060707,-1.21167352163704,7,0.142857142857143,-0.0889336719937683,"-0.0132174260032408",-0.0791771875919047,0.738153132044881
"110200",0.0341495847757862,NA,0.206408974898728,NA,-0.207908505720328,0.44687233353456,-0.523958114384714,1.07741966125246,6,0.166666666666667,0.172163989059415,"0.340500047673086",-0.0791771875919047,0.738153132044881
"110201",0.0341495847757862,NA,NA,NA,NA,0.263574886055518,1.14177693636501,0.138304509297789,4,0.25,0.394451479123525,"0.64164012337569",-0.0791771875919047,0.738153132044881
"110209",0.928276360935514,NA,NA,NA,NA,NA,NA,NA,1,1,0.928276360935514,"1.36483001262422",-0.0791771875919047,0.738153132044881
"110215",0.928276360935514,0.731471420104086,2.52544869947324,NA,0.437065788916096,1.08841339971121,0.417544305604259,-0.389947763676711,7,0.142857142857143,0.81975317300967,"1.21781012851805",-0.0791771875919047,0.738153132044881
"110225",0.928276360935514,NA,NA,NA,0.243573500525168,0.721818504753124,1.64873977789753,0.842640873263789,5,0.2,0.877009803475025,"1.29537754370565",-0.0791771875919047,0.738153132044881
"110226",0.749451005703569,NA,NA,NA,NA,-0.240493094511849,-0.0532069043902274,0.196999206294956,4,0.25,0.163187553274112,"0.328339378842168",-0.0791771875919047,0.738153132044881
"110229",0.570625650471623,-0.673514733294615,1.4088740172707,NA,-0.272405935183971,0.4010479716648,0.381332674066222,-0.800810642656877,7,0.142857142857143,0.145021286048268,"0.303728947161795",-0.0791771875919047,0.738153132044881
"110230",1.6435777818633,0.198992024129271,-0.394823546287255,NA,0.56606064784338,0.584345419143842,2.04706772481594,1.66436663122412,7,0.142857142857143,0.901369526104657,"1.32837845039035",-0.0791771875919047,0.738153132044881
"110233",0.749451005703569,NA,NA,NA,NA,NA,NA,NA,1,1,0.749451005703569,"1.12256950126318",-0.0791771875919047,0.738153132044881
"110234",NA,NA,NA,NA,NA,NA,NA,NA,0,NA,NA,"NaN",-0.0791771875919047,0.738153132044881
"110236",0.391800295239677,NA,NA,NA,NA,-0.836209798818738,0.453755937142296,NA,3,0.333333333333333,0.0031154778544118,"0.111484544160023",-0.0791771875919047,0.738153132044881
"110237",0.0341495847757862,NA,NA,NA,0.372568359452453,0.0344530767067141,1.32283509405519,NA,4,0.25,0.441001528747537,"0.704702986084212",-0.0791771875919047,0.738153132044881
"110252",1.10710171616746,NA,NA,NA,0.114578641597884,1.08841339971121,0.345121042528184,-0.331253066679545,5,0.2,0.464792346665039,"0.736933179095241",-0.0791771875919047,0.738153132044881
"11029F",NA,-0.486240780415304,0.120518614729302,NA,2.24299381389808,2.73809042702259,2.84372361865276,NA,5,0.2,1.49181713877749,"2.1282769904631",-0.0791771875919047,0.738153132044881
"11030F",NA,-0.150528487004926,0.635860775745859,NA,1.6625169487253,2.18819808458546,1.35904672559323,NA,5,0.2,1.13901880952899,"1.65032964602638",-0.0791771875919047,0.738153132044881
"11031F",NA,NA,NA,NA,0.372568359452453,0.675994142883363,0.200274516376035,NA,3,0.333333333333333,0.416279006237283,"0.671210582628895",-0.0791771875919047,0.738153132044881
"111302",NA,NA,NA,NA,NA,NA,NA,NA,0,NA,NA,"NaN",-0.0791771875919047,0.738153132044881
"111303",NA,NA,NA,NA,NA,NA,NA,NA,0,NA,NA,"NaN",-0.0791771875919047,0.738153132044881
"111304",0.212974940007734,NA,NA,NA,NA,NA,NA,NA,1,1,0.212974940007734,"0.395787967180062",-0.0791771875919047,0.738153132044881
"111305",-1.03880254661589,NA,NA,NA,NA,NA,NA,NA,1,1,-1.03880254661589,"-1.30003561234722",-0.0791771875919047,0.738153132044881
"111306",NA,NA,NA,NA,NA,NA,0.996930410212857,NA,1,1,0.996930410212857,"1.45783788090644",-0.0791771875919047,0.738153132044881
"111308",NA,NA,NA,NA,NA,NA,NA,NA,0,NA,NA,"NaN",-0.0791771875919047,0.738153132044881
"111310",-1.39645325707978,NA,NA,NA,-0.465898223574898,0.630169781013603,-0.886074429765087,NA,4,0.25,-0.52956403235154,"-0.610153673008125",-0.0791771875919047,0.738153132044881
"111311",NA,NA,NA,NA,NA,NA,NA,NA,0,NA,NA,"NaN",-0.0791771875919047,0.738153132044881
"111312",NA,NA,NA,NA,NA,NA,NA,NA,0,NA,NA,"NaN",-0.0791771875919047,0.738153132044881
"111313",-0.859977191383941,NA,NA,NA,NA,NA,-0.306688325156488,NA,2,0.5,-0.583332758270215,"-0.682995910728801",-0.0791771875919047,0.738153132044881
"111314",NA,NA,NA,NA,NA,NA,NA,NA,0,NA,NA,"NaN",-0.0791771875919047,0.738153132044881
"111316",NA,NA,NA,NA,NA,NA,NA,NA,0,NA,NA,"NaN",-0.0791771875919047,0.738153132044881
"111318",NA,NA,NA,NA,NA,NA,NA,NA,0,NA,NA,"NaN",-0.0791771875919047,0.738153132044881
"111319",NA,NA,NA,NA,NA,NA,NA,NA,0,NA,NA,"NaN",-0.0791771875919047,0.738153132044881
"111320",NA,NA,NA,NA,NA,NA,NA,NA,0,NA,NA,"NaN",-0.0791771875919047,0.738153132044881
"111323",0.212974940007734,NA,NA,NA,NA,NA,NA,NA,1,1,0.212974940007734,"0.395787967180062",-0.0791771875919047,0.738153132044881
"111324",-3.18470680939923,NA,NA,NA,NA,NA,-1.71894195513995,NA,2,0.5,-2.45182438226959,"-3.21430214365523",-0.0791771875919047,0.738153132044881
"111325",-1.57527861231172,NA,NA,NA,NA,NA,NA,NA,1,1,-1.57527861231172,"-2.02681714643033",-0.0791771875919047,0.738153132044881
"111326",NA,NA,NA,NA,NA,NA,NA,NA,0,NA,NA,"NaN",-0.0791771875919047,0.738153132044881
"111327",-1.57527861231172,NA,NA,NA,NA,NA,-1.82757684975406,NA,2,0.5,-1.70142773103289,"-2.1977154509213",-0.0791771875919047,0.738153132044881
"111328",NA,NA,NA,NA,NA,NA,NA,NA,0,NA,NA,"NaN",-0.0791771875919047,0.738153132044881
"111329",0.0341495847757862,NA,NA,NA,-0.852882800356752,0.355223609795039,0.308909410990147,-0.272558369682376,5,0.2,-0.0854317128956313,"-0.00847320837940488",-0.0791771875919047,0.738153132044881
"111330",NA,NA,NA,NA,NA,NA,NA,NA,0,NA,NA,"NaN",-0.0791771875919047,0.738153132044881
"111331",NA,NA,NA,NA,NA,NA,NA,NA,0,NA,NA,"NaN",-0.0791771875919047,0.738153132044881
"111332",NA,NA,NA,NA,NA,NA,NA,NA,0,NA,NA,"NaN",-0.0791771875919047,0.738153132044881
"111333",-0.50232648092005,NA,NA,NA,NA,NA,-0.777439535150975,NA,2,0.5,-0.639883008035512,"-0.759606369060988",-0.0791771875919047,0.738153132044881
"111334",-1.03880254661589,NA,NA,NA,NA,NA,NA,NA,1,1,-1.03880254661589,"-1.30003561234722",-0.0791771875919047,0.738153132044881
"111335",-1.03880254661589,NA,NA,NA,NA,NA,0.489967568680334,NA,2,0.5,-0.274417488967776,"-0.264498371543861",-0.0791771875919047,0.738153132044881
"111336",0.570625650471623,NA,NA,NA,NA,NA,NA,NA,1,1,0.570625650471623,"0.880308989902137",-0.0791771875919047,0.738153132044881
"111337",-0.681151836151995,NA,NA,NA,NA,NA,-0.342899956694526,NA,2,0.5,-0.51202589642326,"-0.586394191178529",-0.0791771875919047,0.738153132044881
"120001",1.82240313709524,-0.332624358237806,0.0346282545598759,0.788810559488052,0.953045224625234,0.630169781013603,-0.16184179900434,0.549167388277956,8,0.125,0.535469773477227,"0.832682182579644",-0.0791771875919047,0.738153132044881
"120002",-0.323501125688104,-0.747733903560148,0.37818969523758,NA,-1.04637508874768,-0.973682884428019,-2.00863500744424,-2.85512503755771,7,0.142857142857143,-1.08240905031262,"-1.35911075787417",-0.0791771875919047,0.738153132044881
"120005",0.749451005703569,-0.778370886634875,0.464080055407006,NA,-0.465898223574898,0.263574886055518,-0.777439535150975,1.72306132822129,7,0.142857142857143,0.168351232860948,"0.335334783132509",-0.0791771875919047,0.738153132044881
"120006",0.749451005703569,0.640423484487646,0.0346282545598759,NA,-1.82034424231139,-0.103020008902567,0.12785125329996,0.783946176266623,7,0.142857142857143,0.0589908461576739,"0.187180718676647",-0.0791771875919047,0.738153132044881
"120007",1.46475242663135,NA,-0.223042825948403,NA,NA,1.22588648532049,1.28662346251716,0.431777994283622,5,0.2,0.837199508560843,"1.24144524539798",-0.0791771875919047,0.738153132044881
"120011",0.749451005703569,NA,NA,NA,NA,0.4010479716648,1.28662346251716,NA,3,0.333333333333333,0.812374146628508,"1.20781352204058",-0.0791771875919047,0.738153132044881
"120014",0.570625650471623,NA,NA,NA,NA,-1.79852139808371,-0.487746482846675,0.549167388277956,4,0.25,-0.291618710545202,"-0.287801424569964",-0.0791771875919047,0.738153132044881
"120019",-0.50232648092005,NA,NA,NA,-0.594893082502183,0.630169781013603,-1.82757684975406,0.783946176266623,5,0.2,-0.302136091179213,"-0.302049661388895",-0.0791771875919047,0.738153132044881
"120022",0.928276360935514,0.711190600322225,1.06531257659299,-0.407502613580099,0.630558077307023,0.630169781013603,-0.198053430542376,1.19480905524679,8,0.125,0.569345050911959,"0.878574120125026",-0.0791771875919047,0.738153132044881
"120026",1.46475242663135,0.471704324174719,-0.824275347134387,NA,0.179076071061526,0.996764675971688,-0.270476693618452,1.54697723722979,7,0.142857142857143,0.509217527759462,"0.79711741345777",-0.0791771875919047,0.738153132044881
"120028",-0.144675770456158,NA,NA,NA,NA,0.44687233353456,1.17798856790304,-0.331253066679545,4,0.25,0.287233016075475,"0.496387792397935",-0.0791771875919047,0.738153132044881
"121300",0.0341495847757862,NA,NA,NA,NA,NA,NA,NA,1,1,0.0341495847757862,"0.153527455819019",-0.0791771875919047,0.738153132044881
"121301",NA,NA,NA,NA,NA,NA,NA,NA,0,NA,NA,"NaN",-0.0791771875919047,0.738153132044881
"121302",NA,NA,NA,NA,NA,NA,NA,NA,0,NA,NA,"NaN",-0.0791771875919047,0.738153132044881
"121303",NA,NA,NA,NA,NA,NA,NA,NA,0,NA,NA,"NaN",-0.0791771875919047,0.738153132044881
"121304",NA,NA,NA,NA,NA,NA,NA,NA,0,NA,NA,"NaN",-0.0791771875919047,0.738153132044881
"121305",NA,NA,NA,NA,NA,NA,NA,NA,0,NA,NA,"NaN",-0.0791771875919047,0.738153132044881
"121306",NA,NA,NA,NA,NA,NA,NA,NA,0,NA,NA,"NaN",-0.0791771875919047,0.738153132044881
"121307",NA,NA,NA,NA,NA,NA,NA,NA,0,NA,NA,"NaN",-0.0791771875919047,0.738153132044881
"121308",NA,NA,NA,NA,NA,NA,NA,NA,0,NA,NA,"NaN",-0.0791771875919047,0.738153132044881
"130002",0.391800295239677,0.054437244833029,0.37818969523758,NA,-0.465898223574898,-1.3402777793861,0.417544305604259,-0.56603185466821,7,0.142857142857143,-0.161462330959238,"-0.111474353755544",-0.0791771875919047,0.738153132044881
"130003",-1.03880254661589,-0.528096940390634,-0.223042825948403,NA,-1.36886223606589,-1.1111559700373,-1.13955585053135,-1.38775761262854,7,0.142857142857143,-0.971039140316859,"-1.20823432700781",-0.0791771875919047,0.738153132044881
"130006",1.82240313709524,1.48962887450259,0.0346282545598759,0.429916607567607,-2.01383653070232,-1.3402777793861,-0.125630167466301,-1.09428412764271,8,0.125,-0.0996814664340152,"-0.0277778118820795",-0.0791771875919047,0.738153132044881
"130007",0.0341495847757862,-1.07783660852022,-0.910165707303813,-0.766396565500545,-2.46531853694781,-1.29445341751635,0.671025726370521,-2.97251443155204,8,0.125,-1.09768874452431,"-1.37981065542709",-0.0791771875919047,0.738153132044881
"130013",-0.144675770456158,0.52607418146226,0.635860775745859,NA,-0.0789136467930435,1.08841339971121,1.21420019944108,-0.331253066679545,7,0.142857142857143,0.415672296061666,"0.670388652667105",-0.0791771875919047,0.738153132044881
"130014",0.212974940007734,NA,NA,NA,NA,0.309399247925278,1.43146998866931,0.725251479269456,4,0.25,0.669773913967944,"1.01462835968067",-0.0791771875919047,0.738153132044881
"130018",0.749451005703569,-0.463802426614097,1.49476437744012,-3.39828554625048,-0.272405935183971,-1.1111559700373,-0.7050162720749,-1.73992579461154,8,0.125,-0.680797070203575,"-0.815033976683162",-0.0791771875919047,0.738153132044881
"130025",-0.144675770456158,NA,NA,NA,NA,NA,0.562390831756408,NA,2,0.5,0.208857530650125,"0.390209979119233",-0.0791771875919047,0.738153132044881
"130028",0.749451005703569,0.0949988843967506,0.464080055407006,0.190653972953976,-0.981877659284037,-0.973682884428019,-0.198053430542376,-0.331253066679545,8,0.125,-0.123210390309084,"-0.0596532085357357",-0.0791771875919047,0.738153132044881
"13003F",NA,0.154546823330725,NA,NA,0.56606064784338,0.630169781013603,2.5902421978865,NA,4,0.25,0.985254862518552,"1.44202063759006",-0.0791771875919047,0.738153132044881
"130049",1.10710171616746,0.595115270081361,-0.652494626795534,-0.0486086616596539,-2.20732881909324,-1.15698033190706,0.381332674066222,0.490472691280789,8,0.125,-0.186423760982458,"-0.145290412970885",-0.0791771875919047,0.738153132044881
"130063",0.0341495847757862,NA,NA,NA,NA,NA,NA,NA,1,1,0.0341495847757862,"0.153527455819019",-0.0791771875919047,0.738153132044881
"130065",0.212974940007734,NA,NA,NA,NA,NA,NA,NA,1,1,0.212974940007734,"0.395787967180062",-0.0791771875919047,0.738153132044881
"130066",0.570625650471623,NA,NA,NA,NA,NA,NA,NA,1,1,0.570625650471623,"0.880308989902137",-0.0791771875919047,0.738153132044881
"130071",0.391800295239677,NA,0.721751135915285,NA,0.82405036569795,-0.698736713209456,0.345121042528184,0.607862085275123,6,0.166666666666667,0.365308035241127,"0.602158554284921",-0.0791771875919047,0.738153132044881
"130073",NA,NA,NA,NA,NA,NA,NA,NA,0,NA,NA,"NaN",-0.0791771875919047,0.738153132044881
"130074",-1.21762790184783,0.521759113423567,NA,NA,-0.78838537089311,-0.607087989469935,0.562390831756408,0.138304509297789,6,0.166666666666667,-0.231774467955519,"-0.206728487273202",-0.0791771875919047,0.738153132044881
"131301",-0.323501125688104,NA,NA,NA,NA,NA,NA,NA,1,1,-0.323501125688104,"-0.330993566903058",-0.0791771875919047,0.738153132044881
"131302",-0.859977191383941,NA,NA,NA,NA,NA,NA,NA,1,1,-0.859977191383941,"-1.05777510098618",-0.0791771875919047,0.738153132044881
"131303",0.391800295239677,NA,NA,NA,NA,NA,0.996930410212857,NA,2,0.5,0.694365352726267,"1.04794317972377",-0.0791771875919047,0.738153132044881
"131304",NA,NA,NA,NA,NA,NA,NA,NA,0,NA,NA,"NaN",-0.0791771875919047,0.738153132044881
"131305",0.391800295239677,NA,NA,NA,NA,-0.332141818251371,0.453755937142296,NA,3,0.333333333333333,0.171138138043534,"0.339110294014467",-0.0791771875919047,0.738153132044881
"131307",0.0341495847757862,NA,NA,NA,NA,NA,NA,NA,1,1,0.0341495847757862,"0.153527455819019",-0.0791771875919047,0.738153132044881
"131309",-0.50232648092005,NA,NA,NA,NA,NA,NA,NA,1,1,-0.50232648092005,"-0.573254078264098",-0.0791771875919047,0.738153132044881
"131310",NA,NA,NA,NA,NA,NA,NA,NA,0,NA,NA,"NaN",-0.0791771875919047,0.738153132044881
"131311",0.749451005703569,NA,NA,NA,0.30807092998881,NA,0.417544305604259,NA,3,0.333333333333333,0.491688747098879,"0.773370605512888",-0.0791771875919047,0.738153132044881
"131312",0.0341495847757862,NA,NA,NA,NA,NA,0.0554279902238849,NA,2,0.5,0.0447887874998355,"0.167940728976278",-0.0791771875919047,0.738153132044881
"131313",-0.144675770456158,NA,NA,NA,NA,NA,NA,NA,1,1,-0.144675770456158,"-0.0887330555420189",-0.0791771875919047,0.738153132044881
"131314",-0.859977191383941,NA,NA,NA,-0.530395653038541,NA,-0.813651166689013,NA,3,0.333333333333333,-0.734674670370498,"-0.888023709880755",-0.0791771875919047,0.738153132044881
"131315",-2.46940538847145,NA,NA,NA,NA,NA,0.0192163586858474,NA,2,0.5,-1.2250945148928,"-1.55241138668124",-0.0791771875919047,0.738153132044881
"131316",0.212974940007734,NA,NA,NA,NA,NA,-0.487746482846675,NA,2,0.5,-0.137385771419471,"-0.0788570572969224",-0.0791771875919047,0.738153132044881
"131317",-1.39645325707978,NA,NA,NA,NA,NA,NA,NA,1,1,-1.39645325707978,"-1.7845566350693",-0.0791771875919047,0.738153132044881
"131318",NA,NA,NA,NA,NA,NA,NA,NA,0,NA,NA,"NaN",-0.0791771875919047,0.738153132044881
"131319",0.212974940007734,NA,NA,NA,NA,NA,-0.7050162720749,NA,2,0.5,-0.246020666033583,"-0.226028274078411",-0.0791771875919047,0.738153132044881
"131320",0.0341495847757862,NA,NA,NA,-1.17536994767496,-2.57753554986964,-0.668804640536862,-0.272558369682376,5,0.2,-0.932023784597612,"-1.15537895862217",-0.0791771875919047,0.738153132044881
"131321",-1.21762790184783,NA,NA,NA,NA,NA,-0.56016974592275,NA,2,0.5,-0.888898823885291,"-1.09695617500158",-0.0791771875919047,0.738153132044881
"131322",-1.03880254661589,NA,NA,NA,NA,0.355223609795039,-0.958497692841162,NA,3,0.333333333333333,-0.547358876554003,"-0.634260925866576",-0.0791771875919047,0.738153132044881
"131323",0.391800295239677,NA,NA,NA,NA,-0.698736713209456,-0.632593008998825,NA,3,0.333333333333333,-0.313176475656201,"-0.317006428484638",-0.0791771875919047,0.738153132044881
"131324",NA,NA,NA,NA,NA,NA,NA,NA,0,NA,NA,"NaN",-0.0791771875919047,0.738153132044881
"131325",0.0341495847757862,NA,NA,NA,NA,NA,-0.632593008998825,NA,2,0.5,-0.299221712111519,"-0.298101457498437",-0.0791771875919047,0.738153132044881
"131326",-0.859977191383941,NA,NA,NA,NA,-1.1111559700373,0.0192163586858474,NA,3,0.333333333333333,-0.650638934245132,"-0.77417777131166",-0.0791771875919047,0.738153132044881
"131327",-0.144675770456158,NA,NA,NA,NA,-1.61522395060467,-0.849862798227049,0.607862085275123,4,0.25,-0.500475108503189,"-0.570745963976576",-0.0791771875919047,0.738153132044881
"131328",-2.46940538847145,NA,NA,NA,-2.65881082533874,NA,-1.53788379744976,0.490472691280789,4,0.25,-1.54390682999479,"-1.98431677495589",-0.0791771875919047,0.738153132044881
"140001",-0.859977191383941,NA,NA,NA,0.437065788916096,-1.29445341751635,-1.53788379744976,NA,4,0.25,-0.813812154358487,"-0.995233827338033",-0.0791771875919047,0.738153132044881
"140002",1.10710171616746,NA,1.58065473760955,NA,1.14653751301616,0.126101800446235,0.164062884837997,-0.0377795816937112,6,0.166666666666667,0.681113178397282,"1.02999002914609",-0.0791771875919047,0.738153132044881
"140007",0.391800295239677,0.984334407171542,-0.137152465778977,-0.0486086616596539,1.2110349424798,0.0344530767067141,0.526179200218371,-0.389947763676711,8,0.125,0.321511628837596,"0.542826141398988",-0.0791771875919047,0.738153132044881
"140008",0.570625650471623,0.343115296621644,-0.0512621056095504,NA,-0.272405935183971,0.630169781013603,-0.016995272852189,0.0796098123006222,7,0.142857142857143,0.183265318108826,"0.355539378358655",-0.0791771875919047,0.738153132044881
"140010",2.18005384755913,1.98586169895237,1.92421617828725,1.02807319410168,2.1139989549708,1.54665701840882,1.54010488328342,2.19261890419862,8,0.125,1.81394808497026,"2.56467823596129",-0.0791771875919047,0.738153132044881
"140011",-1.03880254661589,0.660704304269507,-1.42550786832037,NA,-0.272405935183971,-0.103020008902567,-0.777439535150975,1.13611435824962,7,0.142857142857143,-0.26005103309352,"-0.245035667599956",-0.0791771875919047,0.738153132044881
"140012",-0.144675770456158,NA,-0.480713906456682,NA,-0.530395653038541,-1.1111559700373,-0.487746482846675,NA,5,0.2,-0.550937556567072,"-0.639109079803354",-0.0791771875919047,0.738153132044881
"140013",0.928276360935514,NA,-0.480713906456682,NA,-0.659390511965826,-0.790385436948978,-0.0894185359282648,-0.0964742786908779,6,0.166666666666667,-0.198017718175852,"-0.16099712298819",-0.0791771875919047,0.738153132044881
"140015",-0.144675770456158,-0.223021630054983,0.807641496084711,-0.527133930886914,0.30807092998881,-0.28631745638161,-0.379111588232563,-1.03558943064554,8,0.125,-0.185017172573031,"-0.143384862010843",-0.0791771875919047,0.738153132044881
"140018",-0.323501125688104,-1.15593934002058,0.0346282545598759,NA,-0.207908505720328,0.767642866622885,0.381332674066222,-0.683421248662545,7,0.142857142857143,-0.16959520354894,"-0.122492220152955",-0.0791771875919047,0.738153132044881
"140029",1.2859270713994,-0.100905204559949,0.549970415576432,-0.287871296273283,-0.207908505720328,0.813467228492645,0.345121042528184,0.490472691280789,8,0.125,0.361034180340487,"0.596368624370514",-0.0791771875919047,0.738153132044881
"140030",1.46475242663135,1.44216312607695,0.464080055407006,0.549547924874422,-0.0789136467930435,1.54665701840882,0.996930410212857,1.37089314623829,8,0.125,0.969513807632081,"1.42069571976052",-0.0791771875919047,0.738153132044881
"140032",-1.39645325707978,NA,-0.996056067473239,NA,0.437065788916096,-0.790385436948978,-0.632593008998825,0.373083297286456,6,0.166666666666667,-0.500889780716378,"-0.571307733879307",-0.0791771875919047,0.738153132044881
"140034",0.391800295239677,NA,NA,NA,-0.272405935183971,-1.06533160816754,-0.0894185359282648,-1.09428412764271,5,0.2,-0.425927982336562,"-0.469754553210477",-0.0791771875919047,0.738153132044881
"14003F",NA,0.499320759622359,1.23709329693184,NA,2.50098353175265,2.92138787450164,2.37297240865828,NA,5,0.2,1.90635157429335,"2.68986024130903",-0.0791771875919047,0.738153132044881
"140043",-1.57527861231172,NA,-0.910165707303813,NA,-1.88484167177503,-1.61522395060467,-3.49331190050378,-3.67685079551804,6,0.166666666666667,-2.19261210633618,"-2.86313886237872",-0.0791771875919047,0.738153132044881
"140046",0.749451005703569,-0.63554213455411,1.49476437744012,NA,0.888547795161592,0.263574886055518,0.200274516376035,0.725251479269456,7,0.142857142857143,0.52661741792174,"0.820689609262285",-0.0791771875919047,0.738153132044881
"140048",0.749451005703569,0.910546743709878,2.35366797913438,NA,0.30807092998881,1.54665701840882,0.852083884060707,1.13611435824962,7,0.142857142857143,1.1223702741794,"1.62777533496701",-0.0791771875919047,0.738153132044881
"140049",-0.50232648092005,NA,NA,NA,-0.0789136467930435,0.217750524185757,0.743448989446595,0.607862085275123,5,0.2,0.197564294238876,"0.374910665303463",-0.0791771875919047,0.738153132044881
"14004F",NA,NA,NA,NA,0.759552936234307,NA,0.779660620984633,NA,2,0.5,0.76960677860947,"1.14987518084495",-0.0791771875919047,0.738153132044881
"140052",-0.50232648092005,NA,0.549970415576432,NA,-2.27182624855689,-0.0571956470328073,-0.7050162720749,0.373083297286456,6,0.166666666666667,-0.435551822620292,"-0.48279228192277",-0.0791771875919047,0.738153132044881
"140053",-0.323501125688104,-0.104788765794773,-0.308933186117829,0.788810559488052,-0.852882800356752,-0.0113712851630466,-1.06713258745527,-0.507337157671043,8,0.125,-0.298392043594846,"-0.296977478637337",-0.0791771875919047,0.738153132044881
"140054",0.212974940007734,-1.04029551658359,-0.394823546287255,NA,0.501563218379738,-0.561263627600174,0.634814094832484,0.960030267258122,7,0.142857142857143,0.0447142614295799,"0.167839766090638",-0.0791771875919047,0.738153132044881
"140059",0.0341495847757862,NA,NA,NA,-2.01383653070232,-0.423790541990892,-2.44317458590069,NA,4,0.25,-1.21166301845453,"-1.53421530262337",-0.0791771875919047,0.738153132044881
"140062",2.00122849232719,0.759087855551726,0.464080055407006,-0.168239978966468,2.1139989549708,0.538521057274082,0.743448989446595,0.901335570260955,8,0.125,0.919182624533985,"1.35251043284226",-0.0791771875919047,0.738153132044881
"140063",1.2859270713994,NA,-0.137152465778977,NA,1.08204008355252,1.86742755149714,1.93843283020183,0.607862085275123,6,0.166666666666667,1.10742285935784,"1.6075255870859",-0.0791771875919047,0.738153132044881
"140064",-0.144675770456158,NA,-0.566604266626108,NA,0.437065788916096,0.0802774385764748,-0.886074429765087,-0.859505339654043,6,0.166666666666667,-0.323252763168138,"-0.33065710213825",-0.0791771875919047,0.738153132044881
"140065",0.0341495847757862,-0.598432549421344,0.979422216423564,NA,1.14653751301616,0.905115952232167,0.164062884837997,0.666556782272289,7,0.142857142857143,0.471058912019517,"0.745422698522083",-0.0791771875919047,0.738153132044881
"140067",1.10710171616746,-1.81916529756782,0.893531856254137,1.1477045114085,0.630558077307023,-0.469614903860653,-0.777439535150975,-0.74211594565971,8,0.125,-0.00367994013775495,"0.10227857090439",-0.0791771875919047,0.738153132044881
"140068",-0.323501125688104,NA,NA,NA,0.630558077307023,0.44687233353456,0.526179200218371,NA,4,0.25,0.320027121342963,"0.540815030925853",-0.0791771875919047,0.738153132044881
"140077",NA,NA,NA,NA,NA,NA,NA,NA,0,NA,NA,"NaN",-0.0791771875919047,0.738153132044881
"14007F",NA,-0.850001016077192,1.49476437744012,NA,1.46902466033437,1.45500829466929,1.46768162020734,NA,5,0.2,1.00729558731479,"1.47187992266168",-0.0791771875919047,0.738153132044881
"140080",0.212974940007734,0.488964596329494,0.0346282545598759,NA,0.0500812121342405,0.859291590362406,-0.668804640536862,0.607862085275123,7,0.142857142857143,0.226428291161716,"0.414013658530462",-0.0791771875919047,0.738153132044881
"140082",-0.144675770456158,NA,0.292299335068155,NA,0.695055506770665,1.31753520906001,0.526179200218371,0.901335570260955,6,0.166666666666667,0.597954841820333,"0.917332732215607",-0.0791771875919047,0.738153132044881
"140083",0.391800295239677,NA,NA,NA,NA,NA,NA,NA,1,1,0.391800295239677,"0.638048478541098",-0.0791771875919047,0.738153132044881
"140084",-0.50232648092005,NA,1.49476437744012,NA,-2.27182624855689,0.950940314101927,0.996930410212857,0.431777994283622,6,0.166666666666667,0.183376727760265,"0.355690308628544",-0.0791771875919047,0.738153132044881
"140088",1.82240313709524,0.998574131699232,1.32298365710127,1.1477045114085,1.2110349424798,1.95907627523666,0.815872252522671,1.31219844924112,8,0.125,1.32373091959806,"1.9005651351821",-0.0791771875919047,0.738153132044881
"140089",-0.50232648092005,NA,NA,NA,0.82405036569795,-1.89017012182323,-0.342899956694526,NA,4,0.25,-0.477836548434965,"-0.540076772063091",-0.0791771875919047,0.738153132044881
"14008F",NA,NA,NA,NA,0.437065788916096,0.859291590362406,0.634814094832484,NA,3,0.333333333333333,0.643723824703662,"0.979337458466021",-0.0791771875919047,0.738153132044881
"140091",1.10710171616746,-0.754638012422058,0.635860775745859,-0.766396565500545,0.0500812121342405,0.171926162315996,0.634814094832484,0.138304509297789,8,0.125,0.152131736571403,"0.313361705209487",-0.0791771875919047,0.738153132044881
"140093",-0.681151836151995,NA,0.120518614729302,NA,0.437065788916096,-0.0113712851630466,-0.886074429765087,0.607862085275123,6,0.166666666666667,-0.0688585103599347,"0.0139790468725433",-0.0791771875919047,0.738153132044881
"140095",0.0341495847757862,NA,NA,NA,NA,NA,NA,NA,1,1,0.0341495847757862,"0.153527455819019",-0.0791771875919047,0.738153132044881
"140100",0.0341495847757862,NA,NA,NA,NA,NA,NA,NA,1,1,0.0341495847757862,"0.153527455819019",-0.0791771875919047,0.738153132044881
"140101",-0.50232648092005,NA,0.549970415576432,NA,0.501563218379738,0.538521057274082,0.12785125329996,0.314388600289289,6,0.166666666666667,0.254994677316575,"0.452713468793033",-0.0791771875919047,0.738153132044881
"140103",0.0341495847757862,NA,NA,NA,NA,-0.377966180121132,1.25041183097912,NA,3,0.333333333333333,0.302198411877924,"0.516661899697312",-0.0791771875919047,0.738153132044881
"140110",0.570625650471623,NA,NA,NA,-0.401400794111256,-1.24862905564658,-0.16184179900434,-1.56384170362004,5,0.2,-0.56101754038212,"-0.652764760958732",-0.0791771875919047,0.738153132044881
"140113",0.570625650471623,NA,-1.94085002933693,-1.2449218347278,0.243573500525168,-0.698736713209456,0.0554279902238849,1.07741966125246,7,0.142857142857143,-0.276780253543008,"-0.267699285382276",-0.0791771875919047,0.738153132044881
"140114",0.212974940007734,-0.170377799982918,-0.137152465778977,NA,0.179076071061526,-0.103020008902567,-0.125630167466301,0.901335570260955,7,0.142857142857143,0.108172305599922,"0.253808437651438",-0.0791771875919047,0.738153132044881
"140115",0.212974940007734,NA,NA,NA,NA,NA,1.06935367328893,NA,2,0.5,0.641164306648333,"0.975869996303748",-0.0791771875919047,0.738153132044881
"140116",2.35887920279108,1.56643708559134,0.893531856254137,1.02807319410168,2.1139989549708,1.9132519133669,1.57631651482146,0.549167388277956,8,0.125,1.49995701377192,"2.13930434324542",-0.0791771875919047,0.738153132044881
"140117",-0.144675770456158,0.813026206035398,0.0346282545598759,0.190653972953976,0.30807092998881,0.721818504753124,0.562390831756408,-0.331253066679545,8,0.125,0.269332482863986,"0.472137359209499",-0.0791771875919047,0.738153132044881
"140119",0.928276360935514,1.47236860234781,1.58065473760955,0.669179242181237,1.6625169487253,2.50896861767379,1.90222119866379,1.72306132822129,8,0.125,1.55590587954479,"2.21510008716901",-0.0791771875919047,0.738153132044881
"140120",0.749451005703569,NA,-0.738384986964961,NA,1.01754265408888,-1.79852139808371,0.526179200218371,-0.56603185466821,6,0.166666666666667,-0.134960896617677,"-0.0755720007191964",-0.0791771875919047,0.738153132044881
"140122",0.749451005703569,-0.173829854413874,0.635860775745859,0.190653972953976,0.437065788916096,1.18006212345073,0.562390831756408,0.842640873263789,8,0.125,0.553036939672069,"0.856480992653344",-0.0791771875919047,0.738153132044881
"140124",0.749451005703569,-1.02346675123268,-0.223042825948403,NA,1.2110349424798,1.72995446588786,1.46768162020734,NA,6,0.166666666666667,0.651935409516248,"0.990461958865874",-0.0791771875919047,0.738153132044881
"140125",-0.323501125688104,NA,NA,NA,0.630558077307023,-0.469614903860653,-1.8637884812921,NA,4,0.25,-0.506586608383458,"-0.579025411173851",-0.0791771875919047,0.738153132044881
"140127",0.391800295239677,0.822519355720524,0.979422216423564,-0.766396565500545,-1.30436480660225,-1.15698033190706,0.236486147914072,0.314388600289289,8,0.125,-0.0603906360528412,"0.025450750966835",-0.0791771875919047,0.738153132044881
"140130",2.53770455802303,0.367279677638329,0.0346282545598759,NA,1.14653751301616,2.78391478889235,2.19191425096809,2.42739769218729,7,0.142857142857143,1.64133953361216,"2.33083983053459",-0.0791771875919047,0.738153132044881
"140133",-0.50232648092005,NA,NA,NA,0.630558077307023,1.6841301040181,-0.523958114384714,-0.155168975688045,5,0.2,0.226646922066462,"0.414309844911384",-0.0791771875919047,0.738153132044881
"140135",-0.144675770456158,-0.917747584284684,-0.223042825948403,NA,0.30807092998881,-0.194668732642089,-0.451534851308639,0.960030267258122,7,0.142857142857143,-0.0947955096275772,"-0.021158647654052",-0.0791771875919047,0.738153132044881
"140137",-0.144675770456158,NA,NA,NA,NA,-1.06533160816754,-0.0532069043902274,NA,3,0.333333333333333,-0.421071427671309,"-0.463175221017171",-0.0791771875919047,0.738153132044881
"140145",0.749451005703569,NA,NA,NA,0.179076071061526,-0.836209798818738,1.68495140943557,-0.0377795816937112,5,0.2,0.347897821137643,"0.578572372302256",-0.0791771875919047,0.738153132044881
"140148",0.928276360935514,-0.856042111331364,-0.566604266626108,-0.407502613580099,0.0500812121342405,-0.103020008902567,-0.16184179900434,0.490472691280789,8,0.125,-0.0782725668867417,"0.00122551902293895",-0.0791771875919047,0.738153132044881
"140150",1.2859270713994,-0.243302449836843,0.0346282545598759,NA,-0.143411076256686,0.996764675971688,1.7211630409736,1.78175602521846,7,0.142857142857143,0.776217934575643,"1.15883152835493",-0.0791771875919047,0.738153132044881
"140155",0.0341495847757862,0.146779700861076,-0.0512621056095504,NA,-0.917380229820394,-0.240493094511849,0.12785125329996,-0.0377795816937112,7,0.142857142857143,-0.134019210385526,"-0.0742962678241229",-0.0791771875919047,0.738153132044881
"140158",0.212974940007734,NA,NA,NA,NA,0.126101800446235,1.10556530482697,NA,3,0.333333333333333,0.48154734842698,"0.759631723658109",-0.0791771875919047,0.738153132044881
"140160",0.0341495847757862,NA,-0.137152465778977,NA,-1.23986737713861,-0.92785852255826,0.381332674066222,0.0209151153034555,6,0.166666666666667,-0.311413498555063,"-0.314618066199628",-0.0791771875919047,0.738153132044881
"140161",-1.03880254661589,NA,NA,NA,-0.336903364647613,-1.20280469377682,-0.379111588232563,-0.0964742786908779,5,0.2,-0.610819294392753,"-0.720232813112989",-0.0791771875919047,0.738153132044881
"140162",0.570625650471623,-0.520329817920986,-0.394823546287255,-1.36455315203462,-0.917380229820394,-0.423790541990892,-1.2844023766835,-0.0964742786908779,8,0.125,-0.553891036619613,"-0.643110255066756",-0.0791771875919047,0.738153132044881
"140164",-1.75410396754367,0.521327606619698,-0.824275347134387,-1.60381578664825,-0.465898223574898,0.0344530767067141,-0.270476693618452,-0.918200036651212,8,0.125,-0.660123671480557,"-0.787027052610718",-0.0791771875919047,0.738153132044881
"140166",-0.681151836151995,-0.155706568651359,-0.652494626795534,NA,0.243573500525168,-0.0113712851630466,0.0916396217619223,1.25350375224396,7,0.142857142857143,0.0125703653955872,"0.1242933871097",-0.0791771875919047,0.738153132044881
"140172",0.749451005703569,0.280115303256714,0.292299335068155,NA,-0.78838537089311,1.27171084719025,0.200274516376035,0.783946176266623,7,0.142857142857143,0.398487401852605,"0.647107718856725",-0.0791771875919047,0.738153132044881
"140174",-0.323501125688104,NA,0.635860775745859,NA,-0.981877659284037,0.263574886055518,-0.234265062080414,1.19480905524679,6,0.166666666666667,0.0924334783326016,"0.232486537649849",-0.0791771875919047,0.738153132044881
"140177",0.0341495847757862,NA,NA,NA,NA,0.4010479716648,0.12785125329996,NA,3,0.333333333333333,0.187682936580182,"0.361524069447234",-0.0791771875919047,0.738153132044881
"140179",-0.50232648092005,-1.16845303733279,0.206408974898728,NA,1.6625169487253,1.13423776158097,0.526179200218371,1.84045072221562,7,0.142857142857143,0.528430584198021,"0.823145964451429",-0.0791771875919047,0.738153132044881
"140180",0.749451005703569,NA,-0.0512621056095504,NA,0.56606064784338,0.309399247925278,1.14177693636501,-0.331253066679545,6,0.166666666666667,0.39736211092469,"0.645583250722589",-0.0791771875919047,0.738153132044881
"140181",0.928276360935514,NA,NA,NA,NA,NA,-0.270476693618452,NA,2,0.5,0.328899833658531,"0.552835182206643",-0.0791771875919047,0.738153132044881
"140182",1.10710171616746,0.132108469529517,-0.652494626795534,NA,0.501563218379738,1.27171084719025,0.417544305604259,1.66436663122412,7,0.142857142857143,0.63455722304283,"0.966919165752912",-0.0791771875919047,0.738153132044881
"140184",-0.859977191383941,NA,-0.480713906456682,NA,-0.465898223574898,-1.29445341751635,-1.21197911360742,NA,5,0.2,-0.862604370507858,"-1.06133422579357",-0.0791771875919047,0.738153132044881
"140185",2.18005384755913,0.321108449624305,2.0959968986261,0.908441876794867,1.6625169487253,0.859291590362406,1.14177693636501,-0.0377795816937112,8,0.125,1.14142587079543,"1.65359057002974",-0.0791771875919047,0.738153132044881
"140186",-1.21762790184783,-0.304576415986296,-0.738384986964961,0.190653972953976,1.53352208979802,-0.607087989469935,0.526179200218371,1.42958784323546,8,0.125,0.101533226492099,"0.2448142617554",-0.0791771875919047,0.738153132044881
"140187",0.212974940007734,0.206759146598919,-1.08194642764267,-2.56086632510277,-0.143411076256686,0.355223609795039,0.924507147136782,1.19480905524679,8,0.125,-0.111493741277108,"-0.0437802839035274",-0.0791771875919047,0.738153132044881
"140189",-1.03880254661589,-1.29359001045491,-1.5113982284898,NA,0.501563218379738,-0.515439265730414,0.634814094832484,-0.624726551665378,7,0.142857142857143,-0.549654184249167,"-0.637370453680682",-0.0791771875919047,0.738153132044881
"140191",0.0341495847757862,1.20267684992945,-0.824275347134387,NA,0.437065788916096,1.36335957092977,-0.198053430542376,0.666556782272289,7,0.142857142857143,0.383068542735233,"0.626219290090383",-0.0791771875919047,0.738153132044881
"140197",NA,NA,NA,NA,NA,NA,NA,NA,0,NA,NA,"NaN",-0.0791771875919047,0.738153132044881
"140200",-1.21762790184783,0.0682454625568489,0.807641496084711,0.190653972953976,1.14653751301616,0.859291590362406,-0.306688325156488,-0.213863672685211,8,0.125,0.166773766910572,"0.333197738823009",-0.0791771875919047,0.738153132044881
"140202",1.10710171616746,-0.286453130223781,0.549970415576432,0.908441876794867,1.08204008355252,0.996764675971688,0.489967568680334,1.72306132822129,8,0.125,0.821361816842601,"1.21998941051672",-0.0791771875919047,0.738153132044881
"140206",-0.50232648092005,NA,NA,NA,NA,-0.0571956470328073,0.526179200218371,NA,3,0.333333333333333,-0.0111143092448285,"0.0922069898403382",-0.0791771875919047,0.738153132044881
"140208",2.00122849232719,0.554553630517639,1.23709329693184,0.669179242181237,0.695055506770665,2.05072499897618,1.32283509405519,2.19261890419862,8,0.125,1.34041114574482,"1.92316237879272",-0.0791771875919047,0.738153132044881
"140209",1.2859270713994,-0.531980501625458,-0.308933186117829,0.669179242181237,-0.78838537089311,-0.561263627600174,-1.06713258745527,0.666556782272289,8,0.125,-0.0795040222298645,"-0.000442773489363075",-0.0791771875919047,0.738153132044881
"140210",-1.93292932277561,NA,NA,NA,0.56606064784338,-0.698736713209456,-1.42924890283565,NA,4,0.25,-0.873713572744334,"-1.07638422254113",-0.0791771875919047,0.738153132044881
"140211",1.6435777818633,1.49394394254128,-0.308933186117829,NA,0.695055506770665,1.36335957092977,0.381332674066222,1.19480905524679,7,0.142857142857143,0.923306477900028,"1.35809715081041",-0.0791771875919047,0.738153132044881
"140213",0.749451005703569,0.545923494440252,-0.996056067473239,1.26733582871531,0.630558077307023,-0.148844370772328,0.0916396217619223,-0.331253066679545,8,0.125,0.226094315375371,"0.413561210695662",-0.0791771875919047,0.738153132044881
"140217",-0.144675770456158,NA,0.120518614729302,NA,0.114578641597884,0.171926162315996,-0.415323219770601,-0.507337157671043,6,0.166666666666667,-0.110052121542437,"-0.0418272748704597",-0.0791771875919047,0.738153132044881
"140223",2.18005384755913,1.27344396576403,1.4088740172707,1.02807319410168,1.98500409604351,1.13423776158097,0.96071877867482,1.89914541921279,8,0.125,1.48369388502595,"2.11727215501788",-0.0791771875919047,0.738153132044881
"140224",0.928276360935514,NA,0.0346282545598759,NA,0.759552936234307,0.584345419143842,1.03314204175089,0.490472691280789,6,0.166666666666667,0.63840295065087,"0.972129097731913",-0.0791771875919047,0.738153132044881
"140228",0.391800295239677,0.00438245558417985,0.206408974898728,0.908441876794867,0.372568359452453,0.630169781013603,-0.0532069043902274,-2.15078867359171,8,0.125,0.0387220206251965,"0.159721883033252",-0.0791771875919047,0.738153132044881
"140231",-0.50232648092005,-0.532412008429329,0.292299335068155,0.0710226556471613,0.501563218379738,0.767642866622885,0.164062884837997,0.0209151153034555,8,0.125,0.0978459483137516,"0.239818986360262",-0.0791771875919047,0.738153132044881
"140233",0.570625650471623,-2.80256930358614,0.0346282545598759,-0.527133930886914,-0.78838537089311,-0.240493094511849,-0.741227903612937,-0.213863672685211,8,0.125,-0.588552421393082,"-0.690067157731991",-0.0791771875919047,0.738153132044881
"140239",0.570625650471623,-0.827131155472114,0.292299335068155,-0.646765248193729,-0.143411076256686,0.584345419143842,0.526179200218371,-1.73992579461154,8,0.125,-0.17297295870401,"-0.127068174664878",-0.0791771875919047,0.738153132044881
"140242",1.6435777818633,0.817772780877962,0.893531856254137,1.26733582871531,0.630558077307023,1.04258903784145,0.489967568680334,1.48828254023262,8,0.125,1.03420193397152,"1.50833082355021",-0.0791771875919047,0.738153132044881
"140251",-1.75410396754367,NA,0.807641496084711,NA,0.114578641597884,1.13423776158097,-0.270476693618452,0.431777994283622,6,0.166666666666667,0.0772758720641779,"0.21195203659526",-0.0791771875919047,0.738153132044881
"140252",0.749451005703569,0.531252263108693,0.206408974898728,-0.527133930886914,1.6625169487253,0.813467228492645,0.308909410990147,0.549167388277956,8,0.125,0.536754911163766,"0.834423200304488",-0.0791771875919047,0.738153132044881
"140258",0.570625650471623,-0.128521640007588,0.37818969523758,0.908441876794867,0.695055506770665,0.996764675971688,0.779660620984633,0.373083297286456,8,0.125,0.57166246043874,"0.881713590007599",-0.0791771875919047,0.738153132044881
"140275",0.0341495847757862,NA,-0.996056067473239,NA,-0.272405935183971,-0.194668732642089,-0.016995272852189,0.196999206294956,6,0.166666666666667,-0.208162869513458,"-0.17474108870097",-0.0791771875919047,0.738153132044881
"140276",-0.859977191383941,-0.191521633372518,1.32298365710127,0.908441876794867,0.630558077307023,1.13423776158097,0.489967568680334,0.0209151153034555,8,0.125,0.431950654001432,"0.692441472377658",-0.0791771875919047,0.738153132044881
"140280",1.10710171616746,-0.132405201242413,0.893531856254137,0.310285290260791,-1.36886223606589,-0.790385436948978,-0.849862798227049,-0.331253066679545,8,0.125,-0.145231234560186,"-0.089485560787765",-0.0791771875919047,0.738153132044881
"140281",3.43183133418275,1.16297822397347,1.58065473760955,0.549547924874422,0.953045224625234,2.87556351263187,2.37297240865828,1.54697723722979,8,0.125,1.80919632547317,"2.55824087318275",-0.0791771875919047,0.738153132044881
"140286",2.00122849232719,0.35908104836481,0.721751135915285,NA,1.01754265408888,1.77577882775762,1.28662346251716,1.48828254023262,7,0.142857142857143,1.23575545160051,"1.78138191400706",-0.0791771875919047,0.738153132044881
"140288",1.2859270713994,-0.73349417903246,0.807641496084711,-0.287871296273283,1.40452723087073,1.08841339971121,0.381332674066222,1.60567193422696,8,0.125,0.694018541381686,"1.04747334314173",-0.0791771875919047,0.738153132044881
"140289",-2.11175467800756,NA,0.807641496084711,NA,-1.17536994767496,-0.240493094511849,-1.50167216591172,-0.0377795816937112,6,0.166666666666667,-0.709904661952516,"-0.854466975725387",-0.0791771875919047,0.738153132044881
"140290",0.570625650471623,0.0924098435735342,0.292299335068155,NA,1.08204008355252,1.6841301040181,1.32283509405519,0.431777994283622,7,0.142857142857143,0.782302586431821,"1.16707460366279",-0.0791771875919047,0.738153132044881
"140291",2.00122849232719,-0.00295316008159907,-0.394823546287255,0.669179242181237,1.40452723087073,1.27171084719025,1.06935367328893,1.60567193422696,8,0.125,0.952986839214555,"1.39830609936869",-0.0791771875919047,0.738153132044881
"140292",0.0341495847757862,NA,-0.308933186117829,NA,1.14653751301616,0.492696695404321,-0.523958114384714,-0.155168975688045,6,0.166666666666667,0.114220586167614,"0.262002239594588",-0.0791771875919047,0.738153132044881
"140294",0.0341495847757862,NA,NA,NA,NA,NA,0.924507147136782,NA,2,0.5,0.479328365956284,"0.756625596102234",-0.0791771875919047,0.738153132044881
"140300",0.212974940007734,NA,NA,NA,NA,NA,NA,NA,1,1,0.212974940007734,"0.395787967180062",-0.0791771875919047,0.738153132044881
"140304",-0.144675770456158,NA,-1.5113982284898,NA,-0.723887941429468,1.36335957092977,0.707237357908557,1.13611435824962,6,0.166666666666667,0.137791557785422,"0.293934599689722",-0.0791771875919047,0.738153132044881
"140308",0.391800295239677,NA,NA,NA,NA,NA,NA,NA,1,1,0.391800295239677,"0.638048478541098",-0.0791771875919047,0.738153132044881
"14034F",NA,NA,NA,NA,1.2110349424798,1.95907627523666,2.40918404019631,NA,3,0.333333333333333,1.85976508597093,"2.62674801391338",-0.0791771875919047,0.738153132044881
"141300",-1.03880254661589,NA,NA,NA,NA,NA,-0.56016974592275,NA,2,0.5,-0.799486146269318,"-0.975825919321058",-0.0791771875919047,0.738153132044881
"141301",NA,NA,NA,NA,NA,NA,0.308909410990147,NA,1,1,0.308909410990147,"0.525753507957012",-0.0791771875919047,0.738153132044881
"141302",0.212974940007734,NA,NA,NA,NA,NA,NA,NA,1,1,0.212974940007734,"0.395787967180062",-0.0791771875919047,0.738153132044881
"141303",NA,NA,NA,NA,NA,NA,NA,NA,0,NA,NA,"NaN",-0.0791771875919047,0.738153132044881
"141304",NA,NA,NA,NA,NA,NA,NA,NA,0,NA,NA,"NaN",-0.0791771875919047,0.738153132044881
"141305",-1.57527861231172,NA,NA,NA,0.630558077307023,-1.47775086499539,-1.10334421899331,NA,4,0.25,-0.88145390474835,"-1.08687030146973",-0.0791771875919047,0.738153132044881
"141306",0.212974940007734,NA,NA,NA,NA,NA,NA,NA,1,1,0.212974940007734,"0.395787967180062",-0.0791771875919047,0.738153132044881
"141307",-0.681151836151995,NA,NA,NA,NA,NA,0.562390831756408,NA,2,0.5,-0.0593805021977938,"0.0268192120776739",-0.0791771875919047,0.738153132044881
"141308",NA,NA,NA,NA,NA,NA,NA,NA,0,NA,NA,"NaN",-0.0791771875919047,0.738153132044881
"141309",0.570625650471623,NA,NA,NA,NA,NA,0.272697779452109,NA,2,0.5,0.421661714961866,"0.678502712799327",-0.0791771875919047,0.738153132044881
"141310",-0.681151836151995,NA,NA,NA,0.437065788916096,-1.70687267434419,-1.24819074514546,NA,4,0.25,-0.799787366681388,"-0.976233992387462",-0.0791771875919047,0.738153132044881
"141311",-1.03880254661589,NA,NA,NA,-1.11087251821132,-1.47775086499539,-1.32061400822154,NA,4,0.25,-1.23700998451103,"-1.5685536600131",-0.0791771875919047,0.738153132044881
"141312",-0.859977191383941,NA,NA,NA,NA,NA,0.308909410990147,NA,2,0.5,-0.275533890196897,"-0.266010796514582",-0.0791771875919047,0.738153132044881
"141313",-2.2905800332395,NA,NA,NA,NA,NA,NA,NA,1,1,-2.2905800332395,"-2.99585919187449",-0.0791771875919047,0.738153132044881
"141315",-1.03880254661589,NA,NA,NA,-0.143411076256686,-2.34841374052084,-0.777439535150975,NA,4,0.25,-1.0770167246361,"-1.3518055993069",-0.0791771875919047,0.738153132044881
"141316",-0.323501125688104,NA,NA,NA,NA,NA,0.598602463294446,NA,2,0.5,0.137550668803171,"0.293608259568962",-0.0791771875919047,0.738153132044881
"141317",0.391800295239677,NA,NA,NA,0.82405036569795,-0.148844370772328,0.996930410212857,NA,4,0.25,0.515984175094539,"0.806284410170676",-0.0791771875919047,0.738153132044881
"141318",0.212974940007734,NA,NA,NA,NA,-0.561263627600174,0.12785125329996,NA,3,0.333333333333333,-0.0734791447641601,"0.00771932351212749",-0.0791771875919047,0.738153132044881
"141319",-1.03880254661589,NA,NA,NA,NA,NA,-0.198053430542376,NA,2,0.5,-0.618427988579131,"-0.730540558018576",-0.0791771875919047,0.738153132044881
"141320",-1.21762790184783,NA,NA,NA,-2.65881082533874,NA,0.12785125329996,NA,3,0.333333333333333,-1.2495291579622,"-1.58551379051676",-0.0791771875919047,0.738153132044881
"141321",-1.75410396754367,NA,NA,NA,NA,NA,0.345121042528184,NA,2,0.5,-0.704491462507742,"-0.847133538786932",-0.0791771875919047,0.738153132044881
"141322",1.10710171616746,NA,NA,NA,1.01754265408888,0.584345419143842,0.0554279902238849,NA,4,0.25,0.691104444906016,"1.04352552208786",-0.0791771875919047,0.738153132044881
"141323",-0.50232648092005,NA,NA,NA,-0.723887941429468,NA,1.14177693636501,NA,3,0.333333333333333,-0.0281458286615038,"0.0691338378379977",-0.0791771875919047,0.738153132044881
"141324",-3.36353216463118,NA,NA,NA,0.695055506770665,-0.332141818251371,-2.73286763820499,NA,4,0.25,-1.43337152857922,"-1.83457101541497",-0.0791771875919047,0.738153132044881
"141325",-0.50232648092005,NA,NA,NA,NA,-0.240493094511849,0.924507147136782,NA,3,0.333333333333333,0.0605625239016276,"0.189309921515087",-0.0791771875919047,0.738153132044881
"141326",0.0341495847757862,NA,NA,NA,0.30807092998881,-0.194668732642089,-1.21197911360742,NA,4,0.25,-0.266106832871229,"-0.253239656060904",-0.0791771875919047,0.738153132044881
"141327",-2.46940538847145,NA,NA,NA,-3.75526712622066,NA,-4.10890963665041,NA,3,0.333333333333333,-3.44452738378084,"-4.55914911160239",-0.0791771875919047,0.738153132044881
"141328",-2.46940538847145,NA,NA,NA,-0.78838537089311,NA,-1.2844023766835,NA,3,0.333333333333333,-1.51406437868269,"-1.9438882378183",-0.0791771875919047,0.738153132044881
"141329",NA,NA,NA,NA,NA,NA,NA,NA,0,NA,NA,"NaN",-0.0791771875919047,0.738153132044881
"141330",-0.144675770456158,NA,NA,NA,NA,NA,NA,NA,1,1,-0.144675770456158,"-0.0887330555420189",-0.0791771875919047,0.738153132044881
"141331",-0.859977191383941,NA,NA,NA,NA,NA,0.164062884837997,NA,2,0.5,-0.347957153272972,"-0.364124941035575",-0.0791771875919047,0.738153132044881
"141332",0.0341495847757862,NA,NA,NA,NA,NA,-0.668804640536862,NA,2,0.5,-0.317327527880538,"-0.322629993628685",-0.0791771875919047,0.738153132044881
"141333",0.391800295239677,NA,NA,NA,NA,NA,0.0192163586858474,NA,2,0.5,0.205508326962762,"0.38567270420707",-0.0791771875919047,0.738153132044881
"141334",-0.681151836151995,NA,NA,NA,NA,NA,NA,NA,1,1,-0.681151836151995,"-0.815514589625137",-0.0791771875919047,0.738153132044881
"141335",0.212974940007734,NA,NA,NA,NA,NA,NA,NA,1,1,0.212974940007734,"0.395787967180062",-0.0791771875919047,0.738153132044881
"141336",-0.323501125688104,NA,NA,NA,0.179076071061526,-1.20280469377682,-0.125630167466301,0.255693903292122,5,0.2,-0.243433202515516,"-0.222522953290977",-0.0791771875919047,0.738153132044881
"141337",-1.21762790184783,NA,NA,NA,-0.917380229820394,-0.423790541990892,-0.306688325156488,NA,4,0.25,-0.716371749703902,"-0.863228149349985",-0.0791771875919047,0.738153132044881
"141338",-2.46940538847145,NA,NA,NA,NA,NA,-2.04484663898228,NA,2,0.5,-2.25712601372687,"-2.95053794610539",-0.0791771875919047,0.738153132044881
"141339",-1.39645325707978,NA,NA,NA,-1.11087251821132,-0.973682884428019,-2.62423274359088,NA,4,0.25,-1.5263103508275,"-1.96047825364725",-0.0791771875919047,0.738153132044881
"141340",-1.03880254661589,NA,NA,NA,-0.336903364647613,NA,-1.24819074514546,NA,3,0.333333333333333,-0.874632218802987,"-1.07762874216555",-0.0791771875919047,0.738153132044881
"141341",0.212974940007734,NA,NA,NA,-0.401400794111256,NA,-0.0894185359282648,NA,3,0.333333333333333,-0.0926147966772621,"-0.0182043650592278",-0.0791771875919047,0.738153132044881
"141342",-1.57527861231172,NA,NA,NA,NA,NA,-1.71894195513995,NA,2,0.5,-1.64711028372583,"-2.12412984253056",-0.0791771875919047,0.738153132044881
"141343",-0.144675770456158,NA,NA,NA,0.372568359452453,-0.515439265730414,0.308909410990147,NA,4,0.25,0.00534068356400691,"0.11449910253957",-0.0791771875919047,0.738153132044881
"141344",-0.323501125688104,NA,NA,NA,NA,NA,-0.56016974592275,NA,2,0.5,-0.441835435805427,"-0.491304896598979",-0.0791771875919047,0.738153132044881
"141345",-0.859977191383941,NA,NA,NA,0.30807092998881,NA,0.200274516376035,NA,3,0.333333333333333,-0.117210581673032,"-0.0515250730912226",-0.0791771875919047,0.738153132044881
"141346",-2.11175467800756,NA,NA,NA,NA,NA,-1.17576748206939,NA,2,0.5,-1.64376108003847,"-2.11959256761839",-0.0791771875919047,0.738153132044881
"141347",0.928276360935514,NA,NA,NA,NA,-0.194668732642089,0.12785125329996,NA,3,0.333333333333333,0.287152960531128,"0.49627933855432",-0.0791771875919047,0.738153132044881
"141348",0.0341495847757862,NA,NA,NA,NA,0.767642866622885,1.46768162020734,NA,3,0.333333333333333,0.756491357202005,"1.1321072938875",-0.0791771875919047,0.738153132044881
"141349",-0.681151836151995,NA,NA,NA,NA,0.0344530767067141,-0.813651166689013,NA,3,0.333333333333333,-0.486783308711431,"-0.552197238519261",-0.0791771875919047,0.738153132044881
"141350",-0.681151836151995,NA,NA,NA,-0.014416217329402,0.263574886055518,-1.2844023766835,NA,4,0.25,-0.429098886027345,"-0.474050279331693",-0.0791771875919047,0.738153132044881
"141351",-1.39645325707978,NA,NA,NA,NA,-0.0571956470328073,-0.125630167466301,NA,3,0.333333333333333,-0.526426357192962,"-0.605902962657705",-0.0791771875919047,0.738153132044881
"141352",NA,NA,NA,NA,NA,NA,NA,NA,0,NA,NA,"NaN",-0.0791771875919047,0.738153132044881
"141353",-0.323501125688104,NA,NA,NA,NA,NA,NA,NA,1,1,-0.323501125688104,"-0.330993566903058",-0.0791771875919047,0.738153132044881
"141354",-1.39645325707978,NA,NA,NA,NA,NA,NA,NA,1,1,-1.39645325707978,"-1.7845566350693",-0.0791771875919047,0.738153132044881
"141355",-0.323501125688104,NA,NA,NA,-1.49785709499318,-0.882034160688499,0.345121042528184,-2.26817806758604,5,0.2,-0.925289881285528,"-1.14625632129971",-0.0791771875919047,0.738153132044881
"150001",-0.50232648092005,NA,NA,NA,0.501563218379738,0.263574886055518,-0.415323219770601,1.01872496425529,5,0.2,0.173242673599979,"0.341961376621966",-0.0791771875919047,0.738153132044881
"150002",0.212974940007734,-0.862946220193273,-1.16783678781209,NA,1.46902466033437,-0.332141818251371,0.0916396217619223,-0.0964742786908779,7,0.142857142857143,-0.0979656975490834,"-0.0254534040994036",-0.0791771875919047,0.738153132044881
"150005",0.0341495847757862,NA,0.0346282545598759,NA,-1.17536994767496,0.0344530767067141,0.634814094832484,0.255693903292122,6,0.166666666666667,-0.030271838917997,"0.0662536627575186",-0.0791771875919047,0.738153132044881
"150006",-0.50232648092005,-0.749891437579496,-1.5113982284898,NA,-0.014416217329402,-1.75269703621395,-0.958497692841162,-0.331253066679545,7,0.142857142857143,-0.831497165721915,"-1.01919228608552",-0.0791771875919047,0.738153132044881
"150007",0.0341495847757862,NA,-1.08194642764267,NA,-2.20732881909324,-1.93599448369299,-0.379111588232563,-0.0377795816937112,6,0.166666666666667,-0.934668552596565,"-1.15896191164931",-0.0791771875919047,0.738153132044881
"150008",0.0341495847757862,1.51034120108832,NA,NA,0.243573500525168,-0.607087989469935,0.996930410212857,0.666556782272289,6,0.166666666666667,0.47407724823408,"0.749511736532666",-0.0791771875919047,0.738153132044881
"150009",0.0341495847757862,-0.487103794023043,-0.137152465778977,NA,0.630558077307023,-0.882034160688499,0.671025726370521,0.431777994283622,7,0.142857142857143,0.037317280320919,"0.157818835761223",-0.0791771875919047,0.738153132044881
"150010",0.212974940007734,NA,NA,NA,0.179076071061526,-0.744561075079217,-0.487746482846675,0.373083297286456,5,0.2,-0.0934346499140352,"-0.0193150468421553",-0.0791771875919047,0.738153132044881
"150011",-0.859977191383941,NA,-0.480713906456682,NA,-0.014416217329402,0.4010479716648,-0.596381377460788,-1.79862049160871,6,0.166666666666667,-0.558176868762454,"-0.648916410939818",-0.0791771875919047,0.738153132044881
"150012",-0.859977191383941,-1.37600780999397,-1.68317894882865,-1.36455315203462,1.34002980140709,-1.29445341751635,-1.35682563975957,0.314388600289289,8,0.125,-0.785072219727589,"-0.956298905323571",-0.0791771875919047,0.738153132044881
"150015",-0.323501125688104,0.682711151266845,0.206408974898728,NA,0.30807092998881,-0.469614903860653,-0.668804640536862,0.607862085275123,7,0.142857142857143,0.0490189244776981,"0.173671432802114",-0.0791771875919047,0.738153132044881
"150017",-0.144675770456158,-1.51797354846699,-1.25372714798152,0.429916607567607,-0.917380229820394,0.171926162315996,-0.994709324379199,-1.09428412764271,8,0.125,-0.665113422357921,"-0.793786830034599",-0.0791771875919047,0.738153132044881
"150018",0.570625650471623,-0.0823504119935651,-0.566604266626108,1.26733582871531,1.40452723087073,0.813467228492645,0.562390831756408,-0.624726551665378,8,0.125,0.418083192502709,"0.673654772305944",-0.0791771875919047,0.738153132044881
"150021",-0.144675770456158,-0.723138015739594,-0.566604266626108,0.429916607567607,0.0500812121342405,-1.98181884556275,0.164062884837997,-0.683421248662545,8,0.125,-0.431949680313414,"-0.47791234285525",-0.0791771875919047,0.738153132044881
"150022",-0.323501125688104,NA,NA,NA,0.630558077307023,1.08841339971121,0.489967568680334,0.0209151153034555,5,0.2,0.381270607062783,"0.623783568294461",-0.0791771875919047,0.738153132044881
"150023",-0.859977191383941,-0.693795553076476,0.979422216423564,0.429916607567607,-1.43335966552953,-0.423790541990892,-0.632593008998825,0.138304509297789,8,0.125,-0.311984078461339,"-0.315391049313165",-0.0791771875919047,0.738153132044881
"150024",0.749451005703569,-0.137583282888846,-0.0512621056095504,NA,0.82405036569795,1.08841339971121,0.417544305604259,0.490472691280789,7,0.142857142857143,0.483012339928483,"0.761616395182085",-0.0791771875919047,0.738153132044881
"150026",-2.46940538847145,NA,-0.137152465778977,NA,-1.6913493833841,-1.79852139808371,-0.741227903612937,-0.507337157671043,6,0.166666666666667,-1.22416561616704,"-1.55115297743601",-0.0791771875919047,0.738153132044881
"150030",-1.21762790184783,NA,NA,NA,0.114578641597884,-0.469614903860653,-1.71894195513995,-2.32687276458321,5,0.2,-1.12369577676675,"-1.41504322589711",-0.0791771875919047,0.738153132044881
"150034",0.570625650471623,-0.555713375838275,-1.59728858865922,-0.646765248193729,1.08204008355252,-1.1111559700373,-1.46546053437368,0.314388600289289,8,0.125,-0.426166172848598,"-0.470077237626076",-0.0791771875919047,0.738153132044881
"150035",-1.03880254661589,0.706444025479661,-0.480713906456682,-0.407502613580099,-0.401400794111256,-0.377966180121132,-1.24819074514546,0.196999206294956,8,0.125,-0.381391694281987,"-0.409419798643769",-0.0791771875919047,0.738153132044881
"150037",-2.11175467800756,NA,-0.910165707303813,NA,-0.78838537089311,0.996764675971688,-0.994709324379199,0.549167388277956,6,0.166666666666667,-0.54318050272234,"-0.628600347254536",-0.0791771875919047,0.738153132044881
"15003F",NA,-1.26769960222275,1.32298365710127,NA,0.30807092998881,1.54665701840882,1.61252814635949,NA,5,0.2,0.704508029927127,"1.06168379364322",-0.0791771875919047,0.738153132044881
"150042",-2.2905800332395,0.353039953110639,-0.137152465778977,NA,-0.0789136467930435,-0.790385436948978,-0.7050162720749,0.255693903292122,7,0.142857142857143,-0.484759142633234,"-0.549455035051819",-0.0791771875919047,0.738153132044881
"150044",-1.21762790184783,-0.894877723679607,0.893531856254137,0.429916607567607,0.372568359452453,-0.377966180121132,-0.451534851308639,-0.0377795816937112,8,0.125,-0.160471176922091,"-0.110131605219881",-0.0791771875919047,0.738153132044881
"150045",0.391800295239677,NA,NA,NA,NA,-0.0571956470328073,-0.234265062080414,NA,3,0.333333333333333,0.0334465287088186,"0.152575002951929",-0.0791771875919047,0.738153132044881
"150046",-0.323501125688104,-0.392603803975649,0.37818969523758,0.190653972953976,-0.207908505720328,-0.423790541990892,0.308909410990147,-0.155168975688045,8,0.125,-0.0781524842351645,"0.00138819888754181",-0.0791771875919047,0.738153132044881
"150047",0.749451005703569,NA,NA,NA,NA,-0.377966180121132,0.489967568680334,NA,3,0.333333333333333,0.28715079808759,"0.496276409021891",-0.0791771875919047,0.738153132044881
"150048",-1.57527861231172,-0.163042184317139,-0.566604266626108,0.549547924874422,-0.143411076256686,-1.43192650312563,-0.16184179900434,-0.800810642656877,8,0.125,-0.53667089492801,"-0.619781570348046",-0.0791771875919047,0.738153132044881
"15004F",NA,NA,NA,NA,0.179076071061526,1.04258903784145,1.32283509405519,NA,3,0.333333333333333,0.848166734319389,"1.25630290200396",-0.0791771875919047,0.738153132044881
"150051",0.570625650471623,0.482060487467584,-0.996056067473239,-0.646765248193729,0.372568359452453,-0.973682884428019,0.12785125329996,0.373083297286456,8,0.125,-0.0862893940146141,"-0.00963513682182269",-0.0791771875919047,0.738153132044881
"150056",1.2859270713994,0.159724904977158,0.206408974898728,0.0710226556471613,0.953045224625234,0.355223609795039,0.598602463294446,0.138304509297789,8,0.125,0.47103242674187,"0.745386818057044",-0.0791771875919047,0.738153132044881
"150057",0.928276360935514,NA,NA,NA,0.953045224625234,0.355223609795039,0.272697779452109,NA,4,0.25,0.627310743701974,"0.957102125051911",-0.0791771875919047,0.738153132044881
"150058",-0.681151836151995,-1.20297358164234,0.120518614729302,0.788810559488052,-1.94933910123867,-1.47775086499539,-0.741227903612937,-1.32906291563138,8,0.125,-0.80902212863192,"-0.988744624056733",-0.0791771875919047,0.738153132044881
"150059",0.749451005703569,NA,0.807641496084711,NA,1.27553237194345,-1.01950724629778,0.236486147914072,-0.0964742786908779,6,0.166666666666667,0.32552158277619,"0.548258556116901",-0.0791771875919047,0.738153132044881
"150061",-2.11175467800756,NA,NA,NA,NA,-0.790385436948978,-0.7050162720749,NA,3,0.333333333333333,-1.20238546234381,"-1.52164669631669",-0.0791771875919047,0.738153132044881
"150065",0.391800295239677,NA,NA,NA,0.243573500525168,-3.08160353043701,-0.632593008998825,1.66436663122412,5,0.2,-0.282891222489373,"-0.275978013306164",-0.0791771875919047,0.738153132044881
"150069",-1.75410396754367,NA,NA,NA,0.372568359452453,-1.79852139808371,-1.35682563975957,0.842640873263789,5,0.2,-0.738848354534142,"-0.893677935247356",-0.0791771875919047,0.738153132044881
"150072",-0.681151836151995,NA,NA,NA,0.243573500525168,0.355223609795039,-1.03092095591724,NA,4,0.25,-0.278318920437256,"-0.269783767351465",-0.0791771875919047,0.738153132044881
"150074",0.391800295239677,-0.336507919472629,-0.910165707303813,0.429916607567607,-0.401400794111256,-1.89017012182323,0.852083884060707,-4.08771367449821,8,0.125,-0.744019678792644,"-0.900683696022462",-0.0791771875919047,0.738153132044881
"150075",-0.681151836151995,NA,NA,NA,-0.0789136467930435,NA,-0.958497692841162,NA,3,0.333333333333333,-0.572854391928734,"-0.668800527837919",-0.0791771875919047,0.738153132044881
"150076",0.749451005703569,NA,NA,NA,0.243573500525168,-0.28631745638161,-0.56016974592275,NA,4,0.25,0.0366343259810941,"0.156893615356166",-0.0791771875919047,0.738153132044881
"150082",0.928276360935514,-0.234672313759456,-1.5113982284898,-1.48418446934144,-0.401400794111256,0.126101800446235,-0.342899956694526,-1.85731518860588,8,0.125,-0.597186598702574,"-0.701764157899928",-0.0791771875919047,0.738153132044881
"150084",0.749451005703569,-0.521624338332594,0.721751135915285,0.669179242181237,-1.6913493833841,-0.423790541990892,-0.415323219770601,-1.50514700662288,8,0.125,-0.302106638287622,"-0.302009760600952",-0.0791771875919047,0.738153132044881
"150086",1.2859270713994,NA,0.721751135915285,NA,0.953045224625234,0.538521057274082,2.11949098789202,-0.331253066679545,6,0.166666666666667,0.881247068404413,"1.30111790399871",-0.0791771875919047,0.738153132044881
"150088",-1.03880254661589,NA,NA,NA,-0.0789136467930435,-0.103020008902567,-0.234265062080414,0.0209151153034555,5,0.2,-0.286817229817691,"-0.281296702827188",-0.0791771875919047,0.738153132044881
"150089",0.570625650471623,1.12759466605618,0.206408974898728,-1.84307842126188,1.59801951926166,-0.332141818251371,0.852083884060707,0.255693903292122,8,0.125,0.30440079481597,"0.519645539327676",-0.0791771875919047,0.738153132044881
"150090",0.391800295239677,0.856608393226205,0.0346282545598759,NA,-1.17536994767496,0.675994142883363,0.562390831756408,-0.918200036651212,7,0.142857142857143,0.0611217047627648,"0.190067461972293",-0.0791771875919047,0.738153132044881
"150091",0.212974940007734,NA,NA,NA,0.0500812121342405,0.996764675971688,-0.125630167466301,NA,4,0.25,0.28354766516184,"0.491395127930841",-0.0791771875919047,0.738153132044881
"150097",1.46475242663135,NA,NA,NA,0.56606064784338,0.44687233353456,0.526179200218371,0.490472691280789,5,0.2,0.69886745990169,"1.05404233040129",-0.0791771875919047,0.738153132044881
"150100",-0.144675770456158,-0.33607641266876,-1.08194642764267,-1.60381578664825,-0.465898223574898,-1.24862905564658,-0.813651166689013,0.960030267258122,8,0.125,-0.591832822008526,"-0.694511222890065",-0.0791771875919047,0.738153132044881
"150101",0.391800295239677,NA,NA,NA,0.82405036569795,-0.469614903860653,-0.234265062080414,-0.56603185466821,5,0.2,-0.01081223193433,"0.0926162237748495",-0.0791771875919047,0.738153132044881
"150102",-1.03880254661589,NA,NA,NA,0.82405036569795,-0.194668732642089,1.35904672559323,NA,4,0.25,0.237406453008301,"0.428886130609763",-0.0791771875919047,0.738153132044881
"150104",-0.681151836151995,NA,0.120518614729302,NA,-0.014416217329402,-1.1111559700373,-0.198053430542376,0.138304509297789,6,0.166666666666667,-0.290992388338997,"-0.286952925553954",-0.0791771875919047,0.738153132044881
"150109",1.2859270713994,-1.27460371108466,-1.68317894882865,0.669179242181237,-0.78838537089311,0.675994142883363,-1.5740954289878,-1.27036821863421,8,0.125,-0.494941402745553,"-0.563249273225829",-0.0791771875919047,0.738153132044881
"150112",-0.144675770456158,1.30969053728905,0.464080055407006,-3.15902291163685,1.79151180765259,-0.28631745638161,0.0916396217619223,0.431777994283622,8,0.125,0.0623354847399469,"0.191711809092815",-0.0791771875919047,0.738153132044881
"150113",-0.681151836151995,NA,-1.33961750815094,NA,0.30807092998881,-0.652912351339696,-0.342899956694526,-1.79862049160871,6,0.166666666666667,-0.75118853565951,"-0.91039557903921",-0.0791771875919047,0.738153132044881
"150115",-0.859977191383941,NA,-0.0512621056095504,NA,-1.30436480660225,-1.93599448369299,-1.24819074514546,-0.74211594565971,6,0.166666666666667,-1.02365087968232,"-1.27950915750228",-0.0791771875919047,0.738153132044881
"150125",0.928276360935514,0.0561632720485062,-0.394823546287255,0.0710226556471613,-0.530395653038541,0.171926162315996,-0.234265062080414,1.95784011620996,8,0.125,0.253218038218865,"0.450306598157955",-0.0791771875919047,0.738153132044881
"150126",-0.323501125688104,-0.840507866392065,0.464080055407006,-0.766396565500545,0.0500812121342405,-0.423790541990892,-0.741227903612937,-1.56384170362004,8,0.125,-0.518138054907918,"-0.59467453060854",-0.0791771875919047,0.738153132044881
"150128",0.212974940007734,-1.45626807551367,-0.223042825948403,NA,0.243573500525168,0.126101800446235,-0.886074429765087,-1.91600988560304,7,0.142857142857143,-0.556963567978724,"-0.647272712998215",-0.0791771875919047,0.738153132044881
"150133",0.0341495847757862,NA,-0.137152465778977,NA,0.372568359452453,0.0344530767067141,0.236486147914072,-1.79862049160871,6,0.166666666666667,-0.209685964756444,"-0.176804475248916",-0.0791771875919047,0.738153132044881
"150146",0.0341495847757862,NA,NA,NA,-0.207908505720328,0.263574886055518,-0.125630167466301,-0.0377795816937112,5,0.2,-0.0147187568098074,"0.0873239277648667",-0.0791771875919047,0.738153132044881
"150149",NA,NA,NA,NA,NA,NA,NA,NA,0,NA,NA,"NaN",-0.0791771875919047,0.738153132044881
"150150",0.212974940007734,NA,NA,NA,0.114578641597884,0.309399247925278,1.06935367328893,NA,4,0.25,0.426576625704957,"0.685161101864852",-0.0791771875919047,0.738153132044881
"150153",1.10710171616746,-1.77774064439636,1.7524354579484,0.669179242181237,NA,1.45500829466929,NA,NA,5,0.2,0.641196813314006,"0.975914034138531",-0.0791771875919047,0.738153132044881
"150157",0.749451005703569,NA,NA,NA,0.179076071061526,0.171926162315996,-0.415323219770601,0.490472691280789,5,0.2,0.235120542118256,"0.425789332952462",-0.0791771875919047,0.738153132044881
"150158",1.2859270713994,0.954991944508424,-0.394823546287255,NA,0.82405036569795,1.18006212345073,0.598602463294446,0.960030267258122,7,0.142857142857143,0.772691527045975,"1.15405418964758",-0.0791771875919047,0.738153132044881
"150160",0.749451005703569,NA,NA,NA,NA,NA,NA,NA,1,1,0.749451005703569,"1.12256950126318",-0.0791771875919047,0.738153132044881
"150161",0.570625650471623,0.38712899061632,0.549970415576432,NA,-0.014416217329402,1.18006212345073,0.164062884837997,1.13611435824962,7,0.142857142857143,0.567649743696189,"0.876277432429516",-0.0791771875919047,0.738153132044881
"150162",1.10710171616746,-0.636405148161849,0.549970415576432,-0.407502613580099,0.501563218379738,0.584345419143842,-0.125630167466301,0.666556782272289,8,0.125,0.279999952791439,"0.48658892686444",-0.0791771875919047,0.738153132044881
"150165",0.212974940007734,NA,-0.480713906456682,NA,0.114578641597884,0.767642866622885,-0.487746482846675,0.725251479269456,6,0.166666666666667,0.141997923032434,"0.299633099180416",-0.0791771875919047,0.738153132044881
"150166",0.391800295239677,NA,NA,NA,NA,NA,NA,NA,1,1,0.391800295239677,"0.638048478541098",-0.0791771875919047,0.738153132044881
"150167",0.212974940007734,NA,NA,NA,NA,NA,NA,NA,1,1,0.212974940007734,"0.395787967180062",-0.0791771875919047,0.738153132044881
"150168",0.391800295239677,NA,NA,NA,NA,NA,NA,NA,1,1,0.391800295239677,"0.638048478541098",-0.0791771875919047,0.738153132044881
"150169",0.212974940007734,-1.13091194539616,NA,NA,-0.594893082502183,-0.882034160688499,-0.632593008998825,-1.27036821863421,6,0.166666666666667,-0.716304246035357,"-0.863136699939809",-0.0791771875919047,0.738153132044881
"150172",0.212974940007734,NA,NA,NA,NA,NA,NA,NA,1,1,0.212974940007734,"0.395787967180062",-0.0791771875919047,0.738153132044881
"150173",0.749451005703569,0.457464599647029,0.0346282545598759,0.669179242181237,0.437065788916096,-0.561263627600174,0.164062884837997,1.19480905524679,8,0.125,0.393174650436552,"0.639910362122175",-0.0791771875919047,0.738153132044881
"150177",0.212974940007734,NA,NA,NA,NA,NA,NA,NA,1,1,0.212974940007734,"0.395787967180062",-0.0791771875919047,0.738153132044881
"150179",NA,NA,NA,NA,NA,NA,NA,NA,0,NA,NA,"NaN",-0.0791771875919047,0.738153132044881
"150181",-0.50232648092005,NA,NA,NA,NA,-0.0571956470328073,-0.125630167466301,NA,3,0.333333333333333,-0.228384098473053,"-0.20213544372264",-0.0791771875919047,0.738153132044881
"150183",0.0341495847757862,NA,NA,NA,0.114578641597884,0.859291590362406,0.308909410990147,NA,4,0.25,0.329232306931556,"0.553285594537894",-0.0791771875919047,0.738153132044881
"150193",0.391800295239677,NA,NA,NA,NA,NA,NA,NA,1,1,0.391800295239677,"0.638048478541098",-0.0791771875919047,0.738153132044881
"150195",NA,NA,NA,NA,NA,NA,NA,NA,0,NA,NA,"NaN",-0.0791771875919047,0.738153132044881
"151300",-0.681151836151995,NA,NA,NA,NA,NA,NA,NA,1,1,-0.681151836151995,"-0.815514589625137",-0.0791771875919047,0.738153132044881
"151301",-0.323501125688104,NA,NA,NA,NA,NA,NA,NA,1,1,-0.323501125688104,"-0.330993566903058",-0.0791771875919047,0.738153132044881
"151303",NA,NA,NA,NA,NA,NA,-0.994709324379199,NA,1,1,-0.994709324379199,"-1.24030109342086",-0.0791771875919047,0.738153132044881
"151304",-1.03880254661589,NA,NA,NA,NA,NA,-1.03092095591724,NA,2,0.5,-1.03486175126656,"-1.29469688901428",-0.0791771875919047,0.738153132044881
"151305",-0.50232648092005,NA,NA,NA,NA,NA,0.453755937142296,NA,2,0.5,-0.0242852718888766,"0.0743638593674498",-0.0791771875919047,0.738153132044881
"151306",1.10710171616746,NA,NA,NA,NA,NA,0.417544305604259,NA,2,0.5,0.76232301088586,"1.14000762436188",-0.0791771875919047,0.738153132044881
"151307",-0.681151836151995,NA,NA,NA,-1.04637508874768,-1.38610214125587,-1.2844023766835,NA,4,0.25,-1.09950786070976,"-1.38227507115125",-0.0791771875919047,0.738153132044881
"151308",NA,NA,NA,NA,NA,NA,NA,NA,0,NA,NA,"NaN",-0.0791771875919047,0.738153132044881
"151309",-0.323501125688104,NA,NA,NA,NA,NA,NA,NA,1,1,-0.323501125688104,"-0.330993566903058",-0.0791771875919047,0.738153132044881
"151310",0.0341495847757862,NA,NA,NA,NA,-0.744561075079217,-0.668804640536862,NA,3,0.333333333333333,-0.459738710280098,"-0.515559043465597",-0.0791771875919047,0.738153132044881
"151311",-0.50232648092005,NA,NA,NA,NA,-0.790385436948978,0.272697779452109,NA,3,0.333333333333333,-0.340004712805639,"-0.353351511889102",-0.0791771875919047,0.738153132044881
"151312",0.212974940007734,NA,NA,NA,0.888547795161592,0.309399247925278,1.21420019944108,NA,4,0.25,0.656280545633921,"0.996348455757971",-0.0791771875919047,0.738153132044881
"151313",0.0341495847757862,NA,NA,NA,NA,NA,0.12785125329996,NA,2,0.5,0.0810004190378729,"0.216997801236775",-0.0791771875919047,0.738153132044881
"151314",NA,NA,NA,NA,NA,NA,NA,NA,0,NA,NA,"NaN",-0.0791771875919047,0.738153132044881
"151315",0.212974940007734,NA,NA,NA,NA,0.126101800446235,-0.306688325156488,NA,3,0.333333333333333,0.0107961384324938,"0.121889784271657",-0.0791771875919047,0.738153132044881
"151316",0.0341495847757862,NA,NA,NA,NA,NA,0.598602463294446,NA,2,0.5,0.316376024035116,"0.535868770930001",-0.0791771875919047,0.738153132044881
"151317",-0.681151836151995,NA,NA,NA,0.501563218379738,-1.66104831247443,-1.10334421899331,-0.272558369682376,5,0.2,-0.643307903784475,"-0.764246186465101",-0.0791771875919047,0.738153132044881
"151318",-0.859977191383941,NA,NA,NA,-0.465898223574898,-1.47775086499539,-0.523958114384714,NA,4,0.25,-0.831896098584735,"-1.01973273337959",-0.0791771875919047,0.738153132044881
"151319",NA,NA,NA,NA,NA,NA,NA,NA,0,NA,NA,"NaN",-0.0791771875919047,0.738153132044881
"151320",0.0341495847757862,NA,NA,NA,NA,0.4010479716648,0.996930410212857,NA,3,0.333333333333333,0.477375988884481,"0.753980647531204",-0.0791771875919047,0.738153132044881
"151322",-1.75410396754367,NA,NA,NA,0.501563218379738,-0.103020008902567,-0.813651166689013,NA,4,0.25,-0.542302981188878,"-0.62741154035883",-0.0791771875919047,0.738153132044881
"151323",0.391800295239677,NA,NA,NA,NA,0.0802774385764748,-1.32061400822154,NA,3,0.333333333333333,-0.282845424801795,"-0.275915969692731",-0.0791771875919047,0.738153132044881
"151324",0.570625650471623,NA,NA,NA,NA,NA,-0.270476693618452,NA,2,0.5,0.150074478426586,"0.310574670845604",-0.0791771875919047,0.738153132044881
"151325",0.212974940007734,NA,NA,NA,NA,NA,NA,NA,1,1,0.212974940007734,"0.395787967180062",-0.0791771875919047,0.738153132044881
"151326",-0.323501125688104,NA,NA,NA,0.759552936234307,0.4010479716648,-1.2844023766835,NA,4,0.25,-0.111825648618124,"-0.0442299295483232",-0.0791771875919047,0.738153132044881
"151327",0.0341495847757862,NA,NA,NA,NA,NA,0.489967568680334,NA,2,0.5,0.26205857672806,"0.462283162539256",-0.0791771875919047,0.738153132044881
"151328",-0.859977191383941,NA,-0.137152465778977,NA,0.243573500525168,-0.0113712851630466,-0.379111588232563,0.373083297286456,6,0.166666666666667,-0.128492622124484,"-0.0668092193769637",-0.0791771875919047,0.738153132044881
"151329",-1.03880254661589,NA,NA,NA,-1.36886223606589,-0.652912351339696,-0.415323219770601,NA,4,0.25,-0.868975088448019,"-1.06996484410784",-0.0791771875919047,0.738153132044881
"151330",-0.144675770456158,NA,NA,NA,NA,-0.790385436948978,-1.39303727129761,NA,3,0.333333333333333,-0.776032826234249,"-0.944052945642686",-0.0791771875919047,0.738153132044881
"151331",-0.50232648092005,NA,NA,NA,0.0500812121342405,-0.103020008902567,0.272697779452109,NA,4,0.25,-0.0706418745590668,"0.0115630655243483",-0.0791771875919047,0.738153132044881
"151332",-0.50232648092005,NA,NA,NA,-0.143411076256686,-1.15698033190706,-0.994709324379199,NA,4,0.25,-0.699356803365749,"-0.840177449434891",-0.0791771875919047,0.738153132044881
"151333",0.212974940007734,NA,NA,NA,NA,0.355223609795039,-0.016995272852189,NA,3,0.333333333333333,0.183734425650195,"0.356174893566819",-0.0791771875919047,0.738153132044881
"151334",-0.323501125688104,NA,NA,NA,0.56606064784338,NA,-0.342899956694526,NA,3,0.333333333333333,-0.0334468115130832,"0.0619524243596125",-0.0791771875919047,0.738153132044881
"160001",-1.21762790184783,NA,NA,NA,0.179076071061526,-3.31072533978581,-0.886074429765087,NA,4,0.25,-1.3088379000843,"-1.66586126795386",-0.0791771875919047,0.738153132044881
"160013",0.928276360935514,NA,NA,NA,0.82405036569795,0.996764675971688,0.707237357908557,-0.389947763676711,5,0.2,0.6132761993674,"0.938089072440869",-0.0791771875919047,0.738153132044881
"160016",0.212974940007734,NA,1.58065473760955,NA,-1.62685195392046,-1.47775086499539,-0.668804640536862,-0.0964742786908779,6,0.166666666666667,-0.346042010087718,"-0.36153043441884",-0.0791771875919047,0.738153132044881
"160028",1.10710171616746,NA,-0.137152465778977,NA,NA,0.217750524185757,0.779660620984633,-0.213863672685211,5,0.2,0.350699344574732,"0.582367687007931",-0.0791771875919047,0.738153132044881
"160029",-1.03880254661589,NA,0.979422216423564,NA,-1.30436480660225,0.950940314101927,0.634814094832484,0.783946176266623,6,0.166666666666667,0.167659241401077,"0.334397319847684",-0.0791771875919047,0.738153132044881
"160030",-0.323501125688104,0.378498854538933,0.893531856254137,NA,0.114578641597884,-0.744561075079217,0.12785125329996,0.490472691280789,7,0.142857142857143,0.133838728029197,"0.288579572955264",-0.0791771875919047,0.738153132044881
"160032",0.749451005703569,NA,NA,NA,NA,-0.377966180121132,0.0554279902238849,NA,3,0.333333333333333,0.142304271935441,"0.300048119979906",-0.0791771875919047,0.738153132044881
"160033",0.391800295239677,-0.784843488692916,-0.308933186117829,0.669179242181237,0.179076071061526,-0.103020008902567,-0.0532069043902274,-1.44645230962571,8,0.125,-0.182050036155851,"-0.139365186027134",-0.0791771875919047,0.738153132044881
"16003F",NA,NA,0.0346282545598759,NA,-2.78780568426602,-1.89017012182323,1.06935367328893,NA,4,0.25,-0.893498469560112,"-1.10318746424921",-0.0791771875919047,0.738153132044881
"160040",0.391800295239677,NA,NA,NA,NA,NA,0.562390831756408,NA,2,0.5,0.477095563498043,"0.753600746160792",-0.0791771875919047,0.738153132044881
"160045",1.2859270713994,-0.0633641126233125,0.893531856254137,0.908441876794867,0.243573500525168,0.813467228492645,0.489967568680334,-0.624726551665378,8,0.125,0.493352304732233,"0.77562428101887",-0.0791771875919047,0.738153132044881
"160047",0.0341495847757862,0.785841277391627,1.23709329693184,NA,0.243573500525168,-1.01950724629778,0.453755937142296,-0.56603185466821,7,0.142857142857143,0.166982070828676,"0.33347993490003",-0.0791771875919047,0.738153132044881
"16004F",NA,-0.0668161670542669,0.37818969523758,NA,-0.014416217329402,1.04258903784145,1.28662346251716,NA,5,0.2,0.525233962242503,"0.818815396962454",-0.0791771875919047,0.738153132044881
"160057",0.391800295239677,-0.733062672228589,-0.0512621056095504,NA,1.14653751301616,-1.15698033190706,0.0554279902238849,-0.74211594565971,7,0.142857142857143,-0.155665036703598,"-0.103620571113479",-0.0791771875919047,0.738153132044881
"160058",1.10710171616746,-1.92315843730034,0.206408974898728,0.908441876794867,-1.62685195392046,0.0344530767067141,-0.270476693618452,-0.213863672685211,8,0.125,-0.222243139119587,"-0.193816086821106",-0.0791771875919047,0.738153132044881
"160064",-1.03880254661589,-0.779665407046483,-1.76906930899807,-1.00565920011418,-2.52981596641145,-1.43192650312563,0.308909410990147,-0.0377795816937112,8,0.125,-1.03547613787691,"-1.29552921849129",-0.0791771875919047,0.738153132044881
"160067",-0.681151836151995,-0.119459997126331,0.206408974898728,NA,-0.852882800356752,0.0344530767067141,-0.270476693618452,-0.155168975688045,7,0.142857142857143,-0.262611178762305,"-0.248503980010542",-0.0791771875919047,0.738153132044881
"160069",-0.50232648092005,-1.13652153384646,-0.738384986964961,-1.48418446934144,-1.43335966552953,-0.332141818251371,0.489967568680334,0.314388600289289,8,0.125,-0.602820348235523,"-0.70939638119937",-0.0791771875919047,0.738153132044881
"160079",0.749451005703569,0.00697149640739623,-2.02674038950635,-1.72344710395506,-0.014416217329402,0.4010479716648,0.526179200218371,-0.448642460673878,8,0.125,-0.31619956218382,"-0.321101901898459",-0.0791771875919047,0.738153132044881
"160080",-0.144675770456158,NA,-1.08194642764267,NA,-2.01383653070232,-0.332141818251371,-1.13955585053135,1.01872496425529,6,0.166666666666667,-0.615571905554762,"-0.726671329669632",-0.0791771875919047,0.738153132044881
"160082",1.10710171616746,-1.85713789630832,-1.42550786832037,0.310285290260791,-0.530395653038541,-1.70687267434419,-0.379111588232563,0.725251479269456,8,0.125,-0.469548399318285,"-0.52884854751608",-0.0791771875919047,0.738153132044881
"160083",-0.323501125688104,-1.71603517144304,-0.824275347134387,-0.88602788280736,-0.143411076256686,-0.561263627600174,-0.270476693618452,-0.331253066679545,8,0.125,-0.632030498903468,"-0.74896832013706",-0.0791771875919047,0.738153132044881
"160089",0.0341495847757862,NA,0.635860775745859,NA,NA,-0.836209798818738,-0.306688325156488,NA,4,0.25,-0.118221940863396,"-0.0528951942035747",-0.0791771875919047,0.738153132044881
"160101",0.0341495847757862,NA,NA,NA,NA,NA,NA,NA,1,1,0.0341495847757862,"0.153527455819019",-0.0791771875919047,0.738153132044881
"160104",0.570625650471623,NA,-0.137152465778977,NA,-0.014416217329402,-0.836209798818738,0.200274516376035,-1.44645230962571,6,0.166666666666667,-0.277221770784195,"-0.268297423115518",-0.0791771875919047,0.738153132044881
"160110",0.391800295239677,0.686163205697801,0.635860775745859,0.0710226556471613,-0.594893082502183,-2.66918427360916,0.0916396217619223,0.373083297286456,8,0.125,-0.126813438091559,"-0.0645343742804275",-0.0791771875919047,0.738153132044881
"160112",-1.03880254661589,NA,NA,NA,0.179076071061526,-0.423790541990892,0.12785125329996,-0.976894733648377,5,0.2,-0.426512099578734,"-0.470545875792221",-0.0791771875919047,0.738153132044881
"160117",0.391800295239677,NA,0.893531856254137,NA,-0.594893082502183,-1.06533160816754,-1.21197911360742,0.725251479269456,6,0.166666666666667,-0.143603362252313,"-0.0872802293501494",-0.0791771875919047,0.738153132044881
"160124",-0.681151836151995,NA,NA,NA,0.372568359452453,-2.71500863547892,-0.451534851308639,-0.0377795816937112,5,0.2,-0.702581309036163,"-0.844545791897223",-0.0791771875919047,0.738153132044881
"160146",0.928276360935514,-1.57061737853906,-0.480713906456682,NA,-1.75584681284775,-1.3402777793861,-0.379111588232563,-0.331253066679545,7,0.142857142857143,-0.704220595886598,"-0.846766586986032",-0.0791771875919047,0.738153132044881
"160147",1.10710171616746,NA,NA,NA,0.114578641597884,-0.790385436948978,0.0916396217619223,0.196999206294956,5,0.2,0.143986749774649,"0.302327427302693",-0.0791771875919047,0.738153132044881
"160153",-0.681151836151995,-0.185480538118346,-1.33961750815094,-0.646765248193729,1.53352208979802,-0.790385436948978,0.526179200218371,-0.918200036651212,8,0.125,-0.312737414274852,"-0.316411617784406",-0.0791771875919047,0.738153132044881
"161301",0.0341495847757862,NA,NA,NA,NA,NA,NA,NA,1,1,0.0341495847757862,"0.153527455819019",-0.0791771875919047,0.738153132044881
"161302",-0.323501125688104,NA,NA,NA,NA,NA,-1.21197911360742,NA,2,0.5,-0.767740119647764,"-0.932818546943446",-0.0791771875919047,0.738153132044881
"161303",-0.323501125688104,NA,NA,NA,NA,NA,-0.342899956694526,NA,2,0.5,-0.333200541191315,"-0.34413367981749",-0.0791771875919047,0.738153132044881
"161304",-1.21762790184783,NA,NA,NA,NA,-1.15698033190706,-0.16184179900434,NA,3,0.333333333333333,-0.845483344253078,"-1.03813981597328",-0.0791771875919047,0.738153132044881
"161305",NA,NA,NA,NA,NA,NA,NA,NA,0,NA,NA,"NaN",-0.0791771875919047,0.738153132044881
"161306",0.212974940007734,NA,NA,NA,NA,-1.24862905564658,0.671025726370521,NA,3,0.333333333333333,-0.121542796422776,"-0.0573940649869056",-0.0791771875919047,0.738153132044881
"161307",-0.859977191383941,NA,NA,NA,NA,NA,-0.523958114384714,NA,2,0.5,-0.691967652884327,"-0.83016712751029",-0.0791771875919047,0.738153132044881
"161308",0.212974940007734,NA,NA,NA,NA,NA,-0.849862798227049,NA,2,0.5,-0.318443929109658,"-0.324142418599404",-0.0791771875919047,0.738153132044881
"161309",-0.859977191383941,NA,NA,NA,NA,0.4010479716648,-0.342899956694526,NA,3,0.333333333333333,-0.267276392137889,"-0.254824095949982",-0.0791771875919047,0.738153132044881
"161310",-0.323501125688104,NA,NA,NA,NA,NA,-0.487746482846675,NA,2,0.5,-0.40562380426739,"-0.442247824338482",-0.0791771875919047,0.738153132044881
"161311",-0.50232648092005,NA,NA,NA,NA,NA,0.200274516376035,NA,2,0.5,-0.151025982272008,"-0.0973358935442875",-0.0791771875919047,0.738153132044881
"161312",0.212974940007734,NA,NA,NA,NA,NA,NA,NA,1,1,0.212974940007734,"0.395787967180062",-0.0791771875919047,0.738153132044881
"161313",0.391800295239677,NA,NA,NA,NA,NA,0.526179200218371,NA,2,0.5,0.458989747729024,"0.729072210030544",-0.0791771875919047,0.738153132044881
"161314",0.0341495847757862,NA,NA,NA,NA,NA,-0.0532069043902274,NA,2,0.5,-0.00952865980722061,"0.0943551205855337",-0.0791771875919047,0.738153132044881
"161315",NA,NA,NA,NA,NA,NA,NA,NA,0,NA,NA,"NaN",-0.0791771875919047,0.738153132044881
"161316",0.0341495847757862,NA,NA,NA,NA,-0.148844370772328,-0.379111588232563,NA,3,0.333333333333333,-0.164602124743035,"-0.115727934276294",-0.0791771875919047,0.738153132044881
"161317",-0.50232648092005,NA,NA,NA,NA,-0.469614903860653,-0.487746482846675,NA,3,0.333333333333333,-0.486562622542459,"-0.551898267805203",-0.0791771875919047,0.738153132044881
"161318",-0.50232648092005,NA,NA,NA,NA,NA,-0.415323219770601,NA,2,0.5,-0.458824850345325,"-0.514321007758506",-0.0791771875919047,0.738153132044881
"161319",0.212974940007734,NA,NA,NA,NA,NA,NA,NA,1,1,0.212974940007734,"0.395787967180062",-0.0791771875919047,0.738153132044881
"161320",-0.144675770456158,NA,NA,NA,NA,NA,0.236486147914072,NA,2,0.5,0.0459051887289568,"0.169453153947",-0.0791771875919047,0.738153132044881
"161321",-0.50232648092005,NA,NA,NA,NA,NA,NA,NA,1,1,-0.50232648092005,"-0.573254078264098",-0.0791771875919047,0.738153132044881
"161322",NA,NA,NA,NA,NA,NA,NA,NA,0,NA,NA,"NaN",-0.0791771875919047,0.738153132044881
"161323",-0.144675770456158,NA,NA,NA,NA,-0.0113712851630466,-1.64651869206387,NA,3,0.333333333333333,-0.600855249227692,"-0.706734197808794",-0.0791771875919047,0.738153132044881
"161324",-0.681151836151995,NA,NA,NA,NA,NA,-0.306688325156488,NA,2,0.5,-0.493920080654242,"-0.561865655048281",-0.0791771875919047,0.738153132044881
"161325",-0.323501125688104,NA,NA,NA,NA,NA,-0.668804640536862,NA,2,0.5,-0.496152883112483,"-0.564890504989723",-0.0791771875919047,0.738153132044881
"161326",-1.39645325707978,NA,NA,NA,NA,NA,-0.56016974592275,NA,2,0.5,-0.978311501501264,"-1.2180864306821",-0.0791771875919047,0.738153132044881
"161327",0.212974940007734,NA,NA,NA,NA,NA,NA,NA,1,1,0.212974940007734,"0.395787967180062",-0.0791771875919047,0.738153132044881
"161328",-0.323501125688104,NA,NA,NA,NA,-0.698736713209456,0.0554279902238849,NA,3,0.333333333333333,-0.322269949557892,"-0.329325652649546",-0.0791771875919047,0.738153132044881
"161329",-2.82705609893534,NA,NA,NA,NA,NA,-1.13955585053135,NA,2,0.5,-1.98330597473334,"-2.57958505421022",-0.0791771875919047,0.738153132044881
"161330",0.212974940007734,NA,NA,NA,NA,NA,-2.00863500744424,NA,2,0.5,-0.897830033718255,"-1.10905557476734",-0.0791771875919047,0.738153132044881
"161331",-0.681151836151995,NA,NA,NA,NA,NA,-1.50167216591172,NA,2,0.5,-1.09141200103186,"-1.37130734734647",-0.0791771875919047,0.738153132044881
"161332",0.0341495847757862,NA,NA,NA,NA,NA,NA,NA,1,1,0.0341495847757862,"0.153527455819019",-0.0791771875919047,0.738153132044881
"161333",-0.323501125688104,NA,NA,NA,NA,NA,NA,NA,1,1,-0.323501125688104,"-0.330993566903058",-0.0791771875919047,0.738153132044881
"161334",-0.144675770456158,NA,NA,NA,NA,NA,0.381332674066222,NA,2,0.5,0.118328451805032,"0.267567298467993",-0.0791771875919047,0.738153132044881
"161335",0.0341495847757862,NA,NA,NA,NA,NA,0.381332674066222,NA,2,0.5,0.207741129421004,"0.388697554148512",-0.0791771875919047,0.738153132044881
"161336",0.212974940007734,NA,NA,NA,NA,NA,-0.994709324379199,NA,2,0.5,-0.390867192185732,"-0.422256563120397",-0.0791771875919047,0.738153132044881
"161337",-0.144675770456158,NA,NA,NA,NA,NA,0.598602463294446,NA,2,0.5,0.226963346419144,"0.414738515249482",-0.0791771875919047,0.738153132044881
"161338",-0.681151836151995,NA,NA,NA,NA,NA,NA,NA,1,1,-0.681151836151995,"-0.815514589625137",-0.0791771875919047,0.738153132044881
"161339",0.0341495847757862,NA,NA,NA,NA,-1.84434575995347,-0.306688325156488,NA,3,0.333333333333333,-0.705628166778058,"-0.848673468946366",-0.0791771875919047,0.738153132044881
"161340",-0.323501125688104,NA,NA,NA,NA,NA,0.200274516376035,NA,2,0.5,-0.0616133046560347,"0.0237943621362323",-0.0791771875919047,0.738153132044881
"161341",-0.859977191383941,NA,NA,NA,NA,NA,-0.56016974592275,NA,2,0.5,-0.710073468653346,"-0.854695663640538",-0.0791771875919047,0.738153132044881
"161342",-0.50232648092005,NA,NA,NA,NA,NA,-1.17576748206939,NA,2,0.5,-0.839046981494718,"-1.02942026649372",-0.0791771875919047,0.738153132044881
"161343",-0.50232648092005,NA,NA,NA,NA,-1.61522395060467,-0.523958114384714,NA,3,0.333333333333333,-0.880502848636477,"-1.08558187489456",-0.0791771875919047,0.738153132044881
"161344",-0.681151836151995,NA,NA,NA,NA,NA,0.236486147914072,NA,2,0.5,-0.222332844118962,"-0.193937613094559",-0.0791771875919047,0.738153132044881
"161345",-0.144675770456158,NA,NA,NA,NA,NA,NA,NA,1,1,-0.144675770456158,"-0.0887330555420189",-0.0791771875919047,0.738153132044881
"161346",0.212974940007734,NA,NA,NA,NA,NA,-0.922286061303123,NA,2,0.5,-0.354655560647694,"-0.3731994908599",-0.0791771875919047,0.738153132044881
"161347",-0.50232648092005,NA,NA,NA,-3.04579540212059,-1.20280469377682,-0.922286061303123,NA,4,0.25,-1.41830315953015,"-1.81415740691705",-0.0791771875919047,0.738153132044881
"161348",-0.144675770456158,NA,NA,NA,NA,-0.148844370772328,0.489967568680334,NA,3,0.333333333333333,0.0654824758172825,"0.195975140020664",-0.0791771875919047,0.738153132044881
"161349",-0.323501125688104,NA,NA,NA,NA,-0.148844370772328,0.236486147914072,NA,3,0.333333333333333,-0.0786197828487867,"0.000755134292492719",-0.0791771875919047,0.738153132044881
"161350",-1.39645325707978,NA,NA,NA,NA,NA,-1.39303727129761,NA,2,0.5,-1.39474526418869,"-1.78224276167781",-0.0791771875919047,0.738153132044881
"161351",-1.39645325707978,NA,NA,NA,NA,-1.93599448369299,-2.08105827052032,NA,3,0.333333333333333,-1.80450200376436,"-2.33735351280411",-0.0791771875919047,0.738153132044881
"161352",-0.144675770456158,NA,NA,NA,-0.272405935183971,-1.66104831247443,-0.849862798227049,NA,4,0.25,-0.731998204085402,"-0.884397814156813",-0.0791771875919047,0.738153132044881
"161353",-2.2905800332395,NA,NA,NA,-2.1428313896296,-0.882034160688499,-1.10334421899331,-1.56384170362004,5,0.2,-1.59652630123419,"-2.05560208007087",-0.0791771875919047,0.738153132044881
"161354",0.212974940007734,NA,NA,NA,NA,NA,-0.813651166689013,NA,2,0.5,-0.300338113340639,"-0.299613882469157",-0.0791771875919047,0.738153132044881
"161355",-1.39645325707978,NA,NA,NA,-0.207908505720328,NA,-0.451534851308639,NA,3,0.333333333333333,-0.685298871369582,"-0.821132712799794",-0.0791771875919047,0.738153132044881
"161356",-0.50232648092005,NA,NA,NA,NA,NA,-0.596381377460788,NA,2,0.5,-0.549353929190419,"-0.636963688409747",-0.0791771875919047,0.738153132044881
"161357",-0.144675770456158,NA,NA,NA,NA,NA,-1.75515358667798,NA,2,0.5,-0.949914678567071,"-1.17961633321665",-0.0791771875919047,0.738153132044881
"161358",-0.859977191383941,NA,NA,NA,NA,0.0802774385764748,0.0916396217619223,NA,3,0.333333333333333,-0.229353377015181,"-0.203448556815371",-0.0791771875919047,0.738153132044881
"161359",-1.21762790184783,NA,NA,NA,NA,-1.70687267434419,-1.93621174436817,NA,3,0.333333333333333,-1.62023744018673,"-2.0877243294026",-0.0791771875919047,0.738153132044881
"161360",-1.21762790184783,NA,NA,NA,NA,-0.240493094511849,-0.415323219770601,NA,3,0.333333333333333,-0.624481405376761,"-0.738741318179086",-0.0791771875919047,0.738153132044881
"161361",-0.323501125688104,NA,NA,NA,NA,-0.882034160688499,0.489967568680334,NA,3,0.333333333333333,-0.238522572565423,"-0.215870363554632",-0.0791771875919047,0.738153132044881
"161362",-2.46940538847145,NA,NA,NA,NA,-3.03577916856725,-1.21197911360742,NA,3,0.333333333333333,-2.23905455688204,"-2.92605595712464",-0.0791771875919047,0.738153132044881
"161363",0.0341495847757862,NA,NA,NA,NA,NA,-0.16184179900434,NA,2,0.5,-0.0638461071142767,"0.0207695121947891",-0.0791771875919047,0.738153132044881
"161364",-0.50232648092005,NA,NA,NA,NA,-2.25676501678132,0.0192163586858474,NA,3,0.333333333333333,-0.913291713005174,"-1.13000201340682",-0.0791771875919047,0.738153132044881
"161365",-2.2905800332395,NA,NA,NA,-0.530395653038541,-1.29445341751635,-0.741227903612937,0.0209151153034555,5,0.2,-0.967148378420775,"-1.2029633856175",-0.0791771875919047,0.738153132044881
"161366",-1.93292932277561,NA,NA,NA,NA,NA,-0.596381377460788,NA,2,0.5,-1.2646553501182,"-1.6060057338539",-0.0791771875919047,0.738153132044881
"161367",0.0341495847757862,NA,NA,NA,-0.78838537089311,-1.01950724629778,-0.379111588232563,NA,4,0.25,-0.538213655161917,"-0.621871597697295",-0.0791771875919047,0.738153132044881
"161368",-0.144675770456158,NA,NA,NA,NA,-2.34841374052084,-0.994709324379199,NA,3,0.333333333333333,-1.1625996117854,"-1.46774751357097",-0.0791771875919047,0.738153132044881
"161369",-2.11175467800756,NA,NA,NA,NA,-1.3402777793861,-0.451534851308639,NA,3,0.333333333333333,-1.30118910290077,"-1.65549919421674",-0.0791771875919047,0.738153132044881
"161370",-0.681151836151995,NA,NA,NA,NA,NA,-1.5740954289878,NA,2,0.5,-1.1276236325699,"-1.42036441960697",-0.0791771875919047,0.738153132044881
"161371",-1.03880254661589,NA,NA,NA,0.114578641597884,-1.24862905564658,-0.0894185359282648,NA,4,0.25,-0.565567874148213,"-0.658929245763514",-0.0791771875919047,0.738153132044881
"161372",-0.50232648092005,NA,NA,NA,NA,NA,-0.0532069043902274,NA,2,0.5,-0.277766692655138,"-0.269035646456025",-0.0791771875919047,0.738153132044881
"161373",-0.144675770456158,NA,NA,NA,NA,NA,-1.75515358667798,NA,2,0.5,-0.949914678567071,"-1.17961633321665",-0.0791771875919047,0.738153132044881
"161374",-1.21762790184783,NA,NA,NA,-0.272405935183971,-1.3402777793861,-1.21197911360742,NA,4,0.25,-1.01057268250633,"-1.26179169941908",-0.0791771875919047,0.738153132044881
"161375",-2.6482307437034,NA,NA,NA,NA,-2.76083299734869,-1.8637884812921,NA,3,0.333333333333333,-2.42428407411473,"-3.17699239455403",-0.0791771875919047,0.738153132044881
"161376",0.0341495847757862,NA,NA,NA,NA,0.767642866622885,-0.270476693618452,-2.85512503755771,4,0.25,-0.580952319944373,"-0.679771053686946",-0.0791771875919047,0.738153132044881
"161377",-0.859977191383941,NA,NA,NA,NA,NA,-0.415323219770601,NA,2,0.5,-0.637650205577271,"-0.756581519119545",-0.0791771875919047,0.738153132044881
"161378",NA,NA,NA,NA,NA,NA,NA,NA,0,NA,NA,"NaN",-0.0791771875919047,0.738153132044881
"161379",-1.39645325707978,NA,NA,NA,-1.43335966552953,0.309399247925278,0.345121042528184,-2.09209397659454,5,0.2,-0.853477321750079,"-1.04896951668166",-0.0791771875919047,0.738153132044881
"161380",-0.859977191383941,NA,NA,NA,NA,NA,0.743448989446595,NA,2,0.5,-0.0582641009686731,"0.0283316370483951",-0.0791771875919047,0.738153132044881
"161381",-0.681151836151995,NA,NA,NA,NA,NA,-0.270476693618452,NA,2,0.5,-0.475814264885224,"-0.537337118918034",-0.0791771875919047,0.738153132044881
"161382",-2.46940538847145,NA,NA,NA,NA,-1.38610214125587,-3.1311955851234,-0.213863672685211,4,0.25,-1.80014169688398,"-2.33144646358751",-0.0791771875919047,0.738153132044881
"170006",0.0341495847757862,NA,-0.137152465778977,NA,-0.0789136467930435,-0.561263627600174,-2.33453969128658,0.0209151153034555,6,0.166666666666667,-0.509467455229923,"-0.582928187876138",-0.0791771875919047,0.738153132044881
"170009",1.2859270713994,NA,NA,NA,NA,0.263574886055518,0.200274516376035,NA,3,0.333333333333333,0.583258824610319,"0.897423560836353",-0.0791771875919047,0.738153132044881
"170012",0.0341495847757862,-1.05022017307258,-0.394823546287255,-1.36455315203462,-0.852882800356752,-2.57753554986964,-0.849862798227049,-0.976894733648377,8,0.125,-1.00407789609006,"-1.25299300151438",-0.0791771875919047,0.738153132044881
"170013",-1.21762790184783,-0.135425748869498,0.37818969523758,-4.23570476739818,-1.04637508874768,0.905115952232167,-0.16184179900434,0.549167388277956,8,0.125,-0.620562783764979,"-0.73343263432791",-0.0791771875919047,0.738153132044881
"170014",-0.859977191383941,NA,NA,NA,0.630558077307023,-0.423790541990892,0.12785125329996,NA,4,0.25,-0.131339600691963,"-0.0706661136227307",-0.0791771875919047,0.738153132044881
"170016",-1.03880254661589,-0.110398354245075,-0.566604266626108,0.0710226556471613,-1.75584681284775,-0.240493094511849,-0.813651166689013,0.549167388277956,8,0.125,-0.48820077470132,"-0.554117525690518",-0.0791771875919047,0.738153132044881
"170017",0.391800295239677,NA,NA,NA,NA,NA,-0.016995272852189,NA,2,0.5,0.187402511193744,"0.361144168076822",-0.0791771875919047,0.738153132044881
"170020",-1.93292932277561,1.28164259503755,-3.14331507170889,-2.32160369048914,0.56606064784338,-2.02764320743252,-0.813651166689013,1.19480905524679,8,0.125,-0.899578770120933,"-1.11142464471606",-0.0791771875919047,0.738153132044881
"170023",-0.50232648092005,NA,0.979422216423564,NA,0.243573500525168,-1.56939958873491,-0.994709324379199,0.0796098123006222,6,0.166666666666667,-0.293971644130801,"-0.290989020047721",-0.0791771875919047,0.738153132044881
"170027",0.0341495847757862,NA,NA,NA,-0.143411076256686,-0.332141818251371,0.0192163586858474,NA,4,0.25,-0.105546737761606,"-0.0357236852692753",-0.0791771875919047,0.738153132044881
"170040",1.10710171616746,1.02144399230431,0.549970415576432,1.1477045114085,2.30749124336172,1.77577882775762,1.54010488328342,-1.38775761262854,8,0.125,1.00772974715386,"1.47246809308354",-0.0791771875919047,0.738153132044881
"170049",0.391800295239677,0.0350194386589062,0.0346282545598759,-0.287871296273283,-0.723887941429468,0.44687233353456,-1.13955585053135,1.13611435824962,8,0.125,-0.0133600509989323,"0.0891646106149295",-0.0791771875919047,0.738153132044881
"17005F",NA,NA,NA,NA,0.953045224625234,0.905115952232167,0.96071877867482,NA,3,0.333333333333333,0.939626651844074,"1.38020662001883",-0.0791771875919047,0.738153132044881
"170068",-0.681151836151995,NA,NA,NA,0.888547795161592,-0.744561075079217,-1.06713258745527,NA,4,0.25,-0.401074425881223,"-0.436084633817888",-0.0791771875919047,0.738153132044881
"170074",-1.03880254661589,NA,NA,NA,NA,-0.240493094511849,-1.50167216591172,NA,3,0.333333333333333,-0.926989269013153,"-1.14855853699704",-0.0791771875919047,0.738153132044881
"170086",0.928276360935514,-0.382247640682784,0.37818969523758,-0.168239978966468,0.179076071061526,-0.103020008902567,-0.596381377460788,-0.389947763676711,8,0.125,-0.0192868303068372,"0.0811354103709555",-0.0791771875919047,0.738153132044881
"17008F",NA,NA,0.292299335068155,NA,0.82405036569795,1.40918393279953,2.33676077712024,NA,4,0.25,1.21557360267147,"1.75404090839061",-0.0791771875919047,0.738153132044881
"170103",-0.50232648092005,NA,NA,NA,-0.143411076256686,-0.0571956470328073,0.489967568680334,0.783946176266623,5,0.2,0.114196108147483,"0.26196907842644",-0.0791771875919047,0.738153132044881
"170104",0.749451005703569,0.246889279358772,-0.308933186117829,0.190653972953976,1.08204008355252,0.492696695404321,-0.125630167466301,-0.448642460673878,8,0.125,0.234815652839393,"0.425376289553164",-0.0791771875919047,0.738153132044881
"170105",-0.144675770456158,NA,NA,NA,-0.917380229820394,-1.29445341751635,0.12785125329996,NA,4,0.25,-0.557164541123235,"-0.647544977838376",-0.0791771875919047,0.738153132044881
"170109",0.391800295239677,NA,NA,NA,NA,NA,0.200274516376035,NA,2,0.5,0.296037405807856,"0.50831538485831",-0.0791771875919047,0.738153132044881
"170120",-0.144675770456158,NA,NA,NA,-2.20732881909324,-1.3402777793861,-0.306688325156488,NA,4,0.25,-0.999742673522998,"-1.24711993483098",-0.0791771875919047,0.738153132044881
"170122",0.212974940007734,-0.909980461815036,1.4088740172707,0.908441876794867,-0.594893082502183,-1.06533160816754,-0.596381377460788,0.490472691280789,8,0.125,-0.0182278755739329,"0.0825700107091952",-0.0791771875919047,0.738153132044881
"170123",0.570625650471623,0.363396116403505,0.979422216423564,-0.88602788280736,-0.981877659284037,0.859291590362406,0.453755937142296,2.31000829819296,8,0.125,0.458574283363119,"0.728509366972825",-0.0791771875919047,0.738153132044881
"170137",0.391800295239677,0.29003995974571,1.4088740172707,NA,-1.36886223606589,-1.29445341751635,0.0916396217619223,-1.09428412764271,7,0.142857142857143,-0.225035126743849,"-0.19759848305172",-0.0791771875919047,0.738153132044881
"170142",-0.144675770456158,NA,-1.25372714798152,NA,-1.6913493833841,-0.28631745638161,-0.451534851308639,-0.389947763676711,6,0.166666666666667,-0.702925395531457,"-0.845011937037514",-0.0791771875919047,0.738153132044881
"170146",0.212974940007734,1.24755355753186,-0.824275347134387,NA,0.759552936234307,0.813467228492645,-0.741227903612937,-0.0377795816937112,7,0.142857142857143,0.204323689975074,"0.384067838040063",-0.0791771875919047,0.738153132044881
"170175",-0.50232648092005,NA,-0.137152465778977,NA,-0.207908505720328,-1.47775086499539,-0.379111588232563,NA,5,0.2,-0.540849981129461,"-0.625443114030554",-0.0791771875919047,0.738153132044881
"170176",0.570625650471623,-0.431439416323894,-0.308933186117829,0.908441876794867,-0.981877659284037,1.40918393279953,0.12785125329996,1.13611435824962,8,0.125,0.303745851236231,"0.518758266008215",-0.0791771875919047,0.738153132044881
"170182",0.928276360935514,0.446676929550294,0.721751135915285,NA,0.953045224625234,1.27171084719025,0.815872252522671,0.0209151153034555,7,0.142857142857143,0.736892552291815,"1.10555615692233",-0.0791771875919047,0.738153132044881
"170183",-0.50232648092005,NA,NA,NA,NA,NA,NA,NA,1,1,-0.50232648092005,"-0.573254078264098",-0.0791771875919047,0.738153132044881
"170185",0.928276360935514,NA,0.807641496084711,NA,0.82405036569795,-0.332141818251371,-0.125630167466301,0.960030267258122,6,0.166666666666667,0.510371084043104,"0.79868017358648",-0.0791771875919047,0.738153132044881
"170186",-2.11175467800756,NA,-0.738384986964961,0.908441876794867,NA,-0.194668732642089,NA,NA,4,0.25,-0.534091630204935,"-0.616287356734228",-0.0791771875919047,0.738153132044881
"170187",0.749451005703569,NA,NA,NA,NA,NA,NA,NA,1,1,0.749451005703569,"1.12256950126318",-0.0791771875919047,0.738153132044881
"170188",0.928276360935514,NA,NA,NA,NA,NA,NA,NA,1,1,0.928276360935514,"1.36483001262422",-0.0791771875919047,0.738153132044881
"170190",0.391800295239677,NA,NA,NA,NA,NA,NA,NA,1,1,0.391800295239677,"0.638048478541098",-0.0791771875919047,0.738153132044881
"170191",0.212974940007734,NA,NA,NA,NA,0.767642866622885,0.888295515598744,-0.389947763676711,4,0.25,0.369741389638163,"0.608164563342627",-0.0791771875919047,0.738153132044881
"170194",0.0341495847757862,NA,NA,NA,NA,NA,NA,NA,1,1,0.0341495847757862,"0.153527455819019",-0.0791771875919047,0.738153132044881
"170196",0.391800295239677,NA,NA,NA,NA,NA,NA,NA,1,1,0.391800295239677,"0.638048478541098",-0.0791771875919047,0.738153132044881
"170197",-0.323501125688104,NA,-2.54208255052291,-0.0486086616596539,-0.014416217329402,-1.3402777793861,-0.306688325156488,-1.15297882463988,7,0.142857142857143,-0.81836478348322,"-1.00140142173964",-0.0791771875919047,0.738153132044881
"170198",0.391800295239677,NA,NA,NA,NA,NA,NA,NA,1,1,0.391800295239677,"0.638048478541098",-0.0791771875919047,0.738153132044881
"170199",NA,NA,NA,NA,NA,NA,NA,NA,0,NA,NA,"NaN",-0.0791771875919047,0.738153132044881
"170200",-0.144675770456158,NA,-0.0512621056095504,NA,NA,0.859291590362406,1.35904672559323,1.48828254023262,5,0.2,0.70213659602451,"1.05847113518569",-0.0791771875919047,0.738153132044881
"170203",0.212974940007734,NA,NA,NA,NA,NA,NA,NA,1,1,0.212974940007734,"0.395787967180062",-0.0791771875919047,0.738153132044881
"170204",0.570625650471623,NA,NA,NA,-0.530395653038541,0.309399247925278,0.200274516376035,NA,4,0.25,0.137475940433599,"0.293507022621873",-0.0791771875919047,0.738153132044881
"170208",0.212974940007734,NA,NA,NA,NA,-0.92785852255826,1.10556530482697,NA,3,0.333333333333333,0.130227240758814,"0.283686973962453",-0.0791771875919047,0.738153132044881
"171300",NA,NA,NA,NA,NA,NA,NA,NA,0,NA,NA,"NaN",-0.0791771875919047,0.738153132044881
"171301",0.0341495847757862,NA,NA,NA,NA,NA,NA,NA,1,1,0.0341495847757862,"0.153527455819019",-0.0791771875919047,0.738153132044881
"171303",NA,NA,NA,NA,NA,NA,NA,NA,0,NA,NA,"NaN",-0.0791771875919047,0.738153132044881
"171304",NA,NA,NA,NA,NA,NA,NA,NA,0,NA,NA,"NaN",-0.0791771875919047,0.738153132044881
"171306",NA,NA,NA,NA,NA,NA,NA,NA,0,NA,NA,"NaN",-0.0791771875919047,0.738153132044881
"171307",-1.93292932277561,NA,NA,NA,NA,NA,NA,NA,1,1,-1.93292932277561,"-2.51133816915241",-0.0791771875919047,0.738153132044881
"171308",NA,NA,NA,NA,NA,NA,NA,NA,0,NA,NA,"NaN",-0.0791771875919047,0.738153132044881
"171309",NA,NA,NA,NA,NA,NA,NA,NA,0,NA,NA,"NaN",-0.0791771875919047,0.738153132044881
"171310",0.391800295239677,NA,NA,NA,NA,NA,-0.596381377460788,NA,2,0.5,-0.102290541110555,"-0.0313124100071488",-0.0791771875919047,0.738153132044881
"171311",-0.681151836151995,NA,NA,NA,NA,NA,-0.306688325156488,NA,2,0.5,-0.493920080654242,"-0.561865655048281",-0.0791771875919047,0.738153132044881
"171312",-1.21762790184783,NA,NA,NA,NA,NA,NA,NA,1,1,-1.21762790184783,"-1.54229612370826",-0.0791771875919047,0.738153132044881
"171313",-0.144675770456158,NA,NA,NA,NA,NA,-0.16184179900434,NA,2,0.5,-0.153258784730249,"-0.10036074348573",-0.0791771875919047,0.738153132044881
"171314",NA,NA,NA,NA,NA,NA,NA,NA,0,NA,NA,"NaN",-0.0791771875919047,0.738153132044881
"171315",-0.859977191383941,NA,NA,NA,NA,NA,-2.98634905897126,NA,2,0.5,-1.9231631251776,"-2.49810758436716",-0.0791771875919047,0.738153132044881
"171316",-0.144675770456158,NA,NA,NA,NA,NA,NA,NA,1,1,-0.144675770456158,"-0.0887330555420189",-0.0791771875919047,0.738153132044881
"171317",NA,NA,NA,NA,NA,NA,NA,NA,0,NA,NA,"NaN",-0.0791771875919047,0.738153132044881
"171318",0.391800295239677,NA,NA,NA,NA,NA,1.03314204175089,NA,2,0.5,0.712471168495286,"1.07247171585402",-0.0791771875919047,0.738153132044881
"171319",-1.57527861231172,NA,NA,NA,NA,NA,0.272697779452109,NA,2,0.5,-0.651290416429807,"-0.775060355366909",-0.0791771875919047,0.738153132044881
"171321",-0.323501125688104,NA,NA,NA,NA,NA,NA,NA,1,1,-0.323501125688104,"-0.330993566903058",-0.0791771875919047,0.738153132044881
"171322",0.0341495847757862,NA,NA,NA,NA,NA,NA,NA,1,1,0.0341495847757862,"0.153527455819019",-0.0791771875919047,0.738153132044881
"171323",NA,NA,NA,NA,NA,NA,NA,NA,0,NA,NA,"NaN",-0.0791771875919047,0.738153132044881
"171324",NA,NA,NA,NA,NA,NA,NA,NA,0,NA,NA,"NaN",-0.0791771875919047,0.738153132044881
"171325",0.0341495847757862,NA,NA,NA,NA,NA,-0.125630167466301,NA,2,0.5,-0.0457402913452575,"0.045298048325038",-0.0791771875919047,0.738153132044881
"171326",0.0341495847757862,NA,NA,NA,NA,NA,-0.523958114384714,NA,2,0.5,-0.244904264804464,"-0.224515849107693",-0.0791771875919047,0.738153132044881
"171327",-2.2905800332395,NA,NA,NA,0.372568359452453,0.492696695404321,-1.97242337590621,NA,4,0.25,-0.849434588572235,"-1.0434926948647",-0.0791771875919047,0.738153132044881
"171328",-0.859977191383941,NA,NA,NA,NA,NA,NA,NA,1,1,-0.859977191383941,"-1.05777510098618",-0.0791771875919047,0.738153132044881
"171329",-0.323501125688104,NA,NA,NA,NA,NA,-0.596381377460788,NA,2,0.5,-0.459941251574446,"-0.515833432729227",-0.0791771875919047,0.738153132044881
"171330",-1.75410396754367,NA,NA,NA,NA,NA,0.381332674066222,NA,2,0.5,-0.686385646738723,"-0.822605002656684",-0.0791771875919047,0.738153132044881
"171331",-0.144675770456158,NA,NA,NA,NA,NA,0.308909410990147,NA,2,0.5,0.0821168202669942,"0.218510226207497",-0.0791771875919047,0.738153132044881
"171332",-0.323501125688104,NA,NA,NA,NA,NA,NA,NA,1,1,-0.323501125688104,"-0.330993566903058",-0.0791771875919047,0.738153132044881
"171333",-2.6482307437034,NA,NA,NA,NA,-2.34841374052084,-1.13955585053135,NA,3,0.333333333333333,-2.04540011158519,"-2.66370599626981",-0.0791771875919047,0.738153132044881
"171334",-2.6482307437034,NA,NA,NA,NA,NA,-0.777439535150975,NA,2,0.5,-1.71283513942719,"-2.21316943722722",-0.0791771875919047,0.738153132044881
"171335",0.212974940007734,NA,NA,NA,NA,0.0802774385764748,0.743448989446595,NA,3,0.333333333333333,0.345567122676935,"0.575414899469687",-0.0791771875919047,0.738153132044881
"171336",-0.144675770456158,NA,NA,NA,NA,NA,-2.51559784897677,NA,2,0.5,-1.33013680971646,"-1.69471559195186",-0.0791771875919047,0.738153132044881
"171337",-0.144675770456158,NA,NA,NA,NA,NA,0.852083884060707,NA,2,0.5,0.353704056802274,"0.586438268161219",-0.0791771875919047,0.738153132044881
"171338",-0.144675770456158,NA,NA,NA,NA,NA,0.236486147914072,NA,2,0.5,0.0459051887289568,"0.169453153947",-0.0791771875919047,0.738153132044881
"171339",-1.03880254661589,NA,NA,NA,NA,NA,-2.87771416435714,NA,2,0.5,-1.95825835548651,"-2.54565223165694",-0.0791771875919047,0.738153132044881
"171341",0.0341495847757862,NA,NA,NA,0.695055506770665,-2.07346756930228,-2.73286763820499,NA,4,0.25,-1.0192825289902,"-1.27359121107291",-0.0791771875919047,0.738153132044881
"171343",-0.144675770456158,NA,NA,NA,NA,NA,NA,NA,1,1,-0.144675770456158,"-0.0887330555420189",-0.0791771875919047,0.738153132044881
"171344",-0.681151836151995,NA,NA,NA,NA,NA,-2.1534815335964,NA,2,0.5,-1.4173166848742,"-1.81282099769094",-0.0791771875919047,0.738153132044881
"171345",-0.50232648092005,NA,NA,NA,NA,NA,-0.125630167466301,NA,2,0.5,-0.313978324193175,"-0.31809271871652",-0.0791771875919047,0.738153132044881
"171346",-0.50232648092005,NA,NA,NA,NA,0.44687233353456,NA,NA,2,0.5,-0.0277270736927447,"0.0697011387821786",-0.0791771875919047,0.738153132044881
"171347",-0.50232648092005,NA,NA,NA,NA,NA,0.707237357908557,NA,2,0.5,0.102455438494254,"0.246063612279186",-0.0791771875919047,0.738153132044881
"171348",-1.03880254661589,NA,NA,NA,NA,NA,-0.849862798227049,NA,2,0.5,-0.944332672421468,"-1.17205420836304",-0.0791771875919047,0.738153132044881
"171349",-0.681151836151995,NA,NA,NA,NA,NA,-0.994709324379199,NA,2,0.5,-0.837930580265597,"-1.027907841523",-0.0791771875919047,0.738153132044881
"171350",-0.859977191383941,NA,NA,NA,NA,-0.103020008902567,0.200274516376035,NA,3,0.333333333333333,-0.254240894636825,"-0.237164484501945",-0.0791771875919047,0.738153132044881
"171351",-0.144675770456158,NA,NA,NA,NA,NA,NA,NA,1,1,-0.144675770456158,"-0.0887330555420189",-0.0791771875919047,0.738153132044881
"171352",NA,NA,NA,NA,NA,NA,NA,NA,0,NA,NA,"NaN",-0.0791771875919047,0.738153132044881
"171353",-0.144675770456158,NA,NA,NA,NA,NA,-0.16184179900434,NA,2,0.5,-0.153258784730249,"-0.10036074348573",-0.0791771875919047,0.738153132044881
"171354",-0.50232648092005,NA,NA,NA,NA,NA,-1.39303727129761,NA,2,0.5,-0.94768187610883,"-1.17659148327521",-0.0791771875919047,0.738153132044881
"171355",0.212974940007734,NA,NA,NA,NA,NA,-0.958497692841162,NA,2,0.5,-0.372761376416714,"-0.397728026990149",-0.0791771875919047,0.738153132044881
"171356",0.0341495847757862,NA,NA,NA,NA,NA,NA,NA,1,1,0.0341495847757862,"0.153527455819019",-0.0791771875919047,0.738153132044881
"171357",-0.144675770456158,NA,NA,NA,NA,NA,-0.487746482846675,NA,2,0.5,-0.316211126651417,"-0.321117568657963",-0.0791771875919047,0.738153132044881
"171358",0.391800295239677,NA,NA,NA,NA,NA,0.0554279902238849,NA,2,0.5,0.223614142731781,"0.410201240337318",-0.0791771875919047,0.738153132044881
"171359",-0.681151836151995,NA,NA,NA,NA,NA,-0.016995272852189,NA,2,0.5,-0.349073554502092,"-0.365637366006296",-0.0791771875919047,0.738153132044881
"171360",NA,NA,NA,NA,NA,NA,NA,NA,0,NA,NA,"NaN",-0.0791771875919047,0.738153132044881
"171361",-1.75410396754367,NA,NA,NA,-0.401400794111256,NA,0.453755937142296,NA,3,0.333333333333333,-0.567249608170876,"-0.661207545413891",-0.0791771875919047,0.738153132044881
"171362",-1.03880254661589,NA,NA,NA,-0.723887941429468,0.171926162315996,-0.958497692841162,NA,4,0.25,-0.63731550464263,"-0.756128088902818",-0.0791771875919047,0.738153132044881
"171363",-1.75410396754367,NA,NA,NA,-0.014416217329402,-0.92785852255826,0.164062884837997,NA,4,0.25,-0.633078955648333,"-0.750388698510258",-0.0791771875919047,0.738153132044881
"171364",-0.144675770456158,NA,NA,NA,NA,NA,0.526179200218371,NA,2,0.5,0.190751714881107,"0.365681442988986",-0.0791771875919047,0.738153132044881
"171365",NA,NA,NA,NA,NA,NA,NA,NA,0,NA,NA,"NaN",-0.0791771875919047,0.738153132044881
"171367",0.212974940007734,NA,NA,NA,NA,NA,-0.0532069043902274,NA,2,0.5,0.0798840178087535,"0.215485376266055",-0.0791771875919047,0.738153132044881
"171368",-1.21762790184783,NA,NA,NA,NA,NA,0.164062884837997,NA,2,0.5,-0.526782508504918,"-0.606385452396615",-0.0791771875919047,0.738153132044881
"171369",0.0341495847757862,NA,NA,NA,NA,NA,NA,NA,1,1,0.0341495847757862,"0.153527455819019",-0.0791771875919047,0.738153132044881
"171370",-0.50232648092005,NA,NA,NA,-0.0789136467930435,0.263574886055518,-0.0894185359282648,NA,4,0.25,-0.10177094439646,"-0.0306084954783904",-0.0791771875919047,0.738153132044881
"171371",-2.6482307437034,NA,NA,NA,0.372568359452453,0.171926162315996,-0.958497692841162,NA,4,0.25,-0.765558478694027,"-0.929863007152275",-0.0791771875919047,0.738153132044881
"171372",-1.03880254661589,NA,NA,NA,-0.659390511965826,0.44687233353456,0.308909410990147,NA,4,0.25,-0.235602828514251,"-0.211914891546969",-0.0791771875919047,0.738153132044881
"171373",0.0341495847757862,NA,NA,NA,NA,0.355223609795039,-0.7050162720749,NA,3,0.333333333333333,-0.105214359168025,"-0.0352734012033389",-0.0791771875919047,0.738153132044881
"171374",-0.681151836151995,NA,NA,NA,NA,NA,0.453755937142296,NA,2,0.5,-0.113697949504849,"-0.04676639631307",-0.0791771875919047,0.738153132044881
"171375",-2.2905800332395,NA,NA,NA,0.759552936234307,-0.332141818251371,-3.67437005819397,NA,4,0.25,-1.38438474336263,"-1.76820702793058",-0.0791771875919047,0.738153132044881
"171376",-2.46940538847145,NA,NA,NA,-0.530395653038541,NA,-1.13955585053135,NA,3,0.333333333333333,-1.37978563068045,"-1.76197646074536",-0.0791771875919047,0.738153132044881
"171377",-1.75410396754367,NA,NA,NA,NA,NA,-2.44317458590069,NA,2,0.5,-2.09863927672218,"-2.73583082081604",-0.0791771875919047,0.738153132044881
"171378",-0.144675770456158,NA,NA,NA,NA,NA,-0.270476693618452,NA,2,0.5,-0.207576232037305,"-0.173946351876474",-0.0791771875919047,0.738153132044881
"171379",-0.859977191383941,NA,NA,NA,-0.0789136467930435,NA,0.164062884837997,NA,3,0.333333333333333,-0.258275984446329,"-0.242630951599803",-0.0791771875919047,0.738153132044881
"171380",-1.03880254661589,NA,NA,NA,-0.272405935183971,-1.79852139808371,-2.80529090128107,NA,4,0.25,-1.47875519529116,"-1.89605374134504",-0.0791771875919047,0.738153132044881
"171381",-1.39645325707978,NA,NA,NA,NA,-0.652912351339696,-2.47938621743873,NA,3,0.333333333333333,-1.50958394195274,"-1.93781844479644",-0.0791771875919047,0.738153132044881
"171382",-0.50232648092005,NA,NA,NA,NA,NA,0.779660620984633,NA,2,0.5,0.138667070032292,"0.295120684539683",-0.0791771875919047,0.738153132044881
"171383",-0.681151836151995,NA,NA,NA,-0.981877659284037,-0.515439265730414,-1.93621174436817,NA,4,0.25,-1.02867012638365,"-1.28630889387599",-0.0791771875919047,0.738153132044881
"171384",0.0341495847757862,NA,-0.480713906456682,NA,-1.43335966552953,-2.94413044482773,-0.596381377460788,-0.683421248662545,6,0.166666666666667,-1.01730950969358,"-1.2709182978101",-0.0791771875919047,0.738153132044881
"171385",-0.681151836151995,NA,NA,NA,NA,-0.469614903860653,0.417544305604259,NA,3,0.333333333333333,-0.24440747813613,"-0.22384283608808",-0.0791771875919047,0.738153132044881
"171386",NA,NA,NA,NA,NA,NA,NA,NA,0,NA,NA,"NaN",-0.0791771875919047,0.738153132044881
"171388",0.570625650471623,NA,NA,NA,NA,NA,0.417544305604259,NA,2,0.5,0.494084978037941,"0.776616857320319",-0.0791771875919047,0.738153132044881
"180001",1.6435777818633,NA,NA,NA,1.14653751301616,0.996764675971688,1.57631651482146,1.25350375224396,5,0.2,1.32334004758331,"1.90003560818047",-0.0791771875919047,0.738153132044881
"180002",-0.859977191383941,NA,NA,NA,0.0500812121342405,-0.423790541990892,-1.24819074514546,NA,4,0.25,-0.620469316596513,"-0.733306011321913",-0.0791771875919047,0.738153132044881
"180004",0.0341495847757862,NA,NA,NA,-0.207908505720328,0.630169781013603,-0.849862798227049,NA,4,0.25,-0.0983629845394972,"-0.0259916216767146",-0.0791771875919047,0.738153132044881
"180005",-1.03880254661589,NA,-0.566604266626108,NA,0.372568359452453,-0.28631745638161,-1.2844023766835,0.490472691280789,6,0.166666666666667,-0.385514265928977,"-0.41500478022553",-0.0791771875919047,0.738153132044881
"180009",1.46475242663135,0.423375562141348,-1.76906930899807,0.429916607567607,-1.36886223606589,0.309399247925278,0.743448989446595,-1.62253640061721,8,0.125,-0.173696888996125,"-0.128048906522113",-0.0791771875919047,0.738153132044881
"180010",1.46475242663135,0.973978243878676,0.721751135915285,-4.23570476739818,-0.0789136467930435,0.263574886055518,0.924507147136782,0.666556782272289,8,0.125,0.0875627759623342,"0.225888039101487",-0.0791771875919047,0.738153132044881
"180011",0.212974940007734,0.732765940515694,-1.25372714798152,NA,-1.17536994767496,-0.377966180121132,1.28662346251716,-0.213863672685211,7,0.142857142857143,-0.112651800774606,"-0.0453491446821712",-0.0791771875919047,0.738153132044881
"180012",-0.144675770456158,-0.821521567021813,-2.02674038950635,NA,1.2110349424798,-0.790385436948978,-0.523958114384714,0.196999206294956,7,0.142857142857143,-0.414178161363322,"-0.453836689473058",-0.0791771875919047,0.738153132044881
"180013",-2.11175467800756,-0.646329804650844,-1.59728858865922,-1.36455315203462,-3.3682825494388,-0.92785852255826,-0.596381377460788,-0.331253066679545,8,0.125,-1.36796271743621,"-1.74595957653668",-0.0791771875919047,0.738153132044881
"180016",0.928276360935514,NA,NA,NA,-0.272405935183971,NA,0.0192163586858474,NA,3,0.333333333333333,0.225028928145797,"0.412117896045459",-0.0791771875919047,0.738153132044881
"180017",-2.6482307437034,NA,0.206408974898728,NA,-0.594893082502183,-0.607087989469935,-1.13955585053135,0.842640873263789,6,0.166666666666667,-0.656786303007391,"-0.782505811247262",-0.0791771875919047,0.738153132044881
"180018",-1.21762790184783,-1.50114478311609,-0.566604266626108,NA,-0.0789136467930435,0.538521057274082,0.164062884837997,0.138304509297789,7,0.142857142857143,-0.360486020996172,"-0.381098204684124",-0.0791771875919047,0.738153132044881
"180019",1.2859270713994,NA,0.979422216423564,NA,NA,-0.515439265730414,0.345121042528184,NA,4,0.25,0.523757766155185,"0.816815546222502",-0.0791771875919047,0.738153132044881
"180020",-1.93292932277561,NA,NA,NA,-0.78838537089311,-1.15698033190706,-2.95013742743322,NA,4,0.25,-1.70710811325225,"-2.20541084903419",-0.0791771875919047,0.738153132044881
"180024",-0.859977191383941,NA,NA,NA,0.0500812121342405,0.171926162315996,-0.234265062080414,NA,4,0.25,-0.21805871975353,"-0.188147318127454",-0.0791771875919047,0.738153132044881
"180025",-0.144675770456158,NA,NA,NA,NA,0.721818504753124,-0.487746482846675,NA,3,0.333333333333333,0.0297987504834301,"0.147633239424782",-0.0791771875919047,0.738153132044881
"180027",-0.144675770456158,NA,-0.394823546287255,NA,-0.014416217329402,-1.01950724629778,-0.741227903612937,-2.09209397659454,6,0.166666666666667,-0.73445744342968,"-0.887729425495323",-0.0791771875919047,0.738153132044881
"180029",-1.39645325707978,-0.693364046272607,0.464080055407006,NA,1.01754265408888,-0.744561075079217,-0.56016974592275,0.138304509297789,7,0.142857142857143,-0.253517272222954,"-0.236184169737357",-0.0791771875919047,0.738153132044881
"180035",1.6435777818633,0.593389242865884,1.15120293676242,0.788810559488052,1.27553237194345,1.22588648532049,0.671025726370521,0.373083297286456,8,0.125,0.96531355023757,"1.4150054947758",-0.0791771875919047,0.738153132044881
"180038",-0.50232648092005,-0.671788706079138,-0.738384986964961,-1.48418446934144,-0.917380229820394,-1.1111559700373,-0.741227903612937,-0.918200036651212,8,0.125,-0.885581097928429,"-1.09246154399233",-0.0791771875919047,0.738153132044881
"180040",0.391800295239677,-2.33395291458399,0.635860775745859,0.908441876794867,-0.014416217329402,-1.06533160816754,-0.270476693618452,0.0796098123006222,8,0.125,-0.208558084202295,"-0.175276498864092",-0.0791771875919047,0.738153132044881
"180043",0.0341495847757862,NA,NA,NA,NA,0.0802774385764748,0.489967568680334,NA,3,0.333333333333333,0.201464864010865,"0.380194893741515",-0.0791771875919047,0.738153132044881
"180044",-1.39645325707978,-2.18637758766066,-2.28441147001463,-1.2449218347278,-1.43335966552953,-0.28631745638161,-0.270476693618452,-1.73992579461154,8,0.125,-1.355280469953,"-1.7287785243503",-0.0791771875919047,0.738153132044881
"180045",0.749451005703569,0.0609098468910687,-0.223042825948403,NA,-0.336903364647613,0.171926162315996,-0.523958114384714,0.196999206294956,7,0.142857142857143,0.0136259880321228,"0.125723473348867",-0.0791771875919047,0.738153132044881
"180046",-0.859977191383941,NA,NA,NA,NA,-0.882034160688499,-0.813651166689013,NA,3,0.333333333333333,-0.851887506253818,"-1.04681574204163",-0.0791771875919047,0.738153132044881
"180048",-0.50232648092005,-1.13997358827741,-0.996056067473239,NA,-0.981877659284037,-1.56939958873491,-0.741227903612937,-1.38775761262854,7,0.142857142857143,-1.0455169858473,"-1.30913188104802",-0.0791771875919047,0.738153132044881
"180049",0.0341495847757862,NA,-1.08194642764267,NA,-1.62685195392046,-0.652912351339696,-1.42924890283565,0.490472691280789,6,0.166666666666667,-0.711056226613649,"-0.856027037738459",-0.0791771875919047,0.738153132044881
"180050",-0.323501125688104,NA,NA,NA,0.56606064784338,-1.43192650312563,-0.958497692841162,NA,4,0.25,-0.536966168452878,"-0.620181586973391",-0.0791771875919047,0.738153132044881
"180051",-2.11175467800756,NA,NA,NA,-1.75584681284775,-1.20280469377682,-1.5740954289878,-0.859505339654043,5,0.2,-1.50080139065479,"-1.92592043757182",-0.0791771875919047,0.738153132044881
"180056",0.391800295239677,NA,NA,NA,-2.20732881909324,-0.28631745638161,0.924507147136782,-1.44645230962571,5,0.2,-0.524758228544821,"-0.603643094649667",-0.0791771875919047,0.738153132044881
"180064",0.391800295239677,NA,NA,NA,NA,0.263574886055518,1.21420019944108,NA,3,0.333333333333333,0.623191793578759,"0.95152204966592",-0.0791771875919047,0.738153132044881
"180066",0.0341495847757862,NA,NA,NA,NA,0.0344530767067141,0.0554279902238849,NA,3,0.333333333333333,0.041343550568795,"0.163273354712762",-0.0791771875919047,0.738153132044881
"180067",1.10710171616746,1.9642863587589,-0.223042825948403,0.0710226556471613,0.953045224625234,-0.0571956470328073,1.57631651482146,0.0209151153034555,8,0.125,0.676556139042808,"1.02381646006314",-0.0791771875919047,0.738153132044881
"180069",0.212974940007734,NA,NA,NA,0.759552936234307,0.950940314101927,-1.2844023766835,NA,4,0.25,0.159766453415118,"0.323704703853366",-0.0791771875919047,0.738153132044881
"18006F",NA,NA,1.23709329693184,NA,1.98500409604351,2.05072499897618,1.03314204175089,NA,4,0.25,1.57649110842561,"2.24298756469524",-0.0791771875919047,0.738153132044881
"180070",0.0341495847757862,NA,NA,NA,-0.78838537089311,0.0344530767067141,0.0192163586858474,NA,4,0.25,-0.175141587681191,"-0.130006086709189",-0.0791771875919047,0.738153132044881
"180078",-1.39645325707978,NA,NA,NA,-0.465898223574898,-0.698736713209456,-1.21197911360742,NA,4,0.25,-0.943266826867889,"-1.17061027280644",-0.0791771875919047,0.738153132044881
"180079",-1.75410396754367,NA,-0.566604266626108,NA,-0.0789136467930435,-1.15698033190706,-3.20361884819948,NA,5,0.2,-1.35204421221387,"-1.72439426097914",-0.0791771875919047,0.738153132044881
"18007F",NA,NA,0.635860775745859,NA,1.92050666657987,0.171926162315996,1.75737467251164,NA,4,0.25,1.12141706928834,"1.62648399737095",-0.0791771875919047,0.738153132044881
"180080",0.212974940007734,-0.516446256686161,-0.480713906456682,NA,-1.04637508874768,0.217750524185757,-0.0532069043902274,1.19480905524679,7,0.142857142857143,-0.0673153766914957,"0.0160695801256693",-0.0791771875919047,0.738153132044881
"180087",-0.50232648092005,NA,NA,NA,-2.07833396016596,-0.561263627600174,0.308909410990147,NA,4,0.25,-0.708253664424009,"-0.852230315800998",-0.0791771875919047,0.738153132044881
"180088",-1.03880254661589,-1.08646674459761,0.635860775745859,0.0710226556471613,-0.014416217329402,-1.24862905564658,-0.379111588232563,0.196999206294956,8,0.125,-0.357942939341759,"-0.37765300944751",-0.0791771875919047,0.738153132044881
"180092",-1.21762790184783,NA,0.120518614729302,NA,-2.40082110748417,0.721818504753124,-0.125630167466301,-0.624726551665378,6,0.166666666666667,-0.587744768163543,"-0.688973003694735",-0.0791771875919047,0.738153132044881
"180093",-1.39645325707978,0.0906838163580558,-2.1985211098452,-4.11607345009137,1.14653751301616,-2.57753554986964,-1.64651869206387,0.196999206294956,8,0.125,-1.31261019041009,"-1.67097171206365",-0.0791771875919047,0.738153132044881
"180101",-0.681151836151995,NA,NA,NA,NA,0.859291590362406,-0.849862798227049,NA,3,0.333333333333333,-0.22390768133888,"-0.196071096177609",-0.0791771875919047,0.738153132044881
"180102",0.928276360935514,0.56102623257568,1.23709329693184,0.429916607567607,-0.594893082502183,-0.28631745638161,-0.270476693618452,0.0796098123006222,8,0.125,0.260529384726128,"0.460211516514134",-0.0791771875919047,0.738153132044881
"180103",1.46475242663135,0.283567357687669,-0.652494626795534,-1.2449218347278,1.59801951926166,-0.194668732642089,0.236486147914072,0.725251479269456,8,0.125,0.276998967074847,"0.482523394136457",-0.0791771875919047,0.738153132044881
"180104",-0.681151836151995,-0.60792569910647,-1.08194642764267,0.549547924874422,0.630558077307023,-0.836209798818738,-0.415323219770601,0.255693903292122,8,0.125,-0.273344634502113,"-0.263044940786626",-0.0791771875919047,0.738153132044881
"180105",-1.03880254661589,NA,NA,NA,0.0500812121342405,0.675994142883363,-0.415323219770601,NA,4,0.25,-0.182012602842221,"-0.139314473902501",-0.0791771875919047,0.738153132044881
"180115",-2.11175467800756,NA,NA,NA,-0.723887941429468,-1.20280469377682,-2.91392579589518,NA,4,0.25,-1.73809327727726,"-2.24738745616335",-0.0791771875919047,0.738153132044881
"180116",-1.21762790184783,NA,-2.02674038950635,NA,1.01754265408888,-1.29445341751635,0.200274516376035,-0.0964742786908779,6,0.166666666666667,-0.569579802849416,"-0.664364335756411",-0.0791771875919047,0.738153132044881
"180124",0.212974940007734,NA,-0.910165707303813,NA,-1.11087251821132,-1.06533160816754,-0.0894185359282648,0.0209151153034555,6,0.166666666666667,-0.490316385716625,"-0.556983612581519",-0.0791771875919047,0.738153132044881
"180127",-0.681151836151995,NA,0.464080055407006,NA,-1.36886223606589,0.0344530767067141,-0.451534851308639,0.196999206294956,6,0.166666666666667,-0.301002764186308,"-0.300514306536759",-0.0791771875919047,0.738153132044881
"180128",-0.50232648092005,NA,NA,NA,-0.723887941429468,-1.15698033190706,0.0916396217619223,NA,4,0.25,-0.572888783123664,"-0.668847118705637",-0.0791771875919047,0.738153132044881
"180130",0.570625650471623,-1.53437080701403,0.721751135915285,0.788810559488052,0.114578641597884,-0.332141818251371,-0.16184179900434,-0.918200036651212,8,0.125,-0.0938485591810134,"-0.0198757831568975",-0.0791771875919047,0.738153132044881
"180132",-2.6482307437034,-1.37730233040557,-0.652494626795534,NA,-1.75584681284775,-0.0113712851630466,-0.741227903612937,0.314388600289289,7,0.142857142857143,-0.981726443176992,"-1.2227127629802",-0.0791771875919047,0.738153132044881
"180138",0.391800295239677,NA,NA,NA,-0.659390511965826,0.767642866622885,-0.379111588232563,NA,4,0.25,0.0302352654160433,"0.148224600368282",-0.0791771875919047,0.738153132044881
"180141",-0.50232648092005,-2.06555568257724,-0.910165707303813,NA,0.243573500525168,0.263574886055518,-0.741227903612937,-1.09428412764271,7,0.142857142857143,-0.68663021649658,"-0.822936329243593",-0.0791771875919047,0.738153132044881
"180143",1.10710171616746,NA,NA,NA,NA,1.08841339971121,0.888295515598744,0.373083297286456,4,0.25,0.864223482190967,"1.27805549936421",-0.0791771875919047,0.738153132044881
"180149",-1.39645325707978,NA,NA,NA,NA,NA,-1.06713258745527,NA,2,0.5,-1.23179292226753,"-1.56148593650557",-0.0791771875919047,0.738153132044881
"180154",-1.75410396754367,NA,NA,NA,NA,-1.1111559700373,-1.35682563975957,NA,3,0.333333333333333,-1.40736185911351,"-1.79933487221301",-0.0791771875919047,0.738153132044881
"181301",-0.859977191383941,NA,NA,NA,-0.465898223574898,-0.103020008902567,0.164062884837997,NA,4,0.25,-0.316208134755852,"-0.321113515439959",-0.0791771875919047,0.738153132044881
"181302",-0.50232648092005,NA,NA,NA,NA,NA,NA,NA,1,1,-0.50232648092005,"-0.573254078264098",-0.0791771875919047,0.738153132044881
"181304",-0.859977191383941,NA,NA,NA,NA,NA,NA,NA,1,1,-0.859977191383941,"-1.05777510098618",-0.0791771875919047,0.738153132044881
"181305",NA,NA,NA,NA,NA,NA,NA,NA,0,NA,NA,"NaN",-0.0791771875919047,0.738153132044881
"181306",NA,NA,NA,NA,NA,NA,0.12785125329996,NA,1,1,0.12785125329996,"0.28046814665453",-0.0791771875919047,0.738153132044881
"181307",NA,NA,NA,NA,NA,NA,NA,NA,0,NA,NA,"NaN",-0.0791771875919047,0.738153132044881
"181308",NA,NA,NA,NA,NA,NA,NA,NA,0,NA,NA,"NaN",-0.0791771875919047,0.738153132044881
"181309",-2.2905800332395,NA,NA,NA,-0.014416217329402,0.217750524185757,-0.849862798227049,NA,4,0.25,-0.73427713115255,"-0.887485150602618",-0.0791771875919047,0.738153132044881
"181310",NA,NA,NA,NA,NA,NA,NA,NA,0,NA,NA,"NaN",-0.0791771875919047,0.738153132044881
"181311",NA,NA,NA,NA,NA,NA,NA,NA,0,NA,NA,"NaN",-0.0791771875919047,0.738153132044881
"181314",NA,NA,NA,NA,NA,NA,NA,NA,0,NA,NA,"NaN",-0.0791771875919047,0.738153132044881
"181315",-0.681151836151995,NA,NA,NA,NA,NA,0.0192163586858474,NA,2,0.5,-0.330967738733074,"-0.341108829876048",-0.0791771875919047,0.738153132044881
"181316",NA,NA,NA,NA,NA,NA,NA,NA,0,NA,NA,"NaN",-0.0791771875919047,0.738153132044881
"181317",-0.144675770456158,NA,NA,NA,NA,NA,-1.64651869206387,NA,2,0.5,-0.895597231260015,"-1.1060307248259",-0.0791771875919047,0.738153132044881
"181318",0.391800295239677,NA,NA,NA,NA,NA,-0.813651166689013,NA,2,0.5,-0.210925435724668,"-0.178483626788639",-0.0791771875919047,0.738153132044881
"181319",-3.00588145416729,NA,NA,NA,-0.401400794111256,NA,-2.44317458590069,NA,3,0.333333333333333,-1.95015227805975,"-2.53467066553622",-0.0791771875919047,0.738153132044881
"181320",-1.39645325707978,NA,NA,NA,-0.272405935183971,-1.1111559700373,-0.596381377460788,NA,4,0.25,-0.84409913494046,"-1.03626458270185",-0.0791771875919047,0.738153132044881
"181321",NA,NA,NA,NA,NA,NA,-0.234265062080414,NA,1,1,-0.234265062080414,"-0.210102575950433",-0.0791771875919047,0.738153132044881
"181322",-4.07883358555896,NA,NA,NA,NA,NA,NA,NA,1,1,-4.07883358555896,"-5.41846430548488",-0.0791771875919047,0.738153132044881
"181323",-0.859977191383941,NA,NA,NA,-3.43277997890245,NA,-1.68273032360191,NA,3,0.333333333333333,-1.99182916462943,"-2.59113169612784",-0.0791771875919047,0.738153132044881
"181324",0.391800295239677,NA,NA,NA,NA,NA,NA,NA,1,1,0.391800295239677,"0.638048478541098",-0.0791771875919047,0.738153132044881
"181325",NA,NA,NA,NA,NA,NA,NA,NA,0,NA,NA,"NaN",-0.0791771875919047,0.738153132044881
"181327",-1.03880254661589,NA,NA,NA,-1.04637508874768,NA,-0.415323219770601,NA,3,0.333333333333333,-0.833500285044722,"-1.0219059768305",-0.0791771875919047,0.738153132044881
"181328",-2.82705609893534,NA,NA,NA,NA,NA,NA,NA,1,1,-2.82705609893534,"-3.72264072595761",-0.0791771875919047,0.738153132044881
"181329",0.391800295239677,NA,NA,NA,NA,0.813467228492645,0.526179200218371,NA,3,0.333333333333333,0.577148907983565,"0.889146258523989",-0.0791771875919047,0.738153132044881
"181330",-0.681151836151995,NA,NA,NA,NA,NA,-0.379111588232563,NA,2,0.5,-0.530131712192279,"-0.610922727308777",-0.0791771875919047,0.738153132044881
"181331",NA,NA,NA,NA,NA,NA,NA,NA,0,NA,NA,"NaN",-0.0791771875919047,0.738153132044881
"181332",0.391800295239677,NA,NA,NA,NA,NA,-1.71894195513995,NA,2,0.5,-0.663570829950134,"-0.791697030044842",-0.0791771875919047,0.738153132044881
"181333",NA,NA,NA,NA,NA,NA,NA,NA,0,NA,NA,"NaN",-0.0791771875919047,0.738153132044881
"181334",NA,NA,NA,NA,NA,NA,NA,NA,0,NA,NA,"NaN",-0.0791771875919047,0.738153132044881
"190002",-0.859977191383941,0.173533122700977,-1.94085002933693,-1.84307842126188,0.179076071061526,-0.240493094511849,0.779660620984633,-0.0377795816937112,8,0.125,-0.473738562930147,"-0.534525098125916",-0.0791771875919047,0.738153132044881
"190004",-2.6482307437034,NA,-2.1985211098452,-1.60381578664825,-1.43335966552953,-2.48588682613012,-2.22590479667247,-1.50514700662288,7,0.142857142857143,-2.01440941930741,"-2.62172189983723",-0.0791771875919047,0.738153132044881
"190005",0.0341495847757862,-0.779233900242614,-1.08194642764267,NA,NA,-1.24862905564658,0.634814094832484,0.431777994283622,6,0.166666666666667,-0.334844618273329,"-0.346360964388456",-0.0791771875919047,0.738153132044881
"190006",-0.859977191383941,NA,NA,NA,-2.07833396016596,-0.240493094511849,-0.451534851308639,NA,4,0.25,-0.907584774342597,"-1.12227063841859",-0.0791771875919047,0.738153132044881
"190007",-0.681151836151995,NA,NA,NA,NA,0.630169781013603,-0.994709324379199,NA,3,0.333333333333333,-0.34856379317253,"-0.364946775792109",-0.0791771875919047,0.738153132044881
"190008",-0.50232648092005,-0.220432589231766,0.549970415576432,-1.84307842126188,1.01754265408888,-1.38610214125587,-0.198053430542376,0.138304509297789,8,0.125,-0.305521935531105,"-0.306636574598234",-0.0791771875919047,0.738153132044881
"190011",-0.323501125688104,NA,NA,NA,NA,0.355223609795039,NA,0.725251479269456,3,0.333333333333333,0.252324654458797,"0.449096302189159",-0.0791771875919047,0.738153132044881
"190013",-1.39645325707978,NA,NA,NA,-0.336903364647613,-0.194668732642089,-0.886074429765087,-1.91600988560304,5,0.2,-0.946021933947522,"-1.17434270576652",-0.0791771875919047,0.738153132044881
"190014",-0.859977191383941,NA,NA,NA,-1.88484167177503,-0.882034160688499,-1.5740954289878,NA,4,0.25,-1.30023711320882,"-1.65420950289034",-0.0791771875919047,0.738153132044881
"190015",-1.75410396754367,-0.528959953998373,-1.42550786832037,-1.00565920011418,0.56606064784338,-0.790385436948978,-0.668804640536862,-0.976894733648377,8,0.125,-0.823031894158428,"-1.00772410801245",-0.0791771875919047,0.738153132044881
"190017",-2.46940538847145,0.5748344502995,-0.394823546287255,NA,0.501563218379738,-2.66918427360916,-1.13955585053135,-1.27036821863421,7,0.142857142857143,-0.980991372693455,"-1.22171693914417",-0.0791771875919047,0.738153132044881
"190019",-1.03880254661589,-0.361535314097054,-1.08194642764267,-2.32160369048914,0.437065788916096,0.4010479716648,-0.016995272852189,0.0796098123006222,8,0.125,-0.487894959851927,"-0.553703228390789",-0.0791771875919047,0.738153132044881
"190020",-1.03880254661589,NA,-0.394823546287255,NA,NA,-1.79852139808371,-0.886074429765087,0.901335570260955,5,0.2,-0.643377270098197,"-0.764340159261139",-0.0791771875919047,0.738153132044881
"190025",0.0341495847757862,NA,NA,NA,NA,0.126101800446235,0.779660620984633,NA,3,0.333333333333333,0.313304002068885,"0.531707003089606",-0.0791771875919047,0.738153132044881
"190026",-0.323501125688104,-0.177281908844828,-0.480713906456682,0.190653972953976,-0.594893082502183,1.31753520906001,0.0916396217619223,0.0209151153034555,8,0.125,0.00554423694844621,"0.114774862914488",-0.0791771875919047,0.738153132044881
"190027",-0.50232648092005,1.62037543607501,-0.223042825948403,-0.407502613580099,-1.43335966552953,0.0802774385764748,-0.0532069043902274,0.373083297286456,8,0.125,-0.0682127898037968,"0.0148538254626565",-0.0791771875919047,0.738153132044881
"190034",-0.681151836151995,NA,NA,NA,NA,-1.52357522686515,0.598602463294446,NA,3,0.333333333333333,-0.535374866574232,"-0.618025798682908",-0.0791771875919047,0.738153132044881
"190036",1.46475242663135,0.0358824522666454,0.807641496084711,0.0710226556471613,-2.27182624855689,-0.103020008902567,1.28662346251716,0.138304509297789,8,0.125,0.17867259312317,"0.349317464793196",-0.0791771875919047,0.738153132044881
"190039",-0.50232648092005,NA,-1.5113982284898,NA,-0.917380229820394,-1.43192650312563,-0.234265062080414,-0.0964742786908779,6,0.166666666666667,-0.782295130521193,"-0.952536692463073",-0.0791771875919047,0.738153132044881
"190040",-0.50232648092005,-0.182459990491261,-0.0512621056095504,-0.287871296273283,0.437065788916096,0.0344530767067141,-0.125630167466301,0.255693903292122,8,0.125,-0.0527921589806891,"0.0357446544162483",-0.0791771875919047,0.738153132044881
"190041",-0.681151836151995,0.360807075580289,0.549970415576432,0.549547924874422,0.501563218379738,0.584345419143842,0.164062884837997,0.196999206294956,8,0.125,0.27826803856696,"0.484242646466386",-0.0791771875919047,0.738153132044881
"190044",-0.859977191383941,NA,NA,NA,0.30807092998881,-0.332141818251371,-1.97242337590621,NA,4,0.25,-0.714117863888177,"-0.860174737100035",-0.0791771875919047,0.738153132044881
"190045",0.212974940007734,-0.182459990491261,-0.394823546287255,-0.287871296273283,-1.49785709499318,-0.515439265730414,-0.270476693618452,0.138304509297789,8,0.125,-0.34970605476104,"-0.366494234630825",-0.0791771875919047,0.738153132044881
"190046",0.391800295239677,NA,0.0346282545598759,0.190653972953976,-0.207908505720328,0.44687233353456,1.06935367328893,0.783946176266623,7,0.142857142857143,0.387049457160474,"0.631612364037265",-0.0791771875919047,0.738153132044881
"190050",-0.50232648092005,NA,NA,NA,0.630558077307023,0.0802774385764748,-0.741227903612937,NA,4,0.25,-0.133179717162372,"-0.0731589791143558",-0.0791771875919047,0.738153132044881
"190053",-1.03880254661589,NA,NA,NA,0.243573500525168,-2.02764320743252,-0.0532069043902274,NA,4,0.25,-0.719019789478365,"-0.866815534757573",-0.0791771875919047,0.738153132044881
"190054",-1.93292932277561,NA,-1.16783678781209,NA,-1.56235452445682,-0.92785852255826,0.200274516376035,0.901335570260955,6,0.166666666666667,-0.748228178494299,"-0.906385087128121",-0.0791771875919047,0.738153132044881
"190060",-1.39645325707978,-0.897898271306693,0.292299335068155,-0.287871296273283,-1.62685195392046,0.0802774385764748,1.17798856790304,1.25350375224396,8,0.125,-0.175625710598573,"-0.130661943734467",-0.0791771875919047,0.738153132044881
"190064",-0.859977191383941,-1.18830235031079,-1.16783678781209,1.02807319410168,-1.88484167177503,-0.240493094511849,-1.35682563975957,-0.74211594565971,8,0.125,-0.801539935888912,"-0.978608254761272",-0.0791771875919047,0.738153132044881
"190065",0.391800295239677,-0.648918845474061,0.464080055407006,0.908441876794867,0.56606064784338,-0.469614903860653,-0.632593008998825,0.314388600289289,8,0.125,0.111705589655085,"0.258595092211007",-0.0791771875919047,0.738153132044881
"190079",0.0341495847757862,NA,NA,NA,NA,NA,NA,NA,1,1,0.0341495847757862,"0.153527455819019",-0.0791771875919047,0.738153132044881
"190086",-0.859977191383941,NA,-0.394823546287255,NA,-2.46531853694781,-0.194668732642089,0.0916396217619223,0.138304509297789,6,0.166666666666667,-0.614140646033564,"-0.724732355953931",-0.0791771875919047,0.738153132044881
"190088",0.212974940007734,NA,NA,NA,NA,0.217750524185757,0.634814094832484,NA,3,0.333333333333333,0.355179853008658,"0.588437577169494",-0.0791771875919047,0.738153132044881
"190090",-3.18470680939923,NA,NA,NA,NA,NA,-2.69665600666696,NA,2,0.5,-2.94068140803309,"-3.87657261917193",-0.0791771875919047,0.738153132044881
"190098",0.391800295239677,0.413019398848483,-0.137152465778977,NA,0.888547795161592,-1.38610214125587,0.743448989446595,-0.448642460673878,7,0.142857142857143,0.0664170587125181,"0.197241249794725",-0.0791771875919047,0.738153132044881
"190099",-0.323501125688104,NA,NA,NA,NA,-1.84434575995347,-2.29832805974854,NA,3,0.333333333333333,-1.48872498179671,"-1.90956013462949",-0.0791771875919047,0.738153132044881
"190102",-1.03880254661589,-1.50718587837026,-0.223042825948403,-1.00565920011418,-1.56235452445682,-0.377966180121132,-1.71894195513995,-0.859505339654043,8,0.125,-1.03668230630258,"-1.297163253996",-0.0791771875919047,0.738153132044881
"190106",-0.681151836151995,NA,NA,NA,NA,-0.240493094511849,0.0554279902238849,NA,3,0.333333333333333,-0.288738980146653,"-0.283900160355896",-0.0791771875919047,0.738153132044881
"190111",-2.46940538847145,-0.60102159024456,0.292299335068155,-1.2449218347278,-0.917380229820394,0.355223609795039,-0.451534851308639,-0.0377795816937112,8,0.125,-0.63431506642542,"-0.752063297890014",-0.0791771875919047,0.738153132044881
"190114",-1.57527861231172,NA,NA,NA,NA,-1.01950724629778,-0.306688325156488,NA,3,0.333333333333333,-0.967158061255331,"-1.20297650326767",-0.0791771875919047,0.738153132044881
"190116",-1.39645325707978,NA,NA,NA,NA,-0.28631745638161,-0.523958114384714,NA,3,0.333333333333333,-0.735576275948701,"-0.889245144213364",-0.0791771875919047,0.738153132044881
"190118",0.0341495847757862,NA,NA,NA,NA,0.309399247925278,0.12785125329996,NA,3,0.333333333333333,0.157133362000341,"0.320137569473698",-0.0791771875919047,0.738153132044881
"190125",0.0341495847757862,-0.631227066515416,-0.652494626795534,-0.527133930886914,-1.23986737713861,0.0344530767067141,-0.849862798227049,-0.0964742786908779,8,0.125,-0.491057177096487,"-0.557987186701444",-0.0791771875919047,0.738153132044881
"190128",0.212974940007734,NA,NA,NA,NA,NA,NA,NA,1,1,0.212974940007734,"0.395787967180062",-0.0791771875919047,0.738153132044881
"190133",0.570625650471623,NA,NA,NA,NA,NA,NA,NA,1,1,0.570625650471623,"0.880308989902137",-0.0791771875919047,0.738153132044881
"190140",-0.323501125688104,NA,NA,NA,NA,NA,0.996930410212857,NA,2,0.5,0.336714642262376,"0.563422157001692",-0.0791771875919047,0.738153132044881
"190144",-1.21762790184783,NA,NA,NA,-0.014416217329402,-0.28631745638161,-1.10334421899331,0.725251479269456,5,0.2,-0.37929086305654,"-0.406573734413672",-0.0791771875919047,0.738153132044881
"190145",-3.36353216463118,NA,NA,NA,NA,-0.92785852255826,-1.53788379744976,NA,3,0.333333333333333,-1.94309149487973,"-2.52510519344989",-0.0791771875919047,0.738153132044881
"190151",-1.57527861231172,NA,NA,NA,NA,NA,-0.198053430542376,NA,2,0.5,-0.886666021427049,"-1.09393132506013",-0.0791771875919047,0.738153132044881
"190160",0.212974940007734,0.232218048027212,-0.996056067473239,-0.766396565500545,0.179076071061526,0.44687233353456,-0.342899956694526,1.13611435824962,8,0.125,0.0127378951515432,"0.124520345106196",-0.0791771875919047,0.738153132044881
"190164",-1.93292932277561,NA,NA,NA,0.630558077307023,-0.377966180121132,-0.56016974592275,NA,4,0.25,-0.560126792878118,"-0.651558036411571",-0.0791771875919047,0.738153132044881
"190167",-0.859977191383941,NA,NA,NA,-0.336903364647613,-1.24862905564658,-0.886074429765087,-0.800810642656877,5,0.2,-0.82647893682002,"-1.01239392855774",-0.0791771875919047,0.738153132044881
"190176",-1.21762790184783,-1.18830235031079,-0.824275347134387,-0.407502613580099,0.437065788916096,0.584345419143842,-1.10334421899331,-0.155168975688045,8,0.125,-0.484351274936815,"-0.548902483448753",-0.0791771875919047,0.738153132044881
"190183",0.212974940007734,NA,NA,NA,NA,0.905115952232167,-1.32061400822154,NA,3,0.333333333333333,-0.0675077053272117,"0.0158090262820743",-0.0791771875919047,0.738153132044881
"190184",-1.21762790184783,NA,NA,NA,0.501563218379738,-0.194668732642089,-0.234265062080414,NA,4,0.25,-0.286249619547649,"-0.280527742776216",-0.0791771875919047,0.738153132044881
"190190",NA,NA,NA,NA,NA,0.767642866622885,NA,NA,1,1,0.767642866622885,"1.14721460555058",-0.0791771875919047,0.738153132044881
"190201",0.391800295239677,NA,NA,NA,NA,NA,NA,NA,1,1,0.391800295239677,"0.638048478541098",-0.0791771875919047,0.738153132044881
"190202",-0.323501125688104,-0.987220179707655,0.292299335068155,NA,-2.40082110748417,0.905115952232167,0.164062884837997,-1.21167352163704,7,0.142857142857143,-0.508819680339808,"-0.582050626213126",-0.0791771875919047,0.738153132044881
"190208",-0.50232648092005,NA,NA,NA,-0.530395653038541,NA,NA,NA,2,0.5,-0.516361066979295,"-0.592267187400905",-0.0791771875919047,0.738153132044881
"190218",-2.82705609893534,NA,NA,NA,NA,NA,-2.55180948051481,NA,2,0.5,-2.68943278972507,"-3.5361979632899",-0.0791771875919047,0.738153132044881
"190241",NA,NA,NA,NA,NA,NA,NA,NA,0,NA,NA,"NaN",-0.0791771875919047,0.738153132044881
"190245",0.212974940007734,NA,NA,NA,NA,NA,NA,NA,1,1,0.212974940007734,"0.395787967180062",-0.0791771875919047,0.738153132044881
"190251",0.212974940007734,NA,NA,NA,NA,NA,NA,NA,1,1,0.212974940007734,"0.395787967180062",-0.0791771875919047,0.738153132044881
"190255",0.212974940007734,NA,NA,NA,NA,NA,NA,NA,1,1,0.212974940007734,"0.395787967180062",-0.0791771875919047,0.738153132044881
"190256",0.212974940007734,NA,NA,NA,NA,NA,NA,NA,1,1,0.212974940007734,"0.395787967180062",-0.0791771875919047,0.738153132044881
"190259",-0.144675770456158,NA,NA,NA,NA,NA,NA,NA,1,1,-0.144675770456158,"-0.0887330555420189",-0.0791771875919047,0.738153132044881
"190266",-0.144675770456158,NA,NA,NA,NA,NA,NA,NA,1,1,-0.144675770456158,"-0.0887330555420189",-0.0791771875919047,0.738153132044881
"190267",0.391800295239677,NA,NA,NA,NA,NA,NA,NA,1,1,0.391800295239677,"0.638048478541098",-0.0791771875919047,0.738153132044881
"190270",0.212974940007734,NA,NA,NA,NA,NA,NA,NA,1,1,0.212974940007734,"0.395787967180062",-0.0791771875919047,0.738153132044881
"190274",-0.144675770456158,NA,0.37818969523758,NA,-0.723887941429468,-1.38610214125587,0.0192163586858474,-0.272558369682376,6,0.166666666666667,-0.35496969481674,"-0.373625058611913",-0.0791771875919047,0.738153132044881
"190278",-0.144675770456158,NA,NA,NA,NA,NA,NA,NA,1,1,-0.144675770456158,"-0.0887330555420189",-0.0791771875919047,0.738153132044881
"190298",0.212974940007734,NA,NA,NA,NA,NA,NA,NA,1,1,0.212974940007734,"0.395787967180062",-0.0791771875919047,0.738153132044881
"190300",0.212974940007734,NA,NA,NA,NA,NA,NA,NA,1,1,0.212974940007734,"0.395787967180062",-0.0791771875919047,0.738153132044881
"190303",-0.50232648092005,NA,NA,NA,NA,NA,NA,NA,1,1,-0.50232648092005,"-0.573254078264098",-0.0791771875919047,0.738153132044881
"190308",0.212974940007734,NA,NA,NA,NA,-0.332141818251371,0.526179200218371,NA,3,0.333333333333333,0.135670773991578,"0.291061505067786",-0.0791771875919047,0.738153132044881
"190312",0.0341495847757862,NA,NA,NA,0.243573500525168,-0.469614903860653,-0.16184179900434,NA,4,0.25,-0.0884334043910096,"-0.0125396972488118",-0.0791771875919047,0.738153132044881
"190313",0.212974940007734,NA,NA,NA,NA,NA,NA,NA,1,1,0.212974940007734,"0.395787967180062",-0.0791771875919047,0.738153132044881
"190316",0.212974940007734,NA,NA,NA,NA,NA,0.598602463294446,NA,2,0.5,0.40578870165109,"0.656999026610522",-0.0791771875919047,0.738153132044881
"190317",NA,NA,NA,NA,NA,NA,NA,NA,0,NA,NA,"NaN",-0.0791771875919047,0.738153132044881
"190318",0.749451005703569,NA,NA,NA,0.630558077307023,0.4010479716648,-0.306688325156488,NA,4,0.25,0.368592182379726,"0.606607694979482",-0.0791771875919047,0.738153132044881
"19043F",NA,NA,NA,NA,NA,-0.240493094511849,NA,NA,1,1,-0.240493094511849,"-0.218539893576089",-0.0791771875919047,0.738153132044881
"19047F",NA,NA,0.37818969523758,NA,0.243573500525168,1.86742755149714,1.61252814635949,NA,4,0.25,1.02542972340485,"1.49644682524979",-0.0791771875919047,0.738153132044881
"19048F",NA,NA,-0.223042825948403,NA,-0.465898223574898,1.18006212345073,0.381332674066222,NA,4,0.25,0.218113436998413,"0.40274925579025",-0.0791771875919047,0.738153132044881
"191300",NA,NA,NA,NA,NA,NA,NA,NA,0,NA,NA,"NaN",-0.0791771875919047,0.738153132044881
"191301",-0.859977191383941,NA,NA,NA,NA,NA,-1.79136521821602,NA,2,0.5,-1.32567120479998,"-1.68866589206898",-0.0791771875919047,0.738153132044881
"191302",-0.50232648092005,NA,NA,NA,NA,NA,0.453755937142296,NA,2,0.5,-0.0242852718888766,"0.0743638593674498",-0.0791771875919047,0.738153132044881
"191304",-0.50232648092005,NA,NA,NA,NA,NA,-0.16184179900434,NA,2,0.5,-0.332084139962195,"-0.342621254846769",-0.0791771875919047,0.738153132044881
"191305",NA,NA,NA,NA,NA,NA,NA,NA,0,NA,NA,"NaN",-0.0791771875919047,0.738153132044881
"191306",NA,NA,NA,NA,NA,NA,NA,NA,0,NA,NA,"NaN",-0.0791771875919047,0.738153132044881
"191307",NA,NA,NA,NA,NA,NA,NA,NA,0,NA,NA,"NaN",-0.0791771875919047,0.738153132044881
"191309",NA,NA,NA,NA,NA,NA,NA,NA,0,NA,NA,"NaN",-0.0791771875919047,0.738153132044881
"191310",0.212974940007734,NA,NA,NA,NA,NA,-1.21197911360742,NA,2,0.5,-0.499502086799845,"-0.569427779901886",-0.0791771875919047,0.738153132044881
"191311",NA,NA,NA,NA,NA,NA,NA,NA,0,NA,NA,"NaN",-0.0791771875919047,0.738153132044881
"191312",-0.50232648092005,NA,NA,NA,-0.336903364647613,0.4010479716648,1.03314204175089,NA,4,0.25,0.148740041962008,"0.308766866466476",-0.0791771875919047,0.738153132044881
"191313",NA,NA,NA,NA,NA,NA,NA,NA,0,NA,NA,"NaN",-0.0791771875919047,0.738153132044881
"191314",NA,NA,NA,NA,NA,NA,NA,NA,0,NA,NA,"NaN",-0.0791771875919047,0.738153132044881
"191315",-0.144675770456158,NA,NA,NA,NA,NA,-1.2844023766835,NA,2,0.5,-0.714539073569828,"-0.860745363523423",-0.0791771875919047,0.738153132044881
"191316",NA,NA,NA,NA,NA,NA,NA,NA,0,NA,NA,"NaN",-0.0791771875919047,0.738153132044881
"191317",-1.39645325707978,NA,NA,NA,NA,NA,-0.16184179900434,NA,2,0.5,-0.779147528042059,"-0.948272533249368",-0.0791771875919047,0.738153132044881
"191318",-0.50232648092005,NA,NA,NA,0.0500812121342405,-0.744561075079217,-0.0532069043902274,NA,4,0.25,-0.312503312063813,"-0.316094471922829",-0.0791771875919047,0.738153132044881
"191320",NA,NA,NA,NA,NA,NA,NA,NA,0,NA,NA,"NaN",-0.0791771875919047,0.738153132044881
"191321",NA,NA,NA,NA,NA,NA,NA,NA,0,NA,NA,"NaN",-0.0791771875919047,0.738153132044881
"191322",-0.50232648092005,NA,NA,NA,NA,NA,-0.234265062080414,NA,2,0.5,-0.368295771500232,"-0.391678327107266",-0.0791771875919047,0.738153132044881
"191323",-0.50232648092005,NA,NA,NA,NA,NA,-0.415323219770601,NA,2,0.5,-0.458824850345325,"-0.514321007758506",-0.0791771875919047,0.738153132044881
"191324",0.570625650471623,NA,NA,NA,NA,NA,1.17798856790304,NA,2,0.5,0.874307109187333,"1.29171611605553",-0.0791771875919047,0.738153132044881
"191325",NA,NA,NA,NA,NA,NA,NA,NA,0,NA,NA,"NaN",-0.0791771875919047,0.738153132044881
"191326",0.0341495847757862,NA,NA,NA,NA,NA,NA,NA,1,1,0.0341495847757862,"0.153527455819019",-0.0791771875919047,0.738153132044881
"191327",-0.681151836151995,NA,NA,NA,NA,NA,0.0916396217619223,NA,2,0.5,-0.294756107195036,"-0.292051757615552",-0.0791771875919047,0.738153132044881
"200001",-0.144675770456158,NA,-0.394823546287255,NA,1.40452723087073,-1.75269703621395,-0.777439535150975,-0.272558369682376,6,0.166666666666667,-0.322944504486664,"-0.330239494099902",-0.0791771875919047,0.738153132044881
"200008",0.391800295239677,NA,-0.308933186117829,NA,-0.0789136467930435,-0.28631745638161,0.96071877867482,-0.859505339654043,6,0.166666666666667,-0.0301917591720048,"0.0663621493878882",-0.0791771875919047,0.738153132044881
"200009",1.10710171616746,-0.465528453829574,-0.652494626795534,0.310285290260791,-0.723887941429468,-1.24862905564658,0.815872252522671,0.314388600289289,8,0.125,-0.0678615273076188,"0.015329692164197",-0.0791771875919047,0.738153132044881
"200018",-0.323501125688104,NA,-0.223042825948403,NA,-0.465898223574898,-0.28631745638161,-0.234265062080414,NA,5,0.2,-0.306604938734686,"-0.308103754180038",-0.0791771875919047,0.738153132044881
"200020",0.570625650471623,NA,0.635860775745859,NA,-0.014416217329402,-0.561263627600174,-0.234265062080414,-0.507337157671043,6,0.166666666666667,-0.0184659397439254,"0.0822474974532629",-0.0791771875919047,0.738153132044881
"200021",-0.323501125688104,NA,-2.54208255052291,NA,-0.465898223574898,0.171926162315996,-1.93621174436817,-1.03558943064554,6,0.166666666666667,-1.02189281874727,"-1.277127455307",-0.0791771875919047,0.738153132044881
"200024",-0.323501125688104,-0.173398347610004,-0.223042825948403,-0.0486086616596539,0.759552936234307,-0.92785852255826,-0.234265062080414,-1.85731518860588,8,0.125,-0.378554599739551,"-0.40557629460745",-0.0791771875919047,0.738153132044881
"200031",-0.323501125688104,NA,NA,NA,-2.07833396016596,-1.24862905564658,-1.06713258745527,NA,4,0.25,-1.17939918223898,"-1.49050643678659",-0.0791771875919047,0.738153132044881
"200033",-0.323501125688104,-0.226042177682068,-0.0512621056095504,0.549547924874422,-1.56235452445682,0.859291590362406,0.779660620984633,-1.32906291563138,8,0.125,-0.162965339105807,"-0.113510527662176",-0.0791771875919047,0.738153132044881
"200034",-0.144675770456158,NA,NA,NA,NA,-0.194668732642089,-1.35682563975957,NA,3,0.333333333333333,-0.565390047619273,"-0.658688338394541",-0.0791771875919047,0.738153132044881
"200039",0.570625650471623,NA,-0.996056067473239,NA,-0.594893082502183,-1.52357522686515,0.888295515598744,-0.74211594565971,6,0.166666666666667,-0.399619859404985,"-0.434114085413916",-0.0791771875919047,0.738153132044881
"20003F",NA,NA,-1.25372714798152,NA,-0.272405935183971,-0.103020008902567,1.90222119866379,NA,4,0.25,0.0682670266489338,"0.199747461387014",-0.0791771875919047,0.738153132044881
"200041",NA,NA,NA,NA,NA,NA,NA,NA,0,NA,NA,"NaN",-0.0791771875919047,0.738153132044881
"200050",0.570625650471623,NA,0.464080055407006,NA,NA,0.309399247925278,-0.886074429765087,-0.507337157671043,5,0.2,-0.00986132672644452,"0.0939044459154929",-0.0791771875919047,0.738153132044881
"200052",-1.57527861231172,NA,-0.480713906456682,NA,-1.43335966552953,0.263574886055518,-0.342899956694526,-2.44426215857754,6,0.166666666666667,-1.00215656891908,"-1.25039011725152",-0.0791771875919047,0.738153132044881
"200063",0.570625650471623,NA,0.0346282545598759,NA,-0.336903364647613,-0.515439265730414,-0.886074429765087,0.314388600289289,6,0.166666666666667,-0.136462425803721,"-0.077606171030015",-0.0791771875919047,0.738153132044881
"201300",0.570625650471623,NA,NA,NA,NA,NA,0.779660620984633,NA,2,0.5,0.675143135728128,"1.0219022186228",-0.0791771875919047,0.738153132044881
"201301",-0.144675770456158,NA,NA,NA,NA,NA,NA,NA,1,1,-0.144675770456158,"-0.0887330555420189",-0.0791771875919047,0.738153132044881
"201302",-0.144675770456158,NA,NA,NA,-0.594893082502183,-0.423790541990892,0.0554279902238849,-2.44426215857754,5,0.2,-0.710438712660578,"-0.855190471548785",-0.0791771875919047,0.738153132044881
"201303",0.391800295239677,NA,NA,NA,NA,NA,NA,NA,1,1,0.391800295239677,"0.638048478541098",-0.0791771875919047,0.738153132044881
"201304",-0.859977191383941,NA,NA,NA,NA,NA,-0.270476693618452,NA,2,0.5,-0.565226942501196,"-0.658467374598553",-0.0791771875919047,0.738153132044881
"201305",0.570625650471623,NA,NA,NA,NA,NA,-1.82757684975406,NA,2,0.5,-0.628475599641218,"-0.744152382755067",-0.0791771875919047,0.738153132044881
"201306",-0.144675770456158,NA,NA,NA,NA,NA,0.562390831756408,NA,2,0.5,0.208857530650125,"0.390209979119233",-0.0791771875919047,0.738153132044881
"201307",-1.57527861231172,NA,-2.37030183018406,NA,NA,-0.103020008902567,-1.68273032360191,NA,4,0.25,-1.43283269375006,"-1.83384103838749",-0.0791771875919047,0.738153132044881
"201308",0.570625650471623,NA,NA,NA,-1.6913493833841,-3.4481984253951,0.779660620984633,NA,4,0.25,-0.947315384330736,"-1.17609498497129",-0.0791771875919047,0.738153132044881
"201309",-0.323501125688104,NA,NA,NA,-0.401400794111256,NA,-0.7050162720749,NA,3,0.333333333333333,-0.47663939729142,"-0.53845495256308",-0.0791771875919047,0.738153132044881
"201310",-0.50232648092005,NA,NA,NA,NA,-1.79852139808371,-0.379111588232563,NA,3,0.333333333333333,-0.893319822412108,"-1.10294544516097",-0.0791771875919047,0.738153132044881
"201311",0.391800295239677,NA,NA,NA,-0.465898223574898,NA,0.200274516376035,NA,3,0.333333333333333,0.0420588626802713,"0.164242411241039",-0.0791771875919047,0.738153132044881
"201312",0.391800295239677,NA,NA,NA,0.372568359452453,-2.30258937865108,-0.125630167466301,NA,4,0.25,-0.415962722856313,"-0.456254292834093",-0.0791771875919047,0.738153132044881
"201313",-0.144675770456158,NA,NA,NA,-0.659390511965826,NA,-0.523958114384714,NA,3,0.333333333333333,-0.442674798935566,"-0.492442009067517",-0.0791771875919047,0.738153132044881
"201314",-1.21762790184783,NA,0.0346282545598759,NA,-1.36886223606589,-2.21094065491156,-0.958497692841162,-0.918200036651212,6,0.166666666666667,-1.10658337795963,"-1.39186050396012",-0.0791771875919047,0.738153132044881
"201315",0.212974940007734,NA,NA,NA,-0.272405935183971,-0.515439265730414,-0.415323219770601,-0.683421248662545,5,0.2,-0.334722945867959,"-0.346196130832805",-0.0791771875919047,0.738153132044881
"201316",0.212974940007734,NA,NA,NA,-1.30436480660225,-0.515439265730414,0.164062884837997,-0.331253066679545,5,0.2,-0.354803862833295,"-0.373400400642928",-0.0791771875919047,0.738153132044881
"201317",NA,NA,NA,NA,NA,NA,NA,NA,0,NA,NA,"NaN",-0.0791771875919047,0.738153132044881
"210001",0.212974940007734,0.110964636139917,0.120518614729302,NA,-1.11087251821132,-0.28631745638161,-0.632593008998825,-0.859505339654043,7,0.142857142857143,-0.349261447481264,"-0.365891910722039",-0.0791771875919047,0.738153132044881
"210002",1.2859270713994,-0.295946279908908,-0.910165707303813,0.908441876794867,0.56606064784338,-0.332141818251371,1.06935367328893,-0.976894733648377,8,0.125,0.164329341276764,"0.329886196098757",-0.0791771875919047,0.738153132044881
"210003",0.749451005703569,-0.208781905527294,1.58065473760955,0.908441876794867,-0.0789136467930435,0.630169781013603,-0.56016974592275,-0.0964742786908779,8,0.125,0.365547228023453,"0.602482596508603",-0.0791771875919047,0.738153132044881
"210004",0.212974940007734,0.227039966380781,-0.223042825948403,NA,-0.207908505720328,-0.423790541990892,0.272697779452109,1.48828254023262,7,0.142857142857143,0.19232190748766,"0.3678086338636",-0.0791771875919047,0.738153132044881
"210005",1.10710171616746,0.0816221734767997,-1.33961750815094,NA,-0.143411076256686,0.171926162315996,-0.234265062080414,-0.859505339654043,7,0.142857142857143,-0.173735562025976,"-0.128101298130537",-0.0791771875919047,0.738153132044881
"210008",-0.323501125688104,-1.06014482956158,NA,NA,0.179076071061526,1.08841339971121,-0.16184179900434,0.255693903292122,6,0.166666666666667,-0.00371739669819425,"0.102227827286551",-0.0791771875919047,0.738153132044881
"210009",2.71652991325497,0.574402943495631,0.893531856254137,-0.287871296273283,2.24299381389808,2.18819808458546,2.04706772481594,1.78175602521846,8,0.125,1.51957613315617,"2.16588300088778",-0.0791771875919047,0.738153132044881
"210011",0.212974940007734,0.682711151266845,0.464080055407006,NA,-0.594893082502183,1.40918393279953,-0.56016974592275,0.0209151153034555,7,0.142857142857143,0.233543195194234,"0.423652449891827",-0.0791771875919047,0.738153132044881
"210012",0.570625650471623,0.765128950805898,0.120518614729302,1.02807319410168,-0.272405935183971,0.538521057274082,0.671025726370521,-0.389947763676711,8,0.125,0.378942436861553,"0.620629520577044",-0.0791771875919047,0.738153132044881
"210015",1.2859270713994,-0.0694052078774832,-0.308933186117829,NA,1.85600923711623,1.6841301040181,0.634814094832484,-0.56603185466821,7,0.142857142857143,0.645215751243242,"0.981358619760083",-0.0791771875919047,0.738153132044881
"210016",1.10710171616746,-0.845254441234629,-1.5113982284898,-0.168239978966468,1.85600923711623,0.44687233353456,-0.0894185359282648,-0.155168975688045,8,0.125,0.0800628908138807,"0.215727701330275",-0.0791771875919047,0.738153132044881
"210017",0.0341495847757862,NA,0.807641496084711,NA,-0.0789136467930435,-3.26490097791605,-1.32061400822154,-0.918200036651212,6,0.166666666666667,-0.790139598120224,"-0.963163847261292",-0.0791771875919047,0.738153132044881
"210018",-0.144675770456158,0.486375555506278,0.292299335068155,NA,-1.04637508874768,0.126101800446235,0.164062884837997,0.431777994283622,7,0.142857142857143,0.04422381584835,"0.167175343547485",-0.0791771875919047,0.738153132044881
"210019",1.10710171616746,-1.64742558962781,0.549970415576432,-0.407502613580099,-1.88484167177503,0.767642866622885,-0.487746482846675,-0.331253066679545,8,0.125,-0.291756803267797,"-0.287988503262176",-0.0791771875919047,0.738153132044881
"210022",2.35887920279108,0.216683803087915,1.7524354579484,-1.00565920011418,-1.04637508874768,0.309399247925278,-0.125630167466301,0.431777994283622,8,0.125,0.361438906213517,"0.596916919643487",-0.0791771875919047,0.738153132044881
"210023",0.928276360935514,-0.329603810610719,0.893531856254137,-1.12529051742099,-1.23986737713861,0.721818504753124,-0.16184179900434,0.725251479269456,8,0.125,0.051534337129697,"0.177079143943339",-0.0791771875919047,0.738153132044881
"210024",0.928276360935514,0.267170099140632,0.721751135915285,0.788810559488052,1.14653751301616,1.36335957092977,1.25041183097912,-0.272558369682376,8,0.125,0.77421983759027,"1.15612464153344",-0.0791771875919047,0.738153132044881
"210027",1.2859270713994,0.64517005933021,0.120518614729302,1.02807319410168,0.759552936234307,0.44687233353456,0.0916396217619223,-0.331253066679545,8,0.125,0.505812595551481,"0.792504641310412",-0.0791771875919047,0.738153132044881
"210028",0.749451005703569,0.588642668023321,0.0346282545598759,NA,-0.272405935183971,0.44687233353456,-0.125630167466301,0.314388600289289,7,0.142857142857143,0.24799239420862,"0.443227248652564",-0.0791771875919047,0.738153132044881
"210029",2.35887920279108,-0.463370919810227,-1.25372714798152,NA,1.46902466033437,1.13423776158097,0.743448989446595,-0.976894733648377,7,0.142857142857143,0.430228258958985,"0.690108087924387",-0.0791771875919047,0.738153132044881
"210030",-0.144675770456158,NA,NA,NA,0.630558077307023,0.355223609795039,0.453755937142296,NA,4,0.25,0.32371546344705,"0.545811747655713",-0.0791771875919047,0.738153132044881
"210032",-0.323501125688104,NA,-0.308933186117829,NA,-0.530395653038541,0.721818504753124,0.12785125329996,1.13611435824962,6,0.166666666666667,0.137159025243039,"0.293077687329775",-0.0791771875919047,0.738153132044881
"210033",0.0341495847757862,0.526937195069999,0.635860775745859,NA,-0.143411076256686,-0.698736713209456,-0.596381377460788,-0.800810642656877,7,0.142857142857143,-0.148913179141737,"-0.0944736105862554",-0.0791771875919047,0.738153132044881
"210034",1.6435777818633,NA,0.549970415576432,NA,1.01754265408888,0.721818504753124,0.815872252522671,-0.859505339654043,6,0.166666666666667,0.648212711525059,"0.985418699100958",-0.0791771875919047,0.738153132044881
"210035",0.928276360935514,-0.264446283226443,0.807641496084711,NA,-0.143411076256686,-0.973682884428019,-0.0894185359282648,0.549167388277956,7,0.142857142857143,0.116303780779824,"0.26482441093245",-0.0791771875919047,0.738153132044881
"210037",1.2859270713994,-0.339959973903585,0.206408974898728,NA,0.953045224625234,-0.103020008902567,0.12785125329996,-2.97251443155204,7,0.142857142857143,-0.120323127162124,"-0.0557417394629678",-0.0791771875919047,0.738153132044881
"210038",0.928276360935514,NA,NA,NA,1.01754265408888,0.492696695404321,1.35904672559323,-0.800810642656877,5,0.2,0.599350358673013,"0.919223284178469",-0.0791771875919047,0.738153132044881
"210039",0.749451005703569,NA,0.549970415576432,NA,1.14653751301616,0.630169781013603,-0.0894185359282648,1.19480905524679,6,0.166666666666667,0.696919872438048,"1.05140387046785",-0.0791771875919047,0.738153132044881
"210040",0.0341495847757862,1.06847823392607,0.292299335068155,NA,-1.56235452445682,-1.24862905564658,-1.32061400822154,-0.624726551665378,7,0.142857142857143,-0.480199569460044,"-0.543278033322436",-0.0791771875919047,0.738153132044881
"210043",2.18005384755913,1.47236860234781,-0.308933186117829,NA,1.14653751301616,0.171926162315996,1.57631651482146,-0.918200036651212,7,0.142857142857143,0.760009916755931,"1.13687400068745",-0.0791771875919047,0.738153132044881
"210044",1.6435777818633,-0.0780353439548716,-0.308933186117829,NA,0.179076071061526,0.675994142883363,0.164062884837997,0.373083297286456,7,0.142857142857143,0.378403663979991,"0.619899627471979",-0.0791771875919047,0.738153132044881
"210048",1.82240313709524,-0.14837095298558,0.37818969523758,NA,-0.0789136467930435,1.31753520906001,0.236486147914072,0.490472691280789,7,0.142857142857143,0.573971754401296,"0.884842065471976",-0.0791771875919047,0.738153132044881
"210049",1.10710171616746,-0.650213365885669,0.721751135915285,NA,-1.94933910123867,0.126101800446235,-0.451534851308639,-1.50514700662288,7,0.142857142857143,-0.371611381789554,"-0.396170091953046",-0.0791771875919047,0.738153132044881
"210051",0.749451005703569,0.222293391538217,0.979422216423564,NA,1.34002980140709,1.08841339971121,-0.451534851308639,1.84045072221562,7,0.142857142857143,0.824075097955804,"1.22366518048289",-0.0791771875919047,0.738153132044881
"210056",0.570625650471623,0.606334446981966,0.0346282545598759,NA,1.79151180765259,2.00490063710642,1.46768162020734,-0.0377795816937112,7,0.142857142857143,0.919700405040872,"1.35321188689618",-0.0791771875919047,0.738153132044881
"210057",-0.323501125688104,0.10147148645479,-0.308933186117829,NA,-1.11087251821132,-0.148844370772328,-0.523958114384714,-0.155168975688045,7,0.142857142857143,-0.352829543486793,"-0.370725726160368",-0.0791771875919047,0.738153132044881
"210058",NA,NA,NA,NA,NA,NA,NA,NA,0,NA,NA,"NaN",-0.0791771875919047,0.738153132044881
"210060",-0.50232648092005,NA,NA,NA,0.372568359452453,0.950940314101927,-0.7050162720749,0.373083297286456,5,0.2,0.0978498435691773,"0.239824263389183",-0.0791771875919047,0.738153132044881
"210061",-3.00588145416729,NA,-1.25372714798152,NA,0.501563218379738,-0.469614903860653,-0.306688325156488,-2.97251443155204,6,0.166666666666667,-1.25114384072304,"-1.58770125364703",-0.0791771875919047,0.738153132044881
"210062",0.928276360935514,1.08487549247311,1.23709329693184,NA,1.92050666657987,1.45500829466929,0.743448989446595,-1.44645230962571,7,0.142857142857143,0.846108113058645,"1.2535140209827",-0.0791771875919047,0.738153132044881
"210063",1.82240313709524,0.383676936185366,0.292299335068155,0.908441876794867,1.40452723087073,0.905115952232167,1.25041183097912,1.01872496425529,8,0.125,0.998200157935117,"1.45955804934729",-0.0791771875919047,0.738153132044881
"210064",0.570625650471623,NA,NA,NA,NA,NA,NA,NA,1,1,0.570625650471623,"0.880308989902137",-0.0791771875919047,0.738153132044881
"210065",0.928276360935514,-0.0111517893551172,0.635860775745859,NA,1.01754265408888,0.4010479716648,-0.487746482846675,-0.56603185466821,7,0.142857142857143,0.273971090795007,"0.47842143188988",-0.0791771875919047,0.738153132044881
"21020F",NA,NA,0.549970415576432,NA,2.1139989549708,2.05072499897618,1.64873977789753,NA,4,0.25,1.59085853685524,"2.26245158619147",-0.0791771875919047,0.738153132044881
"220001",1.10710171616746,NA,0.721751135915285,NA,0.630558077307023,0.859291590362406,0.815872252522671,1.01872496425529,6,0.166666666666667,0.858883289421689,"1.27082096693801",-0.0791771875919047,0.738153132044881
"220002",0.749451005703569,-0.562185977896316,0.807641496084711,1.02807319410168,1.34002980140709,0.950940314101927,1.54010488328342,1.72306132822129,8,0.125,0.947139505625921,"1.39038452681851",-0.0791771875919047,0.738153132044881
"220008",1.6435777818633,0.21366325546083,0.292299335068155,NA,1.59801951926166,0.355223609795039,0.526179200218371,-1.21167352163704,7,0.142857142857143,0.488184168575758,"0.768622839269029",-0.0791771875919047,0.738153132044881
"220010",0.212974940007734,0.335348174151995,-0.394823546287255,NA,-1.43335966552953,-0.0113712851630466,-0.0894185359282648,-0.74211594565971,7,0.142857142857143,-0.303252266344012,"-0.303561780102943",-0.0791771875919047,0.738153132044881
"220011",0.391800295239677,NA,NA,NA,-0.014416217329402,1.77577882775762,-0.342899956694526,0.607862085275123,5,0.2,0.483625006849698,"0.762446394940425",-0.0791771875919047,0.738153132044881
"220012",0.749451005703569,-2.30806250635183,0.206408974898728,-1.12529051742099,0.372568359452453,-0.561263627600174,-0.0894185359282648,0.960030267258122,8,0.125,-0.224447072498548,"-0.196801826884087",-0.0791771875919047,0.738153132044881
"220015",1.6435777818633,NA,0.206408974898728,NA,0.0500812121342405,-0.561263627600174,0.345121042528184,-0.56603185466821,6,0.166666666666667,0.186315588192677,"0.359671678218172",-0.0791771875919047,0.738153132044881
"220016",1.10710171616746,NA,NA,NA,0.372568359452453,-0.103020008902567,0.888295515598744,1.01872496425529,5,0.2,0.656734109314276,"0.996962913193242",-0.0791771875919047,0.738153132044881
"220019",0.0341495847757862,NA,-0.480713906456682,NA,0.0500812121342405,0.0802774385764748,-0.415323219770601,1.07741966125246,6,0.166666666666667,0.0576484617519457,"0.185362146963743",-0.0791771875919047,0.738153132044881
"22001F",NA,NA,NA,NA,NA,NA,NA,NA,0,NA,NA,"NaN",-0.0791771875919047,0.738153132044881
"220020",-0.323501125688104,NA,1.06531257659299,NA,0.56606064784338,-0.377966180121132,1.06935367328893,0.138304509297789,6,0.166666666666667,0.356260683535642,"0.589901813355812",-0.0791771875919047,0.738153132044881
"220024",-0.50232648092005,NA,-0.480713906456682,NA,1.14653751301616,1.04258903784145,-0.0894185359282648,0.783946176266623,6,0.166666666666667,0.316768967303206,"0.536401103925732",-0.0791771875919047,0.738153132044881
"220029",-0.144675770456158,NA,-0.738384986964961,NA,0.243573500525168,0.950940314101927,-0.342899956694526,0.431777994283622,6,0.166666666666667,0.0667218491325122,"0.197654159266706",-0.0791771875919047,0.738153132044881
"220030",0.570625650471623,NA,NA,NA,0.759552936234307,1.18006212345073,-0.342899956694526,0.549167388277956,5,0.2,0.543301628348018,"0.843292250505652",-0.0791771875919047,0.738153132044881
"220031",0.928276360935514,-0.0732887691123078,0.37818969523758,0.549547924874422,1.08204008355252,2.05072499897618,1.28662346251716,-0.624726551665378,8,0.125,0.697173400664461,"1.0517473333828",-0.0791771875919047,0.738153132044881
"220033",0.749451005703569,0.920039893395004,1.32298365710127,NA,1.27553237194345,1.36335957092977,1.14177693636501,-0.448642460673878,7,0.142857142857143,0.903500139252027,"1.33126486115646",-0.0791771875919047,0.738153132044881
"220035",2.00122849232719,1.70538227643728,0.37818969523758,NA,1.72701437818894,1.50083265653905,2.04706772481594,1.07741966125246,7,0.142857142857143,1.49101926925692,"2.12719609073386",-0.0791771875919047,0.738153132044881
"220036",0.212974940007734,-0.791316090750957,0.292299335068155,0.908441876794867,-0.336903364647613,-0.28631745638161,0.345121042528184,-0.624726551665378,8,0.125,-0.0350532836308273,"0.0597760844539702",-0.0791771875919047,0.738153132044881
"220046",0.928276360935514,-0.00209014647385987,-0.824275347134387,NA,0.30807092998881,-0.0113712851630466,-0.0532069043902274,0.607862085275123,7,0.142857142857143,0.136180813291132,"0.291752471856941",-0.0791771875919047,0.738153132044881
"220049",0.391800295239677,NA,-0.223042825948403,NA,1.01754265408888,0.217750524185757,1.46768162020734,-0.331253066679545,6,0.166666666666667,0.423413200182285,"0.68087550666063",-0.0791771875919047,0.738153132044881
"220052",NA,NA,-0.996056067473239,NA,-0.207908505720328,0.630169781013603,0.381332674066222,0.842640873263789,5,0.2,0.130035751030009,"0.283427556613271",-0.0791771875919047,0.738153132044881
"220060",1.46475242663135,-1.03986400977972,0.120518614729302,NA,0.953045224625234,1.31753520906001,1.50389325174538,0.901335570260955,7,0.142857142857143,0.745888041038931,"1.11774263741886",-0.0791771875919047,0.738153132044881
"220062",0.391800295239677,NA,NA,NA,NA,NA,NA,NA,1,1,0.391800295239677,"0.638048478541098",-0.0791771875919047,0.738153132044881
"220063",0.928276360935514,-0.615261314772249,0.549970415576432,NA,-0.014416217329402,0.630169781013603,-0.234265062080414,-2.38556746158038,7,0.142857142857143,-0.163013356890985,"-0.113575578913865",-0.0791771875919047,0.738153132044881
"220065",0.0341495847757862,NA,NA,NA,0.695055506770665,0.309399247925278,0.96071877867482,-0.213863672685211,5,0.2,0.357091889092268,"0.59102787449481",-0.0791771875919047,0.738153132044881
"220066",-0.859977191383941,-1.30437768055165,0.979422216423564,NA,0.501563218379738,-0.423790541990892,-1.75515358667798,1.13611435824962,7,0.142857142857143,-0.246599886793078,"-0.226812963236188",-0.0791771875919047,0.738153132044881
"220070",0.391800295239677,0.640423484487646,-0.566604266626108,NA,1.2110349424798,0.538521057274082,0.815872252522671,0.138304509297789,7,0.142857142857143,0.452764610667937,"0.72063881485705",-0.0791771875919047,0.738153132044881
"220071",3.96830739987859,-0.703720209565472,2.18188725879553,1.9851237325562,1.72701437818894,2.27984680832499,1.28662346251716,0.314388600289289,8,0.125,1.62993392887315,"2.31538828769901",-0.0791771875919047,0.738153132044881
"220073",-0.50232648092005,NA,0.120518614729302,NA,0.888547795161592,-0.698736713209456,1.25041183097912,0.0209151153034555,6,0.166666666666667,0.17988836034066,"0.350964504092646",-0.0791771875919047,0.738153132044881
"220074",0.928276360935514,0.731471420104086,-0.308933186117829,0.0710226556471613,0.372568359452453,0.859291590362406,0.272697779452109,1.07741966125246,8,0.125,0.500476830136044,"0.785276106764126",-0.0791771875919047,0.738153132044881
"220075",1.46475242663135,NA,NA,NA,NA,NA,NA,NA,1,1,1.46475242663135,"2.09161154670733",-0.0791771875919047,0.738153132044881
"220077",1.6435777818633,0.539450892382211,0.549970415576432,-0.0486086616596539,0.953045224625234,-0.194668732642089,-0.234265062080414,-1.09428412764271,8,0.125,0.264277216302788,"0.465288825562838",-0.0791771875919047,0.738153132044881
"220080",0.212974940007734,0.272348180787065,-0.652494626795534,NA,0.888547795161592,0.675994142883363,0.815872252522671,0.138304509297789,7,0.142857142857143,0.33593531340924,"0.562366374916235",-0.0791771875919047,0.738153132044881
"220083",2.18005384755913,NA,NA,NA,0.501563218379738,1.27171084719025,2.04706772481594,1.01872496425529,5,0.2,1.40382412044007,"2.00906999327317",-0.0791771875919047,0.738153132044881
"220084",0.0341495847757862,1.12802617286005,0.206408974898728,NA,1.72701437818894,0.813467228492645,1.43146998866931,-0.272558369682376,7,0.142857142857143,0.723996851171868,"1.08808593216799",-0.0791771875919047,0.738153132044881
"220086",2.53770455802303,-0.371891477389919,0.721751135915285,-0.0486086616596539,1.46902466033437,2.09654936084594,1.86600956712575,1.25350375224396,8,0.125,1.19050536192985,"1.72008014922919",-0.0791771875919047,0.738153132044881
"220088",1.82240313709524,0.866964556519071,NA,NA,NA,NA,NA,NA,2,0.5,1.34468384680716,"1.92895074556493",-0.0791771875919047,0.738153132044881
"220090",0.928276360935514,-0.474158589906961,-0.566604266626108,NA,1.46902466033437,0.950940314101927,0.308909410990147,-0.0964742786908779,7,0.142857142857143,0.359987658734002,"0.594950867592072",-0.0791771875919047,0.738153132044881
"220095",-0.50232648092005,NA,NA,NA,0.82405036569795,-0.28631745638161,-0.234265062080414,-0.448642460673878,5,0.2,-0.1295002188716,"-0.0681742433853632",-0.0791771875919047,0.738153132044881
"22009F",NA,NA,NA,NA,NA,NA,NA,NA,0,NA,NA,"NaN",-0.0791771875919047,0.738153132044881
"220100",0.570625650471623,-1.07352154048153,1.15120293676242,NA,1.85600923711623,0.905115952232167,0.12785125329996,-0.155168975688045,7,0.142857142857143,0.483159216244688,"0.761815373293576",-0.0791771875919047,0.738153132044881
"220101",2.71652991325497,1.26567684329438,-0.0512621056095504,NA,1.53352208979802,1.22588648532049,1.10556530482697,0.842640873263789,7,0.142857142857143,1.23407991487844,"1.77911201004088",-0.0791771875919047,0.738153132044881
"220105",0.928276360935514,0.279683796452845,0.549970415576432,NA,1.46902466033437,0.996764675971688,1.14177693636501,0.842640873263789,7,0.142857142857143,0.886876816985664,"1.30874470707906",-0.0791771875919047,0.738153132044881
"220108",1.46475242663135,NA,0.0346282545598759,NA,0.953045224625234,1.31753520906001,1.7211630409736,0.960030267258122,6,0.166666666666667,1.07519240385137,"1.56386194317886",-0.0791771875919047,0.738153132044881
"22010F",NA,NA,0.721751135915285,NA,1.34002980140709,2.32567117019475,2.11949098789202,NA,4,0.25,1.62673577385228,"2.31105564331666",-0.0791771875919047,0.738153132044881
"220110",3.43183133418275,0.673649508385589,2.61133905964266,0.908441876794867,1.85600923711623,2.09654936084594,2.11949098789202,0.373083297286456,8,0.125,1.75879933276831,"2.48996643185478",-0.0791771875919047,0.738153132044881
"220111",-0.681151836151995,0.737081008554388,0.464080055407006,NA,1.53352208979802,-0.194668732642089,0.996930410212857,1.19480905524679,7,0.142857142857143,0.578657435774996,"0.891189910072621",-0.0791771875919047,0.738153132044881
"220116",0.391800295239677,-0.21093943954664,1.06531257659299,1.1477045114085,1.2110349424798,0.767642866622885,2.04706772481594,0.138304509297789,8,0.125,0.819740998363868,"1.21779363513033",-0.0791771875919047,0.738153132044881
"220119",2.18005384755913,NA,0.807641496084711,NA,2.1139989549708,2.32567117019475,2.77130035557669,2.25131360119579,6,0.166666666666667,2.07499657093031,"2.91832909054329",-0.0791771875919047,0.738153132044881
"220126",NA,NA,NA,NA,NA,NA,NA,NA,0,NA,NA,"NaN",-0.0791771875919047,0.738153132044881
"220135",0.570625650471623,-0.25969970838388,0.807641496084711,NA,1.27553237194345,0.813467228492645,0.634814094832484,1.25350375224396,7,0.142857142857143,0.727983555097855,"1.09348684933939",-0.0791771875919047,0.738153132044881
"220163",1.2859270713994,-1.40750780667643,0.893531856254137,-0.287871296273283,1.08204008355252,0.44687233353456,1.43146998866931,1.42958784323546,8,0.125,0.609256259211958,"0.932643129070955",-0.0791771875919047,0.738153132044881
"220171",1.6435777818633,-0.139740816908192,-0.0512621056095504,0.669179242181237,1.01754265408888,1.31753520906001,0.96071877867482,-0.0377795816937112,8,0.125,0.672471395207099,"1.01828272504478",-0.0791771875919047,0.738153132044881
"220175",-0.323501125688104,-0.749891437579496,0.292299335068155,NA,1.14653751301616,0.0802774385764748,0.996930410212857,-0.918200036651212,7,0.142857142857143,0.0749217281364053,"0.208762801427686",-0.0791771875919047,0.738153132044881
"220176",0.928276360935514,0.670628960758502,1.58065473760955,0.0710226556471613,0.56606064784338,1.18006212345073,0.707237357908557,0.0796098123006222,8,0.125,0.722944082056752,"1.08665971168688",-0.0791771875919047,0.738153132044881
"220177",0.212974940007734,NA,NA,NA,NA,-0.423790541990892,1.17798856790304,NA,3,0.333333333333333,0.322390988639962,"0.544017438657228",-0.0791771875919047,0.738153132044881
"221300",0.391800295239677,NA,NA,NA,1.2110349424798,0.309399247925278,0.671025726370521,NA,4,0.25,0.64581505300382,"0.982170513301628",-0.0791771875919047,0.738153132044881
"221302",1.2859270713994,NA,NA,NA,-0.401400794111256,-0.194668732642089,0.272697779452109,NA,4,0.25,0.240638831024542,"0.433265137994432",-0.0791771875919047,0.738153132044881
"221303",0.928276360935514,NA,NA,NA,0.630558077307023,0.44687233353456,0.852083884060707,NA,4,0.25,0.714447663959451,"1.07514933839379",-0.0791771875919047,0.738153132044881
"221304",NA,NA,NA,NA,NA,NA,NA,NA,0,NA,NA,"NaN",-0.0791771875919047,0.738153132044881
"230002",0.391800295239677,-2.02585705662125,-0.480713906456682,NA,0.953045224625234,-0.0113712851630466,-0.487746482846675,0.0796098123006222,7,0.142857142857143,-0.225890485560303,"-0.198757265395547",-0.0791771875919047,0.738153132044881
"230003",0.749451005703569,NA,NA,NA,NA,-0.423790541990892,0.671025726370521,NA,3,0.333333333333333,0.332228730027733,"0.557344946135951",-0.0791771875919047,0.738153132044881
"230005",-0.859977191383941,NA,-0.137152465778977,NA,-0.465898223574898,-0.836209798818738,-0.125630167466301,-0.918200036651212,6,0.166666666666667,-0.557177980612345,"-0.647563184750365",-0.0791771875919047,0.738153132044881
"230013",NA,NA,NA,NA,NA,NA,NA,NA,0,NA,NA,"NaN",-0.0791771875919047,0.738153132044881
"230015",0.212974940007734,NA,NA,NA,0.501563218379738,-0.973682884428019,-0.198053430542376,NA,4,0.25,-0.114299539145731,"-0.0475813893202998",-0.0791771875919047,0.738153132044881
"230017",1.10710171616746,-0.48882982123852,-0.910165707303813,-0.168239978966468,-0.014416217329402,-0.377966180121132,-0.596381377460788,-1.09428412764271,8,0.125,-0.317897711736922,"-0.323402440200582",-0.0791771875919047,0.738153132044881
"230019",1.82240313709524,1.03309467600878,0.206408974898728,0.908441876794867,1.40452723087073,0.492696695404321,1.57631651482146,0.373083297286456,8,0.125,0.977121550397573,"1.43100217574536",-0.0791771875919047,0.738153132044881
"230020",1.2859270713994,-0.42669284148133,0.206408974898728,0.310285290260791,1.79151180765259,1.40918393279953,1.57631651482146,0.783946176266623,8,0.125,0.867110865827224,"1.28196713166773",-0.0791771875919047,0.738153132044881
"230021",0.0341495847757862,0.217546816695653,-0.566604266626108,0.190653972953976,0.759552936234307,-0.0571956470328073,0.200274516376035,0.431777994283622,8,0.125,0.151269488457558,"0.312193589710937",-0.0791771875919047,0.738153132044881
"230022",-1.21762790184783,NA,NA,NA,0.0500812121342405,-0.607087989469935,-1.21197911360742,-1.32906291563138,5,0.2,-0.863135341684465,"-1.06205354967578",-0.0791771875919047,0.738153132044881
"230024",0.212974940007734,0.148937234880423,-0.824275347134387,NA,0.372568359452453,0.538521057274082,0.164062884837997,0.0796098123006222,7,0.142857142857143,0.0989141345169892,"0.241266092870911",-0.0791771875919047,0.738153132044881
"230029",-0.323501125688104,-1.1429941359045,-0.652494626795534,0.429916607567607,0.56606064784338,0.538521057274082,0.308909410990147,-0.74211594565971,8,0.125,-0.127212263796579,"-0.0650746764043452",-0.0791771875919047,0.738153132044881
"230030",-0.681151836151995,NA,NA,NA,-0.272405935183971,-0.790385436948978,-2.22590479667247,0.314388600289289,5,0.2,-0.731091880933625,"-0.883169988774204",-0.0791771875919047,0.738153132044881
"230031",1.10710171616746,NA,NA,NA,0.56606064784338,0.950940314101927,-0.016995272852189,0.373083297286456,5,0.2,0.596038140509407,"0.914736114755465",-0.0791771875919047,0.738153132044881
"230035",0.391800295239677,NA,NA,NA,0.953045224625234,-0.423790541990892,0.779660620984633,1.07741966125246,5,0.2,0.555627052022222,"0.859989901899555",-0.0791771875919047,0.738153132044881
"230036",-0.144675770456158,NA,-0.223042825948403,NA,0.179076071061526,-1.56939958873491,0.417544305604259,0.255693903292122,6,0.166666666666667,-0.180800650863594,"-0.137672603230938",-0.0791771875919047,0.738153132044881
"230037",-0.323501125688104,NA,NA,NA,0.114578641597884,0.217750524185757,-0.487746482846675,-1.68123109761438,5,0.2,-0.432029908073103,"-0.478021030004577",-0.0791771875919047,0.738153132044881
"230038",1.6435777818633,2.52740273780844,1.06531257659299,-0.0486086616596539,0.179076071061526,-0.0113712851630466,1.46768162020734,0.607862085275123,8,0.125,0.928866615748253,"1.36562964997196",-0.0791771875919047,0.738153132044881
"230041",0.212974940007734,0.539019385578342,0.206408974898728,0.0710226556471613,0.114578641597884,0.584345419143842,-0.234265062080414,-0.448642460673878,8,0.125,0.130680311764925,"0.28430076395594",-0.0791771875919047,0.738153132044881
"230046",1.82240313709524,-1.98270637623431,1.15120293676242,0.669179242181237,0.30807092998881,1.22588648532049,1.79358630404968,-0.448642460673878,8,0.125,0.56737252481121,"0.875901875010677",-0.0791771875919047,0.738153132044881
"230047",0.391800295239677,0.17827969754354,0.979422216423564,-0.0486086616596539,0.0500812121342405,0.0802774385764748,0.417544305604259,-1.21167352163704,8,0.125,0.104640372778132,"0.249023613651565",-0.0791771875919047,0.738153132044881
"230053",0.391800295239677,-1.93092555976999,-2.11263074967578,0.908441876794867,0.56606064784338,-0.28631745638161,-0.342899956694526,1.19480905524679,8,0.125,-0.201457730924649,"-0.165657419882504",-0.0791771875919047,0.738153132044881
"230054",0.212974940007734,-0.852590056900408,-0.308933186117829,0.190653972953976,1.01754265408888,-0.973682884428019,-0.741227903612937,1.25350375224396,8,0.125,-0.0252198389705813,"0.0730977710164924",-0.0791771875919047,0.738153132044881
"230055",0.0341495847757862,NA,NA,NA,-0.852882800356752,0.126101800446235,0.671025726370521,-1.44645230962571,5,0.2,-0.293611599677984,"-0.29050125614456",-0.0791771875919047,0.738153132044881
"230058",-0.144675770456158,NA,NA,NA,-1.11087251821132,-0.698736713209456,0.272697779452109,-0.272558369682376,5,0.2,-0.390829118421441,"-0.422204983356471",-0.0791771875919047,0.738153132044881
"230059",-0.144675770456158,-1.08128866295118,-0.137152465778977,NA,0.0500812121342405,0.44687233353456,0.345121042528184,-0.389947763676711,7,0.142857142857143,-0.130141439238006,"-0.0690429254224211",-0.0791771875919047,0.738153132044881
"23005F",NA,NA,NA,NA,NA,-1.24862905564658,0.707237357908557,NA,2,0.5,-0.270695848869014,"-0.259456544940142",-0.0791771875919047,0.738153132044881
"230066",-0.144675770456158,-1.58874066430157,-0.223042825948403,0.0710226556471613,0.243573500525168,-0.92785852255826,0.598602463294446,0.431777994283622,8,0.125,-0.192417646189249,"-0.153410523753572",-0.0791771875919047,0.738153132044881
"230069",0.928276360935514,NA,NA,NA,0.888547795161592,0.630169781013603,0.888295515598744,1.13611435824962,5,0.2,0.894280762191815,"1.31877507189732",-0.0791771875919047,0.738153132044881
"230070",0.928276360935514,0.0263893025815191,-1.16783678781209,0.788810559488052,-0.272405935183971,0.538521057274082,-0.849862798227049,-0.800810642656877,8,0.125,-0.101114860450103,"-0.0297196772672696",-0.0791771875919047,0.738153132044881
"230071",-2.2905800332395,NA,NA,NA,NA,NA,NA,NA,1,1,-2.2905800332395,"-2.99585919187449",-0.0791771875919047,0.738153132044881
"230072",0.570625650471623,NA,0.979422216423564,NA,-1.43335966552953,-1.75269703621395,-0.270476693618452,0.0796098123006222,6,0.166666666666667,-0.304479286027688,"-0.305224063483463",-0.0791771875919047,0.738153132044881
"230075",0.928276360935514,NA,NA,NA,0.179076071061526,-0.28631745638161,0.164062884837997,1.07741966125246,5,0.2,0.412503504341177,"0.666095787700575",-0.0791771875919047,0.738153132044881
"230077",-0.50232648092005,0.692635807755842,-0.137152465778977,-0.0486086616596539,0.953045224625234,-0.103020008902567,-0.234265062080414,0.607862085275123,8,0.125,0.153521304789317,"0.315244198363807",-0.0791771875919047,0.738153132044881
"230078",NA,NA,NA,NA,NA,NA,NA,NA,0,NA,NA,"NaN",-0.0791771875919047,0.738153132044881
"230080",-0.859977191383941,NA,NA,NA,-1.56235452445682,-0.148844370772328,-1.53788379744976,NA,4,0.25,-1.02726497101571,"-1.28440528430375",-0.0791771875919047,0.738153132044881
"230081",0.0341495847757862,NA,NA,NA,0.695055506770665,-0.423790541990892,-0.0894185359282648,0.0209151153034555,5,0.2,0.0473822257861499,"0.17145414397613",-0.0791771875919047,0.738153132044881
"230089",1.2859270713994,0.372457759284761,0.549970415576432,NA,0.695055506770665,1.45500829466929,1.50389325174538,1.07741966125246,7,0.142857142857143,0.99139028009977,"1.4503324868729",-0.0791771875919047,0.738153132044881
"230092",0.570625650471623,-0.173829854413874,-1.08194642764267,0.429916607567607,-0.659390511965826,-0.332141818251371,0.0916396217619223,-0.155168975688045,8,0.125,-0.163786963520079,"-0.114623608916733",-0.0791771875919047,0.738153132044881
"230093",0.928276360935514,NA,NA,NA,-0.465898223574898,0.492696695404321,1.03314204175089,0.196999206294956,5,0.2,0.437043216162157,"0.699340531583188",-0.0791771875919047,0.738153132044881
"230095",-0.50232648092005,NA,NA,NA,0.630558077307023,0.309399247925278,-0.451534851308639,0.783946176266623,5,0.2,0.154008433854047,"0.315904127914442",-0.0791771875919047,0.738153132044881
"230097",1.6435777818633,-1.74408311369455,-1.5113982284898,0.549547924874422,-0.981877659284037,-0.607087989469935,1.17798856790304,-0.213863672685211,8,0.125,-0.210899548622846,"-0.178448556691801",-0.0791771875919047,0.738153132044881
"230099",-0.144675770456158,NA,-1.42550786832037,NA,-0.723887941429468,-0.332141818251371,-0.994709324379199,-0.859505339654043,6,0.166666666666667,-0.746738010415102,"-0.904366308077398",-0.0791771875919047,0.738153132044881
"230100",-0.323501125688104,NA,NA,NA,0.114578641597884,-1.38610214125587,0.0554279902238849,NA,4,0.25,-0.38489915878055,"-0.414171474612204",-0.0791771875919047,0.738153132044881
"230104",0.570625650471623,0.652937181799858,-1.33961750815094,-1.60381578664825,0.953045224625234,1.50083265653905,0.200274516376035,NA,7,0.142857142857143,0.133468847858945,"0.288078484286537",-0.0791771875919047,0.738153132044881
"230105",0.0341495847757862,-0.221727109643374,-0.480713906456682,0.908441876794867,0.501563218379738,-0.698736713209456,-0.125630167466301,-0.389947763676711,8,0.125,-0.0590751225627668,"0.0272329197783796",-0.0791771875919047,0.738153132044881
"230108",0.749451005703569,NA,NA,NA,NA,-0.561263627600174,0.743448989446595,NA,3,0.333333333333333,0.310545455849996,"0.527969911015978",-0.0791771875919047,0.738153132044881
"230110",0.212974940007734,NA,NA,NA,1.01754265408888,-1.06533160816754,1.35904672559323,1.37089314623829,5,0.2,0.579025171552118,"0.891688093662391",-0.0791771875919047,0.738153132044881
"230117",0.212974940007734,-0.191521633372518,-0.910165707303813,0.908441876794867,-0.852882800356752,-1.15698033190706,-1.68273032360191,-1.79862049160871,8,0.125,-0.68393555891852,"-0.819285789184792",-0.0791771875919047,0.738153132044881
"23011F",NA,0.202444078560225,1.66654509777897,NA,-0.336903364647613,1.31753520906001,1.35904672559323,NA,5,0.2,0.841733549268966,"1.24758765746845",-0.0791771875919047,0.738153132044881
"230121",0.0341495847757862,NA,NA,NA,0.0500812121342405,-0.836209798818738,-0.668804640536862,0.255693903292122,5,0.2,-0.23301794783069,"-0.208413069809249",-0.0791771875919047,0.738153132044881
"23012F",NA,NA,NA,NA,NA,NA,NA,NA,0,NA,NA,"NaN",-0.0791771875919047,0.738153132044881
"230130",2.18005384755913,0.305574204685008,1.06531257659299,0.310285290260791,-0.401400794111256,1.77577882775762,0.779660620984633,1.01872496425529,8,0.125,0.879248692248026,"1.29841063897519",-0.0791771875919047,0.738153132044881
"230132",-0.859977191383941,-0.757658560049145,0.0346282545598759,NA,0.0500812121342405,0.217750524185757,0.707237357908557,-0.213863672685211,7,0.142857142857143,-0.117400296475695,"-0.0517820858903658",-0.0791771875919047,0.738153132044881
"230133",0.391800295239677,NA,NA,NA,-0.981877659284037,-0.607087989469935,0.453755937142296,0.842640873263789,5,0.2,0.0198462913783583,"0.134150320132005",-0.0791771875919047,0.738153132044881
"230141",0.212974940007734,-0.871576356270661,-0.223042825948403,0.788810559488052,-0.852882800356752,-0.0113712851630466,-0.7050162720749,-1.68123109761438,8,0.125,-0.417916892241544,"-0.458901669510282",-0.0791771875919047,0.738153132044881
"230142",0.749451005703569,NA,0.464080055407006,NA,-0.207908505720328,0.584345419143842,-0.487746482846675,0.255693903292122,6,0.166666666666667,0.226319232496589,"0.413865913218017",-0.0791771875919047,0.738153132044881
"230144",NA,NA,NA,NA,NA,NA,NA,NA,0,NA,NA,"NaN",-0.0791771875919047,0.738153132044881
"230146",0.0341495847757862,-0.44093256600902,-0.996056067473239,NA,0.437065788916096,0.492696695404321,0.0554279902238849,-0.507337157671043,7,0.142857142857143,-0.132140818833316,"-0.0717515498372111",-0.0791771875919047,0.738153132044881
"230151",1.46475242663135,0.306005711488877,0.0346282545598759,NA,0.437065788916096,0.126101800446235,0.888295515598744,0.314388600289289,7,0.142857142857143,0.510176871132924,"0.798417067055126",-0.0791771875919047,0.738153132044881
"230156",1.82240313709524,-1.18441878907596,1.92421617828725,1.26733582871531,0.82405036569795,1.18006212345073,1.32283509405519,1.19480905524679,8,0.125,1.04391162418406,"1.52148485594678",-0.0791771875919047,0.738153132044881
"230165",0.391800295239677,-0.560459950680837,-0.394823546287255,-2.56086632510277,-1.82034424231139,0.767642866622885,-0.234265062080414,-0.74211594565971,8,0.125,-0.644178988782477,"-0.765426273577363",-0.0791771875919047,0.738153132044881
"230167",0.212974940007734,-0.0482613744878845,0.0346282545598759,0.549547924874422,-0.336903364647613,-1.52357522686515,-2.37075132282462,0.138304509297789,8,0.125,-0.41800445751068,"-0.45902029702175",-0.0791771875919047,0.738153132044881
"230174",0.0341495847757862,NA,NA,NA,NA,-0.882034160688499,-0.415323219770601,NA,3,0.333333333333333,-0.421069265227771,"-0.463172291484742",-0.0791771875919047,0.738153132044881
"230176",0.0341495847757862,1.13838233615291,-0.308933186117829,NA,1.14653751301616,-0.103020008902567,1.03314204175089,-1.73992579461154,7,0.142857142857143,0.171476069437687,"0.339568100639519",-0.0791771875919047,0.738153132044881
"230180",-1.39645325707978,NA,NA,NA,-0.143411076256686,-1.66104831247443,-0.777439535150975,-0.0377795816937112,5,0.2,-0.803226352531116,"-0.980892898108286",-0.0791771875919047,0.738153132044881
"230193",-0.144675770456158,NA,-0.308933186117829,NA,-0.530395653038541,-0.469614903860653,-0.886074429765087,0.196999206294956,6,0.166666666666667,-0.357115789490552,"-0.376532442704244",-0.0791771875919047,0.738153132044881
"230195",0.0341495847757862,-1.09466537387113,-0.0512621056095504,NA,0.56606064784338,-0.423790541990892,0.526179200218371,1.07741966125246,7,0.142857142857143,0.0905844389454885,"0.22998158399343",-0.0791771875919047,0.738153132044881
"230197",-0.859977191383941,0.373752279696369,-1.25372714798152,-0.0486086616596539,0.759552936234307,-0.377966180121132,0.0192163586858474,1.13611435824962,8,0.125,-0.0314554060350123,"0.0646502459790292",-0.0791771875919047,0.738153132044881
"230207",0.391800295239677,NA,0.120518614729302,NA,NA,1.04258903784145,0.707237357908557,-0.331253066679545,5,0.2,0.386178447807888,"0.630432379404303",-0.0791771875919047,0.738153132044881
"230208",0.570625650471623,NA,NA,NA,-0.272405935183971,0.355223609795039,-0.016995272852189,NA,4,0.25,0.159112013057626,"0.322818112265413",-0.0791771875919047,0.738153132044881
"230216",-0.681151836151995,-0.122049037949548,-1.42550786832037,-0.0486086616596539,-0.0789136467930435,-0.92785852255826,-1.32061400822154,-0.155168975688045,8,0.125,-0.594984069667806,"-0.698780320347594",-0.0791771875919047,0.738153132044881
"230217",-0.144675770456158,NA,NA,NA,-0.401400794111256,-1.56939958873491,-0.813651166689013,0.725251479269456,5,0.2,-0.440775168144376,"-0.489868517594376",-0.0791771875919047,0.738153132044881
"230222",-0.50232648092005,-1.76652146749576,-0.394823546287255,0.0710226556471613,1.01754265408888,0.630169781013603,-0.7050162720749,0.0796098123006222,8,0.125,-0.196292857965962,"-0.158660398892593",-0.0791771875919047,0.738153132044881
"230227",-0.144675770456158,1.52285489840053,0.0346282545598759,0.669179242181237,-0.78838537089311,0.4010479716648,-0.7050162720749,0.138304509297789,8,0.125,0.140992182835008,"0.298270590300124",-0.0791771875919047,0.738153132044881
"230230",-0.323501125688104,0.0798961462613213,-1.5113982284898,0.0710226556471613,-0.401400794111256,0.0802774385764748,-0.523958114384714,0.0796098123006222,8,0.125,-0.306181526236036,"-0.307530143528985",-0.0791771875919047,0.738153132044881
"230236",0.391800295239677,-0.323562715356549,0.120518614729302,NA,-0.014416217329402,-0.469614903860653,0.0192163586858474,-0.624726551665378,7,0.142857142857143,-0.128683588508165,"-0.0670679277335238",-0.0791771875919047,0.738153132044881
"230239",-0.681151836151995,NA,NA,NA,-1.36886223606589,0.263574886055518,-0.306688325156488,-3.26598791653788,5,0.2,-1.07182308557135,"-1.34476960793968",-0.0791771875919047,0.738153132044881
"230241",0.212974940007734,NA,NA,NA,0.695055506770665,-0.973682884428019,0.0916396217619223,NA,4,0.25,0.00649679602807559,"0.116065325608848",-0.0791771875919047,0.738153132044881
"230244",0.0341495847757862,1.20656041116427,0.120518614729302,NA,-0.0789136467930435,0.996764675971688,-0.415323219770601,-0.213863672685211,7,0.142857142857143,0.235698963913171,"0.426572939726997",-0.0791771875919047,0.738153132044881
"230254",0.749451005703569,-0.365418875331878,-0.566604266626108,-0.168239978966468,0.630558077307023,0.4010479716648,-0.379111588232563,0.490472691280789,8,0.125,0.0990193795998953,"0.241408671799777",-0.0791771875919047,0.738153132044881
"230259",1.46475242663135,NA,NA,NA,0.30807092998881,0.126101800446235,0.707237357908557,1.31219844924112,5,0.2,0.783672192843215,"1.16893005391008",-0.0791771875919047,0.738153132044881
"230264",NA,NA,NA,NA,NA,NA,NA,NA,0,NA,NA,"NaN",-0.0791771875919047,0.738153132044881
"230269",1.10710171616746,1.16470425118894,1.83832581811783,0.669179242181237,-0.401400794111256,0.859291590362406,0.417544305604259,0.960030267258122,8,0.125,0.826847049596124,"1.22742043331592",-0.0791771875919047,0.738153132044881
"230270",0.928276360935514,NA,0.37818969523758,NA,0.243573500525168,-0.240493094511849,-0.487746482846675,0.607862085275123,6,0.166666666666667,0.238277010769143,"0.430065503456736",-0.0791771875919047,0.738153132044881
"230273",0.928276360935514,-0.526370913175157,-0.996056067473239,NA,0.56606064784338,-0.836209798818738,0.453755937142296,-2.03339927959738,7,0.142857142857143,-0.349134730449046,"-0.365720243046706",-0.0791771875919047,0.738153132044881
"230275",NA,NA,NA,NA,NA,NA,NA,NA,0,NA,NA,"NaN",-0.0791771875919047,0.738153132044881
"230277",0.0341495847757862,0.361670089188026,-0.0512621056095504,NA,0.759552936234307,1.08841339971121,1.57631651482146,-2.44426215857754,7,0.142857142857143,0.189225465791956,"0.363613783823302",-0.0791771875919047,0.738153132044881
"230279",0.928276360935514,NA,NA,NA,NA,NA,NA,NA,1,1,0.928276360935514,"1.36483001262422",-0.0791771875919047,0.738153132044881
"230297",0.391800295239677,NA,NA,NA,NA,NA,0.0916396217619223,NA,2,0.5,0.2417199585008,"0.434729776467566",-0.0791771875919047,0.738153132044881
"230301",-1.03880254661589,NA,NA,NA,NA,NA,NA,NA,1,1,-1.03880254661589,"-1.30003561234722",-0.0791771875919047,0.738153132044881
"230302",0.570625650471623,0.174827643112586,1.58065473760955,NA,0.114578641597884,0.0802774385764748,0.272697779452109,0.431777994283622,7,0.142857142857143,0.460777126443407,"0.731493629972814",-0.0791771875919047,0.738153132044881
"230303",-0.323501125688104,NA,NA,NA,NA,0.538521057274082,-0.198053430542376,NA,3,0.333333333333333,0.00565550034786722,"0.114925595052022",-0.0791771875919047,0.738153132044881
"23037F",NA,0.672354987973981,-0.0512621056095504,NA,-0.014416217329402,2.50896861767379,1.46768162020734,NA,5,0.2,0.916665380583232,"1.34910024078119",-0.0791771875919047,0.738153132044881
"231300",NA,NA,NA,NA,NA,NA,NA,NA,0,NA,NA,"NaN",-0.0791771875919047,0.738153132044881
"231301",0.928276360935514,NA,NA,NA,NA,NA,1.25041183097912,NA,2,0.5,1.08934409595732,"1.58303369967707",-0.0791771875919047,0.738153132044881
"231303",-0.859977191383941,NA,NA,NA,NA,NA,NA,NA,1,1,-0.859977191383941,"-1.05777510098618",-0.0791771875919047,0.738153132044881
"231304",-0.859977191383941,NA,NA,NA,NA,NA,NA,NA,1,1,-0.859977191383941,"-1.05777510098618",-0.0791771875919047,0.738153132044881
"231305",0.0341495847757862,NA,NA,NA,NA,0.309399247925278,0.562390831756408,NA,3,0.333333333333333,0.301979888152491,"0.516365858515684",-0.0791771875919047,0.738153132044881
"231306",-0.859977191383941,NA,NA,NA,NA,NA,NA,NA,1,1,-0.859977191383941,"-1.05777510098618",-0.0791771875919047,0.738153132044881
"231307",-1.03880254661589,NA,NA,NA,NA,NA,NA,NA,1,1,-1.03880254661589,"-1.30003561234722",-0.0791771875919047,0.738153132044881
"231308",NA,NA,NA,NA,NA,NA,NA,NA,0,NA,NA,"NaN",-0.0791771875919047,0.738153132044881
"231310",0.0341495847757862,NA,NA,NA,NA,NA,-0.234265062080414,NA,2,0.5,-0.100057738652314,"-0.0282875600657072",-0.0791771875919047,0.738153132044881
"231311",NA,NA,NA,NA,NA,NA,NA,NA,0,NA,NA,"NaN",-0.0791771875919047,0.738153132044881
"231312",NA,NA,NA,NA,NA,NA,NA,NA,0,NA,NA,"NaN",-0.0791771875919047,0.738153132044881
"231313",NA,NA,NA,NA,NA,NA,NA,NA,0,NA,NA,"NaN",-0.0791771875919047,0.738153132044881
"231314",-1.75410396754367,NA,NA,NA,NA,NA,NA,NA,1,1,-1.75410396754367,"-2.26907765779137",-0.0791771875919047,0.738153132044881
"231315",0.0341495847757862,NA,NA,NA,NA,NA,NA,NA,1,1,0.0341495847757862,"0.153527455819019",-0.0791771875919047,0.738153132044881
"231316",-0.144675770456158,NA,NA,NA,NA,0.126101800446235,-0.270476693618452,NA,3,0.333333333333333,-0.0963502212094582,"-0.0232648658822048",-0.0791771875919047,0.738153132044881
"231318",0.212974940007734,NA,NA,NA,NA,-0.698736713209456,-1.68273032360191,NA,3,0.333333333333333,-0.722830698934544,"-0.871978297456447",-0.0791771875919047,0.738153132044881
"231319",-0.323501125688104,NA,NA,NA,NA,-0.652912351339696,-1.61030706052583,NA,3,0.333333333333333,-0.862240179184545,"-1.06084084399039",-0.0791771875919047,0.738153132044881
"231320",0.212974940007734,NA,NA,NA,NA,NA,0.671025726370521,NA,2,0.5,0.442000333189128,"0.706056098871019",-0.0791771875919047,0.738153132044881
"231321",-0.681151836151995,NA,NA,NA,NA,NA,-0.632593008998825,NA,2,0.5,-0.65687242257541,"-0.782622480220515",-0.0791771875919047,0.738153132044881
"231322",-0.323501125688104,NA,NA,NA,NA,NA,-1.10334421899331,NA,2,0.5,-0.713422672340708,"-0.859232938552702",-0.0791771875919047,0.738153132044881
"231323",0.212974940007734,NA,NA,NA,NA,NA,NA,NA,1,1,0.212974940007734,"0.395787967180062",-0.0791771875919047,0.738153132044881
"231324",-0.859977191383941,NA,NA,NA,NA,NA,NA,NA,1,1,-0.859977191383941,"-1.05777510098618",-0.0791771875919047,0.738153132044881
"231325",-1.93292932277561,NA,NA,NA,NA,NA,-0.813651166689013,NA,2,0.5,-1.37329024473231,"-1.75317695063539",-0.0791771875919047,0.738153132044881
"231326",0.749451005703569,NA,NA,NA,0.953045224625234,-0.240493094511849,0.562390831756408,NA,4,0.25,0.50609849189334,"0.792891954361659",-0.0791771875919047,0.738153132044881
"231327",0.570625650471623,NA,NA,NA,0.695055506770665,0.767642866622885,0.815872252522671,NA,4,0.25,0.712299069096961,"1.07223856721473",-0.0791771875919047,0.738153132044881
"231328",-0.323501125688104,NA,NA,NA,NA,NA,-0.0894185359282648,NA,2,0.5,-0.206459830808184,"-0.172433926905753",-0.0791771875919047,0.738153132044881
"231329",NA,NA,NA,NA,NA,NA,NA,NA,0,NA,NA,"NaN",-0.0791771875919047,0.738153132044881
"231330",-0.144675770456158,NA,NA,NA,NA,NA,NA,NA,1,1,-0.144675770456158,"-0.0887330555420189",-0.0791771875919047,0.738153132044881
"231331",0.391800295239677,NA,NA,NA,0.759552936234307,-0.423790541990892,0.489967568680334,NA,4,0.25,0.304382564540857,"0.519620842182433",-0.0791771875919047,0.738153132044881
"231332",0.570625650471623,NA,NA,NA,0.0500812121342405,-0.469614903860653,0.707237357908557,NA,4,0.25,0.214582329163442,"0.39796554942679",-0.0791771875919047,0.738153132044881
"231333",0.0341495847757862,NA,NA,NA,0.695055506770665,-0.973682884428019,-1.10334421899331,NA,4,0.25,-0.33695550296872,"-0.349220648380507",-0.0791771875919047,0.738153132044881
"231337",-0.323501125688104,NA,NA,NA,-0.207908505720328,-0.744561075079217,0.0554279902238849,NA,4,0.25,-0.305135679065941,"-0.306113300431404",-0.0791771875919047,0.738153132044881
"231338",0.928276360935514,NA,NA,NA,0.501563218379738,-0.148844370772328,-0.487746482846675,NA,4,0.25,0.198312181424062,"0.375923852341109",-0.0791771875919047,0.738153132044881
"231339",0.212974940007734,NA,NA,NA,0.372568359452453,0.171926162315996,-0.741227903612937,NA,4,0.25,0.00406038954081148,"0.112764646682628",-0.0791771875919047,0.738153132044881
"231340",0.391800295239677,NA,NA,NA,NA,0.355223609795039,1.25041183097912,NA,3,0.333333333333333,0.665811912004612,"1.00926090705962",-0.0791771875919047,0.738153132044881
"240001",0.391800295239677,-1.97235021294145,-0.566604266626108,-1.84307842126188,-1.23986737713861,0.905115952232167,0.0916396217619223,-1.09428412764271,8,0.125,-0.665953567047124,"-0.794925001306561",-0.0791771875919047,0.738153132044881
"240002",0.749451005703569,-0.179870949668045,0.807641496084711,0.549547924874422,0.114578641597884,0.905115952232167,0.815872252522671,0.255693903292122,8,0.125,0.502253778329938,"0.787683396141833",-0.0791771875919047,0.738153132044881
"240004",0.749451005703569,-0.290768198262475,0.635860775745859,NA,0.243573500525168,1.08841339971121,0.815872252522671,0.960030267258122,7,0.142857142857143,0.600347571886303,"0.920574241276662",-0.0791771875919047,0.738153132044881
"240006",0.928276360935514,NA,NA,NA,NA,0.355223609795039,1.7211630409736,NA,3,0.333333333333333,1.00155433723472,"1.46410206488281",-0.0791771875919047,0.738153132044881
"240010",3.43183133418275,1.40375902053258,3.21257158082864,1.26733582871531,1.14653751301616,1.82160318962738,1.93843283020183,1.84045072221562,8,0.125,2.00781525241504,"2.82731637841245",-0.0791771875919047,0.738153132044881
"240014",0.391800295239677,NA,NA,NA,NA,-1.06533160816754,0.598602463294446,NA,3,0.333333333333333,-0.0249762832111394,"0.0734277239068461",-0.0791771875919047,0.738153132044881
"240018",0.212974940007734,NA,NA,NA,NA,0.44687233353456,1.10556530482697,NA,3,0.333333333333333,0.588470859456421,"0.904484473565483",-0.0791771875919047,0.738153132044881
"240019",0.212974940007734,NA,NA,NA,NA,NA,NA,NA,1,1,0.212974940007734,"0.395787967180062",-0.0791771875919047,0.738153132044881
"240020",0.212974940007734,NA,NA,NA,0.888547795161592,-0.882034160688499,0.164062884837997,NA,4,0.25,0.0958878648297062,"0.237166307127403",-0.0791771875919047,0.738153132044881
"240022",0.391800295239677,NA,NA,NA,-0.272405935183971,-0.423790541990892,-1.64651869206387,NA,4,0.25,-0.487728718499764,"-0.553478015836718",-0.0791771875919047,0.738153132044881
"24002F",NA,NA,NA,NA,NA,NA,NA,NA,0,NA,NA,"NaN",-0.0791771875919047,0.738153132044881
"240030",0.212974940007734,NA,NA,NA,0.501563218379738,-0.607087989469935,0.779660620984633,-0.56603185466821,5,0.2,0.0642157870467921,"0.194259115641032",-0.0791771875919047,0.738153132044881
"240036",0.391800295239677,-1.15162427198189,0.979422216423564,0.669179242181237,0.30807092998881,0.950940314101927,0.598602463294446,1.13611435824962,8,0.125,0.485313193437174,"0.764733436089732",-0.0791771875919047,0.738153132044881
"240038",0.928276360935514,-0.00122713286612189,-0.480713906456682,0.669179242181237,0.372568359452453,0.171926162315996,-0.125630167466301,1.07741966125246,8,0.125,0.326474822418569,"0.549549940791702",-0.0791771875919047,0.738153132044881
"24003F",NA,0.863512502088116,0.635860775745859,NA,1.01754265408888,1.50083265653905,1.64873977789753,NA,5,0.2,1.13329767327189,"1.64257903709616",-0.0791771875919047,0.738153132044881
"240040",0.749451005703569,NA,NA,NA,NA,-0.148844370772328,0.779660620984633,NA,3,0.333333333333333,0.460089085305291,"0.730561518317053",-0.0791771875919047,0.738153132044881
"240043",0.749451005703569,NA,NA,NA,1.27553237194345,0.950940314101927,2.33676077712024,0.255693903292122,5,0.2,1.11367567443226,"1.61599647856217",-0.0791771875919047,0.738153132044881
"240044",-1.03880254661589,NA,NA,NA,NA,-1.1111559700373,-1.24819074514546,0.0209151153034555,4,0.25,-0.844308536623799,"-1.03654826595706",-0.0791771875919047,0.738153132044881
"240047",0.0341495847757862,1.46503298668203,-1.16783678781209,-0.0486086616596539,-0.594893082502183,-0.332141818251371,-1.97242337590621,-1.32906291563138,8,0.125,-0.493223008788133,"-0.560921309172274",-0.0791771875919047,0.738153132044881
"240050",0.749451005703569,NA,NA,NA,-0.0789136467930435,-0.607087989469935,0.453755937142296,-1.50514700662288,5,0.2,-0.197588340007998,"-0.160415430451488",-0.0791771875919047,0.738153132044881
"240052",0.0341495847757862,NA,NA,NA,NA,0.217750524185757,0.308909410990147,-0.976894733648377,4,0.25,-0.104021303424172,"-0.0336571298741797",-0.0791771875919047,0.738153132044881
"240053",1.2859270713994,-0.610946246733555,-0.652494626795534,-0.646765248193729,0.56606064784338,0.355223609795039,1.10556530482697,-0.624726551665378,8,0.125,0.0972304950595744,"0.238985211866246",-0.0791771875919047,0.738153132044881
"240056",0.570625650471623,NA,1.23709329693184,NA,1.27553237194345,1.50083265653905,1.39525835713127,-0.918200036651212,6,0.166666666666667,0.843523716061004,"1.25001285450999",-0.0791771875919047,0.738153132044881
"240057",1.2859270713994,-0.588507892932347,0.807641496084711,-0.407502613580099,0.759552936234307,0.905115952232167,0.779660620984633,1.54697723722979,8,0.125,0.636108100956571,"0.969020190386437",-0.0791771875919047,0.738153132044881
"240064",0.570625650471623,NA,NA,NA,NA,0.263574886055518,-0.379111588232563,0.373083297286456,4,0.25,0.207043061395258,"0.38775185874272",-0.0791771875919047,0.738153132044881
"240066",0.928276360935514,NA,0.549970415576432,NA,-0.594893082502183,-0.790385436948978,0.164062884837997,0.0796098123006222,6,0.166666666666667,0.0561068256999009,"0.183273642580142",-0.0791771875919047,0.738153132044881
"240069",-0.323501125688104,NA,NA,NA,NA,-1.47775086499539,1.10556530482697,0.0209151153034555,4,0.25,-0.168692892638267,"-0.121269830283562",-0.0791771875919047,0.738153132044881
"240071",-0.50232648092005,NA,NA,NA,NA,-0.377966180121132,-0.0894185359282648,NA,3,0.333333333333333,-0.323237065656482,"-0.330635836209848",-0.0791771875919047,0.738153132044881
"240075",0.0341495847757862,NA,0.206408974898728,NA,-0.272405935183971,-0.423790541990892,0.0554279902238849,-0.624726551665378,6,0.166666666666667,-0.170822746490307,"-0.124155212407647",-0.0791771875919047,0.738153132044881
"240076",0.212974940007734,NA,NA,NA,NA,1.31753520906001,0.671025726370521,0.549167388277956,4,0.25,0.687675815929056,"1.03888064715864",-0.0791771875919047,0.738153132044881
"240078",2.18005384755913,0.675375535601066,0.979422216423564,0.788810559488052,1.01754265408888,1.50083265653905,1.25041183097912,0.725251479269456,8,0.125,1.13971259749354,"1.65126954309439",-0.0791771875919047,0.738153132044881
"240080",1.2859270713994,-1.07481606089314,0.37818969523758,0.0710226556471613,0.501563218379738,0.492696695404321,1.61252814635949,0.0796098123006222,8,0.125,0.418340154229398,"0.674002886695132",-0.0791771875919047,0.738153132044881
"240084",0.0341495847757862,NA,NA,NA,NA,0.584345419143842,NA,NA,2,0.5,0.309247501959814,"0.526211530764191",-0.0791771875919047,0.738153132044881
"240088",0.749451005703569,NA,NA,NA,NA,0.813467228492645,1.28662346251716,-0.56603185466821,4,0.25,0.57087746051129,"0.880650125133752",-0.0791771875919047,0.738153132044881
"240093",1.6435777818633,0.592957736062015,1.7524354579484,NA,1.92050666657987,1.86742755149714,2.15570261943005,1.42958784323546,7,0.142857142857143,1.62317080808803,"2.30622606851776",-0.0791771875919047,0.738153132044881
"240100",0.391800295239677,-0.351610657608059,-0.223042825948403,NA,1.08204008355252,0.905115952232167,0.0192163586858474,-0.0377795816937112,7,0.142857142857143,0.255105660637148,"0.452863821498664",-0.0791771875919047,0.738153132044881
"240101",0.0341495847757862,NA,NA,NA,-0.594893082502183,1.36335957092977,-0.125630167466301,0.490472691280789,5,0.2,0.233491719403573,"0.423582713967902",-0.0791771875919047,0.738153132044881
"240104",0.570625650471623,NA,NA,NA,1.40452723087073,-0.607087989469935,-0.0894185359282648,1.19480905524679,5,0.2,0.494691082238189,"0.777437966347613",-0.0791771875919047,0.738153132044881
"240106",0.928276360935514,0.779800182137455,1.06531257659299,0.549547924874422,0.179076071061526,0.44687233353456,0.598602463294446,0.373083297286456,8,0.125,0.615071401214671,"0.940521090635113",-0.0791771875919047,0.738153132044881
"240115",1.10710171616746,-0.936733883654938,1.06531257659299,0.788810559488052,1.34002980140709,0.950940314101927,0.345121042528184,-0.800810642656877,8,0.125,0.482471435496736,"0.760883614396818",-0.0791771875919047,0.738153132044881
"240141",1.10710171616746,NA,NA,NA,NA,0.813467228492645,0.888295515598744,NA,3,0.333333333333333,0.936288153419617,"1.3756838478737",-0.0791771875919047,0.738153132044881
"240166",0.212974940007734,NA,NA,NA,1.27553237194345,-0.469614903860653,1.57631651482146,0.607862085275123,5,0.2,0.640614201637421,"0.975124751195341",-0.0791771875919047,0.738153132044881
"240187",-0.144675770456158,NA,NA,NA,NA,-0.332141818251371,1.17798856790304,NA,3,0.333333333333333,0.233723659731838,"0.423896931056737",-0.0791771875919047,0.738153132044881
"240206",NA,NA,NA,NA,NA,NA,NA,NA,0,NA,NA,"NaN",-0.0791771875919047,0.738153132044881
"240207",1.46475242663135,0.1506632620959,0.292299335068155,NA,-0.401400794111256,0.126101800446235,1.43146998866931,0.373083297286456,7,0.142857142857143,0.490995616583735,"0.772431599112923",-0.0791771875919047,0.738153132044881
"240210",2.00122849232719,-0.618713369203205,0.292299335068155,0.908441876794867,0.759552936234307,0.630169781013603,1.21420019944108,0.373083297286456,8,0.125,0.695032818620306,"1.04884741742874",-0.0791771875919047,0.738153132044881
"240213",1.46475242663135,NA,NA,NA,0.56606064784338,1.08841339971121,1.25041183097912,0.255693903292122,5,0.2,0.925066441691436,"1.36048143086695",-0.0791771875919047,0.738153132044881
"240214",1.10710171616746,NA,NA,NA,0.56606064784338,0.813467228492645,1.54010488328342,NA,4,0.25,1.00668361894673,"1.47105086925596",-0.0791771875919047,0.738153132044881
"241301",NA,NA,NA,NA,NA,NA,NA,NA,0,NA,NA,"NaN",-0.0791771875919047,0.738153132044881
"241302",NA,NA,NA,NA,NA,NA,NA,NA,0,NA,NA,"NaN",-0.0791771875919047,0.738153132044881
"241303",0.570625650471623,NA,NA,NA,NA,NA,NA,NA,1,1,0.570625650471623,"0.880308989902137",-0.0791771875919047,0.738153132044881
"241304",NA,NA,NA,NA,NA,NA,NA,NA,0,NA,NA,"NaN",-0.0791771875919047,0.738153132044881
"241305",-0.50232648092005,NA,NA,NA,NA,NA,NA,NA,1,1,-0.50232648092005,"-0.573254078264098",-0.0791771875919047,0.738153132044881
"241306",0.0341495847757862,NA,NA,NA,NA,-0.836209798818738,-1.10334421899331,NA,3,0.333333333333333,-0.635134811012088,"-0.753173832481118",-0.0791771875919047,0.738153132044881
"241308",NA,NA,NA,NA,NA,NA,NA,NA,0,NA,NA,"NaN",-0.0791771875919047,0.738153132044881
"241309",NA,NA,NA,NA,NA,NA,NA,NA,0,NA,NA,"NaN",-0.0791771875919047,0.738153132044881
"241311",NA,NA,NA,NA,NA,NA,NA,NA,0,NA,NA,"NaN",-0.0791771875919047,0.738153132044881
"241312",NA,NA,NA,NA,NA,NA,NA,NA,0,NA,NA,"NaN",-0.0791771875919047,0.738153132044881
"241313",NA,NA,NA,NA,NA,NA,NA,NA,0,NA,NA,"NaN",-0.0791771875919047,0.738153132044881
"241314",-0.144675770456158,NA,NA,NA,NA,NA,NA,NA,1,1,-0.144675770456158,"-0.0887330555420189",-0.0791771875919047,0.738153132044881
"241315",NA,NA,NA,NA,NA,NA,NA,NA,0,NA,NA,"NaN",-0.0791771875919047,0.738153132044881
"241316",NA,NA,NA,NA,NA,NA,NA,NA,0,NA,NA,"NaN",-0.0791771875919047,0.738153132044881
"241317",NA,NA,NA,NA,NA,NA,NA,NA,0,NA,NA,"NaN",-0.0791771875919047,0.738153132044881
"241318",NA,NA,NA,NA,NA,NA,NA,NA,0,NA,NA,"NaN",-0.0791771875919047,0.738153132044881
"241319",-0.681151836151995,NA,NA,NA,NA,NA,NA,NA,1,1,-0.681151836151995,"-0.815514589625137",-0.0791771875919047,0.738153132044881
"241320",-0.50232648092005,NA,NA,NA,NA,NA,-0.306688325156488,NA,2,0.5,-0.404507403038269,"-0.440735399367761",-0.0791771875919047,0.738153132044881
"241321",NA,NA,NA,NA,NA,NA,NA,NA,0,NA,NA,"NaN",-0.0791771875919047,0.738153132044881
"241322",-1.03880254661589,NA,NA,NA,NA,NA,NA,NA,1,1,-1.03880254661589,"-1.30003561234722",-0.0791771875919047,0.738153132044881
"241323",NA,NA,NA,NA,NA,NA,NA,NA,0,NA,NA,"NaN",-0.0791771875919047,0.738153132044881
"241325",-0.859977191383941,NA,NA,NA,NA,NA,-0.306688325156488,NA,2,0.5,-0.583332758270215,"-0.682995910728801",-0.0791771875919047,0.738153132044881
"241326",0.391800295239677,NA,NA,NA,NA,NA,0.852083884060707,NA,2,0.5,0.621942089650192,"0.949829035202777",-0.0791771875919047,0.738153132044881
"241327",-1.03880254661589,NA,NA,NA,NA,NA,-0.632593008998825,NA,2,0.5,-0.835697777807356,"-1.02488299158155",-0.0791771875919047,0.738153132044881
"241328",NA,NA,NA,NA,NA,NA,NA,NA,0,NA,NA,"NaN",-0.0791771875919047,0.738153132044881
"241329",-0.50232648092005,NA,NA,NA,NA,NA,-0.487746482846675,NA,2,0.5,-0.495036481883362,"-0.563378080019002",-0.0791771875919047,0.738153132044881
"241330",0.0341495847757862,NA,NA,NA,NA,-0.0113712851630466,0.671025726370521,NA,3,0.333333333333333,0.231268008661087,"0.420570180868807",-0.0791771875919047,0.738153132044881
"241332",-0.323501125688104,NA,NA,NA,NA,NA,NA,NA,1,1,-0.323501125688104,"-0.330993566903058",-0.0791771875919047,0.738153132044881
"241333",0.570625650471623,NA,NA,NA,NA,NA,-0.342899956694526,NA,2,0.5,0.113862846888549,"0.261517598585108",-0.0791771875919047,0.738153132044881
"241334",-0.50232648092005,NA,NA,NA,NA,NA,NA,NA,1,1,-0.50232648092005,"-0.573254078264098",-0.0791771875919047,0.738153132044881
"241335",-0.323501125688104,NA,NA,NA,NA,NA,NA,NA,1,1,-0.323501125688104,"-0.330993566903058",-0.0791771875919047,0.738153132044881
"241336",NA,NA,NA,NA,NA,NA,NA,NA,0,NA,NA,"NaN",-0.0791771875919047,0.738153132044881
"241337",0.391800295239677,NA,NA,NA,NA,NA,NA,NA,1,1,0.391800295239677,"0.638048478541098",-0.0791771875919047,0.738153132044881
"241338",-0.323501125688104,NA,NA,NA,NA,NA,NA,NA,1,1,-0.323501125688104,"-0.330993566903058",-0.0791771875919047,0.738153132044881
"241339",NA,NA,NA,NA,NA,NA,NA,NA,0,NA,NA,"NaN",-0.0791771875919047,0.738153132044881
"241340",NA,NA,NA,NA,NA,NA,NA,NA,0,NA,NA,"NaN",-0.0791771875919047,0.738153132044881
"241341",NA,NA,NA,NA,NA,NA,NA,NA,0,NA,NA,"NaN",-0.0791771875919047,0.738153132044881
"241342",0.391800295239677,NA,NA,NA,NA,NA,-1.21197911360742,NA,2,0.5,-0.410089409183873,"-0.448297524221368",-0.0791771875919047,0.738153132044881
"241343",NA,NA,NA,NA,NA,NA,NA,NA,0,NA,NA,"NaN",-0.0791771875919047,0.738153132044881
"241344",-0.144675770456158,NA,NA,NA,NA,NA,-1.71894195513995,NA,2,0.5,-0.931808862798052,"-1.1550877970864",-0.0791771875919047,0.738153132044881
"241345",0.212974940007734,NA,NA,NA,NA,NA,0.671025726370521,NA,2,0.5,0.442000333189128,"0.706056098871019",-0.0791771875919047,0.738153132044881
"241346",0.570625650471623,NA,NA,NA,NA,NA,NA,NA,1,1,0.570625650471623,"0.880308989902137",-0.0791771875919047,0.738153132044881
"241347",0.570625650471623,NA,NA,NA,NA,NA,-0.306688325156488,NA,2,0.5,0.131968662657567,"0.286046134715356",-0.0791771875919047,0.738153132044881
"241348",NA,NA,NA,NA,NA,NA,-0.958497692841162,NA,1,1,-0.958497692841162,"-1.19124402116036",-0.0791771875919047,0.738153132044881
"241349",0.0341495847757862,NA,NA,NA,NA,NA,-0.234265062080414,NA,2,0.5,-0.100057738652314,"-0.0282875600657072",-0.0791771875919047,0.738153132044881
"241350",-1.03880254661589,NA,NA,NA,NA,NA,NA,NA,1,1,-1.03880254661589,"-1.30003561234722",-0.0791771875919047,0.738153132044881
"241351",-0.50232648092005,NA,NA,NA,NA,NA,-0.0532069043902274,NA,2,0.5,-0.277766692655138,"-0.269035646456025",-0.0791771875919047,0.738153132044881
"241353",0.212974940007734,NA,NA,NA,NA,-0.0113712851630466,-0.741227903612937,NA,3,0.333333333333333,-0.179874749589417,"-0.136418254730631",-0.0791771875919047,0.738153132044881
"241354",0.212974940007734,NA,NA,NA,NA,-2.07346756930228,0.562390831756408,NA,3,0.333333333333333,-0.432700599179378,"-0.47892963700922",-0.0791771875919047,0.738153132044881
"241355",-0.50232648092005,NA,NA,NA,NA,0.309399247925278,NA,NA,2,0.5,-0.0964636164973857,"-0.0234184861582759",-0.0791771875919047,0.738153132044881
"241356",-0.323501125688104,NA,NA,NA,NA,NA,NA,NA,1,1,-0.323501125688104,"-0.330993566903058",-0.0791771875919047,0.738153132044881
"241357",-0.323501125688104,NA,NA,NA,NA,NA,NA,NA,1,1,-0.323501125688104,"-0.330993566903058",-0.0791771875919047,0.738153132044881
"241358",NA,NA,NA,NA,NA,NA,NA,NA,0,NA,NA,"NaN",-0.0791771875919047,0.738153132044881
"241359",0.0341495847757862,NA,NA,NA,NA,NA,0.671025726370521,NA,2,0.5,0.352587655573154,"0.584925843190497",-0.0791771875919047,0.738153132044881
"241360",0.0341495847757862,NA,NA,NA,NA,NA,NA,NA,1,1,0.0341495847757862,"0.153527455819019",-0.0791771875919047,0.738153132044881
"241361",0.391800295239677,NA,NA,NA,NA,0.721818504753124,-0.125630167466301,NA,3,0.333333333333333,0.3293295441755,"0.553417324987476",-0.0791771875919047,0.738153132044881
"241362",0.212974940007734,NA,NA,NA,NA,NA,0.0916396217619223,NA,2,0.5,0.152307280884828,"0.313599520787048",-0.0791771875919047,0.738153132044881
"241363",-0.144675770456158,NA,NA,NA,NA,NA,0.164062884837997,NA,2,0.5,0.00969355719091942,"0.120396081686504",-0.0791771875919047,0.738153132044881
"241364",0.391800295239677,NA,NA,NA,NA,NA,0.526179200218371,NA,2,0.5,0.458989747729024,"0.729072210030544",-0.0791771875919047,0.738153132044881
"241365",0.0341495847757862,NA,NA,NA,NA,NA,0.308909410990147,NA,2,0.5,0.171529497882966,"0.339640481888015",-0.0791771875919047,0.738153132044881
"241366",-0.323501125688104,NA,NA,NA,NA,NA,NA,NA,1,1,-0.323501125688104,"-0.330993566903058",-0.0791771875919047,0.738153132044881
"241367",0.391800295239677,NA,NA,NA,NA,-1.06533160816754,0.453755937142296,NA,3,0.333333333333333,-0.0732584585951894,"0.0080182942261843",-0.0791771875919047,0.738153132044881
"241368",0.570625650471623,NA,NA,NA,NA,NA,NA,NA,1,1,0.570625650471623,"0.880308989902137",-0.0791771875919047,0.738153132044881
"241369",-0.323501125688104,NA,NA,NA,NA,0.126101800446235,-0.813651166689013,NA,3,0.333333333333333,-0.337016830643627,"-0.3493037309717",-0.0791771875919047,0.738153132044881
"241370",-0.50232648092005,NA,NA,NA,NA,0.309399247925278,0.779660620984633,NA,3,0.333333333333333,0.195577795996621,"0.372219491675638",-0.0791771875919047,0.738153132044881
"241371",0.212974940007734,NA,NA,NA,NA,NA,-2.29832805974854,NA,2,0.5,-1.04267655987041,"-1.30528386380933",-0.0791771875919047,0.738153132044881
"241372",-0.144675770456158,NA,NA,NA,NA,NA,NA,NA,1,1,-0.144675770456158,"-0.0887330555420189",-0.0791771875919047,0.738153132044881
"241373",0.212974940007734,NA,NA,NA,NA,-0.973682884428019,-0.0894185359282648,NA,3,0.333333333333333,-0.283375493449517,"-0.276634070889774",-0.0791771875919047,0.738153132044881
"241374",0.0341495847757862,NA,NA,NA,NA,NA,NA,NA,1,1,0.0341495847757862,"0.153527455819019",-0.0791771875919047,0.738153132044881
"241375",NA,NA,NA,NA,NA,NA,NA,NA,0,NA,NA,"NaN",-0.0791771875919047,0.738153132044881
"241376",-0.323501125688104,NA,NA,NA,NA,-1.24862905564658,-0.379111588232563,NA,3,0.333333333333333,-0.650413923189084,"-0.773872941532743",-0.0791771875919047,0.738153132044881
"241377",-0.50232648092005,NA,NA,NA,NA,NA,-0.487746482846675,NA,2,0.5,-0.495036481883362,"-0.563378080019002",-0.0791771875919047,0.738153132044881
"241378",0.570625650471623,NA,NA,NA,NA,0.171926162315996,1.17798856790304,NA,3,0.333333333333333,0.640180126896888,"0.974536696059233",-0.0791771875919047,0.738153132044881
"241379",NA,NA,NA,NA,NA,NA,NA,NA,0,NA,NA,"NaN",-0.0791771875919047,0.738153132044881
"241380",0.0341495847757862,NA,NA,NA,NA,-2.89830608295797,0.12785125329996,NA,3,0.333333333333333,-0.912101748294074,"-1.12838992960004",-0.0791771875919047,0.738153132044881
"241381",0.0341495847757862,NA,NA,NA,NA,NA,-2.04484663898228,NA,2,0.5,-1.00534852710325,"-1.25471436657811",-0.0791771875919047,0.738153132044881
"250001",-0.323501125688104,-2.18465156044518,-0.996056067473239,1.02807319410168,0.114578641597884,0.950940314101927,1.57631651482146,1.19480905524679,8,0.125,0.170063620782901,"0.337654610614931",-0.0791771875919047,0.738153132044881
"250002",-1.57527861231172,NA,NA,NA,-0.917380229820394,-2.07346756930228,-1.21197911360742,NA,4,0.25,-1.44452638126045,"-1.84968285630133",-0.0791771875919047,0.738153132044881
"250004",-2.6482307437034,-0.181596976883523,-1.8549596691675,-0.287871296273283,-4.59373370924801,-2.48588682613012,-0.849862798227049,-1.38775761262854,8,0.125,-1.78623745403268,"-2.31260993462395",-0.0791771875919047,0.738153132044881
"250006",0.212974940007734,NA,NA,NA,0.179076071061526,-1.20280469377682,0.453755937142296,1.37089314623829,5,0.2,0.202779080134605,"0.381975304968788",-0.0791771875919047,0.738153132044881
"250007",-0.859977191383941,NA,NA,NA,-1.30436480660225,-1.38610214125587,-0.632593008998825,-1.44645230962571,5,0.2,-1.12589789157332,"-1.41802650228106",-0.0791771875919047,0.738153132044881
"250009",-1.93292932277561,0.0591838196755915,-0.480713906456682,-1.48418446934144,-0.78838537089311,-1.84434575995347,-1.06713258745527,0.0209151153034555,8,0.125,-0.939699060237068,"-1.16577690358271",-0.0791771875919047,0.738153132044881
"250017",NA,NA,NA,NA,NA,NA,NA,NA,0,NA,NA,"NaN",-0.0791771875919047,0.738153132044881
"250018",NA,NA,NA,NA,NA,NA,NA,NA,0,NA,NA,"NaN",-0.0791771875919047,0.738153132044881
"250019",-1.03880254661589,-0.364987368528009,-2.1985211098452,-0.766396565500545,-0.014416217329402,-0.515439265730414,-0.813651166689013,-1.09428412764271,8,0.125,-0.850812295985148,"-1.04535911980162",-0.0791771875919047,0.738153132044881
"250020",-4.6153096512548,NA,NA,NA,-1.17536994767496,-0.92785852255826,-0.379111588232563,0.549167388277956,5,0.2,-1.30969646428853,"-1.66702439274051",-0.0791771875919047,0.738153132044881
"250025",-0.859977191383941,NA,NA,NA,-0.014416217329402,-1.98181884556275,-1.97242337590621,NA,4,0.25,-1.20715890754558,"-1.52811343742302",-0.0791771875919047,0.738153132044881
"250027",-1.57527861231172,NA,NA,NA,NA,NA,-1.13955585053135,NA,2,0.5,-1.35741723142154,"-1.73167326444659",-0.0791771875919047,0.738153132044881
"250031",-1.39645325707978,-0.638994188985065,0.120518614729302,0.669179242181237,0.114578641597884,0.584345419143842,-1.8637884812921,-0.918200036651212,8,0.125,-0.416101755794486,"-0.456442645266857",-0.0791771875919047,0.738153132044881
"250034",0.749451005703569,1.5979370822738,-0.566604266626108,-0.527133930886914,0.82405036569795,-0.194668732642089,0.236486147914072,0.314388600289289,8,0.125,0.304238283965446,"0.519425380605225",-0.0791771875919047,0.738153132044881
"250036",-4.97296036171869,NA,NA,NA,NA,-0.836209798818738,-5.08662368817742,NA,3,0.333333333333333,-3.63193128290495,"-4.81303125473568",-0.0791771875919047,0.738153132044881
"250038",-0.144675770456158,NA,NA,NA,-0.0789136467930435,0.0802774385764748,-0.125630167466301,NA,4,0.25,-0.0672355365347571,"0.0161777421767026",-0.0791771875919047,0.738153132044881
"250040",-1.75410396754367,-0.163473691121008,-2.88564399120061,0.0710226556471613,-0.917380229820394,-1.43192650312563,-1.35682563975957,-0.624726551665378,8,0.125,-1.13288223982364,"-1.42748842548793",-0.0791771875919047,0.738153132044881
"250042",-0.859977191383941,NA,NA,NA,NA,-0.423790541990892,-0.632593008998825,NA,3,0.333333333333333,-0.638786914124553,"-0.758121455073123",-0.0791771875919047,0.738153132044881
"250043",-0.681151836151995,NA,NA,NA,-0.014416217329402,-1.15698033190706,-1.75515358667798,-0.859505339654043,5,0.2,-0.893441462344097,"-1.10311023472388",-0.0791771875919047,0.738153132044881
"250044",-1.21762790184783,NA,NA,NA,-1.30436480660225,-0.103020008902567,-0.379111588232563,NA,4,0.25,-0.751031076396303,"-0.910182263866014",-0.0791771875919047,0.738153132044881
"250048",-1.03880254661589,-1.29704206488587,-1.76906930899807,0.549547924874422,-4.01325684407523,-0.423790541990892,-1.10334421899331,-0.213863672685211,8,0.125,-1.16370265917126,"-1.46924184765691",-0.0791771875919047,0.738153132044881
"250049",-0.50232648092005,NA,NA,NA,NA,-0.836209798818738,NA,NA,2,0.5,-0.669268139869394,"-0.799415360662063",-0.0791771875919047,0.738153132044881
"250050",-1.21762790184783,NA,NA,NA,NA,-0.515439265730414,-2.11726990205836,-1.44645230962571,4,0.25,-1.32419734481558,"-1.68666920612345",-0.0791771875919047,0.738153132044881
"250057",-2.82705609893534,NA,NA,NA,-0.917380229820394,-2.6233599117394,-0.849862798227049,NA,4,0.25,-1.80441475968055,"-2.33723532041282",-0.0791771875919047,0.738153132044881
"250058",-3.54235751986312,-0.508679134216512,-1.42550786832037,NA,-1.30436480660225,-2.6233599117394,-2.33453969128658,-0.0964742786908779,7,0.142857142857143,-1.69075474438845,"-2.18325640959084",-0.0791771875919047,0.738153132044881
"250061",-0.681151836151995,NA,NA,NA,0.114578641597884,NA,0.236486147914072,NA,3,0.333333333333333,-0.11002901554668,"-0.0417959724282513",-0.0791771875919047,0.738153132044881
"250067",0.570625650471623,NA,NA,NA,NA,-0.882034160688499,0.0916396217619223,NA,3,0.333333333333333,-0.0732562961516512,"0.00802122375861361",-0.0791771875919047,0.738153132044881
"250069",-0.859977191383941,0.448834463569642,-1.8549596691675,NA,-0.659390511965826,-1.01950724629778,-2.66044437512892,0.196999206294956,7,0.142857142857143,-0.915492189154196,"-1.13298306984823",-0.0791771875919047,0.738153132044881
"250072",-0.50232648092005,NA,-0.137152465778977,NA,NA,0.355223609795039,-0.958497692841162,0.373083297286456,5,0.2,-0.173933946491739,"-0.1283700560036",-0.0791771875919047,0.738153132044881
"250077",-1.39645325707978,NA,NA,NA,-0.207908505720328,-1.01950724629778,-1.24819074514546,-0.155168975688045,5,0.2,-0.805445745986279,"-0.983899582438155",-0.0791771875919047,0.738153132044881
"250078",0.0341495847757862,-0.916021557069207,-0.223042825948403,-1.2449218347278,-0.143411076256686,-1.56939958873491,-1.10334421899331,0.0209151153034555,8,0.125,-0.643134550206385,"-0.764011338747785",-0.0791771875919047,0.738153132044881
"250081",NA,NA,NA,NA,NA,NA,NA,NA,0,NA,NA,"NaN",-0.0791771875919047,0.738153132044881
"250082",-4.6153096512548,NA,-3.74454759289488,NA,-4.85172342710258,-1.52357522686515,-5.7384330558621,-1.21167352163704,6,0.166666666666667,-3.61421041260276,"-4.78902421672028",-0.0791771875919047,0.738153132044881
"250084",-1.93292932277561,NA,NA,NA,-0.336903364647613,-0.28631745638161,-1.39303727129761,0.196999206294956,5,0.2,-0.750437641761498,"-0.909378318710135",-0.0791771875919047,0.738153132044881
"250085",-1.57527861231172,NA,NA,NA,-0.272405935183971,-0.469614903860653,-1.5740954289878,NA,4,0.25,-0.972848720086036,"-1.2106858234394",-0.0791771875919047,0.738153132044881
"250093",-1.57527861231172,NA,NA,NA,-2.78780568426602,-0.377966180121132,-1.50167216591172,0.0796098123006222,5,0.2,-1.232622566062,"-1.5626098818747",-0.0791771875919047,0.738153132044881
"250094",-1.39645325707978,0.428553643787781,-2.02674038950635,-1.9627097385687,-0.659390511965826,-1.43192650312563,-0.958497692841162,0.842640873263789,8,0.125,-0.895565447004484,"-1.10598766566358",-0.0791771875919047,0.738153132044881
"250095",-1.03880254661589,NA,NA,NA,NA,-1.52357522686515,-0.668804640536862,NA,3,0.333333333333333,-1.07706080467263,"-1.35186531596272",-0.0791771875919047,0.738153132044881
"250096",-0.681151836151995,NA,NA,NA,-2.40082110748417,-0.882034160688499,-0.596381377460788,NA,4,0.25,-1.14009712044636,"-1.43726265838015",-0.0791771875919047,0.738153132044881
"250097",-1.75410396754367,0.597272804100708,-2.88564399120061,NA,-1.62685195392046,-0.561263627600174,0.164062884837997,NA,6,0.166666666666667,-1.01108797522104,"-1.26248978318021",-0.0791771875919047,0.738153132044881
"250099",-0.859977191383941,NA,NA,NA,NA,-0.103020008902567,-2.29832805974854,-1.03558943064554,4,0.25,-1.07422867267015,"-1.34802853484031",-0.0791771875919047,0.738153132044881
"250100",0.0341495847757862,0.330601599309431,-1.68317894882865,0.190653972953976,0.372568359452453,-1.43192650312563,-0.886074429765087,-0.213863672685211,8,0.125,-0.410883754739116,"-0.449373649920438",-0.0791771875919047,0.738153132044881
"250102",0.0341495847757862,-0.368870929762833,-2.11263074967578,-1.9627097385687,-0.014416217329402,-0.0571956470328073,0.0554279902238849,1.07741966125246,8,0.125,-0.418603255764674,"-0.459831508446586",-0.0791771875919047,0.738153132044881
"250104",0.212974940007734,-1.1529187923935,-0.738384986964961,-3.39828554625048,0.695055506770665,-0.92785852255826,-1.24819074514546,-0.976894733648377,8,0.125,-0.941812860022829,"-1.16864053674228",-0.0791771875919047,0.738153132044881
"250117",-1.93292932277561,NA,NA,NA,-1.17536994767496,0.44687233353456,-2.55180948051481,NA,4,0.25,-1.30330910435771,"-1.65837122898149",-0.0791771875919047,0.738153132044881
"250123",-0.681151836151995,NA,-2.11263074967578,NA,-1.11087251821132,-0.515439265730414,-0.56016974592275,0.490472691280789,6,0.166666666666667,-0.748298570735245,"-0.906480449781058",-0.0791771875919047,0.738153132044881
"250124",-0.859977191383941,NA,NA,NA,NA,0.309399247925278,-0.958497692841162,NA,3,0.333333333333333,-0.503025212099941,"-0.57420067206633",-0.0791771875919047,0.738153132044881
"250127",NA,NA,NA,NA,NA,NA,NA,NA,0,NA,NA,"NaN",-0.0791771875919047,0.738153132044881
"250134",NA,NA,NA,NA,NA,NA,NA,NA,0,NA,NA,"NaN",-0.0791771875919047,0.738153132044881
"250136",NA,NA,NA,NA,NA,NA,NA,NA,0,NA,NA,"NaN",-0.0791771875919047,0.738153132044881
"250138",-0.323501125688104,-0.443521606832236,-0.996056067473239,NA,NA,-0.515439265730414,-0.016995272852189,0.373083297286456,6,0.166666666666667,-0.320405006881621,"-0.326799154291266",-0.0791771875919047,0.738153132044881
"250141",1.6435777818633,0.539450892382211,0.0346282545598759,0.788810559488052,0.30807092998881,0.217750524185757,-0.415323219770601,0.490472691280789,8,0.125,0.450929801747274,"0.718153139675288",-0.0791771875919047,0.738153132044881
"250151",NA,NA,NA,NA,NA,NA,NA,NA,0,NA,NA,"NaN",-0.0791771875919047,0.738153132044881
"250152",NA,NA,NA,NA,NA,NA,NA,NA,0,NA,NA,"NaN",-0.0791771875919047,0.738153132044881
"250162",-1.03880254661589,NA,NA,NA,NA,0.0802774385764748,0.96071877867482,NA,3,0.333333333333333,0.000731223545136152,"0.108254517481587",-0.0791771875919047,0.738153132044881
"250167",-0.323501125688104,NA,0.635860775745859,NA,-0.917380229820394,-0.332141818251371,-1.06713258745527,-1.56384170362004,6,0.166666666666667,-0.594689448181555,"-0.698381187060121",-0.0791771875919047,0.738153132044881
"250168",-1.21762790184783,NA,NA,NA,-3.11029283158424,0.721818504753124,-1.42924890283565,-0.74211594565971,5,0.2,-1.15549341543486,"-1.45812051878893",-0.0791771875919047,0.738153132044881
"250172",-0.50232648092005,NA,NA,NA,NA,NA,0.562390831756408,NA,2,0.5,0.030032175418179,"0.147949467758194",-0.0791771875919047,0.738153132044881
"25042F",NA,NA,NA,NA,0.888547795161592,-0.0113712851630466,1.14177693636501,NA,3,0.333333333333333,0.672984482121184,"1.01897782053624",-0.0791771875919047,0.738153132044881
"25043F",NA,NA,0.464080055407006,NA,0.30807092998881,1.04258903784145,1.28662346251716,NA,4,0.25,0.775340871438605,"1.15764334246373",-0.0791771875919047,0.738153132044881
"251300",0.0341495847757862,NA,NA,NA,NA,NA,NA,NA,1,1,0.0341495847757862,"0.153527455819019",-0.0791771875919047,0.738153132044881
"251302",-0.144675770456158,NA,NA,NA,NA,NA,NA,NA,1,1,-0.144675770456158,"-0.0887330555420189",-0.0791771875919047,0.738153132044881
"251304",NA,NA,NA,NA,NA,NA,NA,NA,0,NA,NA,"NaN",-0.0791771875919047,0.738153132044881
"251305",-0.144675770456158,NA,NA,NA,NA,NA,-0.813651166689013,NA,2,0.5,-0.479163468572586,"-0.541874393830197",-0.0791771875919047,0.738153132044881
"251307",NA,NA,NA,NA,NA,NA,NA,NA,0,NA,NA,"NaN",-0.0791771875919047,0.738153132044881
"251308",-1.03880254661589,NA,NA,NA,NA,NA,0.526179200218371,NA,2,0.5,-0.256311673198758,"-0.239969835413613",-0.0791771875919047,0.738153132044881
"251309",-1.75410396754367,NA,NA,NA,NA,NA,NA,NA,1,1,-1.75410396754367,"-2.26907765779137",-0.0791771875919047,0.738153132044881
"251312",-1.21762790184783,NA,NA,NA,NA,NA,-0.379111588232563,NA,2,0.5,-0.798369745040198,"-0.974313494350337",-0.0791771875919047,0.738153132044881
"251313",0.0341495847757862,NA,NA,NA,NA,NA,-1.71894195513995,NA,2,0.5,-0.84239618518208,"-1.03395754140588",-0.0791771875919047,0.738153132044881
"251315",-0.859977191383941,NA,NA,NA,0.114578641597884,-1.3402777793861,-1.68273032360191,NA,4,0.25,-0.942101663193518,"-1.16903178776886",-0.0791771875919047,0.738153132044881
"251316",-0.144675770456158,NA,NA,NA,NA,NA,NA,NA,1,1,-0.144675770456158,"-0.0887330555420189",-0.0791771875919047,0.738153132044881
"251317",-3.90000823032701,NA,NA,NA,-0.207908505720328,-0.469614903860653,-2.00863500744424,NA,4,0.25,-1.64654166183806,"-2.12335951200822",-0.0791771875919047,0.738153132044881
"251318",-3.00588145416729,NA,NA,NA,NA,-0.652912351339696,-2.66044437512892,NA,3,0.333333333333333,-2.10641272687863,"-2.74636176598038",-0.0791771875919047,0.738153132044881
"251319",-1.21762790184783,NA,NA,NA,NA,NA,-0.849862798227049,NA,2,0.5,-1.03374535003744,"-1.29318446404356",-0.0791771875919047,0.738153132044881
"251320",0.0341495847757862,NA,NA,NA,0.888547795161592,0.4010479716648,0.200274516376035,NA,4,0.25,0.381004966994553,"0.623423697074387",-0.0791771875919047,0.738153132044881
"251322",NA,NA,NA,NA,NA,NA,NA,NA,0,NA,NA,"NaN",-0.0791771875919047,0.738153132044881
"251323",0.749451005703569,NA,NA,NA,NA,NA,NA,NA,1,1,0.749451005703569,"1.12256950126318",-0.0791771875919047,0.738153132044881
"251324",-0.144675770456158,NA,NA,NA,NA,NA,NA,NA,1,1,-0.144675770456158,"-0.0887330555420189",-0.0791771875919047,0.738153132044881
"251325",NA,NA,NA,NA,NA,NA,NA,NA,0,NA,NA,"NaN",-0.0791771875919047,0.738153132044881
"251326",NA,NA,NA,NA,NA,NA,NA,NA,0,NA,NA,"NaN",-0.0791771875919047,0.738153132044881
"251327",-1.93292932277561,NA,NA,NA,NA,NA,-0.849862798227049,NA,2,0.5,-1.39139606050133,"-1.77770548676564",-0.0791771875919047,0.738153132044881
"251330",-0.859977191383941,NA,NA,NA,NA,NA,NA,NA,1,1,-0.859977191383941,"-1.05777510098618",-0.0791771875919047,0.738153132044881
"251331",-0.681151836151995,NA,NA,NA,NA,NA,0.200274516376035,NA,2,0.5,-0.24043865988798,"-0.218466149224807",-0.0791771875919047,0.738153132044881
"251333",NA,NA,NA,NA,NA,NA,NA,NA,0,NA,NA,"NaN",-0.0791771875919047,0.738153132044881
"251334",NA,NA,NA,NA,NA,NA,NA,NA,0,NA,NA,"NaN",-0.0791771875919047,0.738153132044881
"251335",NA,NA,NA,NA,NA,NA,NA,NA,0,NA,NA,"NaN",-0.0791771875919047,0.738153132044881
"251336",-3.54235751986312,NA,NA,NA,NA,NA,-1.64651869206387,NA,2,0.5,-2.5944381059635,"-3.40750558275578",-0.0791771875919047,0.738153132044881
"251337",-2.82705609893534,NA,NA,NA,-0.465898223574898,0.0344530767067141,-0.777439535150975,NA,4,0.25,-1.00898519523862,"-1.25964107890582",-0.0791771875919047,0.738153132044881
"260001",0.0341495847757862,0.109238608924439,-0.652494626795534,-0.766396565500545,-1.6913493833841,-2.25676501678132,-1.5740954289878,-1.68123109761438,8,0.125,-1.05986799067043,"-1.32857365295159",-0.0791771875919047,0.738153132044881
"260005",0.212974940007734,-1.36219959227015,0.635860775745859,NA,1.14653751301616,0.584345419143842,-0.234265062080414,0.607862085275123,7,0.142857142857143,0.22730229697688,"0.41519770256851",-0.0791771875919047,0.738153132044881
"260006",0.749451005703569,0.876889213008066,1.32298365710127,-1.9627097385687,1.79151180765259,0.4010479716648,1.10556530482697,-2.50295685557471,8,0.125,0.222722795726732,"0.408993703626635",-0.0791771875919047,0.738153132044881
"260009",-1.03880254661589,NA,NA,NA,0.953045224625234,0.126101800446235,-0.922286061303123,-0.859505339654043,5,0.2,-0.348289384500317,"-0.36457502545969",-0.0791771875919047,0.738153132044881
"260011",0.212974940007734,-0.573836661600788,0.635860775745859,NA,0.56606064784338,-0.515439265730414,-0.379111588232563,-0.272558369682376,7,0.142857142857143,-0.0465785030927383,"0.0441624956719472",-0.0791771875919047,0.738153132044881
"260017",-0.681151836151995,-0.726158563366679,0.206408974898728,NA,-1.56235452445682,-1.66104831247443,-0.849862798227049,-0.0964742786908779,7,0.142857142857143,-0.76723447692416,"-0.932133536338393",-0.0791771875919047,0.738153132044881
"260020",2.18005384755913,-1.14126810868902,0.120518614729302,-0.0486086616596539,0.501563218379738,1.27171084719025,1.54010488328342,1.25350375224396,8,0.125,0.70969729912964,"1.06871386501626",-0.0791771875919047,0.738153132044881
"260022",-0.50232648092005,NA,-0.137152465778977,NA,-1.04637508874768,0.859291590362406,-0.523958114384714,NA,5,0.2,-0.270104111893803,"-0.258654899658801",-0.0791771875919047,0.738153132044881
"260023",0.212974940007734,-0.704151716369341,-0.910165707303813,NA,-0.014416217329402,0.217750524185757,0.12785125329996,-0.976894733648377,7,0.142857142857143,-0.292435951022497,"-0.288908566762847",-0.0791771875919047,0.738153132044881
"260024",-4.25765894079091,NA,NA,NA,-1.23986737713861,-2.07346756930228,-3.45710026896574,NA,4,0.25,-2.75702353904938,"-3.62776534462318",-0.0791771875919047,0.738153132044881
"260025",-0.144675770456158,-0.432302429931632,0.120518614729302,NA,0.82405036569795,-0.515439265730414,-0.451534851308639,-0.331253066679545,7,0.142857142857143,-0.132948057668448,"-0.0728451424809153",-0.0791771875919047,0.738153132044881
"260027",-0.144675770456158,0.0682454625568489,0.37818969523758,-0.407502613580099,-0.401400794111256,0.492696695404321,-0.270476693618452,0.138304509297789,8,0.125,-0.0183274386586783,"0.0824351293676102",-0.0791771875919047,0.738153132044881
"260032",2.00122849232719,0.720683750007352,-0.910165707303813,1.26733582871531,-0.465898223574898,1.27171084719025,0.417544305604259,1.19480905524679,8,0.125,0.687156043526555,"1.03817649461909",-0.0791771875919047,0.738153132044881
"260034",-0.859977191383941,NA,NA,NA,NA,-0.607087989469935,-0.922286061303123,NA,3,0.333333333333333,-0.796450414052333,"-0.971713314381517",-0.0791771875919047,0.738153132044881
"260040",0.212974940007734,-0.985494152492178,-0.738384986964961,-0.0486086616596539,1.2110349424798,-1.24862905564658,1.03314204175089,-0.74211594565971,8,0.125,-0.163260109773082,"-0.113909863050022",-0.0791771875919047,0.738153132044881
"260048",0.749451005703569,NA,NA,NA,NA,0.492696695404321,-0.016995272852189,NA,3,0.333333333333333,0.4083841427519,"0.66051515488816",-0.0791771875919047,0.738153132044881
"26004F",NA,-0.284295596204435,0.979422216423564,NA,0.695055506770665,1.40918393279953,2.19191425096809,NA,5,0.2,0.998256062151484,"1.45963378460322",-0.0791771875919047,0.738153132044881
"260052",0.391800295239677,0.339663242190688,0.464080055407006,NA,0.114578641597884,-1.1111559700373,-1.17576748206939,0.255693903292122,7,0.142857142857143,-0.103015330625616,"-0.0322943058815901",-0.0791771875919047,0.738153132044881
"260057",-3.36353216463118,NA,NA,NA,-2.33632367802053,-2.30258937865108,-1.8637884812921,NA,4,0.25,-2.46655842564872,"-3.23426283031969",-0.0791771875919047,0.738153132044881
"260059",0.570625650471623,NA,NA,NA,NA,0.263574886055518,0.526179200218371,NA,3,0.333333333333333,0.453459912248504,"0.72158076246979",-0.0791771875919047,0.738153132044881
"260061",-1.03880254661589,NA,NA,NA,NA,NA,-0.56016974592275,NA,2,0.5,-0.799486146269318,"-0.975825919321058",-0.0791771875919047,0.738153132044881
"260062",0.570625650471623,NA,0.893531856254137,NA,-1.49785709499318,-0.103020008902567,0.0554279902238849,1.54697723722979,6,0.166666666666667,0.244280938380615,"0.438199219010905",-0.0791771875919047,0.738153132044881
"260065",1.2859270713994,-2.29598031584348,0.635860775745859,0.669179242181237,-0.401400794111256,0.538521057274082,-0.342899956694526,-0.389947763676711,8,0.125,-0.0375925854656745,"0.0563360098615714",-0.0791771875919047,0.738153132044881
"260068",0.0341495847757862,1.16556726479668,0.0346282545598759,0.310285290260791,0.372568359452453,-0.790385436948978,0.743448989446595,-0.213863672685211,8,0.125,0.207049829207249,"0.38776102731723",-0.0791771875919047,0.738153132044881
"260070",-1.75410396754367,NA,NA,NA,NA,NA,-0.886074429765087,NA,2,0.5,-1.32008919865438,"-1.68110376721537",-0.0791771875919047,0.738153132044881
"260074",-1.39645325707978,NA,NA,NA,-0.207908505720328,-0.423790541990892,-1.68273032360191,NA,4,0.25,-0.927720657098227,"-1.14954937216839",-0.0791771875919047,0.738153132044881
"260077",0.928276360935514,-1.21462426534682,1.49476437744012,-0.287871296273283,-0.0789136467930435,-0.423790541990892,0.0192163586858474,0.725251479269456,8,0.125,0.145288603240863,"0.304091090436665",-0.0791771875919047,0.738153132044881
"260078",-0.323501125688104,NA,-3.14331507170889,NA,-0.723887941429468,-0.698736713209456,-0.7050162720749,-0.331253066679545,6,0.166666666666667,-0.987618365131728,"-1.23069474083677",-0.0791771875919047,0.738153132044881
"26007F",NA,NA,NA,NA,1.27553237194345,NA,0.0192163586858474,NA,2,0.5,0.647374365314647,"0.984282964286571",-0.0791771875919047,0.738153132044881
"260081",1.2859270713994,-1.59132970512479,0.635860775745859,NA,-0.401400794111256,-0.698736713209456,1.10556530482697,0.960030267258122,7,0.142857142857143,0.185130886683551,"0.35806672464188",-0.0791771875919047,0.738153132044881
"260085",0.212974940007734,-0.351610657608059,0.292299335068155,-1.12529051742099,-0.465898223574898,1.82160318962738,-0.198053430542376,0.490472691280789,8,0.125,0.0845621658547169,"0.221823015223169",-0.0791771875919047,0.738153132044881
"260091",0.570625650471623,0.500615280033967,-0.0512621056095504,NA,-0.014416217329402,0.905115952232167,1.21420019944108,0.666556782272289,7,0.142857142857143,0.541633648787453,"0.841032584471391",-0.0791771875919047,0.738153132044881
"260094",0.0341495847757862,NA,-0.738384986964961,NA,0.695055506770665,0.0344530767067141,-0.7050162720749,-0.213863672685211,6,0.166666666666667,-0.148934460578651,"-0.0945024412393946",-0.0791771875919047,0.738153132044881
"260095",0.212974940007734,0.356060500737725,1.7524354579484,0.549547924874422,-0.917380229820394,0.171926162315996,-0.270476693618452,1.42958784323546,8,0.125,0.410584488210111,"0.663496034278477",-0.0791771875919047,0.738153132044881
"260096",-0.144675770456158,0.170081068270022,-0.480713906456682,-0.88602788280736,0.30807092998881,-0.0571956470328073,0.598602463294446,-0.448642460673878,8,0.125,-0.117562650734201,"-0.0520020324725281",-0.0791771875919047,0.738153132044881
"260097",-1.21762790184783,NA,NA,NA,0.30807092998881,-0.652912351339696,-0.016995272852189,NA,4,0.25,-0.394866149012727,"-0.427674079694385",-0.0791771875919047,0.738153132044881
"26009F",NA,0.63783444366443,0.464080055407006,NA,2.43648610228901,1.50083265653905,2.66266546096258,NA,5,0.2,1.54037974377242,"2.19406632723716",-0.0791771875919047,0.738153132044881
"260102",0.212974940007734,NA,NA,NA,NA,NA,NA,NA,1,1,0.212974940007734,"0.395787967180062",-0.0791771875919047,0.738153132044881
"260104",0.928276360935514,-1.508048891978,1.23709329693184,0.788810559488052,-0.530395653038541,0.0344530767067141,0.634814094832484,2.01653481320712,8,0.125,0.450192207135649,"0.717153896321024",-0.0791771875919047,0.738153132044881
"260105",0.570625650471623,-1.46705574561041,-0.480713906456682,-0.646765248193729,0.630558077307023,-0.103020008902567,-0.125630167466301,-0.859505339654043,8,0.125,-0.310188336063135,"-0.312958298817033",-0.0791771875919047,0.738153132044881
"260108",2.00122849232719,0.93773167235365,1.15120293676242,1.02807319410168,0.179076071061526,1.13423776158097,0.852083884060707,1.54697723722979,8,0.125,1.10382640618474,"1.60265335527252",-0.0791771875919047,0.738153132044881
"260110",-2.46940538847145,0.289608452941841,-0.738384986964961,-0.407502613580099,-1.82034424231139,-1.38610214125587,-2.95013742743322,-0.624726551665378,8,0.125,-1.26337436234256,"-1.60427033814802",-0.0791771875919047,0.738153132044881
"260113",-1.75410396754367,NA,NA,NA,-0.852882800356752,-1.3402777793861,-1.93621174436817,-1.97470458260021,5,0.2,-1.57163617485098,"-2.02188261821035",-0.0791771875919047,0.738153132044881
"260119",-1.21762790184783,-1.13867906786581,-1.5113982284898,NA,-0.143411076256686,-1.79852139808371,-1.39303727129761,-0.74211594565971,7,0.142857142857143,-1.13497012707159,"-1.43031695409171",-0.0791771875919047,0.738153132044881
"260137",-1.57527861231172,-1.8377200901342,-1.68317894882865,0.0710226556471613,-0.272405935183971,-2.44006246426036,-0.632593008998825,-0.683421248662545,8,0.125,-1.13170470659164,"-1.42589318300927",-0.0791771875919047,0.738153132044881
"260138",1.6435777818633,0.290902973353449,0.721751135915285,1.1477045114085,0.30807092998881,1.13423776158097,0.164062884837997,0.490472691280789,8,0.125,0.737597583778637,"1.1065112859548",-0.0791771875919047,0.738153132044881
"260141",-0.144675770456158,0.48508103509467,0.979422216423564,0.908441876794867,1.01754265408888,-1.15698033190706,0.634814094832484,-1.62253640061721,8,0.125,0.137638671781754,"0.29372748005962",-0.0791771875919047,0.738153132044881
"260142",0.0341495847757862,NA,NA,NA,0.30807092998881,-0.240493094511849,-0.922286061303123,NA,4,0.25,-0.205139660262594,"-0.170645449029986",-0.0791771875919047,0.738153132044881
"260160",-1.39645325707978,NA,NA,NA,-0.014416217329402,NA,0.0554279902238849,NA,3,0.333333333333333,-0.451813828061765,"-0.50482294837327",-0.0791771875919047,0.738153132044881
"260162",0.391800295239677,NA,NA,NA,NA,0.630169781013603,1.17798856790304,NA,3,0.333333333333333,0.733319548052108,"1.1007156921399",-0.0791771875919047,0.738153132044881
"260163",1.10710171616746,NA,0.721751135915285,NA,-0.143411076256686,0.905115952232167,1.03314204175089,-0.213863672685211,6,0.166666666666667,0.568306016187318,"0.877166506068357",-0.0791771875919047,0.738153132044881
"260175",-0.323501125688104,NA,NA,NA,0.114578641597884,-0.698736713209456,0.852083884060707,0.666556782272289,5,0.2,0.122196293806664,"0.272807189533574",-0.0791771875919047,0.738153132044881
"260176",-0.323501125688104,NA,NA,NA,NA,-0.240493094511849,0.598602463294446,NA,3,0.333333333333333,0.0115360810314976,"0.122892208520612",-0.0791771875919047,0.738153132044881
"260177",0.570625650471623,-0.873733890290008,0.292299335068155,-0.0486086616596539,0.243573500525168,-0.377966180121132,-1.53788379744976,0.490472691280789,8,0.125,-0.155152669021852,"-0.102926449989415",-0.0791771875919047,0.738153132044881
"260179",1.6435777818633,0.397916660713055,0.0346282545598759,0.908441876794867,0.372568359452453,1.22588648532049,0.707237357908557,0.607862085275123,8,0.125,0.737264857735965,"1.1060605311883",-0.0791771875919047,0.738153132044881
"260180",1.10710171616746,0.596409790492969,0.635860775745859,0.549547924874422,1.27553237194345,1.50083265653905,1.21420019944108,0.783946176266623,8,0.125,0.957928951433864,"1.4050013391567",-0.0791771875919047,0.738153132044881
"260183",0.928276360935514,-1.19261741834948,-1.16783678781209,-1.9627097385687,-1.23986737713861,-1.61522395060467,-0.813651166689013,-3.20729321954071,8,0.125,-1.28386541222097,"-1.6320302283237",-0.0791771875919047,0.738153132044881
"260186",-1.57527861231172,NA,-0.480713906456682,0.788810559488052,-1.62685195392046,-3.58567151100438,-0.886074429765087,-0.448642460673878,7,0.142857142857143,-1.11634604494917,"-1.40508630571549",-0.0791771875919047,0.738153132044881
"260190",0.212974940007734,0.347861871464207,0.206408974898728,NA,-0.336903364647613,0.217750524185757,-0.16184179900434,0.783946176266623,7,0.142857142857143,0.181456760453014,"0.353089266617203",-0.0791771875919047,0.738153132044881
"260191",0.570625650471623,0.0307043706202126,0.464080055407006,NA,-2.01383653070232,-0.515439265730414,-0.0532069043902274,-0.0377795816937112,7,0.142857142857143,-0.222121743716832,"-0.193651628529887",-0.0791771875919047,0.738153132044881
"260193",0.0341495847757862,NA,0.0346282545598759,NA,0.759552936234307,-0.0113712851630466,1.93843283020183,-0.272558369682376,6,0.166666666666667,0.413805658487729,"0.667859858175959",-0.0791771875919047,0.738153132044881
"260195",-0.323501125688104,NA,-1.25372714798152,NA,NA,-2.07346756930228,-0.922286061303123,0.0209151153034555,5,0.2,-0.910413357794313,"-1.12610261220414",-0.0791771875919047,0.738153132044881
"260200",1.2859270713994,-0.777507873027136,-0.0512621056095504,NA,0.179076071061526,0.584345419143842,0.671025726370521,0.666556782272289,7,0.142857142857143,0.365451584515842,"0.602353025145348",-0.0791771875919047,0.738153132044881
"260214",-1.03880254661589,NA,NA,NA,0.179076071061526,-1.66104831247443,0.779660620984633,0.725251479269456,5,0.2,-0.20317253755494,"-0.167980524067595",-0.0791771875919047,0.738153132044881
"260216",1.6435777818633,-0.0404942520182353,0.549970415576432,NA,0.30807092998881,1.31753520906001,0.0192163586858474,0.666556782272289,7,0.142857142857143,0.637776175061208,"0.97127998450262",-0.0791771875919047,0.738153132044881
"260219",1.10710171616746,NA,-0.566604266626108,NA,0.695055506770665,0.355223609795039,1.61252814635949,0.607862085275123,6,0.166666666666667,0.635194466290279,"0.967782459857867",-0.0791771875919047,0.738153132044881
"26023F",NA,-0.147507939377841,-1.08194642764267,NA,0.30807092998881,-0.790385436948978,0.308909410990147,NA,5,0.2,-0.280571892598105,"-0.272835941843509",-0.0791771875919047,0.738153132044881
"261301",NA,NA,NA,NA,NA,NA,NA,NA,0,NA,NA,"NaN",-0.0791771875919047,0.738153132044881
"261302",-0.859977191383941,NA,NA,NA,NA,NA,-2.51559784897677,NA,2,0.5,-1.68778752018036,"-2.17923661467394",-0.0791771875919047,0.738153132044881
"261303",-2.11175467800756,NA,NA,NA,0.888547795161592,-1.29445341751635,-1.71894195513995,NA,4,0.25,-1.05915056387556,"-1.32760173159311",-0.0791771875919047,0.738153132044881
"261305",-2.82705609893534,NA,NA,NA,NA,NA,NA,NA,1,1,-2.82705609893534,"-3.72264072595761",-0.0791771875919047,0.738153132044881
"261306",NA,NA,NA,NA,NA,NA,NA,NA,0,NA,NA,"NaN",-0.0791771875919047,0.738153132044881
"261307",-1.57527861231172,NA,NA,NA,0.501563218379738,NA,-0.668804640536862,NA,3,0.333333333333333,-0.580840011489616,"-0.679618905779037",-0.0791771875919047,0.738153132044881
"261308",-0.859977191383941,NA,NA,NA,-0.014416217329402,NA,-0.125630167466301,NA,3,0.333333333333333,-0.333341192059881,"-0.344324224113057",-0.0791771875919047,0.738153132044881
"261309",0.391800295239677,NA,NA,NA,NA,0.126101800446235,-0.632593008998825,NA,3,0.333333333333333,-0.0382303044376374,"0.0554720712771801",-0.0791771875919047,0.738153132044881
"261310",-2.6482307437034,NA,NA,NA,-0.401400794111256,NA,-1.97242337590621,NA,3,0.333333333333333,-1.67401830457362,"-2.16058301150004",-0.0791771875919047,0.738153132044881
"261311",-0.681151836151995,NA,NA,NA,-0.0789136467930435,-0.652912351339696,-1.39303727129761,NA,4,0.25,-0.701503776395586,"-0.843086023464632",-0.0791771875919047,0.738153132044881
"261312",0.0341495847757862,NA,NA,NA,0.114578641597884,NA,-0.342899956694526,NA,3,0.333333333333333,-0.0647239101069519,"0.019580323997154",-0.0791771875919047,0.738153132044881
"261313",-1.93292932277561,NA,NA,NA,-0.530395653038541,NA,-1.68273032360191,NA,3,0.333333333333333,-1.38201843313869,"-1.7650013106868",-0.0791771875919047,0.738153132044881
"261314",NA,NA,NA,NA,NA,NA,NA,NA,0,NA,NA,"NaN",-0.0791771875919047,0.738153132044881
"261316",0.391800295239677,NA,NA,NA,NA,NA,-1.39303727129761,NA,2,0.5,-0.500618488028967,"-0.570940204872609",-0.0791771875919047,0.738153132044881
"261317",0.391800295239677,NA,NA,NA,NA,NA,-0.270476693618452,NA,2,0.5,0.0606618008106128,"0.189444415165084",-0.0791771875919047,0.738153132044881
"261318",0.749451005703569,NA,NA,NA,NA,-0.103020008902567,0.562390831756408,NA,3,0.333333333333333,0.402940609519136,"0.653140623782827",-0.0791771875919047,0.738153132044881
"261319",0.0341495847757862,NA,NA,NA,NA,NA,0.634814094832484,NA,2,0.5,0.334481839804135,"0.560397307060249",-0.0791771875919047,0.738153132044881
"261320",-0.144675770456158,NA,NA,NA,NA,-0.744561075079217,0.0192163586858474,NA,3,0.333333333333333,-0.290006828949843,"-0.285617756269466",-0.0791771875919047,0.738153132044881
"261321",0.212974940007734,NA,NA,NA,0.114578641597884,0.126101800446235,1.06935367328893,NA,4,0.25,0.380752263835196,"0.623081351904549",-0.0791771875919047,0.738153132044881
"261322",-0.323501125688104,NA,NA,NA,NA,NA,-0.0894185359282648,NA,2,0.5,-0.206459830808184,"-0.172433926905753",-0.0791771875919047,0.738153132044881
"261323",NA,NA,NA,NA,NA,NA,-0.0532069043902274,NA,1,1,-0.0532069043902274,"0.0351827853520484",-0.0791771875919047,0.738153132044881
"261324",0.212974940007734,NA,NA,NA,0.437065788916096,NA,0.272697779452109,NA,3,0.333333333333333,0.30757950279198,"0.523951838167327",-0.0791771875919047,0.738153132044881
"261325",-0.323501125688104,NA,NA,NA,NA,NA,0.598602463294446,NA,2,0.5,0.137550668803171,"0.293608259568962",-0.0791771875919047,0.738153132044881
"261327",0.212974940007734,NA,NA,NA,NA,NA,NA,NA,1,1,0.212974940007734,"0.395787967180062",-0.0791771875919047,0.738153132044881
"261328",-0.859977191383941,NA,NA,NA,NA,NA,-0.741227903612937,NA,2,0.5,-0.800602547498439,"-0.977338344291779",-0.0791771875919047,0.738153132044881
"261329",0.212974940007734,NA,NA,NA,NA,-0.607087989469935,-0.849862798227049,NA,3,0.333333333333333,-0.414658615896417,"-0.454487576819107",-0.0791771875919047,0.738153132044881
"261330",0.570625650471623,NA,NA,NA,NA,-2.89830608295797,0.671025726370521,NA,3,0.333333333333333,-0.552218235371941,"-0.640844056936515",-0.0791771875919047,0.738153132044881
"261331",0.391800295239677,NA,NA,NA,NA,-0.652912351339696,-0.198053430542376,NA,3,0.333333333333333,-0.153055162214131,"-0.100084889455884",-0.0791771875919047,0.738153132044881
"261332",0.0341495847757862,NA,NA,NA,NA,NA,0.453755937142296,NA,2,0.5,0.243952760959041,"0.437754626409008",-0.0791771875919047,0.738153132044881
"261333",-0.144675770456158,NA,NA,NA,NA,NA,0.381332674066222,NA,2,0.5,0.118328451805032,"0.267567298467993",-0.0791771875919047,0.738153132044881
"261335",NA,NA,NA,NA,NA,NA,NA,NA,0,NA,NA,"NaN",-0.0791771875919047,0.738153132044881
"261336",0.0341495847757862,NA,NA,NA,NA,NA,0.200274516376035,NA,2,0.5,0.11721205057591,"0.266054873497271",-0.0791771875919047,0.738153132044881
"261337",0.391800295239677,NA,NA,NA,NA,-2.25676501678132,-0.234265062080414,NA,3,0.333333333333333,-0.699743261207352,"-0.840700996412918",-0.0791771875919047,0.738153132044881
"261338",0.749451005703569,NA,NA,NA,NA,0.721818504753124,-0.306688325156488,NA,3,0.333333333333333,0.388193728433401,"0.633162545460675",-0.0791771875919047,0.738153132044881
"261340",NA,NA,NA,NA,NA,NA,NA,NA,0,NA,NA,"NaN",-0.0791771875919047,0.738153132044881
"270003",0.749451005703569,-0.389151749544694,-0.824275347134387,NA,0.114578641597884,-2.76083299734869,0.743448989446595,-1.97470458260021,7,0.142857142857143,-0.620212291411419,"-0.732957810963563",-0.0791771875919047,0.738153132044881
"270004",0.749451005703569,-1.35659000381984,-0.223042825948403,-0.168239978966468,-1.17536994767496,-0.332141818251371,-0.379111588232563,-0.507337157671043,8,0.125,-0.424047789357636,"-0.467207394772339",-0.0791771875919047,0.738153132044881
"270012",-0.859977191383941,-1.23188453750159,-0.996056067473239,-1.84307842126188,-3.62627226729337,-3.26490097791605,-2.26211642821051,-2.62034624956904,8,0.125,-2.0880790175762,"-2.7215244950856",-0.0791771875919047,0.738153132044881
"270014",1.10710171616746,-0.140172323712062,1.15120293676242,0.788810559488052,1.14653751301616,0.309399247925278,0.562390831756408,0.373083297286456,8,0.125,0.662294222336271,"1.0044953787219",-0.0791771875919047,0.738153132044881
"270017",0.0341495847757862,NA,0.37818969523758,NA,NA,-0.0113712851630466,-0.0532069043902274,-0.0377795816937112,5,0.2,0.0619963017532761,"0.191252306894767",-0.0791771875919047,0.738153132044881
"270023",-0.323501125688104,0.572245409476285,0.37818969523758,NA,0.695055506770665,-0.0571956470328073,0.12785125329996,0.314388600289289,7,0.142857142857143,0.24386195605041,"0.437631610052795",-0.0791771875919047,0.738153132044881
"27003F",NA,NA,NA,NA,-0.401400794111256,1.08841339971121,0.779660620984633,NA,3,0.333333333333333,0.488891075528196,"0.769580509055621",-0.0791771875919047,0.738153132044881
"270049",1.6435777818633,-0.521624338332594,0.206408974898728,0.669179242181237,-1.04637508874768,0.263574886055518,0.634814094832484,1.01872496425529,8,0.125,0.358535064625785,"0.592982991219058",-0.0791771875919047,0.738153132044881
"270051",-0.859977191383941,-0.302418881966949,0.893531856254137,1.02807319410168,-0.401400794111256,-1.38610214125587,-0.379111588232563,0.960030267258122,8,0.125,-0.055921909917079,"0.0315046792667564",-0.0791771875919047,0.738153132044881
"270057",1.10710171616746,0.321971463232044,0.979422216423564,NA,1.01754265408888,0.584345419143842,2.0108560932779,-0.624726551665378,7,0.142857142857143,0.770930430095473,"1.15166837446365",-0.0791771875919047,0.738153132044881
"270074",-0.50232648092005,NA,NA,NA,NA,NA,NA,NA,1,1,-0.50232648092005,"-0.573254078264098",-0.0791771875919047,0.738153132044881
"270086",0.0341495847757862,NA,-1.5113982284898,-3.63754818086411,-0.272405935183971,-1.24862905564658,-0.632593008998825,NA,6,0.166666666666667,-1.21140413740125,"-1.53386458806017",-0.0791771875919047,0.738153132044881
"271300",NA,NA,NA,NA,NA,NA,NA,NA,0,NA,NA,"NaN",-0.0791771875919047,0.738153132044881
"271301",-0.859977191383941,NA,NA,NA,NA,NA,NA,NA,1,1,-0.859977191383941,"-1.05777510098618",-0.0791771875919047,0.738153132044881
"271302",NA,NA,NA,NA,NA,NA,NA,NA,0,NA,NA,"NaN",-0.0791771875919047,0.738153132044881
"271303",NA,NA,NA,NA,NA,NA,NA,NA,0,NA,NA,"NaN",-0.0791771875919047,0.738153132044881
"271304",NA,NA,NA,NA,NA,NA,NA,NA,0,NA,NA,"NaN",-0.0791771875919047,0.738153132044881
"271305",NA,NA,NA,NA,NA,NA,NA,NA,0,NA,NA,"NaN",-0.0791771875919047,0.738153132044881
"271306",NA,NA,NA,NA,NA,NA,NA,NA,0,NA,NA,"NaN",-0.0791771875919047,0.738153132044881
"271307",NA,NA,NA,NA,NA,NA,NA,NA,0,NA,NA,"NaN",-0.0791771875919047,0.738153132044881
"271308",NA,NA,NA,NA,NA,NA,NA,NA,0,NA,NA,"NaN",-0.0791771875919047,0.738153132044881
"271309",NA,NA,NA,NA,NA,NA,NA,NA,0,NA,NA,"NaN",-0.0791771875919047,0.738153132044881
"271310",NA,NA,NA,NA,NA,NA,NA,NA,0,NA,NA,"NaN",-0.0791771875919047,0.738153132044881
"271311",NA,NA,NA,NA,NA,NA,NA,NA,0,NA,NA,"NaN",-0.0791771875919047,0.738153132044881
"271312",-0.50232648092005,NA,NA,NA,NA,NA,-0.270476693618452,NA,2,0.5,-0.386401587269251,"-0.416206863237514",-0.0791771875919047,0.738153132044881
"271313",-0.323501125688104,NA,NA,NA,NA,NA,NA,NA,1,1,-0.323501125688104,"-0.330993566903058",-0.0791771875919047,0.738153132044881
"271314",-0.323501125688104,NA,NA,NA,NA,NA,NA,NA,1,1,-0.323501125688104,"-0.330993566903058",-0.0791771875919047,0.738153132044881
"271316",-3.36353216463118,NA,NA,NA,NA,NA,-1.68273032360191,NA,2,0.5,-2.52313124411654,"-3.31090386320551",-0.0791771875919047,0.738153132044881
"271317",-0.681151836151995,NA,NA,NA,-0.594893082502183,0.355223609795039,0.12785125329996,-1.38775761262854,5,0.2,-0.436145533637545,"-0.483596601502919",-0.0791771875919047,0.738153132044881
"271318",-0.859977191383941,NA,NA,NA,NA,-0.790385436948978,-1.24819074514546,NA,3,0.333333333333333,-0.966184457826127,"-1.20165753111008",-0.0791771875919047,0.738153132044881
"271319",NA,NA,NA,NA,NA,NA,NA,NA,0,NA,NA,"NaN",-0.0791771875919047,0.738153132044881
"271320",-1.93292932277561,NA,NA,NA,-2.01383653070232,NA,0.12785125329996,NA,3,0.333333333333333,-1.27297153339266,"-1.61727193718412",-0.0791771875919047,0.738153132044881
"271321",NA,NA,NA,NA,NA,NA,NA,NA,0,NA,NA,"NaN",-0.0791771875919047,0.738153132044881
"271322",0.212974940007734,NA,NA,NA,NA,NA,NA,NA,1,1,0.212974940007734,"0.395787967180062",-0.0791771875919047,0.738153132044881
"271323",-0.681151836151995,NA,NA,NA,NA,NA,NA,NA,1,1,-0.681151836151995,"-0.815514589625137",-0.0791771875919047,0.738153132044881
"271324",NA,NA,NA,NA,NA,NA,NA,NA,0,NA,NA,"NaN",-0.0791771875919047,0.738153132044881
"271325",0.0341495847757862,NA,NA,NA,NA,NA,0.417544305604259,NA,2,0.5,0.225846945190023,"0.41322609027876",-0.0791771875919047,0.738153132044881
"271326",NA,NA,NA,NA,NA,NA,NA,NA,0,NA,NA,"NaN",-0.0791771875919047,0.738153132044881
"271327",NA,NA,NA,NA,NA,NA,NA,NA,0,NA,NA,"NaN",-0.0791771875919047,0.738153132044881
"271328",-1.39645325707978,NA,NA,NA,NA,NA,NA,NA,1,1,-1.39645325707978,"-1.7845566350693",-0.0791771875919047,0.738153132044881
"271329",-0.323501125688104,NA,NA,NA,NA,NA,NA,NA,1,1,-0.323501125688104,"-0.330993566903058",-0.0791771875919047,0.738153132044881
"271330",-0.144675770456158,NA,NA,NA,NA,NA,NA,NA,1,1,-0.144675770456158,"-0.0887330555420189",-0.0791771875919047,0.738153132044881
"271331",NA,NA,NA,NA,NA,NA,NA,NA,0,NA,NA,"NaN",-0.0791771875919047,0.738153132044881
"271332",-1.93292932277561,NA,NA,NA,NA,-1.38610214125587,-1.79136521821602,NA,3,0.333333333333333,-1.70346556074917,"-2.20047616496262",-0.0791771875919047,0.738153132044881
"271333",NA,NA,NA,NA,NA,NA,NA,NA,0,NA,NA,"NaN",-0.0791771875919047,0.738153132044881
"271334",NA,NA,NA,NA,NA,NA,NA,NA,0,NA,NA,"NaN",-0.0791771875919047,0.738153132044881
"271335",0.391800295239677,NA,NA,NA,0.179076071061526,0.171926162315996,0.417544305604259,NA,4,0.25,0.290086708555365,"0.500253782198702",-0.0791771875919047,0.738153132044881
"271336",-3.00588145416729,NA,NA,NA,-2.40082110748417,-2.94413044482773,-0.849862798227049,NA,4,0.25,-2.30017395117656,"-3.0088563838128",-0.0791771875919047,0.738153132044881
"271337",NA,NA,NA,NA,NA,NA,NA,NA,0,NA,NA,"NaN",-0.0791771875919047,0.738153132044881
"271338",NA,NA,NA,NA,NA,NA,NA,NA,0,NA,NA,"NaN",-0.0791771875919047,0.738153132044881
"271339",-0.50232648092005,NA,NA,NA,NA,NA,NA,NA,1,1,-0.50232648092005,"-0.573254078264098",-0.0791771875919047,0.738153132044881
"271340",-0.859977191383941,NA,NA,NA,-0.465898223574898,-1.06533160816754,-1.06713258745527,-0.507337157671043,5,0.2,-0.79313535365054,"-0.967222294486214",-0.0791771875919047,0.738153132044881
"271341",-0.859977191383941,NA,NA,NA,NA,NA,-0.849862798227049,NA,2,0.5,-0.854919994805495,"-1.05092395268252",-0.0791771875919047,0.738153132044881
"271342",NA,NA,NA,NA,NA,NA,NA,NA,0,NA,NA,"NaN",-0.0791771875919047,0.738153132044881
"271343",0.391800295239677,NA,NA,NA,NA,0.171926162315996,NA,NA,2,0.5,0.281863228777837,"0.489113167303868",-0.0791771875919047,0.738153132044881
"271344",-1.93292932277561,NA,NA,NA,-1.36886223606589,-0.0113712851630466,-0.7050162720749,NA,4,0.25,-1.00454477901986,"-1.25362550296907",-0.0791771875919047,0.738153132044881
"271345",0.391800295239677,NA,NA,NA,NA,NA,0.996930410212857,NA,2,0.5,0.694365352726267,"1.04794317972377",-0.0791771875919047,0.738153132044881
"271346",NA,NA,NA,NA,NA,NA,NA,NA,0,NA,NA,"NaN",-0.0791771875919047,0.738153132044881
"271347",0.391800295239677,NA,NA,NA,NA,-2.02764320743252,1.10556530482697,NA,3,0.333333333333333,-0.17675920245529,"-0.132197521932958",-0.0791771875919047,0.738153132044881
"271348",NA,NA,NA,NA,NA,NA,NA,NA,0,NA,NA,"NaN",-0.0791771875919047,0.738153132044881
"271389",NA,NA,NA,NA,NA,NA,NA,NA,0,NA,NA,"NaN",-0.0791771875919047,0.738153132044881
"280003",-0.144675770456158,-0.328740797002981,-2.62797291069234,-1.12529051742099,-0.207908505720328,-0.332141818251371,-0.922286061303123,-1.62253640061721,8,0.125,-0.913944097683062,"-1.13088582009892",-0.0791771875919047,0.738153132044881
"280009",0.0341495847757862,-0.98333661847283,0.549970415576432,-1.60381578664825,0.695055506770665,1.18006212345073,0.996930410212857,-0.0377795816937112,8,0.125,0.10390450674646,"0.248026712060653",-0.0791771875919047,0.738153132044881
"280013",1.6435777818633,-2.56567206826185,1.4088740172707,0.788810559488052,0.82405036569795,1.18006212345073,1.32283509405519,1.19480905524679,8,0.125,0.724668366101357,"1.08899565523267",-0.0791771875919047,0.738153132044881
"280020",1.10710171616746,1.16297822397347,NA,NA,0.243573500525168,-1.3402777793861,0.815872252522671,0.549167388277956,6,0.166666666666667,0.423069217013436,"0.680409501500027",-0.0791771875919047,0.738153132044881
"280023",0.749451005703569,NA,0.464080055407006,NA,-0.78838537089311,-0.332141818251371,0.381332674066222,0.255693903292122,6,0.166666666666667,0.121671741554073,"0.272096561576014",-0.0791771875919047,0.738153132044881
"280032",0.0341495847757862,NA,-1.08194642764267,NA,-2.98129797265695,-3.76896895848342,-1.64651869206387,-1.03558943064554,6,0.166666666666667,-1.74669531611944,"-2.25904091730678",-0.0791771875919047,0.738153132044881
"280040",1.10710171616746,-0.75377499881432,1.15120293676242,0.429916607567607,0.0500812121342405,0.171926162315996,0.489967568680334,0.138304509297789,8,0.125,0.34809071426394,"0.578833690879559",-0.0791771875919047,0.738153132044881
"280059",NA,NA,NA,NA,NA,NA,NA,NA,0,NA,NA,"NaN",-0.0791771875919047,0.738153132044881
"280060",1.10710171616746,-0.996281822588912,0.37818969523758,-1.84307842126188,0.501563218379738,0.492696695404321,-0.632593008998825,-0.859505339654043,8,0.125,-0.23148840841432,"-0.206340953130515",-0.0791771875919047,0.738153132044881
"280061",-1.39645325707978,0.17137558868163,1.06531257659299,NA,-0.78838537089311,-1.06533160816754,0.0192163586858474,0.138304509297789,7,0.142857142857143,-0.265137314697453,"-0.251926218331405",-0.0791771875919047,0.738153132044881
"280065",-0.681151836151995,-1.10761057798721,0.120518614729302,NA,-2.1428313896296,-0.607087989469935,0.345121042528184,-0.74211594565971,7,0.142857142857143,-0.687879725948709,"-0.824629080243197",-0.0791771875919047,0.738153132044881
"28006F",NA,0.696519368990666,1.06531257659299,NA,-0.594893082502183,1.36335957092977,0.779660620984633,NA,5,0.2,0.661991810999176,"1.00408569227072",-0.0791771875919047,0.738153132044881
"280077",-0.50232648092005,NA,-0.480713906456682,NA,-1.82034424231139,-1.89017012182323,-0.379111588232563,0.607862085275123,6,0.166666666666667,-0.744134042411466,"-0.900838628127816",-0.0791771875919047,0.738153132044881
"280081",0.391800295239677,NA,0.206408974898728,NA,-1.23986737713861,-0.92785852255826,-0.234265062080414,0.138304509297789,6,0.166666666666667,-0.277579530390181,"-0.268782091662538",-0.0791771875919047,0.738153132044881
"280105",0.570625650471623,NA,NA,NA,NA,-0.0113712851630466,0.562390831756408,NA,3,0.333333333333333,0.373881732354995,"0.613773619969349",-0.0791771875919047,0.738153132044881
"280111",-0.144675770456158,NA,-0.308933186117829,NA,0.501563218379738,-0.240493094511849,-0.777439535150975,-1.79862049160871,6,0.166666666666667,-0.461433143244297,"-0.517854546784137",-0.0791771875919047,0.738153132044881
"280125",-0.144675770456158,-0.721411988524117,-0.308933186117829,0.0710226556471613,-0.917380229820394,-0.882034160688499,0.12785125329996,-0.976894733648377,8,0.125,-0.469057020038532,"-0.52818286006124",-0.0791771875919047,0.738153132044881
"280127",0.212974940007734,NA,NA,NA,NA,NA,NA,NA,1,1,0.212974940007734,"0.395787967180062",-0.0791771875919047,0.738153132044881
"280128",0.212974940007734,NA,0.292299335068155,-0.766396565500545,NA,-0.423790541990892,NA,NA,4,0.25,-0.171228208103887,"-0.124704504412217",-0.0791771875919047,0.738153132044881
"280129",0.391800295239677,NA,NA,NA,NA,NA,NA,NA,1,1,0.391800295239677,"0.638048478541098",-0.0791771875919047,0.738153132044881
"280130",0.749451005703569,0.601156365335533,0.721751135915285,NA,0.372568359452453,-1.38610214125587,0.308909410990147,-0.213863672685211,7,0.142857142857143,0.164838637636558,"0.330576156403312",-0.0791771875919047,0.738153132044881
"280131",0.212974940007734,NA,NA,NA,NA,NA,NA,NA,1,1,0.212974940007734,"0.395787967180062",-0.0791771875919047,0.738153132044881
"280132",1.46475242663135,NA,0.721751135915285,NA,0.759552936234307,1.18006212345073,1.17798856790304,0.783946176266623,6,0.166666666666667,1.01467556106689,"1.4818778125733",-0.0791771875919047,0.738153132044881
"280133",0.0341495847757862,NA,NA,NA,NA,NA,NA,NA,1,1,0.0341495847757862,"0.153527455819019",-0.0791771875919047,0.738153132044881
"280134",0.212974940007734,0.272348180787065,-0.0512621056095504,0.549547924874422,-0.659390511965826,0.309399247925278,0.888295515598744,0.314388600289289,8,0.125,0.229537723988395,"0.418226108077435",-0.0791771875919047,0.738153132044881
"280139",-0.50232648092005,NA,NA,NA,-0.723887941429468,-0.652912351339696,-1.2844023766835,NA,4,0.25,-0.790882287593178,"-0.964169992789519",-0.0791771875919047,0.738153132044881
"281300",-0.323501125688104,NA,NA,NA,NA,NA,NA,NA,1,1,-0.323501125688104,"-0.330993566903058",-0.0791771875919047,0.738153132044881
"281301",-0.144675770456158,NA,NA,NA,NA,-0.698736713209456,-0.886074429765087,NA,3,0.333333333333333,-0.576495637810234,"-0.673733441786835",-0.0791771875919047,0.738153132044881
"281302",NA,NA,NA,NA,NA,NA,NA,NA,0,NA,NA,"NaN",-0.0791771875919047,0.738153132044881
"281303",NA,NA,NA,NA,NA,NA,NA,NA,0,NA,NA,"NaN",-0.0791771875919047,0.738153132044881
"281304",-0.681151836151995,NA,NA,NA,NA,NA,-0.415323219770601,NA,2,0.5,-0.548237527961298,"-0.635451263439026",-0.0791771875919047,0.738153132044881
"281305",0.0341495847757862,NA,NA,NA,NA,NA,-0.56016974592275,NA,2,0.5,-0.263010080573482,"-0.24904438523794",-0.0791771875919047,0.738153132044881
"281306",-0.859977191383941,NA,NA,NA,NA,NA,NA,NA,1,1,-0.859977191383941,"-1.05777510098618",-0.0791771875919047,0.738153132044881
"281307",-0.681151836151995,NA,NA,NA,NA,NA,-1.39303727129761,NA,2,0.5,-1.0370945537248,"-1.29772173895573",-0.0791771875919047,0.738153132044881
"281308",-0.144675770456158,NA,NA,NA,NA,NA,NA,NA,1,1,-0.144675770456158,"-0.0887330555420189",-0.0791771875919047,0.738153132044881
"281309",-0.859977191383941,NA,NA,NA,NA,NA,-0.849862798227049,NA,2,0.5,-0.854919994805495,"-1.05092395268252",-0.0791771875919047,0.738153132044881
"281310",NA,NA,NA,NA,NA,NA,NA,NA,0,NA,NA,"NaN",-0.0791771875919047,0.738153132044881
"281311",NA,NA,NA,NA,NA,NA,NA,NA,0,NA,NA,"NaN",-0.0791771875919047,0.738153132044881
"281312",NA,NA,NA,NA,NA,NA,NA,NA,0,NA,NA,"NaN",-0.0791771875919047,0.738153132044881
"281313",-0.859977191383941,NA,NA,NA,NA,NA,-1.71894195513995,NA,2,0.5,-1.28945957326194,"-1.63960881980848",-0.0791771875919047,0.738153132044881
"281314",-2.6482307437034,NA,NA,NA,NA,NA,NA,NA,1,1,-2.6482307437034,"-3.48038021459657",-0.0791771875919047,0.738153132044881
"281315",-0.681151836151995,NA,NA,NA,NA,-0.423790541990892,-1.21197911360742,NA,3,0.333333333333333,-0.77230716391677,"-0.939005670008757",-0.0791771875919047,0.738153132044881
"281316",NA,NA,NA,NA,NA,NA,NA,NA,0,NA,NA,"NaN",-0.0791771875919047,0.738153132044881
"281318",-1.75410396754367,NA,NA,NA,NA,NA,NA,NA,1,1,-1.75410396754367,"-2.26907765779137",-0.0791771875919047,0.738153132044881
"281319",-0.681151836151995,NA,NA,NA,NA,NA,-0.958497692841162,NA,2,0.5,-0.819824764496578,"-1.00337930539275",-0.0791771875919047,0.738153132044881
"281320",0.749451005703569,NA,NA,NA,NA,NA,-1.21197911360742,NA,2,0.5,-0.231264053951927,"-0.206037012860328",-0.0791771875919047,0.738153132044881
"281322",-1.75410396754367,NA,NA,NA,NA,-2.11929193117204,-1.21197911360742,-0.683421248662545,4,0.25,-1.44219906524642,"-1.84652996577903",-0.0791771875919047,0.738153132044881
"281323",NA,NA,NA,NA,NA,NA,NA,NA,0,NA,NA,"NaN",-0.0791771875919047,0.738153132044881
"281324",0.0341495847757862,NA,NA,NA,NA,NA,-0.523958114384714,NA,2,0.5,-0.244904264804464,"-0.224515849107693",-0.0791771875919047,0.738153132044881
"281325",-0.859977191383941,NA,NA,NA,NA,NA,NA,NA,1,1,-0.859977191383941,"-1.05777510098618",-0.0791771875919047,0.738153132044881
"281326",0.0341495847757862,NA,NA,NA,NA,NA,NA,NA,1,1,0.0341495847757862,"0.153527455819019",-0.0791771875919047,0.738153132044881
"281327",-1.03880254661589,NA,NA,NA,NA,NA,-0.016995272852189,NA,2,0.5,-0.527898909734038,"-0.607897877367335",-0.0791771875919047,0.738153132044881
"281328",-0.859977191383941,NA,NA,NA,NA,NA,0.707237357908557,NA,2,0.5,-0.0763699167376918,"0.0038031009181469",-0.0791771875919047,0.738153132044881
"281329",0.391800295239677,NA,NA,NA,NA,0.721818504753124,-0.741227903612937,NA,3,0.333333333333333,0.124130298793288,"0.275427248844663",-0.0791771875919047,0.738153132044881
"281331",NA,NA,NA,NA,NA,NA,NA,NA,0,NA,NA,"NaN",-0.0791771875919047,0.738153132044881
"281332",0.212974940007734,NA,NA,NA,NA,NA,-1.03092095591724,NA,2,0.5,-0.408973007954751,"-0.446785099250645",-0.0791771875919047,0.738153132044881
"281333",NA,NA,NA,NA,NA,NA,NA,NA,0,NA,NA,"NaN",-0.0791771875919047,0.738153132044881
"281334",-0.323501125688104,NA,NA,NA,0.759552936234307,-0.148844370772328,-0.270476693618452,NA,4,0.25,0.00418268653885589,"0.112930326394242",-0.0791771875919047,0.738153132044881
"281335",0.391800295239677,NA,NA,NA,NA,NA,-0.0894185359282648,NA,2,0.5,0.151190879655706,"0.312087095816325",-0.0791771875919047,0.738153132044881
"281336",-0.50232648092005,NA,NA,NA,0.0500812121342405,0.171926162315996,0.417544305604259,NA,4,0.25,0.0343062997836115,"0.153739762725299",-0.0791771875919047,0.738153132044881
"281338",0.212974940007734,NA,NA,NA,NA,NA,NA,NA,1,1,0.212974940007734,"0.395787967180062",-0.0791771875919047,0.738153132044881
"281339",0.212974940007734,NA,NA,NA,NA,-1.56939958873491,0.417544305604259,NA,3,0.333333333333333,-0.312960114374305,"-0.316713316835437",-0.0791771875919047,0.738153132044881
"281340",0.0341495847757862,NA,NA,NA,NA,NA,0.12785125329996,NA,2,0.5,0.0810004190378729,"0.216997801236775",-0.0791771875919047,0.738153132044881
"281341",-1.03880254661589,NA,NA,NA,NA,-2.6233599117394,-0.234265062080414,NA,3,0.333333333333333,-1.29880917347857,"-1.65227502660316",-0.0791771875919047,0.738153132044881
"281342",0.212974940007734,NA,NA,NA,NA,0.905115952232167,0.200274516376035,NA,3,0.333333333333333,0.439455136205312,"0.702608037929023",-0.0791771875919047,0.738153132044881
"281343",-0.50232648092005,NA,NA,NA,NA,NA,NA,NA,1,1,-0.50232648092005,"-0.573254078264098",-0.0791771875919047,0.738153132044881
"281344",0.391800295239677,NA,NA,NA,NA,NA,0.417544305604259,NA,2,0.5,0.404672300421968,"0.655486601639799",-0.0791771875919047,0.738153132044881
"281345",-0.681151836151995,NA,NA,NA,NA,-2.6233599117394,-2.80529090128107,NA,3,0.333333333333333,-2.03660088305749,"-2.65178539586088",-0.0791771875919047,0.738153132044881
"281346",NA,NA,NA,NA,NA,NA,NA,NA,0,NA,NA,"NaN",-0.0791771875919047,0.738153132044881
"281347",0.391800295239677,NA,NA,NA,NA,NA,0.96071877867482,NA,2,0.5,0.676259536957249,"1.02341464359352",-0.0791771875919047,0.738153132044881
"281348",0.212974940007734,NA,NA,NA,NA,NA,-0.886074429765087,NA,2,0.5,-0.336549744878676,"-0.348670954729652",-0.0791771875919047,0.738153132044881
"281349",-0.50232648092005,NA,NA,NA,NA,NA,-0.306688325156488,NA,2,0.5,-0.404507403038269,"-0.440735399367761",-0.0791771875919047,0.738153132044881
"281350",-0.144675770456158,NA,NA,NA,NA,NA,0.12785125329996,NA,2,0.5,-0.00841225857809928,"0.0958675455562557",-0.0791771875919047,0.738153132044881
"281351",-0.323501125688104,NA,NA,NA,NA,NA,0.526179200218371,NA,2,0.5,0.101339037265134,"0.244551187308466",-0.0791771875919047,0.738153132044881
"281352",-0.681151836151995,NA,NA,NA,1.08204008355252,-2.11929193117204,-0.487746482846675,NA,4,0.25,-0.551537541654547,"-0.639921899070019",-0.0791771875919047,0.738153132044881
"281353",-1.39645325707978,NA,NA,NA,NA,NA,-1.8637884812921,NA,2,0.5,-1.63012086918594,"-2.10111373137103",-0.0791771875919047,0.738153132044881
"281354",-0.144675770456158,NA,NA,NA,NA,NA,NA,NA,1,1,-0.144675770456158,"-0.0887330555420189",-0.0791771875919047,0.738153132044881
"281355",-0.859977191383941,NA,NA,NA,NA,NA,-2.00863500744424,NA,2,0.5,-1.43430609941409,"-1.83583710885046",-0.0791771875919047,0.738153132044881
"281356",-0.681151836151995,NA,NA,NA,NA,NA,-0.632593008998825,NA,2,0.5,-0.65687242257541,"-0.782622480220515",-0.0791771875919047,0.738153132044881
"281357",-1.03880254661589,NA,NA,NA,NA,NA,-1.35682563975957,NA,2,0.5,-1.19781409318773,"-1.51545371418652",-0.0791771875919047,0.738153132044881
"281358",-0.323501125688104,NA,NA,NA,NA,NA,-0.0894185359282648,NA,2,0.5,-0.206459830808184,"-0.172433926905753",-0.0791771875919047,0.738153132044881
"281359",-1.03880254661589,NA,NA,NA,NA,NA,NA,NA,1,1,-1.03880254661589,"-1.30003561234722",-0.0791771875919047,0.738153132044881
"281360",-0.50232648092005,NA,NA,NA,-1.04637508874768,-0.561263627600174,-0.487746482846675,NA,4,0.25,-0.649427920028645,"-0.772537171056897",-0.0791771875919047,0.738153132044881
"281361",-1.21762790184783,NA,NA,NA,NA,NA,-1.32061400822154,NA,2,0.5,-1.26912095503468,"-1.61205543373679",-0.0791771875919047,0.738153132044881
"281362",-0.859977191383941,NA,NA,NA,NA,-0.332141818251371,-2.33453969128658,NA,3,0.333333333333333,-1.1755529003073,"-1.48529575384736",-0.0791771875919047,0.738153132044881
"281363",-1.03880254661589,NA,NA,NA,-0.0789136467930435,-2.34841374052084,-0.994709324379199,NA,4,0.25,-1.11520981457724,"-1.40354701756159",-0.0791771875919047,0.738153132044881
"281364",0.391800295239677,NA,NA,NA,-0.981877659284037,-1.70687267434419,-2.69665600666696,NA,4,0.25,-1.24840151126388,"-1.58398613094401",-0.0791771875919047,0.738153132044881
"281365",-0.50232648092005,NA,NA,NA,NA,0.492696695404321,-0.632593008998825,NA,3,0.333333333333333,-0.214074264838185,"-0.182749447763744",-0.0791771875919047,0.738153132044881
"290001",0.928276360935514,-2.47807618707636,0.635860775745859,0.788810559488052,-1.11087251821132,-0.148844370772328,-0.016995272852189,-0.683421248662545,8,0.125,-0.260657737675665,"-0.245857589984088",-0.0791771875919047,0.738153132044881
"290003",1.2859270713994,1.14442343140708,0.292299335068155,-0.168239978966468,-1.36886223606589,1.50083265653905,0.200274516376035,-0.624726551665378,8,0.125,0.282741030511499,"0.490302353795877",-0.0791771875919047,0.738153132044881
"290005",-0.323501125688104,NA,NA,NA,0.56606064784338,1.36335957092977,0.381332674066222,NA,4,0.25,0.496812941787818,"0.780312518330819",-0.0791771875919047,0.738153132044881
"290007",0.212974940007734,-0.173829854413874,-0.223042825948403,0.429916607567607,0.82405036569795,1.08841339971121,-0.342899956694526,0.607862085275123,8,0.125,0.302930595150353,"0.517653812134776",-0.0791771875919047,0.738153132044881
"290008",0.570625650471623,NA,-0.652494626795534,NA,-0.336903364647613,-0.698736713209456,-0.596381377460788,-0.389947763676711,6,0.166666666666667,-0.350639699219747,"-0.36775907307447",-0.0791771875919047,0.738153132044881
"290009",1.2859270713994,-0.531548994821589,0.721751135915285,NA,0.501563218379738,0.721818504753124,0.743448989446595,-0.213863672685211,7,0.142857142857143,0.461299464626764,"0.732201258458938",-0.0791771875919047,0.738153132044881
"290012",NA,NA,NA,NA,NA,NA,NA,NA,0,NA,NA,"NaN",-0.0791771875919047,0.738153132044881
"290019",0.212974940007734,-0.613966794360641,-1.68317894882865,0.0710226556471613,0.243573500525168,0.0344530767067141,0.0916396217619223,-0.859505339654043,8,0.125,-0.312873411024329,"-0.316595856993824",-0.0791771875919047,0.738153132044881
"290021",-0.50232648092005,0.552827603302162,0.979422216423564,-0.766396565500545,-0.014416217329402,0.263574886055518,0.852083884060707,-1.32906291563138,8,0.125,0.00446330130757212,"0.113310484326972",-0.0791771875919047,0.738153132044881
"29002F",NA,NA,-0.0512621056095504,NA,0.82405036569795,1.18006212345073,1.90222119866379,NA,4,0.25,0.96376789555073,"1.41291154621725",-0.0791771875919047,0.738153132044881
"290032",0.391800295239677,NA,-1.42550786832037,NA,-1.17536994767496,-0.607087989469935,-0.994709324379199,-0.155168975688045,6,0.166666666666667,-0.661007301715473,"-0.788224135162502",-0.0791771875919047,0.738153132044881
"290039",2.00122849232719,-0.192384646980257,2.18188725879553,0.190653972953976,-0.852882800356752,2.46314425580403,1.14177693636501,-0.800810642656877,8,0.125,0.76657660328148,"1.14577010400325",-0.0791771875919047,0.738153132044881
"290041",-0.144675770456158,0.433731725434214,-0.996056067473239,-0.407502613580099,1.01754265408888,0.584345419143842,1.21420019944108,1.31219844924112,8,0.125,0.376722999479955,"0.617622776738608",-0.0791771875919047,0.738153132044881
"290045",-0.50232648092005,0.675375535601066,-0.137152465778977,-1.60381578664825,-0.336903364647613,0.171926162315996,0.453755937142296,0.783946176266623,8,0.125,-0.0618992858336136,"0.0234069341552839",-0.0791771875919047,0.738153132044881
"290046",-0.681151836151995,0.951108383273599,-0.738384986964961,0.908441876794867,1.01754265408888,-0.423790541990892,-0.234265062080414,-2.85512503755771,8,0.125,-0.256953068823579,"-0.240838754878933",-0.0791771875919047,0.738153132044881
"290047",0.749451005703569,2.40053973747085,0.37818969523758,NA,0.179076071061526,1.77577882775762,0.779660620984633,-0.74211594565971,7,0.142857142857143,0.788654287508009,"1.17567945921436",-0.0791771875919047,0.738153132044881
"290049",0.212974940007734,-0.277822994146394,NA,NA,-2.07833396016596,0.44687233353456,-0.306688325156488,0.373083297286456,6,0.166666666666667,-0.271652451440015,"-0.26075248548347",-0.0791771875919047,0.738153132044881
"29004F",NA,-0.175124374825482,0.120518614729302,NA,1.46902466033437,1.54665701840882,1.35904672559323,NA,5,0.2,0.864024528848048,"1.2777859708148",-0.0791771875919047,0.738153132044881
"290053",0.0341495847757862,0.132108469529517,0.206408974898728,-0.646765248193729,0.630558077307023,-0.240493094511849,-1.68273032360191,0.196999206294956,8,0.125,-0.171220544187685,"-0.124694121856254",-0.0791771875919047,0.738153132044881
"290054",0.212974940007734,0.165334493427459,-0.996056067473239,NA,-1.30436480660225,-0.423790541990892,-0.596381377460788,-1.73992579461154,7,0.142857142857143,-0.668887022100503,"-0.798899048053816",-0.0791771875919047,0.738153132044881
"290057",0.212974940007734,0.218409830303393,-0.394823546287255,NA,0.888547795161592,0.44687233353456,0.743448989446595,-0.507337157671043,7,0.142857142857143,0.229727597785082,"0.418483336270942",-0.0791771875919047,0.738153132044881
"290058",0.212974940007734,NA,NA,NA,NA,NA,0.743448989446595,NA,2,0.5,0.478211964727165,"0.755113171131514",-0.0791771875919047,0.738153132044881
"291300",-1.39645325707978,NA,NA,NA,NA,NA,NA,NA,1,1,-1.39645325707978,"-1.7845566350693",-0.0791771875919047,0.738153132044881
"291301",NA,NA,NA,NA,NA,NA,NA,NA,0,NA,NA,"NaN",-0.0791771875919047,0.738153132044881
"291302",-0.50232648092005,NA,NA,NA,0.82405036569795,NA,NA,NA,2,0.5,0.16086194238895,"0.325188798313275",-0.0791771875919047,0.738153132044881
"291303",NA,NA,NA,NA,NA,NA,NA,NA,0,NA,NA,"NaN",-0.0791771875919047,0.738153132044881
"291304",NA,NA,NA,NA,NA,NA,NA,NA,0,NA,NA,"NaN",-0.0791771875919047,0.738153132044881
"291306",0.391800295239677,NA,NA,NA,0.759552936234307,-0.194668732642089,1.39525835713127,NA,4,0.25,0.587985713990791,"0.903827231260913",-0.0791771875919047,0.738153132044881
"291307",-0.859977191383941,NA,NA,NA,-0.401400794111256,0.492696695404321,-2.33453969128658,NA,4,0.25,-0.775805245344365,"-0.943744634426484",-0.0791771875919047,0.738153132044881
"291308",-1.93292932277561,NA,NA,NA,-0.659390511965826,-0.148844370772328,-1.21197911360742,NA,4,0.25,-0.988285829780298,"-1.23159897685446",-0.0791771875919047,0.738153132044881
"291309",0.391800295239677,NA,NA,NA,NA,NA,NA,NA,1,1,0.391800295239677,"0.638048478541098",-0.0791771875919047,0.738153132044881
"291311",-1.39645325707978,NA,NA,NA,0.179076071061526,0.309399247925278,-0.523958114384714,NA,4,0.25,-0.357984013119422,"-0.377708653426895",-0.0791771875919047,0.738153132044881
"291312",-2.6482307437034,NA,NA,NA,NA,NA,-1.39303727129761,NA,2,0.5,-2.0206340075005,"-2.63015455144144",-0.0791771875919047,0.738153132044881
"291313",0.0341495847757862,NA,NA,NA,-1.82034424231139,-0.744561075079217,-1.39303727129761,NA,4,0.25,-0.980948250978108,"-1.22165852075715",-0.0791771875919047,0.738153132044881
"291314",NA,NA,NA,NA,NA,NA,NA,NA,0,NA,NA,"NaN",-0.0791771875919047,0.738153132044881
"300001",0.749451005703569,-0.764562668911055,-0.0512621056095504,-0.766396565500545,-0.723887941429468,-0.92785852255826,-0.0532069043902274,-1.27036821863421,8,0.125,-0.476011490166218,"-0.537604306405877",-0.0791771875919047,0.738153132044881
"300003",1.82240313709524,-1.38075438483653,0.464080055407006,0.310285290260791,1.01754265408888,0.492696695404321,0.562390831756408,-0.859505339654043,8,0.125,0.303642367440259,"0.51861807315191",-0.0791771875919047,0.738153132044881
"300005",0.570625650471623,NA,1.15120293676242,NA,1.40452723087073,-0.744561075079217,0.345121042528184,0.490472691280789,6,0.166666666666667,0.536231412805754,"0.833714000092113",-0.0791771875919047,0.738153132044881
"300011",-0.50232648092005,-0.688185964626174,-0.223042825948403,NA,-0.78838537089311,-0.790385436948978,-1.13955585053135,0.607862085275123,7,0.142857142857143,-0.50343140637042,"-0.574750956624974",-0.0791771875919047,0.738153132044881
"300012",-0.681151836151995,-0.202740810273122,-1.42550786832037,NA,-0.723887941429468,-0.836209798818738,-0.234265062080414,-1.38775761262854,7,0.142857142857143,-0.784502989957522,"-0.955527751283364",-0.0791771875919047,0.738153132044881
"300014",0.928276360935514,NA,NA,NA,-0.0789136467930435,-0.652912351339696,0.489967568680334,0.0209151153034555,5,0.2,0.141466609357313,"0.298913311304357",-0.0791771875919047,0.738153132044881
"300017",1.46475242663135,NA,1.23709329693184,NA,0.372568359452453,0.996764675971688,1.68495140943557,-0.448642460673878,6,0.166666666666667,0.884581284624837,"1.30563487490309",-0.0791771875919047,0.738153132044881
"300018",1.82240313709524,0.525642674658391,0.635860775745859,NA,0.437065788916096,0.355223609795039,-0.125630167466301,1.01872496425529,7,0.142857142857143,0.667041540428516,"1.01092672458518",-0.0791771875919047,0.738153132044881
"300019",0.391800295239677,NA,0.807641496084711,NA,-0.014416217329402,0.171926162315996,0.0554279902238849,-1.68123109761438,6,0.166666666666667,-0.0448085618465849,"0.0465602925101862",-0.0791771875919047,0.738153132044881
"300020",0.391800295239677,-1.4446173918092,-1.08194642764267,NA,-1.43335966552953,0.721818504753124,0.779660620984633,-1.03558943064554,7,0.142857142857143,-0.443176213521358,"-0.493121291677079",-0.0791771875919047,0.738153132044881
"300023",-0.323501125688104,NA,-0.0512621056095504,NA,-0.0789136467930435,-0.423790541990892,0.0554279902238849,0.549167388277956,6,0.166666666666667,-0.0454786735966249,"0.0456524703782343",-0.0791771875919047,0.738153132044881
"300029",0.749451005703569,-0.740398287894369,0.807641496084711,0.669179242181237,-0.659390511965826,-0.92785852255826,-0.0532069043902274,-1.56384170362004,8,0.125,-0.214803023307401,"-0.183736720509167",-0.0791771875919047,0.738153132044881
"300034",1.6435777818633,-0.744281849129194,0.979422216423564,1.26733582871531,1.34002980140709,1.63830574214834,1.46768162020734,0.960030267258122,8,0.125,1.06901267611173,"1.55549006548661",-0.0791771875919047,0.738153132044881
"301300",0.570625650471623,NA,NA,NA,NA,NA,NA,NA,1,1,0.570625650471623,"0.880308989902137",-0.0791771875919047,0.738153132044881
"301301",-1.21762790184783,NA,NA,NA,NA,-1.01950724629778,-1.10334421899331,NA,3,0.333333333333333,-1.11349312237964,"-1.40122135893728",-0.0791771875919047,0.738153132044881
"301302",-0.50232648092005,NA,NA,NA,-1.04637508874768,-1.29445341751635,-0.741227903612937,-0.859505339654043,5,0.2,-0.888777646090211,"-1.09679201151054",-0.0791771875919047,0.738153132044881
"301303",0.0341495847757862,NA,NA,NA,NA,NA,-0.922286061303123,NA,2,0.5,-0.444068238263669,"-0.494329746540421",-0.0791771875919047,0.738153132044881
"301304",-0.323501125688104,NA,NA,NA,0.372568359452453,0.0344530767067141,0.0192163586858474,NA,4,0.25,0.0256841672892276,"0.142059080059226",-0.0791771875919047,0.738153132044881
"301305",0.570625650471623,NA,NA,NA,NA,1.77577882775762,1.64873977789753,NA,3,0.333333333333333,1.33171475204226,"1.91138109205825",-0.0791771875919047,0.738153132044881
"301306",0.391800295239677,NA,NA,NA,NA,NA,0.707237357908557,NA,2,0.5,0.549518826574117,"0.851714890681784",-0.0791771875919047,0.738153132044881
"301307",-0.144675770456158,NA,NA,NA,0.0500812121342405,0.263574886055518,0.345121042528184,0.196999206294956,5,0.2,0.142220115311348,"0.299934110270484",-0.0791771875919047,0.738153132044881
"301308",-2.2905800332395,NA,NA,NA,-0.852882800356752,-0.469614903860653,-1.39303727129761,NA,4,0.25,-1.25152875218863,"-1.58822270569929",-0.0791771875919047,0.738153132044881
"301309",0.0341495847757862,NA,NA,NA,-0.465898223574898,-0.607087989469935,-1.24819074514546,-0.507337157671043,5,0.2,-0.55887290621711,"-0.649859355465066",-0.0791771875919047,0.738153132044881
"301310",-0.681151836151995,NA,NA,NA,-1.6913493833841,-0.698736713209456,-2.11726990205836,NA,4,0.25,-1.29712695870098,"-1.64999607565849",-0.0791771875919047,0.738153132044881
"301311",0.570625650471623,NA,NA,NA,0.695055506770665,0.217750524185757,-0.016995272852189,-1.27036821863421,5,0.2,0.0392136379883292,"0.160387893027372",-0.0791771875919047,0.738153132044881
"301312",-1.03880254661589,NA,NA,NA,-0.723887941429468,-0.698736713209456,0.308909410990147,-0.155168975688045,5,0.2,-0.461537353190542,"-0.517995723379779",-0.0791771875919047,0.738153132044881
"310001",1.82240313709524,0.459622133666376,2.01010653845668,1.26733582871531,1.6625169487253,1.59248138027858,2.26433751404417,1.66436663122412,8,0.125,1.59289626402572,"2.26521216131067",-0.0791771875919047,0.738153132044881
"310002",0.0341495847757862,-0.985925659296047,-0.480713906456682,0.0710226556471613,0.437065788916096,-0.377966180121132,-0.668804640536862,-0.272558369682376,8,0.125,-0.280466340844257,"-0.272692947457566",-0.0791771875919047,0.738153132044881
"310003",0.391800295239677,NA,-0.824275347134387,NA,0.82405036569795,1.6841301040181,0.417544305604259,1.25350375224396,6,0.166666666666667,0.624458912611592,"0.953238656935909",-0.0791771875919047,0.738153132044881
"310005",0.928276360935514,0.397485153909186,0.464080055407006,NA,1.34002980140709,0.309399247925278,2.04706772481594,1.01872496425529,7,0.142857142857143,0.929294758379329,"1.3662096686869",-0.0791771875919047,0.738153132044881
"310006",0.570625650471623,NA,0.893531856254137,NA,-0.594893082502183,0.767642866622885,0.489967568680334,-0.624726551665378,6,0.166666666666667,0.250358051310236,"0.44643208109033",-0.0791771875919047,0.738153132044881
"310008",0.928276360935514,0.706012518675792,0.206408974898728,NA,1.40452723087073,0.538521057274082,0.562390831756408,0.314388600289289,7,0.142857142857143,0.665789367814363,"1.00923036571356",-0.0791771875919047,0.738153132044881
"310009",-0.144675770456158,-1.34019274527281,-1.76906930899807,NA,-0.207908505720328,0.309399247925278,-0.596381377460788,1.42958784323546,7,0.142857142857143,-0.331320088106775,"-0.341586169005836",-0.0791771875919047,0.738153132044881
"310010",1.10710171616746,-0.295946279908908,0.37818969523758,NA,0.0500812121342405,0.538521057274082,1.06935367328893,1.95784011620996,7,0.142857142857143,0.686448741486192,"1.03721828959407",-0.0791771875919047,0.738153132044881
"310011",-0.323501125688104,NA,0.464080055407006,NA,0.953045224625234,-0.92785852255826,0.671025726370521,0.549167388277956,6,0.166666666666667,0.230993124405725,"0.420197786248466",-0.0791771875919047,0.738153132044881
"310012",2.00122849232719,-1.86490501877797,-0.910165707303813,0.429916607567607,0.179076071061526,-1.15698033190706,-0.016995272852189,0.725251479269456,8,0.125,-0.0766967100769077,"0.00336038337753223",-0.0791771875919047,0.738153132044881
"310014",0.570625650471623,-1.22886398987451,-0.652494626795534,1.02807319410168,-0.272405935183971,1.04258903784145,0.417544305604259,0.549167388277956,8,0.125,0.18177937805537,"0.353526327151597",-0.0791771875919047,0.738153132044881
"310015",3.43183133418275,0.918313866179527,1.32298365710127,1.02807319410168,1.08204008355252,1.18006212345073,1.28662346251716,2.01653481320712,8,0.125,1.53330781678659,"2.1844857582755",-0.0791771875919047,0.738153132044881
"310016",0.212974940007734,NA,1.06531257659299,NA,-0.014416217329402,-0.469614903860653,0.308909410990147,0.255693903292122,6,0.166666666666667,0.226476618282156,"0.414079128848669",-0.0791771875919047,0.738153132044881
"310017",1.46475242663135,0.224019418753694,0.292299335068155,NA,-0.014416217329402,1.27171084719025,-0.0894185359282648,1.48828254023262,7,0.142857142857143,0.662461402088344,"1.00472186255677",-0.0791771875919047,0.738153132044881
"310019",0.391800295239677,-0.971685934768357,-1.08194642764267,-0.287871296273283,0.56606064784338,0.950940314101927,0.598602463294446,0.138304509297789,8,0.125,0.0380255713866143,"0.158778380650958",-0.0791771875919047,0.738153132044881
"31001F",NA,NA,0.549970415576432,NA,1.59801951926166,1.95907627523666,0.815872252522671,NA,4,0.25,1.23073461564936,"1.77458002462505",-0.0791771875919047,0.738153132044881
"310022",0.391800295239677,0.00567697599578804,-1.76906930899807,NA,0.179076071061526,0.309399247925278,-0.234265062080414,1.13611435824962,7,0.142857142857143,0.00267608248477203,"0.110889280995017",-0.0791771875919047,0.738153132044881
"310024",-0.323501125688104,0.504930348072662,0.979422216423564,NA,-0.530395653038541,0.0802774385764748,-0.922286061303123,1.07741966125246,7,0.142857142857143,0.123695260613627,"0.274837888506306",-0.0791771875919047,0.738153132044881
"310025",0.0341495847757862,0.354334473522248,-0.996056067473239,NA,1.53352208979802,0.171926162315996,0.308909410990147,-0.976894733648377,7,0.142857142857143,0.0614129886115109,"0.190462073653936",-0.0791771875919047,0.738153132044881
"310027",0.0341495847757862,NA,NA,NA,0.372568359452453,-2.21094065491156,-0.7050162720749,0.431777994283622,5,0.2,-0.415492197694919,"-0.455616857130081",-0.0791771875919047,0.738153132044881
"310028",1.6435777818633,0.604608419766488,1.66654509777897,NA,0.888547795161592,0.171926162315996,0.815872252522671,1.19480905524679,7,0.142857142857143,0.997983794950829,"1.45926493539181",-0.0791771875919047,0.738153132044881
"310029",-0.681151836151995,-1.49078861982322,-0.480713906456682,0.669179242181237,0.695055506770665,-0.561263627600174,-0.198053430542376,-0.624726551665378,8,0.125,-0.334057902910991,"-0.345295175559302",-0.0791771875919047,0.738153132044881
"310031",-1.57527861231172,-1.12832290457294,0.549970415576432,0.190653972953976,0.30807092998881,0.721818504753124,0.417544305604259,NA,7,0.142857142857143,-0.0736490554297233,"0.00748914002012964",-0.0791771875919047,0.738153132044881
"310032",0.212974940007734,-0.117302463106985,0.206408974898728,NA,1.27553237194345,0.0802774385764748,0.0192163586858474,0.725251479269456,7,0.142857142857143,0.3431941571821,"0.572200166114481",-0.0791771875919047,0.738153132044881
"310034",0.391800295239677,0.498457746014621,-1.42550786832037,NA,-0.272405935183971,0.492696695404321,0.707237357908557,0.138304509297789,7,0.142857142857143,0.0757975429086605,"0.209949296118603",-0.0791771875919047,0.738153132044881
"310038",0.928276360935514,0.127361894686954,0.807641496084711,0.669179242181237,1.6625169487253,0.44687233353456,-0.125630167466301,-1.09428412764271,8,0.125,0.427741747629908,"0.686739530343132",-0.0791771875919047,0.738153132044881
"310039",-0.144675770456158,0.313341327154657,0.979422216423564,NA,1.14653751301616,-0.148844370772328,0.743448989446595,0.431777994283622,7,0.142857142857143,0.474429699870873,"0.749989214201584",-0.0791771875919047,0.738153132044881
"310040",-0.144675770456158,NA,NA,NA,NA,0.171926162315996,0.164062884837997,NA,3,0.333333333333333,0.0637710922326117,"0.193656673146548",-0.0791771875919047,0.738153132044881
"310041",-0.50232648092005,-1.89597350865657,-1.94085002933693,NA,0.372568359452453,-0.607087989469935,-0.958497692841162,-0.800810642656877,7,0.142857142857143,-0.904711140632724,"-1.1183776335865",-0.0791771875919047,0.738153132044881
"310044",-0.859977191383941,-0.698973634722909,-0.223042825948403,NA,0.888547795161592,-1.89017012182323,-0.632593008998825,0.373083297286456,7,0.142857142857143,-0.434732241489895,"-0.481681968771179",-0.0791771875919047,0.738153132044881
"310045",0.928276360935514,0.320245436016567,1.7524354579484,1.02807319410168,1.46902466033437,0.630169781013603,0.164062884837997,-2.20948337058888,8,0.125,0.510350550574907,"0.798652356230832",-0.0791771875919047,0.738153132044881
"310047",-0.681151836151995,-0.156138075455229,0.549970415576432,NA,-1.6913493833841,0.355223609795039,0.417544305604259,-0.331253066679545,7,0.142857142857143,-0.219593432956449,"-0.190226443902709",-0.0791771875919047,0.738153132044881
"310048",0.749451005703569,-0.976001002807051,-0.0512621056095504,NA,-0.0789136467930435,-0.103020008902567,-1.24819074514546,-0.389947763676711,7,0.142857142857143,-0.299697752461545,"-0.298746364807448",-0.0791771875919047,0.738153132044881
"310050",-0.144675770456158,-0.880206492348049,-0.137152465778977,NA,0.630558077307023,0.0344530767067141,-1.06713258745527,-0.976894733648377,7,0.142857142857143,-0.363007270810443,"-0.384513823618486",-0.0791771875919047,0.738153132044881
"310051",2.35887920279108,0.963190573781942,0.893531856254137,NA,1.34002980140709,0.538521057274082,0.815872252522671,0.783946176266623,7,0.142857142857143,1.09913870289966,"1.59630277152292",-0.0791771875919047,0.738153132044881
"310052",0.928276360935514,1.16340973077733,0.292299335068155,NA,1.14653751301616,0.859291590362406,0.924507147136782,1.42958784323546,7,0.142857142857143,0.963415645790259,"1.41243434203673",-0.0791771875919047,0.738153132044881
"310054",0.212974940007734,1.19447822065593,0.292299335068155,NA,-0.014416217329402,0.859291590362406,0.671025726370521,0.960030267258122,7,0.142857142857143,0.596526266056209,"0.915397394272698",-0.0791771875919047,0.738153132044881
"310057",-1.57527861231172,-1.33587767723411,-0.824275347134387,NA,0.30807092998881,-0.240493094511849,0.272697779452109,1.60567193422696,7,0.142857142857143,-0.255640583932028,"-0.239060689008083",-0.0791771875919047,0.738153132044881
"310058",0.212974940007734,NA,NA,NA,NA,NA,-0.0532069043902274,NA,2,0.5,0.0798840178087535,"0.215485376266055",-0.0791771875919047,0.738153132044881
"310060",1.10710171616746,NA,NA,NA,0.372568359452453,0.905115952232167,0.453755937142296,0.725251479269456,5,0.2,0.712758688852766,"1.07286122901192",-0.0791771875919047,0.738153132044881
"310061",-0.859977191383941,NA,-0.566604266626108,NA,0.630558077307023,0.126101800446235,-0.306688325156488,-0.331253066679545,6,0.166666666666667,-0.217977162015471,"-0.188036829213273",-0.0791771875919047,0.738153132044881
"310064",0.928276360935514,1.0736563155725,1.32298365710127,0.310285290260791,0.437065788916096,0.44687233353456,0.888295515598744,-0.272558369682376,8,0.125,0.641859611529638,"0.976811948388106",-0.0791771875919047,0.738153132044881
"310069",0.928276360935514,-0.441795579616758,-0.480713906456682,NA,0.56606064784338,-0.148844370772328,0.707237357908557,1.78175602521846,7,0.142857142857143,0.415996647865734,"0.67082806258083",-0.0791771875919047,0.738153132044881
"310070",-1.03880254661589,-0.243302449836843,0.979422216423564,NA,-0.465898223574898,1.08841339971121,0.815872252522671,-2.03339927959738,7,0.142857142857143,-0.128242090138223,"-0.0664698155657694",-0.0791771875919047,0.738153132044881
"310073",0.212974940007734,1.82188911348201,0.979422216423564,1.26733582871531,0.695055506770665,1.04258903784145,1.28662346251716,0.901335570260955,8,0.125,1.02590320950236,"1.49708827223004",-0.0791771875919047,0.738153132044881
"310074",0.391800295239677,-1.79586393015887,-1.33961750815094,0.788810559488052,-1.43335966552953,1.04258903784145,-1.06713258745527,0.255693903292122,8,0.125,-0.394634986929165,"-0.427360916918904",-0.0791771875919047,0.738153132044881
"310075",1.10710171616746,-0.480199685161133,-0.308933186117829,NA,0.179076071061526,-0.973682884428019,-0.306688325156488,-1.44645230962571,7,0.142857142857143,-0.318539800465742,"-0.324272298636381",-0.0791771875919047,0.738153132044881
"310076",0.749451005703569,-2.31669264242921,0.206408974898728,-0.287871296273283,0.437065788916096,0.355223609795039,-0.596381377460788,0.196999206294956,8,0.125,-0.156974591319362,"-0.105394667244638",-0.0791771875919047,0.738153132044881
"310083",-0.144675770456158,NA,NA,NA,NA,0.309399247925278,0.598602463294446,NA,3,0.333333333333333,0.254441980254522,"0.451964712148837",-0.0791771875919047,0.738153132044881
"310084",-0.144675770456158,NA,-1.5113982284898,NA,-1.11087251821132,-0.194668732642089,1.14177693636501,0.431777994283622,6,0.166666666666667,-0.231343386525123,"-0.206144487271465",-0.0791771875919047,0.738153132044881
"310086",0.212974940007734,-0.0668161670542669,1.23709329693184,NA,1.27553237194345,-0.148844370772328,0.634814094832484,0.314388600289289,7,0.142857142857143,0.494163252311172,"0.776722898018153",-0.0791771875919047,0.738153132044881
"310092",0.212974940007734,0.285293384903147,-0.824275347134387,NA,0.695055506770665,0.355223609795039,-1.8637884812921,-0.448642460673878,7,0.142857142857143,-0.226879835374825,"-0.200097569692273",-0.0791771875919047,0.738153132044881
"310096",0.570625650471623,NA,NA,NA,0.179076071061526,1.31753520906001,1.06935367328893,NA,4,0.25,0.784147650970523,"1.16957417246309",-0.0791771875919047,0.738153132044881
"310108",-0.681151836151995,1.95824526350473,-0.223042825948403,NA,1.34002980140709,0.0802774385764748,-0.379111588232563,1.66436663122412,7,0.142857142857143,0.537087554911351,"0.834873843583158",-0.0791771875919047,0.738153132044881
"310110",0.749451005703569,1.30278642842714,0.635860775745859,NA,1.08204008355252,0.767642866622885,-0.777439535150975,-0.0964742786908779,7,0.142857142857143,0.52340962088716,"0.81634390253109",-0.0791771875919047,0.738153132044881
"310111",1.6435777818633,-0.487966807630782,1.4088740172707,NA,0.372568359452453,0.492696695404321,0.743448989446595,2.01653481320712,7,0.142857142857143,0.884247692716243,"1.30518294711993",-0.0791771875919047,0.738153132044881
"310112",-0.144675770456158,1.60829324556667,0.549970415576432,NA,0.695055506770665,1.08841339971121,0.345121042528184,0.783946176266623,7,0.142857142857143,0.703732002280517,"1.06063248380936",-0.0791771875919047,0.738153132044881
"310113",0.391800295239677,0.78368374337228,0.549970415576432,NA,1.40452723087073,0.0802774385764748,0.272697779452109,0.138304509297789,7,0.142857142857143,0.517323058912213,"0.808098239523354",-0.0791771875919047,0.738153132044881
"310115",0.212974940007734,-0.390877776760172,-0.137152465778977,NA,1.14653751301616,-0.148844370772328,0.0554279902238849,-0.507337157671043,7,0.142857142857143,0.0329612388950373,"0.151917565094236",-0.0791771875919047,0.738153132044881
"310118",-0.144675770456158,NA,NA,NA,0.114578641597884,-0.377966180121132,-2.33453969128658,NA,4,0.25,-0.685650750066497,"-0.821609414288468",-0.0791771875919047,0.738153132044881
"310119",0.212974940007734,0.26932763315998,NA,NA,-0.0789136467930435,-0.103020008902567,0.526179200218371,-1.56384170362004,6,0.166666666666667,-0.122882264321595,"-0.0592086856132623",-0.0791771875919047,0.738153132044881
"310130",0.212974940007734,NA,-1.8549596691675,NA,1.14653751301616,0.767642866622885,0.345121042528184,1.19480905524679,6,0.166666666666667,0.302020958042375,"0.51642149722817",-0.0791771875919047,0.738153132044881
"320001",0.570625650471623,-1.00922702670499,0.893531856254137,NA,1.72701437818894,0.4010479716648,-0.0532069043902274,-0.331253066679545,7,0.142857142857143,0.314076122686391,"0.532753019944357",-0.0791771875919047,0.738153132044881
"320002",1.10710171616746,0.580012531945933,1.32298365710127,NA,-0.207908505720328,1.22588648532049,0.96071877867482,0.255693903292122,7,0.142857142857143,0.749212652397395,"1.12224659630508",-0.0791771875919047,0.738153132044881
"320004",-0.50232648092005,NA,-0.566604266626108,NA,-0.530395653038541,-1.29445341751635,-0.7050162720749,-0.272558369682376,6,0.166666666666667,-0.64522574330972,"-0.766844345901114",-0.0791771875919047,0.738153132044881
"320005",0.212974940007734,-0.00683672131642364,-0.137152465778977,NA,-2.33632367802053,-0.607087989469935,-0.0894185359282648,-1.50514700662288,7,0.142857142857143,-0.638427351018467,"-0.757634343265998",-0.0791771875919047,0.738153132044881
"320006",-2.6482307437034,NA,-0.223042825948403,NA,-1.82034424231139,-0.836209798818738,-1.5740954289878,0.666556782272289,6,0.166666666666667,-1.07256104291624,"-1.34576934270047",-0.0791771875919047,0.738153132044881
"320009",0.212974940007734,-1.7531447565758,0.635860775745859,-0.88602788280736,-0.207908505720328,0.126101800446235,0.0554279902238849,0.255693903292122,8,0.125,-0.195127716923457,"-0.157081944515142",-0.0791771875919047,0.738153132044881
"320011",0.0341495847757862,NA,NA,NA,NA,NA,0.743448989446595,NA,2,0.5,0.38879928711119,"0.633982915450993",-0.0791771875919047,0.738153132044881
"320017",-0.144675770456158,NA,NA,NA,NA,0.950940314101927,0.634814094832484,NA,3,0.333333333333333,0.480359546159418,"0.758022569383749",-0.0791771875919047,0.738153132044881
"320018",-1.21762790184783,-0.162610677513269,-0.910165707303813,0.549547924874422,-0.530395653038541,-0.28631745638161,-1.90000011283014,-0.683421248662545,8,0.125,-0.642623854087915,"-0.763319482144733",-0.0791771875919047,0.738153132044881
"320021",0.570625650471623,1.16297822397347,0.464080055407006,0.310285290260791,1.59801951926166,0.996764675971688,0.888295515598744,-2.56165155257188,8,0.125,0.428674672296637,"0.688003393661228",-0.0791771875919047,0.738153132044881
"320022",0.749451005703569,NA,NA,NA,0.56606064784338,-0.973682884428019,-0.596381377460788,-1.21167352163704,5,0.2,-0.29324522599578,"-0.290004917828974",-0.0791771875919047,0.738153132044881
"320030",0.0341495847757862,NA,NA,NA,NA,NA,0.489967568680334,NA,2,0.5,0.26205857672806,"0.462283162539256",-0.0791771875919047,0.738153132044881
"320033",-1.21762790184783,NA,NA,NA,NA,NA,-1.64651869206387,NA,2,0.5,-1.43207329695585,"-1.83281225890902",-0.0791771875919047,0.738153132044881
"320059",0.0341495847757862,NA,NA,NA,NA,-0.698736713209456,-0.813651166689013,NA,3,0.333333333333333,-0.492746098374228,"-0.560275223159492",-0.0791771875919047,0.738153132044881
"32005F",NA,0.360375568776418,0.979422216423564,NA,1.40452723087073,2.05072499897618,1.46768162020734,NA,5,0.2,1.25254632705085,"1.80412905781965",-0.0791771875919047,0.738153132044881
"320060",-0.144675770456158,NA,NA,NA,NA,NA,NA,NA,1,1,-0.144675770456158,"-0.0887330555420189",-0.0791771875919047,0.738153132044881
"320061",0.0341495847757862,NA,NA,NA,NA,0.355223609795039,0.562390831756408,NA,3,0.333333333333333,0.317254675442411,"0.537059108502451",-0.0791771875919047,0.738153132044881
"320062",NA,NA,NA,NA,NA,NA,NA,NA,0,NA,NA,"NaN",-0.0791771875919047,0.738153132044881
"320063",-1.57527861231172,NA,1.06531257659299,NA,-2.27182624855689,0.4010479716648,-0.523958114384714,NA,5,0.2,-0.580940485399106,"-0.67975502104446",-0.0791771875919047,0.738153132044881
"320065",0.391800295239677,NA,NA,NA,NA,-1.52357522686515,-0.813651166689013,NA,3,0.333333333333333,-0.648475366104828,"-0.771246715347282",-0.0791771875919047,0.738153132044881
"320074",0.212974940007734,NA,NA,NA,NA,-0.28631745638161,1.46768162020734,NA,3,0.333333333333333,0.464779701277822,"0.736916047978855",-0.0791771875919047,0.738153132044881
"320084",-0.144675770456158,NA,NA,NA,NA,NA,-0.16184179900434,NA,2,0.5,-0.153258784730249,"-0.10036074348573",-0.0791771875919047,0.738153132044881
"320085",-1.03880254661589,0.394896113085969,-1.42550786832037,-0.0486086616596539,-2.01383653070232,-0.148844370772328,-0.922286061303123,-0.74211594565971,8,0.125,-0.743138233993427,"-0.899489574151333",-0.0791771875919047,0.738153132044881
"320086",-0.144675770456158,NA,NA,NA,NA,-2.34841374052084,-0.270476693618452,NA,3,0.333333333333333,-0.92118873486515,"-1.14070036516766",-0.0791771875919047,0.738153132044881
"320090",0.749451005703569,NA,NA,NA,NA,0.263574886055518,1.25041183097912,NA,3,0.333333333333333,0.754479240912735,"1.12938141466011",-0.0791771875919047,0.738153132044881
"320091",-1.39645325707978,NA,-0.910165707303813,NA,NA,0.0344530767067141,-0.306688325156488,NA,4,0.25,-0.644713553208341,"-0.766150465350937",-0.0791771875919047,0.738153132044881
"321300",-0.323501125688104,NA,NA,NA,NA,NA,NA,NA,1,1,-0.323501125688104,"-0.330993566903058",-0.0791771875919047,0.738153132044881
"321301",-0.50232648092005,NA,NA,NA,NA,NA,-0.994709324379199,NA,2,0.5,-0.748517902649624,"-0.906777585842477",-0.0791771875919047,0.738153132044881
"321302",NA,NA,NA,NA,NA,NA,NA,NA,0,NA,NA,"NaN",-0.0791771875919047,0.738153132044881
"321304",-0.50232648092005,NA,NA,NA,NA,NA,NA,NA,1,1,-0.50232648092005,"-0.573254078264098",-0.0791771875919047,0.738153132044881
"321305",0.212974940007734,NA,NA,NA,NA,NA,0.562390831756408,NA,2,0.5,0.387682885882071,"0.632470490480273",-0.0791771875919047,0.738153132044881
"321306",-0.323501125688104,NA,NA,NA,0.437065788916096,0.126101800446235,-1.75515358667798,NA,4,0.25,-0.378871780750939,"-0.40600599001565",-0.0791771875919047,0.738153132044881
"321307",-0.144675770456158,NA,NA,NA,NA,NA,-1.39303727129761,NA,2,0.5,-0.768856520876884,"-0.934330971914167",-0.0791771875919047,0.738153132044881
"321308",-0.144675770456158,NA,NA,NA,NA,NA,NA,NA,1,1,-0.144675770456158,"-0.0887330555420189",-0.0791771875919047,0.738153132044881
"321309",-0.323501125688104,NA,NA,NA,NA,NA,-0.234265062080414,NA,2,0.5,-0.278883093884259,"-0.270548071426746",-0.0791771875919047,0.738153132044881
"321310",-0.144675770456158,NA,NA,NA,NA,0.0802774385764748,0.381332674066222,-3.67685079551804,4,0.25,-0.839979113332876,"-1.03068305574122",-0.0791771875919047,0.738153132044881
"321311",-0.144675770456158,NA,NA,NA,NA,-1.61522395060467,-0.415323219770601,NA,3,0.333333333333333,-0.725074313610476,"-0.875017795060036",-0.0791771875919047,0.738153132044881
"321312",NA,NA,NA,NA,NA,NA,NA,NA,0,NA,NA,"NaN",-0.0791771875919047,0.738153132044881
"321313",NA,NA,NA,NA,NA,NA,NA,NA,0,NA,NA,"NaN",-0.0791771875919047,0.738153132044881
"330005",-0.50232648092005,-2.78228848380427,1.15120293676242,1.26733582871531,1.2110349424798,0.813467228492645,1.57631651482146,-0.918200036651212,8,0.125,0.227067806237012,"0.41488003035432",-0.0791771875919047,0.738153132044881
"330006",-1.39645325707978,NA,NA,NA,NA,-0.515439265730414,0.598602463294446,NA,3,0.333333333333333,-0.437763353171915,"-0.485788314122073",-0.0791771875919047,0.738153132044881
"330009",0.212974940007734,NA,NA,NA,0.179076071061526,1.50083265653905,0.924507147136782,1.13611435824962,5,0.2,0.790701034598944,"1.17845225391248",-0.0791771875919047,0.738153132044881
"330011",1.10710171616746,-1.32940507517607,-0.137152465778977,NA,-1.17536994767496,-1.75269703621395,1.17798856790304,-0.507337157671043,7,0.142857142857143,-0.373838771206358,"-0.399187608671607",-0.0791771875919047,0.738153132044881
"330013",0.0341495847757862,-1.22368590822807,-0.394823546287255,0.0710226556471613,-1.04637508874768,-0.469614903860653,-0.415323219770601,-1.44645230962571,8,0.125,-0.611387842012128,"-0.721003043021518",-0.0791771875919047,0.738153132044881
"330014",0.391800295239677,-0.984199632080569,-0.738384986964961,NA,0.759552936234307,-0.377966180121132,0.272697779452109,0.0796098123006222,7,0.142857142857143,-0.0852699965628493,"-0.00825412601592019",-0.0791771875919047,0.738153132044881
"330019",-1.03880254661589,-0.947090046947802,-0.394823546287255,NA,1.34002980140709,0.4010479716648,-0.198053430542376,-0.331253066679545,7,0.142857142857143,-0.166992123428711,"-0.118965743047836",-0.0791771875919047,0.738153132044881
"330023",2.18005384755913,2.01865621604645,0.120518614729302,1.02807319410168,0.501563218379738,1.50083265653905,0.852083884060707,0.666556782272289,8,0.125,1.10854230171104,"1.6090421319661",-0.0791771875919047,0.738153132044881
"330024",1.82240313709524,0.076012585026498,-0.308933186117829,1.38696714602213,0.82405036569795,1.86742755149714,0.924507147136782,1.37089314623829,8,0.125,0.995415986574525,"1.4557862420627",-0.0791771875919047,0.738153132044881
"330027",0.391800295239677,-3.24356925714064,0.464080055407006,NA,-1.56235452445682,0.0344530767067141,-0.886074429765087,0.842640873263789,7,0.142857142857143,-0.565574844392194,"-0.65893868857921",-0.0791771875919047,0.738153132044881
"330028",-0.859977191383941,0.0885262823387097,0.721751135915285,NA,0.114578641597884,1.13423776158097,0.417544305604259,0.960030267258122,7,0.142857142857143,0.368098743273041,"0.60593921701026",-0.0791771875919047,0.738153132044881
"330030",0.391800295239677,NA,NA,NA,0.888547795161592,0.996764675971688,1.10556530482697,0.607862085275123,5,0.2,0.79810803129501,"1.18848675268315",-0.0791771875919047,0.738153132044881
"330033",0.391800295239677,NA,NA,NA,NA,-0.148844370772328,-1.79136521821602,NA,3,0.333333333333333,-0.516136431249557,"-0.59196286608872",-0.0791771875919047,0.738153132044881
"330043",1.46475242663135,0.0475331359711178,-1.16783678781209,1.62622978063576,-0.0789136467930435,0.355223609795039,0.526179200218371,0.901335570260955,8,0.125,0.459312911113432,"0.729510009953593",-0.0791771875919047,0.738153132044881
"330044",-2.6482307437034,-1.95811048841376,-0.137152465778977,NA,-1.04637508874768,-0.423790541990892,-1.75515358667798,-0.448642460673878,7,0.142857142857143,-1.20249362514094,"-1.52179322796768",-0.0791771875919047,0.738153132044881
"330045",2.18005384755913,-0.504364066177819,-0.0512621056095504,NA,1.40452723087073,1.77577882775762,1.79358630404968,2.13392420720146,7,0.142857142857143,1.24746346366446,"1.79724313785843",-0.0791771875919047,0.738153132044881
"330046",1.82240313709524,0.549807055675077,1.66654509777897,0.190653972953976,0.82405036569795,2.37149553206451,1.61252814635949,1.42958784323546,8,0.125,1.30838389385758,"1.87977402142232",-0.0791771875919047,0.738153132044881
"330047",0.391800295239677,NA,NA,NA,-0.401400794111256,0.538521057274082,1.10556530482697,0.549167388277956,5,0.2,0.436730650301486,"0.698917088469419",-0.0791771875919047,0.738153132044881
"330049",1.10710171616746,NA,-0.394823546287255,NA,1.98500409604351,0.996764675971688,1.35904672559323,0.842640873263789,6,0.166666666666667,0.982622423458738,"1.43845438697683",-0.0791771875919047,0.738153132044881
"330055",2.53770455802303,0.551101576086685,1.23709329693184,NA,1.92050666657987,1.50083265653905,0.743448989446595,1.01872496425529,7,0.142857142857143,1.35848752969462,"1.94765104268245",-0.0791771875919047,0.738153132044881
"330056",1.10710171616746,NA,1.32298365710127,NA,0.114578641597884,0.905115952232167,-1.06713258745527,0.842640873263789,6,0.166666666666667,0.537548042151216,"0.835497680589158",-0.0791771875919047,0.738153132044881
"330057",0.570625650471623,0.148074221272684,1.06531257659299,-0.168239978966468,-1.23986737713861,0.859291590362406,0.12785125329996,0.783946176266623,8,0.125,0.268374264020151,"0.470839229048918",-0.0791771875919047,0.738153132044881
"330058",-0.144675770456158,NA,NA,NA,-1.82034424231139,0.126101800446235,-1.2844023766835,0.666556782272289,5,0.2,-0.491352761346504,"-0.55838762427623",-0.0791771875919047,0.738153132044881
"330059",1.10710171616746,0.00826601681900442,2.18188725879553,-0.168239978966468,1.98500409604351,2.64644170328307,2.0108560932779,0.783946176266623,8,0.125,1.31940788521083,"1.8947085802214",-0.0791771875919047,0.738153132044881
"330065",-1.03880254661589,NA,-0.137152465778977,NA,-0.143411076256686,-2.76083299734869,-0.270476693618452,NA,5,0.2,-0.870135155923737,"-1.07153642515973",-0.0791771875919047,0.738153132044881
"330073",0.0341495847757862,NA,NA,NA,-1.04637508874768,-1.1111559700373,1.03314204175089,NA,4,0.25,-0.272559858064575,"-0.261981778681815",-0.0791771875919047,0.738153132044881
"330074",-0.681151836151995,NA,-1.08194642764267,NA,0.501563218379738,-0.194668732642089,0.345121042528184,0.666556782272289,6,0.166666666666667,-0.0740876588760898,"0.00689494969927927",-0.0791771875919047,0.738153132044881
"330078",0.570625650471623,NA,NA,NA,-0.401400794111256,0.171926162315996,1.57631651482146,-1.03558943064554,5,0.2,0.176375620570455,"0.346205681542542",-0.0791771875919047,0.738153132044881
"330079",-0.323501125688104,NA,NA,NA,0.56606064784338,-2.25676501678132,-0.523958114384714,-1.79862049160871,5,0.2,-0.867356820123893,"-1.06777252349864",-0.0791771875919047,0.738153132044881
"330080",0.0341495847757862,NA,NA,NA,NA,1.18006212345073,-0.523958114384714,0.549167388277956,4,0.25,0.30985524552994,"0.527034860699055",-0.0791771875919047,0.738153132044881
"330085",0.570625650471623,NA,NA,NA,0.759552936234307,-0.92785852255826,1.03314204175089,-1.27036821863421,5,0.2,0.0330187774528709,"0.151995514445577",-0.0791771875919047,0.738153132044881
"330086",0.212974940007734,NA,NA,NA,NA,0.813467228492645,0.417544305604259,NA,3,0.333333333333333,0.481328824701546,"0.75933568247648",-0.0791771875919047,0.738153132044881
"330090",-0.859977191383941,-0.911706489030513,-1.25372714798152,NA,-0.0789136467930435,-1.52357522686515,-0.234265062080414,0.138304509297789,7,0.142857142857143,-0.674837179262398,"-0.80695991903517",-0.0791771875919047,0.738153132044881
"330094",-1.57527861231172,NA,NA,NA,-1.36886223606589,-1.29445341751635,-0.016995272852189,0.549167388277956,5,0.2,-0.741284430093638,"-0.896978165854991",-0.0791771875919047,0.738153132044881
"330096",-0.681151836151995,NA,NA,NA,-0.143411076256686,0.859291590362406,1.25041183097912,NA,4,0.25,0.321285127233211,"0.542519292325873",-0.0791771875919047,0.738153132044881
"33009F",NA,NA,0.464080055407006,NA,0.630558077307023,0.263574886055518,2.0108560932779,NA,4,0.25,0.842267278011862,"1.24831071711519",-0.0791771875919047,0.738153132044881
"330100",NA,NA,NA,NA,NA,NA,NA,NA,0,NA,NA,"NaN",-0.0791771875919047,0.738153132044881
"330101",3.6106566894147,0.736649501750517,1.92421617828725,1.02807319410168,1.92050666657987,2.05072499897618,1.7211630409736,1.72306132822129,8,0.125,1.83938144978814,"2.59913364055657",-0.0791771875919047,0.738153132044881
"330102",0.212974940007734,NA,-1.42550786832037,NA,-1.56235452445682,-2.25676501678132,-0.777439535150975,0.0209151153034555,6,0.166666666666667,-0.964696148233049,"-1.19964126981081",-0.0791771875919047,0.738153132044881
"330103",-2.2905800332395,-1.5136584804283,0.807641496084711,NA,-0.594893082502183,-0.790385436948978,-2.47938621743873,-0.272558369682376,7,0.142857142857143,-1.01911716059362,"-1.27336718114009",-0.0791771875919047,0.738153132044881
"330104",0.391800295239677,-0.568227073150486,1.15120293676242,NA,0.114578641597884,0.859291590362406,0.489967568680334,0.196999206294956,7,0.142857142857143,0.376516166541027,"0.617342573444807",-0.0791771875919047,0.738153132044881
"330106",2.53770455802303,-0.772761298184573,1.4088740172707,1.86549241524939,1.34002980140709,1.36335957092977,1.61252814635949,1.48828254023262,8,0.125,1.35543871891094,"1.94352071978422",-0.0791771875919047,0.738153132044881
"330107",0.928276360935514,-0.67782980133331,0.37818969523758,NA,0.953045224625234,-0.423790541990892,0.381332674066222,-0.272558369682376,7,0.142857142857143,0.180952177408282,"0.352405691593503",-0.0791771875919047,0.738153132044881
"330111",-1.57527861231172,NA,NA,NA,NA,NA,0.272697779452109,NA,2,0.5,-0.651290416429807,"-0.775060355366909",-0.0791771875919047,0.738153132044881
"330115",-0.50232648092005,NA,NA,NA,-1.30436480660225,-1.06533160816754,-1.35682563975957,NA,4,0.25,-1.05721213386235,"-1.32497567755492",-0.0791771875919047,0.738153132044881
"330119",2.00122849232719,1.87798499798503,0.807641496084711,1.26733582871531,0.56606064784338,1.45500829466929,0.96071877867482,2.13392420720146,8,0.125,1.38373784293765,"1.98185846136951",-0.0791771875919047,0.738153132044881
"33011F",NA,NA,NA,NA,NA,NA,0.924507147136782,NA,1,1,0.924507147136782,"1.35972373638545",-0.0791771875919047,0.738153132044881
"330125",1.46475242663135,0.0160331392886535,1.23709329693184,1.1477045114085,0.630558077307023,0.675994142883363,0.598602463294446,-0.213863672685211,8,0.125,0.694609298132496,"1.04827366048127",-0.0791771875919047,0.738153132044881
"330126",0.0341495847757862,-0.950973608182627,1.49476437744012,0.549547924874422,1.2110349424798,1.18006212345073,1.28662346251716,0.196999206294956,8,0.125,0.625276001706294,"0.95434559404588",-0.0791771875919047,0.738153132044881
"330127",0.0341495847757862,-0.200583276253776,NA,NA,0.630558077307023,1.08841339971121,0.236486147914072,0.431777994283622,6,0.166666666666667,0.370133654622989,"0.608695977446013",-0.0791771875919047,0.738153132044881
"330128",0.749451005703569,NA,0.464080055407006,NA,1.01754265408888,1.18006212345073,0.308909410990147,-1.21167352163704,6,0.166666666666667,0.418061954667214,"0.673626000721062",-0.0791771875919047,0.738153132044881
"33012F",NA,0.208916680618266,0.292299335068155,NA,1.14653751301616,1.50083265653905,1.61252814635949,NA,5,0.2,0.952222866320226,"1.39727112049891",-0.0791771875919047,0.738153132044881
"330135",0.570625650471623,NA,0.292299335068155,NA,-0.401400794111256,-0.836209798818738,0.164062884837997,NA,5,0.2,-0.0421245445104439,"0.0501964178879999",-0.0791771875919047,0.738153132044881
"330136",0.749451005703569,-1.15593934002058,-0.566604266626108,-0.88602788280736,0.114578641597884,-0.28631745638161,-0.849862798227049,-0.0377795816937112,8,0.125,-0.364812709806871,"-0.386959710410874",-0.0791771875919047,0.738153132044881
"330140",0.212974940007734,-0.074583289523916,-0.0512621056095504,1.38696714602213,0.372568359452453,0.0344530767067141,-0.198053430542376,0.431777994283622,8,0.125,0.264355336349601,"0.46539465732514",-0.0791771875919047,0.738153132044881
"330141",2.00122849232719,-0.446973661263191,1.4088740172707,NA,1.2110349424798,0.905115952232167,0.707237357908557,0.666556782272289,7,0.142857142857143,0.92186769760393,"1.35614798845691",-0.0791771875919047,0.738153132044881
"330144",-1.03880254661589,NA,NA,NA,NA,NA,NA,NA,1,1,-1.03880254661589,"-1.30003561234722",-0.0791771875919047,0.738153132044881
"330151",0.391800295239677,NA,NA,NA,-0.981877659284037,0.675994142883363,1.06935367328893,NA,4,0.25,0.288817613031984,"0.498534497312834",-0.0791771875919047,0.738153132044881
"330153",-0.144675770456158,-0.789590063535478,0.37818969523758,0.310285290260791,0.114578641597884,0.859291590362406,0.236486147914072,0.0796098123006222,8,0.125,0.130521917960215,"0.284086182729046",-0.0791771875919047,0.738153132044881
"330157",-0.50232648092005,0.219272843911132,NA,NA,-0.401400794111256,-1.15698033190706,-0.379111588232563,-2.38556746158038,6,0.166666666666667,-0.767685635473362,"-0.932744735464451",-0.0791771875919047,0.738153132044881
"330158",-0.50232648092005,-1.1641379692941,0.37818969523758,0.190653972953976,0.372568359452453,0.263574886055518,0.0192163586858474,-0.155168975688045,8,0.125,-0.0746787691896026,"0.00609415337687485",-0.0791771875919047,0.738153132044881
"33015F",NA,NA,NA,NA,0.695055506770665,0.0802774385764748,1.50389325174538,NA,3,0.333333333333333,0.759742065697507,"1.13651113416722",-0.0791771875919047,0.738153132044881
"330160",1.46475242663135,-1.63275435829625,0.979422216423564,0.429916607567607,-0.143411076256686,0.675994142883363,0.526179200218371,1.54697723722979,8,0.125,0.480884549550139,"0.758733808512772",-0.0791771875919047,0.738153132044881
"330162",1.10710171616746,1.26610835009825,1.92421617828725,NA,1.6625169487253,1.13423776158097,0.671025726370521,1.48828254023262,7,0.142857142857143,1.32192703163748,"1.8981213496283",-0.0791771875919047,0.738153132044881
"330164",0.749451005703569,-0.598432549421344,NA,NA,1.2110349424798,0.309399247925278,1.82979793558772,0.138304509297789,6,0.166666666666667,0.606592515262135,"0.929034468707429",-0.0791771875919047,0.738153132044881
"330166",NA,NA,NA,NA,NA,NA,0.417544305604259,NA,1,1,0.417544305604259,"0.672924724738501",-0.0791771875919047,0.738153132044881
"330169",0.749451005703569,1.09868371019693,0.120518614729302,NA,-0.530395653038541,1.77577882775762,1.35904672559323,2.13392420720146,7,0.142857142857143,0.958143919734795,"1.40529256368939",-0.0791771875919047,0.738153132044881
"33016F",NA,NA,0.292299335068155,NA,1.27553237194345,1.08841339971121,1.57631651482146,NA,4,0.25,1.05814040538607,"1.54076104754484",-0.0791771875919047,0.738153132044881
"330175",0.749451005703569,NA,NA,NA,-0.014416217329402,-0.148844370772328,1.46768162020734,0.666556782272289,5,0.2,0.544085764016294,"0.844354544539552",-0.0791771875919047,0.738153132044881
"33017F",NA,-0.917316077480815,0.721751135915285,NA,1.59801951926166,2.00490063710642,1.03314204175089,NA,5,0.2,0.888099451310689,"1.31040104947192",-0.0791771875919047,0.738153132044881
"330180",0.212974940007734,0.222724898342086,0.206408974898728,NA,-1.36886223606589,-0.194668732642089,1.54010488328342,0.373083297286456,7,0.142857142857143,0.141680860730063,"0.299203564591174",-0.0791771875919047,0.738153132044881
"330181",0.928276360935514,NA,0.721751135915285,NA,1.01754265408888,1.86742755149714,0.526179200218371,1.07741966125246,6,0.166666666666667,1.02309942731794,"1.49328989752607",-0.0791771875919047,0.738153132044881
"330182",1.46475242663135,-0.392603803975649,1.06531257659299,-0.0486086616596539,1.79151180765259,1.40918393279953,1.61252814635949,2.66217648017596,8,0.125,1.19553161307208,"1.72688937474626",-0.0791771875919047,0.738153132044881
"330184",-1.03880254661589,NA,-1.16783678781209,NA,1.14653751301616,-0.423790541990892,-1.71894195513995,0.901335570260955,6,0.166666666666667,-0.383583124713617,"-0.412388600558297",-0.0791771875919047,0.738153132044881
"330185",2.53770455802303,0.0527112176175506,0.807641496084711,NA,0.437065788916096,1.18006212345073,2.37297240865828,0.783946176266623,7,0.142857142857143,1.16744339557386,"1.68883735507874",-0.0791771875919047,0.738153132044881
"330188",0.0341495847757862,NA,NA,NA,1.14653751301616,-0.607087989469935,-1.13955585053135,0.490472691280789,5,0.2,-0.0150968101857093,"0.0868117665892384",-0.0791771875919047,0.738153132044881
"330191",-0.144675770456158,-0.868987315447444,-1.25372714798152,NA,-1.62685195392046,-0.92785852255826,-0.342899956694526,1.54697723722979,7,0.142857142857143,-0.516860489975511,"-0.592943771939445",-0.0791771875919047,0.738153132044881
"330193",-0.681151836151995,-0.54492570574154,NA,NA,0.0500812121342405,-0.240493094511849,-0.56016974592275,-0.448642460673878,6,0.166666666666667,-0.404216938477962,"-0.440341897602752",-0.0791771875919047,0.738153132044881
"330194",1.10710171616746,-1.32940507517607,1.66654509777897,0.788810559488052,1.08204008355252,2.37149553206451,1.17798856790304,2.07522951020429,8,0.125,1.11747574899785,"1.62114456288318",-0.0791771875919047,0.738153132044881
"330195",2.18005384755913,-0.366713395743487,0.120518614729302,NA,1.01754265408888,1.59248138027858,0.852083884060707,2.42739769218729,7,0.142857142857143,1.11762352530863,"1.62134476024653",-0.0791771875919047,0.738153132044881
"330196",0.928276360935514,0.694793341775188,0.0346282545598759,NA,-0.465898223574898,0.675994142883363,0.453755937142296,1.60567193422696,7,0.142857142857143,0.561031678278328,"0.867311724461134",-0.0791771875919047,0.738153132044881
"330197",-0.681151836151995,NA,0.635860775745859,NA,0.372568359452453,0.126101800446235,-1.75515358667798,-0.389947763676711,6,0.166666666666667,-0.281953708477024,"-0.274707932652639",-0.0791771875919047,0.738153132044881
"330198",1.2859270713994,0.917450852571789,1.15120293676242,NA,0.695055506770665,0.996764675971688,0.815872252522671,0.842640873263789,7,0.142857142857143,0.957844881323203,"1.40488744664983",-0.0791771875919047,0.738153132044881
"330199",0.391800295239677,NA,NA,NA,NA,NA,0.924507147136782,NA,2,0.5,0.65815372118823,"0.998886107463273",-0.0791771875919047,0.738153132044881
"33019F",NA,NA,NA,NA,1.14653751301616,0.950940314101927,0.562390831756408,NA,3,0.333333333333333,0.886622886291499,"1.30840069892799",-0.0791771875919047,0.738153132044881
"330202",0.391800295239677,-1.17751468021405,NA,NA,-1.17536994767496,0.584345419143842,-0.777439535150975,1.13611435824962,6,0.166666666666667,-0.169677348401141,"-0.122603504449717",-0.0791771875919047,0.738153132044881
"330203",0.391800295239677,-1.35400096299663,0.979422216423564,NA,-0.465898223574898,-0.0113712851630466,-1.2844023766835,0.960030267258122,7,0.142857142857143,-0.112060009928101,"-0.0445474264196405",-0.0791771875919047,0.738153132044881
"330204",0.391800295239677,-1.11451468684912,1.32298365710127,NA,NA,1.04258903784145,0.888295515598744,-1.09428412764271,6,0.166666666666667,0.239478281881551,"0.431692904412253",-0.0791771875919047,0.738153132044881
"330205",-0.859977191383941,NA,0.635860775745859,NA,0.30807092998881,-0.0113712851630466,0.0192163586858474,NA,5,0.2,0.0183599175747057,"0.132136681309482",-0.0791771875919047,0.738153132044881
"330208",-0.859977191383941,NA,0.549970415576432,NA,0.82405036569795,0.767642866622885,0.381332674066222,-0.74211594565971,6,0.166666666666667,0.153483864153306,"0.315193476319308",-0.0791771875919047,0.738153132044881
"33020F",NA,NA,0.807641496084711,NA,0.82405036569795,1.9132519133669,1.35904672559323,NA,4,0.25,1.2259976251857,"1.76816266993533",-0.0791771875919047,0.738153132044881
"330211",-1.57527861231172,NA,NA,NA,0.501563218379738,-0.0571956470328073,-1.24819074514546,NA,4,0.25,-0.594775446527563,"-0.698497691809983",-0.0791771875919047,0.738153132044881
"330214",4.32595811034248,2.74962874180118,4.67270770370889,1.74586109794257,2.17849638443444,2.69226606515283,2.73508872403865,3.01434466215895,8,0.125,3.0142939361975,"4.1908257101337",-0.0791771875919047,0.738153132044881
"330215",-0.323501125688104,NA,NA,NA,-0.594893082502183,-1.06533160816754,-1.24819074514546,-0.0964742786908779,5,0.2,-0.665678168038834,"-0.794551909333725",-0.0791771875919047,0.738153132044881
"330218",-0.50232648092005,NA,NA,NA,0.56606064784338,-0.515439265730414,-1.5740954289878,NA,4,0.25,-0.50645013194872,"-0.578840522119246",-0.0791771875919047,0.738153132044881
"330219",-0.144675770456158,-2.87031587179363,NA,NA,0.114578641597884,0.630169781013603,0.489967568680334,NA,5,0.2,-0.356055130191593,"-0.37509553313506",-0.0791771875919047,0.738153132044881
"330221",0.0341495847757862,NA,0.807641496084711,NA,1.14653751301616,0.309399247925278,-0.523958114384714,0.901335570260955,6,0.166666666666667,0.445850882946363,"0.711272563572006",-0.0791771875919047,0.738153132044881
"330222",0.749451005703569,-1.76522694708415,-0.394823546287255,NA,-0.659390511965826,-1.75269703621395,1.03314204175089,-0.213863672685211,7,0.142857142857143,-0.429058380968847,"-0.473995405814615",-0.0791771875919047,0.738153132044881
"330224",0.212974940007734,-1.14903523115867,0.549970415576432,NA,-0.917380229820394,-0.561263627600174,-0.16184179900434,-0.0964742786908779,7,0.142857142857143,-0.303292830098613,"-0.303616733137538",-0.0791771875919047,0.738153132044881
"330226",1.2859270713994,0.276663248825759,0.635860775745859,NA,0.179076071061526,0.263574886055518,0.164062884837997,0.314388600289289,7,0.142857142857143,0.445650505459336,"0.711001105688366",-0.0791771875919047,0.738153132044881
"330229",-1.21762790184783,NA,NA,NA,-0.207908505720328,-2.02764320743252,-0.016995272852189,NA,4,0.25,-0.867543721963216,"-1.06802572548507",-0.0791771875919047,0.738153132044881
"330231",0.749451005703569,NA,-0.137152465778977,NA,0.437065788916096,0.996764675971688,0.96071877867482,NA,5,0.2,0.601369556697439,"0.921958757262261",-0.0791771875919047,0.738153132044881
"330233",-1.57527861231172,-2.11345293780674,-0.308933186117829,NA,-0.530395653038541,-0.607087989469935,-1.03092095591724,-0.507337157671043,7,0.142857142857143,-0.953343784619006,"-1.18426185445482",-0.0791771875919047,0.738153132044881
"330234",0.928276360935514,-1.37169274195527,0.549970415576432,1.02807319410168,0.0500812121342405,0.0344530767067141,-0.234265062080414,-0.0964742786908779,8,0.125,0.111052772091002,"0.257710699073943",-0.0791771875919047,0.738153132044881
"330235",-0.681151836151995,NA,NA,NA,-0.014416217329402,-0.744561075079217,0.164062884837997,-0.859505339654043,5,0.2,-0.427114316675332,"-0.47136171883407",-0.0791771875919047,0.738153132044881
"330238",-0.50232648092005,NA,NA,NA,-2.01383653070232,0.309399247925278,-0.7050162720749,NA,4,0.25,-0.727945008942997,"-0.878906819176981",-0.0791771875919047,0.738153132044881
"330239",-0.50232648092005,NA,0.549970415576432,NA,-0.78838537089311,-0.0113712851630466,-0.415323219770601,-1.56384170362004,6,0.166666666666667,-0.455212940798403,"-0.509427836693965",-0.0791771875919047,0.738153132044881
"330240",0.570625650471623,NA,NA,NA,0.30807092998881,1.13423776158097,1.46768162020734,0.960030267258122,5,0.2,0.888129245901374,"1.31044141317071",-0.0791771875919047,0.738153132044881
"330241",0.928276360935514,-0.299829841143732,-0.0512621056095504,0.908441876794867,0.437065788916096,-0.423790541990892,1.64873977789753,-1.50514700662288,8,0.125,0.205311788647119,"0.385406447373479",-0.0791771875919047,0.738153132044881
"330246",0.0341495847757862,NA,0.292299335068155,NA,-0.014416217329402,-0.377966180121132,1.46768162020734,-0.331253066679545,6,0.166666666666667,0.178415845986868,"0.348969641116568",-0.0791771875919047,0.738153132044881
"33024F",NA,NA,-0.996056067473239,NA,-1.11087251821132,0.630169781013603,0.96071877867482,NA,4,0.25,-0.129010006499034,"-0.067510136777554",-0.0791771875919047,0.738153132044881
"330250",-0.144675770456158,-0.553987348622798,0.206408974898728,NA,-0.336903364647613,-0.377966180121132,0.671025726370521,1.25350375224396,7,0.142857142857143,0.102486541380786,"0.246105748368816",-0.0791771875919047,0.738153132044881
"330259",-0.144675770456158,0.712485120733833,0.721751135915285,NA,0.695055506770665,-0.0113712851630466,0.381332674066222,1.01872496425529,7,0.142857142857143,0.481900335160298,"0.760109926239653",-0.0791771875919047,0.738153132044881
"330261",0.391800295239677,0.955423451312294,NA,NA,0.372568359452453,0.538521057274082,-0.451534851308639,0.725251479269456,6,0.166666666666667,0.422004965206554,"0.678967725043787",-0.0791771875919047,0.738153132044881
"330264",0.570625650471623,-1.15593934002058,0.979422216423564,NA,0.501563218379738,0.355223609795039,-0.56016974592275,-0.0964742786908779,7,0.142857142857143,0.0848930472051076,"0.222271270925172",-0.0791771875919047,0.738153132044881
"330265",0.570625650471623,NA,NA,NA,NA,0.217750524185757,0.272697779452109,NA,3,0.333333333333333,0.353691318036496,"0.586421010541864",-0.0791771875919047,0.738153132044881
"330267",0.928276360935514,0.201581064952487,0.893531856254137,NA,0.501563218379738,0.721818504753124,0.852083884060707,1.72306132822129,7,0.142857142857143,0.831702316793857,"1.2339980213352",-0.0791771875919047,0.738153132044881
"330270",1.46475242663135,0.737512515358257,NA,NA,NA,NA,NA,NA,2,0.5,1.1011324709948,"1.59900379385635",-0.0791771875919047,0.738153132044881
"330273",1.46475242663135,NA,NA,NA,-0.207908505720328,1.18006212345073,1.21420019944108,-0.624726551665378,5,0.2,0.605275938427491,"0.927250859348491",-0.0791771875919047,0.738153132044881
"330276",-0.323501125688104,NA,NA,NA,-2.07833396016596,-1.3402777793861,-1.24819074514546,NA,4,0.25,-1.24757590259641,"-1.58286765209236",-0.0791771875919047,0.738153132044881
"330277",-1.03880254661589,NA,NA,NA,1.01754265408888,0.492696695404321,-0.849862798227049,0.255693903292122,5,0.2,-0.0245464184115231,"0.0740100756993875",-0.0791771875919047,0.738153132044881
"330279",0.212974940007734,-0.664884597217228,-1.94085002933693,-0.0486086616596539,-1.82034424231139,-1.47775086499539,-0.523958114384714,-0.859505339654043,8,0.125,-0.890365863693951,"-1.09894362143372",-0.0791771875919047,0.738153132044881
"330285",0.749451005703569,-0.82324759423729,0.206408974898728,0.549547924874422,-0.594893082502183,-0.28631745638161,1.43146998866931,0.138304509297789,8,0.125,0.171340533790341,"0.33938448610012",-0.0791771875919047,0.738153132044881
"330286",-0.681151836151995,-2.06124061453854,-2.37030183018406,0.190653972953976,0.437065788916096,-0.515439265730414,-1.13955585053135,0.431777994283622,8,0.125,-0.713523955122833,"-0.859370149624128",-0.0791771875919047,0.738153132044881
"330304",1.10710171616746,1.80549185493497,-0.137152465778977,0.549547924874422,0.888547795161592,1.31753520906001,2.11949098789202,1.84045072221562,8,0.125,1.18637671806589,"1.71448694141807",-0.0791771875919047,0.738153132044881
"330307",0.0341495847757862,-0.300692854751471,0.635860775745859,NA,-2.20732881909324,-0.148844370772328,-1.53788379744976,-0.976894733648377,7,0.142857142857143,-0.643090602170505,"-0.763951800917528",-0.0791771875919047,0.738153132044881
"330331",1.10710171616746,NA,1.15120293676242,NA,1.14653751301616,0.675994142883363,1.06935367328893,1.01872496425529,6,0.166666666666667,1.02815249106227,"1.50013544694524",-0.0791771875919047,0.738153132044881
"330332",-1.57527861231172,-0.313638058867552,-0.824275347134387,NA,-0.207908505720328,1.45500829466929,-0.7050162720749,0.607862085275123,7,0.142857142857143,-0.223320916594925,"-0.195276186939292",-0.0791771875919047,0.738153132044881
"330350",0.391800295239677,NA,0.549970415576432,NA,NA,0.263574886055518,-0.7050162720749,0.842640873263789,5,0.2,0.268594039612103,"0.471136966174741",-0.0791771875919047,0.738153132044881
"330386",0.570625650471623,NA,NA,NA,1.01754265408888,1.40918393279953,0.0916396217619223,-0.155168975688045,5,0.2,0.586764576686782,"0.902172916931005",-0.0791771875919047,0.738153132044881
"330393",2.00122849232719,-0.887973614817697,0.807641496084711,0.788810559488052,1.08204008355252,1.08841339971121,1.25041183097912,1.01872496425529,8,0.125,0.893662151447549,"1.31793701984902",-0.0791771875919047,0.738153132044881
"330394",0.749451005703569,-1.82563789962586,-0.652494626795534,-1.60381578664825,-0.852882800356752,-1.38610214125587,-0.306688325156488,-1.09428412764271,8,0.125,-0.871556837722236,"-1.07346242362371",-0.0791771875919047,0.738153132044881
"330395",-3.00588145416729,-0.16951478637518,0.292299335068155,NA,-1.11087251821132,0.4010479716648,-3.67437005819397,-2.56165155257188,7,0.142857142857143,-1.40413472325524,"-1.79496296654984",-0.0791771875919047,0.738153132044881
"330396",0.570625650471623,NA,NA,NA,NA,0.950940314101927,-0.415323219770601,NA,3,0.333333333333333,0.368747581600983,"0.606818219347004",-0.0791771875919047,0.738153132044881
"330399",0.212974940007734,NA,NA,NA,NA,0.171926162315996,-0.198053430542376,-0.448642460673878,4,0.25,-0.0654486972231309,"0.0185984313725557",-0.0791771875919047,0.738153132044881
"330401",0.928276360935514,0.432437205022605,1.4088740172707,NA,-0.659390511965826,0.584345419143842,0.12785125329996,2.19261890419862,7,0.142857142857143,0.716430378272202,"1.07783538580953",-0.0791771875919047,0.738153132044881
"330405",NA,NA,NA,NA,NA,NA,NA,NA,0,NA,NA,"NaN",-0.0791771875919047,0.738153132044881
"330406",1.46475242663135,NA,NA,NA,NA,NA,NA,NA,1,1,1.46475242663135,"2.09161154670733",-0.0791771875919047,0.738153132044881
"331301",NA,NA,NA,NA,NA,NA,NA,NA,0,NA,NA,"NaN",-0.0791771875919047,0.738153132044881
"331302",-0.323501125688104,NA,NA,NA,-0.014416217329402,-0.744561075079217,-0.523958114384714,NA,4,0.25,-0.401609133120359,"-0.436809019065234",-0.0791771875919047,0.738153132044881
"331303",NA,NA,NA,NA,NA,NA,NA,NA,0,NA,NA,"NaN",-0.0791771875919047,0.738153132044881
"331304",-0.323501125688104,NA,NA,NA,NA,NA,NA,NA,1,1,-0.323501125688104,"-0.330993566903058",-0.0791771875919047,0.738153132044881
"331305",-0.859977191383941,NA,NA,NA,NA,NA,NA,NA,1,1,-0.859977191383941,"-1.05777510098618",-0.0791771875919047,0.738153132044881
"331309",NA,NA,NA,NA,NA,NA,NA,NA,0,NA,NA,"NaN",-0.0791771875919047,0.738153132044881
"331310",0.570625650471623,NA,NA,NA,NA,NA,0.453755937142296,NA,2,0.5,0.51219079380696,"0.801145393450567",-0.0791771875919047,0.738153132044881
"331311",-0.681151836151995,NA,NA,NA,NA,0.355223609795039,-2.73286763820499,NA,3,0.333333333333333,-1.01959862152065,"-1.27401943188066",-0.0791771875919047,0.738153132044881
"331312",0.212974940007734,NA,NA,NA,NA,0.309399247925278,0.0554279902238849,NA,3,0.333333333333333,0.192600726052299,"0.368186358420382",-0.0791771875919047,0.738153132044881
"331313",-0.859977191383941,NA,NA,NA,NA,NA,-1.13955585053135,NA,2,0.5,-0.999766520957645,"-1.24715224172451",-0.0791771875919047,0.738153132044881
"331314",-0.50232648092005,NA,NA,NA,NA,NA,-0.523958114384714,NA,2,0.5,-0.513142297652382,"-0.587906616149251",-0.0791771875919047,0.738153132044881
"331315",0.391800295239677,NA,NA,NA,NA,NA,0.671025726370521,NA,2,0.5,0.531413010805099,"0.827186354551537",-0.0791771875919047,0.738153132044881
"331316",-0.144675770456158,NA,NA,NA,0.179076071061526,-1.15698033190706,-0.451534851308639,NA,4,0.25,-0.393528720652583,"-0.425862222097251",-0.0791771875919047,0.738153132044881
"331317",NA,NA,NA,NA,NA,NA,NA,NA,0,NA,NA,"NaN",-0.0791771875919047,0.738153132044881
"331318",NA,NA,NA,NA,NA,NA,NA,NA,0,NA,NA,"NaN",-0.0791771875919047,0.738153132044881
"331319",NA,NA,NA,NA,NA,NA,NA,NA,0,NA,NA,"NaN",-0.0791771875919047,0.738153132044881
"331320",-0.323501125688104,NA,NA,NA,0.30807092998881,-0.148844370772328,-0.56016974592275,NA,4,0.25,-0.181111078098593,"-0.138093149079114",-0.0791771875919047,0.738153132044881
"331321",0.212974940007734,NA,NA,NA,0.372568359452453,0.0344530767067141,0.96071877867482,NA,4,0.25,0.39517878871043,"0.642625433273233",-0.0791771875919047,0.738153132044881
"331322",NA,NA,NA,NA,NA,NA,NA,NA,0,NA,NA,"NaN",-0.0791771875919047,0.738153132044881
"331323",NA,NA,NA,NA,NA,NA,NA,NA,0,NA,NA,"NaN",-0.0791771875919047,0.738153132044881
"340001",0.391800295239677,0.498457746014621,-1.25372714798152,1.02807319410168,1.27553237194345,1.77577882775762,-0.415323219770601,0.666556782272289,8,0.125,0.495893606197152,"0.779067064575013",-0.0791771875919047,0.738153132044881
"340002",0.928276360935514,-0.0728572623084388,1.06531257659299,0.190653972953976,0.56606064784338,0.0344530767067141,0.381332674066222,-0.155168975688045,8,0.125,0.367257883887789,"0.604800077516368",-0.0791771875919047,0.738153132044881
"340003",0.570625650471623,NA,NA,NA,-2.65881082533874,0.630169781013603,0.779660620984633,-0.56603185466821,5,0.2,-0.248877325507418,"-0.229898283362151",-0.0791771875919047,0.738153132044881
"340004",0.928276360935514,0.286587905314755,-0.480713906456682,NA,-0.143411076256686,-0.790385436948978,0.924507147136782,-1.27036821863421,7,0.142857142857143,-0.0779296035585006,"0.00169014257237916",-0.0791771875919047,0.738153132044881
"340008",-1.39645325707978,NA,-0.996056067473239,NA,-0.0789136467930435,0.538521057274082,-0.632593008998825,-0.155168975688045,6,0.166666666666667,-0.453443983126475,"-0.507031372335645",-0.0791771875919047,0.738153132044881
"340010",-1.03880254661589,-0.362829834508662,1.06531257659299,NA,-1.30436480660225,0.950940314101927,0.489967568680334,0.431777994283622,7,0.142857142857143,0.0331430379902965,"0.152163854227705",-0.0791771875919047,0.738153132044881
"340013",-0.323501125688104,NA,0.0346282545598759,NA,-1.88484167177503,-2.1651162930418,1.14177693636501,-0.859505339654043,6,0.166666666666667,-0.676093206539016,"-0.808661499943101",-0.0791771875919047,0.738153132044881
"340014",-0.144675770456158,1.63116310617174,0.120518614729302,-2.32160369048914,-0.336903364647613,-0.515439265730414,0.381332674066222,0.0209151153034555,8,0.125,-0.145586572631576,"-0.0899669488032912",-0.0791771875919047,0.738153132044881
"340015",-0.323501125688104,0.613238555843876,-1.16783678781209,NA,-0.659390511965826,-1.93599448369299,-0.922286061303123,-2.03339927959738,7,0.142857142857143,-0.918452813459377,"-1.1369939236625",-0.0791771875919047,0.738153132044881
"340016",0.212974940007734,NA,NA,NA,-0.014416217329402,-0.0113712851630466,0.743448989446595,0.255693903292122,5,0.2,0.237266066050801,"0.428695943843079",-0.0791771875919047,0.738153132044881
"340017",0.212974940007734,-0.265309296834183,0.0346282545598759,NA,-0.401400794111256,-0.882034160688499,1.06935367328893,1.60567193422696,7,0.142857142857143,0.196269221492794,"0.373156188231078",-0.0791771875919047,0.738153132044881
"340020",0.0341495847757862,NA,NA,NA,-0.917380229820394,0.309399247925278,-0.7050162720749,-0.800810642656877,5,0.2,-0.415931662370221,"-0.456212214185717",-0.0791771875919047,0.738153132044881
"340021",-0.323501125688104,NA,-1.33961750815094,NA,-0.723887941429468,0.0344530767067141,-0.198053430542376,-1.62253640061721,6,0.166666666666667,-0.695523888286898,"-0.834984875004931",-0.0791771875919047,0.738153132044881
"340023",1.10710171616746,NA,NA,NA,1.14653751301616,0.584345419143842,0.852083884060707,0.549167388277956,5,0.2,0.847847184133225,"1.25586999699781",-0.0791771875919047,0.738153132044881
"340024",0.391800295239677,NA,NA,NA,0.501563218379738,-0.423790541990892,-0.886074429765087,-0.859505339654043,5,0.2,-0.255201359558122,"-0.238465657496546",-0.0791771875919047,0.738153132044881
"340027",0.0341495847757862,NA,-0.308933186117829,NA,-0.272405935183971,0.171926162315996,0.272697779452109,0.783946176266623,6,0.166666666666667,0.113563430251452,"0.26111196915119",-0.0791771875919047,0.738153132044881
"340028",0.0341495847757862,-1.2064256360733,-1.33961750815094,0.310285290260791,-0.014416217329402,0.767642866622885,-1.90000011283014,0.960030267258122,8,0.125,-0.298543933183274,"-0.297183248391381",-0.0791771875919047,0.738153132044881
"340030",2.00122849232719,-1.81700776354847,2.01010653845668,1.02807319410168,0.759552936234307,1.08841339971121,1.57631651482146,-0.0964742786908779,8,0.125,0.818776129176646,"1.21648649553377",-0.0791771875919047,0.738153132044881
"340032",0.570625650471623,0.481628980663714,-0.223042825948403,-0.0486086616596539,0.759552936234307,0.171926162315996,0.634814094832484,0.901335570260955,8,0.125,0.406028988396378,"0.657324550861326",-0.0791771875919047,0.738153132044881
"340039",0.570625650471623,-0.166494238748094,-1.76906930899807,NA,-0.465898223574898,-0.973682884428019,0.0554279902238849,0.783946176266623,7,0.142857142857143,-0.280734976969565,"-0.27305687753338",-0.0791771875919047,0.738153132044881
"340040",0.391800295239677,-1.2910009696317,-0.910165707303813,0.549547924874422,-1.04637508874768,-0.882034160688499,-0.0532069043902274,-0.272558369682376,8,0.125,-0.439249122541274,"-0.487801134097846",-0.0791771875919047,0.738153132044881
"340041",-0.323501125688104,NA,-0.0512621056095504,NA,-1.75584681284775,-1.06533160816754,-0.596381377460788,0.0209151153034555,6,0.166666666666667,-0.628567985745046,"-0.74427754120772",-0.0791771875919047,0.738153132044881
"340042",-1.21762790184783,NA,-1.8549596691675,NA,-1.36886223606589,-1.29445341751635,-1.71894195513995,-0.213863672685211,6,0.166666666666667,-1.27811814207045,"-1.62424421496006",-0.0791771875919047,0.738153132044881
"340047",0.928276360935514,0.771170046060068,-0.738384986964961,-2.08234105587551,0.0500812121342405,0.4010479716648,1.32283509405519,0.138304509297789,8,0.125,0.0988736439133918,"0.241211238936355",-0.0791771875919047,0.738153132044881
"340049",0.391800295239677,NA,NA,NA,NA,NA,NA,NA,1,1,0.391800295239677,"0.638048478541098",-0.0791771875919047,0.738153132044881
"340050",-0.323501125688104,NA,-1.42550786832037,NA,-1.62685195392046,-0.0113712851630466,-1.24819074514546,-0.507337157671043,6,0.166666666666667,-0.857126689318081,"-1.05391343334282",-0.0791771875919047,0.738153132044881
"340051",0.212974940007734,0.899759073613143,-0.137152465778977,NA,-2.1428313896296,0.4010479716648,0.417544305604259,0.0209151153034555,7,0.142857142857143,-0.0468203498878836,"0.0438348579709796",-0.0791771875919047,0.738153132044881
"340053",0.570625650471623,1.3485261496373,0.464080055407006,-0.168239978966468,0.114578641597884,-0.515439265730414,0.236486147914072,-0.800810642656877,8,0.125,0.156225844709266,"0.318908126351833",-0.0791771875919047,0.738153132044881
"340060",-0.144675770456158,NA,NA,NA,0.30807092998881,0.492696695404321,0.96071877867482,0.255693903292122,5,0.2,0.374500907380783,"0.614612436468133",-0.0791771875919047,0.738153132044881
"340061",1.2859270713994,0.518307058992612,1.49476437744012,-0.646765248193729,1.59801951926166,0.813467228492645,1.06935367328893,-0.0377795816937112,8,0.125,0.761911762373492,"1.13945049265774",-0.0791771875919047,0.738153132044881
"340064",0.570625650471623,NA,NA,NA,0.243573500525168,0.538521057274082,0.96071877867482,-0.331253066679545,5,0.2,0.39643718405323,"0.644330222277261",-0.0791771875919047,0.738153132044881
"340068",-1.21762790184783,NA,NA,NA,0.437065788916096,-1.24862905564658,-2.62423274359088,0.901335570260955,5,0.2,-0.750417668381649,"-0.909351260124346",-0.0791771875919047,0.738153132044881
"340069",1.10710171616746,-1.92919953255451,-2.1985211098452,1.1477045114085,-0.917380229820394,-0.332141818251371,0.924507147136782,-0.155168975688045,8,0.125,-0.294137286430848,"-0.291213421046453",-0.0791771875919047,0.738153132044881
"340070",0.749451005703569,-0.628206518888331,-3.05742471153947,NA,-1.30436480660225,-0.0113712851630466,-0.379111588232563,-0.155168975688045,7,0.142857142857143,-0.683742411487162,"-0.819024126092171",-0.0791771875919047,0.738153132044881
"340071",0.570625650471623,NA,-0.223042825948403,NA,-0.272405935183971,-0.515439265730414,1.14177693636501,0.373083297286456,6,0.166666666666667,0.179099642876716,"0.349896002951482",-0.0791771875919047,0.738153132044881
"340075",-0.144675770456158,-0.731768151816982,-0.652494626795534,NA,0.0500812121342405,-0.561263627600174,0.308909410990147,-0.800810642656877,7,0.142857142857143,-0.361717456600191,"-0.382766470455222",-0.0791771875919047,0.738153132044881
"340084",-0.859977191383941,NA,NA,NA,NA,NA,-0.523958114384714,NA,2,0.5,-0.691967652884327,"-0.83016712751029",-0.0791771875919047,0.738153132044881
"340085",-0.323501125688104,NA,NA,NA,-0.659390511965826,0.217750524185757,-0.270476693618452,-2.09209397659454,5,0.2,-0.625542356736234,"-0.740178623412126",-0.0791771875919047,0.738153132044881
"340087",-0.323501125688104,NA,NA,NA,0.114578641597884,-0.652912351339696,-0.16184179900434,0.196999206294956,5,0.2,-0.16533548562786,"-0.116721442063483",-0.0791771875919047,0.738153132044881
"340090",-0.144675770456158,-0.94838456735941,-0.0512621056095504,NA,-0.401400794111256,-0.790385436948978,0.12785125329996,0.607862085275123,7,0.142857142857143,-0.228627905130039,"-0.202465736512037",-0.0791771875919047,0.738153132044881
"340091",1.2859270713994,-1.3121448030213,0.635860775745859,0.190653972953976,-0.465898223574898,0.217750524185757,0.381332674066222,-0.272558369682376,8,0.125,0.0826154527590807,"0.219185739824441",-0.0791771875919047,0.738153132044881
"340096",-0.50232648092005,NA,NA,NA,0.501563218379738,-1.1111559700373,-0.379111588232563,-1.15297882463988,5,0.2,-0.528801929090011,"-0.609121226990565",-0.0791771875919047,0.738153132044881
"340097",-1.21762790184783,NA,NA,NA,-0.014416217329402,-1.52357522686515,-1.17576748206939,-1.27036821863421,5,0.2,-1.0403510093492,"-1.30213336505744",-0.0791771875919047,0.738153132044881
"340098",0.212974940007734,-0.339096960295846,-0.394823546287255,0.669179242181237,0.82405036569795,0.492696695404321,-0.125630167466301,2.13392420720146,8,0.125,0.434159347055412,"0.695433660526831",-0.0791771875919047,0.738153132044881
"340099",-0.323501125688104,NA,NA,NA,0.0500812121342405,-0.607087989469935,-0.306688325156488,-0.0964742786908779,5,0.2,-0.256734101374233,"-0.240542112570123",-0.0791771875919047,0.738153132044881
"340107",-0.144675770456158,NA,NA,NA,0.372568359452453,-2.21094065491156,-1.46546053437368,-0.389947763676711,5,0.2,-0.767691272793132,"-0.932752372524465",-0.0791771875919047,0.738153132044881
"340109",0.212974940007734,-0.240713409013627,-0.223042825948403,NA,-1.04637508874768,-0.0113712851630466,-0.379111588232563,-0.624726551665378,7,0.142857142857143,-0.330337972680423,"-0.34025566536951",-0.0791771875919047,0.738153132044881
"340113",0.928276360935514,-0.288610664243129,2.0959968986261,0.908441876794867,1.53352208979802,0.859291590362406,0.815872252522671,0.0209151153034555,8,0.125,0.859213190012488,"1.27126789397317",-0.0791771875919047,0.738153132044881
"340114",1.2859270713994,0.64473855252634,1.15120293676242,1.38696714602213,0.114578641597884,1.59248138027858,1.14177693636501,1.13611435824962,8,0.125,1.05672337790017,"1.53884135442917",-0.0791771875919047,0.738153132044881
"340115",-0.323501125688104,-0.12118602434181,0.549970415576432,0.0710226556471613,0.56606064784338,0.355223609795039,-0.56016974592275,-1.21167352163704,8,0.125,-0.0842816360909618,"-0.00691516201376327",-0.0791771875919047,0.738153132044881
"340116",0.0341495847757862,-0.654959940728233,-0.223042825948403,-0.0486086616596539,-2.01383653070232,-3.17325225417653,0.562390831756408,-0.389947763676711,8,0.125,-0.738388445044957,"-0.893054880938947",-0.0791771875919047,0.738153132044881
"340119",-0.681151836151995,NA,-0.394823546287255,NA,0.372568359452453,-1.01950724629778,-1.35682563975957,-0.74211594565971,6,0.166666666666667,-0.636975975783977,"-0.755668118140773",-0.0791771875919047,0.738153132044881
"340120",0.749451005703569,NA,NA,NA,-0.272405935183971,0.263574886055518,-0.234265062080414,-0.272558369682376,5,0.2,0.0467593049624649,"0.17061025292339",-0.0791771875919047,0.738153132044881
"340123",-0.859977191383941,NA,NA,NA,0.179076071061526,-0.92785852255826,0.779660620984633,0.314388600289289,5,0.2,-0.10294208432135,"-0.0321950767364635",-0.0791771875919047,0.738153132044881
"340126",-0.859977191383941,NA,-0.137152465778977,NA,-1.04637508874768,0.126101800446235,-1.42924890283565,-0.624726551665378,6,0.166666666666667,-0.661896399994231,"-0.78942862545071",-0.0791771875919047,0.738153132044881
"340127",-0.144675770456158,NA,NA,NA,NA,-0.92785852255826,-3.31225374281359,-1.32906291563138,4,0.25,-1.42846273786485,"-1.82792091735093",-0.0791771875919047,0.738153132044881
"340129",-1.03880254661589,NA,-0.824275347134387,NA,0.888547795161592,-0.652912351339696,-2.26211642821051,-2.26817806758604,6,0.166666666666667,-1.02628949095415,"-1.28308376981142",-0.0791771875919047,0.738153132044881
"34012F",NA,0.544628974028644,0.206408974898728,NA,1.14653751301616,1.82160318962738,1.03314204175089,NA,5,0.2,0.950464138664362,"1.3948885150753",-0.0791771875919047,0.738153132044881
"340130",-0.144675770456158,0.0738550510071506,1.23709329693184,NA,0.695055506770665,-0.103020008902567,0.562390831756408,0.0796098123006222,7,0.142857142857143,0.342901245629709,"0.571803349329893",-0.0791771875919047,0.738153132044881
"340131",0.928276360935514,-2.39177482630249,-0.738384986964961,0.429916607567607,-1.04637508874768,0.0344530767067141,0.634814094832484,0.607862085275123,8,0.125,-0.192651584587211,"-0.153727447692258",-0.0791771875919047,0.738153132044881
"340132",-1.93292932277561,NA,0.635860775745859,NA,-0.78838537089311,0.217750524185757,-1.75515358667798,-0.507337157671043,6,0.166666666666667,-0.688365689681023,"-0.825287431080193",-0.0791771875919047,0.738153132044881
"34013F",NA,NA,NA,NA,1.01754265408888,1.50083265653905,0.924507147136782,NA,3,0.333333333333333,1.14762748592157,"1.66199209927471",-0.0791771875919047,0.738153132044881
"340141",0.391800295239677,-0.647624325062453,-0.996056067473239,-3.15902291163685,-1.49785709499318,-0.652912351339696,-0.379111588232563,0.138304509297789,8,0.125,-0.850309941775063,"-1.04467856425254",-0.0791771875919047,0.738153132044881
"340142",-1.39645325707978,NA,-1.33961750815094,NA,-0.143411076256686,-0.744561075079217,-2.84150253281911,-0.683421248662545,6,0.166666666666667,-1.19149444967471,"-1.50689228805599",-0.0791771875919047,0.738153132044881
"340143",-1.75410396754367,-2.29209675460866,-3.4868765123866,NA,-1.62685195392046,-2.30258937865108,-3.38467700588967,-0.624726551665378,7,0.142857142857143,-2.21027458923793,"-2.88706680108817",-0.0791771875919047,0.738153132044881
"340145",-1.39645325707978,NA,NA,NA,-1.04637508874768,0.0802774385764748,-1.17576748206939,-0.0377795816937112,5,0.2,-0.715219594202816,"-0.861667286906857",-0.0791771875919047,0.738153132044881
"340147",0.749451005703569,-0.201014783057645,-0.137152465778977,NA,1.2110349424798,0.492696695404321,0.634814094832484,1.07741966125246,7,0.142857142857143,0.546749878690859,"0.847963707135915",-0.0791771875919047,0.738153132044881
"340148",0.391800295239677,NA,NA,NA,NA,NA,NA,NA,1,1,0.391800295239677,"0.638048478541098",-0.0791771875919047,0.738153132044881
"340151",0.212974940007734,NA,-0.137152465778977,NA,1.14653751301616,0.905115952232167,-0.849862798227049,-1.68123109761438,6,0.166666666666667,-0.0672696593940567,"0.0161315148319712",-0.0791771875919047,0.738153132044881
"340155",1.46475242663135,1.69718364716376,0.807641496084711,-0.407502613580099,0.243573500525168,-0.423790541990892,0.634814094832484,1.19480905524679,8,0.125,0.651435133114159,"0.989784218190706",-0.0791771875919047,0.738153132044881
"340156",-0.144675770456158,NA,NA,NA,NA,NA,NA,NA,1,1,-0.144675770456158,"-0.0887330555420189",-0.0791771875919047,0.738153132044881
"340158",-0.323501125688104,NA,0.292299335068155,NA,0.30807092998881,-0.103020008902567,-0.922286061303123,-0.389947763676711,6,0.166666666666667,-0.189730782418923,"-0.149770542219005",-0.0791771875919047,0.738153132044881
"340159",0.391800295239677,NA,NA,NA,NA,-0.515439265730414,-0.270476693618452,NA,3,0.333333333333333,-0.131371888036396,"-0.0707098543359128",-0.0791771875919047,0.738153132044881
"340166",0.570625650471623,NA,NA,NA,0.630558077307023,0.217750524185757,0.0916396217619223,0.783946176266623,5,0.2,0.458904009998589,"0.728956058345057",-0.0791771875919047,0.738153132044881
"340168",0.749451005703569,NA,NA,NA,NA,NA,NA,NA,1,1,0.749451005703569,"1.12256950126318",-0.0791771875919047,0.738153132044881
"340171",0.928276360935514,0.879909760635153,1.15120293676242,NA,0.695055506770665,1.63830574214834,1.32283509405519,0.901335570260955,7,0.142857142857143,1.07384585308118,"1.56203772715683",-0.0791771875919047,0.738153132044881
"340173",1.46475242663135,0.240848184104601,-0.738384986964961,NA,-0.659390511965826,0.905115952232167,-0.0894185359282648,0.607862085275123,7,0.142857142857143,0.247340659054884,"0.442344321891919",-0.0791771875919047,0.738153132044881
"34017F",NA,NA,NA,NA,-0.981877659284037,-0.28631745638161,2.0108560932779,NA,3,0.333333333333333,0.247553659204086,"0.442632880105594",-0.0791771875919047,0.738153132044881
"340183",-0.323501125688104,-0.154412048239751,0.721751135915285,NA,1.53352208979802,0.0802774385764748,0.12785125329996,-0.976894733648377,7,0.142857142857143,0.144084858573358,"0.302460338475794",-0.0791771875919047,0.738153132044881
"340184",-0.859977191383941,NA,0.721751135915285,NA,-0.207908505720328,-1.61522395060467,-0.270476693618452,-0.448642460673878,6,0.166666666666667,-0.446746277680997,"-0.497957773437645",-0.0791771875919047,0.738153132044881
"340188",0.928276360935514,NA,NA,NA,0.888547795161592,0.584345419143842,0.453755937142296,NA,4,0.25,0.713731378095811,"1.07417896269186",-0.0791771875919047,0.738153132044881
"340190",0.928276360935514,NA,NA,NA,-0.530395653038541,0.859291590362406,2.0108560932779,-0.507337157671043,5,0.2,0.552138246773248,"0.855263504222005",-0.0791771875919047,0.738153132044881
"340195",0.749451005703569,NA,NA,NA,NA,NA,0.526179200218371,NA,2,0.5,0.63781510296097,"0.971332721391584",-0.0791771875919047,0.738153132044881
"34036F",NA,-0.0892545208554751,1.23709329693184,NA,0.372568359452453,1.08841339971121,1.93843283020183,NA,5,0.2,0.909450673088372,"1.33932624243091",-0.0791771875919047,0.738153132044881
"341303",0.749451005703569,NA,NA,NA,NA,NA,0.12785125329996,NA,2,0.5,0.438651129501764,"0.701518823958854",-0.0791771875919047,0.738153132044881
"341304",-0.144675770456158,NA,NA,NA,NA,-1.06533160816754,-2.22590479667247,-0.272558369682376,4,0.25,-0.927117636244637,"-1.14873244025086",-0.0791771875919047,0.738153132044881
"341305",NA,NA,NA,NA,NA,NA,NA,NA,0,NA,NA,"NaN",-0.0791771875919047,0.738153132044881
"341307",0.570625650471623,NA,NA,NA,NA,NA,NA,NA,1,1,0.570625650471623,"0.880308989902137",-0.0791771875919047,0.738153132044881
"341311",0.749451005703569,NA,NA,NA,NA,0.0802774385764748,0.308909410990147,NA,3,0.333333333333333,0.37954595175673,"0.62144712178874",-0.0791771875919047,0.738153132044881
"341314",-2.11175467800756,NA,NA,NA,NA,NA,-0.777439535150975,NA,2,0.5,-1.44459710657927,"-1.84977867018566",-0.0791771875919047,0.738153132044881
"341315",0.570625650471623,NA,NA,NA,NA,NA,-0.741227903612937,NA,2,0.5,-0.085301126570657,"-0.00829629884762178",-0.0791771875919047,0.738153132044881
"341316",0.0341495847757862,NA,NA,NA,NA,NA,0.0916396217619223,NA,2,0.5,0.0628946032688542,"0.192469265106526",-0.0791771875919047,0.738153132044881
"341317",NA,NA,NA,NA,NA,NA,NA,NA,0,NA,NA,"NaN",-0.0791771875919047,0.738153132044881
"341318",-0.681151836151995,NA,NA,NA,-1.94933910123867,-0.515439265730414,-0.668804640536862,0.431777994283622,5,0.2,-0.676591369874864,"-0.809336377978867",-0.0791771875919047,0.738153132044881
"341319",0.0341495847757862,NA,NA,NA,0.56606064784338,-0.652912351339696,-0.994709324379199,NA,4,0.25,-0.261852860774932,"-0.247476662026709",-0.0791771875919047,0.738153132044881
"341320",-1.21762790184783,NA,NA,NA,NA,NA,-0.886074429765087,NA,2,0.5,-1.05185116580646,"-1.31771300017381",-0.0791771875919047,0.738153132044881
"341322",0.212974940007734,NA,NA,NA,NA,0.767642866622885,0.453755937142296,NA,3,0.333333333333333,0.478124581257638,"0.754994789909878",-0.0791771875919047,0.738153132044881
"341323",0.391800295239677,NA,NA,NA,NA,NA,0.634814094832484,NA,2,0.5,0.51330719503608,"0.802657818421288",-0.0791771875919047,0.738153132044881
"341324",-0.681151836151995,NA,NA,NA,0.243573500525168,0.217750524185757,0.779660620984633,0.549167388277956,5,0.2,0.221800039564304,"0.407743615911269",-0.0791771875919047,0.738153132044881
"341325",0.0341495847757862,NA,NA,NA,NA,-0.194668732642089,-0.632593008998825,-0.507337157671043,4,0.25,-0.325112328634043,"-0.333176315815165",-0.0791771875919047,0.738153132044881
"341326",-1.93292932277561,NA,NA,NA,-0.143411076256686,0.996764675971688,0.0554279902238849,0.725251479269456,5,0.2,-0.0597792507134542,"0.0262790145246868",-0.0791771875919047,0.738153132044881
"341327",0.0341495847757862,NA,NA,NA,NA,0.309399247925278,-0.994709324379199,NA,3,0.333333333333333,-0.217053497226045,"-0.18678551055143",-0.0791771875919047,0.738153132044881
"341328",0.391800295239677,NA,NA,NA,-0.0789136467930435,-0.0113712851630466,-0.379111588232563,-0.56603185466821,5,0.2,-0.128725615923437,"-0.0671248636367228",-0.0791771875919047,0.738153132044881
"341329",-0.681151836151995,NA,NA,NA,NA,-0.973682884428019,0.707237357908557,-0.389947763676711,4,0.25,-0.334386281587042,"-0.34574004080717",-0.0791771875919047,0.738153132044881
"350002",1.10710171616746,0.249478320181988,-0.394823546287255,-3.51791686355729,-0.723887941429468,0.675994142883363,0.526179200218371,-0.74211594565971,8,0.125,-0.352498864685318,"-0.370277744857953",-0.0791771875919047,0.738153132044881
"350006",0.212974940007734,-0.652802406708885,0.807641496084711,-0.287871296273283,-0.659390511965826,0.0344530767067141,-0.922286061303123,0.0209151153034555,8,0.125,-0.180795706018563,"-0.137665904288921",-0.0791771875919047,0.738153132044881
"350011",0.928276360935514,-0.598001042617474,0.807641496084711,1.02807319410168,-0.014416217329402,0.905115952232167,1.79358630404968,0.138304509297789,8,0.125,0.623572569594333,"0.952037899289859",-0.0791771875919047,0.738153132044881
"350015",1.46475242663135,0.535567331147387,1.23709329693184,0.549547924874422,1.27553237194345,0.721818504753124,0.996930410212857,0.549167388277956,8,0.125,0.916301206846548,"1.34860688280318",-0.0791771875919047,0.738153132044881
"350019",0.570625650471623,0.170081068270022,-0.910165707303813,0.310285290260791,-0.0789136467930435,0.263574886055518,0.345121042528184,0.842640873263789,8,0.125,0.189156182094134,"0.363519922949705",-0.0791771875919047,0.738153132044881
"35002F",NA,NA,NA,NA,0.82405036569795,1.13423776158097,1.61252814635949,NA,3,0.333333333333333,1.1902720912128,"1.71976412981951",-0.0791771875919047,0.738153132044881
"350063",-1.39645325707978,NA,NA,NA,0.695055506770665,NA,-1.03092095591724,NA,3,0.333333333333333,-0.577439568742116,"-0.675012215649472",-0.0791771875919047,0.738153132044881
"350070",0.570625650471623,-0.506090093393296,0.635860775745859,0.0710226556471613,-0.917380229820394,-0.148844370772328,1.14177693636501,-0.0377795816937112,8,0.125,0.10114896781874,"0.244293694061953",-0.0791771875919047,0.738153132044881
"351300",-1.03880254661589,NA,NA,NA,NA,NA,NA,NA,1,1,-1.03880254661589,"-1.30003561234722",-0.0791771875919047,0.738153132044881
"351301",NA,NA,NA,NA,NA,NA,NA,NA,0,NA,NA,"NaN",-0.0791771875919047,0.738153132044881
"351302",-0.323501125688104,NA,NA,NA,NA,NA,NA,NA,1,1,-0.323501125688104,"-0.330993566903058",-0.0791771875919047,0.738153132044881
"351303",NA,NA,NA,NA,NA,NA,-0.922286061303123,NA,1,1,-0.922286061303123,"-1.14218694889986",-0.0791771875919047,0.738153132044881
"351304",NA,NA,NA,NA,NA,NA,NA,NA,0,NA,NA,"NaN",-0.0791771875919047,0.738153132044881
"351305",NA,NA,NA,NA,NA,NA,NA,NA,0,NA,NA,"NaN",-0.0791771875919047,0.738153132044881
"351306",NA,NA,NA,NA,NA,NA,NA,NA,0,NA,NA,"NaN",-0.0791771875919047,0.738153132044881
"351307",-2.6482307437034,NA,NA,NA,NA,NA,-1.17576748206939,NA,2,0.5,-1.91199911288639,"-2.48298333465995",-0.0791771875919047,0.738153132044881
"351308",NA,NA,NA,NA,NA,NA,NA,NA,0,NA,NA,"NaN",-0.0791771875919047,0.738153132044881
"351309",-0.859977191383941,NA,NA,NA,NA,NA,NA,NA,1,1,-0.859977191383941,"-1.05777510098618",-0.0791771875919047,0.738153132044881
"351310",-0.859977191383941,NA,NA,NA,NA,NA,-0.668804640536862,NA,2,0.5,-0.764390915960402,"-0.928281272031283",-0.0791771875919047,0.738153132044881
"351311",NA,NA,NA,NA,NA,NA,NA,NA,0,NA,NA,"NaN",-0.0791771875919047,0.738153132044881
"351312",-0.681151836151995,NA,NA,NA,NA,NA,NA,NA,1,1,-0.681151836151995,"-0.815514589625137",-0.0791771875919047,0.738153132044881
"351313",NA,NA,NA,NA,NA,NA,NA,NA,0,NA,NA,"NaN",-0.0791771875919047,0.738153132044881
"351314",NA,NA,NA,NA,NA,NA,NA,NA,0,NA,NA,"NaN",-0.0791771875919047,0.738153132044881
"351315",0.570625650471623,NA,NA,NA,NA,NA,-0.523958114384714,NA,2,0.5,0.0233337680434547,"0.138874917933867",-0.0791771875919047,0.738153132044881
"351316",-1.03880254661589,NA,NA,NA,NA,NA,-1.17576748206939,NA,2,0.5,-1.10728501434264,"-1.39281103353528",-0.0791771875919047,0.738153132044881
"351318",-0.323501125688104,NA,NA,NA,NA,NA,-0.994709324379199,NA,2,0.5,-0.659105225033652,"-0.785647330161957",-0.0791771875919047,0.738153132044881
"351319",0.391800295239677,NA,NA,NA,NA,NA,0.526179200218371,NA,2,0.5,0.458989747729024,"0.729072210030544",-0.0791771875919047,0.738153132044881
"351320",0.0341495847757862,NA,NA,NA,NA,NA,-0.922286061303123,NA,2,0.5,-0.444068238263669,"-0.494329746540421",-0.0791771875919047,0.738153132044881
"351321",0.212974940007734,NA,NA,NA,NA,NA,0.453755937142296,NA,2,0.5,0.333365438575015,"0.55888488208953",-0.0791771875919047,0.738153132044881
"351322",NA,NA,NA,NA,NA,NA,NA,NA,0,NA,NA,"NaN",-0.0791771875919047,0.738153132044881
"351323",0.0341495847757862,NA,NA,NA,NA,NA,0.236486147914072,NA,2,0.5,0.135317866344929,"0.290583409627519",-0.0791771875919047,0.738153132044881
"351324",-0.144675770456158,NA,NA,NA,NA,0.217750524185757,0.200274516376035,NA,3,0.333333333333333,0.0911164233685444,"0.230702280553481",-0.0791771875919047,0.738153132044881
"351325",NA,NA,NA,NA,NA,NA,NA,NA,0,NA,NA,"NaN",-0.0791771875919047,0.738153132044881
"351326",-0.323501125688104,NA,NA,NA,NA,NA,-0.415323219770601,NA,2,0.5,-0.369412172729352,"-0.393190752077986",-0.0791771875919047,0.738153132044881
"351327",-1.03880254661589,NA,NA,NA,NA,-0.744561075079217,0.381332674066222,NA,3,0.333333333333333,-0.467343649209627,"-0.525861701002878",-0.0791771875919047,0.738153132044881
"351328",-0.144675770456158,NA,NA,NA,NA,NA,NA,NA,1,1,-0.144675770456158,"-0.0887330555420189",-0.0791771875919047,0.738153132044881
"351329",NA,NA,NA,NA,NA,NA,NA,NA,0,NA,NA,"NaN",-0.0791771875919047,0.738153132044881
"351330",-0.859977191383941,NA,NA,NA,0.114578641597884,-0.332141818251371,-2.18969316513443,NA,4,0.25,-0.816808383292965,"-0.999292915898935",-0.0791771875919047,0.738153132044881
"351331",-1.57527861231172,NA,NA,NA,NA,NA,-0.306688325156488,NA,2,0.5,-0.940983468734105,"-1.16751693345088",-0.0791771875919047,0.738153132044881
"351332",-0.681151836151995,NA,NA,NA,NA,-1.61522395060467,0.12785125329996,NA,3,0.333333333333333,-0.722841511152235,"-0.871992945118594",-0.0791771875919047,0.738153132044881
"351333",0.391800295239677,NA,NA,NA,-0.272405935183971,0.0344530767067141,-1.53788379744976,NA,4,0.25,-0.346009090171835,"-0.361485836740589",-0.0791771875919047,0.738153132044881
"351334",0.0341495847757862,NA,NA,NA,0.179076071061526,-1.47775086499539,-0.56016974592275,NA,4,0.25,-0.456173738770206,"-0.510729460882894",-0.0791771875919047,0.738153132044881
"351335",-0.144675770456158,NA,NA,NA,-1.36886223606589,-1.06533160816754,-0.487746482846675,NA,4,0.25,-0.766654024384067,"-0.93134717844747",-0.0791771875919047,0.738153132044881
"351336",-0.50232648092005,NA,NA,NA,NA,-0.790385436948978,-0.0894185359282648,NA,3,0.333333333333333,-0.460710151265764,"-0.516875086090757",-0.0791771875919047,0.738153132044881
"351364",NA,NA,NA,NA,NA,NA,NA,NA,0,NA,NA,"NaN",-0.0791771875919047,0.738153132044881
"360001",0.391800295239677,-0.424966814265853,-0.223042825948403,-0.527133930886914,-0.659390511965826,0.0344530767067141,0.200274516376035,0.431777994283622,8,0.125,-0.0970285250576184,"-0.024183786115302",-0.0791771875919047,0.738153132044881
"360002",-0.144675770456158,NA,NA,NA,0.501563218379738,0.675994142883363,0.200274516376035,0.196999206294956,5,0.2,0.286031062695587,"0.494759467152523",-0.0791771875919047,0.738153132044881
"360003",0.0341495847757862,-1.00706949268565,0.292299335068155,0.669179242181237,-0.659390511965826,0.0344530767067141,1.35904672559323,0.549167388277956,8,0.125,0.158979418493951,"0.322638482107498",-0.0791771875919047,0.738153132044881
"360006",1.10710171616746,0.375909813715717,1.66654509777897,1.38696714602213,-1.23986737713861,0.630169781013603,0.164062884837997,0.0209151153034555,8,0.125,0.513975522212591,"0.803563222933573",-0.0791771875919047,0.738153132044881
"360008",-1.03880254661589,0.482923501075322,-3.31509579204775,0.0710226556471613,0.30807092998881,0.263574886055518,-0.523958114384714,-2.73773564356338,8,0.125,-0.811250015480614,"-0.991762814662417",-0.0791771875919047,0.738153132044881
"360009",-1.03880254661589,-0.357651752862229,0.206408974898728,0.908441876794867,-1.04637508874768,0.355223609795039,0.0554279902238849,0.549167388277956,8,0.125,-0.046019943529415,"0.0449191944368444",-0.0791771875919047,0.738153132044881
"360010",0.749451005703569,NA,NA,NA,-0.917380229820394,-1.01950724629778,-0.849862798227049,0.783946176266623,5,0.2,-0.250670618475007,"-0.232327715535149",-0.0791771875919047,0.738153132044881
"360011",0.391800295239677,-1.44073383057437,2.18188725879553,NA,0.56606064784338,-0.0571956470328073,0.345121042528184,1.66436663122412,7,0.142857142857143,0.521615199717673,"0.813912941946373",-0.0791771875919047,0.738153132044881
"360012",0.570625650471623,0.0475331359711178,-0.738384986964961,NA,-0.272405935183971,-1.38610214125587,-0.777439535150975,0.0209151153034555,7,0.142857142857143,-0.362179813829939,"-0.383392840797196",-0.0791771875919047,0.738153132044881
"360013",-0.681151836151995,NA,0.292299335068155,NA,-0.014416217329402,-1.89017012182323,-0.270476693618452,-1.44645230962571,6,0.166666666666667,-0.668394640580106,"-0.798232002831056",-0.0791771875919047,0.738153132044881
"360014",0.391800295239677,NA,NA,NA,0.56606064784338,0.905115952232167,1.32283509405519,-0.56603185466821,5,0.2,0.523956026940442,"0.817084136541569",-0.0791771875919047,0.738153132044881
"360016",0.928276360935514,0.657252249838553,0.464080055407006,-0.287871296273283,1.08204008355252,1.59248138027858,0.815872252522671,-0.507337157671043,8,0.125,0.593099241073814,"0.910754692326962",-0.0791771875919047,0.738153132044881
"360017",0.212974940007734,-1.23145303069772,-1.08194642764267,0.0710226556471613,0.243573500525168,0.905115952232167,-0.0894185359282648,-0.56603185466821,8,0.125,-0.192020350065579,"-0.152872293803142",-0.0791771875919047,0.738153132044881
"36001F",NA,-1.13652153384646,0.37818969523758,NA,1.2110349424798,1.31753520906001,1.43146998866931,NA,5,0.2,0.640341660320048,"0.974755530629118",-0.0791771875919047,0.738153132044881
"360020",1.46475242663135,2.33451919647883,1.23709329693184,0.310285290260791,-0.78838537089311,0.263574886055518,0.924507147136782,0.314388600289289,8,0.125,0.757591934111412,"1.13359828113882",-0.0791771875919047,0.738153132044881
"360025",-1.39645325707978,NA,-0.824275347134387,NA,0.372568359452453,-1.1111559700373,0.0916396217619223,0.783946176266623,6,0.166666666666667,-0.347288402795078,"-0.363218963063171",-0.0791771875919047,0.738153132044881
"360026",0.570625650471623,NA,NA,NA,NA,0.813467228492645,1.06935367328893,NA,3,0.333333333333333,0.817815517417733,"1.21518512361348",-0.0791771875919047,0.738153132044881
"360027",2.35887920279108,1.90258088580558,0.549970415576432,1.02807319410168,1.40452723087073,1.08841339971121,1.14177693636501,0.607862085275123,8,0.125,1.26026041881211,"1.81457958823993",-0.0791771875919047,0.738153132044881
"360029",-1.21762790184783,NA,NA,NA,NA,-0.194668732642089,-1.2844023766835,NA,3,0.333333333333333,-0.89889967039114,"-1.11050464627629",-0.0791771875919047,0.738153132044881
"360032",-0.144675770456158,NA,NA,NA,0.56606064784338,-1.15698033190706,0.236486147914072,-0.0377795816937112,5,0.2,-0.107377777659896,"-0.0382042544341282",-0.0791771875919047,0.738153132044881
"360035",0.570625650471623,0.346135844248729,-0.223042825948403,-0.646765248193729,-0.723887941429468,0.126101800446235,-0.813651166689013,-0.0377795816937112,8,0.125,-0.175282933598467,"-0.130197572609797",-0.0791771875919047,0.738153132044881
"360036",-1.39645325707978,NA,-0.738384986964961,NA,-0.401400794111256,-0.469614903860653,-0.632593008998825,0.0209151153034555,6,0.166666666666667,-0.602921972618669,"-0.709534055048784",-0.0791771875919047,0.738153132044881
"360039",-0.323501125688104,0.70687553228353,1.58065473760955,0.0710226556471613,0.114578641597884,-0.423790541990892,0.345121042528184,1.07741966125246,8,0.125,0.393547575404971,"0.640415575677776",-0.0791771875919047,0.738153132044881
"36003F",NA,NA,0.893531856254137,NA,1.27553237194345,1.82160318962738,1.54010488328342,NA,4,0.25,1.3826930752771,"1.98044308071854",-0.0791771875919047,0.738153132044881
"360040",-1.03880254661589,NA,-0.910165707303813,NA,1.53352208979802,-0.194668732642089,-0.958497692841162,NA,5,0.2,-0.313722517920987,"-0.317746169659037",-0.0791771875919047,0.738153132044881
"360041",-0.323501125688104,0.336642694563603,-0.480713906456682,0.310285290260791,0.243573500525168,-0.607087989469935,0.996930410212857,-0.213863672685211,8,0.125,0.0327831501578109,"0.151676302503189",-0.0791771875919047,0.738153132044881
"360046",-0.144675770456158,NA,NA,NA,0.56606064784338,-0.377966180121132,0.0554279902238849,NA,4,0.25,0.0247116718724938,"0.140741608962084",-0.0791771875919047,0.738153132044881
"360048",-0.859977191383941,0.396622140301446,0.0346282545598759,-0.88602788280736,0.695055506770665,0.126101800446235,0.200274516376035,0.138304509297789,8,0.125,-0.0193772933049069,"0.0810128572120749",-0.0791771875919047,0.738153132044881
"360051",1.6435777818633,-0.0827819187974341,0.464080055407006,1.1477045114085,0.888547795161592,1.13423776158097,1.03314204175089,-0.507337157671043,8,0.125,0.715146358837972,"1.07609588301738",-0.0791771875919047,0.738153132044881
"360054",-0.681151836151995,NA,0.0346282545598759,NA,-0.272405935183971,0.584345419143842,0.598602463294446,-0.213863672685211,6,0.166666666666667,0.00835911549616448,"0.118588270221885",-0.0791771875919047,0.738153132044881
"360055",-1.03880254661589,0.076875598634236,0.206408974898728,NA,0.759552936234307,0.126101800446235,-0.487746482846675,0.0796098123006222,7,0.142857142857143,-0.0397142724212046,"0.053461691697192",-0.0791771875919047,0.738153132044881
"360056",0.749451005703569,0.0147386188770454,0.292299335068155,0.190653972953976,-0.659390511965826,-0.790385436948978,-0.0532069043902274,0.725251479269456,8,0.125,0.0586764448208963,"0.186754788983838",-0.0791771875919047,0.738153132044881
"360058",-0.681151836151995,NA,NA,NA,0.179076071061526,0.309399247925278,-0.523958114384714,-1.09428412764271,5,0.2,-0.362183751838523,"-0.383398175745207",-0.0791771875919047,0.738153132044881
"360059",-0.144675770456158,-1.03900099617198,0.37818969523758,NA,0.372568359452453,1.18006212345073,1.43146998866931,-0.683421248662545,7,0.142857142857143,0.213598878788484,"0.396633237292269",-0.0791771875919047,0.738153132044881
"360064",0.391800295239677,1.71401241251466,1.32298365710127,0.310285290260791,1.01754265408888,0.813467228492645,-0.56016974592275,0.196999206294956,8,0.125,0.650865124758766,"0.989012009375696",-0.0791771875919047,0.738153132044881
"360065",-0.323501125688104,NA,-0.394823546287255,NA,-0.401400794111256,-0.882034160688499,1.39525835713127,-0.976894733648377,6,0.166666666666667,-0.263899333882037,"-0.250249085550044",-0.0791771875919047,0.738153132044881
"360066",1.82240313709524,0.49888925281849,-0.223042825948403,0.190653972953976,-0.143411076256686,0.950940314101927,-0.379111588232563,-0.800810642656877,8,0.125,0.239563817984388,"0.431808782946291",-0.0791771875919047,0.738153132044881
"360068",-0.144675770456158,0.365122143618982,0.549970415576432,1.26733582871531,-0.336903364647613,0.675994142883363,0.924507147136782,1.48828254023262,8,0.125,0.598704135382465,"0.918347824517737",-0.0791771875919047,0.738153132044881
"360070",0.749451005703569,0.577423491122716,-0.566604266626108,0.190653972953976,1.14653751301616,0.905115952232167,-0.0532069043902274,0.842640873263789,8,0.125,0.474001454659505,"0.749409056517796",-0.0791771875919047,0.738153132044881
"360071",-0.144675770456158,NA,NA,NA,NA,-0.103020008902567,0.272697779452109,NA,3,0.333333333333333,0.0083340000311279,"0.118554245486439",-0.0791771875919047,0.738153132044881
"360072",0.0341495847757862,0.548081028459599,-1.76906930899807,-0.766396565500545,-0.272405935183971,-0.836209798818738,-0.270476693618452,-0.976894733648377,8,0.125,-0.538652802816596,"-0.622466525274806",-0.0791771875919047,0.738153132044881
"360075",0.0341495847757862,NA,-0.738384986964961,NA,0.695055506770665,-0.561263627600174,0.924507147136782,0.431777994283622,6,0.166666666666667,0.130973603066953,"0.284698095199684",-0.0791771875919047,0.738153132044881
"360076",0.0341495847757862,-0.487535300826912,1.7524354579484,-0.287871296273283,-0.014416217329402,-1.24862905564658,0.272697779452109,0.607862085275123,8,0.125,0.0785866296719044,"0.213727762458667",-0.0791771875919047,0.738153132044881
"360077",1.82240313709524,0.0652249149297635,2.69722941981209,1.02807319410168,1.98500409604351,1.77577882775762,1.97464446173987,-0.0377795816937112,8,0.125,1.41382230872326,"2.02261486336738",-0.0791771875919047,0.738153132044881
"360078",0.212974940007734,NA,-1.33961750815094,NA,0.30807092998881,1.45500829466929,-0.813651166689013,1.13611435824962,6,0.166666666666667,0.159816641345918,"0.323772695071747",-0.0791771875919047,0.738153132044881
"360079",0.570625650471623,0.0505536835982044,0.807641496084711,1.02807319410168,0.695055506770665,-0.0113712851630466,0.12785125329996,-1.56384170362004,8,0.125,0.213073474442969,"0.395921454976777",-0.0791771875919047,0.738153132044881
"36007F",NA,NA,0.893531856254137,NA,1.72701437818894,1.27171084719025,1.79358630404968,NA,4,0.25,1.42146084642075,"2.03296303824586",-0.0791771875919047,0.738153132044881
"360080",-1.03880254661589,NA,NA,NA,-0.723887941429468,-0.194668732642089,-2.11726990205836,NA,4,0.25,-1.01865728068645,"-1.27274416690739",-0.0791771875919047,0.738153132044881
"360082",0.749451005703569,NA,NA,NA,1.08204008355252,1.08841339971121,0.489967568680334,1.07741966125246,5,0.2,0.897458343780017,"1.32307984478286",-0.0791771875919047,0.738153132044881
"360084",-0.859977191383941,-0.544494198937671,1.58065473760955,1.1477045114085,0.695055506770665,1.27171084719025,-0.7050162720749,-0.448642460673878,8,0.125,0.267124434988571,"0.469146045104663",-0.0791771875919047,0.738153132044881
"360085",0.391800295239677,-0.806850335690254,-0.738384986964961,0.549547924874422,1.40452723087073,1.04258903784145,1.93843283020183,1.25350375224396,8,0.125,0.629395718577106,"0.95992670816972",-0.0791771875919047,0.738153132044881
"360086",0.928276360935514,1.78434802154537,1.7524354579484,0.669179242181237,0.695055506770665,0.813467228492645,0.489967568680334,0.901335570260955,8,0.125,1.00425811960189,"1.46776496658951",-0.0791771875919047,0.738153132044881
"360087",0.391800295239677,NA,NA,NA,NA,0.355223609795039,0.0916396217619223,NA,3,0.333333333333333,0.279554508932213,"0.485985469614327",-0.0791771875919047,0.738153132044881
"360089",-0.859977191383941,NA,NA,NA,-0.207908505720328,0.44687233353456,-0.270476693618452,NA,4,0.25,-0.22287251429704,"-0.194668721796331",-0.0791771875919047,0.738153132044881
"36008F",NA,NA,NA,NA,NA,NA,NA,NA,0,NA,NA,"NaN",-0.0791771875919047,0.738153132044881
"360091",1.46475242663135,0.294786534588273,-0.308933186117829,NA,1.40452723087073,1.50083265653905,1.68495140943557,0.549167388277956,7,0.142857142857143,0.941440637175015,"1.3826640848079",-0.0791771875919047,0.738153132044881
"360092",1.10710171616746,NA,NA,NA,0.437065788916096,-0.423790541990892,0.526179200218371,NA,4,0.25,0.411639040827759,"0.664924670928337",-0.0791771875919047,0.738153132044881
"360095",-0.144675770456158,-1.35356945619276,-2.11263074967578,0.669179242181237,-0.917380229820394,-1.98181884556275,-0.270476693618452,-2.79643034056054,8,0.125,-1.1134753554632,"-1.40119728951907",-0.0791771875919047,0.738153132044881
"360096",1.82240313709524,NA,-0.0512621056095504,NA,0.953045224625234,1.59248138027858,1.97464446173987,0.373083297286456,6,0.166666666666667,1.11073256590264,"1.61200935393741",-0.0791771875919047,0.738153132044881
"360098",0.570625650471623,-1.52099409609408,-0.223042825948403,0.429916607567607,0.695055506770665,-0.194668732642089,-0.125630167466301,-0.0377795816937112,8,0.125,-0.0508147048793359,"0.0384235756529233",-0.0791771875919047,0.738153132044881
"360107",0.391800295239677,NA,NA,NA,-0.207908505720328,-0.28631745638161,-0.270476693618452,NA,4,0.25,-0.0932255901201782,"-0.0190318267557245",-0.0791771875919047,0.738153132044881
"360109",0.0341495847757862,NA,NA,NA,NA,0.813467228492645,0.0554279902238849,NA,3,0.333333333333333,0.301014934497439,"0.515058604487811",-0.0791771875919047,0.738153132044881
"360112",0.570625650471623,-0.715802400073815,0.721751135915285,0.310285290260791,-0.981877659284037,-0.0113712851630466,0.12785125329996,0.901335570260955,8,0.125,0.115349694460964,"0.263531879237548",-0.0791771875919047,0.738153132044881
"360118",0.212974940007734,-0.469843521868268,1.15120293676242,-0.88602788280736,1.46902466033437,1.08841339971121,0.888295515598744,0.549167388277956,8,0.125,0.500400929502101,"0.785173281712454",-0.0791771875919047,0.738153132044881
"360121",-0.50232648092005,NA,0.979422216423564,NA,-0.272405935183971,0.0802774385764748,-1.79136521821602,NA,5,0.2,-0.301279595864001,"-0.300889339393322",-0.0791771875919047,0.738153132044881
"360123",0.0341495847757862,1.07667686319959,-0.566604266626108,NA,0.372568359452453,0.126101800446235,0.671025726370521,-0.0964742786908779,7,0.142857142857143,0.231063398418228,"0.420292988733495",-0.0791771875919047,0.738153132044881
"360125",-1.75410396754367,NA,0.206408974898728,NA,-0.401400794111256,0.355223609795039,0.272697779452109,0.255693903292122,6,0.166666666666667,-0.177580082369487,"-0.133309594589107",-0.0791771875919047,0.738153132044881
"360131",-0.144675770456158,NA,NA,NA,-0.207908505720328,0.492696695404321,0.345121042528184,NA,4,0.25,0.121308365439005,"0.271604284161893",-0.0791771875919047,0.738153132044881
"360132",0.749451005703569,0.484649528290801,-0.996056067473239,NA,-0.272405935183971,-0.194668732642089,-0.016995272852189,0.0209151153034555,7,0.142857142857143,-0.0321586226933804,"0.063697575553558",-0.0791771875919047,0.738153132044881
"360133",1.2859270713994,-0.624322957653506,1.49476437744012,-0.287871296273283,0.695055506770665,0.309399247925278,1.39525835713127,0.314388600289289,8,0.125,0.572824863378655,"0.883288334988622",-0.0791771875919047,0.738153132044881
"360134",0.212974940007734,0.747868678651122,-0.652494626795534,NA,-0.336903364647613,1.63830574214834,0.381332674066222,-0.213863672685211,7,0.142857142857143,0.253888624392151,"0.451215063006472",-0.0791771875919047,0.738153132044881
"360137",0.391800295239677,0.461348160881853,-0.0512621056095504,1.38696714602213,0.759552936234307,1.50083265653905,0.0554279902238849,-1.56384170362004,8,0.125,0.367603171988914,"0.60526785051107",-0.0791771875919047,0.738153132044881
"360143",1.82240313709524,NA,NA,NA,0.0500812121342405,0.950940314101927,0.96071877867482,1.19480905524679,5,0.2,0.995790499450604,"1.45629360680833",-0.0791771875919047,0.738153132044881
"360144",1.6435777818633,NA,NA,NA,1.53352208979802,1.36335957092977,1.97464446173987,0.666556782272289,5,0.2,1.43633213732065,"2.05310965858018",-0.0791771875919047,0.738153132044881
"360145",-0.144675770456158,0.366848170834459,1.4088740172707,0.0710226556471613,0.630558077307023,0.4010479716648,0.96071877867482,0.549167388277956,8,0.125,0.530445161152594,"0.825875177221945",-0.0791771875919047,0.738153132044881
"360147",-0.144675770456158,-0.177713415648698,-0.738384986964961,-1.12529051742099,1.72701437818894,0.0344530767067141,0.417544305604259,-1.44645230962571,8,0.125,-0.181688154952075,"-0.138874933817849",-0.0791771875919047,0.738153132044881
"360148",-0.144675770456158,NA,NA,NA,NA,-1.38610214125587,-0.922286061303123,NA,3,0.333333333333333,-0.817687991005049,"-1.00048454900851",-0.0791771875919047,0.738153132044881
"360150",-0.50232648092005,NA,NA,NA,-0.981877659284037,0.217750524185757,0.489967568680334,-0.389947763676711,5,0.2,-0.233286762202941,"-0.208777241361982",-0.0791771875919047,0.738153132044881
"360152",0.391800295239677,0.428122136983912,0.120518614729302,NA,0.501563218379738,0.996764675971688,-0.125630167466301,-0.448642460673878,7,0.142857142857143,0.266356616166305,"0.468105856031511",-0.0791771875919047,0.738153132044881
"360155",0.749451005703569,0.746574158239514,0.635860775745859,NA,1.27553237194345,0.44687233353456,0.924507147136782,-0.683421248662545,7,0.142857142857143,0.585053791948741,"0.899855261333849",-0.0791771875919047,0.738153132044881
"360156",-0.50232648092005,NA,NA,NA,-0.530395653038541,-0.103020008902567,-0.668804640536862,0.842640873263789,5,0.2,-0.192381182026846,"-0.153361124569554",-0.0791771875919047,0.738153132044881
"360159",0.570625650471623,-0.312343538455944,-0.652494626795534,-0.407502613580099,-0.594893082502183,-0.0571956470328073,-0.0532069043902274,0.783946176266623,8,0.125,-0.0903830732523187,"-0.0151809769192074",-0.0791771875919047,0.738153132044881
"360161",0.391800295239677,NA,-0.738384986964961,NA,1.46902466033437,0.44687233353456,0.236486147914072,-0.0964742786908779,6,0.166666666666667,0.284887361894474,"0.493210058565793",-0.0791771875919047,0.738153132044881
"360163",0.212974940007734,-0.375343531820874,0.292299335068155,0.788810559488052,-0.917380229820394,0.721818504753124,0.96071877867482,1.07741966125246,8,0.125,0.345164752200384,"0.574869795128754",-0.0791771875919047,0.738153132044881
"360170",-0.323501125688104,NA,NA,NA,-0.207908505720328,-1.52357522686515,0.0916396217619223,NA,4,0.25,-0.490836309127914,"-0.557687969697567",-0.0791771875919047,0.738153132044881
"360172",-0.144675770456158,0.837622093855953,-1.42550786832037,NA,-0.0789136467930435,0.217750524185757,-0.0532069043902274,-0.56603185466821,7,0.142857142857143,-0.173280489512329,"-0.127484796629844",-0.0791771875919047,0.738153132044881
"360174",-0.144675770456158,NA,-0.223042825948403,NA,0.501563218379738,-0.836209798818738,0.743448989446595,1.60567193422696,6,0.166666666666667,0.274459291138331,"0.479082812736388",-0.0791771875919047,0.738153132044881
"360175",-1.39645325707978,NA,0.464080055407006,NA,-0.917380229820394,0.126101800446235,-0.994709324379199,-0.74211594565971,6,0.166666666666667,-0.576746150180973,"-0.674072819024245",-0.0791771875919047,0.738153132044881
"360179",-0.323501125688104,0.288745439334101,0.120518614729302,0.0710226556471613,-0.981877659284037,0.217750524185757,-0.849862798227049,0.255693903292122,8,0.125,-0.150188805751343,"-0.0962017433465568",-0.0791771875919047,0.738153132044881
"360180",3.25300597895081,0.0928413503774032,2.01010653845668,1.9851237325562,0.630558077307023,2.18819808458546,1.54010488328342,1.84045072221562,8,0.125,1.69254867096658,"2.40021451057226",-0.0791771875919047,0.738153132044881
"360185",0.0341495847757862,NA,NA,NA,0.695055506770665,0.263574886055518,0.236486147914072,-0.0964742786908779,5,0.2,0.226558369365033,"0.414189879693348",-0.0791771875919047,0.738153132044881
"360189",-0.681151836151995,NA,NA,NA,NA,-0.103020008902567,-0.234265062080414,NA,3,0.333333333333333,-0.339478969044992,"-0.352639269756917",-0.0791771875919047,0.738153132044881
"360197",0.391800295239677,NA,-0.738384986964961,NA,0.437065788916096,0.171926162315996,-0.270476693618452,NA,5,0.2,-0.00161388682232856,"0.105077520371288",-0.0791771875919047,0.738153132044881
"360203",-1.57527861231172,NA,NA,NA,0.372568359452453,0.950940314101927,-0.0532069043902274,NA,4,0.25,-0.0762442107868925,"0.00397339884867397",-0.0791771875919047,0.738153132044881
"360210",-1.03880254661589,NA,NA,NA,-0.594893082502183,-0.332141818251371,0.598602463294446,NA,4,0.25,-0.341808746018749,"-0.355795494221212",-0.0791771875919047,0.738153132044881
"360211",0.212974940007734,1.39987545929775,-0.738384986964961,-0.168239978966468,-1.23986737713861,-0.332141818251371,0.381332674066222,-0.800810642656877,8,0.125,-0.160657716325821,"-0.110384316203054",-0.0791771875919047,0.738153132044881
"360218",-1.57527861231172,0.34527283064099,0.721751135915285,NA,0.243573500525168,-0.0113712851630466,-0.342899956694526,-0.213863672685211,7,0.142857142857143,-0.118973722824723,"-0.0539136576208403",-0.0791771875919047,0.738153132044881
"360230",2.71652991325497,0.645601566134079,1.4088740172707,0.788810559488052,0.437065788916096,1.59248138027858,2.19191425096809,1.13611435824962,8,0.125,1.36467397932002,"1.95603202673147",-0.0791771875919047,0.738153132044881
"360234",1.46475242663135,-0.675672267313962,0.464080055407006,NA,0.630558077307023,0.309399247925278,1.17798856790304,0.373083297286456,7,0.142857142857143,0.534884200735171,"0.831888888184979",-0.0791771875919047,0.738153132044881
"360236",1.2859270713994,NA,NA,NA,1.08204008355252,0.767642866622885,0.852083884060707,NA,4,0.25,0.996923476408879,"1.4578284874572",-0.0791771875919047,0.738153132044881
"360239",0.928276360935514,NA,NA,NA,-0.530395653038541,0.492696695404321,0.381332674066222,0.373083297286456,5,0.2,0.328998674930794,"0.552969085685437",-0.0791771875919047,0.738153132044881
"360245",0.570625650471623,NA,NA,NA,NA,NA,NA,NA,1,1,0.570625650471623,"0.880308989902137",-0.0791771875919047,0.738153132044881
"360259",-0.681151836151995,NA,0.893531856254137,NA,0.630558077307023,-0.103020008902567,-0.523958114384714,NA,5,0.2,0.0431919948243767,"0.165777502125184",-0.0791771875919047,0.738153132044881
"360263",0.570625650471623,NA,NA,NA,NA,NA,NA,NA,1,1,0.570625650471623,"0.880308989902137",-0.0791771875919047,0.738153132044881
"360266",0.0341495847757862,NA,NA,NA,NA,NA,NA,NA,1,1,0.0341495847757862,"0.153527455819019",-0.0791771875919047,0.738153132044881
"360270",0.0341495847757862,NA,NA,NA,1.34002980140709,-0.103020008902567,0.526179200218371,NA,4,0.25,0.44933464437467,"0.715992128222034",-0.0791771875919047,0.738153132044881
"360276",0.749451005703569,0.214526269068568,0.807641496084711,NA,-0.530395653038541,1.59248138027858,-0.342899956694526,0.373083297286456,7,0.142857142857143,0.409126834098402,"0.661521302954544",-0.0791771875919047,0.738153132044881
"360348",0.391800295239677,-0.242870943032974,-0.480713906456682,NA,1.08204008355252,-1.43192650312563,0.272697779452109,0.666556782272289,7,0.142857142857143,0.0367976554144732,"0.157114883039373",-0.0791771875919047,0.738153132044881
"360351",1.10710171616746,NA,NA,NA,NA,NA,NA,NA,1,1,1.10710171616746,"1.60709052398526",-0.0791771875919047,0.738153132044881
"360352",0.212974940007734,NA,NA,NA,NA,NA,NA,NA,1,1,0.212974940007734,"0.395787967180062",-0.0791771875919047,0.738153132044881
"360354",0.391800295239677,NA,0.292299335068155,NA,-0.272405935183971,0.492696695404321,-0.487746482846675,1.89914541921279,6,0.166666666666667,0.385964887815716,"0.63014306275319",-0.0791771875919047,0.738153132044881
"360355",0.212974940007734,NA,NA,NA,NA,NA,NA,NA,1,1,0.212974940007734,"0.395787967180062",-0.0791771875919047,0.738153132044881
"360358",NA,NA,NA,NA,NA,NA,NA,NA,0,NA,NA,"NaN",-0.0791771875919047,0.738153132044881
"360359",0.212974940007734,-0.66359007680562,0.0346282545598759,0.908441876794867,0.437065788916096,1.18006212345073,1.10556530482697,0.0796098123006222,8,0.125,0.411844753006409,"0.665203355891822",-0.0791771875919047,0.738153132044881
"360360",0.749451005703569,1.33385491830574,1.7524354579484,NA,0.372568359452453,0.0344530767067141,0.671025726370521,-0.389947763676711,7,0.142857142857143,0.646262968687241,"0.982777319212184",-0.0791771875919047,0.738153132044881
"360361",NA,NA,NA,NA,NA,NA,NA,NA,0,NA,NA,"NaN",-0.0791771875919047,0.738153132044881
"360364",2.00122849232719,NA,0.549970415576432,NA,0.888547795161592,1.59248138027858,1.79358630404968,0.901335570260955,6,0.166666666666667,1.28785832627574,"1.85196736899373",-0.0791771875919047,0.738153132044881
"360365",-0.50232648092005,NA,-0.824275347134387,NA,-0.143411076256686,0.996764675971688,0.852083884060707,0.0796098123006222,6,0.166666666666667,0.0764075780036491,"0.210775730456555",-0.0791771875919047,0.738153132044881
"360367",0.212974940007734,NA,NA,NA,NA,NA,NA,NA,1,1,0.212974940007734,"0.395787967180062",-0.0791771875919047,0.738153132044881
"360368",0.928276360935514,NA,NA,NA,0.630558077307023,0.263574886055518,0.815872252522671,0.842640873263789,5,0.2,0.696184490016903,"1.05040762403981",-0.0791771875919047,0.738153132044881
"360374",0.212974940007734,NA,NA,NA,NA,NA,NA,NA,1,1,0.212974940007734,"0.395787967180062",-0.0791771875919047,0.738153132044881
"361300",-0.681151836151995,NA,NA,NA,NA,NA,-0.7050162720749,NA,2,0.5,-0.693084054113448,"-0.831679552481011",-0.0791771875919047,0.738153132044881
"361302",NA,NA,NA,NA,NA,NA,NA,NA,0,NA,NA,"NaN",-0.0791771875919047,0.738153132044881
"361303",NA,NA,NA,NA,NA,NA,NA,NA,0,NA,NA,"NaN",-0.0791771875919047,0.738153132044881
"361304",NA,NA,NA,NA,NA,NA,-0.379111588232563,NA,1,1,-0.379111588232563,"-0.406330864992417",-0.0791771875919047,0.738153132044881
"361306",0.570625650471623,NA,NA,NA,0.372568359452453,0.355223609795039,0.345121042528184,NA,4,0.25,0.410884665561825,"0.663902694277172",-0.0791771875919047,0.738153132044881
"361307",0.570625650471623,NA,NA,NA,0.630558077307023,0.859291590362406,1.14177693636501,-0.507337157671043,5,0.2,0.538983019367003,"0.837441690786354",-0.0791771875919047,0.738153132044881
"361308",0.0341495847757862,NA,NA,NA,0.501563218379738,-0.744561075079217,0.779660620984633,NA,4,0.25,0.142703087265235,"0.300588408048168",-0.0791771875919047,0.738153132044881
"361309",-0.144675770456158,NA,NA,NA,-1.6913493833841,-1.66104831247443,-0.777439535150975,NA,4,0.25,-1.06862825036642,"-1.34044146101971",-0.0791771875919047,0.738153132044881
"361310",-0.323501125688104,NA,NA,NA,NA,NA,-0.451534851308639,NA,2,0.5,-0.387517988498371,"-0.417719288208235",-0.0791771875919047,0.738153132044881
"361311",0.391800295239677,NA,NA,NA,NA,NA,NA,NA,1,1,0.391800295239677,"0.638048478541098",-0.0791771875919047,0.738153132044881
"361312",0.0341495847757862,NA,NA,NA,0.888547795161592,0.0802774385764748,-0.270476693618452,NA,4,0.25,0.18312453122385,"0.355348649797244",-0.0791771875919047,0.738153132044881
"361313",-0.859977191383941,NA,NA,NA,NA,NA,NA,NA,1,1,-0.859977191383941,"-1.05777510098618",-0.0791771875919047,0.738153132044881
"361314",-1.03880254661589,NA,NA,NA,-0.78838537089311,-0.744561075079217,-0.125630167466301,NA,4,0.25,-0.674344790013629,"-0.806292863342531",-0.0791771875919047,0.738153132044881
"361315",0.212974940007734,NA,NA,NA,NA,NA,0.200274516376035,NA,2,0.5,0.206624728191884,"0.387185129177792",-0.0791771875919047,0.738153132044881
"361316",-0.859977191383941,NA,NA,NA,NA,NA,-1.53788379744976,NA,2,0.5,-1.19893049441685,"-1.51696613915724",-0.0791771875919047,0.738153132044881
"361318",0.391800295239677,NA,NA,NA,-0.336903364647613,0.675994142883363,0.598602463294446,NA,4,0.25,0.332373384192468,"0.55754091382674",-0.0791771875919047,0.738153132044881
"361319",0.928276360935514,NA,NA,NA,NA,NA,NA,NA,1,1,0.928276360935514,"1.36483001262422",-0.0791771875919047,0.738153132044881
"361320",0.0341495847757862,NA,NA,NA,0.30807092998881,NA,-0.632593008998825,NA,3,0.333333333333333,-0.0967908314114095,"-0.0238617748199623",-0.0791771875919047,0.738153132044881
"361321",-0.323501125688104,NA,NA,NA,NA,NA,-1.64651869206387,NA,2,0.5,-0.985009908875988,"-1.22716098050642",-0.0791771875919047,0.738153132044881
"361322",NA,NA,NA,NA,NA,NA,NA,NA,0,NA,NA,"NaN",-0.0791771875919047,0.738153132044881
"361323",-0.144675770456158,NA,NA,NA,NA,NA,-1.5740954289878,NA,2,0.5,-0.859385599721978,"-1.05697365256541",-0.0791771875919047,0.738153132044881
"361324",0.570625650471623,NA,NA,NA,NA,0.675994142883363,0.924507147136782,NA,3,0.333333333333333,0.723708980163923,"1.08769594397252",-0.0791771875919047,0.738153132044881
"361325",-1.75410396754367,NA,-0.566604266626108,NA,NA,-2.30258937865108,-0.415323219770601,NA,4,0.25,-1.25965520814786,"-1.5992318792792",-0.0791771875919047,0.738153132044881
"361326",-0.323501125688104,NA,NA,NA,0.30807092998881,-0.28631745638161,0.12785125329996,NA,4,0.25,-0.043474099695236,"0.0483681316880166",-0.0791771875919047,0.738153132044881
"361327",NA,NA,NA,NA,NA,NA,NA,NA,0,NA,NA,"NaN",-0.0791771875919047,0.738153132044881
"361328",-0.323501125688104,NA,NA,NA,0.630558077307023,0.171926162315996,-1.61030706052583,NA,4,0.25,-0.28283098664773,"-0.275896409856922",-0.0791771875919047,0.738153132044881
"361329",0.0341495847757862,NA,NA,NA,0.372568359452453,-0.240493094511849,0.996930410212857,NA,4,0.25,0.290788814982312,"0.501204948557641",-0.0791771875919047,0.738153132044881
"361330",0.749451005703569,NA,NA,NA,NA,NA,0.852083884060707,NA,2,0.5,0.800767444882138,"1.19208954656382",-0.0791771875919047,0.738153132044881
"361331",0.570625650471623,NA,NA,NA,NA,-0.28631745638161,0.671025726370521,NA,3,0.333333333333333,0.318444640153511,"0.53867119230924",-0.0791771875919047,0.738153132044881
"361332",-0.323501125688104,NA,NA,NA,0.501563218379738,0.217750524185757,0.743448989446595,NA,4,0.25,0.284815401580996,"0.493112571594114",-0.0791771875919047,0.738153132044881
"361333",-1.39645325707978,NA,NA,NA,-2.33632367802053,-0.973682884428019,-0.415323219770601,NA,4,0.25,-1.28044575982473,"-1.62739751425967",-0.0791771875919047,0.738153132044881
"361334",0.391800295239677,NA,NA,NA,NA,NA,-0.306688325156488,NA,2,0.5,0.0425559850415946,"0.164915879034837",-0.0791771875919047,0.738153132044881
"370001",0.570625650471623,-0.137151776084977,0.0346282545598759,0.669179242181237,0.372568359452453,0.44687233353456,-1.2844023766835,-1.79862049160871,8,0.125,-0.14078760052218,"-0.0834656255668763",-0.0791771875919047,0.738153132044881
"370002",0.212974940007734,NA,NA,NA,0.501563218379738,-0.332141818251371,-1.21197911360742,NA,4,0.25,-0.207395693367831,"-0.173701770282714",-0.0791771875919047,0.738153132044881
"370004",-1.39645325707978,NA,NA,NA,-0.401400794111256,-2.02764320743252,-0.849862798227049,NA,4,0.25,-1.16884001421265,"-1.47620158923134",-0.0791771875919047,0.738153132044881
"370006",-2.11175467800756,NA,NA,NA,-0.207908505720328,0.675994142883363,-2.08105827052032,-0.213863672685211,5,0.2,-0.787718196810011,"-0.959883496335319",-0.0791771875919047,0.738153132044881
"370008",-2.2905800332395,-0.950110594574887,-1.33961750815094,-0.646765248193729,-2.98129797265695,-1.47775086499539,0.598602463294446,-1.09428412764271,8,0.125,-1.27272548576996,"-1.61693860848576",-0.0791771875919047,0.738153132044881
"370013",-0.323501125688104,0.535998837951257,NA,NA,0.501563218379738,-0.836209798818738,0.0192163586858474,0.549167388277956,6,0.166666666666667,0.0743724797979926,"0.208018716881311",-0.0791771875919047,0.738153132044881
"370014",-0.681151836151995,NA,-1.8549596691675,NA,0.56606064784338,0.0802774385764748,-0.0532069043902274,0.196999206294956,6,0.166666666666667,-0.290996852832486,"-0.286958973748149",-0.0791771875919047,0.738153132044881
"370015",0.212974940007734,NA,NA,NA,NA,0.492696695404321,1.46768162020734,NA,3,0.333333333333333,0.724451085206466,"1.0887012977539",-0.0791771875919047,0.738153132044881
"370016",-1.39645325707978,NA,0.549970415576432,NA,-1.49785709499318,-1.79852139808371,-0.596381377460788,-0.683421248662545,6,0.166666666666667,-0.903777326783928,"-1.11711256566461",-0.0791771875919047,0.738153132044881
"370018",-1.39645325707978,-0.406843528503339,-1.08194642764267,NA,-2.07833396016596,-2.71500863547892,0.0554279902238849,-1.50514700662288,7,0.142857142857143,-1.30404354646709,"-1.65936620153867",-0.0791771875919047,0.738153132044881
"370019",-0.144675770456158,NA,NA,NA,NA,-1.29445341751635,0.236486147914072,NA,3,0.333333333333333,-0.400881013352811,"-0.435822611589686",-0.0791771875919047,0.738153132044881
"370020",0.928276360935514,NA,NA,NA,0.372568359452453,0.859291590362406,1.03314204175089,0.373083297286456,5,0.2,0.713272329957545,"1.07355707528349",-0.0791771875919047,0.738153132044881
"370022",-1.03880254661589,NA,NA,NA,-0.401400794111256,-0.790385436948978,-0.596381377460788,0.431777994283622,5,0.2,-0.479038432170657,"-0.541705002959251",-0.0791771875919047,0.738153132044881
"370023",0.391800295239677,0.0160331392886535,-0.223042825948403,NA,0.114578641597884,0.355223609795039,0.381332674066222,-0.0377795816937112,7,0.142857142857143,0.14259227890648,"0.300438292368989",-0.0791771875919047,0.738153132044881
"370025",1.6435777818633,1.06459467269125,0.464080055407006,NA,2.17849638443444,1.27171084719025,1.06935367328893,1.42958784323546,7,0.142857142857143,1.30305732258723,"1.87255794248272",-0.0791771875919047,0.738153132044881
"370026",-1.03880254661589,0.551964589694423,-0.480713906456682,NA,-1.11087251821132,-1.3402777793861,-2.00863500744424,-1.68123109761438,7,0.142857142857143,-1.0155097522906,"-1.26848010805672",-0.0791771875919047,0.738153132044881
"370028",0.0341495847757862,-0.650213365885669,-1.16783678781209,-0.407502613580099,-0.78838537089311,-0.744561075079217,0.562390831756408,-1.03558943064554,8,0.125,-0.524693528420442,"-0.603555443291744",-0.0791771875919047,0.738153132044881
"370034",-0.144675770456158,NA,0.635860775745859,NA,0.179076071061526,0.950940314101927,-0.523958114384714,0.314388600289289,6,0.166666666666667,0.235271979392955,"0.425994489942421",-0.0791771875919047,0.738153132044881
"370037",0.0341495847757862,-0.821953073825682,1.06531257659299,-0.0486086616596539,0.56606064784338,0.4010479716648,-0.379111588232563,1.25350375224396,8,0.125,0.258800151175377,"0.457868867711763",-0.0791771875919047,0.738153132044881
"370039",-0.144675770456158,NA,NA,NA,0.953045224625234,-0.882034160688499,-0.56016974592275,NA,4,0.25,-0.158458613110543,"-0.107405119719547",-0.0791771875919047,0.738153132044881
"370047",1.6435777818633,0.577854997926587,0.292299335068155,NA,0.630558077307023,1.77577882775762,1.06935367328893,1.31219844924112,7,0.142857142857143,1.0430887346361,"1.52037006077456",-0.0791771875919047,0.738153132044881
"370049",0.212974940007734,-0.111261367852813,-1.16783678781209,NA,-0.594893082502183,-0.698736713209456,0.634814094832484,-1.09428412764271,7,0.142857142857143,-0.402746149168434,"-0.438349371600114",-0.0791771875919047,0.738153132044881
"370054",-2.6482307437034,NA,NA,NA,-1.23986737713861,-0.561263627600174,-0.596381377460788,NA,4,0.25,-1.26143578147574,"-1.60164407974354",-0.0791771875919047,0.738153132044881
"370056",-0.144675770456158,0.318950915604959,-0.480713906456682,-2.8001289597164,1.6625169487253,0.538521057274082,0.308909410990147,0.0209151153034555,8,0.125,-0.0719631485914123,"0.00977309271926755",-0.0791771875919047,0.738153132044881
"370057",0.212974940007734,NA,NA,NA,NA,NA,0.0916396217619223,NA,2,0.5,0.152307280884828,"0.313599520787048",-0.0791771875919047,0.738153132044881
"370078",-0.859977191383941,-0.950973608182627,0.549970415576432,0.190653972953976,-0.014416217329402,-1.20280469377682,-1.93621174436817,0.0796098123006222,8,0.125,-0.518018656776242,"-0.594512778085259",-0.0791771875919047,0.738153132044881
"370083",-0.681151836151995,NA,NA,NA,-0.659390511965826,0.309399247925278,-0.56016974592275,NA,4,0.25,-0.397828211528823,"-0.431686881899655",-0.0791771875919047,0.738153132044881
"370089",0.0341495847757862,0.077307105438105,-1.33961750815094,NA,-0.207908505720328,-0.194668732642089,-0.922286061303123,0.255693903292122,7,0.142857142857143,-0.328190030615781,"-0.337345778556876",-0.0791771875919047,0.738153132044881
"370091",1.82240313709524,-0.323562715356549,-1.25372714798152,1.02807319410168,1.34002980140709,0.996764675971688,0.743448989446595,0.549167388277956,8,0.125,0.612824665370273,"0.937477364683326",-0.0791771875919047,0.738153132044881
"370093",0.570625650471623,-0.299829841143732,-1.68317894882865,NA,-0.723887941429468,0.4010479716648,-0.813651166689013,-1.56384170362004,7,0.142857142857143,-0.587530854224926,"-0.688683207540888",-0.0791771875919047,0.738153132044881
"370094",-0.50232648092005,-0.531980501625458,-1.33961750815094,NA,-0.207908505720328,0.721818504753124,0.308909410990147,1.07741966125246,7,0.142857142857143,-0.0676693456315789,"0.0155900469167501",-0.0791771875919047,0.738153132044881
"370097",-1.57527861231172,NA,NA,NA,0.114578641597884,0.263574886055518,0.0916396217619223,1.01872496425529,5,0.2,-0.017352099728222,"0.0837564526650598",-0.0791771875919047,0.738153132044881
"370099",-1.03880254661589,NA,NA,NA,0.695055506770665,NA,0.12785125329996,NA,3,0.333333333333333,-0.071965262181754,"0.00977022936984872",-0.0791771875919047,0.738153132044881
"370100",-2.46940538847145,NA,NA,NA,0.0500812121342405,-0.28631745638161,-0.813651166689013,NA,4,0.25,-0.879823199851958,"-1.08466113263253",-0.0791771875919047,0.738153132044881
"370106",-0.323501125688104,-0.569090086758226,-1.08194642764267,-0.88602788280736,-1.94933910123867,-0.882034160688499,0.671025726370521,1.72306132822129,8,0.125,-0.412231466278965,"-0.451199438474793",-0.0791771875919047,0.738153132044881
"370112",0.570625650471623,NA,NA,NA,NA,0.355223609795039,0.743448989446595,NA,3,0.333333333333333,0.556432749904419,"0.861081406964318",-0.0791771875919047,0.738153132044881
"370113",-0.144675770456158,NA,NA,NA,0.759552936234307,0.4010479716648,0.381332674066222,0.138304509297789,5,0.2,0.307112464161392,"0.52331912577973",-0.0791771875919047,0.738153132044881
"370114",-0.144675770456158,-0.487103794023043,-0.223042825948403,-2.20197237318233,1.40452723087073,-0.148844370772328,-0.596381377460788,-0.859505339654043,8,0.125,-0.407124827578295,"-0.444281309323836",-0.0791771875919047,0.738153132044881
"37012F",NA,NA,NA,NA,0.953045224625234,-0.790385436948978,1.97464446173987,NA,3,0.333333333333333,0.712434749805374,"1.07242237827306",-0.0791771875919047,0.738153132044881
"370149",-1.03880254661589,NA,-0.996056067473239,NA,-2.91680054319331,-0.377966180121132,-0.922286061303123,-0.0964742786908779,6,0.166666666666667,-1.05806427956626,"-1.32613010699092",-0.0791771875919047,0.738153132044881
"37014F",NA,0.239985170496862,0.549970415576432,NA,-0.723887941429468,1.63830574214834,0.852083884060707,NA,5,0.2,0.511291454170574,"0.799927028862864",-0.0791771875919047,0.738153132044881
"370158",-0.50232648092005,NA,NA,NA,NA,0.171926162315996,0.12785125329996,NA,3,0.333333333333333,-0.0675163551013646,"0.0157973081523565",-0.0791771875919047,0.738153132044881
"370166",-0.859977191383941,NA,NA,NA,NA,-0.194668732642089,0.634814094832484,NA,3,0.333333333333333,-0.139943943064515,"-0.0823226954334944",-0.0791771875919047,0.738153132044881
"370170",0.212974940007734,NA,NA,NA,NA,NA,NA,NA,1,1,0.212974940007734,"0.395787967180062",-0.0791771875919047,0.738153132044881
"370171",-0.681151836151995,NA,-0.910165707303813,NA,-0.143411076256686,-2.02764320743252,0.634814094832484,0.431777994283622,6,0.166666666666667,-0.449296623004817,"-0.501412809002901",-0.0791771875919047,0.738153132044881
"370172",-0.681151836151995,NA,NA,NA,NA,0.4010479716648,NA,NA,2,0.5,-0.140051932243598,"-0.0824689918784926",-0.0791771875919047,0.738153132044881
"370173",0.212974940007734,NA,NA,NA,NA,NA,NA,NA,1,1,0.212974940007734,"0.395787967180062",-0.0791771875919047,0.738153132044881
"370178",0.749451005703569,NA,NA,NA,0.759552936234307,NA,0.779660620984633,NA,3,0.333333333333333,0.762888187640836,"1.14077328765103",-0.0791771875919047,0.738153132044881
"370180",0.212974940007734,NA,NA,NA,NA,0.217750524185757,0.236486147914072,NA,3,0.333333333333333,0.222403870702521,"0.408561645547674",-0.0791771875919047,0.738153132044881
"370183",0.928276360935514,NA,NA,NA,NA,NA,-0.0532069043902274,NA,2,0.5,0.437534728272644,"0.700006398988132",-0.0791771875919047,0.738153132044881
"370192",0.212974940007734,NA,NA,NA,NA,NA,NA,NA,1,1,0.212974940007734,"0.395787967180062",-0.0791771875919047,0.738153132044881
"370199",NA,NA,NA,NA,NA,NA,NA,NA,0,NA,NA,"NaN",-0.0791771875919047,0.738153132044881
"370201",0.212974940007734,NA,NA,NA,NA,NA,NA,NA,1,1,0.212974940007734,"0.395787967180062",-0.0791771875919047,0.738153132044881
"370202",0.391800295239677,0.308163245508224,-0.996056067473239,NA,-0.401400794111256,0.171926162315996,0.526179200218371,0.314388600289289,7,0.142857142857143,0.0450000917124376,"0.168226989649611",-0.0791771875919047,0.738153132044881
"370203",0.0341495847757862,NA,NA,NA,NA,NA,NA,NA,1,1,0.0341495847757862,"0.153527455819019",-0.0791771875919047,0.738153132044881
"370206",1.82240313709524,NA,NA,NA,NA,NA,NA,NA,1,1,1.82240313709524,"2.57613256942941",-0.0791771875919047,0.738153132044881
"370210",0.928276360935514,NA,NA,NA,NA,NA,NA,NA,1,1,0.928276360935514,"1.36483001262422",-0.0791771875919047,0.738153132044881
"370211",-0.681151836151995,0.667176906327548,NA,NA,-0.0789136467930435,-0.92785852255826,-0.125630167466301,0.373083297286456,6,0.166666666666667,-0.128882328225933,"-0.0673371668780048",-0.0791771875919047,0.738153132044881
"370212",0.212974940007734,NA,NA,NA,NA,NA,NA,NA,1,1,0.212974940007734,"0.395787967180062",-0.0791771875919047,0.738153132044881
"370214",NA,NA,NA,NA,NA,NA,NA,NA,0,NA,NA,"NaN",-0.0791771875919047,0.738153132044881
"370215",-0.323501125688104,0.187341340424797,-0.910165707303813,0.908441876794867,-0.917380229820394,-1.15698033190706,-0.487746482846675,NA,7,0.142857142857143,-0.385712951478055,"-0.415273945985929",-0.0791771875919047,0.738153132044881
"370216",0.0341495847757862,NA,NA,NA,NA,NA,NA,NA,1,1,0.0341495847757862,"0.153527455819019",-0.0791771875919047,0.738153132044881
"370218",1.46475242663135,NA,0.206408974898728,NA,0.30807092998881,1.77577882775762,0.888295515598744,0.960030267258122,6,0.166666666666667,0.933889490355562,"1.37243430118762",-0.0791771875919047,0.738153132044881
"370220",0.212974940007734,NA,NA,NA,NA,NA,NA,NA,1,1,0.212974940007734,"0.395787967180062",-0.0791771875919047,0.738153132044881
"370222",0.570625650471623,NA,NA,NA,NA,NA,NA,NA,1,1,0.570625650471623,"0.880308989902137",-0.0791771875919047,0.738153132044881
"370225",0.0341495847757862,NA,NA,NA,NA,NA,NA,NA,1,1,0.0341495847757862,"0.153527455819019",-0.0791771875919047,0.738153132044881
"370227",0.0341495847757862,NA,NA,NA,NA,-0.148844370772328,0.815872252522671,NA,3,0.333333333333333,0.233725822175376,"0.423899860589166",-0.0791771875919047,0.738153132044881
"370228",0.570625650471623,NA,NA,NA,NA,0.44687233353456,0.598602463294446,NA,3,0.333333333333333,0.53870014910021,"0.837058477257192",-0.0791771875919047,0.738153132044881
"370234",0.212974940007734,-0.185049031314477,1.83832581811783,NA,-0.207908505720328,0.675994142883363,0.996930410212857,NA,6,0.166666666666667,0.555211295697829,"0.859426663316199",-0.0791771875919047,0.738153132044881
"370235",0.212974940007734,NA,NA,NA,NA,0.950940314101927,0.743448989446595,NA,3,0.333333333333333,0.635788081185419,"0.968586649218272",-0.0791771875919047,0.738153132044881
"370236",-1.39645325707978,NA,-0.738384986964961,NA,0.243573500525168,-0.469614903860653,-0.198053430542376,-0.683421248662545,6,0.166666666666667,-0.540392387764191,"-0.624823197450368",-0.0791771875919047,0.738153132044881
"370237",0.0341495847757862,NA,NA,NA,NA,0.217750524185757,-0.306688325156488,NA,3,0.333333333333333,-0.0182627387316484,"0.0825227804581781",-0.0791771875919047,0.738153132044881
"370240",-1.57527861231172,NA,NA,NA,NA,NA,-0.306688325156488,NA,2,0.5,-0.940983468734105,"-1.16751693345088",-0.0791771875919047,0.738153132044881
"370243",0.391800295239677,NA,NA,NA,NA,NA,NA,NA,1,1,0.391800295239677,"0.638048478541098",-0.0791771875919047,0.738153132044881
"370244",0.391800295239677,NA,NA,NA,NA,NA,NA,NA,1,1,0.391800295239677,"0.638048478541098",-0.0791771875919047,0.738153132044881
"370245",NA,NA,NA,NA,NA,NA,NA,NA,0,NA,NA,"NaN",-0.0791771875919047,0.738153132044881
"370246",NA,NA,NA,NA,NA,NA,NA,NA,0,NA,NA,"NaN",-0.0791771875919047,0.738153132044881
"371300",-0.859977191383941,NA,NA,NA,NA,0.171926162315996,-0.596381377460788,NA,3,0.333333333333333,-0.428144135509577,"-0.472756847824978",-0.0791771875919047,0.738153132044881
"371301",NA,NA,NA,NA,NA,NA,NA,NA,0,NA,NA,"NaN",-0.0791771875919047,0.738153132044881
"371302",NA,NA,NA,NA,NA,NA,NA,NA,0,NA,NA,"NaN",-0.0791771875919047,0.738153132044881
"371303",0.749451005703569,NA,NA,NA,NA,NA,0.562390831756408,NA,2,0.5,0.655920918729988,"0.995861257521831",-0.0791771875919047,0.738153132044881
"371304",NA,NA,NA,NA,NA,NA,NA,NA,0,NA,NA,"NaN",-0.0791771875919047,0.738153132044881
"371305",-0.323501125688104,NA,NA,NA,NA,NA,NA,NA,1,1,-0.323501125688104,"-0.330993566903058",-0.0791771875919047,0.738153132044881
"371306",NA,NA,NA,NA,NA,NA,NA,NA,0,NA,NA,"NaN",-0.0791771875919047,0.738153132044881
"371307",0.570625650471623,NA,NA,NA,NA,NA,NA,NA,1,1,0.570625650471623,"0.880308989902137",-0.0791771875919047,0.738153132044881
"371309",-1.21762790184783,NA,NA,NA,NA,NA,NA,NA,1,1,-1.21762790184783,"-1.54229612370826",-0.0791771875919047,0.738153132044881
"371310",NA,NA,NA,NA,NA,NA,NA,NA,0,NA,NA,"NaN",-0.0791771875919047,0.738153132044881
"371311",NA,NA,NA,NA,NA,NA,NA,NA,0,NA,NA,"NaN",-0.0791771875919047,0.738153132044881
"371312",0.749451005703569,NA,NA,NA,NA,NA,0.852083884060707,NA,2,0.5,0.800767444882138,"1.19208954656382",-0.0791771875919047,0.738153132044881
"371313",0.212974940007734,NA,NA,NA,NA,NA,0.852083884060707,NA,2,0.5,0.532529412034221,"0.828698779522259",-0.0791771875919047,0.738153132044881
"371314",0.391800295239677,NA,NA,NA,NA,NA,NA,NA,1,1,0.391800295239677,"0.638048478541098",-0.0791771875919047,0.738153132044881
"371316",NA,NA,NA,NA,NA,NA,NA,NA,0,NA,NA,"NaN",-0.0791771875919047,0.738153132044881
"371317",0.570625650471623,NA,NA,NA,NA,NA,NA,NA,1,1,0.570625650471623,"0.880308989902137",-0.0791771875919047,0.738153132044881
"371318",NA,NA,NA,NA,NA,NA,NA,NA,0,NA,NA,"NaN",-0.0791771875919047,0.738153132044881
"371319",-0.681151836151995,NA,NA,NA,NA,0.630169781013603,0.164062884837997,NA,3,0.333333333333333,0.0376936098998683,"0.158328661653185",-0.0791771875919047,0.738153132044881
"371320",NA,NA,NA,NA,NA,NA,NA,NA,0,NA,NA,"NaN",-0.0791771875919047,0.738153132044881
"371321",0.0341495847757862,NA,NA,NA,NA,NA,0.562390831756408,NA,2,0.5,0.298270208266097,"0.511340234799752",-0.0791771875919047,0.738153132044881
"371322",NA,NA,NA,NA,NA,NA,NA,NA,0,NA,NA,"NaN",-0.0791771875919047,0.738153132044881
"371323",-3.00588145416729,NA,NA,NA,NA,NA,-2.76907926974303,NA,2,0.5,-2.88748036195516,"-3.80449943575191",-0.0791771875919047,0.738153132044881
"371325",-0.50232648092005,NA,NA,NA,NA,NA,0.200274516376035,NA,2,0.5,-0.151025982272008,"-0.0973358935442875",-0.0791771875919047,0.738153132044881
"371326",NA,NA,NA,NA,NA,NA,-1.2844023766835,NA,1,1,-1.2844023766835,"-1.63275767150483",-0.0791771875919047,0.738153132044881
"371327",NA,NA,NA,NA,NA,NA,NA,NA,0,NA,NA,"NaN",-0.0791771875919047,0.738153132044881
"371328",-1.03880254661589,NA,NA,NA,-0.014416217329402,NA,-1.5740954289878,NA,3,0.333333333333333,-0.875771397644362,"-1.07917202470669",-0.0791771875919047,0.738153132044881
"371329",-1.57527861231172,NA,NA,NA,NA,NA,-0.922286061303123,NA,2,0.5,-1.24878233680742,"-1.5845020476651",-0.0791771875919047,0.738153132044881
"371330",0.928276360935514,NA,NA,NA,NA,NA,0.345121042528184,NA,2,0.5,0.636698701731849,"0.969820296420862",-0.0791771875919047,0.738153132044881
"371331",0.391800295239677,NA,NA,NA,NA,NA,NA,NA,1,1,0.391800295239677,"0.638048478541098",-0.0791771875919047,0.738153132044881
"371332",-0.50232648092005,NA,NA,NA,NA,NA,-0.234265062080414,NA,2,0.5,-0.368295771500232,"-0.391678327107266",-0.0791771875919047,0.738153132044881
"371333",0.570625650471623,NA,NA,NA,NA,NA,0.489967568680334,NA,2,0.5,0.530296609575978,"0.825673929580816",-0.0791771875919047,0.738153132044881
"371334",0.391800295239677,NA,NA,NA,NA,NA,-0.7050162720749,NA,2,0.5,-0.156607988417611,"-0.104898018397893",-0.0791771875919047,0.738153132044881
"371335",NA,NA,NA,NA,NA,NA,-0.016995272852189,NA,1,1,-0.016995272852189,"0.0842398576125461",-0.0791771875919047,0.738153132044881
"371336",0.212974940007734,NA,NA,NA,NA,NA,0.345121042528184,NA,2,0.5,0.279047991267959,"0.485299273698785",-0.0791771875919047,0.738153132044881
"371337",0.212974940007734,NA,NA,NA,NA,0.171926162315996,0.562390831756408,NA,3,0.333333333333333,0.315763978026713,"0.535039612342395",-0.0791771875919047,0.738153132044881
"371338",NA,NA,NA,NA,NA,NA,-0.270476693618452,NA,1,1,-0.270476693618452,"-0.25915964821093",-0.0791771875919047,0.738153132044881
"371340",-1.03880254661589,NA,NA,NA,NA,NA,-3.02256069050929,NA,2,0.5,-2.03068161856259,"-2.64376637617793",-0.0791771875919047,0.738153132044881
"371341",-0.50232648092005,NA,NA,NA,NA,NA,-0.741227903612937,NA,2,0.5,-0.621777192266493,"-0.735077832930739",-0.0791771875919047,0.738153132044881
"371342",-1.03880254661589,NA,NA,NA,0.437065788916096,-1.3402777793861,-0.451534851308639,NA,4,0.25,-0.598387347098634,"-0.703390850714646",-0.0791771875919047,0.738153132044881
"380001",0.0341495847757862,NA,NA,NA,-1.30436480660225,0.126101800446235,-0.270476693618452,-1.62253640061721,5,0.2,-0.607425303123178,"-0.715634863009909",-0.0791771875919047,0.738153132044881
"380002",-0.323501125688104,NA,0.721751135915285,NA,-0.014416217329402,0.492696695404321,0.779660620984633,0.314388600289289,6,0.166666666666667,0.328429951596004,"0.552198617729533",-0.0791771875919047,0.738153132044881
"380004",1.2859270713994,-1.57665847379323,0.292299335068155,1.26733582871531,1.79151180765259,0.44687233353456,1.06935367328893,0.725251479269456,8,0.125,0.662736631891897,"1.00509472530246",-0.0791771875919047,0.738153132044881
"380005",-0.144675770456158,NA,NA,NA,NA,NA,0.345121042528184,NA,2,0.5,0.100222636036013,"0.243038762337745",-0.0791771875919047,0.738153132044881
"380007",0.0341495847757862,-2.01636390693613,-0.480713906456682,1.02807319410168,-0.659390511965826,0.4010479716648,-0.198053430542376,-1.09428412764271,8,0.125,-0.373191891625181,"-0.398311259912666",-0.0791771875919047,0.738153132044881
"380009",0.928276360935514,1.01195084261918,0.120518614729302,-0.527133930886914,NA,0.721818504753124,-0.487746482846675,-0.0377795816937112,7,0.142857142857143,0.247129189658546,"0.442057837438819",-0.0791771875919047,0.738153132044881
"380014",0.570625650471623,0.401800221947879,-2.62797291069234,-1.00565920011418,-0.014416217329402,-1.75269703621395,0.852083884060707,-0.683421248662545,8,0.125,-0.532457107066525,"-0.614073015200673",-0.0791771875919047,0.738153132044881
"380017",1.10710171616746,-1.06748044522736,-0.910165707303813,NA,0.0500812121342405,0.263574886055518,0.562390831756408,0.0796098123006222,7,0.142857142857143,0.0121589008404395,"0.123735962725402",-0.0791771875919047,0.738153132044881
"380018",-0.323501125688104,-0.275665460127047,-0.137152465778977,0.0710226556471613,1.14653751301616,0.492696695404321,1.64873977789753,-0.507337157671043,8,0.125,0.264417554087501,"0.465478945713549",-0.0791771875919047,0.738153132044881
"380020",-0.144675770456158,-0.428418868696808,-0.480713906456682,0.669179242181237,-3.43277997890245,-1.93599448369299,-0.451534851308639,-0.272558369682376,8,0.125,-0.809687123376858,"-0.989645514015834",-0.0791771875919047,0.738153132044881
"380021",0.570625650471623,NA,-0.223042825948403,NA,-0.594893082502183,-0.607087989469935,-0.777439535150975,1.01872496425529,6,0.166666666666667,-0.102185469724097,"-0.0311700663904975",-0.0791771875919047,0.738153132044881
"380022",0.212974940007734,NA,NA,NA,-0.143411076256686,-0.882034160688499,0.634814094832484,0.0796098123006222,5,0.2,-0.019609277960869,"0.080698580071071",-0.0791771875919047,0.738153132044881
"380025",0.570625650471623,NA,-0.308933186117829,NA,-0.014416217329402,-0.607087989469935,-0.0894185359282648,1.37089314623829,6,0.166666666666667,0.153610477977414,"0.315365004175264",-0.0791771875919047,0.738153132044881
"380027",-0.144675770456158,NA,-1.16783678781209,NA,-1.94933910123867,-1.15698033190706,-0.342899956694526,-5.20291291744438,6,0.166666666666667,-1.66077414425881,"-2.14264071776742",-0.0791771875919047,0.738153132044881
"380029",0.570625650471623,NA,NA,NA,NA,NA,0.634814094832484,NA,2,0.5,0.602719872652053,"0.923788074101808",-0.0791771875919047,0.738153132044881
"380037",0.212974940007734,NA,-0.137152465778977,NA,NA,0.355223609795039,-0.342899956694526,-1.15297882463988,5,0.2,-0.212966539462121,"-0.181248776252679",-0.0791771875919047,0.738153132044881
"380038",0.749451005703569,NA,-0.0512621056095504,NA,NA,1.54665701840882,-0.342899956694526,0.607862085275123,5,0.2,0.501961609416686,"0.787287585434586",-0.0791771875919047,0.738153132044881
"38003F",NA,-0.497028450512039,1.15120293676242,NA,1.40452723087073,1.82160318962738,1.75737467251164,NA,5,0.2,1.12753591585203,"1.63477339735864",-0.0791771875919047,0.738153132044881
"380047",0.749451005703569,0.133834496744994,-0.308933186117829,0.669179242181237,0.179076071061526,-1.66104831247443,0.888295515598744,-1.97470458260021,8,0.125,-0.1656062187378,"-0.117088212992423",-0.0791771875919047,0.738153132044881
"38004F",NA,NA,NA,NA,NA,NA,NA,NA,0,NA,NA,"NaN",-0.0791771875919047,0.738153132044881
"380050",-0.50232648092005,NA,-1.59728858865922,NA,0.630558077307023,-0.469614903860653,-0.813651166689013,-3.55946140152371,6,0.166666666666667,-1.05196407739094,"-1.31786596516112",-0.0791771875919047,0.738153132044881
"380051",1.2859270713994,-0.687754457822305,-2.37030183018406,-1.2449218347278,0.953045224625234,-1.61522395060467,-0.596381377460788,0.0209151153034555,8,0.125,-0.531837004933941,"-0.61323294272023",-0.0791771875919047,0.738153132044881
"380052",0.0341495847757862,NA,NA,NA,1.2110349424798,-0.515439265730414,1.06935367328893,NA,4,0.25,0.449774733703527,"0.71658833151611",-0.0791771875919047,0.738153132044881
"380056",-0.323501125688104,NA,NA,NA,NA,NA,-1.39303727129761,NA,2,0.5,-0.858269198492857,"-1.05546122759469",-0.0791771875919047,0.738153132044881
"380060",0.391800295239677,-0.312775045259814,0.292299335068155,-1.12529051742099,-0.594893082502183,0.0802774385764748,0.345121042528184,0.431777994283622,8,0.125,-0.0614603174358592,"0.0240016188876217",-0.0791771875919047,0.738153132044881
"380061",0.928276360935514,0.847546750344949,-0.652494626795534,NA,0.30807092998881,0.767642866622885,0.888295515598744,-1.73992579461154,7,0.142857142857143,0.192487428869118,"0.368032871049994",-0.0791771875919047,0.738153132044881
"380071",-0.50232648092005,NA,-0.223042825948403,NA,0.56606064784338,-1.06533160816754,-0.451534851308639,-1.56384170362004,6,0.166666666666667,-0.540002803686883,"-0.62429541525939",-0.0791771875919047,0.738153132044881
"380075",0.391800295239677,0.224882432361434,-0.910165707303813,NA,-0.78838537089311,-0.652912351339696,0.164062884837997,-0.624726551665378,7,0.142857142857143,-0.31363490982327,"-0.317627484126302",-0.0791771875919047,0.738153132044881
"380082",0.212974940007734,NA,0.0346282545598759,NA,NA,-0.790385436948978,-0.306688325156488,-0.683421248662545,5,0.2,-0.30657836324008,"-0.308067751495159",-0.0791771875919047,0.738153132044881
"380089",0.570625650471623,-1.36435712628949,-0.480713906456682,NA,-0.78838537089311,-0.836209798818738,0.272697779452109,-0.0964742786908779,7,0.142857142857143,-0.388973864460738,"-0.419691610615557",-0.0791771875919047,0.738153132044881
"380090",0.391800295239677,0.230060514007866,-0.910165707303813,NA,-0.207908505720328,-1.52357522686515,-0.56016974592275,-1.91600988560304,7,0.142857142857143,-0.642281180309648,"-0.762855250858038",-0.0791771875919047,0.738153132044881
"380091",0.749451005703569,NA,-0.0512621056095504,NA,NA,-0.0113712851630466,1.06935367328893,0.549167388277956,5,0.2,0.461067735299572,"0.731887327220105",-0.0791771875919047,0.738153132044881
"380102",0.928276360935514,-0.242439436229105,0.0346282545598759,0.549547924874422,-0.0789136467930435,-0.973682884428019,0.0916396217619223,-0.448642460673878,8,0.125,-0.017448283249039,"0.0836261497283907",-0.0791771875919047,0.738153132044881
"380103",0.570625650471623,NA,NA,NA,NA,-0.607087989469935,0.0916396217619223,NA,3,0.333333333333333,0.0183924275878702,"0.13218072367922",-0.0791771875919047,0.738153132044881
"381301",NA,NA,NA,NA,NA,NA,NA,NA,0,NA,NA,"NaN",-0.0791771875919047,0.738153132044881
"381302",0.570625650471623,NA,NA,NA,-0.336903364647613,-1.61522395060467,-0.379111588232563,0.607862085275123,5,0.2,-0.23055023354762,"-0.205069977196157",-0.0791771875919047,0.738153132044881
"381303",0.749451005703569,NA,NA,NA,NA,-0.28631745638161,-0.198053430542376,-0.0377795816937112,4,0.25,0.0568251342714679,"0.184246758510135",-0.0791771875919047,0.738153132044881
"381304",-1.93292932277561,NA,NA,NA,NA,-1.56939958873491,-0.342899956694526,NA,3,0.333333333333333,-1.28174295606835,"-1.62915486810307",-0.0791771875919047,0.738153132044881
"381305",-1.03880254661589,NA,NA,NA,NA,NA,NA,NA,1,1,-1.03880254661589,"-1.30003561234722",-0.0791771875919047,0.738153132044881
"381306",0.391800295239677,NA,NA,NA,NA,-0.103020008902567,-0.994709324379199,NA,3,0.333333333333333,-0.235309679347363,"-0.211517752858312",-0.0791771875919047,0.738153132044881
"381307",-0.681151836151995,NA,NA,NA,NA,NA,-1.13955585053135,NA,2,0.5,-0.910353843341672,"-1.12602198604399",-0.0791771875919047,0.738153132044881
"381308",NA,NA,NA,NA,NA,NA,NA,NA,0,NA,NA,"NaN",-0.0791771875919047,0.738153132044881
"381309",-1.93292932277561,NA,NA,NA,NA,NA,-0.125630167466301,NA,2,0.5,-1.02927974512096,"-1.28713476416068",-0.0791771875919047,0.738153132044881
"381310",NA,NA,NA,NA,NA,NA,NA,NA,0,NA,NA,"NaN",-0.0791771875919047,0.738153132044881
"381311",-0.144675770456158,NA,NA,NA,NA,NA,NA,NA,1,1,-0.144675770456158,"-0.0887330555420189",-0.0791771875919047,0.738153132044881
"381312",-0.50232648092005,NA,NA,NA,NA,NA,-0.922286061303123,NA,2,0.5,-0.712306271111586,"-0.85772051358198",-0.0791771875919047,0.738153132044881
"381313",0.391800295239677,NA,NA,NA,NA,-0.423790541990892,-0.849862798227049,NA,3,0.333333333333333,-0.293951014992755,"-0.290961073085024",-0.0791771875919047,0.738153132044881
"381314",-0.681151836151995,NA,NA,NA,-3.49727740836609,-0.469614903860653,-1.2844023766835,-1.03558943064554,5,0.2,-1.39360719114156,"-1.780700977192",-0.0791771875919047,0.738153132044881
"381315",-0.144675770456158,NA,NA,NA,-0.852882800356752,-3.76896895848342,-2.91392579589518,-1.32906291563138,5,0.2,-1.80190324816458,"-2.33383289426716",-0.0791771875919047,0.738153132044881
"381316",0.212974940007734,NA,NA,NA,NA,0.171926162315996,0.96071877867482,0.373083297286456,4,0.25,0.429675794571252,"0.689359646491641",-0.0791771875919047,0.738153132044881
"381317",0.212974940007734,NA,NA,NA,NA,-1.52357522686515,0.0916396217619223,0.0209151153034555,4,0.25,-0.299511387448009,"-0.298493890076331",-0.0791771875919047,0.738153132044881
"381318",0.391800295239677,NA,0.292299335068155,NA,NA,-1.24862905564658,0.0916396217619223,0.314388600289289,5,0.2,-0.0317002406575082,"0.0643185605713989",-0.0791771875919047,0.738153132044881
"381319",-0.144675770456158,NA,NA,NA,-0.401400794111256,-2.02764320743252,-0.0894185359282648,-0.976894733648377,5,0.2,-0.728006608315314,"-0.878990269845472",-0.0791771875919047,0.738153132044881
"381320",NA,NA,NA,NA,NA,NA,NA,NA,0,NA,NA,"NaN",-0.0791771875919047,0.738153132044881
"381321",-0.144675770456158,NA,NA,NA,-4.07775427353887,-0.332141818251371,-0.342899956694526,-1.32906291563138,5,0.2,-1.24530694691446,"-1.57979382420564",-0.0791771875919047,0.738153132044881
"381322",-2.2905800332395,NA,NA,NA,0.0500812121342405,-0.836209798818738,-1.71894195513995,NA,4,0.25,-1.19891264376599,"-1.51694195630129",-0.0791771875919047,0.738153132044881
"381323",0.749451005703569,NA,NA,NA,-0.0789136467930435,-0.515439265730414,-1.21197911360742,NA,4,0.25,-0.264220255106828,"-0.250683847946706",-0.0791771875919047,0.738153132044881
"381324",0.0341495847757862,NA,NA,NA,NA,-0.92785852255826,NA,NA,2,0.5,-0.446854468891237,"-0.498104343580807",-0.0791771875919047,0.738153132044881
"381325",-0.681151836151995,NA,NA,NA,-4.91622085656622,-1.66104831247443,-1.35682563975957,-1.91600988560304,5,0.2,-2.10625130611105,"-2.74614308402867",-0.0791771875919047,0.738153132044881
"390001",0.928276360935514,-0.453877770125101,-0.566604266626108,0.0710226556471613,-0.143411076256686,0.44687233353456,0.526179200218371,-0.389947763676711,8,0.125,0.0523137092063752,"0.178134984585129",-0.0791771875919047,0.738153132044881
"390002",0.391800295239677,NA,NA,NA,0.0500812121342405,0.217750524185757,-0.379111588232563,NA,4,0.25,0.0701301108317779,"0.202271441983944",-0.0791771875919047,0.738153132044881
"390003",0.928276360935514,NA,NA,NA,-0.272405935183971,-0.103020008902567,1.39525835713127,0.490472691280789,5,0.2,0.487716293052207,"0.767988993115379",-0.0791771875919047,0.738153132044881
"390004",1.10710171616746,1.29199875833041,-0.566604266626108,-1.84307842126188,-0.0789136467930435,0.0802774385764748,1.25041183097912,-1.09428412764271,8,0.125,0.018363660216215,"0.132141751587378",-0.0791771875919047,0.738153132044881
"390006",1.82240313709524,-1.47568588168779,0.893531856254137,1.38696714602213,0.30807092998881,-0.0571956470328073,1.57631651482146,0.0209151153034555,8,0.125,0.559415396345578,"0.86512209488079",-0.0791771875919047,0.738153132044881
"390009",0.928276360935514,-0.424535307461984,0.0346282545598759,0.0710226556471613,0.630558077307023,0.859291590362406,0.707237357908557,0.314388600289289,8,0.125,0.39010844869348,"0.635756479126952",-0.0791771875919047,0.738153132044881
"390012",0.212974940007734,NA,-0.223042825948403,NA,1.6625169487253,0.355223609795039,-0.0894185359282648,0.725251479269456,6,0.166666666666667,0.440584269320144,"0.704137711198449",-0.0791771875919047,0.738153132044881
"390013",0.391800295239677,NA,1.15120293676242,NA,0.888547795161592,0.355223609795039,-0.0532069043902274,0.901335570260955,6,0.166666666666667,0.605817217138242,"0.92798414718167",-0.0791771875919047,0.738153132044881
"390016",0.391800295239677,NA,0.807641496084711,NA,NA,0.492696695404321,-0.813651166689013,-1.03558943064554,5,0.2,-0.0314204221211694,"0.0646976398222904",-0.0791771875919047,0.738153132044881
"39001F",NA,NA,NA,NA,0.243573500525168,-0.92785852255826,0.345121042528184,NA,3,0.333333333333333,-0.113054659834969,"-0.0458949109234489",-0.0791771875919047,0.738153132044881
"390025",NA,NA,NA,NA,NA,NA,NA,NA,0,NA,NA,"NaN",-0.0791771875919047,0.738153132044881
"390026",-0.144675770456158,NA,0.292299335068155,NA,1.53352208979802,1.31753520906001,0.308909410990147,-0.0964742786908779,6,0.166666666666667,0.535185999294882,"0.832297744486754",-0.0791771875919047,0.738153132044881
"390027",1.2859270713994,-0.906096900580212,-0.480713906456682,0.429916607567607,1.2110349424798,0.767642866622885,1.43146998866931,1.78175602521846,8,0.125,0.690117086865071,"1.04218791611142",-0.0791771875919047,0.738153132044881
"390028",0.749451005703569,-2.59156247649401,-0.996056067473239,NA,1.34002980140709,0.0802774385764748,1.35904672559323,-0.0964742786908779,7,0.142857142857143,-0.022183978768252,"0.0772105493419317",-0.0791771875919047,0.738153132044881
"390030",0.0341495847757862,NA,NA,NA,0.888547795161592,0.355223609795039,-0.523958114384714,-1.09428412764271,5,0.2,-0.0680642504590013,"0.0150550565329413",-0.0791771875919047,0.738153132044881
"390032",0.391800295239677,NA,NA,NA,0.56606064784338,0.217750524185757,0.634814094832484,0.431777994283622,5,0.2,0.448440711276984,"0.714781088047743",-0.0791771875919047,0.738153132044881
"390035",0.928276360935514,NA,NA,NA,0.953045224625234,0.905115952232167,1.35904672559323,0.138304509297789,5,0.2,0.856757754536787,"1.26794143585885",-0.0791771875919047,0.738153132044881
"390036",0.0341495847757862,NA,0.721751135915285,-0.168239978966468,-1.6913493833841,0.630169781013603,-0.234265062080414,0.196999206294956,7,0.142857142857143,-0.0729692452044795,"0.00841010099114197",-0.0791771875919047,0.738153132044881
"390037",0.212974940007734,NA,NA,NA,0.56606064784338,0.309399247925278,-1.46546053437368,1.01872496425529,5,0.2,0.128339853131599,"0.281130068700822",-0.0791771875919047,0.738153132044881
"390039",-0.144675770456158,NA,0.292299335068155,NA,NA,-0.148844370772328,-1.24819074514546,-1.85731518860588,5,0.2,-0.621345347982334,"-0.734492799466256",-0.0791771875919047,0.738153132044881
"390041",0.212974940007734,NA,-1.08194642764267,NA,-1.17536994767496,0.538521057274082,-0.7050162720749,-0.448642460673878,6,0.166666666666667,-0.443246518464099,"-0.493216536064306",-0.0791771875919047,0.738153132044881
"390042",-1.57527861231172,NA,0.120518614729302,0.669179242181237,0.82405036569795,-1.89017012182323,-0.198053430542376,0.314388600289289,7,0.142857142857143,-0.247909334539936,"-0.228586914588574",-0.0791771875919047,0.738153132044881
"390044",2.00122849232719,0.913998798140833,0.120518614729302,0.310285290260791,0.82405036569795,1.45500829466929,0.815872252522671,0.960030267258122,8,0.125,0.925124046950769,"1.36055947058098",-0.0791771875919047,0.738153132044881
"390045",-0.144675770456158,-1.5783845010087,-1.25372714798152,0.549547924874422,-2.07833396016596,-0.28631745638161,-0.56016974592275,-0.0377795816937112,8,0.125,-0.673730029841999,"-0.805460027789931",-0.0791771875919047,0.738153132044881
"390046",1.10710171616746,1.76967679021381,0.0346282545598759,0.549547924874422,1.46902466033437,0.217750524185757,-0.342899956694526,-0.272558369682376,8,0.125,0.56653394299485,"0.874765821013267",-0.0791771875919047,0.738153132044881
"390048",0.928276360935514,NA,-0.394823546287255,NA,0.179076071061526,1.45500829466929,-0.270476693618452,0.607862085275123,6,0.166666666666667,0.417487095339292,"0.672847220136158",-0.0791771875919047,0.738153132044881
"390049",2.00122849232719,3.3891218251356,0.893531856254137,0.190653972953976,1.14653751301616,0.950940314101927,0.779660620984633,0.0209151153034555,8,0.125,1.17157371375963,"1.69443283114796",-0.0791771875919047,0.738153132044881
"39004F",NA,NA,NA,NA,NA,NA,NA,NA,0,NA,NA,"NaN",-0.0791771875919047,0.738153132044881
"390050",0.570625650471623,0.0259577957776488,-0.137152465778977,-0.287871296273283,0.630558077307023,0.171926162315996,0.526179200218371,0.0209151153034555,8,0.125,0.190142279917732,"0.364855821668805",-0.0791771875919047,0.738153132044881
"390056",-0.144675770456158,NA,0.37818969523758,NA,-0.207908505720328,0.492696695404321,-0.379111588232563,NA,5,0.2,0.0278381052465702,"0.14497708970226",-0.0791771875919047,0.738153132044881
"390057",0.212974940007734,0.850135791168166,0.635860775745859,NA,1.2110349424798,0.767642866622885,0.598602463294446,0.0796098123006222,7,0.142857142857143,0.622265941659931,"0.950267768028906",-0.0791771875919047,0.738153132044881
"390058",0.570625650471623,NA,-0.480713906456682,NA,0.56606064784338,0.0344530767067141,0.12785125329996,-0.331253066679545,6,0.166666666666667,0.0811706091975751,"0.217228363368552",-0.0791771875919047,0.738153132044881
"39005F",NA,NA,NA,NA,NA,NA,NA,NA,0,NA,NA,"NaN",-0.0791771875919047,0.738153132044881
"390062",0.212974940007734,NA,-0.137152465778977,NA,NA,0.767642866622885,0.236486147914072,NA,4,0.25,0.269987872191429,"0.473025236397837",-0.0791771875919047,0.738153132044881
"390063",0.749451005703569,-2.59069946288627,-2.11263074967578,1.02807319410168,-1.11087251821132,-0.423790541990892,0.888295515598744,-1.09428412764271,8,0.125,-0.583307210625372,"-0.682961300505348",-0.0791771875919047,0.738153132044881
"390065",0.749451005703569,0.419492000906523,0.464080055407006,NA,-1.17536994767496,-0.148844370772328,-0.813651166689013,-0.331253066679545,7,0.142857142857143,-0.119442212828393,"-0.0545483362306458",-0.0791771875919047,0.738153132044881
"390066",2.00122849232719,0.800944015527056,0.979422216423564,0.310285290260791,0.630558077307023,0.767642866622885,0.200274516376035,1.07741966125246,8,0.125,0.845971892012124,"1.2533294779108",-0.0791771875919047,0.738153132044881
"390067",1.2859270713994,-0.320110660925593,-0.996056067473239,0.908441876794867,-0.207908505720328,0.44687233353456,0.0192163586858474,2.01653481320712,8,0.125,0.39411465243783,"0.641183813335033",-0.0791771875919047,0.738153132044881
"390068",0.391800295239677,NA,0.979422216423564,NA,NA,0.0802774385764748,-0.451534851308639,0.0796098123006222,5,0.2,0.21591498224634,"0.399770937800888",-0.0791771875919047,0.738153132044881
"39006F",NA,NA,NA,NA,1.46902466033437,1.45500829466929,1.57631651482146,NA,3,0.333333333333333,1.50011648994171,"2.13952039078741",-0.0791771875919047,0.738153132044881
"390070",-0.144675770456158,NA,0.721751135915285,NA,NA,0.44687233353456,0.634814094832484,NA,4,0.25,0.414690448456543,"0.669058511856886",-0.0791771875919047,0.738153132044881
"390073",0.391800295239677,-3.67248702018681,-0.480713906456682,0.429916607567607,-1.11087251821132,0.675994142883363,0.526179200218371,0.138304509297789,8,0.125,-0.387734836206,"-0.418013058834159",-0.0791771875919047,0.738153132044881
"390079",0.0341495847757862,-2.409898112065,-1.08194642764267,-1.48418446934144,0.179076071061526,-1.61522395060467,-0.0532069043902274,0.138304509297789,8,0.125,-0.786616212363612,"-0.958390602247955",-0.0791771875919047,0.738153132044881
"390086",0.391800295239677,-1.62326120861112,-1.5113982284898,-2.08234105587551,-0.207908505720328,-0.652912351339696,-0.0894185359282648,-3.55946140152371,8,0.125,-1.16686262403109,"-1.47352275458889",-0.0791771875919047,0.738153132044881
"390090",0.928276360935514,0.606334446981966,0.549970415576432,NA,NA,-0.515439265730414,-0.451534851308639,NA,5,0.2,0.223521421290972,"0.410075627592775",-0.0791771875919047,0.738153132044881
"390091",0.391800295239677,NA,-0.652494626795534,NA,-1.36886223606589,1.54665701840882,0.707237357908557,0.666556782272289,6,0.166666666666667,0.215149098494652,"0.398733370230639",-0.0791771875919047,0.738153132044881
"390093",-0.50232648092005,NA,NA,NA,-1.88484167177503,-0.561263627600174,-2.00863500744424,-0.624726551665378,5,0.2,-1.11635866788098,"-1.40510340641081",-0.0791771875919047,0.738153132044881
"390096",0.570625650471623,NA,-0.0512621056095504,0.190653972953976,-1.36886223606589,0.309399247925278,0.308909410990147,0.314388600289289,7,0.142857142857143,0.0391217915649816,"0.160263465697377",-0.0791771875919047,0.738153132044881
"390097",0.570625650471623,NA,-0.394823546287255,NA,-0.0789136467930435,-0.561263627600174,0.164062884837997,0.666556782272289,6,0.166666666666667,0.0610407494835727,"0.189957789228688",-0.0791771875919047,0.738153132044881
"39009F",NA,-0.0732887691123078,1.32298365710127,NA,1.98500409604351,1.95907627523666,1.46768162020734,NA,5,0.2,1.3322913758953,"1.91216226310259",-0.0791771875919047,0.738153132044881
"390100",2.35887920279108,-0.576425702424005,1.4088740172707,1.50659846332894,-0.465898223574898,1.54665701840882,2.15570261943005,2.19261890419862,8,0.125,1.26587578742866,"1.8221869103155",-0.0791771875919047,0.738153132044881
"390101",0.391800295239677,0.135129017156602,0.120518614729302,NA,-0.401400794111256,0.217750524185757,0.743448989446595,0.138304509297789,7,0.142857142857143,0.192221593706352,"0.367672735529023",-0.0791771875919047,0.738153132044881
"390102",0.570625650471623,NA,NA,NA,0.56606064784338,0.171926162315996,0.12785125329996,-0.859505339654043,5,0.2,0.115391674855383,"0.263588751440071",-0.0791771875919047,0.738153132044881
"390107",0.928276360935514,-1.76004886543771,0.893531856254137,-0.168239978966468,0.56606064784338,-0.0113712851630466,0.562390831756408,0.549167388277956,8,0.125,0.194970869437521,"0.371397268572122",-0.0791771875919047,0.738153132044881
"390110",-0.323501125688104,1.37959463951589,-0.137152465778977,0.908441876794867,0.114578641597884,-0.836209798818738,0.236486147914072,-0.0377795816937112,8,0.125,0.163057291730398,"0.328162909302097",-0.0791771875919047,0.738153132044881
"390111",2.35887920279108,-0.227768204897546,-0.652494626795534,0.908441876794867,1.92050666657987,1.82160318962738,2.84372361865276,1.42958784323546,8,0.125,1.30030994574854,"1.86883598193088",-0.0791771875919047,0.738153132044881
"390112",-0.50232648092005,NA,NA,NA,NA,-2.6233599117394,-0.922286061303123,NA,3,0.333333333333333,-1.34932415132086,"-1.72070930622527",-0.0791771875919047,0.738153132044881
"390113",0.212974940007734,0.421649534925871,-1.33961750815094,NA,-0.0789136467930435,-0.744561075079217,0.526179200218371,0.138304509297789,7,0.142857142857143,-0.123426292224777,"-0.0599456978666341",-0.0791771875919047,0.738153132044881
"390114",0.391800295239677,0.0755810782226278,NA,NA,NA,0.355223609795039,0.200274516376035,NA,4,0.25,0.255719874908345,"0.453695917502233",-0.0791771875919047,0.738153132044881
"390115",0.570625650471623,0.409998851221397,-0.480713906456682,0.788810559488052,0.953045224625234,0.905115952232167,0.489967568680334,0.607862085275123,8,0.125,0.530588998192156,"0.826070037926746",-0.0791771875919047,0.738153132044881
"390116",0.391800295239677,NA,NA,NA,NA,0.767642866622885,0.888295515598744,NA,3,0.333333333333333,0.682579559153769,"1.03197658273887",-0.0791771875919047,0.738153132044881
"390117",0.391800295239677,NA,NA,NA,NA,1.40918393279953,-0.0894185359282648,NA,3,0.333333333333333,0.570521897370315,"0.880168432209155",-0.0791771875919047,0.738153132044881
"390123",0.928276360935514,NA,0.721751135915285,NA,0.243573500525168,-0.0571956470328073,0.707237357908557,0.0796098123006222,6,0.166666666666667,0.43720875342539,"0.699564790285138",-0.0791771875919047,0.738153132044881
"390125",-0.859977191383941,NA,-0.910165707303813,NA,-1.36886223606589,-1.15698033190706,-1.10334421899331,-1.09428412764271,6,0.166666666666667,-1.08226896888279,"-1.35892098501574",-0.0791771875919047,0.738153132044881
"390127",0.212974940007734,-1.54947354514946,0.37818969523758,NA,0.30807092998881,1.31753520906001,0.164062884837997,0.196999206294956,7,0.142857142857143,0.146908474325376,"0.306285582357367",-0.0791771875919047,0.738153132044881
"39012F",NA,-0.540179130898977,1.92421617828725,NA,0.695055506770665,0.767642866622885,1.25041183097912,NA,5,0.2,0.819429450352189,"1.21737157092962",-0.0791771875919047,0.738153132044881
"390133",1.2859270713994,0.393601592674361,0.979422216423564,1.02807319410168,1.79151180765259,0.721818504753124,1.28662346251716,0.666556782272289,8,0.125,1.01919182897427,"1.48799614725389",-0.0791771875919047,0.738153132044881
"390137",-1.57527861231172,-0.879774985544179,-1.68317894882865,-2.44123500779596,-2.40082110748417,-1.61522395060467,-0.234265062080414,-2.50295685557471,8,0.125,-1.66659181627806,"-2.15052210682707",-0.0791771875919047,0.738153132044881
"390138",0.570625650471623,NA,0.37818969523758,NA,-0.78838537089311,0.263574886055518,0.598602463294446,-0.0377795816937112,6,0.166666666666667,0.164137957078724,"0.329626921715527",-0.0791771875919047,0.738153132044881
"390139",1.2859270713994,0.229197500400127,-0.137152465778977,NA,1.98500409604351,-0.103020008902567,0.526179200218371,0.0796098123006222,7,0.142857142857143,0.552249315097214,"0.85541397208449",-0.0791771875919047,0.738153132044881
"39013F",NA,NA,NA,NA,-0.723887941429468,1.40918393279953,0.562390831756408,NA,3,0.333333333333333,0.415895607708824,"0.670691180201655",-0.0791771875919047,0.738153132044881
"390142",1.2859270713994,0.958875505743248,0.0346282545598759,-0.0486086616596539,0.437065788916096,1.36335957092977,-0.125630167466301,-0.213863672685211,8,0.125,0.461469211217154,"0.732431219672975",-0.0791771875919047,0.738153132044881
"390145",1.2859270713994,0.680553617247499,1.23709329693184,1.1477045114085,0.243573500525168,0.492696695404321,0.707237357908557,1.25350375224396,8,0.125,0.881036225383656,"1.30083226811693",-0.0791771875919047,0.738153132044881
"390146",0.570625650471623,NA,NA,NA,0.114578641597884,-0.515439265730414,0.562390831756408,0.255693903292122,5,0.2,0.197569952277525,"0.374918330432015",-0.0791771875919047,0.738153132044881
"390147",0.0341495847757862,NA,0.0346282545598759,NA,-0.723887941429468,-0.790385436948978,-0.632593008998825,-0.272558369682376,6,0.166666666666667,-0.391774486287331,"-0.423485703880235",-0.0791771875919047,0.738153132044881
"390150",0.212974940007734,NA,NA,NA,NA,NA,NA,NA,1,1,0.212974940007734,"0.395787967180062",-0.0791771875919047,0.738153132044881
"390151",1.2859270713994,0.771601552863937,-0.480713906456682,NA,0.0500812121342405,0.0344530767067141,-0.596381377460788,-0.74211594565971,7,0.142857142857143,0.0461216690753025,"0.169746426896674",-0.0791771875919047,0.738153132044881
"390153",1.2859270713994,1.86072472583025,0.635860775745859,NA,0.82405036569795,1.13423776158097,1.32283509405519,0.607862085275123,7,0.142857142857143,1.09592826851211,"1.59195349188407",-0.0791771875919047,0.738153132044881
"390156",0.749451005703569,0.337505708171341,-0.652494626795534,NA,1.2110349424798,1.13423776158097,-0.451534851308639,0.373083297286456,7,0.142857142857143,0.385897605302567,"0.630051912949404",-0.0791771875919047,0.738153132044881
"390160",0.570625650471623,NA,NA,NA,NA,-0.194668732642089,-0.415323219770601,NA,3,0.333333333333333,-0.013122100647022,"0.0894869696778126",-0.0791771875919047,0.738153132044881
"390162",0.570625650471623,NA,NA,NA,0.0500812121342405,0.263574886055518,0.272697779452109,NA,4,0.25,0.289244882028373,"0.499113332486513",-0.0791771875919047,0.738153132044881
"390163",-1.75410396754367,NA,NA,NA,-0.207908505720328,-0.377966180121132,-0.306688325156488,NA,4,0.25,-0.661666744635404,"-0.789117503884117",-0.0791771875919047,0.738153132044881
"390164",1.6435777818633,0.257245442651637,1.32298365710127,0.429916607567607,0.953045224625234,0.950940314101927,1.06935367328893,0.490472691280789,8,0.125,0.889691924060086,"1.312558423979",-0.0791771875919047,0.738153132044881
"390168",-0.50232648092005,-1.0894872922247,-1.94085002933693,-1.12529051742099,-0.852882800356752,-0.607087989469935,-0.342899956694526,-1.21167352163704,8,0.125,-0.959062323507615,"-1.19200894464567",-0.0791771875919047,0.738153132044881
"390173",-1.21762790184783,NA,0.292299335068155,NA,-1.6913493833841,-1.70687267434419,-1.06713258745527,-0.74211594565971,6,0.166666666666667,-1.02213319293716,"-1.27745309802184",-0.0791771875919047,0.738153132044881
"390174",2.18005384755913,0.578718011534325,1.83832581811783,0.310285290260791,1.46902466033437,1.63830574214834,0.924507147136782,1.25350375224396,8,0.125,1.27409053366694,"1.83331569360132",-0.0791771875919047,0.738153132044881
"390178",-0.144675770456158,NA,NA,NA,0.179076071061526,-0.561263627600174,0.924507147136782,-0.976894733648377,5,0.2,-0.11585018270128,"-0.0496820964611795",-0.0791771875919047,0.738153132044881
"390179",1.10710171616746,0.0596153264794605,1.32298365710127,0.310285290260791,0.630558077307023,0.675994142883363,1.06935367328893,0.960030267258122,8,0.125,0.766990268843302,"1.14633051016271",-0.0791771875919047,0.738153132044881
"390180",-0.50232648092005,-0.537590090075761,-1.8549596691675,NA,0.437065788916096,-0.332141818251371,0.12785125329996,-1.62253640061721,7,0.142857142857143,-0.61209105954512,"-0.72195571463187",-0.0791771875919047,0.738153132044881
"390183",0.391800295239677,NA,NA,NA,-0.852882800356752,1.54665701840882,1.06935367328893,0.490472691280789,5,0.2,0.529080175572292,"0.82402598696447",-0.0791771875919047,0.738153132044881
"390184",NA,NA,NA,NA,NA,NA,NA,NA,0,NA,NA,"NaN",-0.0791771875919047,0.738153132044881
"390185",-0.323501125688104,-0.626911998476723,0.635860775745859,NA,0.243573500525168,-0.423790541990892,0.308909410990147,0.255693903292122,7,0.142857142857143,0.0099762749139395,"0.120779088559667",-0.0791771875919047,0.738153132044881
"390195",1.2859270713994,-0.353336684823536,1.23709329693184,1.02807319410168,1.08204008355252,1.18006212345073,0.707237357908557,0.725251479269456,8,0.125,0.861543490223832,"1.2744248272844",-0.0791771875919047,0.738153132044881
"390198",-1.39645325707978,NA,NA,NA,NA,-1.52357522686515,-0.0894185359282648,NA,3,0.333333333333333,-1.0031490066244,"-1.2517346048141",-0.0791771875919047,0.738153132044881
"390199",-0.681151836151995,NA,NA,NA,NA,-0.0571956470328073,-0.306688325156488,NA,3,0.333333333333333,-0.348345269447097,"-0.36465073461048",-0.0791771875919047,0.738153132044881
"390201",0.212974940007734,0.0319988910318208,0.979422216423564,0.0710226556471613,0.888547795161592,0.171926162315996,0.779660620984633,0.196999206294956,8,0.125,0.416569060983432,"0.671603529205367",-0.0791771875919047,0.738153132044881
"390203",0.391800295239677,1.46589600028977,0.807641496084711,-0.766396565500545,0.243573500525168,0.4010479716648,0.381332674066222,0.842640873263789,8,0.125,0.470942030704199,"0.745264355611588",-0.0791771875919047,0.738153132044881
"390204",-0.323501125688104,NA,-1.16783678781209,NA,0.0500812121342405,-0.561263627600174,-0.016995272852189,0.549167388277956,6,0.166666666666667,-0.24505803559006,"-0.224724167380584",-0.0791771875919047,0.738153132044881
"390211",0.212974940007734,NA,0.37818969523758,NA,-0.723887941429468,0.584345419143842,0.0554279902238849,-0.800810642656877,6,0.166666666666667,-0.0489600899122172,"0.0409360827284957",-0.0791771875919047,0.738153132044881
"390217",-0.323501125688104,NA,NA,NA,-0.723887941429468,0.721818504753124,0.0916396217619223,NA,4,0.25,-0.0584827351506315,"0.028035446227728",-0.0791771875919047,0.738153132044881
"390219",0.749451005703569,NA,0.206408974898728,NA,1.08204008355252,0.492696695404321,-0.886074429765087,0.196999206294956,6,0.166666666666667,0.306920256014834,"0.523058735166708",-0.0791771875919047,0.738153132044881
"390222",0.570625650471623,0.242142704516209,0.37818969523758,NA,0.888547795161592,0.905115952232167,0.236486147914072,1.19480905524679,7,0.142857142857143,0.630845285825719,"0.96189048395781",-0.0791771875919047,0.738153132044881
"390223",1.82240313709524,0.767286484825244,1.23709329693184,1.38696714602213,1.14653751301616,1.45500829466929,1.35904672559323,1.25350375224396,8,0.125,1.30348079379964,"1.8731316326752",-0.0791771875919047,0.738153132044881
"390225",0.749451005703569,0.926080988649176,0.464080055407006,NA,-0.336903364647613,0.675994142883363,-0.16184179900434,1.13611435824962,7,0.142857142857143,0.493282198177255,"0.775529305393983",-0.0791771875919047,0.738153132044881
"390226",1.2859270713994,-0.357651752862229,0.37818969523758,NA,1.79151180765259,2.27984680832499,1.82979793558772,1.19480905524679,7,0.142857142857143,1.2003472315124,"1.73341324930734",-0.0791771875919047,0.738153132044881
"390228",0.0341495847757862,0.362964609599635,-0.308933186117829,NA,0.56606064784338,-0.469614903860653,0.417544305604259,-0.0964742786908779,7,0.142857142857143,0.0722423970219571,"0.205133024626461",-0.0791771875919047,0.738153132044881
"390231",0.749451005703569,-0.661432542786272,-0.137152465778977,-0.0486086616596539,2.04950152550715,1.50083265653905,0.888295515598744,0.901335570260955,8,0.125,0.655277825423072,"0.994990038151489",-0.0791771875919047,0.738153132044881
"390233",0.391800295239677,NA,-0.394823546287255,NA,-0.659390511965826,-0.377966180121132,0.381332674066222,1.13611435824962,6,0.166666666666667,0.0795111815302181,"0.214980282861516",-0.0791771875919047,0.738153132044881
"390237",-1.03880254661589,0.573971436691762,-0.824275347134387,0.429916607567607,-0.336903364647613,-0.607087989469935,-1.13955585053135,0.725251479269456,8,0.125,-0.277185696858793,"-0.268248552598229",-0.0791771875919047,0.738153132044881
"390256",1.10710171616746,0.667608413131417,-0.308933186117829,0.669179242181237,0.114578641597884,0.584345419143842,1.57631651482146,1.25350375224396,8,0.125,0.707962564146178,"1.06636376324449",-0.0791771875919047,0.738153132044881
"390258",-0.50232648092005,-0.846117454842367,1.15120293676242,0.669179242181237,-0.0789136467930435,0.675994142883363,-0.958497692841162,-1.15297882463988,8,0.125,-0.130307222276185,"-0.0692675170836665",-0.0791771875919047,0.738153132044881
"390265",1.10710171616746,-0.0469668540762763,-0.652494626795534,0.190653972953976,-0.143411076256686,0.675994142883363,-1.17576748206939,-0.74211594565971,8,0.125,-0.0983757691065992,"-0.0260089413446087",-0.0791771875919047,0.738153132044881
"390266",-0.323501125688104,NA,NA,NA,NA,-1.15698033190706,1.03314204175089,NA,3,0.333333333333333,-0.149113138614757,"-0.0947445021727557",-0.0791771875919047,0.738153132044881
"390267",1.2859270713994,-1.08560373098987,0.807641496084711,0.310285290260791,0.953045224625234,1.27171084719025,0.852083884060707,-0.155168975688045,8,0.125,0.529990138367898,"0.825258743090674",-0.0791771875919047,0.738153132044881
"390268",0.749451005703569,-0.610514739929687,-0.223042825948403,NA,0.501563218379738,-0.469614903860653,0.562390831756408,0.138304509297789,7,0.142857142857143,0.0926481564855372,"0.232777369109632",-0.0791771875919047,0.738153132044881
"390270",1.2859270713994,0.126498881079215,1.4088740172707,-1.00565920011418,1.2110349424798,0.584345419143842,1.39525835713127,1.60567193422696,8,0.125,0.826493927827126,"1.22694204779716",-0.0791771875919047,0.738153132044881
"390272",NA,NA,NA,NA,NA,NA,NA,NA,0,NA,NA,"NaN",-0.0791771875919047,0.738153132044881
"390278",NA,NA,NA,NA,NA,NA,NA,NA,0,NA,NA,"NaN",-0.0791771875919047,0.738153132044881
"390304",-0.681151836151995,NA,NA,NA,NA,1.50083265653905,0.308909410990147,NA,3,0.333333333333333,0.376196743792402,"0.616909841082432",-0.0791771875919047,0.738153132044881
"390307",NA,NA,NA,NA,NA,NA,NA,NA,0,NA,NA,"NaN",-0.0791771875919047,0.738153132044881
"390316",0.391800295239677,NA,NA,NA,NA,NA,NA,NA,1,1,0.391800295239677,"0.638048478541098",-0.0791771875919047,0.738153132044881
"390322",0.391800295239677,NA,NA,NA,NA,NA,NA,NA,1,1,0.391800295239677,"0.638048478541098",-0.0791771875919047,0.738153132044881
"390323",0.391800295239677,NA,NA,NA,NA,NA,NA,NA,1,1,0.391800295239677,"0.638048478541098",-0.0791771875919047,0.738153132044881
"390324",0.212974940007734,NA,NA,NA,NA,NA,NA,NA,1,1,0.212974940007734,"0.395787967180062",-0.0791771875919047,0.738153132044881
"390325",0.0341495847757862,NA,NA,NA,NA,NA,NA,NA,1,1,0.0341495847757862,"0.153527455819019",-0.0791771875919047,0.738153132044881
"390326",0.928276360935514,1.43741655123439,0.120518614729302,NA,0.630558077307023,1.59248138027858,0.562390831756408,0.842640873263789,7,0.142857142857143,0.873468955643572,"1.29058064225291",-0.0791771875919047,0.738153132044881
"390327",0.212974940007734,NA,NA,NA,NA,NA,NA,NA,1,1,0.212974940007734,"0.395787967180062",-0.0791771875919047,0.738153132044881
"390328",0.749451005703569,NA,1.15120293676242,NA,0.372568359452453,1.27171084719025,0.0192163586858474,0.607862085275123,6,0.166666666666667,0.69533526551161,"1.04925715204636",-0.0791771875919047,0.738153132044881
"390329",0.928276360935514,0.434594739041952,1.4088740172707,0.429916607567607,1.34002980140709,-0.515439265730414,1.17798856790304,0.901335570260955,8,0.125,0.763197049832055,"1.14119171328361",-0.0791771875919047,0.738153132044881
"390330",1.2859270713994,NA,0.893531856254137,NA,0.82405036569795,1.54665701840882,0.96071877867482,1.37089314623829,6,0.166666666666667,1.14696303944557,"1.66109195207333",-0.0791771875919047,0.738153132044881
"390331",NA,NA,NA,NA,NA,NA,NA,NA,0,NA,NA,"NaN",-0.0791771875919047,0.738153132044881
"390332",1.46475242663135,NA,NA,NA,0.243573500525168,0.538521057274082,1.14177693636501,0.666556782272289,5,0.2,0.811036140613579,"1.20600088187576",-0.0791771875919047,0.738153132044881
"390333",0.391800295239677,NA,NA,NA,NA,NA,0.489967568680334,NA,2,0.5,0.440883931960006,"0.704543673900296",-0.0791771875919047,0.738153132044881
"390334",1.2859270713994,NA,0.549970415576432,NA,NA,0.584345419143842,2.19191425096809,0.314388600289289,5,0.2,0.985309151475412,"1.44209418460152",-0.0791771875919047,0.738153132044881
"390335",0.749451005703569,NA,NA,NA,1.53352208979802,1.04258903784145,0.924507147136782,0.0796098123006222,5,0.2,0.865935818556087,"1.28037525700091",-0.0791771875919047,0.738153132044881
"390336",0.570625650471623,NA,NA,NA,0.888547795161592,0.4010479716648,0.634814094832484,0.960030267258122,5,0.2,0.691013155877724,"1.04340184987903",-0.0791771875919047,0.738153132044881
"390337",-0.681151836151995,NA,NA,NA,NA,0.0344530767067141,0.743448989446595,NA,3,0.333333333333333,0.0322500766671045,"0.150954130547853",-0.0791771875919047,0.738153132044881
"390338",-1.21762790184783,NA,NA,NA,NA,-0.0571956470328073,0.671025726370521,NA,3,0.333333333333333,-0.201265940836706,"-0.165397595627053",-0.0791771875919047,0.738153132044881
"390339",0.749451005703569,NA,-0.137152465778977,NA,NA,0.584345419143842,0.634814094832484,0.549167388277956,5,0.2,0.476125088435775,"0.752286012103403",-0.0791771875919047,0.738153132044881
"391300",-0.50232648092005,NA,NA,NA,NA,1.18006212345073,-0.125630167466301,0.0209151153034555,4,0.25,0.143255147591959,"0.301336302086353",-0.0791771875919047,0.738153132044881
"391301",0.391800295239677,NA,NA,NA,NA,-0.515439265730414,-1.46546053437368,NA,3,0.333333333333333,-0.529699834954807,"-0.610337649201372",-0.0791771875919047,0.738153132044881
"391302",NA,NA,NA,NA,NA,NA,NA,NA,0,NA,NA,"NaN",-0.0791771875919047,0.738153132044881
"391303",0.0341495847757862,NA,NA,NA,-0.014416217329402,-0.882034160688499,-1.21197911360742,NA,4,0.25,-0.518569976712385,"-0.595259669092299",-0.0791771875919047,0.738153132044881
"391304",NA,NA,NA,NA,NA,NA,NA,NA,0,NA,NA,"NaN",-0.0791771875919047,0.738153132044881
"391305",-1.57527861231172,NA,NA,NA,0.630558077307023,-0.515439265730414,0.200274516376035,NA,4,0.25,-0.31497132108977,"-0.319437963833673",-0.0791771875919047,0.738153132044881
"391306",-3.18470680939923,NA,NA,NA,-0.465898223574898,-1.01950724629778,-2.29832805974854,NA,4,0.25,-1.74211008475511,"-2.25282915559329",-0.0791771875919047,0.738153132044881
"391307",0.0341495847757862,NA,NA,NA,NA,NA,NA,NA,1,1,0.0341495847757862,"0.153527455819019",-0.0791771875919047,0.738153132044881
"391308",-0.859977191383941,NA,NA,NA,NA,-2.71500863547892,-0.741227903612937,NA,3,0.333333333333333,-1.4387379101586,"-1.841841026672",-0.0791771875919047,0.738153132044881
"391309",-3.00588145416729,NA,NA,NA,NA,-2.3942381023906,-2.44317458590069,NA,3,0.333333333333333,-2.61443138081953,"-3.43459112095656",-0.0791771875919047,0.738153132044881
"391312",-1.21762790184783,NA,NA,NA,NA,-0.882034160688499,0.12785125329996,NA,3,0.333333333333333,-0.657270269745457,"-0.783161456691352",-0.0791771875919047,0.738153132044881
"391313",-1.21762790184783,NA,NA,NA,-0.917380229820394,-1.52357522686515,-1.90000011283014,NA,4,0.25,-1.38964586784088,"-1.77533444397726",-0.0791771875919047,0.738153132044881
"391314",-0.144675770456158,NA,NA,NA,NA,-1.61522395060467,-1.13955585053135,NA,3,0.333333333333333,-0.966485190530725,"-1.20206494346335",-0.0791771875919047,0.738153132044881
"391315",-0.144675770456158,NA,NA,NA,0.0500812121342405,-1.15698033190706,-0.487746482846675,0.549167388277956,5,0.2,-0.23803079695954,"-0.215204139183923",-0.0791771875919047,0.738153132044881
"391316",0.212974940007734,NA,NA,NA,-1.43335966552953,-0.698736713209456,-0.0532069043902274,-0.448642460673878,5,0.2,-0.484194160759072,"-0.548689635774034",-0.0791771875919047,0.738153132044881
"391317",0.391800295239677,NA,NA,NA,NA,NA,NA,NA,1,1,0.391800295239677,"0.638048478541098",-0.0791771875919047,0.738153132044881
"400001",-0.144675770456158,NA,NA,NA,NA,NA,-2.08105827052032,NA,2,0.5,-1.11286702048824,"-1.40037315838888",-0.0791771875919047,0.738153132044881
"400003",-1.75410396754367,NA,NA,NA,NA,NA,NA,NA,1,1,-1.75410396754367,"-2.26907765779137",-0.0791771875919047,0.738153132044881
"400004",-0.144675770456158,NA,NA,NA,NA,NA,-1.50167216591172,NA,2,0.5,-0.82317396818394,"-1.00791658030491",-0.0791771875919047,0.738153132044881
"400005",NA,NA,NA,NA,NA,NA,NA,NA,0,NA,NA,"NaN",-0.0791771875919047,0.738153132044881
"400006",-0.323501125688104,NA,NA,NA,NA,NA,-1.71894195513995,NA,2,0.5,-1.02122154041403,"-1.27621805276692",-0.0791771875919047,0.738153132044881
"400007",-3.90000823032701,NA,NA,NA,NA,NA,NA,NA,1,1,-3.90000823032701,"-5.17620379412384",-0.0791771875919047,0.738153132044881
"400010",NA,NA,NA,NA,NA,NA,NA,NA,0,NA,NA,"NaN",-0.0791771875919047,0.738153132044881
"400011",-0.144675770456158,NA,NA,NA,NA,NA,NA,NA,1,1,-0.144675770456158,"-0.0887330555420189",-0.0791771875919047,0.738153132044881
"400012",NA,NA,NA,NA,NA,NA,NA,NA,0,NA,NA,"NaN",-0.0791771875919047,0.738153132044881
"400013",-2.2905800332395,NA,NA,NA,NA,NA,NA,NA,1,1,-2.2905800332395,"-2.99585919187449",-0.0791771875919047,0.738153132044881
"400014",-0.323501125688104,NA,NA,NA,NA,NA,NA,NA,1,1,-0.323501125688104,"-0.330993566903058",-0.0791771875919047,0.738153132044881
"400015",-1.57527861231172,NA,NA,NA,NA,NA,NA,NA,1,1,-1.57527861231172,"-2.02681714643033",-0.0791771875919047,0.738153132044881
"400016",-1.39645325707978,NA,-0.824275347134387,NA,0.372568359452453,0.44687233353456,-1.13955585053135,-1.03558943064554,6,0.166666666666667,-0.596072198734007,"-0.700254444101817",-0.0791771875919047,0.738153132044881
"400018",-1.57527861231172,NA,NA,NA,NA,NA,NA,NA,1,1,-1.57527861231172,"-2.02681714643033",-0.0791771875919047,0.738153132044881
"400019",-1.21762790184783,NA,-1.16783678781209,NA,NA,0.538521057274082,-2.33453969128658,NA,4,0.25,-1.04537083091811,"-1.30893388022291",-0.0791771875919047,0.738153132044881
"400021",-1.93292932277561,NA,NA,NA,NA,NA,NA,NA,1,1,-1.93292932277561,"-2.51133816915241",-0.0791771875919047,0.738153132044881
"400022",-1.57527861231172,NA,NA,NA,NA,NA,NA,NA,1,1,-1.57527861231172,"-2.02681714643033",-0.0791771875919047,0.738153132044881
"400032",-2.11175467800756,NA,NA,NA,NA,NA,NA,NA,1,1,-2.11175467800756,"-2.75359868051345",-0.0791771875919047,0.738153132044881
"40003F",NA,0.672354987973981,1.06531257659299,NA,1.46902466033437,1.77577882775762,0.308909410990147,NA,5,0.2,1.05827609272982,"1.54094486759228",-0.0791771875919047,0.738153132044881
"400044",-3.00588145416729,NA,-0.480713906456682,NA,NA,NA,-0.777439535150975,NA,3,0.333333333333333,-1.42134496525831,"-1.81827823983927",-0.0791771875919047,0.738153132044881
"400048",-3.00588145416729,NA,NA,NA,NA,NA,NA,NA,1,1,-3.00588145416729,"-3.96490123731865",-0.0791771875919047,0.738153132044881
"400061",-1.03880254661589,NA,NA,NA,NA,NA,NA,NA,1,1,-1.03880254661589,"-1.30003561234722",-0.0791771875919047,0.738153132044881
"400079",-3.72118287509507,NA,NA,NA,NA,NA,NA,NA,1,1,-3.72118287509507,"-4.93394328276281",-0.0791771875919047,0.738153132044881
"400087",-2.46940538847145,NA,NA,NA,NA,NA,NA,NA,1,1,-2.46940538847145,"-3.23811970323553",-0.0791771875919047,0.738153132044881
"400098",-2.46940538847145,NA,NA,NA,NA,NA,NA,NA,1,1,-2.46940538847145,"-3.23811970323553",-0.0791771875919047,0.738153132044881
"400102",-0.681151836151995,NA,NA,NA,NA,NA,NA,NA,1,1,-0.681151836151995,"-0.815514589625137",-0.0791771875919047,0.738153132044881
"400103",-2.2905800332395,NA,NA,NA,NA,-1.20280469377682,-1.32061400822154,NA,3,0.333333333333333,-1.60466624507929,"-2.06662952612742",-0.0791771875919047,0.738153132044881
"400104",-5.33061107218258,NA,NA,NA,NA,NA,NA,0.138304509297789,2,0.5,-2.5961532814424,"-3.40982918663204",-0.0791771875919047,0.738153132044881
"400105",-1.57527861231172,NA,NA,NA,NA,NA,NA,NA,1,1,-1.57527861231172,"-2.02681714643033",-0.0791771875919047,0.738153132044881
"400106",-1.75410396754367,NA,NA,NA,NA,NA,NA,NA,1,1,-1.75410396754367,"-2.26907765779137",-0.0791771875919047,0.738153132044881
"400109",-1.57527861231172,NA,-0.0512621056095504,NA,NA,0.675994142883363,-1.79136521821602,-1.50514700662288,5,0.2,-0.849411759975362,"-1.04346176822376",-0.0791771875919047,0.738153132044881
"400110",-3.54235751986312,NA,NA,NA,NA,NA,NA,NA,1,1,-3.54235751986312,"-4.69168277140177",-0.0791771875919047,0.738153132044881
"400111",-1.75410396754367,NA,NA,NA,NA,NA,NA,NA,1,1,-1.75410396754367,"-2.26907765779137",-0.0791771875919047,0.738153132044881
"400112",-2.2905800332395,NA,NA,NA,NA,NA,NA,NA,1,1,-2.2905800332395,"-2.99585919187449",-0.0791771875919047,0.738153132044881
"400113",-2.6482307437034,NA,NA,NA,NA,NA,NA,NA,1,1,-2.6482307437034,"-3.48038021459657",-0.0791771875919047,0.738153132044881
"400114",-4.25765894079091,NA,NA,NA,NA,NA,NA,NA,1,1,-4.25765894079091,"-5.66072481684592",-0.0791771875919047,0.738153132044881
"400115",-1.57527861231172,NA,NA,NA,NA,NA,NA,NA,1,1,-1.57527861231172,"-2.02681714643033",-0.0791771875919047,0.738153132044881
"400117",-6.40356320357425,NA,NA,NA,NA,NA,NA,NA,1,1,-6.40356320357425,"-8.56785095317839",-0.0791771875919047,0.738153132044881
"400118",-2.11175467800756,NA,NA,NA,NA,NA,NA,NA,1,1,-2.11175467800756,"-2.75359868051345",-0.0791771875919047,0.738153132044881
"400120",-2.6482307437034,NA,NA,NA,NA,NA,NA,-0.155168975688045,2,0.5,-1.40169985969572,"-1.7916643778779",-0.0791771875919047,0.738153132044881
"400122",NA,NA,NA,NA,NA,NA,NA,NA,0,NA,NA,"NaN",-0.0791771875919047,0.738153132044881
"400123",-1.21762790184783,NA,NA,NA,NA,NA,NA,NA,1,1,-1.21762790184783,"-1.54229612370826",-0.0791771875919047,0.738153132044881
"400124",-0.323501125688104,NA,0.549970415576432,NA,NA,-0.332141818251371,NA,NA,3,0.333333333333333,-0.0352241761210141,"0.0595445708522959",-0.0791771875919047,0.738153132044881
"400126",-0.50232648092005,NA,NA,NA,NA,NA,NA,NA,1,1,-0.50232648092005,"-0.573254078264098",-0.0791771875919047,0.738153132044881
"400127",NA,NA,NA,NA,NA,NA,NA,NA,0,NA,NA,"NaN",-0.0791771875919047,0.738153132044881
"400128",-0.144675770456158,NA,NA,NA,NA,NA,NA,NA,1,1,-0.144675770456158,"-0.0887330555420189",-0.0791771875919047,0.738153132044881
"400132",-1.57527861231172,NA,NA,NA,NA,NA,NA,NA,1,1,-1.57527861231172,"-2.02681714643033",-0.0791771875919047,0.738153132044881
"400135",NA,NA,NA,NA,NA,NA,NA,NA,0,NA,NA,"NaN",-0.0791771875919047,0.738153132044881
"400137",-1.57527861231172,NA,NA,NA,NA,NA,NA,NA,1,1,-1.57527861231172,"-2.02681714643033",-0.0791771875919047,0.738153132044881
"400138",NA,NA,NA,NA,NA,NA,NA,NA,0,NA,NA,"NaN",-0.0791771875919047,0.738153132044881
"410004",-0.144675770456158,NA,NA,NA,-1.56235452445682,0.538521057274082,0.707237357908557,NA,4,0.25,-0.115317969932585,"-0.0489610905538805",-0.0791771875919047,0.738153132044881
"410005",0.570625650471623,NA,-0.566604266626108,NA,-1.75584681284775,0.538521057274082,0.12785125329996,NA,5,0.2,-0.217090623685638,"-0.186835806970942",-0.0791771875919047,0.738153132044881
"410006",0.928276360935514,NA,NA,NA,0.372568359452453,0.584345419143842,0.164062884837997,0.196999206294956,5,0.2,0.449250446132952,"0.715878062131867",-0.0791771875919047,0.738153132044881
"410007",0.212974940007734,0.873437158577112,0.807641496084711,0.310285290260791,-1.04637508874768,-1.20280469377682,0.236486147914072,-0.56603185466821,8,0.125,-0.0467983255435364,"0.0438646950649254",-0.0791771875919047,0.738153132044881
"410008",-0.323501125688104,NA,-0.223042825948403,NA,1.01754265408888,-0.103020008902567,0.272697779452109,-0.976894733648377,6,0.166666666666667,-0.0560363767744107,"0.0313496073008425",-0.0791771875919047,0.738153132044881
"410009",0.391800295239677,NA,-0.652494626795534,NA,1.34002980140709,0.721818504753124,0.0916396217619223,1.72306132822129,6,0.166666666666667,0.602642487431261,"0.923683237832161",-0.0791771875919047,0.738153132044881
"410010",0.0341495847757862,NA,NA,NA,NA,NA,NA,NA,1,1,0.0341495847757862,"0.153527455819019",-0.0791771875919047,0.738153132044881
"410011",0.570625650471623,NA,0.120518614729302,NA,-0.981877659284037,0.675994142883363,0.0192163586858474,0.490472691280789,6,0.166666666666667,0.149158299794481,"0.309333493923999",-0.0791771875919047,0.738153132044881
"410012",1.6435777818633,0.373752279696369,1.7524354579484,NA,0.372568359452453,-0.423790541990892,0.996930410212857,2.13392420720146,7,0.142857142857143,0.978485422054848,"1.43284985693517",-0.0791771875919047,0.738153132044881
"410013",-0.323501125688104,NA,NA,NA,0.695055506770665,-0.103020008902567,-1.13955585053135,-0.918200036651212,5,0.2,-0.357844303000513,"-0.377519383595416",-0.0791771875919047,0.738153132044881
"41005F",NA,NA,0.893531856254137,NA,0.630558077307023,0.950940314101927,-0.451534851308639,NA,4,0.25,0.505873849088612,"0.792587623464754",-0.0791771875919047,0.738153132044881
"420002",0.570625650471623,-0.919473611500162,-1.94085002933693,-0.0486086616596539,0.0500812121342405,-0.103020008902567,-0.234265062080414,-1.50514700662288,8,0.125,-0.516332189687092,"-0.592228066396131",-0.0791771875919047,0.738153132044881
"420004",1.10710171616746,-0.468117494652791,0.292299335068155,0.788810559488052,1.08204008355252,0.0802774385764748,0.0916396217619223,-0.0377795816937112,8,0.125,0.36703395978351,"0.604496720266283",-0.0791771875919047,0.738153132044881
"420005",-0.144675770456158,NA,NA,NA,-0.0789136467930435,-0.377966180121132,0.417544305604259,0.607862085275123,5,0.2,0.0847701587018096,"0.222104789882198",-0.0791771875919047,0.738153132044881
"420007",-1.93292932277561,-2.30072689068605,-1.33961750815094,-0.766396565500545,-2.65881082533874,-0.92785852255826,-0.596381377460788,-1.21167352163704,8,0.125,-1.4667993167635,"-1.87985672475237",-0.0791771875919047,0.738153132044881
"420009",0.928276360935514,-0.0461038404685371,0.979422216423564,NA,0.437065788916096,0.44687233353456,-0.198053430542376,0.666556782272289,7,0.142857142857143,0.459148030153016,"0.729286640366365",-0.0791771875919047,0.738153132044881
"420010",-1.21762790184783,NA,0.464080055407006,NA,-0.207908505720328,-2.30258937865108,-0.523958114384714,-0.155168975688045,6,0.166666666666667,-0.657195470147499,"-0.783060123248857",-0.0791771875919047,0.738153132044881
"420011",-0.323501125688104,NA,NA,NA,NA,NA,0.308909410990147,NA,2,0.5,-0.00729585734897858,"0.0973799705269768",-0.0791771875919047,0.738153132044881
"420015",1.10710171616746,NA,0.549970415576432,NA,-1.49785709499318,0.309399247925278,0.381332674066222,0.255693903292122,6,0.166666666666667,0.184273477005723,"0.356905163929603",-0.0791771875919047,0.738153132044881
"420018",0.212974940007734,1.50257407861867,0.37818969523758,-0.407502613580099,-0.852882800356752,0.4010479716648,0.489967568680334,-0.859505339654043,8,0.125,0.108107937577277,"0.253721236202511",-0.0791771875919047,0.738153132044881
"420019",0.391800295239677,NA,NA,NA,NA,NA,-0.379111588232563,NA,2,0.5,0.00634435350355717,"0.11585880677434",-0.0791771875919047,0.738153132044881
"420020",-0.323501125688104,NA,-0.824275347134387,NA,-0.336903364647613,-1.98181884556275,0.743448989446595,0.901335570260955,6,0.166666666666667,-0.303619020554218,"-0.304058633932162",-0.0791771875919047,0.738153132044881
"420023",2.00122849232719,-0.242007929425235,0.206408974898728,0.908441876794867,-0.917380229820394,-0.240493094511849,0.0916396217619223,0.0209151153034555,8,0.125,0.228594103416085,"0.416947754668982",-0.0791771875919047,0.738153132044881
"420026",-0.144675770456158,0.384971456596974,-0.652494626795534,0.190653972953976,-0.917380229820394,-0.377966180121132,-0.125630167466301,0.666556782272289,8,0.125,-0.121995595354535,"-0.05800748639244",-0.0791771875919047,0.738153132044881
"420027",-0.50232648092005,0.141601619214643,0.120518614729302,0.549547924874422,-1.04637508874768,-1.20280469377682,-0.270476693618452,-0.74211594565971,8,0.125,-0.369053842988043,"-0.392705311150145",-0.0791771875919047,0.738153132044881
"420030",-0.323501125688104,NA,NA,NA,-0.530395653038541,-0.148844370772328,-0.632593008998825,-0.56603185466821,5,0.2,-0.440273202633201,"-0.489188488628321",-0.0791771875919047,0.738153132044881
"420033",0.928276360935514,NA,NA,NA,-0.917380229820394,0.0802774385764748,-0.198053430542376,0.431777994283622,5,0.2,0.0649796266865682,"0.195293913986547",-0.0791771875919047,0.738153132044881
"420036",0.0341495847757862,0.920039893395004,-0.308933186117829,NA,-1.6913493833841,-1.1111559700373,0.345121042528184,0.314388600289289,7,0.142857142857143,-0.21396277407871,"-0.182598407614168",-0.0791771875919047,0.738153132044881
"420037",0.391800295239677,NA,NA,NA,1.01754265408888,-0.515439265730414,1.03314204175089,0.549167388277956,5,0.2,0.495242622725398,"0.77818515614234",-0.0791771875919047,0.738153132044881
"420038",0.928276360935514,NA,NA,NA,-0.78838537089311,0.355223609795039,-0.451534851308639,0.666556782272289,5,0.2,0.142027306160219,"0.299672905457067",-0.0791771875919047,0.738153132044881
"420043",-1.39645325707978,NA,NA,NA,-0.401400794111256,-1.61522395060467,-0.777439535150975,NA,4,0.25,-1.04762938423667,"-1.31199361569041",-0.0791771875919047,0.738153132044881
"420048",-0.50232648092005,NA,NA,NA,-0.272405935183971,-1.1111559700373,-1.97242337590621,0.196999206294956,5,0.2,-0.732262511150515,"-0.884755879514309",-0.0791771875919047,0.738153132044881
"420049",0.570625650471623,NA,-1.42550786832037,NA,-2.01383653070232,-2.57753554986964,-0.958497692841162,-0.448642460673878,6,0.166666666666667,-1.14223240865596,"-1.44015540260475",-0.0791771875919047,0.738153132044881
"420051",0.570625650471623,-0.0625010990155733,-0.738384986964961,0.788810559488052,-1.75584681284775,-0.92785852255826,0.0916396217619223,0.314388600289289,8,0.125,-0.214890873671957,"-0.18385573424865",-0.0791771875919047,0.738153132044881
"420053",-1.03880254661589,NA,NA,NA,NA,-1.70687267434419,-2.47938621743873,NA,3,0.333333333333333,-1.74168714613294,"-2.25225618691807",-0.0791771875919047,0.738153132044881
"420055",0.212974940007734,NA,NA,NA,-0.852882800356752,-0.0571956470328073,-0.958497692841162,-0.800810642656877,5,0.2,-0.491282368575973,"-0.558292260905846",-0.0791771875919047,0.738153132044881
"420065",1.46475242663135,0.696950875794535,NA,NA,-0.917380229820394,-1.29445341751635,0.12785125329996,0.960030267258122,6,0.166666666666667,0.172958529274538,"0.341576437084212",-0.0791771875919047,0.738153132044881
"420067",-0.681151836151995,-0.239418888602019,-1.59728858865922,NA,-0.143411076256686,0.171926162315996,0.996930410212857,0.549167388277956,7,0.142857142857143,-0.134749489837588,"-0.0752856010943597",-0.0791771875919047,0.738153132044881
"420070",-0.144675770456158,NA,-1.42550786832037,NA,-1.56235452445682,-0.515439265730414,-1.61030706052583,0.314388600289289,6,0.166666666666667,-0.823982648200051,"-1.00901212536325",-0.0791771875919047,0.738153132044881
"420071",-1.21762790184783,0.399642687928533,0.0346282545598759,-0.287871296273283,0.114578641597884,-0.652912351339696,-0.125630167466301,-0.56603185466821,8,0.125,-0.287652998438629,"-0.282428945697474",-0.0791771875919047,0.738153132044881
"420072",0.0341495847757862,NA,NA,NA,NA,NA,-0.342899956694526,NA,2,0.5,-0.15437518595937,"-0.101873168456451",-0.0791771875919047,0.738153132044881
"420073",-0.681151836151995,-0.773192804988442,0.979422216423564,-0.407502613580099,-0.723887941429468,-0.332141818251371,-1.13955585053135,-0.918200036651212,8,0.125,-0.499526335645047,"-0.569460630599321",-0.0791771875919047,0.738153132044881
"420078",1.10710171616746,1.72134802818044,0.549970415576432,-1.48418446934144,1.2110349424798,-0.103020008902567,0.815872252522671,0.373083297286456,8,0.125,0.523900771746158,"0.817009280536921",-0.0791771875919047,0.738153132044881
"420079",-0.681151836151995,-0.00640521451255465,1.32298365710127,0.669179242181237,-1.36886223606589,0.309399247925278,-0.198053430542376,0.196999206294956,8,0.125,0.0305110795287402,"0.148598254696528",-0.0791771875919047,0.738153132044881
"420080",0.212974940007734,-0.723138015739594,-0.910165707303813,0.0710226556471613,-0.981877659284037,0.721818504753124,0.0916396217619223,-0.0377795816937112,8,0.125,-0.194438155231402,"-0.156147772915619",-0.0791771875919047,0.738153132044881
"420082",-1.75410396754367,-0.408138048914947,-1.33961750815094,NA,0.630558077307023,-0.836209798818738,-0.886074429765087,-2.85512503755771,7,0.142857142857143,-1.06410153049201,"-1.33430896672023",-0.0791771875919047,0.738153132044881
"420085",0.570625650471623,1.3852042279662,-0.652494626795534,-0.646765248193729,-0.852882800356752,0.309399247925278,-0.886074429765087,0.196999206294956,8,0.125,-0.0719985965566313,"0.0097250702105494",-0.0791771875919047,0.738153132044881
"420086",0.928276360935514,0.125635867471476,NA,NA,0.372568359452453,-0.515439265730414,0.200274516376035,0.901335570260955,6,0.166666666666667,0.335441901461003,"0.561697933739443",-0.0791771875919047,0.738153132044881
"420087",1.2859270713994,-0.119459997126331,0.0346282545598759,0.190653972953976,0.243573500525168,0.263574886055518,0.453755937142296,0.607862085275123,8,0.125,0.370064463848129,"0.608602242458167",-0.0791771875919047,0.738153132044881
"420089",-0.144675770456158,NA,NA,NA,NA,0.767642866622885,1.43146998866931,-1.03558943064554,4,0.25,0.254711913547622,"0.452330399539951",-0.0791771875919047,0.738153132044881
"420091",0.391800295239677,0.453581038412205,0.721751135915285,NA,-1.82034424231139,0.767642866622885,-0.270476693618452,0.666556782272289,7,0.142857142857143,0.130073026076072,"0.283478054327694",-0.0791771875919047,0.738153132044881
"420098",0.0341495847757862,-0.622596930438029,-1.16783678781209,NA,0.82405036569795,-0.377966180121132,-0.777439535150975,0.0209151153034555,7,0.142857142857143,-0.295246338249291,"-0.29271588953205",-0.0791771875919047,0.738153132044881
"420101",-0.50232648092005,NA,NA,NA,-0.0789136467930435,-0.469614903860653,-0.56016974592275,-0.976894733648377,5,0.2,-0.517583902228975,"-0.59392380199291",-0.0791771875919047,0.738153132044881
"420102",0.391800295239677,NA,NA,NA,NA,NA,NA,NA,1,1,0.391800295239677,"0.638048478541098",-0.0791771875919047,0.738153132044881
"420103",0.0341495847757862,NA,NA,NA,0.953045224625234,-0.515439265730414,0.381332674066222,1.31219844924112,5,0.2,0.43305733339559,"0.693940726863095",-0.0791771875919047,0.738153132044881
"420104",1.2859270713994,NA,NA,NA,0.630558077307023,0.492696695404321,1.03314204175089,0.607862085275123,5,0.2,0.810037194227353,"1.20464757679196",-0.0791771875919047,0.738153132044881
"420105",0.391800295239677,-0.333055865041675,-2.02674038950635,NA,1.01754265408888,-1.15698033190706,-0.777439535150975,1.07741966125246,7,0.142857142857143,-0.258207644432151,"-0.242538369165059",-0.0791771875919047,0.738153132044881
"420106",0.391800295239677,NA,NA,NA,0.630558077307023,0.492696695404321,-0.451534851308639,NA,4,0.25,0.265880054160596,"0.467460242018617",-0.0791771875919047,0.738153132044881
"420107",-0.144675770456158,NA,NA,NA,0.30807092998881,0.263574886055518,-0.306688325156488,NA,4,0.25,0.0300704301079203,"0.148001292627696",-0.0791771875919047,0.738153132044881
"420108",-1.03880254661589,NA,NA,NA,NA,NA,-1.42924890283565,NA,2,0.5,-1.23402572472577,"-1.56451078644701",-0.0791771875919047,0.738153132044881
"420109",-0.50232648092005,NA,NA,NA,-0.014416217329402,-1.1111559700373,-1.68273032360191,-0.0964742786908779,5,0.2,-0.681420654115908,"-0.815878766043611",-0.0791771875919047,0.738153132044881
"420110",-0.144675770456158,NA,NA,NA,-0.143411076256686,0.0344530767067141,0.164062884837997,0.783946176266623,5,0.2,0.138875058219698,"0.295402452886083",-0.0791771875919047,0.738153132044881
"42011F",NA,NA,NA,NA,0.695055506770665,0.538521057274082,0.707237357908557,NA,3,0.333333333333333,0.646937973984435,"0.983691770791255",-0.0791771875919047,0.738153132044881
"42029F",NA,0.753909773905293,1.66654509777897,NA,0.56606064784338,1.36335957092977,1.61252814635949,NA,5,0.2,1.19248064736338,"1.7227561325012",-0.0791771875919047,0.738153132044881
"421300",NA,NA,NA,NA,NA,NA,NA,NA,0,NA,NA,"NaN",-0.0791771875919047,0.738153132044881
"421301",0.0341495847757862,NA,NA,NA,NA,NA,-0.777439535150975,NA,2,0.5,-0.371644975187594,"-0.396215602019429",-0.0791771875919047,0.738153132044881
"421304",NA,NA,NA,NA,NA,NA,NA,NA,0,NA,NA,"NaN",-0.0791771875919047,0.738153132044881
"430005",-1.03880254661589,NA,-0.652494626795534,NA,-0.723887941429468,-1.43192650312563,-0.016995272852189,-0.507337157671043,6,0.166666666666667,-0.728574008081625,"-0.879758944720207",-0.0791771875919047,0.738153132044881
"430008",0.212974940007734,NA,NA,NA,NA,-0.744561075079217,0.236486147914072,-0.448642460673878,4,0.25,-0.185935611957822,"-0.14462910164747",-0.0791771875919047,0.738153132044881
"430012",0.212974940007734,NA,NA,NA,NA,-1.84434575995347,0.12785125329996,0.314388600289289,4,0.25,-0.297282741589122,"-0.295474671214911",-0.0791771875919047,0.738153132044881
"430014",-0.323501125688104,0.076012585026498,0.549970415576432,NA,0.501563218379738,0.492696695404321,0.562390831756408,-0.800810642656877,7,0.142857142857143,0.151188853971202,"0.312084351555797",-0.0791771875919047,0.738153132044881
"430015",0.212974940007734,NA,NA,NA,0.0500812121342405,-2.6233599117394,-1.32061400822154,0.0796098123006222,5,0.2,-0.720261591103668,"-0.868497843714067",-0.0791771875919047,0.738153132044881
"430016",1.82240313709524,0.148937234880423,0.0346282545598759,NA,-0.401400794111256,0.355223609795039,0.598602463294446,-0.0964742786908779,7,0.142857142857143,0.351702803831842,"0.583727105824362",-0.0791771875919047,0.738153132044881
"430027",1.6435777818633,-0.76067910767623,2.26777761896496,0.0710226556471613,-1.75584681284775,0.4010479716648,1.46768162020734,1.89914541921279,8,0.125,0.654215893379546,"0.99355140435394",-0.0791771875919047,0.738153132044881
"43002F",NA,NA,NA,NA,0.372568359452453,0.950940314101927,0.96071877867482,NA,3,0.333333333333333,0.761409150743067,"1.13876958837298",-0.0791771875919047,0.738153132044881
"430048",-0.144675770456158,NA,NA,NA,NA,0.0802774385764748,-0.668804640536862,NA,3,0.333333333333333,-0.244400990805515,"-0.223834047490792",-0.0791771875919047,0.738153132044881
"43005F",NA,NA,NA,NA,0.30807092998881,0.126101800446235,0.815872252522671,NA,3,0.333333333333333,0.416681660985905,"0.671756072082427",-0.0791771875919047,0.738153132044881
"430077",0.0341495847757862,-0.383973667898262,0.120518614729302,0.310285290260791,-1.17536994767496,0.721818504753124,0.453755937142296,0.255693903292122,8,0.125,0.0421097774225245,"0.16431138709448",-0.0791771875919047,0.738153132044881
"430084",0.212974940007734,NA,NA,NA,NA,NA,NA,NA,1,1,0.212974940007734,"0.395787967180062",-0.0791771875919047,0.738153132044881
"430089",-0.50232648092005,NA,NA,NA,NA,NA,NA,NA,1,1,-0.50232648092005,"-0.573254078264098",-0.0791771875919047,0.738153132044881
"430090",0.391800295239677,NA,NA,NA,NA,NA,NA,NA,1,1,0.391800295239677,"0.638048478541098",-0.0791771875919047,0.738153132044881
"430091",0.570625650471623,NA,NA,NA,NA,NA,NA,NA,1,1,0.570625650471623,"0.880308989902137",-0.0791771875919047,0.738153132044881
"430093",NA,NA,NA,NA,NA,NA,NA,NA,0,NA,NA,"NaN",-0.0791771875919047,0.738153132044881
"430095",0.0341495847757862,0.0643619013220243,0.120518614729302,-0.88602788280736,NA,0.171926162315996,NA,NA,5,0.2,-0.0990143239328503,"-0.0268740122879265",-0.0791771875919047,0.738153132044881
"430097",-0.50232648092005,NA,NA,NA,-0.336903364647613,-0.469614903860653,1.14177693636501,NA,4,0.25,-0.0417669532658274,"0.0506808583504089",-0.0791771875919047,0.738153132044881
"430098",-0.144675770456158,NA,NA,NA,0.888547795161592,NA,NA,NA,2,0.5,0.371936012352717,"0.611137689946418",-0.0791771875919047,0.738153132044881
"431300",-0.859977191383941,NA,NA,NA,NA,0.0344530767067141,0.381332674066222,NA,3,0.333333333333333,-0.148063813537002,"-0.0933229474408146",-0.0791771875919047,0.738153132044881
"431301",0.0341495847757862,NA,NA,NA,NA,NA,0.308909410990147,NA,2,0.5,0.171529497882966,"0.339640481888015",-0.0791771875919047,0.738153132044881
"431302",-1.21762790184783,NA,NA,NA,NA,NA,-0.234265062080414,NA,2,0.5,-0.725946481964123,"-0.876199349829345",-0.0791771875919047,0.738153132044881
"431305",-0.323501125688104,NA,NA,NA,NA,NA,NA,NA,1,1,-0.323501125688104,"-0.330993566903058",-0.0791771875919047,0.738153132044881
"431306",0.391800295239677,NA,NA,NA,NA,NA,0.381332674066222,NA,2,0.5,0.38656648465295,"0.630958065509551",-0.0791771875919047,0.738153132044881
"431307",NA,NA,NA,NA,NA,NA,NA,NA,0,NA,NA,"NaN",-0.0791771875919047,0.738153132044881
"431308",NA,NA,NA,NA,NA,NA,NA,NA,0,NA,NA,"NaN",-0.0791771875919047,0.738153132044881
"431309",-0.323501125688104,NA,NA,NA,NA,NA,NA,NA,1,1,-0.323501125688104,"-0.330993566903058",-0.0791771875919047,0.738153132044881
"431310",-0.323501125688104,NA,NA,NA,NA,NA,-0.16184179900434,NA,2,0.5,-0.242671462346222,"-0.22149099916625",-0.0791771875919047,0.738153132044881
"431311",NA,NA,NA,NA,NA,NA,-0.958497692841162,NA,1,1,-0.958497692841162,"-1.19124402116036",-0.0791771875919047,0.738153132044881
"431312",0.0341495847757862,NA,NA,NA,NA,NA,NA,NA,1,1,0.0341495847757862,"0.153527455819019",-0.0791771875919047,0.738153132044881
"431313",0.212974940007734,NA,NA,NA,NA,NA,NA,NA,1,1,0.212974940007734,"0.395787967180062",-0.0791771875919047,0.738153132044881
"431314",NA,NA,NA,NA,NA,NA,NA,NA,0,NA,NA,"NaN",-0.0791771875919047,0.738153132044881
"431315",0.212974940007734,NA,NA,NA,NA,NA,NA,NA,1,1,0.212974940007734,"0.395787967180062",-0.0791771875919047,0.738153132044881
"431316",-0.859977191383941,NA,NA,NA,0.56606064784338,-0.423790541990892,-1.24819074514546,NA,4,0.25,-0.491474457669229,"-0.558552490233498",-0.0791771875919047,0.738153132044881
"431317",NA,NA,NA,NA,NA,NA,NA,NA,0,NA,NA,"NaN",-0.0791771875919047,0.738153132044881
"431318",NA,NA,NA,NA,NA,NA,NA,NA,0,NA,NA,"NaN",-0.0791771875919047,0.738153132044881
"431319",-0.323501125688104,NA,NA,NA,NA,NA,0.743448989446595,NA,2,0.5,0.209973931879245,"0.391722404089954",-0.0791771875919047,0.738153132044881
"431320",0.0341495847757862,NA,NA,NA,NA,NA,NA,NA,1,1,0.0341495847757862,"0.153527455819019",-0.0791771875919047,0.738153132044881
"431321",0.391800295239677,NA,NA,NA,NA,NA,0.345121042528184,NA,2,0.5,0.368460668883931,"0.606429529379303",-0.0791771875919047,0.738153132044881
"431322",-0.323501125688104,NA,NA,NA,NA,NA,0.0916396217619223,NA,2,0.5,-0.115930751963091,"-0.0497912462545122",-0.0791771875919047,0.738153132044881
"431323",0.570625650471623,NA,NA,NA,NA,NA,1.25041183097912,NA,2,0.5,0.910518740725371,"1.34077318831603",-0.0791771875919047,0.738153132044881
"431324",NA,NA,NA,NA,NA,NA,NA,NA,0,NA,NA,"NaN",-0.0791771875919047,0.738153132044881
"431325",-0.144675770456158,NA,NA,NA,NA,NA,-0.342899956694526,NA,2,0.5,-0.243787863575342,"-0.22300342413697",-0.0791771875919047,0.738153132044881
"431326",-0.144675770456158,NA,NA,NA,NA,NA,NA,NA,1,1,-0.144675770456158,"-0.0887330555420189",-0.0791771875919047,0.738153132044881
"431327",-0.50232648092005,NA,NA,NA,NA,NA,NA,NA,1,1,-0.50232648092005,"-0.573254078264098",-0.0791771875919047,0.738153132044881
"431328",NA,NA,NA,NA,NA,NA,NA,NA,0,NA,NA,"NaN",-0.0791771875919047,0.738153132044881
"431329",-0.681151836151995,NA,NA,NA,NA,NA,-1.46546053437368,NA,2,0.5,-1.07330618526284,"-1.34677881121622",-0.0791771875919047,0.738153132044881
"431330",-0.859977191383941,NA,NA,NA,NA,-0.561263627600174,-0.415323219770601,NA,3,0.333333333333333,-0.612188012918239,"-0.722087060512433",-0.0791771875919047,0.738153132044881
"431331",0.0341495847757862,NA,NA,NA,NA,NA,NA,NA,1,1,0.0341495847757862,"0.153527455819019",-0.0791771875919047,0.738153132044881
"431332",NA,NA,NA,NA,NA,NA,NA,NA,0,NA,NA,"NaN",-0.0791771875919047,0.738153132044881
"431333",NA,NA,NA,NA,NA,NA,-0.0532069043902274,NA,1,1,-0.0532069043902274,"0.0351827853520484",-0.0791771875919047,0.738153132044881
"431334",-0.323501125688104,NA,NA,NA,NA,NA,0.0554279902238849,NA,2,0.5,-0.13403656773211,"-0.0743197823847604",-0.0791771875919047,0.738153132044881
"431335",-2.11175467800756,NA,NA,NA,-0.78838537089311,NA,-2.76907926974303,NA,3,0.333333333333333,-1.88973977288123,"-2.45282788447106",-0.0791771875919047,0.738153132044881
"431336",-0.323501125688104,NA,NA,NA,NA,NA,-1.46546053437368,NA,2,0.5,-0.894480830030894,"-1.10451829985518",-0.0791771875919047,0.738153132044881
"431337",-1.03880254661589,NA,NA,NA,NA,NA,-1.79136521821602,NA,2,0.5,-1.41508388241595,"-1.8097961477495",-0.0791771875919047,0.738153132044881
"431338",0.391800295239677,NA,NA,NA,NA,NA,0.562390831756408,NA,2,0.5,0.477095563498043,"0.753600746160792",-0.0791771875919047,0.738153132044881
"431339",-0.323501125688104,NA,NA,NA,NA,-1.98181884556275,0.0916396217619223,NA,3,0.333333333333333,-0.737893449829645,"-0.892384294858875",-0.0791771875919047,0.738153132044881
"431340",-0.50232648092005,NA,NA,NA,-1.11087251821132,-0.0571956470328073,-0.922286061303123,0.0209151153034555,5,0.2,-0.514353118432769,"-0.589546954349854",-0.0791771875919047,0.738153132044881
"431383",NA,NA,NA,NA,NA,NA,NA,NA,0,NA,NA,"NaN",-0.0791771875919047,0.738153132044881
"440002",-0.50232648092005,-0.410295582934294,-0.738384986964961,0.310285290260791,-1.75584681284775,-0.744561075079217,-1.42924890283565,0.0209151153034555,8,0.125,-0.656182929502209,"-0.781688401581179",-0.0791771875919047,0.738153132044881
"440003",0.391800295239677,1.00590974736501,-1.42550786832037,NA,0.243573500525168,0.996764675971688,0.417544305604259,0.0796098123006222,7,0.142857142857143,0.244242066955151,"0.438146558629505",-0.0791771875919047,0.738153132044881
"440006",0.570625650471623,-0.6074941923026,-0.652494626795534,NA,-0.78838537089311,0.630169781013603,-0.994709324379199,-1.73992579461154,7,0.142857142857143,-0.511744839642394,"-0.586013434437597",-0.0791771875919047,0.738153132044881
"440007",-1.57527861231172,NA,NA,NA,-1.23986737713861,NA,-0.958497692841162,NA,3,0.333333333333333,-1.2578812274305,"-1.59682861003823",-0.0791771875919047,0.738153132044881
"440008",-4.97296036171869,NA,NA,NA,NA,NA,NA,NA,1,1,-4.97296036171869,"-6.62976686229008",-0.0791771875919047,0.738153132044881
"440009",0.0341495847757862,NA,0.464080055407006,NA,0.0500812121342405,-0.0571956470328073,-0.487746482846675,-0.56603185466821,6,0.166666666666667,-0.09377718870511,"-0.0197790952573207",-0.0791771875919047,0.738153132044881
"440011",-2.6482307437034,-0.747733903560148,0.206408974898728,NA,-0.530395653038541,-1.56939958873491,-1.03092095591724,-0.448642460673878,7,0.142857142857143,-0.966987761532769,"-1.20274579270753",-0.0791771875919047,0.738153132044881
"440012",-0.859977191383941,-0.699836648330648,-1.25372714798152,-1.48418446934144,-1.75584681284775,-1.24862905564658,-2.00863500744424,0.0209151153034555,8,0.125,-1.16124015220908,"-1.4659058095704",-0.0791771875919047,0.738153132044881
"440015",-0.144675770456158,-1.93567213461255,0.0346282545598759,-0.168239978966468,1.08204008355252,0.721818504753124,-0.016995272852189,-1.27036821863421,8,0.125,-0.212183066582007,"-0.180187380119408",-0.0791771875919047,0.738153132044881
"440016",-1.03880254661589,NA,NA,NA,NA,-0.28631745638161,-0.125630167466301,NA,3,0.333333333333333,-0.483583390154599,"-0.547862205017517",-0.0791771875919047,0.738153132044881
"440017",-0.50232648092005,0.236533116065907,0.37818969523758,-0.527133930886914,-2.07833396016596,-1.47775086499539,-0.849862798227049,-0.0964742786908779,8,0.125,-0.614644937822844,"-0.725415536404419",-0.0791771875919047,0.738153132044881
"440018",-0.681151836151995,NA,NA,NA,-0.981877659284037,-0.332141818251371,-1.2844023766835,NA,4,0.25,-0.819893422592725,"-1.00347231874346",-0.0791771875919047,0.738153132044881
"440020",0.0341495847757862,NA,NA,NA,NA,-0.652912351339696,-0.234265062080414,0.373083297286456,4,0.25,-0.119986132839467,"-0.0552852023190781",-0.0791771875919047,0.738153132044881
"440029",-0.50232648092005,-1.20383659525008,0.893531856254137,NA,-0.852882800356752,-1.01950724629778,-0.0894185359282648,-0.331253066679545,7,0.142857142857143,-0.44367040988262,"-0.49379079552365",-0.0791771875919047,0.738153132044881
"440030",-0.681151836151995,NA,-1.59728858865922,NA,-2.01383653070232,0.126101800446235,-0.342899956694526,-1.79862049160871,6,0.166666666666667,-1.05128260056176,"-1.31694274638768",-0.0791771875919047,0.738153132044881
"440031",0.0341495847757862,NA,NA,NA,-0.401400794111256,0.767642866622885,-0.487746482846675,-0.0964742786908779,5,0.2,-0.0367658208500277,"0.0574560547137235",-0.0791771875919047,0.738153132044881
"440032",-0.50232648092005,NA,NA,NA,NA,NA,0.308909410990147,NA,2,0.5,-0.0967085349649514,"-0.023750285153543",-0.0791771875919047,0.738153132044881
"440033",-0.50232648092005,NA,NA,NA,NA,NA,-0.922286061303123,NA,2,0.5,-0.712306271111586,"-0.85772051358198",-0.0791771875919047,0.738153132044881
"440034",0.570625650471623,-0.93457634963559,0.0346282545598759,0.0710226556471613,0.56606064784338,-0.0571956470328073,-0.306688325156488,0.196999206294956,8,0.125,0.0176095116240137,"0.131120082018474",-0.0791771875919047,0.738153132044881
"440035",-3.36353216463118,0.307300231900485,-2.88564399120061,NA,-1.75584681284775,-0.92785852255826,-2.04484663898228,-2.67904094656621,7,0.142857142857143,-1.90706697784083,"-2.47630161127297",-0.0791771875919047,0.738153132044881
"440039",1.82240313709524,1.2160535608494,-0.308933186117829,1.26733582871531,-0.530395653038541,0.813467228492645,1.14177693636501,-1.27036821863421,8,0.125,0.518917454215878,"0.810258218577088",-0.0791771875919047,0.738153132044881
"440046",0.212974940007734,0.631361841606389,0.206408974898728,NA,-0.207908505720328,-0.607087989469935,1.21420019944108,0.960030267258122,7,0.142857142857143,0.344282818288827,"0.573675010641268",-0.0791771875919047,0.738153132044881
"440048",0.749451005703569,0.646464579741818,-0.738384986964961,0.549547924874422,1.6625169487253,-0.194668732642089,0.634814094832484,-0.0377795816937112,8,0.125,0.408995156572104,"0.661342915136919",-0.0791771875919047,0.738153132044881
"440049",0.0341495847757862,-0.764131162107186,0.807641496084711,0.190653972953976,-1.23986737713861,-0.561263627600174,-0.198053430542376,-0.389947763676711,8,0.125,-0.265102288406323,"-0.251878767078256",-0.0791771875919047,0.738153132044881
"440050",-0.681151836151995,0.142033126018512,-0.223042825948403,NA,0.888547795161592,-0.652912351339696,-0.306688325156488,0.138304509297789,7,0.142857142857143,-0.0992728440169556,"-0.0272242378344729",-0.0791771875919047,0.738153132044881
"440053",0.749451005703569,-0.201446289861514,0.635860775745859,-1.00565920011418,-1.04637508874768,0.996764675971688,-0.270476693618452,1.19480905524679,8,0.125,0.131616030040761,"0.285568411866941",-0.0791771875919047,0.738153132044881
"440056",-0.50232648092005,NA,NA,NA,0.372568359452453,-0.515439265730414,-1.24819074514546,-0.683421248662545,5,0.2,-0.515361876201203,"-0.590913551231505",-0.0791771875919047,0.738153132044881
"440057",-1.39645325707978,NA,NA,NA,NA,NA,-1.8637884812921,NA,2,0.5,-1.63012086918594,"-2.10111373137103",-0.0791771875919047,0.738153132044881
"440058",-2.11175467800756,NA,-0.223042825948403,NA,-1.23986737713861,1.40918393279953,-0.523958114384714,-0.507337157671043,6,0.166666666666667,-0.532796036725132,"-0.614532174206973",-0.0791771875919047,0.738153132044881
"440059",-0.144675770456158,-0.497459957315909,0.0346282545598759,0.549547924874422,-1.23986737713861,0.0344530767067141,-0.125630167466301,-0.74211594565971,8,0.125,-0.266389995236959,"-0.253623265305974",-0.0791771875919047,0.738153132044881
"440060",0.212974940007734,NA,NA,NA,NA,NA,0.236486147914072,NA,2,0.5,0.224730543960903,"0.411713665308041",-0.0791771875919047,0.738153132044881
"440061",-2.46940538847145,NA,NA,NA,-0.272405935183971,-0.652912351339696,-4.03648637357434,NA,4,0.25,-1.85780251214236,"-2.40956144102944",-0.0791771875919047,0.738153132044881
"440063",0.391800295239677,-2.2506721014372,-1.68317894882865,-1.72344710395506,-0.659390511965826,-0.698736713209456,-1.03092095591724,-3.03120912854921,8,0.125,-1.33571939607787,"-1.70227850284264",-0.0791771875919047,0.738153132044881
"440065",0.0341495847757862,NA,-0.566604266626108,NA,-0.659390511965826,-0.148844370772328,0.308909410990147,-0.74211594565971,6,0.166666666666667,-0.29564934987634,"-0.293261862460367",-0.0791771875919047,0.738153132044881
"440068",-1.21762790184783,NA,NA,NA,-0.981877659284037,-0.790385436948978,-2.76907926974303,0.960030267258122,5,0.2,-0.959788000113151,"-1.19299204229036",-0.0791771875919047,0.738153132044881
"440072",-0.681151836151995,NA,NA,NA,0.695055506770665,-0.0571956470328073,-1.53788379744976,NA,4,0.25,-0.395293943465974,"-0.428253626721521",-0.0791771875919047,0.738153132044881
"440073",-0.144675770456158,0.315930367977872,-0.137152465778977,NA,0.759552936234307,-0.790385436948978,-1.82757684975406,-4.79205003846421,7,0.142857142857143,-0.945193893884315,"-1.17322093302417",-0.0791771875919047,0.738153132044881
"440081",0.749451005703569,NA,NA,NA,0.0500812121342405,-1.15698033190706,0.453755937142296,1.07741966125246,5,0.2,0.2347454968651,"0.425281246978327",-0.0791771875919047,0.738153132044881
"440082",0.391800295239677,-2.1393433460389,-0.738384986964961,1.02807319410168,-0.207908505720328,0.721818504753124,0.671025726370521,-0.0964742786908779,8,0.125,-0.0461741746187576,"0.0447102525755326",-0.0791771875919047,0.738153132044881
"440084",-1.03880254661589,NA,NA,NA,-1.23986737713861,0.0802774385764748,-0.777439535150975,-0.74211594565971,5,0.2,-0.743589593197741,"-0.900101045111381",-0.0791771875919047,0.738153132044881
"440091",0.391800295239677,0.886382362693192,0.464080055407006,1.62622978063576,-2.07833396016596,-0.607087989469935,0.381332674066222,-0.0964742786908779,8,0.125,0.120991117464386,"0.271174498036432",-0.0791771875919047,0.738153132044881
"440102",-0.323501125688104,NA,NA,NA,NA,-0.92785852255826,-1.53788379744976,NA,3,0.333333333333333,-0.929747815232041,"-1.15229562907066",-0.0791771875919047,0.738153132044881
"440104",0.570625650471623,-0.403822980876253,-0.308933186117829,-0.168239978966468,0.30807092998881,0.0802774385764748,0.308909410990147,-0.800810642656877,8,0.125,-0.0517404198237964,"0.0371694795795299",-0.0791771875919047,0.738153132044881
"440109",-2.82705609893534,NA,NA,NA,-2.07833396016596,NA,-1.24819074514546,NA,3,0.333333333333333,-2.05119360141559,"-2.67155462493354",-0.0791771875919047,0.738153132044881
"440110",0.0341495847757862,NA,NA,NA,0.501563218379738,-0.332141818251371,0.888295515598744,0.431777994283622,5,0.2,0.304728898957304,"0.520090032654453",-0.0791771875919047,0.738153132044881
"440111",-0.144675770456158,NA,NA,NA,NA,NA,NA,NA,1,1,-0.144675770456158,"-0.0887330555420189",-0.0791771875919047,0.738153132044881
"440120",-1.03880254661589,0.885087842281585,-1.16783678781209,0.669179242181237,-0.336903364647613,-0.0113712851630466,-0.523958114384714,1.42958784323546,8,0.125,-0.0118771463656344,"0.0911735496398035",-0.0791771875919047,0.738153132044881
"440125",-0.323501125688104,-0.613535287556772,-1.94085002933693,0.0710226556471613,-0.78838537089311,-1.1111559700373,-0.56016974592275,-0.74211594565971,8,0.125,-0.751086352430939,"-0.910257148103765",-0.0791771875919047,0.738153132044881
"440130",-0.50232648092005,NA,NA,NA,-0.336903364647613,-0.103020008902567,-0.306688325156488,0.666556782272289,5,0.2,-0.116476279470886,"-0.0505302900709136",-0.0791771875919047,0.738153132044881
"440131",0.570625650471623,NA,NA,NA,0.437065788916096,-0.332141818251371,0.272697779452109,NA,4,0.25,0.237061850147114,"0.42841928593184",-0.0791771875919047,0.738153132044881
"440132",0.0341495847757862,NA,NA,NA,0.437065788916096,-0.790385436948978,-0.632593008998825,NA,4,0.25,-0.23794076806398,"-0.215082174117799",-0.0791771875919047,0.738153132044881
"440137",0.212974940007734,NA,NA,NA,-1.82034424231139,0.584345419143842,1.43146998866931,NA,4,0.25,0.102111526377373,"0.24559770337499",-0.0791771875919047,0.738153132044881
"44013F",NA,-0.0361791839795418,0.464080055407006,NA,2.04950152550715,1.82160318962738,1.61252814635949,NA,5,0.2,1.1823067465843,"1.70897321898717",-0.0791771875919047,0.738153132044881
"440144",0.212974940007734,NA,-0.394823546287255,NA,-0.207908505720328,-0.515439265730414,-0.234265062080414,-0.389947763676711,6,0.166666666666667,-0.254901533914565,"-0.238059473968304",-0.0791771875919047,0.738153132044881
"440148",0.391800295239677,NA,NA,NA,NA,NA,0.671025726370521,NA,2,0.5,0.531413010805099,"0.827186354551537",-0.0791771875919047,0.738153132044881
"440150",0.391800295239677,-0.888405121621567,0.979422216423564,NA,1.2110349424798,0.0802774385764748,0.272697779452109,0.0796098123006222,7,0.142857142857143,0.303776766121526,"0.518800147406469",-0.0791771875919047,0.738153132044881
"440151",0.212974940007734,NA,NA,NA,-0.143411076256686,-0.377966180121132,-0.16184179900434,NA,4,0.25,-0.117561028843606,"-0.0519998352447108",-0.0791771875919047,0.738153132044881
"440152",-1.57527861231172,-1.48647355178453,NA,NA,NA,NA,NA,NA,2,0.5,-1.53087608204812,"-1.96666359788331",-0.0791771875919047,0.738153132044881
"440153",-0.50232648092005,NA,NA,NA,NA,-0.515439265730414,-0.0532069043902274,NA,3,0.333333333333333,-0.35699088368023,"-0.376363228749985",-0.0791771875919047,0.738153132044881
"440156",1.10710171616746,-2.10568581533709,0.0346282545598759,0.310285290260791,-0.143411076256686,0.630169781013603,0.598602463294446,1.25350375224396,8,0.125,0.210649295743295,"0.392637341431179",-0.0791771875919047,0.738153132044881
"440161",0.570625650471623,-0.405549008091731,0.292299335068155,0.190653972953976,-1.36886223606589,0.905115952232167,-0.668804640536862,-0.800810642656877,8,0.125,-0.16066645207818,"-0.110396150810237",-0.0791771875919047,0.738153132044881
"44016F",NA,-0.568658579954357,0.120518614729302,NA,1.79151180765259,1.36335957092977,2.40918404019631,NA,5,0.2,1.02318309071072,"1.49340323903903",-0.0791771875919047,0.738153132044881
"440173",0.749451005703569,0.271485167179326,0.37818969523758,-0.407502613580099,-0.659390511965826,-1.79852139808371,-0.487746482846675,0.490472691280789,8,0.125,-0.182945305884381,"-0.140578036978602",-0.0791771875919047,0.738153132044881
"440175",-2.11175467800756,NA,NA,NA,0.179076071061526,-0.836209798818738,-1.64651869206387,-0.624726551665378,5,0.2,-1.0080267298988,"-1.25834261480912",-0.0791771875919047,0.738153132044881
"440176",0.749451005703569,NA,NA,NA,NA,NA,0.381332674066222,NA,2,0.5,0.565391839884895,"0.873218576870591",-0.0791771875919047,0.738153132044881
"44017F",NA,NA,NA,NA,1.40452723087073,1.86742755149714,1.57631651482146,NA,3,0.333333333333333,1.61609043239644,"2.29663405382025",-0.0791771875919047,0.738153132044881
"440183",0.0341495847757862,-1.498124235489,-0.480713906456682,0.190653972953976,-1.17536994767496,-0.836209798818738,0.236486147914072,-0.800810642656877,8,0.125,-0.541242353181553,"-0.625974673181438",-0.0791771875919047,0.738153132044881
"440184",-0.144675770456158,NA,NA,NA,-1.36886223606589,-1.01950724629778,-0.0532069043902274,NA,4,0.25,-0.646563039302515,"-0.768656024175905",-0.0791771875919047,0.738153132044881
"440185",-0.50232648092005,-0.209213412331163,-1.94085002933693,NA,-1.6913493833841,-0.148844370772328,0.164062884837997,0.314388600289289,7,0.142857142857143,-0.573447455945327,"-0.669603970905281",-0.0791771875919047,0.738153132044881
"440187",-0.50232648092005,NA,NA,NA,-1.30436480660225,0.4010479716648,-2.18969316513443,NA,4,0.25,-0.898834120247983,"-1.11041584337035",-0.0791771875919047,0.738153132044881
"44018F",NA,1.44949874174273,-0.137152465778977,NA,0.0500812121342405,2.18819808458546,1.7211630409736,NA,5,0.2,1.05435772273141,"1.53563652460991",-0.0791771875919047,0.738153132044881
"440192",0.0341495847757862,NA,NA,NA,NA,NA,0.308909410990147,NA,2,0.5,0.171529497882966,"0.339640481888015",-0.0791771875919047,0.738153132044881
"440193",1.10710171616746,NA,1.15120293676242,NA,1.79151180765259,-0.0571956470328073,0.12785125329996,1.19480905524679,6,0.166666666666667,0.885880187016067,"1.30739454012002",-0.0791771875919047,0.738153132044881
"440194",1.10710171616746,1.12716315925231,-0.910165707303813,NA,0.953045224625234,0.44687233353456,0.308909410990147,0.666556782272289,7,0.142857142857143,0.528497559934026,"0.823236698654262",-0.0791771875919047,0.738153132044881
"440197",0.391800295239677,NA,0.721751135915285,NA,NA,-0.0113712851630466,-1.35682563975957,-0.331253066679545,5,0.2,-0.11717971208944,"-0.051483253064657",-0.0791771875919047,0.738153132044881
"440200",NA,NA,NA,NA,NA,NA,-0.342899956694526,NA,1,1,-0.342899956694526,"-0.357273792731921",-0.0791771875919047,0.738153132044881
"440227",-0.50232648092005,-0.998870863412128,-0.738384986964961,NA,0.243573500525168,-1.15698033190706,0.598602463294446,0.842640873263789,7,0.142857142857143,-0.244535118017257,"-0.224015753976775",-0.0791771875919047,0.738153132044881
"440228",-0.859977191383941,0.551101576086685,-3.40098615221717,NA,-2.1428313896296,-0.515439265730414,-1.61030706052583,0.490472691280789,7,0.142857142857143,-1.06970954173136,"-1.34190632151816",-0.0791771875919047,0.738153132044881
"440238",-0.323501125688104,NA,NA,NA,NA,NA,NA,NA,1,1,-0.323501125688104,"-0.330993566903058",-0.0791771875919047,0.738153132044881
"441300",NA,NA,NA,NA,NA,NA,NA,NA,0,NA,NA,"NaN",-0.0791771875919047,0.738153132044881
"441301",NA,NA,NA,NA,NA,NA,NA,NA,0,NA,NA,"NaN",-0.0791771875919047,0.738153132044881
"441303",-1.75410396754367,NA,NA,NA,NA,NA,-2.95013742743322,NA,2,0.5,-2.35212069748844,"-3.07923032663951",-0.0791771875919047,0.738153132044881
"441304",NA,NA,NA,NA,NA,NA,NA,NA,0,NA,NA,"NaN",-0.0791771875919047,0.738153132044881
"441305",0.570625650471623,NA,NA,NA,-0.465898223574898,-0.28631745638161,-0.596381377460788,NA,4,0.25,-0.194492851736418,"-0.156221872045789",-0.0791771875919047,0.738153132044881
"441306",0.749451005703569,NA,NA,NA,NA,NA,0.888295515598744,NA,2,0.5,0.818873260651157,"1.21661808269406",-0.0791771875919047,0.738153132044881
"441307",-1.21762790184783,NA,NA,NA,-0.852882800356752,-0.607087989469935,-1.21197911360742,NA,4,0.25,-0.972394451320486,"-1.21007041080234",-0.0791771875919047,0.738153132044881
"441309",-0.323501125688104,NA,NA,NA,NA,NA,0.707237357908557,NA,2,0.5,0.191868116110227,"0.367193867959706",-0.0791771875919047,0.738153132044881
"441310",-0.859977191383941,NA,NA,NA,-1.82034424231139,NA,-0.777439535150975,NA,3,0.333333333333333,-1.15258698961543,"-1.45418308942197",-0.0791771875919047,0.738153132044881
"441313",NA,NA,NA,NA,NA,NA,NA,NA,0,NA,NA,"NaN",-0.0791771875919047,0.738153132044881
"441314",-0.50232648092005,NA,NA,NA,NA,NA,NA,NA,1,1,-0.50232648092005,"-0.573254078264098",-0.0791771875919047,0.738153132044881
"441316",NA,NA,NA,NA,NA,NA,0.164062884837997,NA,1,1,0.164062884837997,"0.329525218915027",-0.0791771875919047,0.738153132044881
"441320",NA,NA,NA,NA,NA,NA,NA,NA,0,NA,NA,"NaN",-0.0791771875919047,0.738153132044881
"441322",-0.859977191383941,NA,NA,NA,NA,NA,NA,NA,1,1,-0.859977191383941,"-1.05777510098618",-0.0791771875919047,0.738153132044881
"441323",NA,NA,NA,NA,NA,NA,NA,NA,0,NA,NA,"NaN",-0.0791771875919047,0.738153132044881
"450002",-0.144675770456158,NA,-0.137152465778977,NA,NA,0.171926162315996,-0.668804640536862,NA,4,0.25,-0.194676678614,"-0.15647090828177",-0.0791771875919047,0.738153132044881
"450007",-1.39645325707978,NA,0.37818969523758,NA,0.437065788916096,0.126101800446235,-0.270476693618452,-1.27036821863421,6,0.166666666666667,-0.332656814122088,"-0.343397075113639",-0.0791771875919047,0.738153132044881
"450010",-0.323501125688104,-0.466822974241182,-0.910165707303813,-2.56086632510277,-1.23986737713861,0.217750524185757,-0.125630167466301,-1.03558943064554,8,0.125,-0.805586572925071,"-0.98409036526177",-0.0791771875919047,0.738153132044881
"450011",0.570625650471623,-0.342549014726801,-2.11263074967578,-1.36455315203462,-1.49785709499318,0.355223609795039,-0.487746482846675,-0.0377795816937112,8,0.125,-0.614658351963013,"-0.725433708975376",-0.0791771875919047,0.738153132044881
"450015",1.2859270713994,-1.44806944624015,-0.480713906456682,NA,0.82405036569795,1.31753520906001,0.888295515598744,0.0796098123006222,7,0.142857142857143,0.352376374479986,"0.584639613837812",-0.0791771875919047,0.738153132044881
"450018",1.6435777818633,0.140738605606905,0.979422216423564,-0.646765248193729,1.14653751301616,1.13423776158097,1.14177693636501,-1.85731518860588,8,0.125,0.460276297257037,"0.730815140422844",-0.0791771875919047,0.738153132044881
"450021",2.18005384755913,-0.226905191289807,-0.394823546287255,0.908441876794867,0.759552936234307,-0.28631745638161,1.61252814635949,0.607862085275123,8,0.125,0.645049087283031,"0.981132834685178",-0.0791771875919047,0.738153132044881
"450023",-0.681151836151995,0.165334493427459,-0.566604266626108,-0.0486086616596539,-1.04637508874768,-0.561263627600174,-0.958497692841162,-0.272558369682376,8,0.125,-0.496215631235211,"-0.56497551190767",-0.0791771875919047,0.738153132044881
"450024",-0.50232648092005,-1.07179551326605,-0.137152465778977,NA,-0.014416217329402,-0.973682884428019,-0.668804640536862,-0.389947763676711,7,0.142857142857143,-0.536875137990868,"-0.620058265052697",-0.0791771875919047,0.738153132044881
"450028",-0.144675770456158,NA,0.721751135915285,NA,-0.207908505720328,-0.28631745638161,0.12785125329996,0.607862085275123,6,0.166666666666667,0.136427123655378,"0.292086156499806",-0.0791771875919047,0.738153132044881
"450029",0.749451005703569,0.401800221947879,-2.71386327086176,NA,0.630558077307023,0.217750524185757,1.14177693636501,0.842640873263789,7,0.142857142857143,0.181444909701609,"0.353073212019735",-0.0791771875919047,0.738153132044881
"450032",-0.323501125688104,-0.235535327367195,0.807641496084711,-1.60381578664825,1.79151180765259,0.126101800446235,0.526179200218371,-0.0377795816937112,8,0.125,0.13135031037558,"0.285208432814297",-0.0791771875919047,0.738153132044881
"450033",0.570625650471623,-0.758521573656883,0.120518614729302,-3.03939159433003,0.179076071061526,1.04258903784145,0.345121042528184,0.0796098123006222,8,0.125,-0.182546617381776,"-0.140037920727249",-0.0791771875919047,0.738153132044881
"450034",-1.39645325707978,0.430711177807128,0.893531856254137,0.190653972953976,0.695055506770665,-1.61522395060467,-1.46546053437368,0.725251479269456,8,0.125,-0.192741718625346,"-0.153849555198442",-0.0791771875919047,0.738153132044881
"450035",-0.144675770456158,NA,NA,NA,NA,0.217750524185757,-0.198053430542376,NA,3,0.333333333333333,-0.0416595589375925,"0.0508263489316619",-0.0791771875919047,0.738153132044881
"450039",0.391800295239677,-0.271781898892222,NA,NA,0.759552936234307,1.18006212345073,1.68495140943557,0.842640873263789,6,0.166666666666667,0.764537623121975,"1.14300783141916",-0.0791771875919047,0.738153132044881
"450040",0.391800295239677,-2.59760357174818,-0.652494626795534,-0.168239978966468,-1.94933910123867,0.950940314101927,0.453755937142296,-1.32906291563138,8,0.125,-0.612530455987041,"-0.722550979249531",-0.0791771875919047,0.738153132044881
"450042",-0.50232648092005,0.683142658070715,-1.76906930899807,-0.0486086616596539,-0.207908505720328,-1.1111559700373,-1.53788379744976,-0.683421248662545,8,0.125,-0.647153914422125,"-0.769456501873498",-0.0791771875919047,0.738153132044881
"450044",2.00122849232719,1.59319050743124,0.979422216423564,0.908441876794867,1.79151180765259,1.54665701840882,2.19191425096809,0.783946176266623,8,0.125,1.47453904328412,"2.10486979384863",-0.0791771875919047,0.738153132044881
"450046",-0.50232648092005,0.887676883104801,-0.566604266626108,-1.60381578664825,0.630558077307023,-0.194668732642089,0.743448989446595,-0.389947763676711,8,0.125,-0.124459885081849,"-0.0613459396487271",-0.0791771875919047,0.738153132044881
"450051",0.212974940007734,-1.44936396665176,-0.566604266626108,NA,0.82405036569795,-0.0571956470328073,0.743448989446595,0.373083297286456,7,0.142857142857143,0.0114848160182941,"0.122822758143748",-0.0791771875919047,0.738153132044881
"450054",1.6435777818633,0.580444038749803,1.58065473760955,1.02807319410168,1.53352208979802,0.905115952232167,1.35904672559323,0.138304509297789,8,0.125,1.09609237865569,"1.59217581722073",-0.0791771875919047,0.738153132044881
"450055",-1.21762790184783,NA,NA,NA,NA,NA,-0.16184179900434,NA,2,0.5,-0.689734850426086,"-0.827142277568848",-0.0791771875919047,0.738153132044881
"450056",0.212974940007734,-0.116439449499246,0.120518614729302,-0.646765248193729,0.501563218379738,-0.0113712851630466,-0.379111588232563,1.60567193422696,8,0.125,0.160880142031893,"0.325213453960122",-0.0791771875919047,0.738153132044881
"450058",-0.50232648092005,0.923923454629829,-1.33961750815094,0.190653972953976,-1.49785709499318,0.584345419143842,-0.415323219770601,0.0209151153034555,8,0.125,-0.254410792725458,"-0.237394650955568",-0.0791771875919047,0.738153132044881
"450064",0.0341495847757862,0.737512515358257,NA,NA,-1.11087251821132,-1.20280469377682,0.924507147136782,-0.0964742786908779,6,0.166666666666667,-0.118997040568033,"-0.0539452469243295",-0.0791771875919047,0.738153132044881
"450068",2.00122849232719,0.665019372308201,0.206408974898728,0.310285290260791,-1.30436480660225,0.950940314101927,1.03314204175089,0.196999206294956,8,0.125,0.507457360667554,"0.794732857983445",-0.0791771875919047,0.738153132044881
"450072",0.0341495847757862,NA,1.4088740172707,NA,0.759552936234307,-0.377966180121132,0.598602463294446,0.314388600289289,6,0.166666666666667,0.456266903623899,"0.725383484768913",-0.0791771875919047,0.738153132044881
"450079",1.46475242663135,0.0367454658743833,0.549970415576432,NA,1.14653751301616,1.54665701840882,1.14177693636501,1.37089314623829,7,0.142857142857143,1.03676184601578,"1.51179881946207",-0.0791771875919047,0.738153132044881
"450080",0.928276360935514,NA,0.979422216423564,NA,-0.530395653038541,-0.652912351339696,0.562390831756408,1.01872496425529,6,0.166666666666667,0.384251061498756,"0.627821286630379",-0.0791771875919047,0.738153132044881
"450082",0.212974940007734,NA,NA,NA,NA,0.217750524185757,-0.125630167466301,NA,3,0.333333333333333,0.101698432242397,"0.24503807134602",-0.0791771875919047,0.738153132044881
"450083",-0.859977191383941,-2.45261728564807,-0.738384986964961,-0.287871296273283,-3.04579540212059,-0.973682884428019,-0.342899956694526,-1.03558943064554,8,0.125,-1.21710230426987,"-1.54158407961449",-0.0791771875919047,0.738153132044881
"450087",0.391800295239677,0.181731751974496,0.120518614729302,0.549547924874422,-1.36886223606589,-0.103020008902567,0.164062884837997,0.196999206294956,8,0.125,0.0165973041227989,"0.129748811671885",-0.0791771875919047,0.738153132044881
"450090",-0.681151836151995,NA,NA,NA,0.30807092998881,0.263574886055518,0.743448989446595,-0.213863672685211,5,0.2,0.0840158593307432,"0.221082916048273",-0.0791771875919047,0.738153132044881
"450092",-0.859977191383941,NA,NA,NA,NA,0.263574886055518,-0.7050162720749,NA,3,0.333333333333333,-0.433806192467774,"-0.480427420111939",-0.0791771875919047,0.738153132044881
"450097",-0.144675770456158,1.04474535971326,-0.480713906456682,NA,-1.23986737713861,-1.1111559700373,-0.234265062080414,0.549167388277956,7,0.142857142857143,-0.230966476882565,"-0.20563387554851",-0.0791771875919047,0.738153132044881
"450101",0.391800295239677,1.23374533980804,-0.0512621056095504,NA,-1.04637508874768,-1.20280469377682,0.0192163586858474,-0.800810642656877,7,0.142857142857143,-0.20807007672248,"-0.174615379296038",-0.0791771875919047,0.738153132044881
"450102",0.0341495847757862,0.747437171847252,-0.566604266626108,-0.287871296273283,-0.207908505720328,-0.652912351339696,-0.16184179900434,-1.44645230962571,8,0.125,-0.317750471495803,"-0.323202969068203",-0.0791771875919047,0.738153132044881
"450104",-1.39645325707978,NA,-1.16783678781209,NA,-0.401400794111256,-0.836209798818738,-0.198053430542376,-0.800810642656877,6,0.166666666666667,-0.800127451836853,"-0.97669471678285",-0.0791771875919047,0.738153132044881
"450107",0.570625650471623,-1.51063793280121,0.549970415576432,0.549547924874422,-0.659390511965826,0.492696695404321,0.417544305604259,-1.56384170362004,8,0.125,-0.144185644557003,"-0.0880690660825453",-0.0791771875919047,0.738153132044881
"450108",-1.75410396754367,NA,NA,NA,NA,-0.607087989469935,-1.46546053437368,NA,3,0.333333333333333,-1.27555083046243,"-1.62076619461906",-0.0791771875919047,0.738153132044881
"450119",-0.323501125688104,1.82965623595166,1.66654509777897,0.669179242181237,1.59801951926166,0.813467228492645,0.634814094832484,-0.976894733648377,8,0.125,0.738910694895272,"1.10829020019309",-0.0791771875919047,0.738153132044881
"450124",0.0341495847757862,-0.425398321069722,NA,NA,NA,NA,1.32283509405519,0.842640873263789,4,0.25,0.443556807756262,"0.7081647054725",-0.0791771875919047,0.738153132044881
"450128",1.10710171616746,NA,NA,NA,NA,1.13423776158097,0.381332674066222,NA,3,0.333333333333333,0.874224050604884,"1.29160359389875",-0.0791771875919047,0.738153132044881
"450132",-1.21762790184783,1.1526220606806,0.120518614729302,-0.646765248193729,-1.49785709499318,-0.28631745638161,-0.342899956694526,-0.448642460673878,8,0.125,-0.395871180421856,"-0.429035628356172",-0.0791771875919047,0.738153132044881
"450133",-1.57527861231172,0.50622486848427,-3.91632831323373,-3.87681081547774,-0.852882800356752,-1.75269703621395,-2.00863500744424,-0.56603185466821,8,0.125,-1.75530494640276,"-2.27070466282184",-0.0791771875919047,0.738153132044881
"450135",1.46475242663135,0.845389216325602,-0.738384986964961,0.669179242181237,0.437065788916096,0.263574886055518,0.345121042528184,-1.50514700662288,8,0.125,0.222693826131269,"0.408954457575639",-0.0791771875919047,0.738153132044881
"450137",1.6435777818633,-0.653665420316625,-0.308933186117829,0.669179242181237,1.2110349424798,0.492696695404321,0.562390831756408,0.901335570260955,8,0.125,0.564702057188946,"0.872284105869921",-0.0791771875919047,0.738153132044881
"450143",NA,NA,NA,NA,NA,NA,NA,NA,0,NA,NA,"NaN",-0.0791771875919047,0.738153132044881
"450144",0.212974940007734,NA,NA,NA,NA,NA,-1.21197911360742,NA,2,0.5,-0.499502086799845,"-0.569427779901886",-0.0791771875919047,0.738153132044881
"450147",-1.39645325707978,-0.00769973492416284,-1.16783678781209,NA,-0.723887941429468,0.630169781013603,0.200274516376035,0.0209151153034555,7,0.142857142857143,-0.349216901221773,"-0.365831562458844",-0.0791771875919047,0.738153132044881
"450148",0.570625650471623,NA,NA,NA,1.01754265408888,-0.698736713209456,1.14177693636501,NA,4,0.25,0.507802131929013,"0.795199930798679",-0.0791771875919047,0.738153132044881
"450152",-1.03880254661589,NA,0.0346282545598759,NA,-0.594893082502183,-0.92785852255826,-1.5740954289878,0.783946176266623,6,0.166666666666667,-0.552845858306271,"-0.641694318091123",-0.0791771875919047,0.738153132044881
"450154",-0.681151836151995,NA,-1.25372714798152,NA,NA,-0.0113712851630466,-0.56016974592275,NA,4,0.25,-0.626605003804828,"-0.741618225877336",-0.0791771875919047,0.738153132044881
"450155",-1.93292932277561,NA,NA,NA,NA,NA,-1.82757684975406,NA,2,0.5,-1.88025308626484,"-2.43997596228234",-0.0791771875919047,0.738153132044881
"450162",0.212974940007734,NA,NA,NA,NA,NA,NA,NA,1,1,0.212974940007734,"0.395787967180062",-0.0791771875919047,0.738153132044881
"450163",-0.859977191383941,NA,-0.738384986964961,NA,NA,0.126101800446235,0.0192163586858474,NA,4,0.25,-0.363261004804205,"-0.384857565293142",-0.0791771875919047,0.738153132044881
"450165",-0.681151836151995,NA,NA,NA,NA,-0.0571956470328073,0.272697779452109,NA,3,0.333333333333333,-0.155216567910898,"-0.103013015887833",-0.0791771875919047,0.738153132044881
"450176",2.00122849232719,NA,0.0346282545598759,NA,0.953045224625234,1.27171084719025,1.54010488328342,-0.0377795816937112,6,0.166666666666667,0.960489686715376,"1.40847045033478",-0.0791771875919047,0.738153132044881
"450184",1.2859270713994,1.56341653796425,-2.37030183018406,0.310285290260791,-0.659390511965826,0.813467228492645,0.598602463294446,0.725251479269456,8,0.125,0.283407216066389,"0.49120485698386",-0.0791771875919047,0.738153132044881
"450193",1.46475242663135,0.697382382598404,1.4088740172707,-0.287871296273283,-0.401400794111256,1.27171084719025,1.82979793558772,1.25350375224396,8,0.125,0.904593658892229,"1.3327462876962",-0.0791771875919047,0.738153132044881
"450194",-0.681151836151995,NA,NA,NA,NA,NA,-0.0532069043902274,NA,2,0.5,-0.367179370271111,"-0.390165902136544",-0.0791771875919047,0.738153132044881
"450196",-0.50232648092005,-0.771035270969096,-0.480713906456682,NA,-0.981877659284037,-0.790385436948978,-1.03092095591724,-0.155168975688045,7,0.142857142857143,-0.673204098026303,"-0.804747530893469",-0.0791771875919047,0.738153132044881
"450200",NA,NA,NA,NA,NA,NA,NA,NA,0,NA,NA,"NaN",-0.0791771875919047,0.738153132044881
"450203",0.391800295239677,0.636539923252822,-1.08194642764267,NA,-2.91680054319331,0.630169781013603,0.345121042528184,0.783946176266623,7,0.142857142857143,-0.173024250362152,"-0.127137661138504",-0.0791771875919047,0.738153132044881
"450209",0.212974940007734,-0.415905171384595,-0.137152465778977,-1.00565920011418,0.56606064784338,-0.240493094511849,0.12785125329996,-1.68123109761438,8,0.125,-0.321694273531612,"-0.328545765656878",-0.0791771875919047,0.738153132044881
"450210",0.570625650471623,NA,NA,NA,NA,-0.148844370772328,0.634814094832484,NA,3,0.333333333333333,0.35219845817726,"0.584398584849378",-0.0791771875919047,0.738153132044881
"450211",-0.50232648092005,0.208485173814397,-0.137152465778977,-1.60381578664825,-0.659390511965826,0.721818504753124,0.164062884837997,-1.44645230962571,8,0.125,-0.406846373941662,"-0.443904079146865",-0.0791771875919047,0.738153132044881
"450213",0.0341495847757862,1.01281385622692,-1.08194642764267,0.0710226556471613,0.179076071061526,0.217750524185757,0.852083884060707,0.255693903292122,8,0.125,0.192580506450914,"0.368158966270289",-0.0791771875919047,0.738153132044881
"450222",-0.144675770456158,1.26610835009825,-0.137152465778977,0.190653972953976,-1.11087251821132,1.27171084719025,0.0916396217619223,-0.272558369682376,8,0.125,0.144356708484445,"0.302828622371488",-0.0791771875919047,0.738153132044881
"450229",0.0341495847757862,1.0412933052823,-0.996056067473239,-1.60381578664825,-0.143411076256686,-1.52357522686515,-0.958497692841162,0.196999206294956,8,0.125,-0.49411421921643,"-0.562128660857998",-0.0791771875919047,0.738153132044881
"450231",-1.03880254661589,-0.443521606832236,-0.308933186117829,-4.59459871931863,-1.30436480660225,-0.698736713209456,-0.451534851308639,0.255693903292122,8,0.125,-1.0730998158391,"-1.34649923586149",-0.0791771875919047,0.738153132044881
"450235",-0.323501125688104,NA,NA,NA,NA,NA,-0.234265062080414,NA,2,0.5,-0.278883093884259,"-0.270548071426746",-0.0791771875919047,0.738153132044881
"450236",-1.03880254661589,NA,1.06531257659299,NA,-2.33632367802053,-0.0571956470328073,-0.342899956694526,0.0209151153034555,6,0.166666666666667,-0.448165689411217,"-0.499880696566464",-0.0791771875919047,0.738153132044881
"450237",-0.859977191383941,-0.172535334002266,-1.5113982284898,-1.84307842126188,-0.143411076256686,0.675994142883363,0.12785125329996,-1.21167352163704,8,0.125,-0.617278547106036,"-0.728983372357234",-0.0791771875919047,0.738153132044881
"450241",-0.50232648092005,NA,NA,NA,NA,NA,-0.958497692841162,NA,2,0.5,-0.730412086880606,"-0.882249049712228",-0.0791771875919047,0.738153132044881
"450253",NA,NA,NA,NA,NA,NA,NA,NA,0,NA,NA,"NaN",-0.0791771875919047,0.738153132044881
"450272",-0.323501125688104,NA,0.464080055407006,NA,-0.723887941429468,0.859291590362406,-0.234265062080414,0.725251479269456,6,0.166666666666667,0.12782816597348,"0.280436869504198",-0.0791771875919047,0.738153132044881
"450289",0.749451005703569,-0.0780353439548716,NA,NA,0.179076071061526,0.630169781013603,NA,NA,4,0.25,0.370165378455957,"0.608738954751926",-0.0791771875919047,0.738153132044881
"450292",-1.39645325707978,NA,NA,NA,NA,NA,0.0192163586858474,NA,2,0.5,-0.688618449196965,"-0.825629852598127",-0.0791771875919047,0.738153132044881
"450324",0.391800295239677,0.714211147949311,0.464080055407006,0.669179242181237,1.14653751301616,1.40918393279953,1.61252814635949,1.42958784323546,8,0.125,0.979638522023484,"1.43441199887913",-0.0791771875919047,0.738153132044881
"450330",-0.681151836151995,NA,NA,NA,-0.78838537089311,0.171926162315996,0.272697779452109,NA,4,0.25,-0.25622831631925,"-0.239856909144132",-0.0791771875919047,0.738153132044881
"450346",-1.75410396754367,0.12261531984439,-1.33961750815094,-2.68049764240959,-0.143411076256686,0.492696695404321,-1.75515358667798,1.07741966125246,8,0.125,-0.747506513067212,"-0.90540742355703",-0.0791771875919047,0.738153132044881
"450347",-0.50232648092005,NA,NA,NA,0.56606064784338,0.263574886055518,-0.306688325156488,-0.331253066679545,5,0.2,-0.062126467771437,"0.0230991634123839",-0.0791771875919047,0.738153132044881
"450351",-0.323501125688104,NA,NA,NA,NA,-1.56939958873491,-1.03092095591724,NA,3,0.333333333333333,-0.97460722344675,"-1.21306812500309",-0.0791771875919047,0.738153132044881
"450352",0.212974940007734,0.219272843911132,-0.394823546287255,NA,0.437065788916096,-0.836209798818738,0.272697779452109,1.19480905524679,7,0.142857142857143,0.157969580346838,"0.321270421601793",-0.0791771875919047,0.738153132044881
"450358",2.89535526848691,3.05168350450974,0.464080055407006,0.549547924874422,1.79151180765259,2.41731989393427,2.69887709250061,1.72306132822129,8,0.125,1.94892960944836,"2.74754208713017",-0.0791771875919047,0.738153132044881
"450369",-1.03880254661589,NA,NA,NA,NA,NA,0.671025726370521,NA,2,0.5,-0.183888410122683,"-0.14185569089262",-0.0791771875919047,0.738153132044881
"450370",-0.859977191383941,NA,NA,NA,NA,-0.836209798818738,-1.50167216591172,NA,3,0.333333333333333,-1.06595305203813,"-1.336817283038",-0.0791771875919047,0.738153132044881
"450372",1.10710171616746,0.826834423759218,0.635860775745859,NA,1.72701437818894,0.0344530767067141,1.54010488328342,1.13611435824962,7,0.142857142857143,1.00106908744303,"1.46344468124435",-0.0791771875919047,0.738153132044881
"450379",0.570625650471623,NA,NA,NA,NA,0.0344530767067141,1.25041183097912,NA,3,0.333333333333333,0.618496852719152,"0.945161660939261",-0.0791771875919047,0.738153132044881
"450388",1.6435777818633,1.37571107828107,1.15120293676242,0.310285290260791,0.243573500525168,1.86742755149714,-0.234265062080414,0.607862085275123,8,0.125,0.870671895298074,"1.28679137384223",-0.0791771875919047,0.738153132044881
"450389",-1.75410396754367,NA,-0.394823546287255,NA,-0.0789136467930435,-0.561263627600174,-0.270476693618452,0.490472691280789,6,0.166666666666667,-0.428184798426967,"-0.47281193519862",-0.0791771875919047,0.738153132044881
"450395",0.391800295239677,NA,NA,NA,NA,-0.423790541990892,-0.0894185359282648,NA,3,0.333333333333333,-0.0404695942264932,"0.0524384327384498",-0.0791771875919047,0.738153132044881
"450399",0.212974940007734,NA,NA,NA,NA,NA,-0.451534851308639,NA,2,0.5,-0.119279955650452,"-0.0543285211666749",-0.0791771875919047,0.738153132044881
"450400",0.749451005703569,NA,NA,NA,NA,NA,0.417544305604259,NA,2,0.5,0.583497655653914,"0.897747113000839",-0.0791771875919047,0.738153132044881
"450403",0.928276360935514,1.08617001288472,-2.11263074967578,NA,-0.401400794111256,0.675994142883363,0.924507147136782,1.13611435824962,7,0.142857142857143,0.319575782614709,"0.540203587705388",-0.0791771875919047,0.738153132044881
"450411",-0.50232648092005,NA,NA,NA,NA,NA,1.14177693636501,NA,2,0.5,0.319725227722478,"0.540406045842165",-0.0791771875919047,0.738153132044881
"450419",0.570625650471623,NA,NA,NA,0.114578641597884,0.584345419143842,1.32283509405519,NA,4,0.25,0.648096201317136,"0.985260858941694",-0.0791771875919047,0.738153132044881
"450422",0.212974940007734,NA,NA,NA,NA,NA,NA,NA,1,1,0.212974940007734,"0.395787967180062",-0.0791771875919047,0.738153132044881
"450424",1.6435777818633,0.934711124726563,0.979422216423564,0.669179242181237,1.14653751301616,1.77577882775762,1.10556530482697,-0.272558369682376,8,0.125,0.997776705139129,"1.45898438410413",-0.0791771875919047,0.738153132044881
"450431",1.82240313709524,0.796628947488362,1.06531257659299,0.669179242181237,0.501563218379738,1.82160318962738,0.272697779452109,1.31219844924112,8,0.125,1.03269831750727,"1.50629382553588",-0.0791771875919047,0.738153132044881
"450447",-0.50232648092005,NA,NA,NA,0.179076071061526,-0.28631745638161,0.417544305604259,0.138304509297789,5,0.2,-0.0107438102676171,"0.0927089168269312",-0.0791771875919047,0.738153132044881
"450451",0.212974940007734,NA,NA,NA,NA,NA,-0.741227903612937,NA,2,0.5,-0.264126481802601,"-0.25055681020866",-0.0791771875919047,0.738153132044881
"450460",-0.859977191383941,NA,NA,NA,NA,NA,0.308909410990147,NA,2,0.5,-0.275533890196897,"-0.266010796514582",-0.0791771875919047,0.738153132044881
"450462",0.391800295239677,-0.319247647317855,0.37818969523758,-0.168239978966468,-0.143411076256686,-0.194668732642089,0.526179200218371,-0.800810642656877,8,0.125,-0.0412761108930432,"0.0513458184399562",-0.0791771875919047,0.738153132044881
"450465",0.391800295239677,NA,NA,NA,0.30807092998881,0.217750524185757,0.164062884837997,NA,4,0.25,0.27042115856306,"0.473612223505013",-0.0791771875919047,0.738153132044881
"450469",-0.144675770456158,NA,-0.480713906456682,NA,0.30807092998881,0.263574886055518,0.381332674066222,0.960030267258122,6,0.166666666666667,0.214603180075972,"0.397993796834577",-0.0791771875919047,0.738153132044881
"450475",0.212974940007734,NA,NA,NA,NA,0.584345419143842,-0.125630167466301,NA,3,0.333333333333333,0.223896730561758,"0.410584071240161",-0.0791771875919047,0.738153132044881
"450484",-1.21762790184783,0.997711118091493,0.37818969523758,-2.8001289597164,0.114578641597884,0.126101800446235,0.671025726370521,0.549167388277956,8,0.125,-0.147622811442821,"-0.0927255075939371",-0.0791771875919047,0.738153132044881
"450489",-0.50232648092005,NA,NA,NA,NA,NA,-0.379111588232563,NA,2,0.5,-0.440719034576306,"-0.489792471628258",-0.0791771875919047,0.738153132044881
"450498",NA,NA,NA,NA,NA,NA,0.381332674066222,NA,1,1,0.381332674066222,"0.623867652478005",-0.0791771875919047,0.738153132044881
"450508",0.0341495847757862,NA,-0.0512621056095504,NA,0.179076071061526,-1.75269703621395,-0.125630167466301,NA,5,0.2,-0.343272730690498,"-0.357778801760251",-0.0791771875919047,0.738153132044881
"450518",-0.144675770456158,NA,0.120518614729302,-0.168239978966468,0.82405036569795,0.859291590362406,0.272697779452109,0.549167388277956,7,0.142857142857143,0.330401427013871,"0.55486943944969",-0.0791771875919047,0.738153132044881
"450537",0.391800295239677,-0.636405148161849,-1.33961750815094,-0.168239978966468,-0.143411076256686,0.171926162315996,-0.632593008998825,-1.21167352163704,8,0.125,-0.446026723077018,"-0.496982969467111",-0.0791771875919047,0.738153132044881
"450539",0.0341495847757862,NA,NA,NA,NA,0.126101800446235,0.634814094832484,NA,3,0.333333333333333,0.265021826684835,"0.466297573408944",-0.0791771875919047,0.738153132044881
"450563",1.6435777818633,0.200286544540879,0.893531856254137,NA,-0.272405935183971,0.538521057274082,1.50389325174538,1.66436663122412,7,0.142857142857143,0.881681598245418,"1.30170657567419",-0.0791771875919047,0.738153132044881
"450565",-0.50232648092005,NA,NA,NA,-1.36886223606589,0.813467228492645,0.381332674066222,NA,4,0.25,-0.169097203606769,"-0.121817563471907",-0.0791771875919047,0.738153132044881
"450571",0.570625650471623,0.704286491460314,-0.394823546287255,-0.766396565500545,0.437065788916096,-1.20280469377682,0.888295515598744,-1.97470458260021,8,0.125,-0.217306992714757,"-0.187128929115556",-0.0791771875919047,0.738153132044881
"450573",-1.21762790184783,NA,NA,NA,-0.917380229820394,0.171926162315996,-0.813651166689013,NA,4,0.25,-0.694183284010311,"-0.833168714890738",-0.0791771875919047,0.738153132044881
"450584",-0.50232648092005,NA,NA,NA,NA,NA,-1.35682563975957,NA,2,0.5,-0.929576060339811,"-1.15206294714496",-0.0791771875919047,0.738153132044881
"450587",-0.50232648092005,NA,-1.16783678781209,NA,-0.659390511965826,-0.423790541990892,-1.42924890283565,-0.918200036651212,6,0.166666666666667,-0.85013221036262,"-1.04443778574097",-0.0791771875919047,0.738153132044881
"450596",0.749451005703569,NA,-0.137152465778977,NA,0.0500812121342405,-0.240493094511849,-0.16184179900434,0.196999206294956,6,0.166666666666667,0.0761740108062665,"0.210459309395338",-0.0791771875919047,0.738153132044881
"450597",-0.50232648092005,NA,NA,NA,NA,0.0344530767067141,-0.596381377460788,NA,3,0.333333333333333,-0.354751593891374,"-0.373329590211255",-0.0791771875919047,0.738153132044881
"450604",-0.859977191383941,NA,NA,NA,-0.465898223574898,-1.84434575995347,0.0554279902238849,-1.21167352163704,5,0.2,-0.865293341265094,"-1.06497706173167",-0.0791771875919047,0.738153132044881
"45060F",NA,NA,NA,NA,0.501563218379738,0.492696695404321,0.743448989446595,NA,3,0.333333333333333,0.579236301076884,"0.891974117680445",-0.0791771875919047,0.738153132044881
"450610",1.82240313709524,-0.285590116616043,-1.42550786832037,0.310285290260791,-0.401400794111256,1.63830574214834,0.852083884060707,0.255693903292122,8,0.125,0.345784147226191,"0.575708909668702",-0.0791771875919047,0.738153132044881
"450617",0.928276360935514,1.36276587416499,0.807641496084711,0.788810559488052,-0.014416217329402,0.767642866622885,0.779660620984633,-0.800810642656877,8,0.125,0.577446364786813,"0.8895492329074",-0.0791771875919047,0.738153132044881
"450634",0.391800295239677,-0.249775051894884,0.635860775745859,-0.168239978966468,0.0500812121342405,1.18006212345073,0.0192163586858474,-0.74211594565971,8,0.125,0.139611223591912,"0.29639976000334",-0.0791771875919047,0.738153132044881
"450638",0.570625650471623,0.545491987636383,-0.308933186117829,NA,NA,0.538521057274082,0.707237357908557,1.31219844924112,6,0.166666666666667,0.56085688606899,"0.867074927783385",-0.0791771875919047,0.738153132044881
"450639",0.570625650471623,0.390149538243405,-0.137152465778977,-2.20197237318233,-0.272405935183971,-0.332141818251371,-0.234265062080414,0.783946176266623,8,0.125,-0.179152036186926,"-0.135439171433256",-0.0791771875919047,0.738153132044881
"450641",-1.75410396754367,NA,NA,NA,NA,-1.3402777793861,-0.016995272852189,NA,3,0.333333333333333,-1.03712567326065,"-1.29776389760073",-0.0791771875919047,0.738153132044881
"450643",0.391800295239677,NA,1.58065473760955,NA,0.501563218379738,-0.28631745638161,0.924507147136782,0.842640873263789,6,0.166666666666667,0.659141469207987,"1.00022424175666",-0.0791771875919047,0.738153132044881
"450644",0.0341495847757862,0.358218034757072,1.4088740172707,NA,NA,1.04258903784145,0.12785125329996,0.842640873263789,6,0.166666666666667,0.635720466868125,"0.968495049908646",-0.0791771875919047,0.738153132044881
"450647",0.570625650471623,0.551964589694423,-0.738384986964961,0.908441876794867,-1.62685195392046,0.996764675971688,-0.0894185359282648,0.490472691280789,8,0.125,0.132951750924963,"0.287377956291012",-0.0791771875919047,0.738153132044881
"450651",0.928276360935514,1.39253984363198,0.549970415576432,0.788810559488052,0.0500812121342405,1.08841339971121,0.381332674066222,-0.155168975688045,8,0.125,0.62803193623195,"0.958079147973941",-0.0791771875919047,0.738153132044881
"450653",-1.93292932277561,NA,NA,NA,NA,NA,-0.958497692841162,NA,2,0.5,-1.44571350780839,"-1.85129109515639",-0.0791771875919047,0.738153132044881
"450654",0.0341495847757862,NA,NA,NA,0.888547795161592,NA,-0.306688325156488,NA,3,0.333333333333333,0.20533635159363,"0.38543972359415",-0.0791771875919047,0.738153132044881
"450656",-0.144675770456158,-0.264877790030312,-1.16783678781209,NA,-0.465898223574898,1.27171084719025,0.308909410990147,-0.0377795816937112,7,0.142857142857143,-0.0714925564838248,"0.0104106191174606",-0.0791771875919047,0.738153132044881
"450658",0.391800295239677,NA,NA,NA,NA,NA,-0.7050162720749,NA,2,0.5,-0.156607988417611,"-0.104898018397893",-0.0791771875919047,0.738153132044881
"450659",1.10710171616746,1.55047133384817,NA,NA,NA,1.6841301040181,1.32283509405519,NA,4,0.25,1.41613456202223,"2.02574734794083",-0.0791771875919047,0.738153132044881
"450661",-0.859977191383941,NA,-0.137152465778977,NA,-2.1428313896296,0.721818504753124,-0.0894185359282648,-0.859505339654043,6,0.166666666666667,-0.561177736270284,"-0.652981783526555",-0.0791771875919047,0.738153132044881
"450662",-0.144675770456158,-0.415905171384595,0.0346282545598759,0.0710226556471613,NA,0.355223609795039,0.164062884837997,0.431777994283622,7,0.142857142857143,0.0708763510404203,"0.203282397809025",-0.0791771875919047,0.738153132044881
"450668",-0.144675770456158,-0.859062658958449,0.206408974898728,0.190653972953976,NA,0.0802774385764748,-1.21197911360742,0.666556782272289,7,0.142857142857143,-0.153117196331509,"-0.100168929087615",-0.0791771875919047,0.738153132044881
"450669",0.570625650471623,NA,-1.08194642764267,NA,-1.23986737713861,-0.148844370772328,1.03314204175089,0.431777994283622,6,0.166666666666667,-0.0725187481745768,"0.00902040393553877",-0.0791771875919047,0.738153132044881
"45066F",NA,0.357355021149333,2.26777761896496,NA,1.79151180765259,2.69226606515283,2.44539567173435,NA,5,0.2,1.91086123693081,"2.69596962761613",-0.0791771875919047,0.738153132044881
"450670",0.570625650471623,0.903642634847968,0.292299335068155,-0.646765248193729,1.59801951926166,0.584345419143842,-0.7050162720749,0.196999206294956,8,0.125,0.349268780602447,"0.58042965557491",-0.0791771875919047,0.738153132044881
"450672",-0.144675770456158,1.41670422464866,1.23709329693184,0.549547924874422,-1.04637508874768,1.54665701840882,0.345121042528184,0.196999206294956,8,0.125,0.51263398181038,"0.801745794619622",-0.0791771875919047,0.738153132044881
"450674",0.212974940007734,NA,NA,NA,NA,NA,NA,NA,1,1,0.212974940007734,"0.395787967180062",-0.0791771875919047,0.738153132044881
"450675",0.570625650471623,1.23201931259257,0.292299335068155,-0.407502613580099,-0.336903364647613,0.950940314101927,0.526179200218371,-0.74211594565971,8,0.125,0.260692736070653,"0.460432813881081",-0.0791771875919047,0.738153132044881
"450677",0.391800295239677,1.09134809453115,0.635860775745859,NA,-1.04637508874768,0.767642866622885,1.35904672559323,-0.213863672685211,7,0.142857142857143,0.426494285185701,"0.685049552491583",-0.0791771875919047,0.738153132044881
"450678",-0.859977191383941,NA,-0.910165707303813,NA,0.243573500525168,0.996764675971688,-0.777439535150975,NA,5,0.2,-0.261448851468375,"-0.246929337509588",-0.0791771875919047,0.738153132044881
"450684",0.749451005703569,0.880772774242891,-1.16783678781209,NA,0.114578641597884,0.171926162315996,0.308909410990147,0.960030267258122,7,0.142857142857143,0.288261639185217,"0.497781301502058",-0.0791771875919047,0.738153132044881
"450686",0.391800295239677,-3.5344048429486,-1.25372714798152,-0.407502613580099,-0.852882800356752,-0.377966180121132,0.0916396217619223,-2.09209397659454,8,0.125,-1.00439220557263,"-1.25341880676931",-0.0791771875919047,0.738153132044881
"450688",-1.03880254661589,NA,-0.824275347134387,NA,-0.0789136467930435,0.584345419143842,-1.03092095591724,-0.272558369682376,6,0.166666666666667,-0.443520907833181,"-0.493588260246146",-0.0791771875919047,0.738153132044881
"450690",0.212974940007734,NA,NA,NA,0.56606064784338,-0.836209798818738,-0.741227903612937,NA,4,0.25,-0.19960052864514,"-0.163141407690882",-0.0791771875919047,0.738153132044881
"450694",0.0341495847757862,NA,NA,NA,NA,0.126101800446235,0.562390831756408,NA,3,0.333333333333333,0.24088073899281,"0.433592858568613",-0.0791771875919047,0.738153132044881
"450698",NA,NA,NA,NA,NA,NA,NA,NA,0,NA,NA,"NaN",-0.0791771875919047,0.738153132044881
"450702",-0.323501125688104,0.00826601681900442,0.292299335068155,-2.91976027702322,1.01754265408888,-0.148844370772328,0.671025726370521,0.431777994283622,8,0.125,-0.121399255856684,"-0.0571996059243324",-0.0791771875919047,0.738153132044881
"450709",0.928276360935514,1.54529325220174,1.4088740172707,NA,0.82405036569795,1.50083265653905,0.924507147136782,1.01872496425529,7,0.142857142857143,1.16436553771957,"1.68466768117143",-0.0791771875919047,0.738153132044881
"450711",0.749451005703569,NA,0.206408974898728,NA,NA,1.50083265653905,0.308909410990147,0.373083297286456,5,0.2,0.627737069083591,"0.957679681880039",-0.0791771875919047,0.738153132044881
"450713",0.0341495847757862,0.202012571756356,1.49476437744012,0.190653972953976,-0.207908505720328,0.4010479716648,-1.21197911360742,1.54697723722979,8,0.125,0.306214762061635,"0.522102979616033",-0.0791771875919047,0.738153132044881
"450718",0.212974940007734,-0.221295602839505,-1.25372714798152,-1.00565920011418,0.179076071061526,-0.148844370772328,0.345121042528184,-0.0964742786908779,8,0.125,-0.24860356835012,"-0.229527415658129",-0.0791771875919047,0.738153132044881
"450723",-0.323501125688104,-1.28021329953496,0.206408974898728,0.310285290260791,-0.336903364647613,-0.240493094511849,-0.198053430542376,-0.331253066679545,8,0.125,-0.274215389555616,"-0.26422458091237",-0.0791771875919047,0.738153132044881
"450730",-0.144675770456158,NA,-0.652494626795534,NA,NA,-0.515439265730414,0.0192163586858474,NA,4,0.25,-0.323348326074065,"-0.330786564307789",-0.0791771875919047,0.738153132044881
"450742",0.391800295239677,-0.908685941403428,0.464080055407006,NA,-0.014416217329402,-0.607087989469935,0.417544305604259,-0.448642460673878,7,0.142857142857143,-0.100772564660814,"-0.0292559580545093",-0.0791771875919047,0.738153132044881
"450743",0.749451005703569,0.794471413469015,-0.223042825948403,1.02807319410168,-0.723887941429468,0.721818504753124,0.707237357908557,0.314388600289289,8,0.125,0.421063663605921,"0.677692513221512",-0.0791771875919047,0.738153132044881
"450747",-1.93292932277561,NA,NA,NA,-1.17536994767496,-2.76083299734869,-1.42924890283565,-2.09209397659454,5,0.2,-1.87809502944589,"-2.43705237268384",-0.0791771875919047,0.738153132044881
"45074F",NA,0.173533122700977,1.58065473760955,NA,2.24299381389808,2.1423737227157,1.03314204175089,NA,5,0.2,1.43453948773504,"2.05068109801763",-0.0791771875919047,0.738153132044881
"450755",-0.323501125688104,NA,NA,NA,NA,NA,0.164062884837997,NA,2,0.5,-0.0797191204250534,"-0.000734173994015886",-0.0791771875919047,0.738153132044881
"450771",0.749451005703569,0.534272810735778,-2.1985211098452,0.669179242181237,-0.659390511965826,-0.240493094511849,0.852083884060707,0.196999206294956,8,0.125,-0.0120523209183292,"0.0909362349891028",-0.0791771875919047,0.738153132044881
"450774",0.212974940007734,NA,NA,NA,NA,NA,NA,NA,1,1,0.212974940007734,"0.395787967180062",-0.0791771875919047,0.738153132044881
"450775",0.928276360935514,2.08338223662685,1.23709329693184,-0.0486086616596539,-0.336903364647613,0.950940314101927,0.852083884060707,1.89914541921279,8,0.125,0.945676185695296,"1.38840211982585",-0.0791771875919047,0.738153132044881
"450779",0.749451005703569,0.132539976333386,1.66654509777897,NA,0.695055506770665,1.40918393279953,-0.125630167466301,-0.74211594565971,7,0.142857142857143,0.540718486608588,"0.839792784571972",-0.0791771875919047,0.738153132044881
"450788",0.570625650471623,2.47130685330543,1.4088740172707,-0.766396565500545,0.179076071061526,1.50083265653905,0.489967568680334,0.196999206294956,8,0.125,0.756410682265384,"1.13199800093307",-0.0791771875919047,0.738153132044881
"450801",-1.03880254661589,-1.33674069084185,-1.08194642764267,-1.00565920011418,-0.014416217329402,-1.43192650312563,-1.82757684975406,0.314388600289289,8,0.125,-0.927834979391797,"-1.14970424828908",-0.0791771875919047,0.738153132044881
"450804",0.928276360935514,NA,NA,NA,NA,NA,NA,NA,1,1,0.928276360935514,"1.36483001262422",-0.0791771875919047,0.738153132044881
"450808",0.212974940007734,NA,NA,NA,NA,NA,NA,NA,1,1,0.212974940007734,"0.395787967180062",-0.0791771875919047,0.738153132044881
"450809",0.928276360935514,-0.170377799982918,0.206408974898728,NA,-1.11087251821132,0.675994142883363,-0.306688325156488,0.901335570260955,7,0.142857142857143,0.160582343661119,"0.324810016844101",-0.0791771875919047,0.738153132044881
"450820",1.46475242663135,2.5899712243695,1.66654509777897,-0.646765248193729,2.04950152550715,2.05072499897618,2.0108560932779,1.19480905524679,8,0.125,1.54754939669927,"2.2037792887022",-0.0791771875919047,0.738153132044881
"450822",0.570625650471623,NA,NA,NA,0.437065788916096,-0.240493094511849,-0.56016974592275,-0.389947763676711,5,0.2,-0.0365838329447184,"0.0577025996342946",-0.0791771875919047,0.738153132044881
"450825",NA,NA,NA,NA,NA,NA,NA,NA,0,NA,NA,"NaN",-0.0791771875919047,0.738153132044881
"450827",0.212974940007734,NA,NA,NA,NA,NA,0.779660620984633,NA,2,0.5,0.496317780496184,"0.779641707261763",-0.0791771875919047,0.738153132044881
"450828",0.0341495847757862,NA,-0.480713906456682,NA,NA,0.721818504753124,-0.270476693618452,NA,4,0.25,0.00119437236344408,"0.108881960214269",-0.0791771875919047,0.738153132044881
"450831",NA,NA,NA,NA,NA,NA,NA,NA,0,NA,NA,"NaN",-0.0791771875919047,0.738153132044881
"450833",-0.323501125688104,NA,NA,NA,NA,NA,-0.523958114384714,NA,2,0.5,-0.423729620036409,"-0.466776360468731",-0.0791771875919047,0.738153132044881
"450834",0.570625650471623,NA,NA,NA,NA,NA,NA,NA,1,1,0.570625650471623,"0.880308989902137",-0.0791771875919047,0.738153132044881
"450840",0.391800295239677,NA,0.464080055407006,NA,-1.11087251821132,-0.194668732642089,-0.487746482846675,-0.859505339654043,6,0.166666666666667,-0.299485453784574,"-0.298458756900966",-0.0791771875919047,0.738153132044881
"450844",1.6435777818633,2.70690956821811,0.549970415576432,-0.646765248193729,0.695055506770665,1.95907627523666,1.79358630404968,1.60567193422696,8,0.125,1.28838531721851,"1.85268130072401",-0.0791771875919047,0.738153132044881
"450847",-0.144675770456158,-0.445679140851582,-1.8549596691675,NA,0.437065788916096,-0.469614903860653,0.200274516376035,-0.859505339654043,7,0.142857142857143,-0.448156359813973,"-0.499868057458345",-0.0791771875919047,0.738153132044881
"450848",1.10710171616746,1.12327959801748,-0.480713906456682,NA,0.630558077307023,0.675994142883363,0.96071877867482,-0.507337157671043,7,0.142857142857143,0.501371606988918,"0.786488290000948",-0.0791771875919047,0.738153132044881
"450851",1.82240313709524,NA,0.292299335068155,NA,NA,1.13423776158097,NA,NA,3,0.333333333333333,1.08298007791479,"1.57441215793152",-0.0791771875919047,0.738153132044881
"450853",-0.144675770456158,NA,NA,NA,NA,NA,NA,NA,1,1,-0.144675770456158,"-0.0887330555420189",-0.0791771875919047,0.738153132044881
"450855",0.749451005703569,0.200286544540879,0.292299335068155,-1.2449218347278,0.0500812121342405,1.40918393279953,1.90222119866379,NA,7,0.142857142857143,0.479800199168909,"0.757264803865693",-0.0791771875919047,0.738153132044881
"450856",0.0341495847757862,NA,NA,NA,NA,NA,NA,NA,1,1,0.0341495847757862,"0.153527455819019",-0.0791771875919047,0.738153132044881
"450860",NA,NA,NA,NA,NA,NA,NA,NA,0,NA,NA,"NaN",-0.0791771875919047,0.738153132044881
"450862",0.928276360935514,0.844526202717862,-0.137152465778977,0.908441876794867,-0.143411076256686,-0.0113712851630466,0.489967568680334,0.0209151153034555,8,0.125,0.362524037154165,"0.598386981739738",-0.0791771875919047,0.738153132044881
"450864",0.928276360935514,NA,NA,NA,NA,NA,NA,NA,1,1,0.928276360935514,"1.36483001262422",-0.0791771875919047,0.738153132044881
"450865",0.212974940007734,NA,NA,NA,NA,NA,0.598602463294446,NA,2,0.5,0.40578870165109,"0.656999026610522",-0.0791771875919047,0.738153132044881
"450867",-0.144675770456158,NA,NA,NA,0.179076071061526,1.13423776158097,0.381332674066222,NA,4,0.25,0.38749268406314,"0.632212817904389",-0.0791771875919047,0.738153132044881
"450869",-0.859977191383941,-0.0810558915819569,-0.652494626795534,-0.646765248193729,0.243573500525168,-0.240493094511849,0.200274516376035,-0.56603185466821,8,0.125,-0.325371236279252,"-0.333527066403315",-0.0791771875919047,0.738153132044881
"45086F",NA,NA,-0.137152465778977,NA,0.759552936234307,1.50083265653905,1.32283509405519,NA,4,0.25,0.861517055262395,"1.27438901498437",-0.0791771875919047,0.738153132044881
"450872",0.0341495847757862,NA,NA,NA,NA,NA,NA,NA,1,1,0.0341495847757862,"0.153527455819019",-0.0791771875919047,0.738153132044881
"450874",0.212974940007734,NA,NA,NA,NA,NA,NA,NA,1,1,0.212974940007734,"0.395787967180062",-0.0791771875919047,0.738153132044881
"450875",-0.144675770456158,NA,NA,NA,NA,NA,NA,NA,1,1,-0.144675770456158,"-0.0887330555420189",-0.0791771875919047,0.738153132044881
"450876",-1.57527861231172,-0.636836654965718,-1.76906930899807,-1.48418446934144,-0.465898223574898,-1.38610214125587,-0.306688325156488,NA,7,0.142857142857143,-1.08915110508631,"-1.36824443824619",-0.0791771875919047,0.738153132044881
"450880",0.391800295239677,NA,NA,NA,NA,NA,NA,NA,1,1,0.391800295239677,"0.638048478541098",-0.0791771875919047,0.738153132044881
"450883",0.212974940007734,NA,NA,NA,NA,NA,NA,NA,1,1,0.212974940007734,"0.395787967180062",-0.0791771875919047,0.738153132044881
"450885",1.2859270713994,NA,0.0346282545598759,NA,0.759552936234307,0.767642866622885,0.852083884060707,0.373083297286456,6,0.166666666666667,0.678819718360606,"1.02688300441489",-0.0791771875919047,0.738153132044881
"450888",0.212974940007734,NA,NA,NA,NA,NA,NA,NA,1,1,0.212974940007734,"0.395787967180062",-0.0791771875919047,0.738153132044881
"450889",0.391800295239677,NA,NA,NA,NA,NA,NA,NA,1,1,0.391800295239677,"0.638048478541098",-0.0791771875919047,0.738153132044881
"450890",1.82240313709524,-1.54127491587594,0.37818969523758,NA,-0.0789136467930435,0.171926162315996,0.12785125329996,1.60567193422696,7,0.142857142857143,0.355121945643821,"0.588359128183338",-0.0791771875919047,0.738153132044881
"450891",0.212974940007734,NA,NA,NA,NA,NA,NA,NA,1,1,0.212974940007734,"0.395787967180062",-0.0791771875919047,0.738153132044881
"450893",1.10710171616746,NA,0.206408974898728,0.908441876794867,NA,0.950940314101927,NA,NA,4,0.25,0.793223220490746,"1.18186914098145",-0.0791771875919047,0.738153132044881
"45090F",NA,0.451423504392858,-0.566604266626108,NA,1.14653751301616,1.72995446588786,1.64873977789753,NA,5,0.2,0.88201019891366,"1.30215174166209",-0.0791771875919047,0.738153132044881
"451300",NA,NA,NA,NA,NA,NA,-0.596381377460788,NA,1,1,-0.596381377460788,"-0.700673298555396",-0.0791771875919047,0.738153132044881
"451301",NA,NA,NA,NA,NA,NA,NA,NA,0,NA,NA,"NaN",-0.0791771875919047,0.738153132044881
"451303",-1.21762790184783,NA,NA,NA,NA,NA,NA,NA,1,1,-1.21762790184783,"-1.54229612370826",-0.0791771875919047,0.738153132044881
"451304",NA,NA,NA,NA,NA,NA,NA,NA,0,NA,NA,"NaN",-0.0791771875919047,0.738153132044881
"451305",NA,NA,NA,NA,NA,NA,NA,NA,0,NA,NA,"NaN",-0.0791771875919047,0.738153132044881
"451306",-0.144675770456158,NA,NA,NA,NA,NA,NA,NA,1,1,-0.144675770456158,"-0.0887330555420189",-0.0791771875919047,0.738153132044881
"451307",NA,NA,NA,NA,NA,NA,NA,NA,0,NA,NA,"NaN",-0.0791771875919047,0.738153132044881
"451308",NA,NA,NA,NA,NA,NA,NA,NA,0,NA,NA,"NaN",-0.0791771875919047,0.738153132044881
"451310",0.0341495847757862,NA,NA,NA,NA,NA,NA,NA,1,1,0.0341495847757862,"0.153527455819019",-0.0791771875919047,0.738153132044881
"451311",-0.50232648092005,NA,NA,NA,NA,NA,NA,NA,1,1,-0.50232648092005,"-0.573254078264098",-0.0791771875919047,0.738153132044881
"451312",NA,NA,NA,NA,NA,NA,NA,NA,0,NA,NA,"NaN",-0.0791771875919047,0.738153132044881
"451313",NA,NA,NA,NA,NA,NA,NA,NA,0,NA,NA,"NaN",-0.0791771875919047,0.738153132044881
"451314",NA,NA,NA,NA,NA,NA,NA,NA,0,NA,NA,"NaN",-0.0791771875919047,0.738153132044881
"451315",0.570625650471623,NA,NA,NA,NA,NA,0.815872252522671,NA,2,0.5,0.693248951497147,"1.04643075475305",-0.0791771875919047,0.738153132044881
"451316",NA,NA,NA,NA,NA,NA,NA,NA,0,NA,NA,"NaN",-0.0791771875919047,0.738153132044881
"451317",NA,NA,NA,NA,NA,NA,NA,NA,0,NA,NA,"NaN",-0.0791771875919047,0.738153132044881
"451318",NA,NA,NA,NA,NA,NA,NA,NA,0,NA,NA,"NaN",-0.0791771875919047,0.738153132044881
"451319",0.391800295239677,NA,NA,NA,NA,NA,0.562390831756408,NA,2,0.5,0.477095563498043,"0.753600746160792",-0.0791771875919047,0.738153132044881
"451320",NA,NA,NA,NA,NA,NA,NA,NA,0,NA,NA,"NaN",-0.0791771875919047,0.738153132044881
"451322",NA,NA,NA,NA,NA,NA,NA,NA,0,NA,NA,"NaN",-0.0791771875919047,0.738153132044881
"451323",0.0341495847757862,NA,NA,NA,NA,0.0344530767067141,0.634814094832484,NA,3,0.333333333333333,0.234472252104995,"0.424911073435409",-0.0791771875919047,0.738153132044881
"451324",NA,NA,NA,NA,NA,NA,NA,NA,0,NA,NA,"NaN",-0.0791771875919047,0.738153132044881
"451325",NA,NA,NA,NA,NA,NA,NA,NA,0,NA,NA,"NaN",-0.0791771875919047,0.738153132044881
"451328",NA,NA,NA,NA,NA,NA,NA,NA,0,NA,NA,"NaN",-0.0791771875919047,0.738153132044881
"451329",NA,NA,NA,NA,NA,NA,NA,NA,0,NA,NA,"NaN",-0.0791771875919047,0.738153132044881
"451330",-0.50232648092005,NA,NA,NA,NA,NA,-0.379111588232563,NA,2,0.5,-0.440719034576306,"-0.489792471628258",-0.0791771875919047,0.738153132044881
"451331",NA,NA,NA,NA,NA,NA,NA,NA,0,NA,NA,"NaN",-0.0791771875919047,0.738153132044881
"451332",NA,NA,NA,NA,NA,NA,NA,NA,0,NA,NA,"NaN",-0.0791771875919047,0.738153132044881
"451333",0.570625650471623,NA,NA,NA,NA,NA,NA,NA,1,1,0.570625650471623,"0.880308989902137",-0.0791771875919047,0.738153132044881
"451334",NA,NA,NA,NA,NA,NA,NA,NA,0,NA,NA,"NaN",-0.0791771875919047,0.738153132044881
"451337",0.0341495847757862,NA,NA,NA,NA,NA,0.345121042528184,NA,2,0.5,0.189635313651985,"0.364169018018264",-0.0791771875919047,0.738153132044881
"451338",NA,NA,NA,NA,NA,NA,NA,NA,0,NA,NA,"NaN",-0.0791771875919047,0.738153132044881
"451340",NA,NA,NA,NA,NA,NA,NA,NA,0,NA,NA,"NaN",-0.0791771875919047,0.738153132044881
"451341",NA,NA,NA,NA,NA,NA,NA,NA,0,NA,NA,"NaN",-0.0791771875919047,0.738153132044881
"451342",NA,NA,NA,NA,NA,NA,NA,NA,0,NA,NA,"NaN",-0.0791771875919047,0.738153132044881
"451343",0.0341495847757862,NA,NA,NA,NA,NA,0.489967568680334,NA,2,0.5,0.26205857672806,"0.462283162539256",-0.0791771875919047,0.738153132044881
"451344",NA,NA,NA,NA,NA,NA,-1.10334421899331,NA,1,1,-1.10334421899331,"-1.38747231020234",-0.0791771875919047,0.738153132044881
"451346",0.391800295239677,NA,NA,NA,0.372568359452453,-0.836209798818738,-1.53788379744976,NA,4,0.25,-0.402431235394092,"-0.437922747691509",-0.0791771875919047,0.738153132044881
"451347",-0.859977191383941,NA,NA,NA,NA,NA,-1.82757684975406,NA,2,0.5,-1.343777020569,"-1.71319442819922",-0.0791771875919047,0.738153132044881
"451349",NA,NA,NA,NA,NA,NA,NA,NA,0,NA,NA,"NaN",-0.0791771875919047,0.738153132044881
"451350",NA,NA,NA,NA,NA,NA,NA,NA,0,NA,NA,"NaN",-0.0791771875919047,0.738153132044881
"451351",NA,NA,NA,NA,NA,NA,NA,NA,0,NA,NA,"NaN",-0.0791771875919047,0.738153132044881
"451352",NA,NA,NA,NA,NA,NA,NA,NA,0,NA,NA,"NaN",-0.0791771875919047,0.738153132044881
"451353",NA,NA,NA,NA,NA,NA,NA,NA,0,NA,NA,"NaN",-0.0791771875919047,0.738153132044881
"451354",-0.859977191383941,NA,NA,NA,NA,NA,-0.994709324379199,NA,2,0.5,-0.92734325788157,"-1.14903809720352",-0.0791771875919047,0.738153132044881
"451355",NA,NA,NA,NA,NA,NA,NA,NA,0,NA,NA,"NaN",-0.0791771875919047,0.738153132044881
"451356",-0.323501125688104,NA,NA,NA,NA,-0.194668732642089,-0.198053430542376,NA,3,0.333333333333333,-0.238741096290856,"-0.21616640473626",-0.0791771875919047,0.738153132044881
"451359",0.0341495847757862,NA,NA,NA,NA,NA,-0.56016974592275,NA,2,0.5,-0.263010080573482,"-0.24904438523794",-0.0791771875919047,0.738153132044881
"451361",-0.323501125688104,NA,NA,NA,NA,NA,-1.03092095591724,NA,2,0.5,-0.67721104080267,"-0.810175866292205",-0.0791771875919047,0.738153132044881
"451362",0.212974940007734,NA,NA,NA,NA,NA,-0.415323219770601,NA,2,0.5,-0.101174139881433,"-0.029799985036426",-0.0791771875919047,0.738153132044881
"451363",NA,NA,NA,NA,NA,NA,NA,NA,0,NA,NA,"NaN",-0.0791771875919047,0.738153132044881
"451364",NA,NA,NA,NA,NA,NA,NA,NA,0,NA,NA,"NaN",-0.0791771875919047,0.738153132044881
"451365",0.391800295239677,NA,NA,NA,NA,0.950940314101927,1.54010488328342,NA,3,0.333333333333333,0.960948497541674,"1.40909201624892",-0.0791771875919047,0.738153132044881
"451367",-1.39645325707978,NA,NA,NA,-2.01383653070232,-1.20280469377682,0.345121042528184,NA,4,0.25,-1.06699335975768,"-1.33822662166218",-0.0791771875919047,0.738153132044881
"451369",0.391800295239677,NA,NA,NA,NA,NA,NA,NA,1,1,0.391800295239677,"0.638048478541098",-0.0791771875919047,0.738153132044881
"451370",-0.323501125688104,NA,NA,NA,NA,NA,-0.994709324379199,NA,2,0.5,-0.659105225033652,"-0.785647330161957",-0.0791771875919047,0.738153132044881
"451371",-0.144675770456158,NA,NA,NA,NA,NA,0.417544305604259,NA,2,0.5,0.13643426757405,"0.292095834598241",-0.0791771875919047,0.738153132044881
"451372",NA,NA,NA,NA,NA,NA,NA,NA,0,NA,NA,"NaN",-0.0791771875919047,0.738153132044881
"451373",-0.50232648092005,NA,NA,NA,NA,NA,0.0192163586858474,NA,2,0.5,-0.241555061117101,"-0.219978574195528",-0.0791771875919047,0.738153132044881
"451374",0.749451005703569,NA,NA,NA,NA,NA,0.345121042528184,NA,2,0.5,0.547286024115876,"0.848690040740342",-0.0791771875919047,0.738153132044881
"451375",NA,NA,NA,NA,NA,NA,NA,NA,0,NA,NA,"NaN",-0.0791771875919047,0.738153132044881
"451376",0.928276360935514,NA,NA,NA,NA,0.4010479716648,0.815872252522671,NA,3,0.333333333333333,0.715065528374328,"1.07598637936544",-0.0791771875919047,0.738153132044881
"451377",-0.859977191383941,NA,NA,NA,NA,-0.698736713209456,-0.668804640536862,NA,3,0.333333333333333,-0.742506181710087,"-0.898633312413895",-0.0791771875919047,0.738153132044881
"451378",-0.144675770456158,NA,NA,NA,NA,NA,-0.342899956694526,NA,2,0.5,-0.243787863575342,"-0.22300342413697",-0.0791771875919047,0.738153132044881
"451379",-1.21762790184783,NA,NA,NA,NA,NA,-0.922286061303123,NA,2,0.5,-1.06995698157548,"-1.34224153630406",-0.0791771875919047,0.738153132044881
"451380",0.391800295239677,NA,NA,NA,-0.207908505720328,-0.148844370772328,1.03314204175089,NA,4,0.25,0.267047365124479,"0.46904163605897",-0.0791771875919047,0.738153132044881
"451381",NA,NA,NA,NA,NA,NA,NA,NA,0,NA,NA,"NaN",-0.0791771875919047,0.738153132044881
"451382",-0.323501125688104,NA,NA,NA,0.501563218379738,-0.0571956470328073,-0.487746482846675,-1.09428412764271,5,0.2,-0.292232832966112,"-0.288633396140969",-0.0791771875919047,0.738153132044881
"451384",-0.50232648092005,NA,NA,NA,NA,NA,-1.46546053437368,NA,2,0.5,-0.983893507646867,"-1.2256485555357",-0.0791771875919047,0.738153132044881
"451385",-0.50232648092005,NA,NA,NA,NA,NA,-0.596381377460788,NA,2,0.5,-0.549353929190419,"-0.636963688409747",-0.0791771875919047,0.738153132044881
"451386",-0.323501125688104,NA,NA,NA,NA,NA,NA,NA,1,1,-0.323501125688104,"-0.330993566903058",-0.0791771875919047,0.738153132044881
"451387",-0.859977191383941,NA,NA,NA,0.30807092998881,-0.103020008902567,-0.198053430542376,NA,4,0.25,-0.213244925210019,"-0.181625914458577",-0.0791771875919047,0.738153132044881
"451389",NA,NA,NA,NA,NA,NA,NA,NA,0,NA,NA,"NaN",-0.0791771875919047,0.738153132044881
"451390",NA,NA,NA,NA,NA,NA,NA,NA,0,NA,NA,"NaN",-0.0791771875919047,0.738153132044881
"451391",0.212974940007734,NA,NA,NA,NA,NA,NA,NA,1,1,0.212974940007734,"0.395787967180062",-0.0791771875919047,0.738153132044881
"451392",-0.50232648092005,NA,NA,NA,NA,NA,-1.17576748206939,NA,2,0.5,-0.839046981494718,"-1.02942026649372",-0.0791771875919047,0.738153132044881
"451393",NA,NA,NA,NA,NA,NA,NA,NA,0,NA,NA,"NaN",-0.0791771875919047,0.738153132044881
"451394",NA,NA,NA,NA,NA,NA,NA,NA,0,NA,NA,"NaN",-0.0791771875919047,0.738153132044881
"451395",-1.39645325707978,NA,NA,NA,-0.530395653038541,-2.21094065491156,-2.37075132282462,NA,4,0.25,-1.62713522196362,"-2.09706897819896",-0.0791771875919047,0.738153132044881
"451396",NA,NA,NA,NA,NA,NA,NA,NA,0,NA,NA,"NaN",-0.0791771875919047,0.738153132044881
"451397",-0.323501125688104,NA,NA,NA,NA,-0.377966180121132,1.21420019944108,NA,3,0.333333333333333,0.170910964543949,"0.338802534703121",-0.0791771875919047,0.738153132044881
"451398",NA,NA,NA,NA,NA,NA,NA,NA,0,NA,NA,"NaN",-0.0791771875919047,0.738153132044881
"451399",-0.859977191383941,NA,NA,NA,NA,NA,-0.958497692841162,NA,2,0.5,-0.909237442112551,"-1.12450956107327",-0.0791771875919047,0.738153132044881
"460001",0.570625650471623,-0.031864115940847,0.893531856254137,0.0710226556471613,NA,-0.377966180121132,-0.487746482846675,-0.331253066679545,7,0.142857142857143,0.0437643309692462,"0.166552864472132",-0.0791771875919047,0.738153132044881
"460003",-0.144675770456158,NA,NA,NA,NA,NA,0.634814094832484,NA,2,0.5,0.245069162188163,"0.43926705137973",-0.0791771875919047,0.738153132044881
"460004",0.212974940007734,0.258971469867114,0.979422216423564,-0.168239978966468,0.372568359452453,-1.47775086499539,0.526179200218371,-0.56603185466821,8,0.125,0.0172616859173963,"0.13064887124727",-0.0791771875919047,0.738153132044881
"460005",0.212974940007734,-0.00511069410094646,-0.394823546287255,-1.2449218347278,NA,-1.70687267434419,-0.415323219770601,-1.15297882463988,7,0.142857142857143,-0.672436550551849,"-0.803707709424002",-0.0791771875919047,0.738153132044881
"460006",-0.859977191383941,NA,NA,NA,-0.530395653038541,0.859291590362406,-0.415323219770601,NA,4,0.25,-0.236601118457669,"-0.213267307326406",-0.0791771875919047,0.738153132044881
"460007",-1.57527861231172,NA,NA,NA,NA,-1.20280469377682,-0.342899956694526,NA,3,0.333333333333333,-1.04032775426102,"-1.3021018606349",-0.0791771875919047,0.738153132044881
"460009",1.6435777818633,0.748300185454991,0.0346282545598759,0.429916607567607,-0.143411076256686,1.04258903784145,1.28662346251716,-0.331253066679545,8,0.125,0.588871398358518,"0.90502709661307",-0.0791771875919047,0.738153132044881
"460010",0.391800295239677,0.340094748994557,3.04079086048979,0.429916607567607,0.179076071061526,0.0344530767067141,-0.16184179900434,1.37089314623829,8,0.125,0.703147875911728,"1.05984114886349",-0.0791771875919047,0.738153132044881
"460011",-0.859977191383941,NA,NA,NA,0.179076071061526,-0.0571956470328073,-1.35682563975957,NA,4,0.25,-0.523730601778699,"-0.602250935324575",-0.0791771875919047,0.738153132044881
"460013",0.391800295239677,NA,NA,NA,NA,-0.332141818251371,1.25041183097912,NA,3,0.333333333333333,0.436690102655808,"0.698862157258106",-0.0791771875919047,0.738153132044881
"460014",0.570625650471623,NA,NA,NA,NA,0.217750524185757,0.0916396217619223,NA,3,0.333333333333333,0.293338598806434,"0.504659223441037",-0.0791771875919047,0.738153132044881
"460015",-0.50232648092005,NA,-0.0512621056095504,NA,NA,0.0344530767067141,-0.234265062080414,NA,4,0.25,-0.188350142975825,"-0.147900145165655",-0.0791771875919047,0.738153132044881
"460017",0.570625650471623,NA,NA,NA,NA,NA,0.0554279902238849,NA,2,0.5,0.313026820347754,"0.531331496017837",-0.0791771875919047,0.738153132044881
"460019",-1.39645325707978,NA,NA,NA,-0.207908505720328,-0.607087989469935,-0.16184179900434,NA,4,0.25,-0.593322887818595,"-0.696529863393481",-0.0791771875919047,0.738153132044881
"460021",0.570625650471623,0.545060480832513,1.92421617828725,0.310285290260791,-0.530395653038541,0.263574886055518,-0.0894185359282648,-0.859505339654043,8,0.125,0.266805369660856,"0.468713796951991",-0.0791771875919047,0.738153132044881
"460023",0.570625650471623,NA,NA,NA,NA,-0.652912351339696,0.815872252522671,NA,3,0.333333333333333,0.244528517218199,"0.438534622095761",-0.0791771875919047,0.738153132044881
"460026",-0.144675770456158,NA,NA,NA,NA,-0.0113712851630466,0.453755937142296,NA,3,0.333333333333333,0.0992362938410305,"0.241702532560801",-0.0791771875919047,0.738153132044881
"46002F",NA,-1.01526812195916,2.52544869947324,NA,0.437065788916096,1.9132519133669,1.14177693636501,NA,5,0.2,1.00045504323241,"1.46261281562736",-0.0791771875919047,0.738153132044881
"460030",0.570625650471623,NA,NA,NA,NA,-1.52357522686515,0.96071877867482,NA,3,0.333333333333333,0.00258973409376532,"0.110772302027838",-0.0791771875919047,0.738153132044881
"460039",0.391800295239677,NA,NA,NA,NA,NA,NA,NA,1,1,0.391800295239677,"0.638048478541098",-0.0791771875919047,0.738153132044881
"460041",0.391800295239677,NA,-0.308933186117829,NA,NA,-0.148844370772328,1.61252814635949,-0.155168975688045,5,0.2,0.278276381804194,"0.484253949320593",-0.0791771875919047,0.738153132044881
"460042",0.212974940007734,NA,NA,NA,NA,0.721818504753124,1.03314204175089,-0.0964742786908779,4,0.25,0.467865301955219,"0.741096211339875",-0.0791771875919047,0.738153132044881
"460043",NA,NA,NA,NA,NA,NA,NA,NA,0,NA,NA,"NaN",-0.0791771875919047,0.738153132044881
"460044",0.749451005703569,NA,NA,NA,NA,0.44687233353456,1.68495140943557,NA,3,0.333333333333333,0.960424916224565,"1.40838270364917",-0.0791771875919047,0.738153132044881
"460047",0.391800295239677,0.473430351390196,1.32298365710127,0.310285290260791,-0.272405935183971,0.492696695404321,1.50389325174538,0.725251479269456,8,0.125,0.61849188565339,"0.945154931894098",-0.0791771875919047,0.738153132044881
"460051",-0.681151836151995,NA,0.37818969523758,NA,0.372568359452453,-0.469614903860653,0.671025726370521,-0.213863672685211,6,0.166666666666667,0.00952556139378232,"0.120168492328898",-0.0791771875919047,0.738153132044881
"460052",0.0341495847757862,NA,0.120518614729302,NA,NA,-1.75269703621395,-0.922286061303123,NA,4,0.25,-0.630078724502997,"-0.746324188024439",-0.0791771875919047,0.738153132044881
"460054",0.212974940007734,NA,NA,NA,NA,NA,NA,NA,1,1,0.212974940007734,"0.395787967180062",-0.0791771875919047,0.738153132044881
"460057",0.212974940007734,NA,NA,NA,NA,0.355223609795039,-0.0532069043902274,NA,3,0.333333333333333,0.171663881804182,"0.339822536146653",-0.0791771875919047,0.738153132044881
"460058",0.391800295239677,NA,NA,NA,NA,0.355223609795039,0.671025726370521,NA,3,0.333333333333333,0.472683210468412,"0.747623188336974",-0.0791771875919047,0.738153132044881
"460060",0.391800295239677,NA,NA,NA,NA,1.18006212345073,1.06935367328893,NA,3,0.333333333333333,0.880405363993113,"1.29997761972061",-0.0791771875919047,0.738153132044881
"460061",0.570625650471623,NA,NA,NA,NA,0.217750524185757,1.03314204175089,NA,3,0.333333333333333,0.607172738802758,"0.929820516365338",-0.0791771875919047,0.738153132044881
"460062",0.391800295239677,NA,NA,NA,NA,NA,1.21420019944108,NA,2,0.5,0.803000247340379,"1.19511439650526",-0.0791771875919047,0.738153132044881
"461300",0.570625650471623,NA,NA,NA,NA,NA,NA,NA,1,1,0.570625650471623,"0.880308989902137",-0.0791771875919047,0.738153132044881
"461301",0.212974940007734,NA,NA,NA,NA,NA,0.743448989446595,NA,2,0.5,0.478211964727165,"0.755113171131514",-0.0791771875919047,0.738153132044881
"461302",0.0341495847757862,NA,NA,NA,NA,NA,-0.379111588232563,NA,2,0.5,-0.172481001728388,"-0.126401704586699",-0.0791771875919047,0.738153132044881
"461303",0.212974940007734,NA,NA,NA,NA,NA,NA,NA,1,1,0.212974940007734,"0.395787967180062",-0.0791771875919047,0.738153132044881
"461304",0.0341495847757862,NA,NA,NA,NA,NA,0.453755937142296,NA,2,0.5,0.243952760959041,"0.437754626409008",-0.0791771875919047,0.738153132044881
"461305",NA,NA,NA,NA,NA,NA,NA,NA,0,NA,NA,"NaN",-0.0791771875919047,0.738153132044881
"461306",-0.50232648092005,NA,NA,NA,NA,-1.20280469377682,-1.06713258745527,NA,3,0.333333333333333,-0.924087920717382,"-1.14462798631613",-0.0791771875919047,0.738153132044881
"461307",0.570625650471623,NA,NA,NA,NA,NA,0.779660620984633,NA,2,0.5,0.675143135728128,"1.0219022186228",-0.0791771875919047,0.738153132044881
"461308",-0.144675770456158,NA,NA,NA,NA,NA,NA,NA,1,1,-0.144675770456158,"-0.0887330555420189",-0.0791771875919047,0.738153132044881
"461309",0.570625650471623,NA,NA,NA,NA,NA,NA,NA,1,1,0.570625650471623,"0.880308989902137",-0.0791771875919047,0.738153132044881
"461310",-0.681151836151995,NA,NA,NA,NA,NA,-0.415323219770601,NA,2,0.5,-0.548237527961298,"-0.635451263439026",-0.0791771875919047,0.738153132044881
"461333",-0.144675770456158,NA,NA,NA,NA,NA,0.164062884837997,NA,2,0.5,0.00969355719091942,"0.120396081686504",-0.0791771875919047,0.738153132044881
"461335",NA,NA,NA,NA,NA,NA,1.32283509405519,NA,1,1,1.32283509405519,"1.89935153125091",-0.0791771875919047,0.738153132044881
"470001",0.928276360935514,NA,0.549970415576432,NA,0.501563218379738,-0.423790541990892,1.57631651482146,-1.38775761262854,6,0.166666666666667,0.290763059182284,"0.501170056339605",-0.0791771875919047,0.738153132044881
"470003",1.82240313709524,-1.0260557920559,1.58065473760955,1.26733582871531,-0.465898223574898,-0.469614903860653,0.779660620984633,1.48828254023262,8,0.125,0.622095993143238,"0.950037533258756",-0.0791771875919047,0.738153132044881
"470005",0.391800295239677,NA,-1.25372714798152,NA,0.114578641597884,-1.20280469377682,0.308909410990147,-2.09209397659454,6,0.166666666666667,-0.622222911754196,"-0.735681663583693",-0.0791771875919047,0.738153132044881
"470011",-0.50232648092005,NA,NA,NA,-0.401400794111256,-0.240493094511849,-1.46546053437368,-3.14859852254354,5,0.2,-1.15165588529208,"-1.45292169218211",-0.0791771875919047,0.738153132044881
"470012",-0.681151836151995,NA,-2.45619219035348,NA,1.34002980140709,-0.836209798818738,0.489967568680334,-0.272558369682376,6,0.166666666666667,-0.402685804153195,"-0.43826762024986",-0.0791771875919047,0.738153132044881
"47001F",NA,NA,NA,NA,0.630558077307023,0.813467228492645,1.43146998866931,NA,3,0.333333333333333,0.958498431489658,"1.4057728322671",-0.0791771875919047,0.738153132044881
"470024",-1.93292932277561,NA,0.893531856254137,NA,-0.659390511965826,-0.698736713209456,-0.0894185359282648,-2.85512503755771,6,0.166666666666667,-0.890344710863789,"-1.09891496500832",-0.0791771875919047,0.738153132044881
"471300",-0.859977191383941,NA,NA,NA,NA,NA,0.562390831756408,NA,2,0.5,-0.148793179813767,"-0.0943110436028458",-0.0791771875919047,0.738153132044881
"471301",0.212974940007734,NA,NA,NA,NA,-0.103020008902567,0.200274516376035,NA,3,0.333333333333333,0.103409815827067,"0.247356538220135",-0.0791771875919047,0.738153132044881
"471302",-0.323501125688104,NA,NA,NA,NA,NA,0.671025726370521,NA,2,0.5,0.173762300341209,"0.342665331829459",-0.0791771875919047,0.738153132044881
"471303",-0.681151836151995,NA,-0.0512621056095504,NA,-0.014416217329402,-1.1111559700373,-1.06713258745527,-1.09428412764271,6,0.166666666666667,-0.669900474037706,"-0.800272004278218",-0.0791771875919047,0.738153132044881
"471304",-1.93292932277561,NA,0.120518614729302,NA,-2.65881082533874,-3.35654970165557,-3.02256069050929,-1.09428412764271,6,0.166666666666667,-1.99076934219877,"-2.58969592029129",-0.0791771875919047,0.738153132044881
"471305",-0.859977191383941,NA,-0.0512621056095504,NA,-2.07833396016596,-2.71500863547892,-1.61030706052583,NA,5,0.2,-1.46297779063284,"-1.87467957930008",-0.0791771875919047,0.738153132044881
"471306",-1.03880254661589,NA,NA,NA,-0.401400794111256,-1.89017012182323,-2.76907926974303,-2.03339927959738,5,0.2,-1.62657040237816,"-2.09630379877893",-0.0791771875919047,0.738153132044881
"471307",0.749451005703569,NA,NA,NA,0.695055506770665,0.355223609795039,-0.415323219770601,NA,4,0.25,0.346101725624668,"0.576139143430086",-0.0791771875919047,0.738153132044881
"480001",-1.03880254661589,NA,NA,NA,NA,0.217750524185757,-2.66044437512892,-1.32906291563138,4,0.25,-1.20263982829761,"-1.5219912941281",-0.0791771875919047,0.738153132044881
"480002",-2.46940538847145,NA,NA,NA,NA,-1.3402777793861,-1.24819074514546,-2.32687276458321,4,0.25,-1.84618666939656,"-2.39382508194413",-0.0791771875919047,0.738153132044881
"490002",0.212974940007734,NA,NA,NA,0.114578641597884,-0.240493094511849,0.562390831756408,NA,4,0.25,0.162362829712544,"0.327222099072206",-0.0791771875919047,0.738153132044881
"490004",1.10710171616746,0.403957755967226,2.18188725879553,-0.168239978966468,0.372568359452453,0.584345419143842,1.14177693636501,0.138304509297789,8,0.125,0.720212747027855,"1.0829594834953",-0.0791771875919047,0.738153132044881
"490005",0.928276360935514,0.501909800445575,0.464080055407006,1.38696714602213,-0.336903364647613,-0.0571956470328073,-0.668804640536862,-1.62253640061721,8,0.125,0.0744741637469662,"0.208156471426485",-0.0791771875919047,0.738153132044881
"490007",1.10710171616746,-0.137583282888846,-0.308933186117829,1.1477045114085,0.82405036569795,0.721818504753124,0.779660620984633,-0.976894733648377,8,0.125,0.394615564544577,"0.641862415219928",-0.0791771875919047,0.738153132044881
"490009",1.6435777818633,1.39901244569002,1.23709329693184,0.310285290260791,-0.530395653038541,0.721818504753124,-0.16184179900434,0.842640873263789,8,0.125,0.682773842589997,"1.03223978481416",-0.0791771875919047,0.738153132044881
"490013",0.0341495847757862,NA,NA,NA,-0.272405935183971,-0.882034160688499,-0.523958114384714,-0.74211594565971,5,0.2,-0.477272914228221,"-0.539313198514088",-0.0791771875919047,0.738153132044881
"490017",1.10710171616746,-0.450857222498015,0.292299335068155,0.429916607567607,-0.723887941429468,-1.3402777793861,-0.342899956694526,0.138304509297789,8,0.125,-0.111287591488388,"-0.0435010060954817",-0.0791771875919047,0.738153132044881
"490018",0.212974940007734,0.86782757012681,-1.33961750815094,NA,-0.594893082502183,-2.85248172108821,-0.342899956694526,-1.91600988560304,7,0.142857142857143,-0.852157091986337,"-1.04718095858114",-0.0791771875919047,0.738153132044881
"490019",-0.859977191383941,NA,-0.824275347134387,NA,-1.17536994767496,-0.423790541990892,-0.0532069043902274,0.138304509297789,6,0.166666666666667,-0.533052570546104,"-0.614879708898401",-0.0791771875919047,0.738153132044881
"490020",0.212974940007734,NA,0.0346282545598759,NA,0.114578641597884,0.721818504753124,0.852083884060707,-0.56603185466821,6,0.166666666666667,0.228342061718519,"0.416606305602895",-0.0791771875919047,0.738153132044881
"490021",0.928276360935514,-0.902644846149256,0.893531856254137,-0.287871296273283,0.695055506770665,0.905115952232167,-0.523958114384714,0.783946176266623,8,0.125,0.311431449456482,"0.529170195303916",-0.0791771875919047,0.738153132044881
"490022",0.570625650471623,-0.494007902884953,-1.08194642764267,0.0710226556471613,0.759552936234307,0.492696695404321,-0.234265062080414,0.196999206294956,8,0.125,0.0350847189305419,"0.154794312402239",-0.0791771875919047,0.738153132044881
"490023",-1.21762790184783,NA,-0.223042825948403,NA,-0.465898223574898,-1.01950724629778,-0.487746482846675,1.07741966125246,6,0.166666666666667,-0.389400503210522,"-0.42026959197371",-0.0791771875919047,0.738153132044881
"490024",0.391800295239677,-1.46748725241427,-0.0512621056095504,0.669179242181237,0.30807092998881,0.0344530767067141,-0.994709324379199,-2.62034624956904,8,0.125,-0.466287673481954,"-0.524431136419688",-0.0791771875919047,0.738153132044881
"490032",1.10710171616746,1.30451245564262,-0.137152465778977,0.549547924874422,-1.17536994767496,1.40918393279953,0.634814094832484,-0.213863672685211,8,0.125,0.434846754772171,"0.696364914066127",-0.0791771875919047,0.738153132044881
"490033",-0.323501125688104,NA,-0.910165707303813,NA,0.179076071061526,0.44687233353456,-1.17576748206939,-0.155168975688045,6,0.166666666666667,-0.32310914769221,"-0.330462541592893",-0.0791771875919047,0.738153132044881
"490037",-0.50232648092005,NA,-0.480713906456682,NA,-0.336903364647613,-0.332141818251371,-2.18969316513443,-0.624726551665378,6,0.166666666666667,-0.744417547845921,"-0.901222702139221",-0.0791771875919047,0.738153132044881
"490038",-1.03880254661589,NA,NA,NA,1.2110349424798,-1.79852139808371,-0.813651166689013,NA,4,0.25,-0.609985042227202,"-0.719102624634022",-0.0791771875919047,0.738153132044881
"490040",1.46475242663135,1.73429323229652,1.66654509777897,NA,1.59801951926166,1.6841301040181,1.82979793558772,1.07741966125246,7,0.142857142857143,1.57927971097525,"2.24676537505543",-0.0791771875919047,0.738153132044881
"490041",0.570625650471623,NA,-0.0512621056095504,NA,-0.594893082502183,-0.469614903860653,-1.10334421899331,0.196999206294956,6,0.166666666666667,-0.241914909033186,"-0.220466071844002",-0.0791771875919047,0.738153132044881
"490042",0.391800295239677,-0.299398334339863,0.292299335068155,NA,-0.014416217329402,0.721818504753124,0.12785125329996,-0.800810642656877,7,0.142857142857143,0.0598777420049677,"0.188382225259484",-0.0791771875919047,0.738153132044881
"490043",1.6435777818633,0.973115230270938,1.32298365710127,NA,0.888547795161592,1.27171084719025,1.54010488328342,1.31219844924112,7,0.142857142857143,1.27889123487313,"1.83981935930126",-0.0791771875919047,0.738153132044881
"490044",0.928276360935514,0.262855031101939,0.893531856254137,NA,0.695055506770665,0.263574886055518,0.236486147914072,0.196999206294956,7,0.142857142857143,0.496682713618114,"0.780136094003603",-0.0791771875919047,0.738153132044881
"490045",-1.75410396754367,-0.368439422958964,-1.42550786832037,NA,-0.852882800356752,-1.3402777793861,-0.994709324379199,-1.50514700662288,7,0.142857142857143,-1.17729545279542,"-1.48765644624637",-0.0791771875919047,0.738153132044881
"490046",0.749451005703569,1.08487549247311,-0.738384986964961,NA,0.56606064784338,0.44687233353456,-0.451534851308639,-0.331253066679545,7,0.142857142857143,0.189440939228782,"0.363905692679977",-0.0791771875919047,0.738153132044881
"490048",-0.323501125688104,0.2619920174942,2.01010653845668,-0.766396565500545,-0.0789136467930435,-0.103020008902567,-0.523958114384714,0.607862085275123,8,0.125,0.135521397494628,"0.290859139880313",-0.0791771875919047,0.738153132044881
"490050",1.2859270713994,0.896738525986058,0.807641496084711,0.549547924874422,0.179076071061526,0.126101800446235,1.03314204175089,0.138304509297789,8,0.125,0.62705993011263,"0.956762339743882",-0.0791771875919047,0.738153132044881
"490052",0.391800295239677,-1.06143934997319,-1.59728858865922,-1.9627097385687,-0.723887941429468,-0.973682884428019,-1.21197911360742,0.0796098123006222,8,0.125,-0.882447188640715,"-1.08821593538937",-0.0791771875919047,0.738153132044881
"490053",0.391800295239677,0.341820776210036,-2.54208255052291,NA,-0.207908505720328,-0.836209798818738,-1.2844023766835,-1.73992579461154,7,0.142857142857143,-0.839558279272472,"-1.03011293818413",-0.0791771875919047,0.738153132044881
"490057",1.2859270713994,-0.197994235430559,0.292299335068155,0.429916607567607,0.437065788916096,0.675994142883363,0.417544305604259,-1.03558943064554,8,0.125,0.288145448170348,"0.497623893763982",-0.0791771875919047,0.738153132044881
"490059",1.82240313709524,0.613670062647744,0.721751135915285,0.788810559488052,-0.207908505720328,-0.240493094511849,0.0916396217619223,1.60567193422696,8,0.125,0.649443106362878,"0.987085554912313",-0.0791771875919047,0.738153132044881
"490060",-1.57527861231172,NA,-0.308933186117829,NA,0.0500812121342405,0.0802774385764748,-0.016995272852189,0.0209151153034555,6,0.166666666666667,-0.291655550877928,"-0.287851333364125",-0.0791771875919047,0.738153132044881
"490063",2.00122849232719,1.07020426114155,0.893531856254137,1.1477045114085,0.437065788916096,0.492696695404321,0.200274516376035,1.42958784323546,8,0.125,0.95903674563291,"1.40650210390449",-0.0791771875919047,0.738153132044881
"490066",1.6435777818633,0.86739606332294,0.893531856254137,NA,0.695055506770665,0.950940314101927,0.489967568680334,0.373083297286456,7,0.142857142857143,0.844793198325679,"1.25173266332684",-0.0791771875919047,0.738153132044881
"490067",0.212974940007734,-0.700699661938386,0.292299335068155,NA,-3.17479026104788,0.4010479716648,-0.342899956694526,-0.272558369682376,7,0.142857142857143,-0.512089428946068,"-0.586480260748717",-0.0791771875919047,0.738153132044881
"490069",1.46475242663135,1.80290281411176,1.06531257659299,0.908441876794867,-1.04637508874768,-0.240493094511849,0.0192163586858474,-0.272558369682376,8,0.125,0.462649937484363,"0.734030787860051",-0.0791771875919047,0.738153132044881
"49006F",NA,NA,NA,NA,1.6625169487253,0.950940314101927,1.32283509405519,NA,3,0.333333333333333,1.31209745229414,"1.88480489953601",-0.0791771875919047,0.738153132044881
"490075",0.0341495847757862,-0.907822927795689,-0.910165707303813,NA,0.759552936234307,-1.1111559700373,-0.234265062080414,-1.44645230962571,7,0.142857142857143,-0.545165636547548,"-0.631289672462313",-0.0791771875919047,0.738153132044881
"490077",0.570625650471623,-0.511699681843598,1.06531257659299,NA,-0.78838537089311,0.44687233353456,0.0192163586858474,0.783946176266623,7,0.142857142857143,0.226555434687848,"0.41418590399094",-0.0791771875919047,0.738153132044881
"490084",0.0341495847757862,NA,NA,NA,0.30807092998881,0.4010479716648,1.10556530482697,0.960030267258122,5,0.2,0.561772811702897,"0.868315761960123",-0.0791771875919047,0.738153132044881
"490088",-0.323501125688104,NA,NA,NA,0.243573500525168,0.126101800446235,1.50389325174538,0.607862085275123,5,0.2,0.43158590246076,"0.691947331629842",-0.0791771875919047,0.738153132044881
"490089",-0.144675770456158,NA,NA,NA,0.56606064784338,-0.607087989469935,0.671025726370521,0.431777994283622,5,0.2,0.183420121714286,"0.355749095826128",-0.0791771875919047,0.738153132044881
"490090",0.212974940007734,NA,NA,NA,0.695055506770665,0.171926162315996,0.598602463294446,-1.21167352163704,5,0.2,0.0933771101503596,"0.233764906292876",-0.0791771875919047,0.738153132044881
"490092",-0.50232648092005,NA,NA,NA,NA,-0.28631745638161,-2.04484663898228,-0.859505339654043,4,0.25,-0.923248978984497,"-1.14349144472813",-0.0791771875919047,0.738153132044881
"490093",0.749451005703569,-0.342117507922932,1.15120293676242,NA,0.243573500525168,0.767642866622885,-0.0894185359282648,0.607862085275123,7,0.142857142857143,0.441170907291138,"0.704932448693321",-0.0791771875919047,0.738153132044881
"490094",NA,NA,NA,NA,NA,NA,NA,NA,0,NA,NA,"NaN",-0.0791771875919047,0.738153132044881
"490097",-0.681151836151995,NA,NA,NA,NA,-1.84434575995347,-0.016995272852189,NA,3,0.333333333333333,-0.847497622985885,"-1.04086862473309",-0.0791771875919047,0.738153132044881
"490098",0.0341495847757862,NA,NA,NA,0.114578641597884,-0.515439265730414,0.200274516376035,-0.389947763676711,5,0.2,-0.111276857331484,"-0.043486464184816",-0.0791771875919047,0.738153132044881
"490101",1.46475242663135,0.177416683935802,-0.394823546287255,NA,1.27553237194345,0.767642866622885,0.0916396217619223,1.13611435824962,7,0.142857142857143,0.645467826122539,"0.981700113778538",-0.0791771875919047,0.738153132044881
"490104",NA,NA,NA,NA,NA,NA,NA,NA,0,NA,NA,"NaN",-0.0791771875919047,0.738153132044881
"490107",0.570625650471623,0.277957769237367,0.635860775745859,NA,-0.272405935183971,0.767642866622885,-0.668804640536862,0.607862085275123,7,0.142857142857143,0.274105510233146,"0.478603534264447",-0.0791771875919047,0.738153132044881
"49010F",NA,0.31722488838948,-0.652494626795534,NA,1.01754265408888,2.1423737227157,1.86600956712575,NA,5,0.2,0.938131241104856,"1.37818073856646",-0.0791771875919047,0.738153132044881
"490110",-0.144675770456158,0.417765973691046,0.893531856254137,NA,-2.01383653070232,-0.744561075079217,0.272697779452109,0.0209151153034555,7,0.142857142857143,-0.18545180736242,"-0.143973675863309",-0.0791771875919047,0.738153132044881
"490111",-0.50232648092005,NA,NA,NA,-2.01383653070232,-0.240493094511849,-0.56016974592275,-0.0964742786908779,5,0.2,-0.682660026149568,"-0.817557783553469",-0.0791771875919047,0.738153132044881
"490112",0.928276360935514,2.17313565183168,0.549970415576432,1.38696714602213,0.0500812121342405,0.4010479716648,-0.198053430542376,-1.03558943064554,8,0.125,0.53197948712211,"0.827953778399541",-0.0791771875919047,0.738153132044881
"490113",0.391800295239677,0.753478267101424,-0.824275347134387,NA,0.114578641597884,0.44687233353456,-0.198053430542376,0.725251479269456,7,0.142857142857143,0.201378891295177,"0.38007842371388",-0.0791771875919047,0.738153132044881
"490114",0.0341495847757862,NA,NA,NA,0.114578641597884,-1.06533160816754,0.0916396217619223,-0.0964742786908779,5,0.2,-0.184287607744566,"-0.14239649686438",-0.0791771875919047,0.738153132044881
"490115",-0.681151836151995,NA,NA,NA,-0.981877659284037,-0.607087989469935,-0.922286061303123,-0.213863672685211,5,0.2,-0.68125344377886,"-0.815652240774274",-0.0791771875919047,0.738153132044881
"490116",-0.144675770456158,NA,NA,NA,-0.336903364647613,0.126101800446235,-0.198053430542376,-0.0377795816937112,5,0.2,-0.118262069378725,"-0.0529495576054043",-0.0791771875919047,0.738153132044881
"490117",0.0341495847757862,NA,NA,NA,NA,NA,-0.958497692841162,NA,2,0.5,-0.462174054032688,"-0.51885828267067",-0.0791771875919047,0.738153132044881
"490118",-0.50232648092005,1.10774535307819,1.66654509777897,0.310285290260791,-1.11087251821132,-0.332141818251371,-1.46546053437368,-0.859505339654043,8,0.125,-0.148216368786565,"-0.0935296189875987",-0.0791771875919047,0.738153132044881
"490119",0.749451005703569,-0.0625010990155733,0.979422216423564,NA,0.56606064784338,0.767642866622885,0.417544305604259,1.54697723722979,7,0.142857142857143,0.709228168630267,"1.06807831870615",-0.0791771875919047,0.738153132044881
"49011F",NA,-0.225610670878199,0.893531856254137,NA,1.08204008355252,1.9132519133669,1.17798856790304,NA,5,0.2,0.96824035003968,"1.41897052543821",-0.0791771875919047,0.738153132044881
"490120",1.10710171616746,-0.6286380256922,0.120518614729302,NA,0.437065788916096,1.08841339971121,1.21420019944108,0.783946176266623,7,0.142857142857143,0.588943981362796,"0.905125427164181",-0.0791771875919047,0.738153132044881
"490122",1.46475242663135,-0.549672280584103,-0.223042825948403,NA,-0.014416217329402,1.13423776158097,1.14177693636501,2.19261890419862,7,0.142857142857143,0.735179243559149,"1.10323508198776",-0.0791771875919047,0.738153132044881
"490126",0.212974940007734,NA,NA,NA,-0.78838537089311,-0.561263627600174,1.46768162020734,-0.56603185466821,5,0.2,-0.0470048585892834,"0.0435848980461484",-0.0791771875919047,0.738153132044881
"490127",0.391800295239677,NA,NA,NA,0.243573500525168,NA,0.598602463294446,NA,3,0.333333333333333,0.41132541968643,"0.66449979819162",-0.0791771875919047,0.738153132044881
"490130",-0.144675770456158,NA,-0.394823546287255,NA,0.179076071061526,-0.240493094511849,0.562390831756408,-0.0964742786908779,6,0.166666666666667,-0.0224999645213679,"0.0767824731888976",-0.0791771875919047,0.738153132044881
"490136",0.928276360935514,0.929964549884,-1.08194642764267,NA,1.08204008355252,-0.515439265730414,-0.487746482846675,0.549167388277956,7,0.142857142857143,0.200616600918605,"0.3790457242055",-0.0791771875919047,0.738153132044881
"490140",0.928276360935514,NA,0.721751135915285,NA,0.114578641597884,0.950940314101927,0.671025726370521,-0.213863672685211,6,0.166666666666667,0.52878475103932,"0.823625765763546",-0.0791771875919047,0.738153132044881
"490141",-0.50232648092005,NA,0.292299335068155,NA,-1.17536994767496,0.309399247925278,0.272697779452109,0.666556782272289,6,0.166666666666667,-0.0227905473128637,"0.07638881125226",-0.0791771875919047,0.738153132044881
"490143",0.391800295239677,NA,0.549970415576432,NA,0.501563218379738,-0.423790541990892,0.852083884060707,1.13611435824962,6,0.166666666666667,0.501290271585881,"0.786378102291236",-0.0791771875919047,0.738153132044881
"490144",-1.39645325707978,NA,NA,NA,-2.27182624855689,-1.84434575995347,-0.886074429765087,-0.155168975688045,5,0.2,-1.31077373420865,"-1.66848380525718",-0.0791771875919047,0.738153132044881
"490145",0.0341495847757862,NA,NA,NA,NA,-0.148844370772328,-0.487746482846675,0.783946176266623,4,0.25,0.0453762268558513,"0.168736552133444",-0.0791771875919047,0.738153132044881
"491300",-0.681151836151995,NA,NA,NA,NA,NA,-0.125630167466301,NA,2,0.5,-0.403391001809148,"-0.43922297439704",-0.0791771875919047,0.738153132044881
"491302",0.0341495847757862,NA,NA,NA,-0.0789136467930435,-0.194668732642089,0.453755937142296,NA,4,0.25,0.0535807856207376,"0.179851534118493",-0.0791771875919047,0.738153132044881
"491303",NA,NA,NA,NA,NA,NA,NA,NA,0,NA,NA,"NaN",-0.0791771875919047,0.738153132044881
"491304",0.212974940007734,NA,NA,NA,0.114578641597884,1.13423776158097,-0.523958114384714,-1.15297882463988,5,0.2,-0.0430291191676005,"0.0489709612477893",-0.0791771875919047,0.738153132044881
"491305",0.749451005703569,NA,NA,NA,-0.0789136467930435,-1.20280469377682,-0.596381377460788,NA,4,0.25,-0.282162178081771,"-0.274990353190732",-0.0791771875919047,0.738153132044881
"491307",0.749451005703569,NA,NA,NA,NA,1.59248138027858,-0.016995272852189,NA,3,0.333333333333333,0.774979037709985,"1.15715315457058",-0.0791771875919047,0.738153132044881
"491308",0.749451005703569,NA,NA,NA,0.179076071061526,0.584345419143842,0.308909410990147,1.07741966125246,5,0.2,0.579840313630308,"0.892792393085915",-0.0791771875919047,0.738153132044881
"491309",0.749451005703569,NA,NA,NA,NA,NA,NA,NA,1,1,0.749451005703569,"1.12256950126318",-0.0791771875919047,0.738153132044881
"500002",0.212974940007734,-0.954857169417451,-0.652494626795534,NA,-0.336903364647613,-0.515439265730414,-0.379111588232563,-1.91600988560304,7,0.142857142857143,-0.648834422916984,"-0.771733141261593",-0.0791771875919047,0.738153132044881
"500003",-0.50232648092005,-0.555713375838275,-0.223042825948403,NA,0.56606064784338,-1.98181884556275,-0.958497692841162,-0.213863672685211,7,0.142857142857143,-0.552743177993211,"-0.64155521373919",-0.0791771875919047,0.738153132044881
"500005",1.10710171616746,0.27536872841415,-0.0512621056095504,0.669179242181237,1.01754265408888,1.08841339971121,1.28662346251716,-0.507337157671043,8,0.125,0.610703742474937,"0.934604081616084",-0.0791771875919047,0.738153132044881
"500007",-0.681151836151995,NA,-0.223042825948403,NA,NA,-0.92785852255826,-0.016995272852189,-0.859505339654043,5,0.2,-0.541710759432978,"-0.626609238329359",-0.0791771875919047,0.738153132044881
"500008",2.00122849232719,0.091978336769664,-0.566604266626108,0.549547924874422,-1.30436480660225,0.309399247925278,0.12785125329996,-0.213863672685211,8,0.125,0.124396563660368,"0.275787966500012",-0.0791771875919047,0.738153132044881
"500011",1.10710171616746,NA,0.0346282545598759,NA,1.08204008355252,-0.469614903860653,1.97464446173987,-0.976894733648377,6,0.166666666666667,0.458650813085115,"0.728613044270493",-0.0791771875919047,0.738153132044881
"500014",0.749451005703569,-0.867261288231967,0.206408974898728,-0.168239978966468,-1.56235452445682,-0.698736713209456,-0.56016974592275,-0.0964742786908779,8,0.125,-0.374672068609505,"-0.400316503702966",-0.0791771875919047,0.738153132044881
"500015",0.749451005703569,NA,-1.08194642764267,NA,-1.6913493833841,-0.377966180121132,-1.2844023766835,0.0796098123006222,6,0.166666666666667,-0.601100591637868,"-0.707066571132871",-0.0791771875919047,0.738153132044881
"500016",1.10710171616746,-0.524213379155811,0.807641496084711,-0.168239978966468,-1.43335966552953,-0.790385436948978,-0.125630167466301,-1.85731518860588,8,0.125,-0.373050075552599,"-0.398119137077409",-0.0791771875919047,0.738153132044881
"500019",0.0341495847757862,NA,0.206408974898728,NA,-0.852882800356752,0.309399247925278,1.25041183097912,-0.272558369682376,6,0.166666666666667,0.112488078089964,"0.259655154684374",-0.0791771875919047,0.738153132044881
"500021",1.10710171616746,NA,NA,NA,-0.014416217329402,-0.0571956470328073,1.06935367328893,0.0209151153034555,5,0.2,0.425151728079528,"0.683230746815782",-0.0791771875919047,0.738153132044881
"500024",1.46475242663135,-0.665316104021097,-0.223042825948403,0.788810559488052,-3.3682825494388,-0.28631745638161,-0.741227903612937,-0.331253066679545,8,0.125,-0.420234614995374,"-0.462041563731701",-0.0791771875919047,0.738153132044881
"500025",1.46475242663135,-0.0801928779742177,0.807641496084711,0.908441876794867,NA,0.171926162315996,0.200274516376035,1.25350375224396,7,0.142857142857143,0.675192478924671,"1.02196906545227",-0.0791771875919047,0.738153132044881
"500026",1.10710171616746,NA,-1.16783678781209,NA,-0.659390511965826,-0.836209798818738,0.200274516376035,1.01872496425529,6,0.166666666666667,-0.0562226502996454,"0.0310972565118962",-0.0791771875919047,0.738153132044881
"500027",0.928276360935514,0.69393032816745,0.37818969523758,NA,0.56606064784338,0.996764675971688,1.17798856790304,0.783946176266623,7,0.142857142857143,0.789308064617897,"1.17656515227927",-0.0791771875919047,0.738153132044881
"500030",0.749451005703569,0.518738565796481,-0.137152465778977,0.310285290260791,-1.23986737713861,0.44687233353456,1.46768162020734,0.549167388277956,8,0.125,0.33314704510789,"0.558589017373057",-0.0791771875919047,0.738153132044881
"500031",-1.21762790184783,-0.553124335015058,-0.996056067473239,NA,0.372568359452453,-1.70687267434419,-0.306688325156488,0.138304509297789,7,0.142857142857143,-0.609928062155224,"-0.719025431881591",-0.0791771875919047,0.738153132044881
"500033",-0.859977191383941,NA,NA,NA,-1.6913493833841,-1.43192650312563,-0.523958114384714,-4.14640837149538,5,0.2,-1.73072391275475,"-2.23740393891932",-0.0791771875919047,0.738153132044881
"500036",0.570625650471623,-0.356357232450621,-1.8549596691675,NA,-2.5943133958751,-0.744561075079217,-0.886074429765087,-1.97470458260021,7,0.142857142857143,-1.12004924778087,"-1.41010315475527",-0.0791771875919047,0.738153132044881
"500037",0.0341495847757862,NA,NA,NA,NA,NA,-0.7050162720749,NA,2,0.5,-0.335433343649557,"-0.347158529758933",-0.0791771875919047,0.738153132044881
"500039",2.35887920279108,0.269759139963849,-0.566604266626108,1.74586109794257,-0.143411076256686,-0.194668732642089,0.815872252522671,0.431777994283622,8,0.125,0.589683201497364,"0.906126872667122",-0.0791771875919047,0.738153132044881
"500041",0.391800295239677,0.22056736432274,0.979422216423564,NA,0.372568359452453,-1.24862905564658,0.489967568680334,-1.03558943064554,7,0.142857142857143,0.0243010454038056,"0.140185319960708",-0.0791771875919047,0.738153132044881
"500044",0.570625650471623,-0.605768165087123,-1.5113982284898,0.429916607567607,0.179076071061526,-1.06533160816754,-0.379111588232563,-0.507337157671043,8,0.125,-0.361166052318414,"-0.382019465182414",-0.0791771875919047,0.738153132044881
"500050",0.391800295239677,-0.730905138209243,-1.42550786832037,0.429916607567607,1.01754265408888,0.721818504753124,0.779660620984633,-1.15297882463988,8,0.125,0.00391835643305342,"0.112572229822776",-0.0791771875919047,0.738153132044881
"500051",0.928276360935514,-1.94861733872863,-2.11263074967578,0.429916607567607,-2.52981596641145,-0.423790541990892,-0.632593008998825,-0.859505339654043,8,0.125,-0.893594997119563,"-1.10331823326619",-0.0791771875919047,0.738153132044881
"500052",NA,NA,NA,NA,NA,NA,NA,NA,0,NA,NA,"NaN",-0.0791771875919047,0.738153132044881
"500053",-1.39645325707978,NA,0.120518614729302,NA,-1.30436480660225,-1.15698033190706,-2.47938621743873,-0.272558369682376,6,0.166666666666667,-1.08153739466348,"-1.35792989768231",-0.0791771875919047,0.738153132044881
"500054",0.391800295239677,-0.481494205572742,-1.5113982284898,1.26733582871531,-1.49785709499318,-1.66104831247443,-0.7050162720749,-0.155168975688045,8,0.125,-0.544105870667262,"-0.629853973236395",-0.0791771875919047,0.738153132044881
"500058",0.928276360935514,-0.163905197924877,1.15120293676242,-1.12529051742099,-0.594893082502183,-0.240493094511849,0.272697779452109,0.314388600289289,8,0.125,0.0677479731349287,"0.199044282749044",-0.0791771875919047,0.738153132044881
"500060",0.212974940007734,NA,NA,NA,NA,-0.377966180121132,0.417544305604259,NA,3,0.333333333333333,0.0841843551636206,"0.221311182820522",-0.0791771875919047,0.738153132044881
"500064",0.928276360935514,-2.20536388703091,-0.308933186117829,NA,-0.0789136467930435,0.767642866622885,0.381332674066222,-0.683421248662545,7,0.142857142857143,-0.17134000956853,"-0.124855965484167",-0.0791771875919047,0.738153132044881
"500072",0.570625650471623,NA,-0.566604266626108,NA,-3.75526712622066,-3.17325225417653,-1.03092095591724,-1.32906291563138,6,0.166666666666667,-1.54741364468338,"-1.98906757060567",-0.0791771875919047,0.738153132044881
"500077",0.749451005703569,-0.597569535813605,-0.394823546287255,NA,-0.465898223574898,-0.469614903860653,-0.886074429765087,0.255693903292122,7,0.142857142857143,-0.258405104329401,"-0.242805874495157",-0.0791771875919047,0.738153132044881
"500079",1.2859270713994,-1.3388982248612,-1.08194642764267,NA,-2.01383653070232,-1.1111559700373,-0.0532069043902274,-0.74211594565971,7,0.142857142857143,-0.722176133127717,"-0.871091535918209",-0.0791771875919047,0.738153132044881
"500084",0.212974940007734,NA,NA,NA,NA,-1.1111559700373,-0.125630167466301,NA,3,0.333333333333333,-0.34127039916529,"-0.355066178270242",-0.0791771875919047,0.738153132044881
"500088",1.10710171616746,-0.052144935722709,-1.8549596691675,NA,-0.207908505720328,-1.75269703621395,-1.17576748206939,-0.859505339654043,7,0.142857142857143,-0.685125893197209,"-0.820898373656784",-0.0791771875919047,0.738153132044881
"500108",1.2859270713994,-0.619144876007074,0.549970415576432,0.908441876794867,-1.88484167177503,-0.0113712851630466,0.164062884837997,-2.09209397659454,8,0.125,-0.212381195116374,"-0.180455791273904",-0.0791771875919047,0.738153132044881
"500119",-0.323501125688104,0.27536872841415,-0.0512621056095504,NA,0.630558077307023,-0.0571956470328073,-0.487746482846675,-0.624726551665378,7,0.142857142857143,-0.0912150153030489,"-0.0163080358106674",-0.0791771875919047,0.738153132044881
"50011F",NA,NA,NA,NA,-0.723887941429468,-0.423790541990892,1.39525835713127,NA,3,0.333333333333333,0.0825266245703027,"0.219065401394755",-0.0791771875919047,0.738153132044881
"500124",1.46475242663135,0.664587865504332,-0.824275347134387,NA,1.08204008355252,1.31753520906001,1.06935367328893,0.725251479269456,7,0.142857142857143,0.785606484310316,"1.17155050132557",-0.0791771875919047,0.738153132044881
"500129",1.6435777818633,-1.40362424544161,-1.33961750815094,0.549547924874422,-1.82034424231139,-0.973682884428019,0.345121042528184,-1.73992579461154,8,0.125,-0.5923684907097,"-0.695236910661232",-0.0791771875919047,0.738153132044881
"500139",-0.144675770456158,-0.0970216433251242,-1.08194642764267,NA,-2.33632367802053,-0.240493094511849,-0.306688325156488,0.255693903292122,7,0.142857142857143,-0.564493576545813,"-0.657473859942114",-0.0791771875919047,0.738153132044881
"500141",0.928276360935514,1.00590974736501,0.292299335068155,NA,-0.594893082502183,-1.01950724629778,0.707237357908557,-0.0377795816937112,7,0.142857142857143,0.183077555826223,"0.355285010701794",-0.0791771875919047,0.738153132044881
"500150",1.10710171616746,0.583896093180757,0.120518614729302,NA,-0.852882800356752,-0.423790541990892,0.815872252522671,0.666556782272289,7,0.142857142857143,0.288181730932119,"0.497673047198678",-0.0791771875919047,0.738153132044881
"500151",1.46475242663135,NA,0.206408974898728,NA,0.372568359452453,0.217750524185757,1.10556530482697,0.0209151153034555,6,0.166666666666667,0.564660117549785,"0.872227288879869",-0.0791771875919047,0.738153132044881
"500152",0.928276360935514,-0.692932539468738,-0.910165707303813,NA,0.759552936234307,-0.469614903860653,1.64873977789753,1.31219844924112,7,0.142857142857143,0.368007767667896,"0.60581596940594",-0.0791771875919047,0.738153132044881
"500154",1.10710171616746,NA,NA,NA,-0.272405935183971,0.584345419143842,1.32283509405519,1.01872496425529,5,0.2,0.752120251687563,"1.12618561541093",-0.0791771875919047,0.738153132044881
"50030F",NA,-1.5248776573289,0.292299335068155,NA,0.82405036569795,2.46314425580403,1.43146998866931,NA,5,0.2,0.697217257582107,"1.05180674777223",-0.0791771875919047,0.738153132044881
"501302",-0.50232648092005,NA,NA,NA,NA,NA,NA,NA,1,1,-0.50232648092005,"-0.573254078264098",-0.0791771875919047,0.738153132044881
"501303",-1.93292932277561,NA,NA,NA,NA,NA,-1.71894195513995,NA,2,0.5,-1.82593563895778,"-2.3663903538916",-0.0791771875919047,0.738153132044881
"501304",-0.323501125688104,NA,NA,NA,-2.72330825480238,-0.148844370772328,0.308909410990147,NA,4,0.25,-0.721686085068167,"-0.870427651910575",-0.0791771875919047,0.738153132044881
"501305",-0.50232648092005,NA,NA,NA,NA,NA,-0.016995272852189,NA,2,0.5,-0.259660876886119,"-0.244507110325776",-0.0791771875919047,0.738153132044881
"501307",NA,NA,NA,NA,NA,NA,NA,NA,0,NA,NA,"NaN",-0.0791771875919047,0.738153132044881
"501308",-1.57527861231172,NA,NA,NA,NA,NA,-1.53788379744976,NA,2,0.5,-1.55658120488074,"-2.00148716187932",-0.0791771875919047,0.738153132044881
"501309",-0.50232648092005,NA,NA,NA,NA,NA,0.598602463294446,NA,2,0.5,0.0481379911871982,"0.172478003888443",-0.0791771875919047,0.738153132044881
"501310",0.0341495847757862,NA,NA,NA,-1.94933910123867,NA,-1.21197911360742,NA,3,0.333333333333333,-1.04238954335677,"-1.30489503322503",-0.0791771875919047,0.738153132044881
"501311",NA,NA,NA,NA,NA,NA,NA,NA,0,NA,NA,"NaN",-0.0791771875919047,0.738153132044881
"501312",0.391800295239677,NA,NA,NA,NA,0.171926162315996,-1.2844023766835,0.901335570260955,4,0.25,0.0451649127832826,"0.168450278102494",-0.0791771875919047,0.738153132044881
"501313",NA,NA,NA,NA,NA,NA,NA,NA,0,NA,NA,"NaN",-0.0791771875919047,0.738153132044881
"501314",-0.681151836151995,NA,NA,NA,NA,0.171926162315996,-3.4208886374277,NA,3,0.333333333333333,-1.31003810375457,"-1.66748722281087",-0.0791771875919047,0.738153132044881
"501315",0.570625650471623,NA,NA,NA,NA,NA,NA,NA,1,1,0.570625650471623,"0.880308989902137",-0.0791771875919047,0.738153132044881
"501316",-0.681151836151995,NA,NA,NA,NA,NA,NA,NA,1,1,-0.681151836151995,"-0.815514589625137",-0.0791771875919047,0.738153132044881
"501317",0.570625650471623,NA,NA,NA,NA,NA,0.12785125329996,NA,2,0.5,0.349238451885791,"0.580388568278334",-0.0791771875919047,0.738153132044881
"501318",NA,NA,NA,NA,NA,NA,NA,NA,0,NA,NA,"NaN",-0.0791771875919047,0.738153132044881
"501319",NA,NA,NA,NA,NA,NA,NA,NA,0,NA,NA,"NaN",-0.0791771875919047,0.738153132044881
"501320",NA,NA,NA,NA,NA,NA,NA,NA,0,NA,NA,"NaN",-0.0791771875919047,0.738153132044881
"501321",-0.681151836151995,NA,NA,NA,NA,NA,0.634814094832484,NA,2,0.5,-0.0231688706597559,"0.075876284338171",-0.0791771875919047,0.738153132044881
"501322",-0.323501125688104,NA,NA,NA,NA,NA,NA,NA,1,1,-0.323501125688104,"-0.330993566903058",-0.0791771875919047,0.738153132044881
"501323",-0.323501125688104,NA,NA,NA,-1.6913493833841,-0.790385436948978,-0.125630167466301,-0.448642460673878,5,0.2,-0.675901714832273,"-0.808402079914343",-0.0791771875919047,0.738153132044881
"501324",0.0341495847757862,NA,NA,NA,NA,NA,NA,NA,1,1,0.0341495847757862,"0.153527455819019",-0.0791771875919047,0.738153132044881
"501325",-0.859977191383941,NA,NA,NA,NA,NA,NA,NA,1,1,-0.859977191383941,"-1.05777510098618",-0.0791771875919047,0.738153132044881
"501326",-0.50232648092005,NA,NA,NA,-1.30436480660225,-2.80665735921845,-0.886074429765087,NA,4,0.25,-1.37485576912646,"-1.75529781733118",-0.0791771875919047,0.738153132044881
"501327",-0.144675770456158,NA,NA,NA,NA,-1.43192650312563,-0.0894185359282648,NA,3,0.333333333333333,-0.555340269836683,"-0.645073578331477",-0.0791771875919047,0.738153132044881
"501328",-1.21762790184783,NA,NA,NA,NA,NA,-1.03092095591724,NA,2,0.5,-1.12427442888253,"-1.4158271446948",-0.0791771875919047,0.738153132044881
"501329",0.570625650471623,NA,NA,NA,0.82405036569795,-0.194668732642089,-0.198053430542376,NA,4,0.25,0.250488463246277,"0.446608754371766",-0.0791771875919047,0.738153132044881
"501330",-0.323501125688104,NA,-0.996056067473239,NA,NA,NA,-0.379111588232563,NA,3,0.333333333333333,-0.566222927131302,"-0.659816667295242",-0.0791771875919047,0.738153132044881
"501331",-0.681151836151995,NA,NA,NA,0.372568359452453,-0.652912351339696,-0.0532069043902274,NA,4,0.25,-0.253675683107366,"-0.236398774102678",-0.0791771875919047,0.738153132044881
"501332",-0.144675770456158,NA,NA,NA,0.179076071061526,-1.79852139808371,1.28662346251716,-1.38775761262854,5,0.2,-0.373051049517946,"-0.398120456539868",-0.0791771875919047,0.738153132044881
"501333",-1.39645325707978,NA,NA,NA,-0.594893082502183,-0.836209798818738,-2.26211642821051,NA,4,0.25,-1.2724181416528,"-1.61652223943737",-0.0791771875919047,0.738153132044881
"501334",0.212974940007734,NA,NA,NA,NA,NA,NA,NA,1,1,0.212974940007734,"0.395787967180062",-0.0791771875919047,0.738153132044881
"501335",0.212974940007734,NA,NA,NA,NA,0.263574886055518,0.743448989446595,NA,3,0.333333333333333,0.406666271836616,"0.658187899416757",-0.0791771875919047,0.738153132044881
"501336",-0.50232648092005,NA,-0.0512621056095504,NA,-2.01383653070232,-2.34841374052084,-2.44317458590069,-2.44426215857754,6,0.166666666666667,-1.6338792670385,"-2.10620535489656",-0.0791771875919047,0.738153132044881
"501337",0.0341495847757862,NA,NA,NA,0.372568359452453,1.08841339971121,-0.596381377460788,1.01872496425529,5,0.2,0.38349498614679,"0.626797006817501",-0.0791771875919047,0.738153132044881
"501338",NA,NA,NA,NA,NA,NA,NA,NA,0,NA,NA,"NaN",-0.0791771875919047,0.738153132044881
"501339",-2.2905800332395,NA,NA,NA,-1.17536994767496,-1.52357522686515,-0.958497692841162,0.783946176266623,5,0.2,-1.03281534487083,"-1.29192455586701",-0.0791771875919047,0.738153132044881
"501340",NA,NA,NA,NA,NA,NA,NA,NA,0,NA,NA,"NaN",-0.0791771875919047,0.738153132044881
"510001",1.10710171616746,-1.01483661515529,-0.308933186117829,-0.287871296273283,-0.852882800356752,0.584345419143842,0.562390831756408,-0.918200036651212,8,0.125,-0.141110745935833,"-0.0839034011443607",-0.0791771875919047,0.738153132044881
"510002",0.749451005703569,NA,NA,NA,0.82405036569795,-0.377966180121132,1.17798856790304,0.138304509297789,5,0.2,0.502365653696244,"0.787834957330765",-0.0791771875919047,0.738153132044881
"510006",0.0341495847757862,1.15995767634638,1.23709329693184,NA,1.27553237194345,0.263574886055518,0.924507147136782,-0.74211594565971,7,0.142857142857143,0.593242716790006,"0.91094906353527",-0.0791771875919047,0.738153132044881
"510007",0.212974940007734,-1.25734343892989,-0.137152465778977,0.190653972953976,-0.272405935183971,-0.423790541990892,-0.270476693618452,-1.50514700662288,8,0.125,-0.432835896145418,"-0.479112928199308",-0.0791771875919047,0.738153132044881
"510008",0.391800295239677,0.527368701873869,-1.59728858865922,NA,1.08204008355252,0.217750524185757,0.634814094832484,-0.624726551665378,7,0.142857142857143,0.090251222765672,"0.229530165222242",-0.0791771875919047,0.738153132044881
"510012",-0.323501125688104,NA,NA,NA,-0.981877659284037,-0.28631745638161,-0.849862798227049,NA,4,0.25,-0.6103897598952,"-0.719650908791371",-0.0791771875919047,0.738153132044881
"510013",-0.323501125688104,NA,-0.0512621056095504,NA,-1.36886223606589,-0.194668732642089,-0.849862798227049,-1.15297882463988,6,0.166666666666667,-0.65685597047876,"-0.782600192031336",-0.0791771875919047,0.738153132044881
"510022",0.749451005703569,-0.499617491335255,-0.308933186117829,-0.766396565500545,1.14653751301616,1.04258903784145,0.0192163586858474,-2.73773564356338,8,0.125,-0.169361121408747,"-0.122175101482004",-0.0791771875919047,0.738153132044881
"510023",-1.57527861231172,0.72888237928087,-0.824275347134387,NA,0.953045224625234,0.767642866622885,-0.777439535150975,-0.213863672685211,7,0.142857142857143,-0.134469528107615,"-0.0749063278544062",-0.0791771875919047,0.738153132044881
"510024",-1.03880254661589,0.43588925945356,-1.33961750815094,-0.527133930886914,-1.17536994767496,0.171926162315996,-0.306688325156488,1.25350375224396,8,0.125,-0.315786635558961,"-0.32054249680088",-0.0791771875919047,0.738153132044881
"510029",-0.859977191383941,1.03309467600878,-0.480713906456682,NA,0.759552936234307,-0.103020008902567,-0.994709324379199,-0.800810642656877,7,0.142857142857143,-0.206654780219454,"-0.172698031199031",-0.0791771875919047,0.738153132044881
"51002F",NA,NA,NA,NA,0.759552936234307,0.355223609795039,1.50389325174538,NA,3,0.333333333333333,0.872889932591576,"1.28979622093589",-0.0791771875919047,0.738153132044881
"510030",-1.93292932277561,NA,-0.566604266626108,NA,-0.465898223574898,-1.06533160816754,-0.379111588232563,-2.56165155257188,6,0.166666666666667,-1.1619210936581,"-1.46682830304697",-0.0791771875919047,0.738153132044881
"510038",-1.93292932277561,NA,NA,NA,-0.917380229820394,-0.103020008902567,-2.91392579589518,NA,4,0.25,-1.46681383934844,"-1.87987639896943",-0.0791771875919047,0.738153132044881
"51003F",NA,NA,NA,NA,0.953045224625234,1.36335957092977,0.562390831756408,NA,3,0.333333333333333,0.959598542437138,"1.40726318826469",-0.0791771875919047,0.738153132044881
"510046",0.212974940007734,-1.07826811532409,0.0346282545598759,NA,-1.56235452445682,-0.28631745638161,-1.90000011283014,-0.56603185466821,7,0.142857142857143,-0.735052695584751,"-0.888535832904884",-0.0791771875919047,0.738153132044881
"510048",0.928276360935514,NA,NA,NA,-0.465898223574898,1.04258903784145,1.43146998866931,NA,4,0.25,0.734109290967843,"1.10178558249388",-0.0791771875919047,0.738153132044881
"51004F",NA,NA,0.0346282545598759,NA,1.98500409604351,1.18006212345073,2.11949098789202,NA,4,0.25,1.32979636548653,"1.9087821915423",-0.0791771875919047,0.738153132044881
"510050",0.212974940007734,-0.345138055550018,-1.16783678781209,0.310285290260791,-1.36886223606589,-0.103020008902567,-1.24819074514546,0.255693903292122,8,0.125,-0.431761712489423,"-0.4776576967448",-0.0791771875919047,0.738153132044881
"510055",0.0341495847757862,-0.681281855764264,-0.480713906456682,NA,-0.465898223574898,-0.836209798818738,-0.886074429765087,-2.44426215857754,7,0.142857142857143,-0.822898684025918,"-1.00754364392346",-0.0791771875919047,0.738153132044881
"510058",0.749451005703569,-0.843528414019151,-0.566604266626108,0.908441876794867,-0.143411076256686,0.813467228492645,-0.415323219770601,-0.56603185466821,8,0.125,-0.00794234004370925,"0.0965041594429816",-0.0791771875919047,0.738153132044881
"51005F",NA,NA,0.292299335068155,NA,0.501563218379738,0.217750524185757,1.39525835713127,NA,4,0.25,0.601717858691229,"0.922430613275153",-0.0791771875919047,0.738153132044881
"510062",-0.50232648092005,0.260265990278722,0.206408974898728,NA,1.59801951926166,0.171926162315996,0.345121042528184,0.0209151153034555,7,0.142857142857143,0.300047189095242,"0.513747568389495",-0.0791771875919047,0.738153132044881
"510070",0.0341495847757862,0.75606730792464,0.37818969523758,NA,1.27553237194345,-0.0113712851630466,-1.13955585053135,1.25350375224396,7,0.142857142857143,0.363787939490145,"0.600099231246121",-0.0791771875919047,0.738153132044881
"510072",-0.323501125688104,NA,NA,NA,0.759552936234307,-1.38610214125587,0.489967568680334,NA,4,0.25,-0.115020690507332,"-0.0485583564701965",-0.0791771875919047,0.738153132044881
"510086",0.0341495847757862,NA,NA,NA,NA,NA,0.489967568680334,NA,2,0.5,0.26205857672806,"0.462283162539256",-0.0791771875919047,0.738153132044881
"510091",NA,NA,NA,NA,NA,NA,NA,NA,0,NA,NA,"NaN",-0.0791771875919047,0.738153132044881
"510093",0.391800295239677,NA,NA,NA,NA,NA,NA,NA,1,1,0.391800295239677,"0.638048478541098",-0.0791771875919047,0.738153132044881
"511300",NA,NA,NA,NA,NA,NA,NA,NA,0,NA,NA,"NaN",-0.0791771875919047,0.738153132044881
"511301",NA,NA,NA,NA,NA,NA,NA,NA,0,NA,NA,"NaN",-0.0791771875919047,0.738153132044881
"511303",NA,NA,NA,NA,NA,NA,NA,NA,0,NA,NA,"NaN",-0.0791771875919047,0.738153132044881
"511304",NA,NA,NA,NA,NA,NA,NA,NA,0,NA,NA,"NaN",-0.0791771875919047,0.738153132044881
"511306",-0.323501125688104,NA,NA,NA,NA,NA,NA,NA,1,1,-0.323501125688104,"-0.330993566903058",-0.0791771875919047,0.738153132044881
"511307",NA,NA,NA,NA,NA,NA,-0.958497692841162,NA,1,1,-0.958497692841162,"-1.19124402116036",-0.0791771875919047,0.738153132044881
"511308",0.212974940007734,NA,NA,NA,NA,NA,-0.234265062080414,NA,2,0.5,-0.0106450610363401,"0.0928426956148142",-0.0791771875919047,0.738153132044881
"511309",0.570625650471623,NA,NA,NA,-0.0789136467930435,0.813467228492645,0.345121042528184,NA,4,0.25,0.412575068674852,"0.666192738225566",-0.0791771875919047,0.738153132044881
"511310",NA,NA,NA,NA,NA,NA,NA,NA,0,NA,NA,"NaN",-0.0791771875919047,0.738153132044881
"511311",0.749451005703569,NA,NA,NA,0.630558077307023,-0.515439265730414,0.562390831756408,NA,4,0.25,0.356740162259146,"0.590551378740945",-0.0791771875919047,0.738153132044881
"511312",-0.681151836151995,NA,NA,NA,NA,NA,-1.68273032360191,NA,2,0.5,-1.18194107987695,"-1.49395002799771",-0.0791771875919047,0.738153132044881
"511313",-0.144675770456158,NA,NA,NA,-0.143411076256686,NA,0.0916396217619223,NA,3,0.333333333333333,-0.065482408316974,"0.0185527618598495",-0.0791771875919047,0.738153132044881
"511314",-1.57527861231172,NA,NA,NA,-1.62685195392046,NA,NA,NA,2,0.5,-1.60106528311609,"-2.06175118610979",-0.0791771875919047,0.738153132044881
"511315",0.928276360935514,NA,NA,NA,-0.594893082502183,-0.607087989469935,-0.487746482846675,0.549167388277956,5,0.2,-0.0424567611210646,"0.0497463532656357",-0.0791771875919047,0.738153132044881
"511316",-0.681151836151995,NA,NA,NA,0.372568359452453,-0.607087989469935,0.0916396217619223,NA,4,0.25,-0.206007961101889,"-0.171821764352106",-0.0791771875919047,0.738153132044881
"511317",-0.323501125688104,NA,NA,NA,NA,NA,0.0916396217619223,NA,2,0.5,-0.115930751963091,"-0.0497912462545122",-0.0791771875919047,0.738153132044881
"511318",-0.681151836151995,NA,NA,NA,NA,NA,-0.451534851308639,NA,2,0.5,-0.566343343730317,"-0.659979799569275",-0.0791771875919047,0.738153132044881
"511319",-0.144675770456158,NA,NA,NA,0.437065788916096,-1.61522395060467,-1.03092095591724,NA,4,0.25,-0.588438722015492,"-0.689913125495786",-0.0791771875919047,0.738153132044881
"511320",-0.859977191383941,NA,NA,NA,-0.981877659284037,0.355223609795039,-2.26211642821051,NA,4,0.25,-0.937186917270862,"-1.16237362199093",-0.0791771875919047,0.738153132044881
"511321",-0.50232648092005,NA,NA,NA,NA,0.0802774385764748,-2.66044437512892,NA,3,0.333333333333333,-1.02749780582416,"-1.28472071317392",-0.0791771875919047,0.738153132044881
"511322",-0.323501125688104,NA,NA,NA,-0.401400794111256,-0.790385436948978,-2.87771416435714,NA,4,0.25,-1.09825038027637,"-1.38057152160469",-0.0791771875919047,0.738153132044881
"520002",-0.681151836151995,NA,NA,NA,0.56606064784338,-1.24862905564658,0.743448989446595,0.607862085275123,5,0.2,-0.00248183384669651,"0.103901684373731",-0.0791771875919047,0.738153132044881
"520004",0.928276360935514,NA,1.92421617828725,NA,-0.272405935183971,-0.973682884428019,0.0192163586858474,-0.0377795816937112,6,0.166666666666667,0.264640082767152,"0.465780412536612",-0.0791771875919047,0.738153132044881
"520008",0.570625650471623,1.08962206731567,-0.566604266626108,0.669179242181237,0.695055506770665,-0.836209798818738,-1.06713258745527,-1.15297882463988,8,0.125,-0.0748053763501002,"0.00592263454832653",-0.0791771875919047,0.738153132044881
"520009",-0.144675770456158,NA,-1.25372714798152,-0.168239978966468,-0.336903364647613,-0.744561075079217,-0.415323219770601,0.490472691280789,7,0.142857142857143,-0.367565409374398,"-0.390688881836187",-0.0791771875919047,0.738153132044881
"520011",-0.681151836151995,NA,NA,NA,NA,0.859291590362406,-0.0532069043902274,0.138304509297789,4,0.25,0.065809339779493,"0.196417953236541",-0.0791771875919047,0.738153132044881
"520019",0.212974940007734,NA,0.206408974898728,NA,-0.465898223574898,-1.61522395060467,0.526179200218371,-0.976894733648377,6,0.166666666666667,-0.352075632117185,"-0.369704377964609",-0.0791771875919047,0.738153132044881
"520021",0.570625650471623,NA,-1.16783678781209,0.190653972953976,-0.530395653038541,-1.3402777793861,-0.813651166689013,-1.97470458260021,7,0.142857142857143,-0.723655192300052,"-0.873095265372338",-0.0791771875919047,0.738153132044881
"520028",0.749451005703569,NA,1.23709329693184,NA,1.01754265408888,-0.240493094511849,0.888295515598744,-0.976894733648377,6,0.166666666666667,0.445832440693801,"0.711247579254036",-0.0791771875919047,0.738153132044881
"52002F",NA,NA,NA,NA,NA,NA,-0.777439535150975,NA,1,1,-0.777439535150975,"-0.945958659857877",-0.0791771875919047,0.738153132044881
"520030",0.391800295239677,-0.453877770125101,0.0346282545598759,0.310285290260791,-0.530395653038541,-0.103020008902567,0.308909410990147,-0.624726551665378,8,0.125,-0.0832995915851369,"-0.00558475445577544",-0.0791771875919047,0.738153132044881
"520033",-0.323501125688104,NA,NA,NA,-1.30436480660225,-1.06533160816754,-0.016995272852189,-0.0377795816937112,5,0.2,-0.549594479000759,"-0.637289569043314",-0.0791771875919047,0.738153132044881
"520034",0.570625650471623,NA,NA,NA,NA,-0.790385436948978,1.46768162020734,0.0796098123006222,4,0.25,0.331882911507653,"0.55687645456548",-0.0791771875919047,0.738153132044881
"520035",1.10710171616746,NA,0.549970415576432,NA,0.953045224625234,1.18006212345073,0.779660620984633,-0.624726551665378,6,0.166666666666667,0.657518924856519,"0.998026128274467",-0.0791771875919047,0.738153132044881
"520037",0.391800295239677,-2.27397346884615,-0.566604266626108,-0.766396565500545,0.437065788916096,-0.377966180121132,0.200274516376035,0.255693903292122,8,0.125,-0.33751324715875,"-0.349976242532746",-0.0791771875919047,0.738153132044881
"520038",-0.144675770456158,NA,NA,NA,0.56606064784338,-0.0113712851630466,-0.813651166689013,NA,4,0.25,-0.100909393616209,"-0.029441324680288",-0.0791771875919047,0.738153132044881
"52003F",NA,0.190793394855753,0.37818969523758,NA,1.14653751301616,0.538521057274082,0.779660620984633,NA,5,0.2,0.606740456273642,"0.929234889196192",-0.0791771875919047,0.738153132044881
"520041",-0.323501125688104,NA,NA,NA,0.243573500525168,-1.56939958873491,-0.125630167466301,-0.0377795816937112,5,0.2,-0.362547392611571,"-0.383890811700082",-0.0791771875919047,0.738153132044881
"520044",-0.859977191383941,NA,NA,NA,NA,-0.377966180121132,-1.24819074514546,0.373083297286456,4,0.25,-0.528262704841019,"-0.608390722403397",-0.0791771875919047,0.738153132044881
"520045",-0.323501125688104,1.51465626912701,-1.68317894882865,NA,NA,-1.01950724629778,-0.994709324379199,0.255693903292122,6,0.166666666666667,-0.375091078795767,"-0.400884150398579",-0.0791771875919047,0.738153132044881
"520049",-0.323501125688104,0.309889272723701,1.06531257659299,0.0710226556471613,-0.981877659284037,-2.1651162930418,0.453755937142296,0.666556782272289,8,0.125,-0.112994731704437,"-0.0458137243404349",-0.0791771875919047,0.738153132044881
"52004F",NA,NA,-0.480713906456682,NA,1.46902466033437,1.54665701840882,2.15570261943005,NA,4,0.25,1.17266759792914,"1.69591475152737",-0.0791771875919047,0.738153132044881
"520051",0.391800295239677,0.551101576086685,-1.08194642764267,0.190653972953976,0.437065788916096,0.355223609795039,0.634814094832484,0.783946176266623,8,0.125,0.282832385805989,"0.490426115777672",-0.0791771875919047,0.738153132044881
"520057",0.212974940007734,NA,NA,NA,NA,0.0344530767067141,0.308909410990147,-0.155168975688045,4,0.25,0.100292113004138,"0.243132885040892",-0.0791771875919047,0.738153132044881
"520059",0.928276360935514,NA,NA,NA,-0.78838537089311,0.0344530767067141,0.996930410212857,-0.331253066679545,5,0.2,0.168004282056486,"0.334864757619645",-0.0791771875919047,0.738153132044881
"520062",0.570625650471623,NA,-0.308933186117829,NA,0.630558077307023,-0.28631745638161,0.236486147914072,-0.0964742786908779,6,0.166666666666667,0.124324159083733,"0.27568987767062",-0.0791771875919047,0.738153132044881
"520063",0.749451005703569,NA,NA,NA,0.759552936234307,-0.744561075079217,0.417544305604259,-0.213863672685211,5,0.2,0.193624699955541,"0.3695735690936",-0.0791771875919047,0.738153132044881
"520066",0.570625650471623,NA,-0.652494626795534,-1.36455315203462,-0.78838537089311,0.44687233353456,0.996930410212857,-0.74211594565971,7,0.142857142857143,-0.219017243023419,"-0.18944586070389",-0.0791771875919047,0.738153132044881
"520070",2.00122849232719,-1.06057633636545,1.23709329693184,0.549547924874422,1.2110349424798,0.309399247925278,1.06935367328893,0.725251479269456,8,0.125,0.755291590091434,"1.13048193045207",-0.0791771875919047,0.738153132044881
"520071",-0.859977191383941,NA,NA,NA,-0.014416217329402,-0.882034160688499,0.272697779452109,NA,4,0.25,-0.370932447487433,"-0.395250317623511",-0.0791771875919047,0.738153132044881
"520075",-0.323501125688104,0.304711191077269,-0.308933186117829,1.1477045114085,-0.594893082502183,-1.38610214125587,-0.56016974592275,-0.448642460673878,8,0.125,-0.271228254959355,"-0.260177812746548",-0.0791771875919047,0.738153132044881
"520076",-0.323501125688104,NA,NA,NA,NA,-3.08160353043701,-1.71894195513995,0.0796098123006222,4,0.25,-1.26110919974111,"-1.60120164887052",-0.0791771875919047,0.738153132044881
"520078",0.212974940007734,NA,NA,NA,-0.465898223574898,-0.515439265730414,0.924507147136782,NA,4,0.25,0.0390361494598011,"0.160147443558525",-0.0791771875919047,0.738153132044881
"520083",0.928276360935514,-0.0948641093057768,1.06531257659299,1.38696714602213,-0.594893082502183,-0.92785852255826,-0.306688325156488,0.431777994283622,8,0.125,0.236003754788943,"0.426985849816437",-0.0791771875919047,0.738153132044881
"520087",0.570625650471623,0.200286544540879,0.464080055407006,-0.766396565500545,-1.17536994767496,-1.20280469377682,0.707237357908557,-0.0377795816937112,8,0.125,-0.155015147539747,"-0.102740145175231",-0.0791771875919047,0.738153132044881
"520088",0.928276360935514,NA,0.464080055407006,-0.0486086616596539,-1.49785709499318,-0.92785852255826,-0.523958114384714,-0.272558369682376,7,0.142857142857143,-0.268354906705094,"-0.256285194630438",-0.0791771875919047,0.738153132044881
"520089",1.82240313709524,1.01324536303079,1.32298365710127,NA,-0.207908505720328,1.31753520906001,1.17798856790304,1.13611435824962,7,0.142857142857143,1.08319454095995,"1.57470269797782",-0.0791771875919047,0.738153132044881
"520091",0.0341495847757862,NA,NA,NA,0.0500812121342405,-1.15698033190706,-0.632593008998825,NA,4,0.25,-0.426335635998965,"-0.470306814854716",-0.0791771875919047,0.738153132044881
"520095",0.570625650471623,NA,NA,NA,NA,0.721818504753124,0.308909410990147,-0.0377795816937112,4,0.25,0.390893496130296,"0.636820008363277",-0.0791771875919047,0.738153132044881
"520096",-0.323501125688104,NA,-0.652494626795534,NA,0.372568359452453,-0.240493094511849,-0.523958114384714,-1.38775761262854,6,0.166666666666667,-0.459272702426049,"-0.514927727504425",-0.0791771875919047,0.738153132044881
"520097",-0.144675770456158,NA,0.120518614729302,NA,-1.56235452445682,-0.607087989469935,0.0554279902238849,0.549167388277956,6,0.166666666666667,-0.264834048525295,"-0.251515373807426",-0.0791771875919047,0.738153132044881
"520098",2.18005384755913,-0.311049018044337,0.807641496084711,-0.527133930886914,0.888547795161592,1.86742755149714,2.3005491455822,-0.624726551665378,8,0.125,0.822663791911019,"1.22175323838915",-0.0791771875919047,0.738153132044881
"520100",-1.57527861231172,NA,1.06531257659299,NA,-0.272405935183971,-1.52357522686515,0.0554279902238849,-1.27036821863421,6,0.166666666666667,-0.586814571029696,"-0.68771283545394",-0.0791771875919047,0.738153132044881
"520102",1.46475242663135,NA,NA,NA,0.759552936234307,-0.0113712851630466,0.598602463294446,-0.448642460673878,5,0.2,0.472578816064636,"0.747481761850728",-0.0791771875919047,0.738153132044881
"520103",0.570625650471623,NA,0.464080055407006,NA,1.2110349424798,-0.332141818251371,0.489967568680334,-0.683421248662545,6,0.166666666666667,0.286690858354142,"0.495653313740598",-0.0791771875919047,0.738153132044881
"520107",0.391800295239677,NA,NA,NA,NA,-0.744561075079217,-0.016995272852189,NA,3,0.333333333333333,-0.123252017563909,"-0.0597096023285925",-0.0791771875919047,0.738153132044881
"520109",0.212974940007734,NA,NA,NA,NA,0.675994142883363,-1.2844023766835,NA,3,0.333333333333333,-0.1318110979308,"-0.0713048662315985",-0.0791771875919047,0.738153132044881
"520113",1.10710171616746,NA,NA,NA,-1.04637508874768,0.217750524185757,-0.0894185359282648,1.19480905524679,5,0.2,0.276773534184812,"0.48221799288535",-0.0791771875919047,0.738153132044881
"520116",-1.39645325707978,NA,-0.394823546287255,NA,-0.272405935183971,-3.95226640596246,-2.26211642821051,0.607862085275123,6,0.166666666666667,-1.27836724790814,"-1.62458168672151",-0.0791771875919047,0.738153132044881
"520136",0.570625650471623,NA,-0.308933186117829,NA,-0.336903364647613,0.859291590362406,0.453755937142296,1.01872496425529,6,0.166666666666667,0.376093598577695,"0.616770106913153",-0.0791771875919047,0.738153132044881
"520138",1.6435777818633,0.869553597342287,1.83832581811783,0.788810559488052,1.01754265408888,0.950940314101927,1.64873977789753,1.37089314623829,8,0.125,1.26604795614226,"1.82242015285844",-0.0791771875919047,0.738153132044881
"520139",1.46475242663135,NA,NA,NA,0.888547795161592,0.355223609795039,1.61252814635949,0.607862085275123,5,0.2,0.985782812644519,"1.44273586875694",-0.0791771875919047,0.738153132044881
"520160",-0.144675770456158,0.0212112209350863,-0.480713906456682,-1.12529051742099,-0.207908505720328,-2.3942381023906,-0.125630167466301,-0.331253066679545,8,0.125,-0.59856235195694,"-0.703627935474852",-0.0791771875919047,0.738153132044881
"520177",1.82240313709524,-0.534138035644806,0.721751135915285,0.669179242181237,1.34002980140709,0.996764675971688,1.14177693636501,-0.0964742786908779,8,0.125,0.757661576824983,"1.13369262838271",-0.0791771875919047,0.738153132044881
"520189",1.10710171616746,1.23806040784674,-0.223042825948403,NA,-0.465898223574898,0.721818504753124,0.345121042528184,-0.213863672685211,7,0.142857142857143,0.358470992726713,"0.592896190938344",-0.0791771875919047,0.738153132044881
"520193",0.928276360935514,0.913135784533094,-0.824275347134387,0.190653972953976,0.372568359452453,-1.52357522686515,0.345121042528184,1.07741966125246,8,0.125,0.184915575957018,"0.357775036214119",-0.0791771875919047,0.738153132044881
"520194",0.570625650471623,NA,NA,NA,NA,NA,NA,NA,1,1,0.570625650471623,"0.880308989902137",-0.0791771875919047,0.738153132044881
"520196",0.212974940007734,NA,NA,NA,NA,NA,NA,NA,1,1,0.212974940007734,"0.395787967180062",-0.0791771875919047,0.738153132044881
"520198",-0.144675770456158,NA,0.721751135915285,NA,-0.143411076256686,0.44687233353456,-0.342899956694526,0.842640873263789,6,0.166666666666667,0.230046256551044,"0.418915033641214",-0.0791771875919047,0.738153132044881
"520202",-0.323501125688104,NA,0.721751135915285,NA,0.243573500525168,-0.469614903860653,-0.849862798227049,-0.683421248662545,6,0.166666666666667,-0.226845906666316,"-0.200051605369918",-0.0791771875919047,0.738153132044881
"520205",0.212974940007734,NA,NA,NA,NA,NA,NA,NA,1,1,0.212974940007734,"0.395787967180062",-0.0791771875919047,0.738153132044881
"520206",0.749451005703569,1.16772479881603,0.292299335068155,NA,0.179076071061526,-0.790385436948978,0.779660620984633,-0.0964742786908779,7,0.142857142857143,0.325907445142008,"0.54878129638456",-0.0791771875919047,0.738153132044881
"520207",1.10710171616746,0.257245442651637,1.06531257659299,0.669179242181237,1.46902466033437,0.859291590362406,1.21420019944108,0.842640873263789,8,0.125,0.935499537624372,"1.37461548446642",-0.0791771875919047,0.738153132044881
"520208",0.749451005703569,NA,NA,NA,0.179076071061526,-0.332141818251371,-0.596381377460788,-0.213863672685211,5,0.2,-0.0427719583264549,"0.0493193453837926",-0.0791771875919047,0.738153132044881
"520210",0.0341495847757862,NA,1.23709329693184,NA,-1.36886223606589,0.126101800446235,-0.306688325156488,-0.0377795816937112,6,0.166666666666667,-0.0526642434603712,"0.0359179457222997",-0.0791771875919047,0.738153132044881
"520212",-0.323501125688104,NA,NA,NA,NA,-0.194668732642089,0.526179200218371,0.0796098123006222,4,0.25,0.0219047885472002,"0.136939033041939",-0.0791771875919047,0.738153132044881
"520213",1.10710171616746,NA,NA,NA,NA,NA,1.46768162020734,NA,2,0.5,1.2873916681874,"1.85133517213908",-0.0791771875919047,0.738153132044881
"520214",NA,NA,NA,NA,NA,NA,NA,NA,0,NA,NA,"NaN",-0.0791771875919047,0.738153132044881
"520215",NA,NA,NA,NA,NA,NA,NA,NA,0,NA,NA,"NaN",-0.0791771875919047,0.738153132044881
"521300",-0.50232648092005,NA,NA,NA,NA,0.44687233353456,0.888295515598744,NA,3,0.333333333333333,0.277613789404418,"0.483356313896437",-0.0791771875919047,0.738153132044881
"521302",-0.144675770456158,NA,NA,NA,NA,NA,0.489967568680334,NA,2,0.5,0.172645899112088,"0.341152906858737",-0.0791771875919047,0.738153132044881
"521303",NA,NA,NA,NA,NA,NA,NA,NA,0,NA,NA,"NaN",-0.0791771875919047,0.738153132044881
"521304",-0.323501125688104,NA,NA,NA,NA,NA,NA,NA,1,1,-0.323501125688104,"-0.330993566903058",-0.0791771875919047,0.738153132044881
"521305",NA,NA,NA,NA,NA,NA,NA,NA,0,NA,NA,"NaN",-0.0791771875919047,0.738153132044881
"521307",NA,NA,NA,NA,NA,NA,NA,NA,0,NA,NA,"NaN",-0.0791771875919047,0.738153132044881
"521308",0.212974940007734,NA,NA,NA,-0.723887941429468,-1.47775086499539,0.164062884837997,NA,4,0.25,-0.456150245394781,"-0.510697633644879",-0.0791771875919047,0.738153132044881
"521309",0.0341495847757862,NA,NA,NA,NA,NA,NA,NA,1,1,0.0341495847757862,"0.153527455819019",-0.0791771875919047,0.738153132044881
"521310",NA,NA,NA,NA,NA,NA,NA,NA,0,NA,NA,"NaN",-0.0791771875919047,0.738153132044881
"521311",0.0341495847757862,NA,NA,NA,NA,NA,NA,NA,1,1,0.0341495847757862,"0.153527455819019",-0.0791771875919047,0.738153132044881
"521312",0.0341495847757862,NA,NA,NA,NA,NA,NA,NA,1,1,0.0341495847757862,"0.153527455819019",-0.0791771875919047,0.738153132044881
"521313",-1.39645325707978,NA,NA,NA,NA,NA,-2.26211642821051,NA,2,0.5,-1.82928484264514,"-2.37092762880376",-0.0791771875919047,0.738153132044881
"521314",-0.144675770456158,NA,NA,NA,NA,0.355223609795039,0.634814094832484,NA,3,0.333333333333333,0.281787311390455,"0.48901031955577",-0.0791771875919047,0.738153132044881
"521315",0.212974940007734,NA,NA,NA,0.695055506770665,0.355223609795039,1.10556530482697,NA,4,0.25,0.592204840350102,"0.909543018644518",-0.0791771875919047,0.738153132044881
"521316",-0.50232648092005,NA,NA,NA,NA,NA,NA,NA,1,1,-0.50232648092005,"-0.573254078264098",-0.0791771875919047,0.738153132044881
"521317",NA,NA,NA,NA,NA,NA,NA,NA,0,NA,NA,"NaN",-0.0791771875919047,0.738153132044881
"521318",-0.144675770456158,NA,NA,NA,NA,NA,NA,NA,1,1,-0.144675770456158,"-0.0887330555420189",-0.0791771875919047,0.738153132044881
"521319",0.212974940007734,NA,NA,NA,NA,NA,NA,NA,1,1,0.212974940007734,"0.395787967180062",-0.0791771875919047,0.738153132044881
"521320",0.391800295239677,NA,NA,NA,0.30807092998881,-0.28631745638161,-0.487746482846675,NA,4,0.25,-0.0185481784999494,"0.0821360859419464",-0.0791771875919047,0.738153132044881
"521321",0.212974940007734,NA,NA,NA,NA,NA,NA,NA,1,1,0.212974940007734,"0.395787967180062",-0.0791771875919047,0.738153132044881
"521322",0.212974940007734,NA,NA,NA,NA,NA,0.0916396217619223,NA,2,0.5,0.152307280884828,"0.313599520787048",-0.0791771875919047,0.738153132044881
"521323",-0.144675770456158,NA,NA,NA,NA,NA,NA,NA,1,1,-0.144675770456158,"-0.0887330555420189",-0.0791771875919047,0.738153132044881
"521324",-0.50232648092005,NA,NA,NA,NA,-0.698736713209456,NA,NA,2,0.5,-0.600531597064753,"-0.706295735721608",-0.0791771875919047,0.738153132044881
"521325",-0.144675770456158,NA,NA,NA,-0.401400794111256,NA,0.200274516376035,NA,3,0.333333333333333,-0.115267349397127,"-0.0488925132719311",-0.0791771875919047,0.738153132044881
"521326",-0.323501125688104,NA,NA,NA,NA,NA,NA,NA,1,1,-0.323501125688104,"-0.330993566903058",-0.0791771875919047,0.738153132044881
"521327",0.0341495847757862,NA,NA,NA,NA,-0.103020008902567,-0.234265062080414,NA,3,0.333333333333333,-0.101045162069065,"-0.0296252546088647",-0.0791771875919047,0.738153132044881
"521328",-1.21762790184783,NA,NA,NA,NA,NA,NA,NA,1,1,-1.21762790184783,"-1.54229612370826",-0.0791771875919047,0.738153132044881
"521329",0.570625650471623,NA,NA,NA,NA,NA,NA,NA,1,1,0.570625650471623,"0.880308989902137",-0.0791771875919047,0.738153132044881
"521330",-0.859977191383941,NA,NA,NA,NA,-1.56939958873491,0.200274516376035,NA,3,0.333333333333333,-0.743034087914272,"-0.899348484078509",-0.0791771875919047,0.738153132044881
"521331",0.212974940007734,NA,NA,NA,NA,NA,NA,NA,1,1,0.212974940007734,"0.395787967180062",-0.0791771875919047,0.738153132044881
"521332",0.391800295239677,NA,NA,NA,NA,-0.148844370772328,-0.16184179900434,NA,3,0.333333333333333,0.0270380418210033,"0.143893217818725",-0.0791771875919047,0.738153132044881
"521333",-1.39645325707978,NA,NA,NA,NA,NA,NA,NA,1,1,-1.39645325707978,"-1.7845566350693",-0.0791771875919047,0.738153132044881
"521334",-0.681151836151995,NA,NA,NA,NA,0.355223609795039,-0.523958114384714,NA,3,0.333333333333333,-0.28329544691389,"-0.276525629250564",-0.0791771875919047,0.738153132044881
"521335",0.749451005703569,NA,NA,NA,NA,-0.194668732642089,0.598602463294446,NA,3,0.333333333333333,0.384461578785309,"0.628106481229458",-0.0791771875919047,0.738153132044881
"521336",-0.50232648092005,NA,NA,NA,NA,0.44687233353456,-0.125630167466301,NA,3,0.333333333333333,-0.0603614382839302,"0.0254903061318048",-0.0791771875919047,0.738153132044881
"521337",-0.323501125688104,NA,NA,NA,-1.30436480660225,-0.103020008902567,0.671025726370521,NA,4,0.25,-0.2649650537056,"-0.251692850776117",-0.0791771875919047,0.738153132044881
"521338",-2.11175467800756,NA,NA,NA,NA,-0.836209798818738,-0.306688325156488,NA,3,0.333333333333333,-1.0848842673276,"-1.36246401468163",-0.0791771875919047,0.738153132044881
"521339",-0.144675770456158,NA,NA,NA,NA,-0.882034160688499,-1.97242337590621,NA,3,0.333333333333333,-0.999711102350289,"-1.24707716433887",-0.0791771875919047,0.738153132044881
"521340",-0.144675770456158,NA,NA,NA,0.630558077307023,-0.28631745638161,-0.451534851308639,NA,4,0.25,-0.0629925002098462,"0.0219259211665506",-0.0791771875919047,0.738153132044881
"521341",-1.39645325707978,NA,NA,NA,-0.014416217329402,-0.744561075079217,0.236486147914072,0.0209151153034555,5,0.2,-0.379605857254174,"-0.40700046727432",-0.0791771875919047,0.738153132044881
"521342",-1.21762790184783,NA,NA,NA,NA,NA,NA,NA,1,1,-1.21762790184783,"-1.54229612370826",-0.0791771875919047,0.738153132044881
"521343",-0.681151836151995,NA,NA,NA,NA,-0.92785852255826,-0.0894185359282648,NA,3,0.333333333333333,-0.566142964879507,"-0.659708339838073",-0.0791771875919047,0.738153132044881
"521344",-0.50232648092005,NA,NA,NA,NA,NA,NA,NA,1,1,-0.50232648092005,"-0.573254078264098",-0.0791771875919047,0.738153132044881
"521345",-0.323501125688104,NA,NA,NA,NA,-0.515439265730414,-0.849862798227049,NA,3,0.333333333333333,-0.562934396548522,"-0.655361588206612",-0.0791771875919047,0.738153132044881
"521346",0.391800295239677,NA,NA,NA,NA,-0.561263627600174,0.888295515598744,NA,3,0.333333333333333,0.239610727746083,"0.431872333122614",-0.0791771875919047,0.738153132044881
"521347",0.212974940007734,NA,NA,NA,NA,NA,0.12785125329996,NA,2,0.5,0.170413096653847,"0.338128056917296",-0.0791771875919047,0.738153132044881
"521348",0.0341495847757862,NA,NA,NA,NA,NA,0.12785125329996,NA,2,0.5,0.0810004190378729,"0.216997801236775",-0.0791771875919047,0.738153132044881
"521349",0.212974940007734,NA,NA,NA,NA,0.0344530767067141,-0.306688325156488,NA,3,0.333333333333333,-0.0197534361473466,"0.0805032842981218",-0.0791771875919047,0.738153132044881
"521350",-0.323501125688104,NA,NA,NA,NA,-0.698736713209456,-1.71894195513995,NA,3,0.333333333333333,-0.913726598012502,"-1.13059116623765",-0.0791771875919047,0.738153132044881
"521351",0.0341495847757862,NA,NA,NA,0.501563218379738,-0.377966180121132,-0.0894185359282648,NA,4,0.25,0.0170820217765319,"0.130405474405796",-0.0791771875919047,0.738153132044881
"521352",-0.859977191383941,NA,NA,NA,NA,-0.607087989469935,-0.958497692841162,NA,3,0.333333333333333,-0.808520957898346,"-0.988065671801683",-0.0791771875919047,0.738153132044881
"521353",-0.681151836151995,NA,NA,NA,NA,NA,NA,NA,1,1,-0.681151836151995,"-0.815514589625137",-0.0791771875919047,0.738153132044881
"521354",-0.859977191383941,NA,NA,NA,NA,NA,NA,NA,1,1,-0.859977191383941,"-1.05777510098618",-0.0791771875919047,0.738153132044881
"521355",0.391800295239677,NA,NA,NA,NA,-1.29445341751635,-0.777439535150975,NA,3,0.333333333333333,-0.560030885809214,"-0.651428107993279",-0.0791771875919047,0.738153132044881
"521356",NA,NA,NA,NA,NA,NA,NA,NA,0,NA,NA,"NaN",-0.0791771875919047,0.738153132044881
"521357",-1.57527861231172,NA,NA,NA,-0.0789136467930435,0.0802774385764748,-0.7050162720749,NA,4,0.25,-0.569732773150798,"-0.664571569587361",-0.0791771875919047,0.738153132044881
"521358",-0.859977191383941,NA,NA,NA,-0.78838537089311,-0.515439265730414,-0.198053430542376,NA,4,0.25,-0.59046381463746,"-0.692656584182141",-0.0791771875919047,0.738153132044881
"521359",-1.03880254661589,NA,NA,NA,-0.143411076256686,-1.1111559700373,-0.125630167466301,-1.03558943064554,5,0.2,-0.690917838204344,"-0.828744909498324",-0.0791771875919047,0.738153132044881
"530002",-0.681151836151995,NA,0.292299335068155,NA,-0.78838537089311,-1.06533160816754,0.272697779452109,NA,5,0.2,-0.393974340138477,"-0.426465917274509",-0.0791771875919047,0.738153132044881
"530006",-0.681151836151995,NA,0.206408974898728,NA,0.953045224625234,-0.882034160688499,-0.270476693618452,-0.976894733648377,6,0.166666666666667,-0.275183870763894,"-0.26553661383106",-0.0791771875919047,0.738153132044881
"530008",-0.681151836151995,NA,NA,NA,0.114578641597884,-1.38610214125587,-0.523958114384714,-0.272558369682376,5,0.2,-0.549838363975413,"-0.637619967932199",-0.0791771875919047,0.738153132044881
"530012",-0.681151836151995,-0.682144869372003,-0.824275347134387,-1.48418446934144,0.0500812121342405,-2.21094065491156,-0.125630167466301,-0.155168975688045,8,0.125,-0.764176888491435,"-0.927991322074187",-0.0791771875919047,0.738153132044881
"530014",0.749451005703569,-0.484946260003696,0.893531856254137,-0.168239978966468,1.01754265408888,0.355223609795039,-0.234265062080414,0.666556782272289,8,0.125,0.349356825882917,"0.580548933373307",-0.0791771875919047,0.738153132044881
"530015",1.10710171616746,NA,NA,NA,1.14653751301616,0.171926162315996,2.44539567173435,NA,4,0.25,1.21774026580849,"1.75697615724747",-0.0791771875919047,0.738153132044881
"530025",-0.144675770456158,NA,NA,NA,-1.04637508874768,0.0344530767067141,-0.0894185359282648,NA,4,0.25,-0.311504079606347,"-0.314740779289028",-0.0791771875919047,0.738153132044881
"530034",0.212974940007734,NA,NA,NA,NA,NA,NA,NA,1,1,0.212974940007734,"0.395787967180062",-0.0791771875919047,0.738153132044881
"53004F",NA,NA,NA,NA,0.501563218379738,0.355223609795039,1.75737467251164,NA,3,0.333333333333333,0.871387166895473,"1.28776037548477",-0.0791771875919047,0.738153132044881
"53005F",NA,NA,NA,NA,NA,NA,NA,NA,0,NA,NA,"NaN",-0.0791771875919047,0.738153132044881
"531301",NA,NA,NA,NA,NA,NA,NA,NA,0,NA,NA,"NaN",-0.0791771875919047,0.738153132044881
"531302",-0.859977191383941,NA,NA,NA,0.0500812121342405,NA,-1.03092095591724,NA,3,0.333333333333333,-0.613605645055646,"-0.724007572769125",-0.0791771875919047,0.738153132044881
"531303",-0.50232648092005,NA,NA,NA,NA,NA,0.236486147914072,NA,2,0.5,-0.132920166502989,"-0.0728073574140393",-0.0791771875919047,0.738153132044881
"531304",0.212974940007734,NA,NA,NA,NA,-2.07346756930228,-0.741227903612937,NA,3,0.333333333333333,-0.867240177635826,"-1.06761450413518",-0.0791771875919047,0.738153132044881
"531305",0.0341495847757862,NA,NA,NA,NA,0.171926162315996,0.0192163586858474,NA,3,0.333333333333333,0.0750973685925432,"0.209000747252899",-0.0791771875919047,0.738153132044881
"531306",-0.144675770456158,NA,NA,NA,NA,0.630169781013603,-0.777439535150975,NA,3,0.333333333333333,-0.0973151748645099,"-0.0245721199100764",-0.0791771875919047,0.738153132044881
"531307",-0.859977191383941,NA,NA,NA,NA,-1.15698033190706,-2.1534815335964,NA,3,0.333333333333333,-1.3901463522958,"-1.77601246650835",-0.0791771875919047,0.738153132044881
"531308",-2.2905800332395,NA,NA,NA,NA,NA,-3.31225374281359,NA,2,0.5,-2.80141688802655,"-3.68790645498355",-0.0791771875919047,0.738153132044881
"531309",-1.21762790184783,NA,NA,NA,NA,0.0344530767067141,-0.523958114384714,NA,3,0.333333333333333,-0.569044313175277,"-0.663638890518977",-0.0791771875919047,0.738153132044881
"531310",-0.323501125688104,NA,NA,NA,NA,-0.332141818251371,-0.125630167466301,NA,3,0.333333333333333,-0.260424370468592,"-0.245541439856232",-0.0791771875919047,0.738153132044881
"531311",-2.6482307437034,NA,NA,NA,NA,NA,NA,NA,1,1,-2.6482307437034,"-3.48038021459657",-0.0791771875919047,0.738153132044881
"531312",0.0341495847757862,NA,NA,NA,-0.594893082502183,-2.30258937865108,-0.777439535150975,-1.38775761262854,5,0.2,-1.0057060048314,"-1.25519865325608",-0.0791771875919047,0.738153132044881
"531313",0.212974940007734,NA,NA,NA,NA,NA,0.924507147136782,NA,2,0.5,0.568741043572258,"0.877755851782755",-0.0791771875919047,0.738153132044881
"531314",0.212974940007734,NA,NA,NA,NA,NA,NA,NA,1,1,0.212974940007734,"0.395787967180062",-0.0791771875919047,0.738153132044881
"531315",NA,NA,NA,NA,NA,NA,NA,NA,0,NA,NA,"NaN",-0.0791771875919047,0.738153132044881
"531316",-0.323501125688104,NA,NA,NA,NA,NA,-1.32061400822154,NA,2,0.5,-0.82205756695482,"-1.00640415533419",-0.0791771875919047,0.738153132044881
"531318",NA,NA,NA,NA,NA,NA,NA,NA,0,NA,NA,"NaN",-0.0791771875919047,0.738153132044881
"650001",-1.21762790184783,NA,-0.738384986964961,NA,1.01754265408888,0.263574886055518,-0.379111588232563,-1.15297882463988,6,0.166666666666667,-0.367830960256806,"-0.391048632233333",-0.0791771875919047,0.738153132044881
"660001",-3.00588145416729,NA,-0.652494626795534,NA,NA,-2.21094065491156,-4.2899677943406,-3.50076670452654,5,0.2,-2.7320102469483,"-3.59387902616812",-0.0791771875919047,0.738153132044881
"670005",0.212974940007734,NA,NA,NA,NA,NA,NA,NA,1,1,0.212974940007734,"0.395787967180062",-0.0791771875919047,0.738153132044881
"670006",-0.144675770456158,NA,NA,NA,NA,NA,NA,NA,1,1,-0.144675770456158,"-0.0887330555420189",-0.0791771875919047,0.738153132044881
"670008",-0.50232648092005,NA,NA,NA,NA,NA,NA,NA,1,1,-0.50232648092005,"-0.573254078264098",-0.0791771875919047,0.738153132044881
"670023",0.749451005703569,0.142896139626251,-1.42550786832037,-1.72344710395506,-1.17536994767496,-0.469614903860653,0.236486147914072,0.373083297286456,8,0.125,-0.411502904160088,"-0.450212431731547",-0.0791771875919047,0.738153132044881
"670025",2.89535526848691,-0.796062665593519,2.52544869947324,1.1477045114085,NA,0.675994142883363,0.815872252522671,NA,6,0.166666666666667,1.21071870153019,"1.74746381627989",-0.0791771875919047,0.738153132044881
"670031",-0.681151836151995,NA,NA,NA,0.630558077307023,0.126101800446235,0.743448989446595,NA,4,0.25,0.204739257761964,"0.384630821205547",-0.0791771875919047,0.738153132044881
"670034",1.46475242663135,0.685300192090061,0.37818969523758,-1.00565920011418,-0.0789136467930435,1.59248138027858,0.888295515598744,0.0796098123006222,8,0.125,0.500507021903714,"0.785317008531468",-0.0791771875919047,0.738153132044881
"670041",0.212974940007734,1.61735488844792,-1.08194642764267,0.429916607567607,0.695055506770665,-0.377966180121132,0.0554279902238849,0.607862085275123,8,0.125,0.269834926316142,"0.472818035657711",-0.0791771875919047,0.738153132044881
"670043",-0.859977191383941,0.656389236230813,0.893531856254137,NA,0.243573500525168,0.171926162315996,-0.306688325156488,0.373083297286456,7,0.142857142857143,0.167405505153163,"0.334053575119255",-0.0791771875919047,0.738153132044881
"670044",0.570625650471623,NA,NA,NA,0.759552936234307,0.126101800446235,-0.741227903612937,NA,4,0.25,0.178763120884807,"0.349440105689383",-0.0791771875919047,0.738153132044881
"670047",-0.144675770456158,-0.205329851096338,-1.25372714798152,NA,-1.11087251821132,-0.836209798818738,-0.342899956694526,-0.683421248662545,7,0.142857142857143,-0.653876613131592,"-0.778563959957221",-0.0791771875919047,0.738153132044881
"670049",0.749451005703569,NA,NA,NA,NA,NA,NA,NA,1,1,0.749451005703569,"1.12256950126318",-0.0791771875919047,0.738153132044881
"670053",0.391800295239677,NA,NA,NA,NA,0.996764675971688,1.03314204175089,NA,3,0.333333333333333,0.80723567098742,"1.20085226235338",-0.0791771875919047,0.738153132044881
"670054",-0.144675770456158,NA,NA,NA,NA,NA,NA,NA,1,1,-0.144675770456158,"-0.0887330555420189",-0.0791771875919047,0.738153132044881
"670055",1.2859270713994,1.63245762658335,0.721751135915285,-0.646765248193729,-1.43335966552953,0.584345419143842,0.671025726370521,1.31219844924112,8,0.125,0.515947564366283,"0.806234812429141",-0.0791771875919047,0.738153132044881
"670056",-0.144675770456158,1.28380012905689,-0.0512621056095504,0.0710226556471613,-2.01383653070232,0.263574886055518,-0.306688325156488,1.37089314623829,8,0.125,0.0591035106341683,"0.187333348898756",-0.0791771875919047,0.738153132044881
"670059",0.0341495847757862,NA,NA,NA,NA,NA,NA,NA,1,1,0.0341495847757862,"0.153527455819019",-0.0791771875919047,0.738153132044881
"670060",-0.681151836151995,NA,-0.996056067473239,NA,0.114578641597884,-0.194668732642089,0.345121042528184,1.01872496425529,6,0.166666666666667,-0.0655753313143278,"0.0184268760601152",-0.0791771875919047,0.738153132044881
"670062",1.10710171616746,NA,NA,NA,NA,NA,1.03314204175089,NA,2,0.5,1.07012187895918,"1.5569927385761",-0.0791771875919047,0.738153132044881
"670067",0.928276360935514,NA,NA,NA,NA,NA,NA,NA,1,1,0.928276360935514,"1.36483001262422",-0.0791771875919047,0.738153132044881
"670068",0.928276360935514,0.590800202042667,-0.0512621056095504,NA,0.114578641597884,0.630169781013603,-0.0894185359282648,NA,6,0.166666666666667,0.353857390675309,"0.586645994534485",-0.0791771875919047,0.738153132044881
"670069",-0.323501125688104,NA,NA,NA,NA,NA,NA,NA,1,1,-0.323501125688104,"-0.330993566903058",-0.0791771875919047,0.738153132044881
"670071",0.749451005703569,NA,-0.824275347134387,-0.0486086616596539,NA,0.767642866622885,NA,NA,4,0.25,0.161052465883103,"0.32544690667302",-0.0791771875919047,0.738153132044881
"670073",-0.144675770456158,NA,NA,NA,NA,NA,NA,NA,1,1,-0.144675770456158,"-0.0887330555420189",-0.0791771875919047,0.738153132044881
"670075",0.391800295239677,NA,-0.394823546287255,NA,-0.336903364647613,-0.0571956470328073,0.236486147914072,0.0796098123006222,6,0.166666666666667,-0.0135043837522174,"0.0889690783506616",-0.0791771875919047,0.738153132044881
"670076",0.212974940007734,NA,NA,NA,NA,NA,NA,NA,1,1,0.212974940007734,"0.395787967180062",-0.0791771875919047,0.738153132044881
"670077",0.928276360935514,1.19620424787141,-0.223042825948403,0.0710226556471613,0.0500812121342405,0.538521057274082,1.10556530482697,1.31219844924112,8,0.125,0.622353307747762,"0.950386125702997",-0.0791771875919047,0.738153132044881
"670078",1.10710171616746,NA,NA,NA,0.243573500525168,NA,1.57631651482146,NA,3,0.333333333333333,0.975663910504694,"1.42902746368414",-0.0791771875919047,0.738153132044881
"670080",0.212974940007734,NA,-0.480713906456682,NA,1.14653751301616,0.309399247925278,0.164062884837997,0.960030267258122,6,0.166666666666667,0.385381824431435,"0.629353167866928",-0.0791771875919047,0.738153132044881
"670082",1.46475242663135,0.753909773905293,0.37818969523758,NA,1.2110349424798,1.50083265653905,1.79358630404968,1.42958784323546,7,0.142857142857143,1.21884194886832,"1.75846864303666",-0.0791771875919047,0.738153132044881
"670085",0.570625650471623,NA,-0.0512621056095504,NA,-1.11087251821132,-1.3402777793861,-0.306688325156488,-0.56603185466821,6,0.166666666666667,-0.467417822093342,"-0.52596218541525",-0.0791771875919047,0.738153132044881
"670088",1.10710171616746,0.500183773230098,-0.308933186117829,-0.168239978966468,-0.014416217329402,0.538521057274082,0.526179200218371,1.25350375224396,8,0.125,0.429237514590033,"0.688765894379523",-0.0791771875919047,0.738153132044881
"670090",0.0341495847757862,NA,NA,NA,NA,NA,NA,NA,1,1,0.0341495847757862,"0.153527455819019",-0.0791771875919047,0.738153132044881
"670093",NA,NA,NA,NA,NA,NA,NA,NA,0,NA,NA,"NaN",-0.0791771875919047,0.738153132044881
"670098",0.749451005703569,NA,0.0346282545598759,NA,-0.272405935183971,0.0344530767067141,-0.234265062080414,0.842640873263789,6,0.166666666666667,0.192417035494927,"0.367937506861813",-0.0791771875919047,0.738153132044881
"670102",0.212974940007734,NA,NA,NA,NA,NA,NA,NA,1,1,0.212974940007734,"0.395787967180062",-0.0791771875919047,0.738153132044881
"670103",0.570625650471623,0.238259143281384,-0.137152465778977,NA,1.08204008355252,0.675994142883363,0.0916396217619223,-0.331253066679545,7,0.142857142857143,0.312879015641756,"0.531131260186569",-0.0791771875919047,0.738153132044881
"670106",0.391800295239677,NA,0.206408974898728,NA,NA,0.263574886055518,0.996930410212857,NA,4,0.25,0.464678641601695,"0.736779139156362",-0.0791771875919047,0.738153132044881
"670107",NA,NA,NA,NA,NA,NA,NA,NA,0,NA,NA,"NaN",-0.0791771875919047,0.738153132044881
"670108",0.749451005703569,NA,NA,NA,-0.143411076256686,-0.103020008902567,-0.0894185359282648,-0.213863672685211,5,0.2,0.0399475423861679,"0.161382137129277",-0.0791771875919047,0.738153132044881
"670109",NA,NA,NA,NA,NA,NA,NA,NA,0,NA,NA,"NaN",-0.0791771875919047,0.738153132044881
"670112",0.212974940007734,NA,NA,NA,NA,NA,NA,NA,1,1,0.212974940007734,"0.395787967180062",-0.0791771875919047,0.738153132044881
"670115",NA,NA,NA,NA,NA,NA,NA,NA,0,NA,NA,"NaN",-0.0791771875919047,0.738153132044881
"670120",-0.859977191383941,NA,-1.16783678781209,NA,NA,0.996764675971688,-0.813651166689013,1.19480905524679,5,0.2,-0.129978282933314,"-0.0688218922822648",-0.0791771875919047,0.738153132044881
"670122",1.6435777818633,1.25532068000151,1.4088740172707,-0.0486086616596539,-0.014416217329402,1.9132519133669,1.93843283020183,0.490472691280789,8,0.125,1.0733631293745,"1.56138376568769",-0.0791771875919047,0.738153132044881
"670124",0.928276360935514,NA,NA,NA,NA,NA,-0.849862798227049,NA,2,0.5,0.0392067813542325,"0.160378604122673",-0.0791771875919047,0.738153132044881
"670128",0.570625650471623,NA,NA,NA,NA,-0.148844370772328,1.25041183097912,NA,3,0.333333333333333,0.557397703559471,"0.86238866099219",-0.0791771875919047,0.738153132044881
"670131",-0.681151836151995,NA,NA,NA,NA,NA,NA,NA,1,1,-0.681151836151995,"-0.815514589625137",-0.0791771875919047,0.738153132044881
"670132",0.0341495847757862,NA,NA,NA,NA,NA,NA,NA,1,1,0.0341495847757862,"0.153527455819019",-0.0791771875919047,0.738153132044881
"670134",0.391800295239677,NA,NA,NA,0.372568359452453,NA,NA,NA,2,0.5,0.382184327346065,"0.625021414811146",-0.0791771875919047,0.738153132044881
"670135",NA,NA,NA,NA,NA,NA,NA,NA,0,NA,NA,"NaN",-0.0791771875919047,0.738153132044881
"670136",0.0341495847757862,NA,NA,NA,NA,NA,-0.016995272852189,NA,2,0.5,0.0085771559617986,"0.118883656715783",-0.0791771875919047,0.738153132044881
"670260",0.928276360935514,NA,-0.0512621056095504,NA,-0.659390511965826,-0.790385436948978,0.852083884060707,0.373083297286456,6,0.166666666666667,0.108734247959721,"0.254569719200487",-0.0791771875919047,0.738153132044881
"670265",-0.323501125688104,NA,NA,NA,NA,NA,NA,NA,1,1,-0.323501125688104,"-0.330993566903058",-0.0791771875919047,0.738153132044881
"670266",NA,NA,NA,NA,NA,NA,NA,NA,0,NA,NA,"NaN",-0.0791771875919047,0.738153132044881
"670267",0.212974940007734,NA,NA,NA,NA,NA,NA,NA,1,1,0.212974940007734,"0.395787967180062",-0.0791771875919047,0.738153132044881
"670285",NA,NA,NA,NA,NA,NA,NA,NA,0,NA,NA,"NaN",-0.0791771875919047,0.738153132044881
"670300",0.0341495847757862,NA,NA,NA,0.243573500525168,0.171926162315996,0.345121042528184,NA,4,0.25,0.198692572536284,"0.376439180523986",-0.0791771875919047,0.738153132044881
"670309",0.749451005703569,NA,NA,NA,NA,1.08841339971121,-0.234265062080414,NA,3,0.333333333333333,0.534533114444788,"0.831413260195146",-0.0791771875919047,0.738153132044881
"670314",NA,NA,NA,NA,NA,NA,NA,NA,0,NA,NA,"NaN",-0.0791771875919047,0.738153132044881
"670320",NA,NA,NA,NA,NA,NA,NA,NA,0,NA,NA,"NaN",-0.0791771875919047,0.738153132044881
"670321",NA,NA,NA,NA,NA,NA,NA,NA,0,NA,NA,"NaN",-0.0791771875919047,0.738153132044881
"670322",NA,NA,NA,NA,NA,NA,NA,NA,0,NA,NA,"NaN",-0.0791771875919047,0.738153132044881
"670326",NA,NA,NA,NA,NA,NA,NA,NA,0,NA,NA,"NaN",-0.0791771875919047,0.738153132044881
"670333",NA,NA,NA,NA,NA,NA,NA,NA,0,NA,NA,"NaN",-0.0791771875919047,0.738153132044881
"670335",NA,NA,NA,NA,NA,NA,NA,NA,0,NA,NA,"NaN",-0.0791771875919047,0.738153132044881
"671300",0.391800295239677,NA,NA,NA,NA,NA,-0.741227903612937,NA,2,0.5,-0.17471380418663,"-0.129426554528142",-0.0791771875919047,0.738153132044881
"671301",NA,NA,NA,NA,NA,NA,NA,NA,0,NA,NA,"NaN",-0.0791771875919047,0.738153132044881
