"PROVIDER_ID","std_HAI_1","std_HAI_2","std_HAI_3","std_HAI_4","std_HAI_5","std_HAI_6","std_PSI_90_SAFETY","std_COMP_HIP_KNEE","total_cnt","measure_wt","score_before_std","grp_score","mean","sd"
"010001",0.133423402378545,0.793739877571733,0.544170989008319,NA,0.84381010892568,0.0527258582496612,0.242552518792751,0.570513529020354,7,0.142857142857143,0.454419469135292,"0.574389929273086",-0.0243323532687902,0.83349619832291
"010005",-0.145997099579461,-0.845448179722186,0.574236818326791,NA,-1.49608372780821,-0.29177802120533,0.139697301553347,0.844962917200563,7,0.142857142857143,-0.17434428446207,"-0.179979142670502",-0.0243323532687902,0.83349619832291
"010006",0.881367170245933,0.947469619040956,1.19846070322458,1.12011645862327,1.14814598108083,0.760355448481536,-0.734572044981585,-1.48785688233121,8,0.125,0.479185806673039,"0.604103727113532",-0.0243323532687902,0.83349619832291
"010007",NA,NA,NA,NA,NA,-0.629298713914613,-0.32315117602397,NA,2,0.5,-0.476224944969292,"-0.542165150374724",-0.0243323532687902,0.83349619832291
"010008",NA,NA,NA,NA,NA,NA,NA,NA,0,NA,NA,"NaN",-0.0243323532687902,0.83349619832291
"010011",-2.54365080072416,0.334338208297428,1.19846070322458,NA,-1.23498683202483,0.180750948587665,-0.168868350164865,-0.527284023700479,7,0.142857142857143,-0.394462878072095,"-0.444069841647808",-0.0243323532687902,0.83349619832291
"010012",NA,-2.54898822181718,NA,NA,NA,0.206355966655266,-0.117440741545163,-2.31120504687183,4,0.25,-1.19281951089473,"-1.40191060256431",-0.0243323532687902,0.83349619832291
"010016",-1.46407158861369,-1.06174235085912,1.19846070322458,NA,0.43636590849938,0.299465123264723,-2.32882791219234,-1.62508157642131,7,0.142857142857143,-0.649347384728253,"-0.749871484377572",-0.0243323532687902,0.83349619832291
"010018",NA,NA,NA,NA,NA,NA,0.0368420843139429,NA,1,1,0.0368420843139429,"0.0733949809319144",-0.0243323532687902,0.83349619832291
"010019",0.881367170245933,0.947469619040956,-0.150206497632572,NA,1.14814598108083,-1.25080233428274,0.345407736032154,-1.213407494151,7,0.142857142857143,0.101139168619081,"0.150536405733265",-0.0243323532687902,0.83349619832291
"010021",NA,NA,NA,NA,NA,-0.198668864595873,-0.837427262220988,NA,2,0.5,-0.518048063408431,"-0.59234308582697",-0.0243323532687902,0.83349619832291
"010022",NA,NA,NA,NA,NA,0.941918303869977,NA,NA,1,1,0.941918303869977,"1.15927422234555",-0.0243323532687902,0.83349619832291
"010023",-0.594763360299894,-0.101825244243156,-0.373552658284075,NA,-1.4461926012254,-0.000811906800776736,-5.05449116903654,-0.938958105970791,7,0.142857142857143,-1.21579929226581,"-1.42948095191602",-0.0243323532687902,0.83349619832291
"010024",-1.87614626826893,-0.293093643513003,0.425339377892455,NA,-3.6513803961857,-1.02268490058957,0.242552518792751,NA,6,0.166666666666667,-1.02923555197867,"-1.20564820899226",-0.0243323532687902,0.83349619832291
"010029",-0.0401560003529437,-0.101825244243156,-1.4272883905886,-0.33279347839243,0.0871280224196941,-0.510584539237555,0.0368420843139429,0.158839446750041,8,0.125,-0.266229762416376,"-0.290220170930967",-0.0243323532687902,0.83349619832291
"010033",0.0558065962790987,-0.0106599324416408,0.496924685793578,0.219189861442887,-0.431739694041553,-0.0147782802921952,-0.837427262220988,-1.48785688233121,8,0.125,-0.251317613476503,"-0.272329088800204",-0.0243323532687902,0.83349619832291
"010034",NA,NA,NA,NA,NA,NA,NA,NA,0,NA,NA,"NaN",-0.0243323532687902,0.83349619832291
"010035",-0.281473706589403,0.159157805227849,1.19846070322458,NA,-1.26658454552728,-0.0776269610035788,-0.477434001883076,-0.390059329610375,7,0.142857142857143,-0.162222862308754,"-0.165436278314665",-0.0243323532687902,0.83349619832291
"010036",NA,NA,NA,NA,NA,0.941918303869977,0.345407736032154,0.296064140840146,3,0.333333333333333,0.527796726914092,"0.662425433125945",-0.0243323532687902,0.83349619832291
"010039",-0.377436303221445,-0.414647392581691,-0.175977208476976,0.790558937797375,-1.01213979995494,-0.473340876593772,-3.768800953544,1.25663699947087,8,0.125,-0.521893324638071,"-0.596956497666613",-0.0243323532687902,0.83349619832291
"010040",-1.38504356785789,0.681123904169861,1.19846070322458,1.12011645862327,-2.09644028435472,0.702162225600625,-2.99738682424847,-0.801733411880687,8,0.125,-0.447342599590429,"-0.507513108245465",-0.0243323532687902,0.83349619832291
"010044",NA,NA,NA,NA,NA,NA,NA,NA,0,NA,NA,"NaN",-0.0243323532687902,0.83349619832291
"010045",NA,NA,NA,NA,NA,-1.23450823187608,NA,NA,1,1,-1.23450823187608,"-1.45192729258071",-0.0243323532687902,0.83349619832291
"010046",0.881367170245933,0.947469619040956,NA,NA,0.206866726218444,0.737078159329171,0.756828604989769,0.570513529020354,6,0.166666666666667,0.683353968140771,"0.849057647573567",-0.0243323532687902,0.83349619832291
"010049",NA,NA,NA,NA,NA,0.941918303869977,0.653973387750365,0.844962917200563,3,0.333333333333333,0.813618202940302,"1.00534418500666",-0.0243323532687902,0.83349619832291
"010051",NA,NA,NA,NA,NA,NA,NA,NA,0,NA,NA,"NaN",-0.0243323532687902,0.83349619832291
"010052",NA,NA,NA,NA,NA,NA,NA,NA,0,NA,NA,"NaN",-0.0243323532687902,0.83349619832291
"010055",0.881367170245933,0.79195232243837,1.19846070322458,1.12011645862327,1.14814598108083,0.632330358143532,2.04251882048232,-0.664508717790581,8,0.125,0.893797887056031,"1.10154100543254",-0.0243323532687902,0.83349619832291
"010056",-2.31080038242583,0.947469619040956,0.356617482307377,NA,0.526169936348442,-0.140475641714962,1.32253229980649,-1.48785688233121,7,0.142857142857143,-0.112334795566962,"-0.105582295966367",-0.0243323532687902,0.83349619832291
"010058",NA,NA,NA,NA,NA,NA,NA,NA,0,NA,NA,"NaN",-0.0243323532687902,0.83349619832291
"010059",NA,NA,NA,NA,NA,NA,NA,NA,0,NA,NA,"NaN",-0.0243323532687902,0.83349619832291
"010061",NA,NA,NA,NA,NA,0.941918303869977,-0.014585524305759,NA,2,0.5,0.463666389782109,"0.585484065833544",-0.0243323532687902,0.83349619832291
"010062",NA,NA,NA,NA,NA,0.941918303869977,0.0882696929336448,NA,2,0.5,0.515093998401811,"0.647185137443925",-0.0243323532687902,0.83349619832291
"010065",NA,-0.480786932516124,NA,NA,NA,0.941918303869977,0.0368420843139429,0.43328883493025,4,0.25,0.232815572649512,"0.308517215118333",-0.0243323532687902,0.83349619832291
"010073",NA,NA,NA,NA,NA,NA,-0.991710088080094,NA,1,1,-0.991710088080094,"-1.1606264512757",-0.0243323532687902,0.83349619832291
"010078",0.881367170245933,-0.0088723773082777,1.19846070322458,NA,0.195225463349121,-1.7978186293633,0.448262953271558,-0.801733411880687,7,0.142857142857143,0.016413124505561,"0.0488850193394233",-0.0243323532687902,0.83349619832291
"010079",NA,-0.772158419254301,-0.087211426679584,NA,1.14814598108083,0.378607906382761,0.653973387750365,0.707738223110458,6,0.166666666666667,0.338182608731756,"0.434932951979826",-0.0243323532687902,0.83349619832291
"010083",0.881367170245933,0.132344478227403,1.19846070322458,NA,1.14814598108083,0.741733617159644,0.911111430848875,-1.62508157642131,7,0.142857142857143,0.484011686337994,"0.609893651140379",-0.0243323532687902,0.83349619832291
"010085",0.881367170245933,0.691849234970039,1.19846070322458,NA,0.39645300723313,0.820876400277683,-0.991710088080094,-3.13455321141246,7,0.142857142857143,-0.019608111934455,"0.00566798186223392",-0.0243323532687902,0.83349619832291
"010086",NA,NA,NA,NA,NA,NA,0.191124910173049,NA,1,1,0.191124910173049,"0.258498195763056",-0.0243323532687902,0.83349619832291
"010087",-0.47057647054078,0.32361287749725,-0.515291567928298,NA,-2.49723233456998,-0.221946153748237,-1.71169660875592,NA,6,0.166666666666667,-0.848855043007661,"-0.989233893805281",-0.0243323532687902,0.83349619832291
"010089",-0.253249413462332,-0.298456308913092,1.19846070322458,NA,1.14814598108083,0.7836327376339,0.396835344651856,NA,6,0.166666666666667,0.495894840702625,"0.624150650018767",-0.0243323532687902,0.83349619832291
"010090",-0.531258700763983,0.266411113229632,0.25926146356185,NA,0.108747510605579,0.71845632800728,-0.477434001883076,0.707738223110458,7,0.142857142857143,0.15027456226682,"0.209487356855304",-0.0243323532687902,0.83349619832291
"010091",NA,NA,NA,NA,NA,NA,NA,NA,0,NA,NA,"NaN",-0.0243323532687902,0.83349619832291
"010092",-0.824791349285524,0.497005725433466,0.00441776743385327,-0.46747333210456,-0.596380411764833,-0.731718786185015,0.293980127412452,NA,7,0.142857142857143,-0.260708608437166,"-0.283596080754768",-0.0243323532687902,0.83349619832291
"010095",NA,NA,NA,NA,NA,NA,NA,NA,0,NA,NA,"NaN",-0.0243323532687902,0.83349619832291
"010097",NA,NA,NA,NA,NA,NA,NA,NA,0,NA,NA,"NaN",-0.0243323532687902,0.83349619832291
"010099",NA,NA,NA,NA,NA,-0.638609629575558,-0.220295958784567,NA,2,0.5,-0.429452794180062,"-0.486049536550282",-0.0243323532687902,0.83349619832291
"010100",-0.081081225387197,-1.82145328253841,-1.28984459941845,NA,0.542800311876046,-0.589727322355593,-0.528861610502778,-0.527284023700479,7,0.142857142857143,-0.613635964575266,"-0.707026153799169",-0.0243323532687902,0.83349619832291
"010101",NA,NA,NA,NA,NA,-5.52451262265682,0.191124910173049,NA,2,0.5,-2.66669385624189,"-3.17021422328",-0.0243323532687902,0.83349619832291
"010102",NA,NA,NA,NA,NA,NA,NA,NA,0,NA,NA,"NaN",-0.0243323532687902,0.83349619832291
"010103",0.640049464009473,0.185971132228295,0.0659811322288188,NA,-0.326968328217647,0.394902008789416,-1.1974205225589,0.43328883493025,7,0.142857142857143,0.0279719602013863,"0.0627529118614084",-0.0243323532687902,0.83349619832291
"010104",0.69790926491997,0.418353299565492,0.199129804924907,0.603843686060105,0.797245057448388,0.217994611231448,0.705400996370067,-0.801733411880687,8,0.125,0.354767913579961,"0.454831428879394",-0.0243323532687902,0.83349619832291
"010108",NA,-2.88326103175607,NA,NA,NA,0.0434149425887155,0.293980127412452,NA,3,0.333333333333333,-0.848621987251633,"-0.988954281544905",-0.0243323532687902,0.83349619832291
"010110",NA,NA,NA,NA,NA,NA,NA,NA,0,NA,NA,"NaN",-0.0243323532687902,0.83349619832291
"010112",NA,NA,NA,NA,NA,-0.10323197907118,-2.32882791219234,NA,2,0.5,-1.21602994563176,"-1.42975768187162",-0.0243323532687902,0.83349619832291
"010113",0.292890658546497,-0.529050921116926,-1.962746493689,-1.82549519036853,0.348224918203078,-0.62464325608414,-0.88885487084069,-0.527284023700479,8,0.125,-0.714619897381274,"-0.828183194478177",-0.0243323532687902,0.83349619832291
"010114",0.483404637154228,-0.218016327911755,-1.12806180356191,NA,-0.596380411764833,-0.138147912799726,-0.837427262220988,NA,6,0.166666666666667,-0.405771513517497,"-0.45763755253618",-0.0243323532687902,0.83349619832291
"010118",NA,0.947469619040956,NA,NA,NA,0.590431237669276,0.242552518792751,NA,3,0.333333333333333,0.593484458500994,"0.741235308586773",-0.0243323532687902,0.83349619832291
"010120",NA,NA,NA,NA,NA,-0.477996334424245,0.0368420843139429,NA,2,0.5,-0.220577125055151,"-0.235447710716891",-0.0243323532687902,0.83349619832291
"010125",NA,NA,NA,NA,NA,NA,NA,NA,0,NA,NA,"NaN",-0.0243323532687902,0.83349619832291
"010126",NA,NA,NA,NA,NA,0.941918303869977,0.0882696929336448,NA,2,0.5,0.515093998401811,"0.647185137443925",-0.0243323532687902,0.83349619832291
"010128",NA,NA,NA,NA,NA,NA,NA,NA,0,NA,NA,"NaN",-0.0243323532687902,0.83349619832291
"010129",NA,NA,NA,NA,NA,-0.156769744121617,0.0368420843139429,NA,2,0.5,-0.0599638299038372,"-0.0427494171020116",-0.0243323532687902,0.83349619832291
"010130",NA,NA,NA,NA,NA,NA,0.242552518792751,NA,1,1,0.242552518792751,"0.320199267373437",-0.0243323532687902,0.83349619832291
"010131",0.0261710884956738,0.947469619040956,-0.0600090096771573,0.776274710888513,0.452996284026984,0.276187834112358,0.293980127412452,-0.664508717790581,8,0.125,0.25607024206365,"0.336417365666025",-0.0243323532687902,0.83349619832291
"010138",NA,NA,NA,NA,NA,NA,NA,NA,0,NA,NA,"NaN",-0.0243323532687902,0.83349619832291
"010139",0.637227034696766,0.110893816627047,0.561351462904589,0.988497510677322,0.487920072634952,-0.301088936866276,0.242552518792751,NA,7,0.142857142857143,0.389621925638164,"0.496648070788899",-0.0243323532687902,0.83349619832291
"010144",0.340871956862518,0.325400432630613,0.76035861886971,1.12011645862327,0.39645300723313,0.450767502755091,0.139697301553347,-0.25283463552027,8,0.125,0.410103830375926,"0.521221553882131",-0.0243323532687902,0.83349619832291
"010148",NA,NA,NA,NA,NA,NA,NA,NA,0,NA,NA,"NaN",-0.0243323532687902,0.83349619832291
"010149",-1.51628653089877,-1.39780271593137,1.19846070322458,0.637513649488137,-0.363555154378376,0.290154207603777,-0.940282479460392,NA,7,0.142857142857143,-0.298828331478916,"-0.329330810101406",-0.0243323532687902,0.83349619832291
"01014F",0.242086930917769,-1.05637968545903,NA,NA,NA,NA,1.16824947394738,-0.25283463552027,4,0.25,0.025280520971464,"0.0595238158735229",-0.0243323532687902,0.83349619832291
"010150",NA,NA,NA,NA,NA,0.941918303869977,0.139697301553347,NA,2,0.5,0.540807802711662,"0.678035673249115",-0.0243323532687902,0.83349619832291
"010157",NA,NA,NA,NA,NA,0.0690199606563162,0.139697301553347,NA,2,0.5,0.104358631104831,"0.154399005817378",-0.0243323532687902,0.83349619832291
"010158",NA,NA,NA,NA,NA,0.941918303869977,0.0368420843139429,-0.390059329610375,3,0.333333333333333,0.196233686191182,"0.264627529080248",-0.0243323532687902,0.83349619832291
"010164",NA,0.947469619040956,NA,NA,NA,0.222650069061921,0.293980127412452,NA,3,0.333333333333333,0.488033271838443,"0.614718610760519",-0.0243323532687902,0.83349619832291
"010168",NA,NA,NA,NA,NA,0.941918303869977,0.242552518792751,-0.115609941430166,3,0.333333333333333,0.356286960410854,"0.45665392889073",-0.0243323532687902,0.83349619832291
"010169",NA,NA,NA,NA,NA,0.941918303869977,0.0368420843139429,NA,2,0.5,0.48938019409196,"0.616334601638735",-0.0243323532687902,0.83349619832291
"010173",NA,NA,NA,NA,NA,NA,-1.0431376966998,NA,1,1,-1.0431376966998,"-1.22232752288608",-0.0243323532687902,0.83349619832291
"01019F",NA,NA,NA,NA,NA,NA,NA,NA,0,NA,NA,"NaN",-0.0243323532687902,0.83349619832291
"01021F",NA,NA,NA,NA,NA,NA,NA,NA,0,NA,NA,"NaN",-0.0243323532687902,0.83349619832291
"011300",NA,NA,NA,NA,NA,NA,NA,NA,0,NA,NA,"NaN",-0.0243323532687902,0.83349619832291
"011302",NA,NA,NA,NA,NA,NA,NA,NA,0,NA,NA,"NaN",-0.0243323532687902,0.83349619832291
"011304",NA,NA,NA,NA,NA,NA,NA,NA,0,NA,NA,"NaN",-0.0243323532687902,0.83349619832291
"011305",NA,NA,NA,NA,NA,NA,NA,NA,0,NA,NA,"NaN",-0.0243323532687902,0.83349619832291
"011306",NA,NA,NA,NA,NA,NA,NA,NA,0,NA,NA,"NaN",-0.0243323532687902,0.83349619832291
"011307",NA,NA,NA,NA,NA,NA,NA,NA,0,NA,NA,"NaN",-0.0243323532687902,0.83349619832291
"020001",-0.00487563394410456,-0.622003788051805,-1.65349796355615,-0.79601055100839,0.334920617780995,-0.131164726054017,-1.1974205225589,0.296064140840146,8,0.125,-0.471748553319029,"-0.536794530017643",-0.0243323532687902,0.83349619832291
"020006",0.881367170245933,0.412990634165403,1.19846070322458,NA,-0.2155448121827,0.508960725636001,-0.014585524305759,-1.07618280006089,7,0.142857142857143,0.242209442388938,"0.319787656133334",-0.0243323532687902,0.83349619832291
"020008",NA,NA,NA,NA,NA,0.941918303869977,-0.683144436361883,NA,2,0.5,0.129386933754047,"0.18442710036607",-0.0243323532687902,0.83349619832291
"020012",NA,0.109106261493684,-2.53686066305601,NA,NA,-0.282467105544385,0.139697301553347,0.43328883493025,5,0.2,-0.427447074124622,"-0.483643142784508",-0.0243323532687902,0.83349619832291
"020017",-0.0627354348546007,-0.196565666311398,0.0273250659622126,NA,0.47627880976563,0.101608165469626,-0.117440741545163,-0.390059329610375,7,0.142857142857143,-0.0230841615891526,"0.00149753733988125",-0.0243323532687902,0.83349619832291
"020018",NA,NA,NA,NA,NA,0.941918303869977,NA,NA,1,1,0.941918303869977,"1.15927422234555",-0.0243323532687902,0.83349619832291
"020024",0.881367170245933,-4.13097451484348,-1.67497355592649,NA,NA,0.450767502755091,-0.477434001883076,-0.115609941430166,6,0.166666666666667,-0.844476223513697,"-0.983980337157063",-0.0243323532687902,0.83349619832291
"020026",-1.3483519867927,0.250323117029365,-1.45305910143301,NA,-2.87640489659935,0.1318686413677,-3.46023530182578,-1.07618280006089,7,0.142857142857143,-1.40457747547352,"-1.65597050710243",-0.0243323532687902,0.83349619832291
"021301",NA,NA,NA,NA,NA,NA,NA,NA,0,NA,NA,"NaN",-0.0243323532687902,0.83349619832291
"021302",NA,NA,NA,NA,NA,NA,NA,NA,0,NA,NA,"NaN",-0.0243323532687902,0.83349619832291
"021304",NA,NA,NA,NA,NA,NA,NA,NA,0,NA,NA,"NaN",-0.0243323532687902,0.83349619832291
"021305",NA,NA,NA,NA,NA,NA,NA,NA,0,NA,NA,"NaN",-0.0243323532687902,0.83349619832291
"021306",NA,NA,NA,NA,NA,NA,NA,NA,0,NA,NA,"NaN",-0.0243323532687902,0.83349619832291
"021307",NA,NA,NA,NA,NA,NA,NA,NA,0,NA,NA,"NaN",-0.0243323532687902,0.83349619832291
"021308",NA,NA,NA,NA,NA,NA,NA,NA,0,NA,NA,"NaN",-0.0243323532687902,0.83349619832291
"021309",NA,NA,NA,NA,NA,NA,NA,NA,0,NA,NA,"NaN",-0.0243323532687902,0.83349619832291
"021310",NA,NA,NA,NA,NA,NA,NA,NA,0,NA,NA,"NaN",-0.0243323532687902,0.83349619832291
"021311",NA,NA,NA,NA,NA,0.941918303869977,NA,0.707738223110458,2,0.5,0.824828263490218,"1.01879362913426",-0.0243323532687902,0.83349619832291
"021312",NA,NA,NA,NA,NA,NA,NA,NA,0,NA,NA,"NaN",-0.0243323532687902,0.83349619832291
"021313",NA,NA,NA,NA,NA,NA,NA,NA,0,NA,NA,"NaN",-0.0243323532687902,0.83349619832291
"021314",NA,NA,NA,NA,NA,NA,NA,NA,0,NA,NA,"NaN",-0.0243323532687902,0.83349619832291
"030002",-0.219380261709846,0.405840413631951,-0.277628345696571,-1.01435516232957,0.484593997529432,0.313431496756141,-1.55741378289682,NA,7,0.142857142857143,-0.26641594924504,"-0.290443551468321",-0.0243323532687902,0.83349619832291
"030006",0.191283203289041,-0.861536175922454,0.193402980292817,0.204905634534025,0.675843316096879,0.320414683501851,-1.55741378289682,-0.664508717790581,8,0.125,-0.187201107361905,"-0.195404315485572",-0.0243323532687902,0.83349619832291
"030007",NA,0.947469619040956,0.449678382578837,NA,NA,0.699834496685389,-0.426006393263374,NA,4,0.25,0.417744026260452,"0.530387997472275",-0.0243323532687902,0.83349619832291
"030010",-0.116361591796036,-0.0946750237097041,NA,NA,0.0838019473141733,-0.159097473036854,0.139697301553347,NA,5,0.2,-0.0293269679350148,"-0.00599236646342757",-0.0243323532687902,0.83349619832291
"030011",0.881367170245933,0.947469619040956,1.19846070322458,NA,1.14814598108083,0.590431237669276,0.653973387750365,-0.25283463552027,7,0.142857142857143,0.738144780498811,"0.914793775066752",-0.0243323532687902,0.83349619832291
"030012",0.00923651261943108,0.348638649364333,0.67302454323034,NA,0.687484578966201,0.427490213602726,-2.07168986909383,1.25663699947087,7,0.142857142857143,0.190117375451439,"0.257289390343623",-0.0243323532687902,0.83349619832291
"030013",0.0572178109354522,-1.26373608092914,0.0516640706485942,0.357950922843263,-0.564782698262386,0.469389334076982,0.448262953271558,-0.115609941430166,8,0.125,-0.0699554536057305,"-0.0547370227107685",-0.0243323532687902,0.83349619832291
"030014",0.654161610573009,-0.178690114977768,-0.967710713863394,-2.2060678072975,-0.135719009650201,-0.0403832983597959,0.0882696929336448,0.570513529020354,8,0.125,-0.276953263952706,"-0.30308585833051",-0.0243323532687902,0.83349619832291
"030016",-0.320987716967302,0.271773778629722,-0.4580233216074,NA,-0.25712075100171,0.304120581095196,-0.734572044981585,NA,6,0.166666666666667,-0.19913491247218,"-0.209722083382159",-0.0243323532687902,0.83349619832291
"030022",0.683797118356434,0.243172896495913,-2.11164393412334,NA,1.14814598108083,-0.235912527239656,-1.0431376966998,NA,6,0.166666666666667,-0.219263027021601,"-0.233871101206021",-0.0243323532687902,0.83349619832291
"030023",0.881367170245933,0.709724786303669,1.19846070322458,NA,0.750680005971097,-0.133492454969253,-0.014585524305759,0.43328883493025,7,0.142857142857143,0.546491931628646,"0.684855295136318",-0.0243323532687902,0.83349619832291
"030024",-0.0147541365385795,0.103743596093595,0.27644193745812,NA,0.025595632967559,0.373952448552288,-1.40313095703771,NA,6,0.166666666666667,-0.106358579750788,"-0.0984122382886015",-0.0243323532687902,0.83349619832291
"030030",0.051572952310038,0.947469619040956,1.19846070322458,NA,0.0189434827565173,0.0969527076391534,0.242552518792751,NA,6,0.166666666666667,0.425991997293999,"0.540283628730274",-0.0243323532687902,0.83349619832291
"030036",0.500339213030471,0.345063539097607,0.877758523827551,-0.606234393504935,0.346561880650318,0.455422960585563,-0.374578784643672,NA,7,0.142857142857143,0.220618991291843,"0.293884177340585",-0.0243323532687902,0.83349619832291
"030037",NA,NA,NA,NA,NA,0.941918303869977,0.293980127412452,NA,2,0.5,0.617949215641215,"0.770587280664686",-0.0243323532687902,0.83349619832291
"030038",0.522918647532128,0.523819052433912,-2.48245582905115,NA,-1.14850887928129,0.173767761841955,0.448262953271558,0.158839446750041,7,0.142857142857143,-0.257622406643264,"-0.279893362253937",-0.0243323532687902,0.83349619832291
"030043",0.881367170245933,0.947469619040956,NA,NA,NA,0.613708526821641,0.139697301553347,-0.390059329610375,5,0.2,0.4384366576103,"0.555214303088886",-0.0243323532687902,0.83349619832291
"030055",0.463647631965278,0.550632379434358,1.19846070322458,NA,-0.290381502056918,0.68586812319397,-0.631716827742182,NA,6,0.166666666666667,0.329418418003181,"0.424417978130864",-0.0243323532687902,0.83349619832291
"030061",-0.577828784423651,0.464829733032931,-0.104391900575853,NA,0.848799221583961,-0.249878900731075,-2.12311747771354,0.43328883493025,7,0.142857142857143,-0.186899896270996,"-0.195042932804385",-0.0243323532687902,0.83349619832291
"030062",0.881367170245933,-0.0213852632418191,1.19846070322458,NA,NA,-2.29362488830866,-1.91740704323473,0.158839446750041,6,0.166666666666667,-0.332291645760775,"-0.369478940769777",-0.0243323532687902,0.83349619832291
"030064",0.196928061914455,0.2824991094299,-0.904715642910407,1.12011645862327,0.286692528750943,-0.349971244086241,-0.477434001883076,NA,7,0.142857142857143,0.0220164671198344,"0.055607716606127",-0.0243323532687902,0.83349619832291
"030065",-0.339333507499899,-0.092887468576341,0.339437008411108,1.12011645862327,-0.380185529905981,-0.0846101477492881,-1.1974205225589,NA,7,0.142857142857143,-0.0906976727508622,"-0.0796228220543858",-0.0243323532687902,0.83349619832291
"030069",0.881367170245933,0.947469619040956,NA,NA,NA,0.504305267805528,1.11682186532768,0.296064140840146,5,0.2,0.749205612652049,"0.928064180109383",-0.0243323532687902,0.83349619832291
"030071",NA,NA,NA,NA,NA,-1.39744925594263,0.139697301553347,NA,2,0.5,-0.628875977194644,"-0.72531059546794",-0.0243323532687902,0.83349619832291
"030073",NA,NA,NA,NA,NA,-2.13301159315735,0.345407736032154,NA,2,0.5,-0.893801928562596,"-1.04315961733632",-0.0243323532687902,0.83349619832291
"030078",NA,NA,NA,NA,NA,0.273860105197122,-0.940282479460392,NA,2,0.5,-0.333211187131635,"-0.370582174800971",-0.0243323532687902,0.83349619832291
"030083",NA,-0.557651803250735,NA,NA,NA,-0.149786557375908,0.551118170510961,0.570513529020354,4,0.25,0.103548334726168,"0.153426840161082",-0.0243323532687902,0.83349619832291
"030084",NA,NA,NA,NA,NA,0.941918303869977,-0.837427262220988,NA,2,0.5,0.0522455208244944,"0.0918754929504994",-0.0243323532687902,0.83349619832291
"030085",0.328171024955336,0.354001314764422,0.176222506396548,0.136545405755899,1.14814598108083,0.152818201604828,1.21967708256709,0.296064140840146,8,0.125,0.476455707245637,"0.600828247953705",-0.0243323532687902,0.83349619832291
"030087",-0.0980158012634396,0.51666883190046,-1.4144030351664,-0.915385875889596,-0.847499082231655,0.252910544959994,-0.32315117602397,0.844962917200563,8,0.125,-0.247989084564256,"-0.268335634578164",-0.0243323532687902,0.83349619832291
"030088",-0.193978397895482,-0.0821621377761627,0.0817298999670658,NA,-0.446707032016397,-0.817844756048763,0.653973387750365,0.296064140840146,7,0.142857142857143,-0.0727035564541754,"-0.0580341017544095",-0.0243323532687902,0.83349619832291
"030089",0.518685003563067,0.51666883190046,0.0802981938090434,0.257961334481227,0.539474236770525,-0.175391575443509,-1.1459929139392,NA,7,0.142857142857143,0.0845290158773735,"0.130608117187823",-0.0243323532687902,0.83349619832291
"030092",0.465058846621632,-0.0732243621093474,-0.37068924596803,NA,0.459648434238026,0.329725599162796,-1.35170334841801,0.158839446750041,7,0.142857142857143,-0.0546206613889843,"-0.0363388677490524",-0.0243323532687902,0.83349619832291
"030093",-0.0330999270711758,0.55778259996781,0.475449093423241,0.315098242116676,-1.08697648982915,-0.235912527239656,1.27110469118679,0.982187611290668,8,0.125,0.28070416173065,"0.365972293110884",-0.0243323532687902,0.83349619832291
"030094",0.654161610573009,0.709724786303669,1.19846070322458,NA,1.14814598108083,0.534565743703602,-0.477434001883076,-0.25283463552027,7,0.142857142857143,0.50211288392605,"0.631610843881602",-0.0243323532687902,0.83349619832291
"030101",NA,0.175245801428117,1.19846070322458,NA,NA,0.678884936448261,0.859683822229173,0.570513529020354,5,0.2,0.696557758470097,"0.864899099947188",-0.0243323532687902,0.83349619832291
"030103",-0.0853148693562577,-0.221591438178481,-0.707140193103307,0.244697409494427,0.494572222845994,-0.212635238087292,0.448262953271558,-1.3506321882411,8,0.125,-0.173722667669308,"-0.179233348275743",-0.0243323532687902,0.83349619832291
"030105",0.139068261003959,-0.85974862078909,NA,NA,NA,-0.159097473036854,0.0882696929336448,NA,4,0.25,-0.197877034972085,"-0.208212925328858",-0.0243323532687902,0.83349619832291
"030107",NA,NA,NA,NA,NA,NA,0.653973387750365,0.570513529020354,2,0.5,0.61224345838536,"0.763741709842245",-0.0243323532687902,0.83349619832291
"030108",NA,NA,NA,NA,NA,NA,0.551118170510961,0.43328883493025,2,0.5,0.492203502720606,"0.619721909984383",-0.0243323532687902,0.83349619832291
"030110",0.156002836880202,-0.682780662586149,0.197698098766885,NA,0.5195177861374,-0.0939210634102339,0.705400996370067,NA,6,0.166666666666667,0.133652998693029,"0.18954537798697",-0.0243323532687902,0.83349619832291
"030111",-1.07739877277281,0.518456387033823,1.19846070322458,NA,0.0937801726307358,-0.105559707986416,-0.168868350164865,NA,6,0.166666666666667,0.0764784053275079,"0.120949272233204",-0.0243323532687902,0.83349619832291
"030112",NA,NA,NA,NA,NA,NA,0.0882696929336448,-3.40900259959267,2,0.5,-1.66036645332951,"-1.9628573031918",-0.0243323532687902,0.83349619832291
"030113",NA,NA,NA,NA,NA,NA,NA,NA,0,NA,NA,"NaN",-0.0243323532687902,0.83349619832291
"030114",0.881367170245933,-2.40598381114813,NA,NA,NA,0.373952448552288,0.911111430848875,-0.115609941430166,5,0.2,-0.0710325405862403,"-0.056029274532285",-0.0243323532687902,0.83349619832291
"030115",0.404376616398428,0.695424345236765,0.0831616061250883,-0.0562916575137409,0.754006081076618,-0.471013147678535,-1.2488481311786,NA,7,0.142857142857143,0.0229736732094314,"0.0567561394681904",-0.0243323532687902,0.83349619832291
"030117",NA,NA,NA,NA,NA,-1.21123094272372,0.0368420843139429,NA,2,0.5,-0.587194429204889,"-0.67530251135955",-0.0243323532687902,0.83349619832291
"030119",0.302769161140972,0.947469619040956,-0.422230667656839,-2.33564615139932,0.122051811027663,-0.173063846528272,-0.374578784643672,0.707738223110458,8,0.125,-0.153186329488507,"-0.154594557814404",-0.0243323532687902,0.83349619832291
"030121",0.218096281759758,0.221722234895556,NA,1.12011645862327,NA,0.688195852109206,1.01396664808828,-1.76230627051142,6,0.166666666666667,0.249965200827442,"0.329092747691171",-0.0243323532687902,0.83349619832291
"030122",0.102376679938766,-1.11715655999337,-0.538198866456658,0.445696888140559,0.521180823690161,-0.149786557375908,0.139697301553347,NA,7,0.142857142857143,-0.0851700415004434,"-0.0729909606715251",-0.0243323532687902,0.83349619832291
"030123",0.881367170245933,-0.845448179722186,-0.701413368471217,NA,0.137019149002506,0.315759225671378,0.653973387750365,0.707738223110458,7,0.142857142857143,0.16414222965532,"0.226125306034199",-0.0243323532687902,0.83349619832291
"03012F",-0.438118533444648,0.555995044834447,NA,NA,NA,NA,0.191124910173049,0.43328883493025,4,0.25,0.185572564123274,"0.251836682416089",-0.0243323532687902,0.83349619832291
"030130",NA,0.947469619040956,-0.767271851740251,NA,NA,0.681212665363497,0.345407736032154,NA,4,0.25,0.301704542174089,"0.391167825478872",-0.0243323532687902,0.83349619832291
"030134",NA,NA,NA,NA,NA,NA,NA,NA,0,NA,NA,"NaN",-0.0243323532687902,0.83349619832291
"030136",NA,NA,NA,NA,NA,NA,NA,NA,0,NA,NA,"NaN",-0.0243323532687902,0.83349619832291
"030138",NA,NA,1.19846070322458,NA,NA,-0.119526081477835,0.191124910173049,NA,3,0.333333333333333,0.423353177306599,"0.537117663495267",-0.0243323532687902,0.83349619832291
"030139",-0.36755780062697,NA,NA,NA,NA,0.145835014859118,0.0882696929336448,NA,3,0.333333333333333,-0.044484364278069,"-0.024177687972455",-0.0243323532687902,0.83349619832291
"03013F",0.881367170245933,0.947469619040956,NA,NA,NA,NA,-1.50598617427711,0.43328883493025,4,0.25,0.189034862485006,"0.255990628611283",-0.0243323532687902,0.83349619832291
"030146",-0.457875538633598,0.947469619040956,-1.30702507331472,NA,NA,0.0434149425887155,0.242552518792751,0.296064140840146,6,0.166666666666667,-0.0392332317809579,"-0.0178775602602027",-0.0243323532687902,0.83349619832291
"030147",NA,NA,NA,NA,NA,0.383263364213234,0.602545779130663,NA,2,0.5,0.492904571671949,"0.620563028339516",-0.0243323532687902,0.83349619832291
"030148",NA,NA,-1.57332241870689,NA,NA,0.941918303869977,0.602545779130663,NA,3,0.333333333333333,-0.00961944523541769,"0.017652039760921",-0.0243323532687902,0.83349619832291
"030152",NA,NA,NA,NA,NA,NA,NA,NA,0,NA,NA,"NaN",-0.0243323532687902,0.83349619832291
"030153",NA,NA,NA,NA,NA,NA,NA,NA,0,NA,NA,"NaN",-0.0243323532687902,0.83349619832291
"030154",NA,NA,NA,NA,NA,NA,NA,NA,0,NA,NA,"NaN",-0.0243323532687902,0.83349619832291
"030155",NA,NA,NA,NA,NA,NA,NA,NA,0,NA,NA,"NaN",-0.0243323532687902,0.83349619832291
"03033F",NA,NA,NA,NA,NA,NA,NA,NA,0,NA,NA,"NaN",-0.0243323532687902,0.83349619832291
"031300",NA,NA,NA,NA,NA,NA,NA,NA,0,NA,NA,"NaN",-0.0243323532687902,0.83349619832291
"031301",NA,NA,NA,NA,NA,NA,NA,NA,0,NA,NA,"NaN",-0.0243323532687902,0.83349619832291
"031302",NA,NA,NA,NA,NA,NA,NA,NA,0,NA,NA,"NaN",-0.0243323532687902,0.83349619832291
"031304",NA,NA,NA,NA,NA,NA,NA,NA,0,NA,NA,"NaN",-0.0243323532687902,0.83349619832291
"031305",NA,NA,NA,NA,NA,NA,NA,NA,0,NA,NA,"NaN",-0.0243323532687902,0.83349619832291
"031308",NA,NA,NA,NA,NA,NA,NA,NA,0,NA,NA,"NaN",-0.0243323532687902,0.83349619832291
"031309",NA,NA,NA,NA,NA,NA,NA,NA,0,NA,NA,"NaN",-0.0243323532687902,0.83349619832291
"031311",NA,NA,NA,NA,NA,NA,NA,NA,0,NA,NA,"NaN",-0.0243323532687902,0.83349619832291
"031312",NA,NA,NA,NA,NA,NA,NA,NA,0,NA,NA,"NaN",-0.0243323532687902,0.83349619832291
"031313",NA,NA,NA,NA,NA,NA,NA,NA,0,NA,NA,"NaN",-0.0243323532687902,0.83349619832291
"031314",NA,NA,NA,NA,NA,NA,NA,NA,0,NA,NA,"NaN",-0.0243323532687902,0.83349619832291
"031315",NA,NA,NA,NA,NA,NA,NA,NA,0,NA,NA,"NaN",-0.0243323532687902,0.83349619832291
"031317",NA,NA,NA,NA,NA,NA,NA,NA,0,NA,NA,"NaN",-0.0243323532687902,0.83349619832291
"031318",NA,NA,NA,NA,NA,0.941918303869977,NA,NA,1,1,0.941918303869977,"1.15927422234555",-0.0243323532687902,0.83349619832291
"031319",NA,NA,NA,NA,NA,NA,NA,0.570513529020354,1,1,0.570513529020354,"0.713675579428008",-0.0243323532687902,0.83349619832291
"031320",NA,NA,NA,NA,NA,NA,NA,NA,0,NA,NA,"NaN",-0.0243323532687902,0.83349619832291
"040001",NA,NA,-2.77166047297169,NA,NA,0.941918303869977,0.448262953271558,NA,3,0.333333333333333,-0.460493071943385,"-0.523290591549428",-0.0243323532687902,0.83349619832291
"040002",NA,NA,NA,NA,NA,-0.896987539166802,0.0882696929336448,NA,2,0.5,-0.404358923116579,"-0.455942775278934",-0.0243323532687902,0.83349619832291
"040004",0.0755636014680486,0.255685782429454,-0.340623416649559,0.755868672447281,-0.109110408806034,-0.0264169248683774,1.42538751704589,0.707738223110458,8,0.125,0.343011630772146,"0.440726646120371",-0.0243323532687902,0.83349619832291
"040007",-0.184099895301007,0.861666972639529,0.720270846445081,NA,0.511202598373598,0.646296731634951,-0.117440741545163,NA,6,0.166666666666667,0.406316085374498,"0.516677148029952",-0.0243323532687902,0.83349619832291
"040010",0.640049464009473,0.947469619040956,-2.27915355461196,0.464062322737668,0.770636456604222,0.0876417919782077,1.32253229980649,NA,7,0.142857142857143,0.279034057080722,"0.363968559136706",-0.0243323532687902,0.83349619832291
"040011",NA,NA,NA,NA,NA,NA,NA,NA,0,NA,NA,"NaN",-0.0243323532687902,0.83349619832291
"040014",0.881367170245933,0.947469619040956,-2.3578973933032,-0.57052382623278,-1.30150833413525,-0.410492195882388,0.756828604989769,0.844962917200563,8,0.125,-0.151224179759549,"-0.15224043822405",-0.0243323532687902,0.83349619832291
"040016",-0.388726020472274,-0.765008198720849,0.396705254732006,-0.421559745611788,-0.897390208814467,-0.475668605509008,0.293980127412452,NA,7,0.142857142857143,-0.322523913854847,"-0.357759952818084",-0.0243323532687902,0.83349619832291
"040017",NA,NA,NA,NA,NA,0.941918303869977,-0.220295958784567,-0.25283463552027,3,0.333333333333333,0.156262569855047,"0.216671561894601",-0.0243323532687902,0.83349619832291
"040018",NA,NA,NA,NA,NA,NA,NA,NA,0,NA,NA,"NaN",-0.0243323532687902,0.83349619832291
"040019",NA,NA,NA,NA,NA,NA,0.0882696929336448,NA,1,1,0.0882696929336448,"0.135096052542295",-0.0243323532687902,0.83349619832291
"040020",0.242086930917769,0.466617288166294,-0.386438013706277,NA,0.00730221988719445,-0.71542468377836,-11.1229489861614,NA,6,0.166666666666667,-1.91813420744579,"-2.27211816681054",-0.0243323532687902,0.83349619832291
"040022",-1.65881921119048,0.432653740632396,-1.17960322525072,1.12011645862327,0.650897752805472,0.534565743703602,0.345407736032154,NA,7,0.142857142857143,0.0350312850508134,"0.0712224464119333",-0.0243323532687902,0.83349619832291
"040026",0.607591526913342,0.947469619040956,0.499788098109623,NA,-0.774325429910197,0.941918303869977,0.551118170510961,0.707738223110458,7,0.142857142857143,0.497328358806446,"0.625870535612373",-0.0243323532687902,0.83349619832291
"040027",0.881367170245933,-0.251979875445653,1.19846070322458,NA,-0.682858364508375,0.476372520822691,0.448262953271558,-3.54622729368277,7,0.142857142857143,-0.210943169438862,"-0.223889222944933",-0.0243323532687902,0.83349619832291
"040029",-0.580651213736358,-0.933038381256976,-1.68785891134869,1.12011645862327,-3.55658725567836,0.171440032926719,-0.940282479460392,NA,7,0.142857142857143,-0.915265964275827,"-1.06891142731028",-0.0243323532687902,0.83349619832291
"040036",0.572311160504502,0.395115082831772,0.768948855817845,NA,-0.840846932020613,0.346019701569451,0.293980127412452,0.0216147526599381,7,0.142857142857143,0.222448964110764,"0.296079715631705",-0.0243323532687902,0.83349619832291
"040039",NA,-0.128638571243602,NA,NA,NA,-2.34483492444386,0.0882696929336448,NA,3,0.333333333333333,-0.795067934251273,"-0.9247019752859",-0.0243323532687902,0.83349619832291
"040041",NA,NA,NA,NA,1.14814598108083,0.941918303869977,0.191124910173049,1.25663699947087,4,0.25,0.884456548648684,"1.0903335896985",-0.0243323532687902,0.83349619832291
"040050",NA,NA,NA,NA,NA,0.941918303869977,0.242552518792751,NA,2,0.5,0.592235411331364,"0.739736744859496",-0.0243323532687902,0.83349619832291
"040051",NA,NA,NA,NA,NA,0.024793111266824,0.191124910173049,NA,2,0.5,0.107959010719936,"0.158718617139361",-0.0243323532687902,0.83349619832291
"040055",-0.193978397895482,0.741900778704204,-1.08654232497926,NA,-1.52435536620514,0.141179557028646,-1.55741378289682,NA,6,0.166666666666667,-0.579868256040641,"-0.666512821401769",-0.0243323532687902,0.83349619832291
"040062",-0.32381014628001,0.761563885171198,-0.254721047168211,NA,0.0355738582841214,0.676557207533024,1.579670342905,0.707738223110458,7,0.142857142857143,0.454653189079369,"0.574670338403382",-0.0243323532687902,0.83349619832291
"040067",NA,NA,NA,NA,NA,NA,0.0882696929336448,NA,1,1,0.0882696929336448,"0.135096052542295",-0.0243323532687902,0.83349619832291
"040069",NA,NA,NA,NA,NA,NA,0.139697301553347,NA,1,1,0.139697301553347,"0.196797124152676",-0.0243323532687902,0.83349619832291
"040071",-1.54027718005678,0.409415523898677,-5.71095321539179,NA,-1.92182134131488,0.199372779909556,0.448262953271558,0.158839446750041,7,0.142857142857143,-1.13673729041909,"-1.33462508813908",-0.0243323532687902,0.83349619832291
"040072",NA,NA,NA,NA,NA,NA,0.0882696929336448,NA,1,1,0.0882696929336448,"0.135096052542295",-0.0243323532687902,0.83349619832291
"040076",NA,NA,NA,NA,NA,0.941918303869977,0.0368420843139429,NA,2,0.5,0.48938019409196,"0.616334601638735",-0.0243323532687902,0.83349619832291
"040078",0.158825266192909,-0.748920202520581,-1.84105147025709,NA,1.14814598108083,0.660263105126369,-0.374578784643672,0.0216147526599381,7,0.142857142857143,-0.139385907480185,"-0.138037287324041",-0.0243323532687902,0.83349619832291
"040084",0.881367170245933,0.947469619040956,NA,NA,NA,0.257566002790467,0.705400996370067,0.707738223110458,5,0.2,0.699908402311576,"0.868919086898803",-0.0243323532687902,0.83349619832291
"040088",NA,-0.834722848922008,NA,NA,NA,-0.440752671780462,0.551118170510961,NA,3,0.333333333333333,-0.241452450063836,"-0.260493205886141",-0.0243323532687902,0.83349619832291
"04009F",NA,NA,NA,NA,NA,NA,-0.0660131329254609,NA,1,1,-0.0660131329254609,"-0.050007162288847",-0.0243323532687902,0.83349619832291
"04010F",0.158825266192909,-1.22977253339524,NA,NA,NA,NA,0.345407736032154,NA,3,0.333333333333333,-0.24184651039006,"-0.26096598587844",-0.0243323532687902,0.83349619832291
"040114",0.398731757773014,0.0340289458924356,0.224900515769311,-0.263412947692243,-1.02045498771874,0.448439773839854,0.396835344651856,-0.527284023700479,8,0.125,-0.0385269526481235,"-0.0170301909089622",-0.0243323532687902,0.83349619832291
"040118",0.323937380986275,0.379027086631505,0.844829282193035,NA,-0.992183349321811,0.0550535871648976,-0.940282479460392,NA,6,0.166666666666667,-0.0549364153010817,"-0.0367176984056681",-0.0243323532687902,0.83349619832291
"040119",-2.7765012190225,-0.207290997111577,-0.538198866456658,NA,-0.797607955648843,0.664918562956842,-5.31162921213505,0.844962917200563,7,0.142857142857143,-1.16019239574532,"-1.36276571478311",-0.0243323532687902,0.83349619832291
"040132",NA,NA,NA,NA,NA,NA,NA,NA,0,NA,NA,"NaN",-0.0243323532687902,0.83349619832291
"040134",0.881367170245933,-1.00096547632477,NA,NA,NA,-0.42911402720428,-0.0660131329254609,NA,4,0.25,-0.153681366552145,"-0.155188486214598",-0.0243323532687902,0.83349619832291
"040137",0.881367170245933,0.539907048634179,NA,NA,NA,0.169112304011483,0.448262953271558,NA,4,0.25,0.509662369040788,"0.640668455817839",-0.0243323532687902,0.83349619832291
"040147",NA,NA,NA,NA,NA,NA,0.962539039468576,0.844962917200563,2,0.5,0.903750978334569,"1.11348238116835",-0.0243323532687902,0.83349619832291
"040153",NA,NA,NA,NA,NA,NA,NA,NA,0,NA,NA,"NaN",-0.0243323532687902,0.83349619832291
"040154",-2.2204826444192,0.125194257693951,NA,NA,-3.67299988437159,-0.652576003066977,-0.271723567404269,NA,5,0.2,-1.33851756831362,"-1.57671410822163",-0.0243323532687902,0.83349619832291
"040156",NA,NA,NA,NA,NA,NA,NA,NA,0,NA,NA,"NaN",-0.0243323532687902,0.83349619832291
"040161",NA,NA,NA,NA,NA,-0.645592816321268,0.49969056189126,NA,2,0.5,-0.072951127215004,"-0.0583311286170716",-0.0243323532687902,0.83349619832291
"040164",NA,NA,NA,NA,NA,NA,NA,NA,0,NA,NA,"NaN",-0.0243323532687902,0.83349619832291
"041300",NA,NA,NA,NA,NA,0.941918303869977,NA,NA,1,1,0.941918303869977,"1.15927422234555",-0.0243323532687902,0.83349619832291
"041302",NA,NA,NA,NA,NA,NA,NA,NA,0,NA,NA,"NaN",-0.0243323532687902,0.83349619832291
"041303",NA,NA,NA,NA,NA,NA,NA,NA,0,NA,NA,"NaN",-0.0243323532687902,0.83349619832291
"041305",NA,NA,NA,NA,NA,NA,NA,NA,0,NA,NA,"NaN",-0.0243323532687902,0.83349619832291
"041306",NA,NA,NA,NA,NA,NA,NA,NA,0,NA,NA,"NaN",-0.0243323532687902,0.83349619832291
"041307",NA,NA,NA,NA,NA,NA,NA,NA,0,NA,NA,"NaN",-0.0243323532687902,0.83349619832291
"041308",NA,NA,NA,NA,NA,NA,NA,NA,0,NA,NA,"NaN",-0.0243323532687902,0.83349619832291
"041309",NA,NA,NA,NA,NA,NA,NA,NA,0,NA,NA,"NaN",-0.0243323532687902,0.83349619832291
"041310",NA,NA,NA,NA,NA,NA,NA,0.570513529020354,1,1,0.570513529020354,"0.713675579428008",-0.0243323532687902,0.83349619832291
"041311",NA,NA,NA,NA,NA,NA,NA,NA,0,NA,NA,"NaN",-0.0243323532687902,0.83349619832291
"041312",NA,NA,NA,NA,NA,NA,NA,NA,0,NA,NA,"NaN",-0.0243323532687902,0.83349619832291
"041313",NA,NA,NA,NA,NA,NA,NA,NA,0,NA,NA,"NaN",-0.0243323532687902,0.83349619832291
"041317",NA,NA,NA,NA,NA,NA,NA,NA,0,NA,NA,"NaN",-0.0243323532687902,0.83349619832291
"041318",NA,NA,NA,NA,NA,-0.95052530421724,NA,NA,1,1,-0.95052530421724,"-1.11121436763846",-0.0243323532687902,0.83349619832291
"041320",NA,NA,NA,NA,NA,NA,NA,NA,0,NA,NA,"NaN",-0.0243323532687902,0.83349619832291
"041321",NA,NA,NA,NA,NA,NA,NA,NA,0,NA,NA,"NaN",-0.0243323532687902,0.83349619832291
"041322",NA,NA,NA,NA,NA,NA,NA,NA,0,NA,NA,"NaN",-0.0243323532687902,0.83349619832291
"041323",NA,NA,NA,NA,NA,0.941918303869977,NA,NA,1,1,0.941918303869977,"1.15927422234555",-0.0243323532687902,0.83349619832291
"041324",NA,NA,NA,NA,NA,NA,NA,NA,0,NA,NA,"NaN",-0.0243323532687902,0.83349619832291
"041326",NA,NA,NA,NA,NA,NA,NA,NA,0,NA,NA,"NaN",-0.0243323532687902,0.83349619832291
"041327",NA,NA,NA,NA,NA,NA,NA,NA,0,NA,NA,"NaN",-0.0243323532687902,0.83349619832291
"041328",NA,NA,NA,NA,NA,NA,NA,NA,0,NA,NA,"NaN",-0.0243323532687902,0.83349619832291
"041329",NA,NA,NA,NA,NA,NA,NA,NA,0,NA,NA,"NaN",-0.0243323532687902,0.83349619832291
"041330",NA,NA,NA,NA,NA,NA,NA,NA,0,NA,NA,"NaN",-0.0243323532687902,0.83349619832291
"041331",NA,NA,NA,NA,NA,NA,NA,NA,0,NA,NA,"NaN",-0.0243323532687902,0.83349619832291
"041332",NA,NA,NA,NA,NA,0.941918303869977,NA,NA,1,1,0.941918303869977,"1.15927422234555",-0.0243323532687902,0.83349619832291
"041334",NA,NA,NA,NA,NA,NA,NA,NA,0,NA,NA,"NaN",-0.0243323532687902,0.83349619832291
"050002",0.881367170245933,0.947469619040956,NA,NA,NA,-1.32761738848554,-0.117440741545163,0.43328883493025,5,0.2,0.163413498837287,"0.225250999925187",-0.0243323532687902,0.83349619832291
"050006",0.421311192274671,0.523819052433912,0.372366250045624,NA,0.423061608077297,-0.664214647643159,1.6310979515247,0.570513529020354,7,0.142857142857143,0.468279276533343,"0.591018448306452",-0.0243323532687902,0.83349619832291
"050007",0.881367170245933,0.203846683561926,0.528422221270072,NA,1.14814598108083,0.557843032855966,0.962539039468576,0.844962917200563,7,0.142857142857143,0.732446720811981,"0.907957439522218",-0.0243323532687902,0.83349619832291
"050008",-0.552426920609287,0.0501169420927031,NA,NA,-1.74221328561675,0.227305526892393,0.0882696929336448,0.707738223110458,6,0.166666666666667,-0.203534970199474,"-0.215001120930437",-0.0243323532687902,0.83349619832291
"050009",0.881367170245933,0.947469619040956,-0.767271851740251,NA,1.14814598108083,0.404212924450362,0.756828604989769,NA,6,0.166666666666667,0.561792074677934,"0.703211879221614",-0.0243323532687902,0.83349619832291
"050013",0.881367170245933,NA,NA,NA,NA,-1.3183064728246,-1.1459929139392,-0.664508717790581,4,0.25,-0.561860233577111,"-0.644907416962295",-0.0243323532687902,0.83349619832291
"050014",NA,NA,NA,NA,NA,0.383263364213234,-0.271723567404269,-1.3506321882411,3,0.333333333333333,-0.413030797144046,"-0.466346990732965",-0.0243323532687902,0.83349619832291
"050017",0.225152355041526,0.652523022036052,0.68447819249452,-0.492980880156099,0.176932050268756,0.737078159329171,-2.22597269495294,-0.664508717790581,8,0.125,-0.113412314216199,"-0.10687506568914",-0.0243323532687902,0.83349619832291
"050022",-0.615931580145197,0.0519044972260661,-0.873218107433912,NA,0.290018603856464,0.520599370212183,0.0882696929336448,0.982187611290668,7,0.142857142857143,0.063404298277131,"0.105263409386218",-0.0243323532687902,0.83349619832291
"050024",NA,0.947469619040956,NA,NA,NA,0.630002629228296,0.653973387750365,NA,3,0.333333333333333,0.743815212006539,"0.921596963274614",-0.0243323532687902,0.83349619832291
"050025",-0.150230743548521,0.04832938695934,0.998021841101438,-0.228722682342149,-0.533184984759938,-0.163752930867327,-0.117440741545163,1.39386169356098,8,0.125,0.155860104819832,"0.216188698222248",-0.0243323532687902,0.83349619832291
"050026",0.308414019766386,0.446954181699301,0.932163357832405,NA,0.461311471790786,-0.205652051341582,-1.1459929139392,1.25663699947087,7,0.142857142857143,0.293405009325567,"0.381210332133106",-0.0243323532687902,0.83349619832291
"050028",NA,NA,NA,NA,NA,-6.10411712255069,-0.117440741545163,NA,2,0.5,-3.11077893204793,"-3.70301218528582",-0.0243323532687902,0.83349619832291
"050030",-2.19366956594848,0.352213759631059,0.17765421255457,NA,0.188573313138079,0.0224653823515876,0.293980127412452,-0.664508717790581,7,0.142857142857143,-0.260470212664473,"-0.28331006172652",-0.0243323532687902,0.83349619832291
"050036",0.074152386811695,0.421928409832218,0.166200563290391,-0.19709332275824,1.14814598108083,0.616036255736877,0.602545779130663,0.158839446750041,8,0.125,0.37384443748431,"0.47771878450589",-0.0243323532687902,0.83349619832291
"050038",-0.0119317072258724,-0.965214373657511,-2.2562462560836,0.170215369183931,0.0505411962589651,0.166784575096246,-0.374578784643672,-1.07618280006089,8,0.125,-0.537076597641552,"-0.615172865100599",-0.0243323532687902,0.83349619832291
"050039",0.205395349852576,0.0912307101600533,0.942185300938562,NA,0.818864545634274,-0.468685418763299,0.0368420843139429,1.11941230538077,7,0.142857142857143,0.392177839645269,"0.499714568287324",-0.0243323532687902,0.83349619832291
"050040",-0.0627354348546007,-1.87150482627258,0.463995444159062,0.225311672975257,1.14814598108083,-0.173063846528272,-0.734572044981585,NA,7,0.142857142857143,-0.143489007774555,"-0.142960045583317",-0.0243323532687902,0.83349619832291
"050042",NA,NA,NA,NA,NA,0.941918303869977,0.49969056189126,NA,2,0.5,0.720804432880618,"0.893989423885447",-0.0243323532687902,0.83349619832291
"050043",0.467881275934339,0.293224440230078,1.19846070322458,NA,0.143671299213548,0.217994611231448,0.602545779130663,-1.3506321882411,7,0.142857142857143,0.224735131531936,"0.298822580477126",-0.0243323532687902,0.83349619832291
"050045",-0.466342826571719,-2.04489767420879,NA,NA,NA,-4.00450564100743,0.551118170510961,NA,4,0.25,-1.49115699281925,"-1.75984562677296",-0.0243323532687902,0.83349619832291
"050047",0.0501617376536844,0.137707143627493,0.376661368519692,0.132464198067652,0.336583655333755,0.541548930449311,-0.271723567404269,NA,7,0.142857142857143,0.186200495178189,"0.252590052444864",-0.0243323532687902,0.83349619832291
"050054",NA,0.947469619040956,NA,NA,NA,-0.301088936866276,0.191124910173049,NA,3,0.333333333333333,0.279168530782576,"0.36412989604757",-0.0243323532687902,0.83349619832291
"050055",0.881367170245933,-0.210866107378303,1.19846070322458,NA,0.183584200479798,0.485683436483637,0.653973387750365,2.0799851640115,7,0.142857142857143,0.753169707831073,"0.932820164824131",-0.0243323532687902,0.83349619832291
"050056",0.041694449715563,-1.24943563986224,0.408158903996186,0.151849934586823,0.291681641409224,-0.275483918798675,-0.374578784643672,NA,7,0.142857142857143,-0.143730487656684,"-0.143249764819728",-0.0243323532687902,0.83349619832291
"050057",-0.0937821572943789,0.143069809027582,0.0559591891226616,NA,0.23513836461537,0.113246810045808,0.962539039468576,0.43328883493025,7,0.142857142857143,0.264208555702267,"0.346181433762547",-0.0243323532687902,0.83349619832291
"050058",-0.665324093117572,0.257473337562817,0.631505064647689,NA,0.369844406388963,0.941918303869977,0.705400996370067,-2.31120504687183,7,0.142857142857143,-0.0100552901642701,"0.0171291280431119",-0.0243323532687902,0.83349619832291
"050060",-0.360501727345202,-1.1010685637931,-0.46375014623949,-0.665411904984507,-0.180621023574732,-1.33692830414649,-0.477434001883076,NA,7,0.142857142857143,-0.655102238852371,"-0.756775959929706",-0.0243323532687902,0.83349619832291
"050063",0.881367170245933,0.947469619040956,1.19846070322458,NA,0.383148706811047,0.760355448481536,0.705400996370067,1.11941230538077,7,0.142857142857143,0.856516421364985,"1.05681198835237",-0.0243323532687902,0.83349619832291
"050067",NA,NA,NA,NA,NA,NA,0.0882696929336448,NA,1,1,0.0882696929336448,"0.135096052542295",-0.0243323532687902,0.83349619832291
"050069",-0.134707382328632,-1.1689956588609,0.425339377892455,0.487529266945084,-0.408457168302908,-0.336004870594823,-0.837427262220988,-1.48785688233121,8,0.125,-0.43257257247524,"-0.489792538979633",-0.0243323532687902,0.83349619832291
"050070",0.881367170245933,-0.414647392581691,0.236354165033491,NA,1.14814598108083,0.823204129192919,0.139697301553347,NA,6,0.166666666666667,0.469020225754139,"0.591907413633813",-0.0243323532687902,0.83349619832291
"050071",0.0275823031520274,-1.37635205433101,-0.699981662313195,NA,0.850462259136722,0.0108267377754054,-0.117440741545163,NA,6,0.166666666666667,-0.217483859687536,"-0.23173651758387",-0.0243323532687902,0.83349619832291
"050072",-0.781043694938564,0.139494698760856,-0.53963057261468,NA,1.14814598108083,-0.231257069409183,-0.734572044981585,NA,6,0.166666666666667,-0.166477117017054,"-0.170540386428007",-0.0243323532687902,0.83349619832291
"050073",0.00359165399401682,-0.588040240517907,0.140429852445987,NA,-0.272088088976554,-0.273156189883439,0.139697301553347,NA,6,0.166666666666667,-0.141594285230758,"-0.140686822804846",-0.0243323532687902,0.83349619832291
"050075",-0.239137266898796,0.101956040960232,-0.422230667656839,NA,-0.751042904171551,0.278515563027595,-0.0660131329254609,NA,6,0.166666666666667,-0.18299206127747,"-0.190354447120361",-0.0243323532687902,0.83349619832291
"050076",-0.748585757842432,-0.613066012384989,-0.0685992466252921,-0.535833560882686,1.14814598108083,0.336708785908506,-0.88885487084069,NA,7,0.142857142857143,-0.195726383083821,"-0.205632647347277",-0.0243323532687902,0.83349619832291
"050077",-0.215146617740785,-0.116125685310061,0.59141729222306,NA,0.135356111449746,0.627674900313059,0.396835344651856,0.43328883493025,7,0.142857142857143,0.264757168645304,"0.34683964065556",-0.0243323532687902,0.83349619832291
"050078",NA,0.947469619040956,NA,NA,NA,0.604397611160695,0.551118170510961,NA,3,0.333333333333333,0.700995133570871,"0.870222909593473",-0.0243323532687902,0.83349619832291
"050082",0.418488762961964,0.947469619040956,0.0201665351721003,NA,0.261746965459537,-0.0869378766645246,0.756828604989769,-0.25283463552027,7,0.142857142857143,0.294989710777076,"0.383111602294502",-0.0243323532687902,0.83349619832291
"050084",-0.415539098942991,0.278923999163174,-2.33785350709089,NA,0.0571933464700067,0.380935635297998,-0.32315117602397,NA,6,0.166666666666667,-0.393248466854445,"-0.442612832941477",-0.0243323532687902,0.83349619832291
"050089",0.881367170245933,0.947469619040956,1.19846070322458,NA,1.14814598108083,0.725439514752989,-0.734572044981585,NA,6,0.166666666666667,0.694385157227285,"0.862292487886828",-0.0243323532687902,0.83349619832291
"050090",NA,NA,NA,NA,NA,-2.34250719552862,-0.58028921912248,NA,2,0.5,-1.46139820732555,"-1.72414206201336",-0.0243323532687902,0.83349619832291
"050091",NA,NA,NA,NA,NA,-2.23775939434299,0.396835344651856,NA,2,0.5,-0.920462024845565,"-1.07514548162294",-0.0243323532687902,0.83349619832291
"050093",-0.05850179088554,0.302162215896894,-0.259016165642279,-1.0827153911077,-0.363555154378376,-0.240567985070129,-0.117440741545163,0.0216147526599381,8,0.125,-0.224752532509044,"-0.24045722061303",-0.0243323532687902,0.83349619832291
"050099",0.566666301879088,-0.491512263316302,0.778970798924002,0.0834897058086963,-0.523206759443375,0.532238014788366,-0.631716827742182,NA,7,0.142857142857143,0.0449898529854704,"0.083170392850915",-0.0243323532687902,0.83349619832291
"050100",0.209628993821637,-0.427160278515232,-0.0643041281512247,0.399783301647788,0.173605975163235,-0.280139376629148,-0.991710088080094,-1.07618280006089,8,0.125,-0.257059800100492,"-0.279218366322457",-0.0243323532687902,0.83349619832291
"050101",0.881367170245933,-3.55180665163385,0.355185776149355,NA,NA,0.62069171356735,0.0368420843139429,-0.527284023700479,6,0.166666666666667,-0.364167321842958,"-0.407722277867559",-0.0243323532687902,0.83349619832291
"050102",0.881367170245933,0.316462656963798,NA,NA,NA,0.469389334076982,0.293980127412452,NA,4,0.25,0.490299822174791,"0.617437939703961",-0.0243323532687902,0.83349619832291
"050103",0.202572920539869,-1.22798497826188,0.657275775492093,0.382438168972741,-0.115762559017076,0.636985815974005,0.242552518792751,NA,7,0.142857142857143,0.111153951784643,"0.162551797267999",-0.0243323532687902,0.83349619832291
"050104",0.418488762961964,0.125194257693951,0.957934068676809,NA,-0.408457168302908,-0.0473664851055052,0.911111430848875,NA,6,0.166666666666667,0.326150811128864,"0.420497616069356",-0.0243323532687902,0.83349619832291
"050107",-0.312520429029181,0.47019239843302,0.252102932771738,NA,-0.263772901212752,0.744061346074881,1.6825255601444,0.707738223110458,7,0.142857142857143,0.468618161470367,"0.591425030769222",-0.0243323532687902,0.83349619832291
"050108",0.29006822923379,0.275348888896448,0.339437008411108,-0.0726164882667263,0.175269012715996,0.42516248468749,0.0368420843139429,-0.25283463552027,8,0.125,0.152084573058972,"0.211658945394992",-0.0243323532687902,0.83349619832291
"050110",NA,0.947469619040956,NA,NA,NA,-0.606021424762248,-0.0660131329254609,-0.115609941430166,4,0.25,0.03995627998077,"0.0771312855162583",-0.0243323532687902,0.83349619832291
"050112",-1.23545481428441,-0.0714368069759844,-0.021352943410551,NA,0.0854649848669337,-0.0659883164273967,-0.168868350164865,-0.25283463552027,7,0.142857142857143,-0.247210125988078,"-0.26740106693677",-0.0243323532687902,0.83349619832291
"050113",NA,NA,NA,NA,NA,-1.65117170770341,0.139697301553347,NA,2,0.5,-0.755737203075029,"-0.877514320134765",-0.0243323532687902,0.83349619832291
"050115",0.291479443890144,-1.00096547632477,0.821921983664676,NA,1.14814598108083,0.255238273875231,0.293980127412452,0.0216147526599381,7,0.142857142857143,0.261630726608358,"0.3430886432986",-0.0243323532687902,0.83349619832291
"050116",0.690853191638202,0.754413664637746,0.595712410697128,NA,0.552778537192608,0.597414424414986,1.11682186532768,-0.25283463552027,7,0.142857142857143,0.57930849405544,"0.724227475228831",-0.0243323532687902,0.83349619832291
"050118",NA,NA,NA,NA,NA,-0.0962487923254703,0.191124910173049,NA,2,0.5,0.0474380589237892,"0.0861076659221598",-0.0243323532687902,0.83349619832291
"050121",-0.30828678506012,0.947469619040956,0.763222031185755,NA,1.14814598108083,0.0806586052324984,1.21967708256709,-0.115609941430166,7,0.142857142857143,0.533610941802406,"0.669401127676218",-0.0243323532687902,0.83349619832291
"050122",-2.15980041419599,0.947469619040956,1.19846070322458,NA,NA,0.941918303869977,0.551118170510961,NA,5,0.2,0.295833276490096,"0.384123683351042",-0.0243323532687902,0.83349619832291
"050124",0.277367297326608,0.504155945966918,1.19846070322458,NA,1.14814598108083,0.213339153400975,0.49969056189126,0.158839446750041,7,0.142857142857143,0.571428441377317,"0.714773259727934",-0.0243323532687902,0.83349619832291
"050125",0.0148813712448453,0.450529291966027,-0.645576828308342,NA,1.14814598108083,0.669574020787315,0.0882696929336448,0.43328883493025,7,0.142857142857143,0.308444623519225,"0.399254342680387",-0.0243323532687902,0.83349619832291
"050126",0.587834521724392,-2.36129493281405,1.19846070322458,NA,-1.71227860966707,0.504305267805528,0.705400996370067,0.707738223110458,7,0.142857142857143,-0.0528334043208707,"-0.0341945783429222",-0.0243323532687902,0.83349619832291
"050127",0.881367170245933,-0.478999377382761,1.19846070322458,NA,NA,-0.440752671780462,-0.168868350164865,NA,5,0.2,0.198241494828485,"0.267036428654528",-0.0243323532687902,0.83349619832291
"050128",-0.61310915083249,0.947469619040956,-0.407913606076614,NA,-0.210555699524419,-0.287122563374858,0.345407736032154,-2.44842974096194,7,0.142857142857143,-0.382036200813887,"-0.429160742742244",-0.0243323532687902,0.83349619832291
"050129",0.881367170245933,0.679336349036498,0.790424448188182,NA,-0.275414164082075,0.481027978653164,-0.168868350164865,-2.72287912914214,7,0.142857142857143,-0.0478579567521867,"-0.0282252079022468",-0.0243323532687902,0.83349619832291
"050131",NA,NA,NA,NA,NA,0.304120581095196,0.756828604989769,1.9427604699214,3,0.333333333333333,1.00123655200212,"1.23044221117562",-0.0243323532687902,0.83349619832291
"050132",-0.926398804542981,0.947469619040956,1.19846070322458,NA,1.14814598108083,0.636985815974005,0.242552518792751,0.707738223110458,7,0.142857142857143,0.564993436668658,"0.707052762955895",-0.0243323532687902,0.83349619832291
"050133",-0.05850179088554,-0.0338981491753605,-0.0843480143635391,NA,-0.985531199110769,0.397229737704653,0.49969056189126,-1.89953096460152,7,0.142857142857143,-0.30926997407726,"-0.341858332865581",-0.0243323532687902,0.83349619832291
"050135",0.881367170245933,0.947469619040956,NA,NA,1.14814598108083,0.941918303869977,0.705400996370067,NA,5,0.2,0.924860414121553,"1.13880875437732",-0.0243323532687902,0.83349619832291
"050136",NA,NA,NA,NA,NA,0.241271900383812,0.551118170510961,0.707738223110458,3,0.333333333333333,0.500042764668411,"0.629127186173499",-0.0243323532687902,0.83349619832291
"050137",-0.0429784296656508,-1.31736273493003,0.332278477620996,NA,0.51785474858464,-0.36393761757766,0.396835344651856,NA,6,0.166666666666667,-0.0795517018859752,"-0.0662502705210806",-0.0243323532687902,0.83349619832291
"050138",0.263255150763072,-0.305606529446544,0.383819899309804,NA,0.466300584449067,0.0643645028258433,0.0882696929336448,NA,6,0.166666666666667,0.160067216805815,"0.221236246122823",-0.0243323532687902,0.83349619832291
"050139",0.0642738842172201,0.0268787253589834,0.121817672391695,0.146748424976515,0.280040378539901,-0.12883699713878,-0.014585524305759,NA,7,0.142857142857143,0.0709052234342535,"0.114262760759644",-0.0243323532687902,0.83349619832291
"050140",0.508806500968592,0.157370250094486,0.28216876209021,-2.73050299523716,0.384811744363807,0.269204647366649,0.0882696929336448,NA,7,0.142857142857143,-0.148553056774252,"-0.149035716965966",-0.0243323532687902,0.83349619832291
"050145",0.298535517171911,-0.872261506722632,0.867736580721394,NA,0.5195177861374,0.041087213673479,-2.48311073805145,-1.62508157642131,7,0.142857142857143,-0.464796674784458,"-0.52845390585096",-0.0243323532687902,0.83349619832291
"050149",-0.558071779234701,0.586383482101619,-3.13531383710939,1.12011645862327,-1.80707175017441,0.127213183537227,-0.32315117602397,-0.801733411880687,8,0.125,-0.598953603770131,"-0.689410763549426",-0.0243323532687902,0.83349619832291
"050150",NA,-0.747132647387218,1.19846070322458,NA,NA,0.343691972654215,0.859683822229173,-4.36957545822339,5,0.2,-0.542974321500529,"-0.622248750834504",-0.0243323532687902,0.83349619832291
"050152",0.881367170245933,0.123406702560588,NA,NA,NA,0.941918303869977,0.808256213609471,-0.25283463552027,5,0.2,0.50042275095314,"0.629583080616081",-0.0243323532687902,0.83349619832291
"050158",NA,0.947469619040956,NA,NA,NA,0.941918303869977,0.293980127412452,NA,3,0.333333333333333,0.727789350107795,"0.902369686736353",-0.0243323532687902,0.83349619832291
"050159",-0.332277434218131,-1.88044260193939,-0.450864790817288,NA,0.271725190776099,-2.33319627986768,0.242552518792751,0.296064140840146,7,0.142857142857143,-0.598062750919071,"-0.688341949015115",-0.0243323532687902,0.83349619832291
"050167",0.640049464009473,0.947469619040956,0.821921983664676,NA,0.183584200479798,0.469389334076982,-2.53453834667115,NA,6,0.166666666666667,0.087979375766789,"0.134747740015567",-0.0243323532687902,0.83349619832291
"050168",0.738834489954223,0.377239531498142,0.960797480992854,1.12011645862327,-0.46001133243848,0.108591352215336,1.06539425670798,0.158839446750041,8,0.125,0.50872521053792,"0.639544085359098",-0.0243323532687902,0.83349619832291
"050169",0.479170993185167,0.421928409832218,-0.197452800847313,0.359991526687386,0.15364952453011,-0.738701972930725,-0.426006393263374,0.0216147526599381,8,0.125,0.00927425498167599,"0.0403200498311648",-0.0243323532687902,0.83349619832291
"050174",-1.18041744268662,-1.26016097066241,-1.20823734841117,NA,-0.157338497836086,0.0597090449953705,1.21967708256709,0.158839446750041,7,0.142857142857143,-0.338275526469113,"-0.376658194520878",-0.0243323532687902,0.83349619832291
"050179",-1.33565105488551,0.947469619040956,1.19846070322458,NA,1.14814598108083,0.567153948516912,0.705400996370067,NA,6,0.166666666666667,0.538496698891306,"0.675262890571754",-0.0243323532687902,0.83349619832291
"050180",-0.167165319424764,0.237810231095824,-2.92485303188009,-0.265453551536366,0.336583655333755,-0.140475641714962,-0.734572044981585,0.707738223110458,8,0.125,-0.368798434999716,"-0.413278527753374",-0.0243323532687902,0.83349619832291
"050191",0.491871925092349,0.604259033435249,-0.652735359098454,NA,0.349887955755839,0.199372779909556,-0.014585524305759,NA,6,0.166666666666667,0.16301180179813,"0.224769057668023",-0.0243323532687902,0.83349619832291
"050192",NA,NA,NA,NA,NA,-1.19959229814754,NA,NA,1,1,-1.19959229814754,"-1.41003635918617",-0.0243323532687902,0.83349619832291
"050194",NA,NA,NA,NA,NA,-1.45797020773878,0.602545779130663,NA,2,0.5,-0.427712214304059,"-0.483961248829827",-0.0243323532687902,0.83349619832291
"050195",0.881367170245933,0.198484018161836,-1.47310298764532,NA,-0.722771265774625,0.432145671433199,0.396835344651856,0.844962917200563,7,0.142857142857143,0.07970298118192,"0.12481800716073",-0.0243323532687902,0.83349619832291
"050197",-0.421183957568405,0.947469619040956,NA,NA,NA,0.648624460550187,0.448262953271558,0.982187611290668,5,0.2,0.521072137316993,"0.654357502389572",-0.0243323532687902,0.83349619832291
"050204",0.184227130007273,0.450529291966027,-0.60978417435778,NA,1.14814598108083,0.436801129263672,0.705400996370067,0.570513529020354,7,0.142857142857143,0.412261983335778,"0.523810831390769",-0.0243323532687902,0.83349619832291
"050211",0.881367170245933,NA,NA,NA,NA,-1.25080233428274,0.551118170510961,NA,3,0.333333333333333,0.0605610021580516,"0.101852120738711",-0.0243323532687902,0.83349619832291
"050222",-0.416950313599345,-0.766795753854212,0.0903201369152005,NA,-0.737738603749468,-0.0380555694445595,-0.631716827742182,NA,6,0.166666666666667,-0.416822821912428,"-0.47089653130197",-0.0243323532687902,0.83349619832291
"050224",0.76141392445588,0.214572014362104,-0.127299199104213,0.755868672447281,1.14814598108083,-0.312727581442458,0.0882696929336448,NA,7,0.142857142857143,0.361177643533296,"0.462521601871462",-0.0243323532687902,0.83349619832291
"050226",0.881367170245933,0.162732915494575,NA,NA,0.122051811027663,0.122557725706754,0.49969056189126,NA,5,0.2,0.357680036873237,"0.458325293997357",-0.0243323532687902,0.83349619832291
"050228",0.0727411721553414,-0.757857978187397,-1.81098564093862,NA,0.00896525743995486,-0.475668605509008,-0.631716827742182,0.296064140840146,7,0.142857142857143,-0.471208354563109,"-0.536146418176214",-0.0243323532687902,0.83349619832291
"050230",-1.91848270795954,NA,NA,NA,NA,-0.147458828460672,0.705400996370067,NA,3,0.333333333333333,-0.453513513350047,"-0.514916757802637",-0.0243323532687902,0.83349619832291
"050231",-0.148819528892168,0.126981812827314,0.814763452874563,NA,0.444681096263182,0.0690199606563162,1.83680838600351,0.43328883493025,7,0.142857142857143,0.510960573523281,"0.642225996794157",-0.0243323532687902,0.83349619832291
"050232",0.881367170245933,-0.327057191046901,0.0659811322288188,NA,NA,0.643969002719714,1.4768151256656,0.982187611290668,6,0.166666666666667,0.620543808517305,"0.773700183736482",-0.0243323532687902,0.83349619832291
"050234",NA,-0.468274046582582,NA,NA,NA,-2.04921335220883,-1.1459929139392,1.25663699947087,4,0.25,-0.601710828314935,"-0.692718786489845",-0.0243323532687902,0.83349619832291
"050235",-0.718950250059007,0.132344478227403,0.683046486336497,0.194702615313409,0.108747510605579,-0.177719304358745,0.242552518792751,-1.07618280006089,8,0.125,-0.0764323431503759,"-0.0625077714648452",-0.0243323532687902,0.83349619832291
"050236",-0.800800700127514,0.947469619040956,0.257829757403828,NA,-2.1895703873093,0.143507285943882,-0.477434001883076,0.0216147526599381,7,0.142857142857143,-0.299626239181613,"-0.330288112251437",-0.0243323532687902,0.83349619832291
"050238",-0.703426888839118,-0.990240145524594,0.725997671077171,NA,0.0438890460479235,-0.522223183813737,-1.40313095703771,0.296064140840146,7,0.142857142857143,-0.364724331035703,"-0.408390558291472",-0.0243323532687902,0.83349619832291
"050239",0.29006822923379,0.793739877571733,1.19846070322458,NA,0.0937801726307358,0.723111785837753,1.27110469118679,0.570513529020354,7,0.142857142857143,0.705825569815105,"0.876018300447029",-0.0243323532687902,0.83349619832291
"050242",0.881367170245933,-0.0696492518426213,0.695931841758699,NA,-0.559793585604104,-0.126509268223544,-0.734572044981585,0.296064140840146,7,0.142857142857143,0.0546912860275605,"0.094809837711744",-0.0243323532687902,0.83349619832291
"050243",-0.00205320463139743,-0.117913240443424,0.83051222061281,NA,-0.383511605011501,-0.10323197907118,1.16824947394738,NA,6,0.166666666666667,0.232008610900449,"0.307549050235654",-0.0243323532687902,0.83349619832291
"050245",0.232208428323294,-0.56658957891755,-0.628396354412072,NA,-0.107447371253274,0.127213183537227,0.602545779130663,NA,6,0.166666666666667,-0.056744318931952,"-0.0388867588459052",-0.0243323532687902,0.83349619832291
"050248",0.881367170245933,0.0769302690931489,1.19846070322458,NA,0.339909730439276,0.0201376534363511,-0.940282479460392,NA,6,0.166666666666667,0.26275384116315,"0.344436117416721",-0.0243323532687902,0.83349619832291
"050254",NA,0.947469619040956,NA,NA,NA,-0.792239737981163,0.705400996370067,-0.938958105970791,4,0.25,-0.0195818071352326,"0.00569954145335779",-0.0243323532687902,0.83349619832291
"050257",NA,NA,NA,NA,NA,0.941918303869977,-0.271723567404269,NA,2,0.5,0.335097368232854,"0.431231386807592",-0.0243323532687902,0.83349619832291
"05025F",NA,0.947469619040956,NA,NA,NA,NA,0.705400996370067,0.158839446750041,3,0.333333333333333,0.603903354053688,"0.75373554022989",-0.0243323532687902,0.83349619832291
"050261",0.881367170245933,0.0447542766926139,NA,NA,NA,0.476372520822691,-0.426006393263374,0.296064140840146,5,0.2,0.254510343067602,"0.334545852635508",-0.0243323532687902,0.83349619832291
"050262",-0.193978397895482,-0.468274046582582,-0.340623416649559,0.238575597962057,0.0172804452037569,-0.184702491104455,0.49969056189126,NA,7,0.142857142857143,-0.0617188210250005,"-0.0448549949375129",-0.0243323532687902,0.83349619832291
"050272",-0.380258732534152,-0.0303230389086343,0.0674128383868412,NA,-0.619662937503479,-1.03199581625051,0.191124910173049,-1.213407494151,7,0.142857142857143,-0.431015752969699,"-0.487924720615645",-0.0243323532687902,0.83349619832291
"050276",NA,0.0286662804923464,-0.738637728579801,NA,1.14814598108083,0.341364243738978,-0.426006393263374,NA,5,0.2,0.0707064766937967,"0.114024311273184",-0.0243323532687902,0.83349619832291
"050278",0.115077611845948,-0.505812704383206,0.028756772120235,0.734442332083988,0.719082292468649,0.397229737704653,0.345407736032154,-0.25283463552027,8,0.125,0.197668642794019,"0.266349140535374",-0.0243323532687902,0.83349619832291
"050279",NA,NA,NA,NA,NA,0.941918303869977,0.139697301553347,NA,2,0.5,0.540807802711662,"0.678035673249115",-0.0243323532687902,0.83349619832291
"05027F",0.881367170245933,-0.732832206320314,NA,NA,NA,NA,0.0368420843139429,0.0216147526599381,4,0.25,0.0517479502248749,"0.0912785249011903",-0.0243323532687902,0.83349619832291
"050280",0.624526102789584,0.547057269167632,0.750336675763553,NA,0.752343043523857,0.115574538961045,-1.1974205225589,-1.07618280006089,7,0.142857142857143,0.0737477582265535,"0.117673135993532",-0.0243323532687902,0.83349619832291
"050281",NA,0.947469619040956,1.19846070322458,NA,NA,0.35998607506087,0.242552518792751,NA,4,0.25,0.687117229029789,"0.853572678231884",-0.0243323532687902,0.83349619832291
"050283",0.59912423897522,0.21814712462883,0.578531936800858,NA,1.14814598108083,0.650952189465424,1.06539425670798,-1.62508157642131,7,0.142857142857143,0.376459164462548,"0.480855843779224",-0.0243323532687902,0.83349619832291
"050289",NA,-0.657754890719066,NA,NA,NA,0.941918303869977,0.448262953271558,NA,3,0.333333333333333,0.244142122140823,"0.322106418661315",-0.0243323532687902,0.83349619832291
"050290",0.143301904973019,-0.334207411580353,1.19846070322458,NA,-1.72059379743087,-0.699130581371705,0.705400996370067,3.04055802264223,7,0.142857142857143,0.333398548118139,"0.429193201008864",-0.0243323532687902,0.83349619832291
"050291",0.53985322340837,0.561357710234536,1.19846070322458,NA,-0.727760378432906,0.460078418416036,-0.168868350164865,1.80553577583129,7,0.142857142857143,0.524093871788149,"0.657982875219391",-0.0243323532687902,0.83349619832291
"050292",0.57936723378627,0.818765649438816,1.19846070322458,1.12011645862327,-1.30649744679353,0.39257427987418,0.345407736032154,NA,7,0.142857142857143,0.44974208774082,"0.568778168350981",-0.0243323532687902,0.83349619832291
"050295",0.552554155315553,0.947469619040956,0.91784629625218,0.494671380399515,0.401442119891411,0.678884936448261,-0.477434001883076,NA,7,0.142857142857143,0.502204929352114,"0.63172127681009",-0.0243323532687902,0.83349619832291
"050298",NA,NA,NA,NA,NA,-4.13485846026068,-1.55741378289682,NA,2,0.5,-2.84613612157875,"-3.38550286610515",-0.0243323532687902,0.83349619832291
"050300",-0.658268019835804,0.262836002962906,0.43965643947268,NA,0.240127477273652,-0.154442015206381,-0.271723567404269,-1.213407494151,7,0.142857142857143,-0.193603025269745,"-0.203085115854814",-0.0243323532687902,0.83349619832291
"050301",NA,0.947469619040956,1.19846070322458,NA,NA,-0.0683160453426331,0.396835344651856,NA,4,0.25,0.61861240539369,"0.771382952863083",-0.0243323532687902,0.83349619832291
"050305",0.645694322634888,0.287861774829989,-2.61560450174724,NA,-0.415109318513949,0.462406147331273,0.653973387750365,-0.115609941430166,7,0.142857142857143,-0.15662687559212,"-0.158722406400319",-0.0243323532687902,0.83349619832291
"050308",0.563843872566381,0.168095580894665,0.528422221270072,-0.43584397252065,0.80556024521219,0.0341040269277697,-0.117440741545163,-1.76230627051142,8,0.125,-0.0269456297132689,"-0.00313531897294426",-0.0243323532687902,0.83349619832291
"050309",0.47634856387246,0.947469619040956,0.698795254074744,NA,0.995146526226877,0.578792593093094,0.49969056189126,-4.36957545822339,7,0.142857142857143,-0.024761762860572,"-0.000515190822280658",-0.0243323532687902,0.83349619832291
"05030F",0.881367170245933,0.947469619040956,NA,NA,NA,NA,-1.2488481311786,NA,3,0.333333333333333,0.193329552702761,"0.261143249854663",-0.0243323532687902,0.83349619832291
"050313",-0.429651245506527,0.947469619040956,NA,NA,NA,0.941918303869977,0.808256213609471,-0.390059329610375,5,0.2,0.3755867122807,"0.479809105733384",-0.0243323532687902,0.83349619832291
"050315",-0.16152046079935,-0.0553488107757171,1.19846070322458,-0.478696653247237,0.0422260084951631,0.280843291942831,-0.0660131329254609,NA,7,0.142857142857143,0.108564420844973,"0.159444967332985",-0.0243323532687902,0.83349619832291
"05031F",-0.621576438770611,-0.364595848847525,NA,NA,NA,NA,0.242552518792751,0.570513529020354,4,0.25,-0.0432765599512579,"-0.0227286059859489",-0.0243323532687902,0.83349619832291
"050320",0.345105600831579,-1.7785519593377,-2.57408502316459,NA,-1.27323669573832,-0.936558930725821,-0.32315117602397,NA,6,0.166666666666667,-1.0900796973598,"-1.2786469167291",-0.0243323532687902,0.83349619832291
"050324",0.479170993185167,-0.441460719582136,0.577100230642836,1.12011645862327,0.662539015674795,0.234288713638103,-1.96883465185443,0.570513529020354,8,0.125,0.154179196168495,"0.214172001979698",-0.0243323532687902,0.83349619832291
"050327",0.301357946484618,0.157370250094486,0.548466107482386,0.142667217288268,0.692473691624483,0.450767502755091,1.4768151256656,NA,7,0.142857142857143,0.538559691627847,"0.675338467085082",-0.0243323532687902,0.83349619832291
"050329",NA,0.947469619040956,0.625778240015599,NA,0.371507443941724,0.65327991838066,0.962539039468576,NA,5,0.2,0.712114852169503,"0.883563964562897",-0.0243323532687902,0.83349619832291
"050334",-0.53408113007669,0.947469619040956,0.661570893966161,NA,0.35487706841412,0.120229996791518,0.0882696929336448,NA,6,0.166666666666667,0.273056023511618,"0.356796320581651",-0.0243323532687902,0.83349619832291
"050335",NA,-1.24407297446215,-1.35999820116155,NA,NA,-0.452391316356644,0.653973387750365,NA,4,0.25,-0.600622276057493,"-0.691412779024385",-0.0243323532687902,0.83349619832291
"050336",-0.188333539270068,0.473767508699747,-0.307694175015042,NA,-0.722771265774625,-0.806206111472581,0.0882696929336448,NA,6,0.166666666666667,-0.243827981649821,"-0.26334328677525",-0.0243323532687902,0.83349619832291
"050342",NA,-1.66951109620255,NA,NA,NA,0.941918303869977,-0.785999653601287,NA,3,0.333333333333333,-0.504530815311288,"-0.576125557631471",-0.0243323532687902,0.83349619832291
"050348",0.402965401742075,0.293224440230078,0.472585681107196,0.538544363048163,-0.00600208053488864,0.0690199606563162,0.49969056189126,1.39386169356098,8,0.125,0.457986252712647,"0.57866923322736",-0.0243323532687902,0.83349619832291
"050350",NA,NA,NA,NA,NA,NA,-2.48311073805145,0.570513529020354,2,0.5,-0.956298604515547,"-1.11814097427436",-0.0243323532687902,0.83349619832291
"050351",0.463647631965278,-0.925888160723524,0.491197861161488,-0.0481292421372482,0.620963076855785,0.0620367739106069,-1.86597943461503,2.76610863446202,8,0.125,0.195494642609923,"0.263740850073498",-0.0243323532687902,0.83349619832291
"050352",NA,NA,NA,NA,NA,-1.83506229200708,0.602545779130663,NA,2,0.5,-0.61625825643821,"-0.710172289160338",-0.0243323532687902,0.83349619832291
"050353",0.881367170245933,0.371876866098053,1.19846070322458,0.116139367314667,0.790592907237347,0.353002888315161,0.49969056189126,0.982187611290668,8,0.125,0.649164759452209,"0.808038613824697",-0.0243323532687902,0.83349619832291
"050357",NA,NA,NA,NA,NA,0.941918303869977,-0.426006393263374,0.982187611290668,3,0.333333333333333,0.49936650729909,"0.628315835898979",-0.0243323532687902,0.83349619832291
"050360",-0.144585884923107,-0.697081103653053,-0.0328065926747306,NA,1.14814598108083,0.252910544959994,-0.220295958784567,-0.527284023700479,7,0.142857142857143,-0.0315710053850154,"-0.00868468522206843",-0.0243323532687902,0.83349619832291
"050367",0.570899945848149,-1.5461697920005,0.757495206553665,NA,-0.0126542307459303,-0.438424942865225,-0.220295958784567,0.570513529020354,7,0.142857142857143,-0.0455194632820081,"-0.0254195640674173",-0.0243323532687902,0.83349619832291
"050373",0.12354489978407,0.514881276767097,0.989431604153303,1.12011645862327,-1.1900848181003,0.788288195464373,0.139697301553347,NA,7,0.142857142857143,0.355124988320737,"0.455259834841525",-0.0243323532687902,0.83349619832291
"050376",-0.630043726708733,-0.977727259591052,-1.29843483636658,NA,-0.802597068307124,-0.533861828389919,-2.07168986909383,0.43328883493025,7,0.142857142857143,-0.840152250503856,"-0.978792583429402",-0.0243323532687902,0.83349619832291
"050378",-1.60095941027998,-3.4910297770995,NA,NA,NA,-0.496618165746136,0.191124910173049,NA,4,0.25,-1.34937061073814,"-1.58973521431229",-0.0243323532687902,0.83349619832291
"050380",0.0699187428426343,-0.586252685384544,-1.97706355526923,1.12011645862327,0.146997374319069,0.343691972654215,0.808256213609471,0.158839446750041,8,0.125,0.010562996018116,"0.0418662368912055",-0.0243323532687902,0.83349619832291
"050382",0.881367170245933,-0.22695410357857,0.91211947162009,NA,-0.636293313031083,-0.613004611507958,0.756828604989769,0.158839446750041,7,0.142857142857143,0.176128952212603,"0.240506562459127",-0.0243323532687902,0.83349619832291
"050390",0.455180344027157,0.947469619040956,-0.878944932066002,NA,-0.21388177462994,0.211011424485738,0.653973387750365,NA,6,0.166666666666667,0.195801344768046,"0.264108820747797",-0.0243323532687902,0.83349619832291
"050393",-1.03506233308221,0.947469619040956,1.19846070322458,NA,0.218507989087766,0.29480966543425,0.705400996370067,NA,6,0.166666666666667,0.388264440012569,"0.495019406341087",-0.0243323532687902,0.83349619832291
"050394",-0.333688648874485,-0.178690114977768,-0.946235121493058,NA,0.84381010892568,-0.894659810251566,0.911111430848875,0.0216147526599381,7,0.142857142857143,-0.0823910575946261,"-0.0696568316000201",-0.0243323532687902,0.83349619832291
"050396",-0.467754041228073,0.550632379434358,-1.37717867505782,-2.05506312283239,0.428050720735578,-0.0939210634102339,0.293980127412452,-0.390059329610375,8,0.125,-0.388914125569562,"-0.437412639714917",-0.0243323532687902,0.83349619832291
"050407",NA,NA,NA,NA,NA,-1.2484746053675,-0.631716827742182,NA,2,0.5,-0.940095716554842,"-1.09870130797078",-0.0243323532687902,0.83349619832291
"050411",-0.686492312962875,-0.46112382604913,-1.45305910143301,NA,-1.00715068729665,0.39257427987418,0.551118170510961,NA,6,0.166666666666667,-0.444022246226088,"-0.503529462763912",-0.0243323532687902,0.83349619832291
"050414",0.881367170245933,-0.218016327911755,1.19846070322458,NA,1.14814598108083,0.460078418416036,0.191124910173049,0.296064140840146,7,0.142857142857143,0.565317856581261,"0.707441990781116",-0.0243323532687902,0.83349619832291
"050417",NA,-2.46676068568247,NA,NA,NA,0.187734135333374,0.242552518792751,-1.3506321882411,4,0.25,-0.846776554949363,"-0.986740195498702",-0.0243323532687902,0.83349619832291
"050424",-1.74066966125899,-0.171539894444315,1.19846070322458,NA,0.0804758722086525,0.380935635297998,0.139697301553347,1.66831108174119,7,0.142857142857143,0.222238719760352,"0.295827471709255",-0.0243323532687902,0.83349619832291
"050425",0.099554250626059,-0.123275905843513,-0.12586749294619,0.250819221026796,-0.330294403323168,-0.12883699713878,0.139697301553347,NA,7,0.142857142857143,-0.0311720037207786,"-0.00820597678279823",-0.0243323532687902,0.83349619832291
"050426",0.450946700058096,0.105531151226958,1.19846070322458,NA,-0.985531199110769,0.792943653294846,1.06539425670798,NA,6,0.166666666666667,0.437957544233615,"0.554639479379253",-0.0243323532687902,0.83349619832291
"050438",-0.517146554200448,-1.27267385659596,NA,NA,0.649234715252712,-0.806206111472581,0.49969056189126,-1.213407494151,6,0.166666666666667,-0.443418123212669,"-0.502804656802427",-0.0243323532687902,0.83349619832291
"050441",0.0205262298702596,-0.112550575043335,-0.0356700049907755,1.12011645862327,-0.0974691459367112,-0.110215165816889,0.705400996370067,0.570513529020354,8,0.125,0.25758154026203,"0.338230569135244",-0.0243323532687902,0.83349619832291
"050444",0.661217683854777,0.698999455503491,0.117522553917627,NA,1.14814598108083,0.266876918451413,1.32253229980649,NA,6,0.166666666666667,0.702549148769105,"0.872087363446246",-0.0243323532687902,0.83349619832291
"050454",0.133423402378545,-0.541563807050467,-0.261879577958324,0.515077418840747,0.674180278544118,-0.42911402720428,-0.271723567404269,-0.938958105970791,8,0.125,-0.14006974822809,"-0.138857735874713",-0.0243323532687902,0.83349619832291
"050455",0.244909360230476,0.395115082831772,0.894938997723821,NA,0.807223282764951,0.0713476895715526,0.911111430848875,NA,6,0.166666666666667,0.554107640661908,"0.693992360246617",-0.0243323532687902,0.83349619832291
"050457",0.881367170245933,-0.468274046582582,NA,NA,1.14814598108083,0.941918303869977,0.191124910173049,-0.801733411880687,6,0.166666666666667,0.315424817817754,"0.407628939124347",-0.0243323532687902,0.83349619832291
"050464",-0.0232214244767009,0.15379513982776,0.193402980292817,NA,-0.694499627377698,0.094624978723917,-1.86597943461503,NA,6,0.166666666666667,-0.356979564604155,"-0.399098654564579",-0.0243323532687902,0.83349619832291
"050468",-1.0322399037695,0.947469619040956,NA,NA,-1.09695471514572,0.518271641296947,0.705400996370067,NA,5,0.2,0.008389527558551,"0.0392585843740876",-0.0243323532687902,0.83349619832291
"050471",0.314058878391801,0.636435025835784,1.19846070322458,NA,0.280040378539901,-0.370920804323369,-0.683144436361883,-0.390059329610375,7,0.142857142857143,0.14069577367092,"0.197995056572263",-0.0243323532687902,0.83349619832291
"050481",-1.47112766189546,0.355788869897785,-0.831698628851261,NA,-1.24662809489415,-0.736374244015488,-0.374578784643672,0.707738223110458,7,0.142857142857143,-0.513840045898827,"-0.587294451510376",-0.0243323532687902,0.83349619832291
"050485",0.168703768787384,-0.128638571243602,-1.28411777478636,-0.0909819228638348,-0.471652595307803,-0.799222924726872,-0.477434001883076,-3.54622729368277,8,0.125,-0.828696414463366,"-0.965048266342485",-0.0243323532687902,0.83349619832291
"050488",0.18704955931998,0.636435025835784,-0.161660146896752,NA,0.694136729177243,0.797599111125319,0.962539039468576,0.296064140840146,7,0.142857142857143,0.487451922695757,"0.614021128103902",-0.0243323532687902,0.83349619832291
"050492",-0.512912910231387,-0.166177229044226,-1.73796862687948,NA,-2.45898247085649,-0.908626183742984,-0.837427262220988,-0.25283463552027,7,0.142857142857143,-0.982132759785117,"-1.14913590301135",-0.0243323532687902,0.83349619832291
"050496",-0.174221392706532,-0.1626021187775,-0.783020619478497,NA,0.800571132553909,-0.910953912658221,-0.117440741545163,1.53108638765108,7,0.142857142857143,0.0262026764341542,"0.0606301862019607",-0.0243323532687902,0.83349619832291
"050498",0.881367170245933,NA,1.19846070322458,NA,NA,0.941918303869977,-0.220295958784567,0.0216147526599381,5,0.2,0.564612994243173,"0.706596321251361",-0.0243323532687902,0.83349619832291
"050503",0.285834585264729,0.545269714034269,0.648685538543958,NA,-1.5177032159941,0.569481677432149,0.0882696929336448,-1.3506321882411,7,0.142857142857143,-0.104399170860922,"-0.0960614070624861",-0.0243323532687902,0.83349619832291
"050506",-0.305464355747413,-0.0285354837752713,1.19846070322458,NA,NA,0.290154207603777,0.191124910173049,-1.89953096460152,6,0.166666666666667,-0.092298497187133,"-0.0815434360169831",-0.0243323532687902,0.83349619832291
"050510",-0.217969047053493,0.947469619040956,-2.45668511820675,NA,NA,-0.808533840387818,0.191124910173049,NA,5,0.2,-0.468918695286811,"-0.53339936392341",-0.0243323532687902,0.83349619832291
"050512",-0.476221329166194,-0.14472656744387,NA,NA,-1.37135591135118,0.204028237740029,0.139697301553347,NA,5,0.2,-0.329715653733574,"-0.366388354355125",-0.0243323532687902,0.83349619832291
"050515",0.724722343390687,-0.773945974387664,-1.20251052377908,NA,0.875407822428128,-0.391870364560497,-0.0660131329254609,NA,6,0.166666666666667,-0.139034971638981,"-0.137616246601947",-0.0243323532687902,0.83349619832291
"050516",0.299946731828265,-0.148301677710596,0.727429377235193,NA,-0.526532834548896,0.643969002719714,1.16824947394738,-0.390059329610375,7,0.142857142857143,0.253528677694384,"0.333368084368306",-0.0243323532687902,0.83349619832291
"050517",-2.03137988046782,-0.387834065581245,1.19846070322458,NA,NA,-1.09717222587713,0.49969056189126,0.43328883493025,6,0.166666666666667,-0.230824345313351,"-0.247741972260998",-0.0243323532687902,0.83349619832291
"050523",-0.1022494452325,0.947469619040956,1.19846070322458,NA,1.14814598108083,0.422834755772253,0.602545779130663,NA,6,0.166666666666667,0.702867898836131,"0.872469788786238",-0.0243323532687902,0.83349619832291
"050526",NA,-0.504025149249843,NA,NA,NA,-1.51150797278922,0.49969056189126,NA,3,0.333333333333333,-0.505280853382601,"-0.577025427448301",-0.0243323532687902,0.83349619832291
"050528",NA,NA,NA,NA,NA,0.941918303869977,0.293980127412452,NA,2,0.5,0.617949215641215,"0.770587280664686",-0.0243323532687902,0.83349619832291
"050534",0.881367170245933,0.947469619040956,1.19846070322458,NA,NA,0.941918303869977,0.448262953271558,NA,5,0.2,0.883495749930601,"1.08918085652466",-0.0243323532687902,0.83349619832291
"050537",NA,NA,NA,NA,NA,0.511288454551238,0.602545779130663,NA,2,0.5,0.556917116840951,"0.697363072896171",-0.0243323532687902,0.83349619832291
"050541",0.146124334285727,0.670398573369682,1.19846070322458,NA,1.14814598108083,0.329725599162796,0.448262953271558,NA,6,0.166666666666667,0.656853024065863,"0.817262728618651",-0.0243323532687902,0.83349619832291
"050543",NA,NA,NA,NA,NA,0.941918303869977,NA,NA,1,1,0.941918303869977,"1.15927422234555",-0.0243323532687902,0.83349619832291
"050549",0.41284390433655,-0.782883750054479,0.508378335057758,0.271225259468028,1.14814598108083,-0.694475123541233,0.859683822229173,1.39386169356098,8,0.125,0.389597515267201,"0.496618784067481",-0.0243323532687902,0.83349619832291
"050551",0.163058910161969,-0.836510404055371,-1.13665204051004,NA,-0.035936756484576,-0.522223183813737,-0.991710088080094,NA,6,0.166666666666667,-0.559995593796975,"-0.642670286446418",-0.0243323532687902,0.83349619832291
"050557",0.27031122404484,0.362939090431237,0.42247596557641,NA,-0.21388177462994,0.657935376211133,-0.117440741545163,0.158839446750041,7,0.142857142857143,0.220168369548366,"0.29334353691009",-0.0243323532687902,0.83349619832291
"050561",0.400142972429368,-0.26806787164592,0.144724970920054,NA,0.145334336766308,0.0713476895715526,0.448262953271558,NA,6,0.166666666666667,0.156957508552153,"0.217505325382071",-0.0243323532687902,0.83349619832291
"050567",0.00923651261943108,0.362939090431237,0.977977954889123,NA,0.353214030861359,0.26222146062094,0.396835344651856,1.25663699947087,7,0.142857142857143,0.517008770506403,"0.649482414994134",-0.0243323532687902,0.83349619832291
"050570",-0.690725956931936,0.548844824300995,-1.08224720650519,NA,0.828842770950836,-0.329021683849113,0.602545779130663,0.844962917200563,7,0.142857142857143,0.103314492042402,"0.153146283771939",-0.0243323532687902,0.83349619832291
"050573",0.568077516535442,0.461254622766205,0.19483468645084,0.455899907361175,0.15198648697735,0.192389593163847,1.32253229980649,1.66831108174119,8,0.125,0.626910774350317,"0.781339049811485",-0.0243323532687902,0.83349619832291
"050580",NA,-0.582677575117817,NA,NA,NA,0.497322081059819,0.653973387750365,NA,3,0.333333333333333,0.189539297897456,"0.256595832826329",-0.0243323532687902,0.83349619832291
"050581",-0.0133429218822259,-0.997390366058046,1.19846070322458,NA,0.68249546630792,0.313431496756141,-0.785999653601287,NA,6,0.166666666666667,0.0662757874578474,"0.108708523096988",-0.0243323532687902,0.83349619832291
"050586",NA,0.947469619040956,NA,NA,NA,0.941918303869977,0.602545779130663,NA,3,0.333333333333333,0.830644567347199,"1.02577182995711",-0.0243323532687902,0.83349619832291
"050588",0.881367170245933,0.947469619040956,NA,NA,NA,-0.822500213879236,0.653973387750365,-1.213407494151,5,0.2,0.0893804938014036,"0.136428753123286",-0.0243323532687902,0.83349619832291
"050589",NA,0.947469619040956,NA,NA,NA,0.681212665363497,0.139697301553347,NA,3,0.333333333333333,0.589459861985933,"0.73640673645512",-0.0243323532687902,0.83349619832291
"050590",NA,NA,NA,NA,-0.652923688558687,0.655607647295896,0.756828604989769,NA,3,0.333333333333333,0.253170854575659,"0.332938780528115",-0.0243323532687902,0.83349619832291
"050597",0.881367170245933,0.947469619040956,0.516968572005893,NA,-0.448370069569157,-1.03432354516575,-0.837427262220988,NA,6,0.166666666666667,0.00428074738948065,"0.0343290115969859",-0.0243323532687902,0.83349619832291
"050599",-0.213735403084432,-0.453973605515678,0.365207719255512,-0.632762243478536,-0.892401096156186,-1.83971774983756,0.0882696929336448,-0.664508717790581,8,0.125,-0.530452675459227,"-0.607225711657484",-0.0243323532687902,0.83349619832291
"050603",0.267488794732133,-0.103612799376519,0.708817197180902,NA,1.14814598108083,-0.775945635574508,0.0882696929336448,NA,6,0.166666666666667,0.222193871829414,"0.295773664708062",-0.0243323532687902,0.83349619832291
"050604",-0.515735339544094,0.339700873697518,-0.0385334173068205,NA,-1.61083331894868,-0.126509268223544,0.551118170510961,NA,6,0.166666666666667,-0.233465383302444,"-0.250910598577958",-0.0243323532687902,0.83349619832291
"050608",NA,NA,NA,NA,NA,0.941918303869977,-0.117440741545163,NA,2,0.5,0.412238781162407,"0.523782994223164",-0.0243323532687902,0.83349619832291
"050609",-0.631454941365086,-0.593402905917996,-0.28335517032866,1.12011645862327,0.562756762509171,0.0131544666906419,0.602545779130663,NA,7,0.142857142857143,0.112908635620286,"0.164657006432928",-0.0243323532687902,0.83349619832291
"050624",0.196928061914455,0.164520470627938,-1.81241734709664,NA,-0.438391844252595,-0.154442015206381,-1.1459929139392,NA,6,0.166666666666667,-0.531632597992071,"-0.608641342028947",-0.0243323532687902,0.83349619832291
"050625",0.0120589419321382,0.168095580894665,-0.234677160955897,0.641594857176383,0.393126932127609,-0.589727322355593,-0.32315117602397,1.25663699947087,8,0.125,0.165494706533276,"0.227747961159295",-0.0243323532687902,0.83349619832291
"050633",NA,-2.87432325608925,1.19846070322458,NA,NA,0.201700508824793,0.293980127412452,-0.527284023700479,5,0.2,-0.341493188065581,"-0.380518633960124",-0.0243323532687902,0.83349619832291
"050636",-1.65740799653413,0.219934679762193,1.19846070322458,NA,NA,-0.329021683849113,0.293980127412452,NA,5,0.2,-0.0548108339968024,"-0.0365670302868068",-0.0243323532687902,0.83349619832291
"050641",NA,NA,NA,NA,NA,-0.22660161157871,0.191124910173049,NA,2,0.5,-0.0177383507028308,"0.00791125691902044",-0.0243323532687902,0.83349619832291
"050663",NA,-0.119700795576787,NA,NA,-0.122414709228117,0.562498490686439,1.6825255601444,NA,4,0.25,0.500727136506484,"0.629948271907844",-0.0243323532687902,0.83349619832291
"050668",NA,NA,NA,NA,NA,NA,NA,NA,0,NA,NA,"NaN",-0.0243323532687902,0.83349619832291
"050674",-0.145997099579461,-0.243042099778838,0.230627340401401,NA,-0.240490375474106,-0.163752930867327,0.705400996370067,NA,6,0.166666666666667,0.0237909718452895,"0.0577367061912332",-0.0243323532687902,0.83349619832291
"050677",-0.906641799354031,-1.22798497826188,-0.340623416649559,NA,0.062182459128288,0.42516248468749,-0.014585524305759,NA,6,0.166666666666667,-0.333748462459242,"-0.371226779213909",-0.0243323532687902,0.83349619832291
"050678",-0.821968919972817,0.947469619040956,0.266419994351963,-0.955177650849997,-0.884085908392384,-0.203324322426346,-0.168868350164865,NA,7,0.142857142857143,-0.259933648344784,"-0.282666310356365",-0.0243323532687902,0.83349619832291
"050684",NA,NA,NA,NA,NA,0.941918303869977,0.139697301553347,NA,2,0.5,0.540807802711662,"0.678035673249115",-0.0243323532687902,0.83349619832291
"050686",0.53985322340837,0.0965933755601425,0.256398051245805,NA,0.689147616518962,0.390246550958943,0.756828604989769,NA,6,0.166666666666667,0.454844570446999,"0.574899951169481",-0.0243323532687902,0.83349619832291
"050689",NA,NA,0.160473738658301,NA,NA,-0.643265087406031,0.859683822229173,0.296064140840146,4,0.25,0.168239153580397,"0.231040654098559",-0.0243323532687902,0.83349619832291
"050690",-0.28429613590211,0.947469619040956,0.127544497023784,NA,-0.315327065348325,0.222650069061921,0.242552518792751,NA,6,0.166666666666667,0.156765583778163,"0.217275060655757",-0.0243323532687902,0.83349619832291
"050696",-0.100838230576147,0.47019239843302,0.0559591891226616,0.249798919104735,0.632604339725108,-0.45471904527188,1.06539425670798,1.11941230538077,8,0.125,0.379725516578281,"0.484774700424648",-0.0243323532687902,0.83349619832291
"050697",NA,NA,NA,NA,NA,NA,0.0882696929336448,-0.938958105970791,2,0.5,-0.425344206518573,"-0.481120194737138",-0.0243323532687902,0.83349619832291
"050701",0.881367170245933,-0.511175369783295,0.0688445445448637,1.12011645862327,0.326605430017193,-0.0380555694445595,-1.0431376966998,NA,7,0.142857142857143,0.114937852500515,"0.167091590878918",-0.0243323532687902,0.83349619832291
"050704",-0.727417537997128,-2.5865268796178,NA,NA,1.14814598108083,-0.873710250014438,0.808256213609471,-0.527284023700479,6,0.166666666666667,-0.459756082773257,"-0.522406377354317",-0.0243323532687902,0.83349619832291
"050708",NA,NA,NA,NA,NA,NA,0.911111430848875,0.296064140840146,2,0.5,0.60358778584451,"0.753356932373235",-0.0243323532687902,0.83349619832291
"050709",0.881367170245933,0.0393916112925248,NA,NA,1.14814598108083,0.574137135262621,0.808256213609471,-0.664508717790581,6,0.166666666666667,0.464464898950134,"0.586442089600937",-0.0243323532687902,0.83349619832291
"050710",-0.267361560025867,0.375451976364779,-0.400755075286502,NA,0.23347532706261,-0.475668605509008,0.345407736032154,NA,6,0.166666666666667,-0.0315750335603058,"-0.00868951808789136",-0.0243323532687902,0.83349619832291
"050714",NA,NA,NA,0.161032651885377,NA,NA,-0.0660131329254609,NA,2,0.5,0.047509759479958,"0.0861936897772332",-0.0243323532687902,0.83349619832291
"050717",0.881367170245933,-4.37765712324758,NA,NA,NA,-1.82109591851566,0.396835344651856,NA,4,0.25,-1.23013763171636,"-1.44668359720631",-0.0243323532687902,0.83349619832291
"050723",-0.0768475814181363,0.261048447829543,0.403863785522118,NA,1.14814598108083,-1.22985277404561,-0.117440741545163,NA,6,0.166666666666667,0.0648195195705976,"0.106961343097631",-0.0243323532687902,0.83349619832291
"050726",NA,NA,NA,NA,NA,NA,0.139697301553347,0.43328883493025,2,0.5,0.286493068241798,"0.372917623542861",-0.0243323532687902,0.83349619832291
"050735",0.881367170245933,0.947469619040956,NA,NA,1.14814598108083,-0.140475641714962,0.602545779130663,NA,5,0.2,0.687810581556685,"0.854404538687025",-0.0243323532687902,0.83349619832291
"050736",NA,NA,NA,NA,NA,0.241271900383812,0.448262953271558,NA,2,0.5,0.344767426827685,"0.442833189688383",-0.0243323532687902,0.83349619832291
"050737",-1.51064167227336,-1.91798125974002,-2.4280509950463,NA,0.100432322841777,-0.25918981639202,0.139697301553347,NA,6,0.166666666666667,-0.979289019842762,"-1.14572408187998",-0.0243323532687902,0.83349619832291
"050738",-0.277240062620342,0.184183577094932,NA,NA,NA,-0.668870105473632,0.242552518792751,NA,4,0.25,-0.129843518051573,"-0.126588657506877",-0.0243323532687902,0.83349619832291
"050739",-0.428240030850173,0.647160356635963,1.19846070322458,NA,-0.107447371253274,0.941918303869977,0.911111430848875,NA,6,0.166666666666667,0.527160565412658,"0.66166218849122",-0.0243323532687902,0.83349619832291
"050740",-0.123417665077804,0.947469619040956,1.19846070322458,NA,-0.478304745518845,0.446112044924618,0.551118170510961,0.0216147526599381,7,0.142857142857143,0.366150411394915,"0.468487757291997",-0.0243323532687902,0.83349619832291
"050744",NA,NA,NA,NA,0.221834064193287,0.65327991838066,0.139697301553347,NA,3,0.333333333333333,0.338270428042431,"0.435038314560786",-0.0243323532687902,0.83349619832291
"050745",NA,NA,NA,NA,NA,-0.0124505513769588,0.0882696929336448,1.25663699947087,3,0.333333333333333,0.444152047009187,"0.562071430224423",-0.0243323532687902,0.83349619832291
"050746",0.297124302515558,-1.82502839280514,1.19846070322458,NA,-1.01047676240218,-0.564122304287993,0.756828604989769,NA,6,0.166666666666667,-0.191202308127566,"-0.200204818203776",-0.0243323532687902,0.83349619832291
"050747",NA,0.947469619040956,NA,NA,NA,0.632330358143532,0.345407736032154,NA,3,0.333333333333333,0.641735904405547,"0.799125729684842",-0.0243323532687902,0.83349619832291
"050748",0.130600973065837,0.275348888896448,1.00231695957551,NA,-0.185610136233013,0.369296990721816,0.345407736032154,NA,6,0.166666666666667,0.322893568676458,"0.416589688883892",-0.0243323532687902,0.83349619832291
"050755",NA,0.947469619040956,NA,NA,NA,0.941918303869977,1.27110469118679,0.570513529020354,4,0.25,0.932751535779519,"1.14827625005857",-0.0243323532687902,0.83349619832291
"050758",0.881367170245933,0.947469619040956,NA,NA,NA,0.941918303869977,0.49969056189126,NA,4,0.25,0.817611413762031,"1.01013510166562",-0.0243323532687902,0.83349619832291
"050760",0.418488762961964,0.947469619040956,-0.20747474395347,NA,0.166953824952194,-0.29876120795104,-0.734572044981585,NA,6,0.166666666666667,0.0486840350115032,"0.0876025450712441",-0.0243323532687902,0.83349619832291
"050761",0.494694354405056,-0.12148835071015,0.0702762507028862,1.12011645862327,0.524506898795681,-0.71542468377836,0.911111430848875,-0.115609941430166,8,0.125,0.271022802182136,"0.35435693173552",-0.0243323532687902,0.83349619832291
"050763",NA,0.947469619040956,NA,NA,NA,0.941918303869977,0.808256213609471,NA,3,0.333333333333333,0.899214712173468,"1.10803992543762",-0.0243323532687902,0.83349619832291
"050764",0.105199109251473,0.471979953566383,0.383819899309804,NA,-0.366881229483897,NA,0.49969056189126,-1.3506321882411,6,0.166666666666667,-0.0428039822843467,"-0.0221616235955528",-0.0243323532687902,0.83349619832291
"050765",-0.821968919972817,-0.67205533178597,-0.705708486945285,NA,1.14814598108083,0.778977279803427,0.191124910173049,NA,6,0.166666666666667,-0.0135807612744604,"0.0128993893624989",-0.0243323532687902,0.83349619832291
"050766",NA,NA,NA,NA,NA,NA,0.49969056189126,-2.17398035278173,2,0.5,-0.837144895445234,"-0.975184462522944",-0.0243323532687902,0.83349619832291
"050767",0.881367170245933,-0.568377134050913,-1.13951545282609,NA,1.14814598108083,-0.652576003066977,0.396835344651856,NA,6,0.166666666666667,0.0109799843391073,"0.0423665251010742",-0.0243323532687902,0.83349619832291
"050769",NA,NA,NA,NA,NA,NA,0.293980127412452,0.43328883493025,2,0.5,0.363634481171351,"0.465469230958432",-0.0243323532687902,0.83349619832291
"050770",0.881367170245933,0.947469619040956,1.19846070322458,NA,0.205203688665683,0.408868382280835,0.293980127412452,NA,6,0.166666666666667,0.655891615145073,"0.816109263344635",-0.0243323532687902,0.83349619832291
"050771",NA,NA,NA,NA,NA,-0.100904250155943,0.49969056189126,NA,2,0.5,0.199393155867658,"0.268418151860332",-0.0243323532687902,0.83349619832291
"050772",-0.356268083376142,0.947469619040956,0.163337150974346,NA,0.898690348166773,-0.440752671780462,-0.528861610502778,NA,6,0.166666666666667,0.113935792087116,"0.165889353345723",-0.0243323532687902,0.83349619832291
"050775",0.0572178109354522,0.180608466828206,0.581395349116903,NA,1.14814598108083,0.106263623300099,0.242552518792751,-0.664508717790581,7,0.142857142857143,0.235953576037666,"0.312282083385841",-0.0243323532687902,0.83349619832291
"050776",0.881367170245933,0.947469619040956,NA,NA,NA,0.941918303869977,0.396835344651856,NA,4,0.25,0.79189760945218,"0.979284565860431",-0.0243323532687902,0.83349619832291
"050777",0.322526166329922,0.126981812827314,0.0802981938090434,NA,1.14814598108083,0.259893731705703,0.448262953271558,NA,6,0.166666666666667,0.397684806504063,"0.506321637245617",-0.0243323532687902,0.83349619832291
"050778",0.243498145574122,-0.0875248031762519,NA,NA,0.43802894605214,0.643969002719714,NA,NA,4,0.25,0.309492822792431,"0.400511936026722",-0.0243323532687902,0.83349619832291
"050779",0.881367170245933,0.947469619040956,NA,NA,1.14814598108083,0.429817942517963,0.396835344651856,NA,5,0.2,0.760727211507508,"0.941887397154215",-0.0243323532687902,0.83349619832291
"050780",NA,NA,NA,NA,NA,0.941918303869977,1.06539425670798,NA,2,0.5,1.00365628028898,"1.23334531774254",-0.0243323532687902,0.83349619832291
"050782",NA,NA,NA,NA,NA,NA,0.551118170510961,0.570513529020354,2,0.5,0.560815849765658,"0.702040638231864",-0.0243323532687902,0.83349619832291
"050783",NA,NA,NA,NA,NA,-1.51383570170446,NA,NA,1,1,-1.51383570170446,"-1.78705475973702",-0.0243323532687902,0.83349619832291
"050784",NA,NA,NA,NA,NA,0.941918303869977,0.242552518792751,NA,2,0.5,0.592235411331364,"0.739736744859496",-0.0243323532687902,0.83349619832291
"050785",NA,NA,NA,NA,NA,NA,0.448262953271558,1.80553577583129,2,0.5,1.12689936455142,"1.38120812084881",-0.0243323532687902,0.83349619832291
"050855",-1.38504356785789,-2.16287631301076,-0.271901521064481,NA,0.0455520836006839,-1.1716595511647,0.0368420843139429,NA,6,0.166666666666667,-0.818181130863866,"-0.952432391644247",-0.0243323532687902,0.83349619832291
"05114F",-1.3878659971706,0.947469619040956,NA,NA,NA,NA,-0.014585524305759,1.25663699947087,4,0.25,0.200413774258869,"0.269642654615431",-0.0243323532687902,0.83349619832291
"05127F",-0.171398963393825,0.702574565770217,NA,NA,NA,NA,0.139697301553347,-1.3506321882411,4,0.25,-0.169939821077841,"-0.174694819366939",-0.0243323532687902,0.83349619832291
"05128F",0.377563537927711,-1.15290766266063,NA,NA,NA,NA,0.139697301553347,-0.390059329610375,4,0.25,-0.256426538197487,"-0.27845860052595",-0.0243323532687902,0.83349619832291
"051300",NA,NA,NA,NA,NA,NA,NA,NA,0,NA,NA,"NaN",-0.0243323532687902,0.83349619832291
"051301",NA,0.947469619040956,NA,NA,NA,0.941918303869977,NA,NA,2,0.5,0.944693961455466,"1.16260436061262",-0.0243323532687902,0.83349619832291
"051302",NA,NA,NA,NA,NA,NA,NA,NA,0,NA,NA,"NaN",-0.0243323532687902,0.83349619832291
"051303",NA,NA,NA,NA,NA,NA,NA,0.570513529020354,1,1,0.570513529020354,"0.713675579428008",-0.0243323532687902,0.83349619832291
"051304",NA,NA,NA,NA,NA,NA,NA,NA,0,NA,NA,"NaN",-0.0243323532687902,0.83349619832291
"051305",NA,NA,NA,NA,NA,NA,NA,NA,0,NA,NA,"NaN",-0.0243323532687902,0.83349619832291
"051306",NA,0.0286662804923464,NA,NA,NA,0.941918303869977,NA,NA,2,0.5,0.485292292181162,"0.61143007787603",-0.0243323532687902,0.83349619832291
"051307",NA,NA,NA,NA,NA,NA,NA,NA,0,NA,NA,"NaN",-0.0243323532687902,0.83349619832291
"051308",NA,NA,NA,NA,NA,NA,NA,NA,0,NA,NA,"NaN",-0.0243323532687902,0.83349619832291
"051309",NA,NA,NA,NA,NA,NA,NA,NA,0,NA,NA,"NaN",-0.0243323532687902,0.83349619832291
"05130F",-1.40197814373413,-2.02702212287516,NA,NA,NA,NA,0.602545779130663,-1.213407494151,4,0.25,-1.00996549540741,"-1.18252865954497",-0.0243323532687902,0.83349619832291
"051310",NA,0.947469619040956,NA,NA,NA,-0.568777762118465,NA,0.844962917200563,3,0.333333333333333,0.407884924707684,"0.518559387368707",-0.0243323532687902,0.83349619832291
"051311",NA,NA,NA,NA,NA,0.941918303869977,NA,NA,1,1,0.941918303869977,"1.15927422234555",-0.0243323532687902,0.83349619832291
"051312",NA,NA,NA,NA,NA,NA,NA,NA,0,NA,NA,"NaN",-0.0243323532687902,0.83349619832291
"051314",NA,NA,NA,NA,NA,NA,NA,NA,0,NA,NA,"NaN",-0.0243323532687902,0.83349619832291
"051315",NA,NA,NA,NA,NA,NA,NA,NA,0,NA,NA,"NaN",-0.0243323532687902,0.83349619832291
"051316",NA,0.947469619040956,NA,NA,NA,-2.24474258108869,NA,0.570513529020354,3,0.333333333333333,-0.242253144342462,"-0.261453851273891",-0.0243323532687902,0.83349619832291
"051317",NA,0.947469619040956,NA,NA,NA,-2.41932224973143,NA,NA,2,0.5,-0.735926315345236,"-0.853745900111188",-0.0243323532687902,0.83349619832291
"051318",NA,0.947469619040956,NA,NA,NA,0.941918303869977,NA,NA,2,0.5,0.944693961455466,"1.16260436061262",-0.0243323532687902,0.83349619832291
"051319",NA,NA,NA,NA,NA,NA,NA,NA,0,NA,NA,"NaN",-0.0243323532687902,0.83349619832291
"051320",NA,NA,NA,NA,NA,NA,NA,NA,0,NA,NA,"NaN",-0.0243323532687902,0.83349619832291
"051321",NA,NA,NA,NA,NA,NA,NA,NA,0,NA,NA,"NaN",-0.0243323532687902,0.83349619832291
"051323",NA,NA,NA,NA,NA,NA,NA,NA,0,NA,NA,"NaN",-0.0243323532687902,0.83349619832291
"051324",NA,NA,NA,NA,NA,NA,NA,NA,0,NA,NA,"NaN",-0.0243323532687902,0.83349619832291
"051325",NA,0.947469619040956,NA,NA,NA,0.941918303869977,NA,NA,2,0.5,0.944693961455466,"1.16260436061262",-0.0243323532687902,0.83349619832291
"051326",NA,NA,NA,NA,NA,NA,NA,NA,0,NA,NA,"NaN",-0.0243323532687902,0.83349619832291
"051327",NA,NA,NA,NA,NA,NA,NA,NA,0,NA,NA,"NaN",-0.0243323532687902,0.83349619832291
"051328",NA,NA,NA,NA,NA,-0.180047033273982,NA,-3.13455321141246,2,0.5,-1.65730012234322,"-1.9591784250008",-0.0243323532687902,0.83349619832291
"051329",NA,NA,NA,NA,NA,-0.0124505513769588,NA,NA,1,1,-0.0124505513769588,"0.0142553762281567",-0.0243323532687902,0.83349619832291
"051330",NA,NA,NA,NA,NA,NA,NA,NA,0,NA,NA,"NaN",-0.0243323532687902,0.83349619832291
"051331",NA,NA,NA,NA,NA,NA,NA,NA,0,NA,NA,"NaN",-0.0243323532687902,0.83349619832291
"051332",NA,NA,NA,NA,NA,NA,NA,NA,0,NA,NA,"NaN",-0.0243323532687902,0.83349619832291
"051333",NA,NA,NA,NA,NA,NA,NA,NA,0,NA,NA,"NaN",-0.0243323532687902,0.83349619832291
"051334",NA,NA,NA,NA,NA,NA,NA,NA,0,NA,NA,"NaN",-0.0243323532687902,0.83349619832291
"051335",NA,NA,NA,NA,NA,NA,NA,NA,0,NA,NA,"NaN",-0.0243323532687902,0.83349619832291
"051336",NA,NA,NA,NA,NA,NA,NA,NA,0,NA,NA,"NaN",-0.0243323532687902,0.83349619832291
"051337",NA,NA,NA,NA,NA,NA,NA,NA,0,NA,NA,"NaN",-0.0243323532687902,0.83349619832291
"051339",NA,NA,NA,NA,NA,NA,NA,NA,0,NA,NA,"NaN",-0.0243323532687902,0.83349619832291
"060001",0.274544868013901,0.400477748231861,0.25926146356185,NA,-0.411783243408428,-0.231257069409183,-0.58028921912248,NA,6,0.166666666666667,-0.0481742420220798,"-0.0286046760636248",-0.0243323532687902,0.83349619832291
"060003",NA,NA,NA,NA,NA,0.941918303869977,0.396835344651856,NA,2,0.5,0.669376824260916,"0.832288352275067",-0.0243323532687902,0.83349619832291
"060004",-0.466342826571719,NA,NA,NA,NA,0.19006186424861,0.448262953271558,NA,3,0.333333333333333,0.0573273303161496,"0.0979724727590221",-0.0243323532687902,0.83349619832291
"060006",NA,NA,1.19846070322458,NA,NA,0.231960984722866,0.293980127412452,NA,3,0.333333333333333,0.574800605119967,"0.718819065514974",-0.0243323532687902,0.83349619832291
"060008",NA,NA,NA,NA,NA,0.941918303869977,0.191124910173049,-0.390059329610375,3,0.333333333333333,0.247661294810884,"0.326328600690629",-0.0243323532687902,0.83349619832291
"060009",0.586423307068038,0.014365839425442,-0.455159909291355,NA,0.669191165885837,-0.0403832983597959,0.0368420843139429,NA,6,0.166666666666667,0.135213198173685,"0.19141725152856",-0.0243323532687902,0.83349619832291
"060010",0.274544868013901,-0.302031419179818,-2.2304755452392,NA,1.14814598108083,0.413523840111308,0.653973387750365,1.39386169356098,7,0.142857142857143,0.193077543728338,"0.260840898176359",-0.0243323532687902,0.83349619832291
"060011",-0.179866251331946,-0.101825244243156,0.295054117512412,NA,-1.10360686535676,0.245927358214285,-0.837427262220988,NA,6,0.166666666666667,-0.280290691237692,"-0.307089988513348",-0.0243323532687902,0.83349619832291
"060012",NA,NA,1.19846070322458,NA,NA,0.187734135333374,0.293980127412452,0.43328883493025,4,0.25,0.528365950225165,"0.663108367627888",-0.0243323532687902,0.83349619832291
"060013",0.119311255815009,0.947469619040956,0.286463880564277,NA,NA,-0.119526081477835,1.06539425670798,NA,5,0.2,0.459822586130077,"0.580872402745259",-0.0243323532687902,0.83349619832291
"060014",-0.335099863530838,-0.31454430511336,-0.105823606733876,NA,0.521180823690161,0.369296990721816,-0.631716827742182,-0.25283463552027,7,0.142857142857143,-0.107077346318364,"-0.0992745896334819",-0.0243323532687902,0.83349619832291
"060015",0.37332989395865,0.87417985857307,1.19846070322458,NA,-3.01443701347847,0.432145671433199,-0.168868350164865,NA,6,0.166666666666667,-0.0508648727423051,"-0.031832802029453",-0.0243323532687902,0.83349619832291
"060020",0.386030825865832,0.0983809306935055,-3.48178672735083,NA,0.462974509343546,-0.943542117471531,0.705400996370067,0.43328883493025,7,0.142857142857143,-0.334178963945594,"-0.371743280053647",-0.0243323532687902,0.83349619832291
"060022",0.45659155868351,-0.182265225244494,-0.586876875829421,0.614046705280721,0.304985941831308,-0.107887436901652,1.4768151256656,0.158839446750041,8,0.125,0.266781155029451,"0.349267949732698",-0.0243323532687902,0.83349619832291
"060023",0.381797181896772,-0.105400354509882,-1.46451275069719,NA,0.494572222845994,0.557843032855966,0.0368420843139429,0.43328883493025,7,0.142857142857143,0.0477757502336937,"0.0865128163122683",-0.0243323532687902,0.83349619832291
"060024",-0.213735403084432,0.0501169420927031,-0.21892839321765,0.525280438061363,0.549452462087088,0.227305526892393,-1.71169660875592,-0.390059329610375,8,0.125,-0.147783045691854,"-0.148111884219101",-0.0243323532687902,0.83349619832291
"060027",0.881367170245933,-0.300243864046455,-2.57408502316459,NA,1.14814598108083,0.0713476895715526,-1.40313095703771,-0.664508717790581,7,0.142857142857143,-0.405872531591574,"-0.457758750538378",-0.0243323532687902,0.83349619832291
"060028",0.326759810298983,0.947469619040956,-0.430820904604973,1.12011645862327,0.175269012715996,-0.1940134067654,-0.220295958784567,NA,7,0.142857142857143,0.246354947217752,"0.324761289890939",-0.0243323532687902,0.83349619832291
"060030",NA,NA,1.19846070322458,NA,NA,-0.282467105544385,-0.940282479460392,NA,3,0.333333333333333,-0.00809629392673178,"0.0194794641831927",-0.0243323532687902,0.83349619832291
"060031",0.442479412119975,0.314675101830435,0.300780942144502,0.675264820604416,0.712430142257608,0.792943653294846,-1.40313095703771,-2.17398035278173,8,0.125,-0.0423171546959572,"-0.0215775446407008",-0.0243323532687902,0.83349619832291
"060032",0.307002805110033,0.947469619040956,1.19846070322458,NA,1.14814598108083,0.560170761771203,0.49969056189126,1.25663699947087,7,0.142857142857143,0.84536820451282,"1.04343674216097",-0.0243323532687902,0.83349619832291
"060034",0.332404668924397,-0.00172215677482548,0.199129804924907,-0.765401493346543,0.946918437196825,0.52292709912742,0.191124910173049,0.844962917200563,8,0.125,0.283793023428224,"0.369678202872428",-0.0243323532687902,0.83349619832291
"060044",NA,NA,NA,NA,NA,NA,0.139697301553347,0.296064140840146,2,0.5,0.217880721196746,"0.29059889529538",-0.0243323532687902,0.83349619832291
"060049",NA,NA,NA,NA,NA,0.941918303869977,0.242552518792751,NA,2,0.5,0.592235411331364,"0.739736744859496",-0.0243323532687902,0.83349619832291
"060054",NA,NA,-0.234677160955897,NA,NA,-1.32063420173983,-0.32315117602397,-0.390059329610375,4,0.25,-0.567130467082518,"-0.651230461405704",-0.0243323532687902,0.83349619832291
"06005F",0.562432657910028,-0.77752108465439,NA,NA,NA,NA,0.49969056189126,-0.527284023700479,4,0.25,-0.0606704721383955,"-0.0435972220901809",-0.0243323532687902,0.83349619832291
"060064",0.235030857636001,0.947469619040956,-0.0170578249364836,NA,0.27505126588162,0.485683436483637,0.396835344651856,-1.48785688233121,7,0.142857142857143,0.119307973775197,"0.172334711703554",-0.0243323532687902,0.83349619832291
"060065",0.881367170245933,-0.0642865864425322,-0.891830287488204,NA,1.14814598108083,0.236616442553339,0.448262953271558,NA,6,0.166666666666667,0.293045945536821,"0.380779539779801",-0.0243323532687902,0.83349619832291
"060071",NA,NA,NA,NA,NA,0.941918303869977,0.191124910173049,NA,2,0.5,0.566521607021513,"0.708886209054306",-0.0243323532687902,0.83349619832291
"060075",NA,NA,NA,NA,NA,-0.803878382557345,0.345407736032154,NA,2,0.5,-0.229235323262595,"-0.245835518393598",-0.0243323532687902,0.83349619832291
"060076",NA,NA,NA,NA,NA,NA,0.242552518792751,NA,1,1,0.242552518792751,"0.320199267373437",-0.0243323532687902,0.83349619832291
"06007F",NA,NA,NA,NA,NA,NA,0.345407736032154,1.11941230538077,2,0.5,0.732410020706463,"0.907913408001027",-0.0243323532687902,0.83349619832291
"060096",NA,NA,NA,NA,NA,-0.0869378766645246,0.653973387750365,0.982187611290668,3,0.333333333333333,0.516407707458836,"0.648761280274172",-0.0243323532687902,0.83349619832291
"060100",-0.227847549647967,0.482705284366562,-2.64280691874967,NA,-0.0459149818011385,0.771994093057718,-1.81455182599532,0.296064140840146,7,0.142857142857143,-0.454336822561382,"-0.515904535806894",-0.0243323532687902,0.83349619832291
"060103",NA,0.947469619040956,-1.34281772726528,NA,NA,0.464733876246509,0.139697301553347,NA,4,0.25,0.0522707673938834,"0.0919057829139568",-0.0243323532687902,0.83349619832291
"060104",-0.081081225387197,0.595321257768434,-0.0113310003043938,NA,1.14814598108083,-0.0776269610035788,0.859683822229173,NA,6,0.166666666666667,0.405518645730545,"0.515720407440664",-0.0243323532687902,0.83349619832291
"060107",NA,NA,NA,NA,NA,NA,NA,NA,0,NA,NA,"NaN",-0.0243323532687902,0.83349619832291
"060112",-0.757053045780553,-0.82399751812183,0.013008004381988,-3.12944104676324,0.749016968418337,0.329725599162796,0.191124910173049,0.43328883493025,8,0.125,-0.3742909116999,"-0.419868211918982",-0.0243323532687902,0.83349619832291
"060113",0.36909624998959,-3.14603163636044,0.491197861161488,NA,0.171942937610475,0.155145930520064,-0.477434001883076,0.158839446750041,7,0.142857142857143,-0.325320458887408,"-0.361115151123953",-0.0243323532687902,0.83349619832291
"060114",0.3535728887697,-2.2236531875451,1.19846070322458,1.12011645862327,1.14814598108083,-0.1940134067654,-0.168868350164865,0.0216147526599381,8,0.125,0.15692197998537,"0.21746269943266",-0.0243323532687902,0.83349619832291
"060116",0.449535485401743,-0.64881711505225,-0.480930620135759,NA,1.14814598108083,-0.224273882663474,0.242552518792751,NA,6,0.166666666666667,0.0810353945706406,"0.126416590803225",-0.0243323532687902,0.83349619832291
"060117",NA,NA,NA,NA,NA,NA,0.0368420843139429,1.39386169356098,2,0.5,0.715351888937461,"0.887447649664847",-0.0243323532687902,0.83349619832291
"060118",NA,NA,NA,NA,NA,-0.731718786185015,0.191124910173049,NA,2,0.5,-0.270296938005983,"-0.295099827968145",-0.0243323532687902,0.83349619832291
"060119",-0.120595235765097,-1.15290766266063,-0.664189008362634,NA,-0.390163755222543,0.0736754184867891,0.0882696929336448,0.982187611290668,7,0.142857142857143,-0.169103277042829,"-0.173691162677568",-0.0243323532687902,0.83349619832291
"060124",NA,NA,NA,NA,NA,NA,0.962539039468576,0.296064140840146,2,0.5,0.629301590154361,"0.784207468178425",-0.0243323532687902,0.83349619832291
"060125",NA,0.947469619040956,1.19846070322458,NA,NA,0.941918303869977,0.293980127412452,NA,4,0.25,0.845457188386992,"1.04354350194506",-0.0243323532687902,0.83349619832291
"060126",NA,NA,NA,NA,NA,NA,0.139697301553347,NA,1,1,0.139697301553347,"0.196797124152676",-0.0243323532687902,0.83349619832291
"060128",0.259021506794012,-0.380683845047793,0.641527007753846,NA,NA,-0.224273882663474,0.602545779130663,NA,5,0.2,0.179627313193451,"0.244703775341305",-0.0243323532687902,0.83349619832291
"060129",NA,NA,NA,NA,NA,-0.301088936866276,0.0882696929336448,NA,2,0.5,-0.106409621966316,"-0.0984734769788685",-0.0243323532687902,0.83349619832291
"060130",NA,NA,NA,NA,NA,NA,0.139697301553347,0.158839446750041,2,0.5,0.149268374151694,"0.208280167047899",-0.0243323532687902,0.83349619832291
"060131",-1.99468829940263,-0.13936390204378,-0.710003605419352,NA,NA,0.674229478617788,-0.785999653601287,NA,5,0.2,-0.591165196369852,"-0.680066500892979",-0.0243323532687902,0.83349619832291
"060132",-0.603230648238015,0.237810231095824,1.19846070322458,NA,1.14814598108083,0.227305526892393,1.21967708256709,NA,6,0.166666666666667,0.571361479437117,"0.714692921100914",-0.0243323532687902,0.83349619832291
"060133",NA,NA,NA,NA,NA,NA,-0.168868350164865,NA,1,1,-0.168868350164865,"-0.173409305509608",-0.0243323532687902,0.83349619832291
"061300",NA,NA,NA,NA,NA,NA,NA,NA,0,NA,NA,"NaN",-0.0243323532687902,0.83349619832291
"061301",NA,NA,NA,NA,NA,NA,NA,NA,0,NA,NA,"NaN",-0.0243323532687902,0.83349619832291
"061302",NA,NA,NA,NA,NA,-3.41326249653738,NA,NA,1,1,-3.41326249653738,"-4.06592153639994",-0.0243323532687902,0.83349619832291
"061303",NA,NA,NA,NA,NA,NA,NA,NA,0,NA,NA,"NaN",-0.0243323532687902,0.83349619832291
"061304",NA,NA,NA,NA,NA,0.941918303869977,NA,NA,1,1,0.941918303869977,"1.15927422234555",-0.0243323532687902,0.83349619832291
"061305",NA,NA,NA,NA,NA,NA,NA,NA,0,NA,NA,"NaN",-0.0243323532687902,0.83349619832291
"061306",NA,NA,NA,NA,NA,NA,NA,NA,0,NA,NA,"NaN",-0.0243323532687902,0.83349619832291
"061307",NA,NA,NA,NA,NA,NA,NA,NA,0,NA,NA,"NaN",-0.0243323532687902,0.83349619832291
"061308",NA,NA,NA,NA,NA,NA,NA,NA,0,NA,NA,"NaN",-0.0243323532687902,0.83349619832291
"061309",NA,NA,NA,NA,NA,NA,NA,-0.115609941430166,1,1,-0.115609941430166,"-0.109511703046801",-0.0243323532687902,0.83349619832291
"061310",NA,NA,NA,NA,NA,NA,NA,NA,0,NA,NA,"NaN",-0.0243323532687902,0.83349619832291
"061311",NA,NA,NA,NA,NA,NA,NA,NA,0,NA,NA,"NaN",-0.0243323532687902,0.83349619832291
"061312",NA,NA,NA,NA,NA,NA,NA,NA,0,NA,NA,"NaN",-0.0243323532687902,0.83349619832291
"061313",NA,NA,NA,NA,NA,NA,NA,NA,0,NA,NA,"NaN",-0.0243323532687902,0.83349619832291
"061314",NA,NA,NA,NA,NA,NA,NA,NA,0,NA,NA,"NaN",-0.0243323532687902,0.83349619832291
"061315",NA,NA,NA,NA,NA,NA,NA,NA,0,NA,NA,"NaN",-0.0243323532687902,0.83349619832291
"061316",NA,NA,NA,NA,NA,0.941918303869977,NA,NA,1,1,0.941918303869977,"1.15927422234555",-0.0243323532687902,0.83349619832291
"061317",NA,NA,NA,NA,NA,-0.8457775030316,NA,NA,1,1,-0.8457775030316,"-0.98554156745484",-0.0243323532687902,0.83349619832291
"061318",NA,NA,NA,NA,NA,NA,NA,NA,0,NA,NA,"NaN",-0.0243323532687902,0.83349619832291
"061319",NA,NA,NA,NA,NA,NA,NA,NA,0,NA,NA,"NaN",-0.0243323532687902,0.83349619832291
"061320",NA,NA,NA,NA,NA,NA,NA,NA,0,NA,NA,"NaN",-0.0243323532687902,0.83349619832291
"061321",NA,NA,NA,NA,NA,NA,NA,NA,0,NA,NA,"NaN",-0.0243323532687902,0.83349619832291
"061322",NA,NA,NA,NA,NA,-4.78662255652687,NA,NA,1,1,-4.78662255652687,"-5.7136315832518",-0.0243323532687902,0.83349619832291
"061323",NA,NA,NA,NA,NA,NA,NA,NA,0,NA,NA,"NaN",-0.0243323532687902,0.83349619832291
"061324",NA,NA,NA,NA,NA,NA,NA,NA,0,NA,NA,"NaN",-0.0243323532687902,0.83349619832291
"061325",NA,NA,NA,NA,NA,NA,NA,1.80553577583129,1,1,1.80553577583129,"2.19541268788266",-0.0243323532687902,0.83349619832291
"061326",NA,NA,NA,NA,NA,NA,NA,NA,0,NA,NA,"NaN",-0.0243323532687902,0.83349619832291
"061327",NA,NA,NA,NA,NA,-0.62464325608414,NA,NA,1,1,-0.62464325608414,"-0.72023232262276",-0.0243323532687902,0.83349619832291
"061328",NA,NA,NA,NA,NA,NA,NA,NA,0,NA,NA,"NaN",-0.0243323532687902,0.83349619832291
"061336",NA,NA,NA,NA,NA,NA,NA,NA,0,NA,NA,"NaN",-0.0243323532687902,0.83349619832291
"061343",NA,NA,NA,NA,NA,NA,NA,NA,0,NA,NA,"NaN",-0.0243323532687902,0.83349619832291
"061344",NA,NA,NA,NA,NA,0.941918303869977,NA,NA,1,1,0.941918303869977,"1.15927422234555",-0.0243323532687902,0.83349619832291
"070002",-0.349212010094374,0.339700873697518,-0.538198866456658,-1.86324636148481,0.419735532971776,-0.0752992320883424,-2.02026226047413,0.570513529020354,8,0.125,-0.439533599363583,"-0.49814413902574",-0.0243323532687902,0.83349619832291
"070003",NA,NA,-0.0643041281512247,NA,NA,-1.31132328607889,0.139697301553347,NA,3,0.333333333333333,-0.411976704225588,"-0.465082326394269",-0.0243323532687902,0.83349619832291
"070004",NA,NA,NA,NA,NA,0.941918303869977,0.293980127412452,0.570513529020354,3,0.333333333333333,0.602137320100928,"0.751616713585794",-0.0243323532687902,0.83349619832291
"070005",0.881367170245933,0.295011995363441,-0.841720571957418,NA,-0.396815905433585,0.201700508824793,-0.940282479460392,NA,6,0.166666666666667,-0.133456547069538,"-0.130923445146263",-0.0243323532687902,0.83349619832291
"070006",-0.05850179088554,0.618559474502154,0.592848998381083,1.12011645862327,1.14814598108083,-0.240567985070129,0.191124910173049,1.25663699947087,8,0.125,0.578545380784449,"0.723311918238258",-0.0243323532687902,0.83349619832291
"070007",0.881367170245933,0.275348888896448,-1.27839095015427,NA,0.0871280224196941,-0.277811647713912,-0.271723567404269,NA,6,0.166666666666667,-0.0973470139517289,"-0.0876004723595052",-0.0243323532687902,0.83349619832291
"070008",NA,NA,NA,NA,NA,0.941918303869977,0.139697301553347,NA,2,0.5,0.540807802711662,"0.678035673249115",-0.0243323532687902,0.83349619832291
"070010",0.29006822923379,0.384389752031594,0.637231889279779,-0.680716433815431,-0.872444645523061,0.199372779909556,0.448262953271558,0.844962917200563,8,0.125,0.156390930198543,"0.216825564208895",-0.0243323532687902,0.83349619832291
"070011",0.881367170245933,0.947469619040956,1.19846070322458,NA,-3.02275220124227,0.285498749773304,0.859683822229173,NA,6,0.166666666666667,0.19162131054528,"0.259093759813894",-0.0243323532687902,0.83349619832291
"070012",NA,NA,NA,NA,NA,NA,NA,NA,0,NA,NA,"NaN",-0.0243323532687902,0.83349619832291
"070016",0.881367170245933,0.146644919294308,0.0788664876510209,NA,0.220171026640527,0.271532376281886,-0.014585524305759,NA,6,0.166666666666667,0.263999409301319,"0.345930507122007",-0.0243323532687902,0.83349619832291
"070017",0.881367170245933,0.947469619040956,0.455405207210927,NA,0.645908640147191,0.408868382280835,1.4768151256656,-1.48785688233121,7,0.142857142857143,0.475425323180033,"0.599592028679186",-0.0243323532687902,0.83349619832291
"070018",0.363451391364175,0.146644919294308,0.232059046559424,NA,1.14814598108083,0.192389593163847,0.396835344651856,1.53108638765108,7,0.142857142857143,0.572944666252218,"0.716592374053773",-0.0243323532687902,0.83349619832291
"070020",0.572311160504502,0.191333797628384,-3.80105720058984,NA,0.60100662622266,0.0550535871648976,0.911111430848875,0.707738223110458,7,0.142857142857143,-0.108928910730008,"-0.101496032773078",-0.0243323532687902,0.83349619832291
"070021",NA,NA,NA,NA,NA,-0.0520219429359781,0.345407736032154,NA,2,0.5,0.146692896548088,"0.205190197820939",-0.0243323532687902,0.83349619832291
"070022",-0.212324188428078,-0.134001236643691,-0.00417246951428147,-0.00935776909890793,0.203540651112923,0.1574736594353,1.5282427342853,-0.115609941430166,8,0.125,0.176723929964799,"0.241220396251522",-0.0243323532687902,0.83349619832291
"070024",0.590656951037099,0.24138534136255,0.665866012440228,NA,0.346561880650318,0.844153689430047,1.21967708256709,-0.115609941430166,7,0.142857142857143,0.54181300229388,"0.679241677048822",-0.0243323532687902,0.83349619832291
"070025",0.216685067103405,0.620347029635517,0.496924685793578,-0.588889260829888,0.349887955755839,-0.138147912799726,1.6825255601444,1.80553577583129,8,0.125,0.555608612579302,"0.695793174599957",-0.0243323532687902,0.83349619832291
"070027",0.881367170245933,0.947469619040956,-0.0313748865167082,NA,1.14814598108083,-0.0799546899188153,0.756828604989769,0.707738223110458,7,0.142857142857143,0.618602860290347,"0.771371500977205",-0.0243323532687902,0.83349619832291
"070028",-0.05850179088554,0.212784459228741,-0.803064505690812,NA,0.296670754067506,0.224977797977157,0.602545779130663,-1.07618280006089,7,0.142857142857143,-0.0858243294618829,"-0.0737759528079691",-0.0243323532687902,0.83349619832291
"070029",0.881367170245933,0.947469619040956,NA,NA,NA,-0.100904250155943,-0.631716827742182,NA,4,0.25,0.274053927847191,"0.35799357179597",-0.0243323532687902,0.83349619832291
"070031",0.051572952310038,-0.244829654912201,0.651548950860003,NA,-0.775988467462958,-0.121853810393071,-0.0660131329254609,-1.07618280006089,7,0.142857142857143,-0.225963708940649,"-0.241910348334599",-0.0243323532687902,0.83349619832291
"070033",0.546909296690138,0.375451976364779,0.19483468645084,0.377336659362433,1.14814598108083,-0.0683160453426331,0.49969056189126,1.39386169356098,8,0.125,0.558489351257329,"0.699249385538678",-0.0243323532687902,0.83349619832291
"070034",-0.20526811514631,-0.729257096053588,-0.738637728579801,NA,0.123714848580423,0.832515044853865,0.0882696929336448,NA,6,0.166666666666667,-0.104777225568628,"-0.0965149840655566",-0.0243323532687902,0.83349619832291
"070035",0.504572856999531,0.822340759705542,0.373797956203647,-1.29187728513032,0.393126932127609,0.462406147331273,-0.168868350164865,NA,7,0.142857142857143,0.156499859581774,"0.216956253927036",-0.0243323532687902,0.83349619832291
"070036",-0.0740251521054292,-0.827572628388556,0.0502323644905717,NA,0.253431777695735,0.0969527076391534,-0.0660131329254609,NA,6,0.166666666666667,-0.0944990105989976,"-0.0841835361353667",-0.0243323532687902,0.83349619832291
"070038",NA,NA,NA,NA,NA,NA,NA,NA,0,NA,NA,"NaN",-0.0243323532687902,0.83349619832291
"07003F",-1.31024919107115,-0.874049061855995,NA,NA,NA,NA,-0.0660131329254609,NA,3,0.333333333333333,-0.750103795284202,"-0.870755551705871",-0.0243323532687902,0.83349619832291
"080001",-0.182688680644653,-0.130426126376965,-0.344918535123626,0.670163310994108,0.145334336766308,0.0760031474020255,1.16824947394738,-0.527284023700479,8,0.125,0.109304112908013,"0.160332424365816",-0.0243323532687902,0.83349619832291
"080003",-0.0697915081363685,-0.237679434378748,NA,NA,NA,0.0434149425887155,0.602545779130663,NA,4,0.25,0.0846224448010655,"0.130720209989062",-0.0243323532687902,0.83349619832291
"080004",0.443890626776328,0.155582694961123,0.59141729222306,NA,-0.506576383915772,0.108591352215336,-0.837427262220988,-0.938958105970791,7,0.142857142857143,-0.140497112275958,"-0.139370472523935",-0.0243323532687902,0.83349619832291
"080006",0.0783860307807557,-0.337782521847079,0.000122648959785899,NA,NA,-1.76755815346523,0.551118170510961,NA,5,0.2,-0.295142765012161,"-0.324908994532035",-0.0243323532687902,0.83349619832291
"080007",0.501750427686824,0.014365839425442,0.512673453531825,NA,1.14814598108083,-0.342988057340532,-10.660100508584,-1.07618280006089,7,0.142857142857143,-1.41461938060865,"-1.66801843864108",-0.0243323532687902,0.83349619832291
"080009",0.881367170245933,0.947469619040956,-1.54755170786249,NA,0.497898297951515,-0.00546736463124947,-1.35170334841801,-0.25283463552027,7,0.142857142857143,-0.118688852741945,"-0.113205674678554",-0.0243323532687902,0.83349619832291
"08002F",NA,NA,NA,NA,NA,NA,0.396835344651856,NA,1,1,0.396835344651856,"0.505302482204579",-0.0243323532687902,0.83349619832291
"090001",-0.24054848155515,0.046541831825977,0.763222031185755,-0.336874686080677,0.206866726218444,0.222650069061921,-1.76312421737562,0.43328883493025,8,0.125,-0.0834972364736379,"-0.0709839868782776",-0.0243323532687902,0.83349619832291
"090003",0.354984103426054,-0.319906970513449,1.19846070322458,NA,0.200214576007402,-0.848105231946837,-3.20309725872728,NA,6,0.166666666666667,-0.436241679754921,"-0.49419460738386",-0.0243323532687902,0.83349619832291
"090004",-0.651211946554036,0.58102081670153,1.19846070322458,NA,0.0754867595503712,-0.508256810322318,-0.683144436361883,-0.801733411880687,7,0.142857142857143,-0.112768332234635,"-0.106102438312002",-0.0243323532687902,0.83349619832291
"090005",0.140479475660312,-0.25019232031229,0.333710183779018,-1.28575547359795,0.403105157444172,-0.0473664851055052,1.6310979515247,-1.3506321882411,8,0.125,-0.0531942123560809,"-0.0346274633829933",-0.0243323532687902,0.83349619832291
"090008",0.881367170245933,0.947469619040956,NA,NA,NA,-1.32063420173983,0.396835344651856,NA,4,0.25,0.226259483049728,"0.3006514448689",-0.0243323532687902,0.83349619832291
"090011",-0.751408187155139,0.765138995437924,0.0674128383868412,0.619148214891029,-0.496598158599209,0.353002888315161,1.4768151256656,-1.07618280006089,8,0.125,0.119666114610163,"0.172764396728737",-0.0243323532687902,0.83349619832291
"09002F",-3.92381873463795,0.0840804896266011,NA,NA,NA,NA,-0.477434001883076,0.707738223110458,4,0.25,-0.902358505945991,"-1.0534255038522",-0.0243323532687902,0.83349619832291
"100001",0.0783860307807557,-0.0481985902422649,0.432497908682568,1.12011645862327,0.0488781587062047,0.0550535871648976,-0.117440741545163,NA,7,0.142857142857143,0.224184687452895,"0.298162176650272",-0.0243323532687902,0.83349619832291
"100002",-0.175632607362886,0.947469619040956,0.681614780178475,NA,-0.285392389398637,0.238944171468576,-0.271723567404269,-0.664508717790581,7,0.142857142857143,0.0672530412473762,"0.10988099849819",-0.0243323532687902,0.83349619832291
"100006",0.462236417308925,0.740113223570841,-0.178840620793021,1.12011645862327,-0.363555154378376,0.292481936519013,0.0368420843139429,0.844962917200563,8,0.125,0.369294657795644,"0.472260115710734",-0.0243323532687902,0.83349619832291
"100007",0.302769161140972,0.459467067632842,0.159042032500279,0.693630255201524,0.185247238032558,0.562498490686439,-0.528861610502778,-0.664508717790581,8,0.125,0.146160489612657,"0.204551434337071",-0.0243323532687902,0.83349619832291
"100008",0.458002773339864,0.284286664563263,-0.22465521784974,0.430392359309635,0.0538672713644859,0.397229737704653,-0.168868350164865,NA,7,0.142857142857143,0.175750748323899,"0.240052806473839",-0.0243323532687902,0.83349619832291
"100012",0.390264469834893,0.947469619040956,-0.563969577301062,NA,0.647571677699952,0.42516248468749,0.293980127412452,0.43328883493025,7,0.142857142857143,0.367681090900704,"0.470324213785583",-0.0243323532687902,0.83349619832291
"100014",-2.183791063354,-0.657754890719066,1.19846070322458,NA,1.14814598108083,0.569481677432149,0.859683822229173,0.158839446750041,7,0.142857142857143,0.15615223952053,"0.216539191363411",-0.0243323532687902,0.83349619832291
"100017",0.402965401742075,0.0751427139597858,0.471153974949174,1.12011645862327,-0.804260105859884,-0.671197834388868,-1.1974205225589,0.982187611290668,8,0.125,0.0473359622196643,"0.0859851738168206",-0.0243323532687902,0.83349619832291
"100018",-0.130473738359572,-0.368170959114251,-0.322011236595267,-0.0899616209417731,-0.511565496574053,0.485683436483637,0.345407736032154,1.39386169356098,8,0.125,0.100346226811482,"0.149585061492949",-0.0243323532687902,0.83349619832291
"100019",0.390264469834893,0.947469619040956,0.489766155003466,0.278367372922459,-0.0974691459367112,0.469389334076982,0.756828604989769,0.982187611290668,8,0.125,0.52710050265281,"0.661590127262904",-0.0243323532687902,0.83349619832291
"100022",0.693675620950909,0.66324835283623,-0.0786211897314493,0.557930099567333,-0.5431632100765,0.58810350875404,-1.55741378289682,NA,7,0.142857142857143,0.0462513427719639,"0.0846838848008865",-0.0243323532687902,0.83349619832291
"100023",0.442479412119975,0.214572014362104,0.150451795552144,NA,1.14814598108083,0.767338635227245,0.705400996370067,-0.25283463552027,7,0.142857142857143,0.453650599884586,"0.573467466456515",-0.0243323532687902,0.83349619832291
"100025",0.881367170245933,0.45231684709939,1.19846070322458,NA,-0.588065224001032,0.224977797977157,1.16824947394738,0.707738223110458,7,0.142857142857143,0.577863570229124,"0.722493905442643",-0.0243323532687902,0.83349619832291
"100026",NA,0.947469619040956,NA,NA,NA,0.592758966584513,-0.528861610502778,NA,3,0.333333333333333,0.337122325040897,"0.43366086016586",-0.0243323532687902,0.83349619832291
"100028",-1.97352007955732,0.947469619040956,1.19846070322458,NA,-2.15963571135962,0.792943653294846,-0.528861610502778,-1.07618280006089,7,0.142857142857143,-0.399903746560033,"-0.450597608059804",-0.0243323532687902,0.83349619832291
"100029",0.514451359594006,0.947469619040956,NA,NA,-6.22077341520053,0.941918303869977,0.551118170510961,-0.25283463552027,6,0.166666666666667,-0.586441766284151,"-0.674399492338885",-0.0243323532687902,0.83349619832291
"100030",-0.837492281192706,-1.0045405865915,-1.06220332029288,NA,-0.41843539361947,0.706817683431098,-0.0660131329254609,-0.25283463552027,7,0.142857142857143,-0.419243095244455,"-0.473800291795296",-0.0243323532687902,0.83349619832291
"100032",0.449535485401743,0.430866185499033,-1.02927407865836,1.12011645862327,-1.32811693497941,0.68586812319397,0.139697301553347,-1.3506321882411,8,0.125,-0.11024245595094,"-0.103071979038429",-0.0243323532687902,0.83349619832291
"100034",-1.51064167227336,0.0179409496921681,-0.0299431803586857,NA,0.181921162927037,-0.22660161157871,-0.528861610502778,1.25663699947087,7,0.142857142857143,-0.119935566089064,"-0.114701438366052",-0.0243323532687902,0.83349619832291
"100035",0.381797181896772,0.352213759631059,0.58569046759097,0.528341343827547,-1.17511748012546,0.755699990651063,0.962539039468576,0.570513529020354,8,0.125,0.370209728995111,"0.47335798658442",-0.0243323532687902,0.83349619832291
"100038",-0.081081225387197,-0.210866107378303,0.980841367205168,0.521199230373116,-0.0326106813790552,0.0806586052324984,-0.014585524305759,-0.25283463552027,8,0.125,0.123840128605025,"0.177772234800777",-0.0243323532687902,0.83349619832291
"100039",0.617470029507816,0.688274124703313,0.710248903338924,0.426311151621389,-1.17511748012546,0.520599370212183,0.396835344651856,NA,7,0.142857142857143,0.312088777701432,"0.403626473218643",-0.0243323532687902,0.83349619832291
"100040",0.881367170245933,0.947469619040956,-1.26980071320613,NA,1.14814598108083,0.655607647295896,0.962539039468576,-0.664508717790581,7,0.142857142857143,0.380117146590783,"0.485244564610339",-0.0243323532687902,0.83349619832291
"100043",NA,NA,NA,NA,1.14814598108083,-0.580416406694648,-0.426006393263374,0.844962917200563,4,0.25,0.246671524580844,"0.325141108495666",-0.0243323532687902,0.83349619832291
"100044",0.628759746758645,0.7276003376373,1.03238278889398,NA,0.245116589931933,-0.00313963571601317,0.49969056189126,-0.390059329610375,7,0.142857142857143,0.391478722826675,"0.498875792033755",-0.0243323532687902,0.83349619832291
"100045",0.881367170245933,0.293224440230078,1.19846070322458,NA,-0.440054881805355,0.678884936448261,-0.631716827742182,NA,6,0.166666666666667,0.330027590100219,"0.425148841808784",-0.0243323532687902,0.83349619832291
"100046",0.172937412756444,-1.14396988699382,NA,NA,0.223497101746048,0.669574020787315,1.27110469118679,NA,5,0.2,0.238628667896556,"0.315491566361615",-0.0243323532687902,0.83349619832291
"100047",NA,NA,NA,NA,NA,0.941918303869977,0.859683822229173,NA,2,0.5,0.900801063049575,"1.10994317452178",-0.0243323532687902,0.83349619832291
"100049",0.881367170245933,0.947469619040956,NA,NA,NA,0.941918303869977,-0.117440741545163,0.844962917200563,5,0.2,0.699655453762453,"0.86861560795117",-0.0243323532687902,0.83349619832291
"100050",NA,0.947469619040956,NA,NA,-1.67901785861186,-1.27873508126558,0.293980127412452,NA,4,0.25,-0.429075798356007,"-0.485597229959305",-0.0243323532687902,0.83349619832291
"100051",0.467881275934339,0.947469619040956,-0.674210951468791,NA,-1.79210441219957,0.213339153400975,1.5282427342853,-2.03675565869162,7,0.142857142857143,-0.192305462814059,"-0.201528345160122",-0.0243323532687902,0.83349619832291
"100052",-0.522791412825862,-0.0428359248421757,-0.0614407158351798,NA,0.180258125374277,0.595086695499749,-0.32315117602397,NA,6,0.166666666666667,-0.0291457347755269,"-0.00577492916754969",-0.0243323532687902,0.83349619832291
"100053",-1.67575378706672,0.947469619040956,1.19846070322458,1.12011645862327,NA,0.941918303869977,-0.426006393263374,NA,6,0.166666666666667,0.351034150738114,"0.450351788960987",-0.0243323532687902,0.83349619832291
"100054",NA,NA,0.25926146356185,NA,NA,0.941918303869977,0.653973387750365,NA,3,0.333333333333333,0.618384385060731,"0.771109381929685",-0.0243323532687902,0.83349619832291
"100055",NA,-0.200140776578124,1.19846070322458,NA,-1.27656277084384,0.567153948516912,0.808256213609471,NA,5,0.2,0.2194334635858,"0.292461822075584",-0.0243323532687902,0.83349619832291
"100057",-0.497389549011498,-0.116125685310061,-1.11947156661377,NA,0.00231310722891341,0.446112044924618,-0.477434001883076,1.25663699947087,7,0.142857142857143,-0.0721940930277148,"-0.0574228651015181",-0.0243323532687902,0.83349619832291
"100062",0.881367170245933,0.947469619040956,0.625778240015599,NA,0.830505808503597,0.890708267734776,1.11682186532768,NA,6,0.166666666666667,0.882108495144757,"1.08751647606481",-0.0243323532687902,0.83349619832291
"100063",0.606180312256988,-0.232316768978659,-1.90690995352613,NA,0.675843316096879,0.583448050923567,0.911111430848875,NA,6,0.166666666666667,0.106226064603587,"0.156639488140529",-0.0243323532687902,0.83349619832291
"100067",-1.1536043642159,-0.866898841322543,0.717407434129036,NA,0.56109372495641,0.467061605161746,0.911111430848875,NA,6,0.166666666666667,0.106028498259603,"0.156402454853057",-0.0243323532687902,0.83349619832291
"100068",0.0558065962790987,-0.22695410357857,-1.16814957598654,1.12011645862327,0.122051811027663,0.334381056993269,0.653973387750365,-1.3506321882411,8,0.125,-0.0574258196415687,"-0.0397043998993233",-0.0243323532687902,0.83349619832291
"100069",0.881367170245933,0.947469619040956,0.817626865190608,NA,-0.142371159861242,0.0364317558430062,0.602545779130663,0.570513529020354,7,0.142857142857143,0.530511936944325,"0.665683048500433",-0.0243323532687902,0.83349619832291
"100071",0.380385967240418,0.947469619040956,NA,NA,-1.20006304341686,0.19006186424861,0.756828604989769,NA,5,0.2,0.214936602420578,"0.287066643100239",-0.0243323532687902,0.83349619832291
"100072",0.0600402402481594,0.947469619040956,0.275010231300097,NA,0.486257035082192,0.746389074990117,0.0882696929336448,NA,6,0.166666666666667,0.433905982265861,"0.549778555027221",-0.0243323532687902,0.83349619832291
"100073",-0.54960449129658,0.0393916112925248,0.451110088736859,NA,0.697462804282764,0.224977797977157,-0.734572044981585,1.39386169356098,7,0.142857142857143,0.217518208510303,"0.290163965073535",-0.0243323532687902,0.83349619832291
"100075",0.390264469834893,0.225297345162282,0.43392961484059,0.89667033769178,0.484593997529432,0.595086695499749,0.705400996370067,NA,7,0.142857142857143,0.533034779561256,"0.668709868085221",-0.0243323532687902,0.83349619832291
"100077",0.881367170245933,0.947469619040956,1.19846070322458,NA,1.14814598108083,0.618363984652114,-1.35170334841801,0.0216147526599381,7,0.142857142857143,0.494816980355193,"0.622857470338282",-0.0243323532687902,0.83349619832291
"100080",0.261843936106719,0.702574565770217,0.538444164376229,-0.436864274442712,-0.812575293623687,0.706817683431098,-0.785999653601287,-0.938958105970791,8,0.125,-0.0955896222442766,"-0.085492014383346",-0.0243323532687902,0.83349619832291
"100084",0.24632057488683,-0.911587719656619,-2.2304755452392,NA,-2.2527658143142,0.683540394278734,0.808256213609471,-0.25283463552027,7,0.142857142857143,-0.558506647422179,"-0.64088389992445",-0.0243323532687902,0.83349619832291
"100086",-0.0669690788236614,0.668611018236319,0.747473263447508,NA,0.414746420313495,0.897691454480485,-0.271723567404269,-1.07618280006089,7,0.142857142857143,0.187663815741283,"0.254345694001525",-0.0243323532687902,0.83349619832291
"100087",-0.370380229939677,-0.225166548445207,0.542739282850297,-0.145057924733099,0.953570587407867,-0.142803370630199,1.32253229980649,2.0799851640115,8,0.125,0.501927407540996,"0.631388315709996",-0.0243323532687902,0.83349619832291
"100088",-0.026043853789408,0.42907863036567,0.930731651674382,0.107976951938174,-1.67236570840082,0.499649809975056,-0.88885487084069,-0.664508717790581,8,0.125,-0.160542013358527,"-0.163419653699448",-0.0243323532687902,0.83349619832291
"100090",-0.306875570403767,-0.0303230389086343,0.18910786181875,1.12011645862327,0.323279354911672,0.529910285873129,0.242552518792751,0.707738223110458,8,0.125,0.346938261727203,"0.445437682550961",-0.0243323532687902,0.83349619832291
"100092",-0.294174638496585,0.564932820501262,1.19846070322458,NA,-0.516554609232334,0.841825960514811,0.705400996370067,NA,6,0.166666666666667,0.416648538813634,"0.529073669405725",-0.0243323532687902,0.83349619832291
"100093",0.161647695505616,0.947469619040956,-0.788747444110587,NA,-0.310337952690043,-0.617660069338431,-0.0660131329254609,0.296064140840146,7,0.142857142857143,-0.0539395919539722,"-0.0355217441240346",-0.0243323532687902,0.83349619832291
"100099",NA,NA,1.19846070322458,NA,NA,0.173767761841955,-0.220295958784567,NA,3,0.333333333333333,0.38397750209399,"0.489876086038961",-0.0243323532687902,0.83349619832291
"10009F",-0.0119317072258724,-0.266280316512557,NA,NA,NA,NA,-1.96883465185443,0.982187611290668,4,0.25,-0.316214766075548,"-0.350190454850374",-0.0243323532687902,0.83349619832291
"100105",0.105199109251473,-0.784671305187842,-0.651303652940432,NA,1.14814598108083,-0.0427110272750324,1.21967708256709,-0.115609941430166,7,0.142857142857143,0.12553232086656,"0.179802468729786",-0.0243323532687902,0.83349619832291
"100107",NA,-2.4899989024162,NA,NA,NA,0.941918303869977,0.345407736032154,NA,3,0.333333333333333,-0.400890954171355,"-0.451782025713187",-0.0243323532687902,0.83349619832291
"100109",0.881367170245933,0.318250212097161,1.19846070322458,NA,-3.41855513879925,-0.289450292290094,0.191124910173049,-0.938958105970791,7,0.142857142857143,-0.293965791617058,"-0.32349690243435",-0.0243323532687902,0.83349619832291
"100110",0.881367170245933,0.947469619040956,1.19846070322458,1.12011645862327,0.88372301019193,0.941918303869977,-1.35170334841801,NA,7,0.142857142857143,0.660193130968377,"0.821270073714206",-0.0243323532687902,0.83349619832291
"100113",0.184227130007273,0.575658151301441,0.654412363176048,1.12011645862327,-0.370207304589418,0.0922972498086805,-0.528861610502778,0.158839446750041,8,0.125,0.235810235571819,"0.312110108437263",-0.0243323532687902,0.83349619832291
"100117",0.0812084600934628,0.947469619040956,1.19846070322458,1.12011645862327,0.138682186555267,0.755699990651063,-0.32315117602397,0.707738223110458,8,0.125,0.578278058159385,"0.722991193769926",-0.0243323532687902,0.83349619832291
"100118",NA,NA,1.19846070322458,NA,0.160301674741152,0.390246550958943,0.602545779130663,-0.801733411880687,5,0.2,0.309964259234931,"0.401077549215418",-0.0243323532687902,0.83349619832291
"100121",NA,-0.770370864120938,NA,NA,NA,0.234288713638103,-0.477434001883076,NA,3,0.333333333333333,-0.337838717455304,"-0.376134126127179",-0.0243323532687902,0.83349619832291
"100122",-0.1417634556104,-0.570164689184276,0.431066202524545,NA,-0.102458258594992,0.520599370212183,1.21967708256709,NA,6,0.166666666666667,0.226159375319024,"0.300531339065292",-0.0243323532687902,0.83349619832291
"100124",0.881367170245933,0.947469619040956,1.19846070322458,NA,NA,0.618363984652114,0.602545779130663,0.570513529020354,6,0.166666666666667,0.803120130885767,"0.992748960126617",-0.0243323532687902,0.83349619832291
"100125",-0.34780079543802,NA,-0.692823131523083,NA,0.311638092042349,0.748716803905353,0.551118170510961,NA,5,0.2,0.114169827899512,"0.166170141443938",-0.0243323532687902,0.83349619832291
"100126",NA,0.947469619040956,-0.167386971528841,NA,NA,0.941918303869977,0.962539039468576,0.0216147526599381,5,0.2,0.541230948702121,"0.678543349218496",-0.0243323532687902,0.83349619832291
"100127",0.177171056725505,-0.310969194846633,0.310802885250659,0.345707299778524,0.128703961238704,0.341364243738978,-0.014585524305759,0.43328883493025,8,0.125,0.176435445313778,"0.240874282314108",-0.0243323532687902,0.83349619832291
"100128",-0.296997067809292,-0.0714368069759844,0.547034401324364,0.430392359309635,-0.953933485608321,-0.0077950935464859,-2.38025552081204,-0.115609941430166,8,0.125,-0.356075144443537,"-0.398013562440058",-0.0243323532687902,0.83349619832291
"100130",NA,NA,NA,NA,NA,0.941918303869977,0.0368420843139429,NA,2,0.5,0.48938019409196,"0.616334601638735",-0.0243323532687902,0.83349619832291
"100131",0.00923651261943108,0.631072360435695,-0.379279482916165,NA,0.0788128346558921,0.941918303869977,0.551118170510961,0.158839446750041,7,0.142857142857143,0.28453116370369,"0.370563798124034",-0.0243323532687902,0.83349619832291
"100132",-0.606053077550722,-0.77752108465439,-0.402186781444524,NA,-1.94842994215905,0.138851828113409,0.0368420843139429,NA,6,0.166666666666667,-0.593082828896888,"-0.68236721027941",-0.0243323532687902,0.83349619832291
"100134",NA,NA,NA,NA,NA,NA,NA,NA,0,NA,NA,"NaN",-0.0243323532687902,0.83349619832291
"100135",0.458002773339864,0.529181717834001,-0.303399056540975,-0.938852820097012,0.0272586705203194,-0.317383039272931,0.551118170510961,-1.62508157642131,8,0.125,-0.202394395015885,"-0.213632698151925",-0.0243323532687902,0.83349619832291
"100137",0.881367170245933,0.157370250094486,0.250671226613716,NA,0.368181368836203,0.81622094244721,0.242552518792751,0.570513529020354,7,0.142857142857143,0.469553858007236,"0.592547647211568",-0.0243323532687902,0.83349619832291
"100140",NA,NA,1.19846070322458,NA,NA,0.434473400348436,-0.374578784643672,NA,3,0.333333333333333,0.419451772976448,"0.532436893099433",-0.0243323532687902,0.83349619832291
"100142",NA,NA,NA,NA,NA,-0.848105231946837,-0.477434001883076,-1.89953096460152,3,0.333333333333333,-1.07502339947714,"-1.260582889667",-0.0243323532687902,0.83349619832291
"100150",NA,0.947469619040956,-0.0557138912030899,NA,NA,-0.145131099545435,0.0368420843139429,-0.25283463552027,5,0.2,0.106126415417221,"0.156519932482606",-0.0243323532687902,0.83349619832291
"100151",0.0713299574989879,0.119831592293862,-0.70857189926133,NA,0.940266286985784,0.364641532891343,0.293980127412452,-1.48785688233121,7,0.142857142857143,-0.0580541835014442,"-0.0404582891925676",-0.0243323532687902,0.83349619832291
"100154",0.690853191638202,0.947469619040956,0.380956486993759,0.367133640141817,0.0438890460479235,0.278515563027595,1.21967708256709,NA,7,0.142857142857143,0.561213518493905,"0.702517747460494",-0.0243323532687902,0.83349619832291
"100156",-0.0203989951639938,0.947469619040956,0.197698098766885,NA,1.14814598108083,0.704489954515861,0.859683822229173,NA,6,0.166666666666667,0.639514746744953,"0.796460861308641",-0.0243323532687902,0.83349619832291
"100157",-1.17900622803027,0.078717824226512,0.654412363176048,-0.662350999218323,-1.79543048730509,-0.10323197907118,-2.84310399838936,0.982187611290668,8,0.125,-0.608475736665124,"-0.700835090275994",-0.0243323532687902,0.83349619832291
"10015F",NA,NA,NA,NA,NA,NA,0.293980127412452,NA,1,1,0.293980127412452,"0.381900338983818",-0.0243323532687902,0.83349619832291
"100161",0.445301841432682,-0.471849156849308,-0.45229649697531,NA,-0.712793040458062,0.429817942517963,0.0368420843139429,-0.938958105970791,7,0.142857142857143,-0.237704990284126,"-0.255997132853955",-0.0243323532687902,0.83349619832291
"100166",0.881367170245933,-0.677417997186059,0.190539567976773,NA,1.14814598108083,0.597414424414986,1.37395990842619,1.9427604699214,7,0.142857142857143,0.779538503554293,"0.964456536743136",-0.0243323532687902,0.83349619832291
"100167",-0.881239935539667,0.947469619040956,0.293622411354389,-1.48063314071171,-0.227186075052023,0.746389074990117,-0.683144436361883,-0.390059329610375,8,0.125,-0.209347726486275,"-0.221975065500907",-0.0243323532687902,0.83349619832291
"100168",-0.0754363667617827,-0.0303230389086343,-0.659893889888566,0.76199048397965,0.655886865463754,0.32739787024756,-0.940282479460392,-0.527284023700479,8,0.125,-0.0609930723786113,"-0.0439842667352133",-0.0243323532687902,0.83349619832291
"100173",-0.0796700107308434,0.0930182652934164,0.42247596557641,-0.326671666860061,0.346561880650318,0.357658346145633,-1.0431376966998,-0.25283463552027,8,0.125,-0.0603249440181491,"-0.0431826693652354",-0.0243323532687902,0.83349619832291
"100175",NA,NA,NA,NA,NA,-0.436097213949989,0.0882696929336448,NA,2,0.5,-0.173913760508172,"-0.179462614874977",-0.0243323532687902,0.83349619832291
"100176",-0.0712027227927221,-0.0249603735085452,-1.16099104519643,NA,0.589365363353337,-0.0543496718512145,-0.374578784643672,-0.115609941430166,7,0.142857142857143,-0.173189596581344,"-0.178593787964566",-0.0243323532687902,0.83349619832291
"100177",NA,0.236022675962461,0.531285633586117,NA,-3.0759694029306,0.564826219601676,0.139697301553347,0.158839446750041,6,0.166666666666667,-0.240883020912827,"-0.25981002442454",-0.0243323532687902,0.83349619832291
"100179",0.0656850988735736,0.947469619040956,1.02522425810386,NA,-0.920672734553113,0.841825960514811,-2.84310399838936,-0.527284023700479,7,0.142857142857143,-0.20155083144425,"-0.212620619664545",-0.0243323532687902,0.83349619832291
"100180",NA,0.100168485826869,0.558488050588544,-1.70101835587702,NA,0.678884936448261,0.551118170510961,NA,5,0.2,0.0375282574995236,"0.0742182278608883",-0.0243323532687902,0.83349619832291
"100181",0.881367170245933,0.947469619040956,NA,NA,NA,0.0271208401820604,0.448262953271558,NA,4,0.25,0.576055145685127,"0.720324220028796",-0.0243323532687902,0.83349619832291
"100183",NA,NA,NA,NA,NA,-0.0427110272750324,0.396835344651856,NA,2,0.5,0.177062158688412,"0.241626191412067",-0.0243323532687902,0.83349619832291
"100187",0.881367170245933,0.221722234895556,-1.58907118644514,NA,-0.7028148151415,0.494994352144583,0.396835344651856,0.296064140840146,7,0.142857142857143,-0.000128965544081063,"0.0290383900651366",-0.0243323532687902,0.83349619832291
"100189",0.546909296690138,0.947469619040956,-0.695686543839128,0.243677107572365,0.226823176851568,0.730094972583462,0.602545779130663,NA,7,0.142857142857143,0.371690486861432,"0.475134548816258",-0.0243323532687902,0.83349619832291
"100191",0.469292490590692,0.209209348962015,0.953638950202741,0.506915003464254,-0.701151777588739,0.769666364142481,0.756828604989769,-0.527284023700479,8,0.125,0.304639370132842,"0.394688930871624",-0.0243323532687902,0.83349619832291
"100200",0.172937412756444,0.947469619040956,0.499788098109623,0.372235149752125,-0.762684167040874,0.58810350875404,-0.168868350164865,NA,7,0.142857142857143,0.235568753029636,"0.31182038600941",-0.0243323532687902,0.83349619832291
"100204",0.541264438064724,0.157370250094486,0.0158714166980329,-0.713366095321402,0.343235805544797,0.704489954515861,1.78538077738381,0.982187611290668,8,0.125,0.477054269783872,"0.601546382648787",-0.0243323532687902,0.83349619832291
"100206",NA,NA,1.19846070322458,NA,NA,0.941918303869977,1.37395990842619,NA,3,0.333333333333333,1.17144630517358,"1.43465400423951",-0.0243323532687902,0.83349619832291
"100209",0.105199109251473,0.947469619040956,-0.362099009019896,-0.234844493874518,0.877070859980888,0.902346912310958,0.808256213609471,NA,7,0.142857142857143,0.434771315899905,"0.550816752484851",-0.0243323532687902,0.83349619832291
"100211",NA,0.947469619040956,NA,NA,NA,0.941918303869977,0.551118170510961,NA,3,0.333333333333333,0.813502031140631,"1.00520480608699",-0.0243323532687902,0.83349619832291
"100212",0.744479348579637,0.947469619040956,0.413885728628276,NA,0.644245602594431,0.897691454480485,-5.77447768971237,0.707738223110458,7,0.142857142857143,-0.202709673325446,"-0.214010958197016",-0.0243323532687902,0.83349619832291
"100213",0.171526198100091,0.729387892770663,0.508378335057758,NA,0.744027855760055,0.858120062921466,0.396835344651856,0.844962917200563,7,0.142857142857143,0.607605515208922,"0.758177265534316",-0.0243323532687902,0.83349619832291
"100217",NA,0.947469619040956,0.0774347814929984,NA,NA,0.103935894384863,0.345407736032154,NA,4,0.25,0.368562007737743,"0.471381107432861",-0.0243323532687902,0.83349619832291
"100220",-0.0556793615728328,0.861666972639529,0.292190705196367,1.12011645862327,0.200214576007402,0.264549189536176,-0.426006393263374,0.707738223110458,8,0.125,0.370598796284624,"0.473824776103432",-0.0243323532687902,0.83349619832291
"100223",-0.392959664441334,0.155582694961123,0.641527007753846,NA,0.135356111449746,0.879069623158593,0.242552518792751,0.982187611290668,7,0.142857142857143,0.377616557566485,"0.482244444118692",-0.0243323532687902,0.83349619832291
"100224",-0.109305518514268,0.947469619040956,NA,NA,1.14814598108083,0.529910285873129,0.756828604989769,-0.25283463552027,6,0.166666666666667,0.503369056158358,"0.63311795601341",-0.0243323532687902,0.83349619832291
"100226",-0.222202691022553,0.0948058204267794,-3.42308677487191,NA,-0.706140890247021,0.606725340075931,1.27110469118679,-0.801733411880687,7,0.142857142857143,-0.454361130904667,"-0.515933700119022",-0.0243323532687902,0.83349619832291
"100228",0.881367170245933,0.947469619040956,0.624346533857577,NA,0.749016968418337,0.839498231599574,0.49969056189126,NA,6,0.166666666666667,0.756898180842273,"0.937293458186118",-0.0243323532687902,0.83349619832291
"100230",0.881367170245933,0.947469619040956,0.147588383236099,NA,0.336583655333755,0.127213183537227,0.242552518792751,NA,6,0.166666666666667,0.447129088364453,"0.565643181794804",-0.0243323532687902,0.83349619832291
"100231",0.57513358981721,0.690061679836676,-0.824540098061149,-0.028743505618078,0.0455520836006839,0.830187315938629,0.602545779130663,-0.527284023700479,8,0.125,0.170364102618019,"0.233590094686168",-0.0243323532687902,0.83349619832291
"100232",-0.113539162483329,0.947469619040956,NA,NA,NA,0.408868382280835,0.139697301553347,-0.938958105970791,5,0.2,0.0887076068842035,"0.135621446601008",-0.0243323532687902,0.83349619832291
"100236",-1.0534081236148,0.354001314764422,0.711680609496946,NA,-1.72391987253639,0.127213183537227,1.16824947394738,1.39386169356098,7,0.142857142857143,0.139668325593681,"0.196762359795353",-0.0243323532687902,0.83349619832291
"100238",-0.0613242201982471,0.448741736832664,NA,NA,-0.78430365522676,0.532238014788366,-0.683144436361883,-0.390059329610375,6,0.166666666666667,-0.156308648296039,"-0.158340608262882",-0.0243323532687902,0.83349619832291
"100242",0.501750427686824,0.362939090431237,-0.333464885859447,NA,0.657549903016514,0.390246550958943,1.42538751704589,-1.48785688233121,7,0.142857142857143,0.216650245849823,"0.289122613400634",-0.0243323532687902,0.83349619832291
"100243",0.431189694869146,0.0161533945588051,-0.340623416649559,0.0110482693423238,-0.466663482649522,0.702162225600625,1.01396664808828,0.570513529020354,8,0.125,0.242218357772556,"0.3197983525032",-0.0243323532687902,0.83349619832291
"100244",0.553965369971906,0.509518611367008,0.675887955546385,NA,0.815538470528753,0.618363984652114,1.37395990842619,-1.62508157642131,7,0.142857142857143,0.417450389153006,"0.530035701795298",-0.0243323532687902,0.83349619832291
"100246",0.00500286865037039,0.532756828100727,-0.689959719207038,NA,-0.247142525685148,0.827859587023392,-0.014585524305759,NA,6,0.166666666666667,0.0689885857627575,"0.111963244966588",-0.0243323532687902,0.83349619832291
"100248",-0.0472120736347115,-0.393196730981334,-0.500974506348074,NA,0.807223282764951,0.604397611160695,-0.528861610502778,NA,6,0.166666666666667,-0.00977067125687524,"0.017470603994613",-0.0243323532687902,0.83349619832291
"100249",NA,0.947469619040956,-0.00703588183032639,NA,NA,-0.792239737981163,0.653973387750365,0.0216147526599381,5,0.2,0.164756427927954,"0.226862199944298",-0.0243323532687902,0.83349619832291
"100252",NA,NA,1.19846070322458,NA,NA,0.941918303869977,0.756828604989769,NA,3,0.333333333333333,0.965735870694776,"1.18784971779799",-0.0243323532687902,0.83349619832291
"100253",0.881367170245933,0.947469619040956,1.19846070322458,1.12011645862327,1.14814598108083,0.941918303869977,-0.837427262220988,1.53108638765108,8,0.125,0.866392170189455,"1.06866057127853",-0.0243323532687902,0.83349619832291
"100254",0.556787799284613,0.947469619040956,0.714544021812991,1.12011645862327,-1.12855242864816,0.569481677432149,0.0882696929336448,0.43328883493025,8,0.125,0.412675709426213,"0.524307205688897",-0.0243323532687902,0.83349619832291
"100256",-0.0387447856965901,-0.487937153049576,-0.0141944126204387,NA,-1.20505215607514,0.49033889431411,-0.991710088080094,0.707738223110458,7,0.142857142857143,-0.219937354013896,"-0.234680135480745",-0.0243323532687902,0.83349619832291
"100258",-1.13808100299602,0.0447542766926139,-3.03795781836387,NA,0.667528128333077,0.320414683501851,-0.271723567404269,-1.76230627051142,7,0.142857142857143,-0.739624510106861,"-0.858182866673322",-0.0243323532687902,0.83349619832291
"100259",0.881367170245933,0.100168485826869,NA,NA,-0.0226324560624927,0.534565743703602,0.0368420843139429,0.844962917200563,6,0.166666666666667,0.395878990871403,"0.504155081913639",-0.0243323532687902,0.83349619832291
"100260",0.881367170245933,0.947469619040956,0.784697623556092,0.135525103833837,-0.183947098680252,0.755699990651063,0.705400996370067,0.707738223110458,8,0.125,0.591743953516019,"0.739147110717992",-0.0243323532687902,0.83349619832291
"100264",0.881367170245933,0.797314987838459,0.279305349774165,NA,0.617637001750264,0.788288195464373,1.21967708256709,-2.86010382323225,7,0.142857142857143,0.246212280629719,"0.324590123437726",-0.0243323532687902,0.83349619832291
"100265",-0.110716733170622,-0.92946327099025,-0.611215880515803,-0.469513935948683,-0.441717919358116,-0.489634979000427,0.293980127412452,NA,7,0.142857142857143,-0.394040370224492,"-0.443562931300224",-0.0243323532687902,0.83349619832291
"100266",NA,NA,0.121817672391695,NA,NA,0.0876417919782077,0.139697301553347,-0.801733411880687,4,0.25,-0.11314416148936,"-0.106553345293319",-0.0243323532687902,0.83349619832291
"100267",NA,NA,1.19846070322458,NA,NA,0.211011424485738,0.859683822229173,-0.25283463552027,4,0.25,0.504080328604806,"0.633971316170155",-0.0243323532687902,0.83349619832291
"100268",0.256199077481304,0.947469619040956,1.19846070322458,NA,1.14814598108083,0.28782647868854,0.448262953271558,NA,6,0.166666666666667,0.714394135464629,"0.886298570071252",-0.0243323532687902,0.83349619832291
"100269",0.881367170245933,0.947469619040956,0.640095301595824,0.316118544038738,-0.139045084755721,0.941918303869977,-0.168868350164865,NA,7,0.142857142857143,0.488436500552977,"0.615202390668989",-0.0243323532687902,0.83349619832291
"100275",-0.501623192980558,0.716875006837122,0.388115017783872,NA,-0.606358637081396,0.138851828113409,0.448262953271558,-0.938958105970791,7,0.142857142857143,-0.0506907328609693,"-0.0316238750041274",-0.0243323532687902,0.83349619832291
"100276",0.271722438701194,0.947469619040956,0.389546723941894,0.6650618013838,0.564419800061931,0.941918303869977,0.911111430848875,NA,7,0.142857142857143,0.670178588264089,"0.833250281081444",-0.0243323532687902,0.83349619832291
"100277",NA,NA,NA,NA,NA,NA,NA,NA,0,NA,NA,"NaN",-0.0243323532687902,0.83349619832291
"100281",-0.356268083376142,-0.482574487649487,0.564214875220634,0.0987942346396202,0.747353930865576,0.0364317558430062,-0.631716827742182,-0.664508717790581,8,0.125,-0.0860341649986944,"-0.074027706249957",-0.0243323532687902,0.83349619832291
"100284",NA,0.947469619040956,NA,NA,NA,0.941918303869977,0.345407736032154,NA,3,0.333333333333333,0.744931886314362,"0.92293671060648",-0.0243323532687902,0.83349619832291
"100285",0.881367170245933,-0.434310499048684,-0.569696401933152,-0.670513414594815,0.456322359132505,0.0527258582496612,0.242552518792751,NA,7,0.142857142857143,-0.00593605845082885,"0.022071240222783",-0.0243323532687902,0.83349619832291
"100286",-0.793744626845746,0.500580835700192,0.986568191837258,NA,-1.89521274047071,-0.00546736463124947,0.448262953271558,0.844962917200563,7,0.142857142857143,0.0122785951516947,"0.0439245535782291",-0.0243323532687902,0.83349619832291
"100287",0.881367170245933,-0.310969194846633,-0.717162136209465,-0.911304668201349,0.589365363353337,-0.000811906800776736,0.139697301553347,-0.527284023700479,8,0.125,-0.107137761825761,"-0.0993470740761441",-0.0243323532687902,0.83349619832291
"100288",-0.202445685833603,-0.277005647312736,-1.9942440291655,NA,0.685821541413441,0.187734135333374,0.191124910173049,NA,6,0.166666666666667,-0.234835795898662,"-0.252554772359405",-0.0243323532687902,0.83349619832291
"100289",0.655572825229363,0.543482158900906,0.153315207868189,-1.56531820024283,0.401442119891411,-0.224273882663474,0.293980127412452,-0.664508717790581,8,0.125,-0.05078854517432,"-0.0317412268451406",-0.0243323532687902,0.83349619832291
"100290",-0.24478212552421,0.393327527698409,0.607166059961307,NA,-0.388500717669783,-0.512912268152791,1.579670342905,-0.115609941430166,7,0.142857142857143,0.188336982541109,"0.255153336317328",-0.0243323532687902,0.83349619832291
"100291",NA,NA,-0.107255312891898,NA,NA,0.641641273804478,0.756828604989769,-0.801733411880687,4,0.25,0.122370288505415,"0.176008771328997",-0.0243323532687902,0.83349619832291
"100292",NA,NA,NA,NA,NA,0.0527258582496612,0.602545779130663,NA,2,0.5,0.327635818690162,"0.422279276938699",-0.0243323532687902,0.83349619832291
"100296",0.881367170245933,0.947469619040956,NA,NA,1.14814598108083,0.259893731705703,0.139697301553347,1.53108638765108,6,0.166666666666667,0.817943365212976,"1.01053336557086",-0.0243323532687902,0.83349619832291
"100299",0.0233486591829667,0.420140854698855,0.889212173091731,NA,0.0771497971031316,0.127213183537227,0.859683822229173,1.11941230538077,7,0.142857142857143,0.502308685031979,"0.631845759297321",-0.0243323532687902,0.83349619832291
"100302",NA,NA,NA,NA,NA,0.0154821956058783,-0.477434001883076,NA,2,0.5,-0.230975903138599,"-0.247923806114052",-0.0243323532687902,0.83349619832291
"100307",NA,0.947469619040956,NA,NA,NA,0.941918303869977,0.293980127412452,0.570513529020354,4,0.25,0.688470394835935,"0.855196159909267",-0.0243323532687902,0.83349619832291
"100313",NA,NA,NA,NA,NA,NA,NA,NA,0,NA,NA,"NaN",-0.0243323532687902,0.83349619832291
"100314",0.359217747395115,-0.0285354837752713,1.19846070322458,0.229392880663503,0.280040378539901,-0.0077950935464859,0.602545779130663,NA,7,0.142857142857143,0.376189558804572,"0.480532380206723",-0.0243323532687902,0.83349619832291
"100315",0.881367170245933,0.166308025761302,0.335141889937041,NA,1.14814598108083,0.941918303869977,0.139697301553347,0.158839446750041,7,0.142857142857143,0.538774017028353,"0.675595607310722",-0.0243323532687902,0.83349619832291
"100316",NA,-0.107187909643245,0.589985586065038,NA,-2.68848165313743,-0.187030220019691,0.911111430848875,0.707738223110458,6,0.166666666666667,-0.128977423795999,"-0.12554954748176",-0.0243323532687902,0.83349619832291
"100319",0.191283203289041,0.080505379359875,1.19846070322458,NA,1.14814598108083,0.520599370212183,-0.220295958784567,0.0216147526599381,7,0.142857142857143,0.420044775863127,"0.533148357516273",-0.0243323532687902,0.83349619832291
"100320",NA,NA,NA,NA,NA,0.332053328078033,0.345407736032154,NA,2,0.5,0.338730532055093,"0.435590331490903",-0.0243323532687902,0.83349619832291
"100321",NA,NA,NA,NA,NA,-1.43236518967118,0.396835344651856,0.844962917200563,3,0.333333333333333,-0.0635223092729209,"-0.047018757953528",-0.0243323532687902,0.83349619832291
"100329",NA,NA,0.373797956203647,-1.72958680969474,NA,0.941918303869977,0.705400996370067,0.296064140840146,5,0.2,0.117518917517819,"0.170188263692181",-0.0243323532687902,0.83349619832291
"100330",NA,NA,NA,NA,NA,-1.05760083431812,-0.58028921912248,NA,2,0.5,-0.818945026720298,"-0.953348887553848",-0.0243323532687902,0.83349619832291
"100350",NA,NA,NA,NA,NA,0.941918303869977,-0.940282479460392,NA,2,0.5,0.000817912204792437,"0.0301744213401187",-0.0243323532687902,0.83349619832291
"100359",0.480582207841521,0.591746147501708,-0.127299199104213,NA,1.14814598108083,-0.056677400766451,1.5282427342853,1.11941230538077,7,0.142857142857143,0.669164682317067,"0.832033831685439",-0.0243323532687902,0.83349619832291
"100360",0.881367170245933,NA,0.475449093423241,1.12011645862327,NA,0.488011165398873,-0.940282479460392,NA,5,0.2,0.404932281646184,"0.51501690802994",-0.0243323532687902,0.83349619832291
"100361",NA,NA,NA,NA,NA,NA,0.293980127412452,NA,1,1,0.293980127412452,"0.381900338983818",-0.0243323532687902,0.83349619832291
"100362",NA,NA,NA,NA,NA,-0.196341135680637,0.139697301553347,NA,2,0.5,-0.028321917063645,"-0.00478654108186968",-0.0243323532687902,0.83349619832291
"100363",NA,NA,NA,NA,NA,0.741733617159644,0.396835344651856,NA,2,0.5,0.56928448090575,"0.712201009877388",-0.0243323532687902,0.83349619832291
"10057F",-0.385903591159566,-0.228741658711933,NA,NA,NA,NA,-1.30027573979831,0.43328883493025,4,0.25,-0.370408038684889,"-0.415209674756097",-0.0243323532687902,0.83349619832291
"10063F",-0.354856868719788,-0.679205552319422,NA,NA,NA,NA,1.11682186532768,-0.115609941430166,4,0.25,-0.00821262428542368,"0.0193398950298769",-0.0243323532687902,0.83349619832291
"10064F",-2.25011815220262,-0.739982426853766,NA,NA,NA,NA,0.756828604989769,0.0216147526599381,4,0.25,-0.55291430535167,"-0.634174400730859",-0.0243323532687902,0.83349619832291
"10065F",-2.09206211069102,0.178820911694843,NA,NA,NA,NA,0.0368420843139429,0.158839446750041,4,0.25,-0.429389916983049,"-0.485974098657296",-0.0243323532687902,0.83349619832291
"10099F",0.881367170245933,-0.27343053704601,NA,NA,NA,NA,0.653973387750365,1.53108638765108,4,0.25,0.698249102150343,"0.866928315777625",-0.0243323532687902,0.83349619832291
"101300",NA,NA,NA,NA,NA,NA,NA,NA,0,NA,NA,"NaN",-0.0243323532687902,0.83349619832291
"101303",NA,NA,NA,NA,NA,NA,NA,NA,0,NA,NA,"NaN",-0.0243323532687902,0.83349619832291
"101304",NA,NA,NA,NA,NA,NA,NA,NA,0,NA,NA,"NaN",-0.0243323532687902,0.83349619832291
"101307",NA,NA,NA,NA,NA,NA,NA,NA,0,NA,NA,"NaN",-0.0243323532687902,0.83349619832291
"101308",NA,NA,NA,NA,NA,NA,NA,NA,0,NA,NA,"NaN",-0.0243323532687902,0.83349619832291
"101309",NA,NA,NA,NA,NA,NA,NA,NA,0,NA,NA,"NaN",-0.0243323532687902,0.83349619832291
"101311",NA,NA,NA,NA,NA,NA,NA,NA,0,NA,NA,"NaN",-0.0243323532687902,0.83349619832291
"101312",NA,NA,NA,NA,NA,NA,NA,NA,0,NA,NA,"NaN",-0.0243323532687902,0.83349619832291
"101313",NA,NA,NA,NA,NA,NA,NA,NA,0,NA,NA,"NaN",-0.0243323532687902,0.83349619832291
"101314",NA,NA,NA,NA,NA,NA,NA,NA,0,NA,NA,"NaN",-0.0243323532687902,0.83349619832291
"101315",NA,NA,NA,NA,NA,NA,NA,NA,0,NA,NA,"NaN",-0.0243323532687902,0.83349619832291
"110001",0.57513358981721,0.634647470702421,-1.60768336649943,NA,0.0372368958368818,0.0154821956058783,0.345407736032154,NA,6,0.166666666666667,3.74202491854244e-05,"0.0292380140029557",-0.0243323532687902,0.83349619832291
"110002",NA,-0.0785870275094366,1.19846070322458,NA,NA,0.941918303869977,-0.220295958784567,NA,4,0.25,0.460374005200139,"0.581533976332722",-0.0243323532687902,0.83349619832291
"110003",-1.36387534801259,0.947469619040956,0.0430738337004595,NA,-0.0874909206201487,0.941918303869977,0.602545779130663,NA,6,0.166666666666667,0.180606877851554,"0.245879023242944",-0.0243323532687902,0.83349619832291
"110005",0.0106477272757846,-0.108975464776609,-1.71219791603507,0.145728123054453,0.379822631705526,0.183078677502901,-0.58028921912248,-0.115609941430166,8,0.125,-0.224724422728208,"-0.240423495467201",-0.0243323532687902,0.83349619832291
"110006",0.330993454268043,-0.441460719582136,0.734587908025306,NA,-2.34755895482154,-0.119526081477835,-2.43168312943175,-7.800192810476,7,0.142857142857143,-1.72497719049942,"-2.04037503788562",-0.0243323532687902,0.83349619832291
"110007",0.144713119629373,0.273561333763085,0.906392646988001,1.12011645862327,0.268399115670579,0.683540394278734,-1.55741378289682,-0.664508717790581,8,0.125,0.146850071033205,"0.205378770348844",-0.0243323532687902,0.83349619832291
"110008",-0.519968983513155,0.103743596093595,-2.64710203722374,-2.62745250110894,0.865429597111565,-0.0310723826988502,-1.50598617427711,-0.390059329610375,8,0.125,-0.844058526903376,"-0.983479199166078",-0.0243323532687902,0.83349619832291
"110010",-0.512912910231387,-0.37889628991443,0.579963642958881,-0.232803890030395,-0.237164300368585,-0.133492454969253,-2.17454508633324,-0.390059329610375,8,0.125,-0.434988827312348,"-0.492691478221311",-0.0243323532687902,0.83349619832291
"110011",0.164470124818323,-0.470061601715945,0.615756296909442,NA,-1.58256168055176,0.313431496756141,-4.74592551731833,NA,6,0.166666666666667,-0.950815146850354,"-1.11156211083596",-0.0243323532687902,0.83349619832291
"110015",NA,0.947469619040956,NA,NA,NA,0.199372779909556,-0.271723567404269,NA,3,0.333333333333333,0.291706277182081,"0.379172251879226",-0.0243323532687902,0.83349619832291
"110016",0.404376616398428,0.947469619040956,-0.386438013706277,NA,-0.681195326955615,0.623019442482586,0.49969056189126,NA,6,0.166666666666667,0.234487149858556,"0.310522715818166",-0.0243323532687902,0.83349619832291
"110018",0.14753554894208,0.947469619040956,-0.0313748865167082,NA,1.14814598108083,0.774321821972954,-1.0431376966998,-0.527284023700479,7,0.142857142857143,0.202239480588549,"0.271833074119867",-0.0243323532687902,0.83349619832291
"110023",0.881367170245933,-8.2423513215785,-1.85107341336325,NA,NA,-0.545500472966101,0.0882696929336448,NA,5,0.2,-1.93385766894565,"-2.29098263377691",-0.0243323532687902,0.83349619832291
"110024",0.175759842069151,-1.2172596474617,-0.543925691088748,0.405905113180157,0.629278264619587,-0.319710768188168,-2.84310399838936,NA,7,0.142857142857143,-0.530436697894155,"-0.607206542325813",-0.0243323532687902,0.83349619832291
"110025",-1.45983794464463,-0.207290997111577,-0.572559814249197,-2.00812923441755,-0.124077746780878,0.155145930520064,-1.35170334841801,0.844962917200563,8,0.125,-0.590436279737652,"-0.679191971850535",-0.0243323532687902,0.83349619832291
"110027",NA,NA,NA,NA,NA,-1.11812178611426,0.242552518792751,NA,2,0.5,-0.437784633660756,"-0.496045790279403",-0.0243323532687902,0.83349619832291
"110028",-0.0443896443220043,0.511306166500371,-1.04359114023858,0.846675543510762,-0.529858909654417,0.513616183466474,0.0368420843139429,-1.48785688233121,8,0.125,-0.149657074844333,"-0.150360279780172",-0.0243323532687902,0.83349619832291
"110029",-0.0203989951639938,0.334338208297428,0.138998146287964,-0.299123514964398,-1.69731127169222,0.0294485690972969,0.0882696929336448,0.0216147526599381,8,0.125,-0.175520551568043,"-0.181390387386842",-0.0243323532687902,0.83349619832291
"110030",0.462236417308925,0.146644919294308,0.0301884782782575,NA,-0.686184439613896,0.841825960514811,0.602545779130663,NA,6,0.166666666666667,0.232876185818845,"0.308589936708971",-0.0243323532687902,0.83349619832291
"110031",0.0939093920006447,-0.0750119172427105,-0.0141944126204387,-0.233824191952457,-1.27157365818556,0.273860105197122,0.139697301553347,NA,7,0.142857142857143,-0.155305340178579,"-0.157136873777375",-0.0243323532687902,0.83349619832291
"110032",NA,NA,NA,NA,NA,-0.0334001116140866,0.139697301553347,NA,2,0.5,0.05314859496963,"0.0929589701720546",-0.0243323532687902,0.83349619832291
"110034",-0.891118438134142,-0.323482080780175,-2.35073886251309,-3.72019585963689,-0.70447785269426,0.371624719637052,-1.66026900013622,NA,7,0.142857142857143,-1.32552248203682,"-1.56112305177417",-0.0243323532687902,0.83349619832291
"110035",0.0558065962790987,0.818765649438816,0.482607624213354,-0.674594622283061,-0.468326520202282,0.120229996791518,-0.014585524305759,-0.25283463552027,8,0.125,0.00838357055142659,"0.0392514373623359",-0.0243323532687902,0.83349619832291
"110036",-0.0105204925695188,0.405840413631951,0.0731396630189311,-1.42859774268657,0.552778537192608,0.599742153330222,0.345407736032154,1.11941230538077,8,0.125,0.207150321666318,"0.277724931920359",-0.0243323532687902,0.83349619832291
"110038",-0.491744690386084,-0.1626021187775,-0.286218582644705,NA,-2.08147294637988,-0.212635238087292,-0.271723567404269,NA,6,0.166666666666667,-0.584399523946621,"-0.67194928039834",-0.0243323532687902,0.83349619832291
"110041",NA,NA,NA,NA,NA,0.941918303869977,-0.014585524305759,NA,2,0.5,0.463666389782109,"0.585484065833544",-0.0243323532687902,0.83349619832291
"110042",0.47634856387246,0.250323117029365,1.19846070322458,NA,-0.252131638343429,-0.182374762189218,0.191124910173049,NA,6,0.166666666666667,0.280291815627801,"0.365477574474281",-0.0243323532687902,0.83349619832291
"110043",0.222329925728819,-0.31454430511336,0.627209946173622,NA,-1.61582243160696,0.215666882316211,-6.03161573281088,-2.03675565869162,7,0.142857142857143,-1.27621876771488,"-1.50197015531088",-0.0243323532687902,0.83349619832291
"110044",0.881367170245933,0.947469619040956,NA,NA,NA,0.941918303869977,-0.32315117602397,NA,4,0.25,0.611900979283224,"0.763330815224099",-0.0243323532687902,0.83349619832291
"110045",NA,NA,NA,NA,NA,-0.394198093475733,0.0882696929336448,NA,2,0.5,-0.152964200271044,"-0.154328054838254",-0.0243323532687902,0.83349619832291
"110046",0.881367170245933,NA,NA,NA,-1.88856059025967,0.353002888315161,0.242552518792751,NA,4,0.25,-0.102909503226457,"-0.0942741551980354",-0.0243323532687902,0.83349619832291
"110050",NA,NA,NA,NA,NA,NA,NA,NA,0,NA,NA,"NaN",-0.0243323532687902,0.83349619832291
"110051",NA,0.947469619040956,NA,NA,NA,0.492666623229346,0.396835344651856,-0.527284023700479,4,0.25,0.32742189080542,"0.422022613638766",-0.0243323532687902,0.83349619832291
"110054",-0.0980158012634396,0.389752417431683,0.0645494260707963,-2.17545874963565,-1.1817696303365,0.350675159399924,0.242552518792751,0.43328883493025,8,0.125,-0.246803228076273,"-0.266912884851929",-0.0243323532687902,0.83349619832291
"110064",0.419899977618318,0.0822929344932381,-0.684232894574948,-2.76519326058725,-0.129066859439159,0.474044791907455,-2.99738682424847,NA,7,0.142857142857143,-0.799948876404402,"-0.930557961387516",-0.0243323532687902,0.83349619832291
"110069",0.532797150126603,0.463042177899568,1.19846070322458,NA,0.0422260084951631,-0.0194337381226681,-0.631716827742182,-1.76230627051142,7,0.142857142857143,-0.0252758280900501,"-0.00113194855976342",-0.0243323532687902,0.83349619832291
"110071",NA,NA,NA,NA,NA,NA,NA,NA,0,NA,NA,"NaN",-0.0243323532687902,0.83349619832291
"110073",NA,NA,NA,NA,NA,NA,-0.32315117602397,NA,1,1,-0.32315117602397,"-0.35851252034075",-0.0243323532687902,0.83349619832291
"110074",0.405787831054782,-0.357445628314073,-0.956257064599215,-1.69285594050052,0.511202598373598,0.176095490757192,-0.0660131329254609,NA,7,0.142857142857143,-0.282783692307671,"-0.310081005239034",-0.0243323532687902,0.83349619832291
"110075",-1.63623977668882,-0.0356857043087235,-0.187430857741156,NA,-0.729423415985666,0.166784575096246,0.345407736032154,0.296064140840146,7,0.142857142857143,-0.25436047182226,"-0.275979805326423",-0.0243323532687902,0.83349619832291
"110076",0.247731789543183,-1.1010685637931,0.10177378617938,-0.83478202404673,0.506213485715317,-0.110215165816889,-2.32882791219234,-1.07618280006089,8,0.125,-0.57441967555901,"-0.659975802405648",-0.0243323532687902,0.83349619832291
"110078",-0.768342763031382,-0.588040240517907,-1.83675635178303,-2.62541189726481,0.39645300723313,0.120229996791518,-1.0945653053195,NA,7,0.142857142857143,-0.913776221984568,"-1.06712408587519",-0.0243323532687902,0.83349619832291
"110079",-0.899585726072263,0.420140854698855,1.19846070322458,0.22123046528701,-1.63411584468733,-0.089265605579761,-1.1974205225589,NA,7,0.142857142857143,-0.282936525098258,"-0.310264368751542",-0.0243323532687902,0.83349619832291
"110082",-1.67152014309766,0.393327527698409,-0.250425928694144,NA,0.0971062477362566,0.339036514823742,-0.117440741545163,NA,6,0.166666666666667,-0.201652753846427,"-0.212742902648417",-0.0243323532687902,0.83349619832291
"110083",0.240675716261415,0.184183577094932,0.227763928085356,-0.111387961305067,0.579387138036775,0.350675159399924,0.191124910173049,-0.664508717790581,8,0.125,0.124739218744475,"0.178850932149678",-0.0243323532687902,0.83349619832291
"110086",NA,NA,NA,NA,NA,NA,NA,NA,0,NA,NA,"NaN",-0.0243323532687902,0.83349619832291
"110087",0.12354489978407,-0.446823384982226,-0.284786876486683,-0.419519141767665,1.03339638994037,-0.366265346492896,-0.168868350164865,-0.25283463552027,8,0.125,-0.0977695557112711,"-0.0881074233934661",-0.0243323532687902,0.83349619832291
"110089",0.881367170245933,0.947469619040956,NA,NA,NA,0.0620367739106069,0.602545779130663,NA,4,0.25,0.62335483558204,"0.777072757085216",-0.0243323532687902,0.83349619832291
"110091",-0.54960449129658,0.182396021961569,-0.499542800190051,NA,1.14814598108083,0.488011165398873,0.49969056189126,NA,6,0.166666666666667,0.211516073140984,"0.282962810009606",-0.0243323532687902,0.83349619832291
"110092",NA,NA,NA,NA,NA,-1.55340709326348,0.0882696929336448,NA,2,0.5,-0.732568700164915,"-0.849717549187601",-0.0243323532687902,0.83349619832291
"110095",-0.69637081555735,0.423715964965581,1.19846070322458,NA,1.14814598108083,0.22963325580763,-1.35170334841801,NA,6,0.166666666666667,0.158646956850545,"0.219532267198711",-0.0243323532687902,0.83349619832291
"110100",NA,NA,NA,NA,NA,NA,NA,NA,0,NA,NA,"NaN",-0.0243323532687902,0.83349619832291
"110101",NA,NA,NA,NA,NA,NA,0.0368420843139429,NA,1,1,0.0368420843139429,"0.0733949809319144",-0.0243323532687902,0.83349619832291
"110104",NA,-0.600553126451448,NA,NA,NA,-0.510584539237555,-0.271723567404269,NA,3,0.333333333333333,-0.460953744364424,"-0.523843290436316",-0.0243323532687902,0.83349619832291
"110105",0.507395286312239,0.618559474502154,1.19846070322458,1.12011645862327,1.14814598108083,0.448439773839854,0.551118170510961,NA,7,0.142857142857143,0.798890835441984,"0.987674797278253",-0.0243323532687902,0.83349619832291
"110107",-0.493155905042437,0.457679512499479,-1.07222526339903,-0.106286451694758,-0.265435938765512,-0.240567985070129,-0.220295958784567,1.11941230538077,8,0.125,-0.102609460609523,"-0.0939141744116358",-0.0243323532687902,0.83349619832291
"110109",NA,NA,NA,NA,NA,0.941918303869977,NA,NA,1,1,0.941918303869977,"1.15927422234555",-0.0243323532687902,0.83349619832291
"110111",NA,NA,NA,NA,NA,0.941918303869977,0.139697301553347,NA,2,0.5,0.540807802711662,"0.678035673249115",-0.0243323532687902,0.83349619832291
"110113",NA,NA,NA,NA,NA,NA,0.139697301553347,NA,1,1,0.139697301553347,"0.196797124152676",-0.0243323532687902,0.83349619832291
"110121",NA,NA,NA,NA,NA,-1.20192002706277,NA,NA,1,1,-1.20192002706277,"-1.41282908807914",-0.0243323532687902,0.83349619832291
"110122",0.336638312893458,0.239597786229187,1.19846070322458,-0.504204201298777,-1.11524812822608,-1.00406306926768,0.139697301553347,NA,7,0.142857142857143,-0.101303042127423,"-0.0923467785618062",-0.0243323532687902,0.83349619832291
"110124",NA,0.947469619040956,NA,NA,NA,-0.498945894661373,0.242552518792751,NA,3,0.333333333333333,0.230358747724111,"0.305569601283568",-0.0243323532687902,0.83349619832291
"110125",0.881367170245933,0.947469619040956,NA,NA,1.14814598108083,0.872086436412884,0.653973387750365,NA,5,0.2,0.900608518906194,"1.10971216669743",-0.0243323532687902,0.83349619832291
"110128",0.881367170245933,NA,NA,NA,NA,0.941918303869977,0.396835344651856,NA,3,0.333333333333333,0.740040272922588,"0.917067921520679",-0.0243323532687902,0.83349619832291
"110129",-0.0923709426380254,0.128769367960677,0.196266392608862,NA,-0.561456623156865,0.737078159329171,-0.271723567404269,-0.527284023700479,7,0.142857142857143,-0.055817319571561,"-0.0377745769760224",-0.0243323532687902,0.83349619832291
"110132",NA,NA,NA,NA,NA,0.941918303869977,0.139697301553347,NA,2,0.5,0.540807802711662,"0.678035673249115",-0.0243323532687902,0.83349619832291
"110142",NA,NA,NA,NA,NA,NA,0.0368420843139429,NA,1,1,0.0368420843139429,"0.0733949809319144",-0.0243323532687902,0.83349619832291
"110143",-0.209501759115371,0.307524881296983,-1.04215943408056,-0.184849699693501,-0.554804472945823,0.176095490757192,0.911111430848875,-0.390059329610375,8,0.125,-0.123330361567823,"-0.118774396929738",-0.0243323532687902,0.83349619832291
"110146",NA,NA,NA,NA,NA,0.941918303869977,0.191124910173049,NA,2,0.5,0.566521607021513,"0.708886209054306",-0.0243323532687902,0.83349619832291
"110150",NA,NA,NA,NA,NA,0.32739787024756,-0.837427262220988,NA,2,0.5,-0.255014695986714,"-0.276764720921443",-0.0243323532687902,0.83349619832291
"110153",NA,NA,NA,NA,NA,NA,0.0882696929336448,0.707738223110458,2,0.5,0.398003958022052,"0.506704544232633",-0.0243323532687902,0.83349619832291
"110161",-0.637099799990501,-0.779308639787753,-1.34711284573935,-1.15005531796376,-0.405131093197387,0.257566002790467,-0.374578784643672,0.158839446750041,8,0.125,-0.534610128972739,"-0.612213681035002",-0.0243323532687902,0.83349619832291
"110164",-0.151641958204875,-0.225166548445207,-2.03576350774815,0.0753272904322036,0.200214576007402,0.0899695208934441,0.0368420843139429,NA,7,0.142857142857143,-0.287174077535891,"-0.315348438056428",-0.0243323532687902,0.83349619832291
"110165",-0.391548449784981,0.947469619040956,NA,NA,-0.109110408806034,0.762683177396772,0.0882696929336448,NA,5,0.2,0.259552726156072,"0.340595530004901",-0.0243323532687902,0.83349619832291
"110168",-0.133296167672279,-0.639879339385435,0.171927387922481,NA,-0.0542301695649405,0.404212924450362,0.0368420843139429,-1.62508157642131,7,0.142857142857143,-0.262786408051026,"-0.286088953089447",-0.0243323532687902,0.83349619832291
"110177",0.577956019129917,0.831278535372357,0.392410136257939,0.173276274950116,-0.102458258594992,0.674229478617788,0.293980127412452,0.0216147526599381,8,0.125,0.357785883225689,"0.458452284801473",-0.0243323532687902,0.83349619832291
"110184",-1.46266037395733,0.155582694961123,-6.52559401930657,NA,-0.0808387704091071,0.136524099198173,-0.117440741545163,NA,6,0.166666666666667,-1.31573785184315,"-1.54938378983949",-0.0243323532687902,0.83349619832291
"110190",NA,NA,NA,NA,NA,NA,NA,NA,0,NA,NA,"NaN",-0.0243323532687902,0.83349619832291
"110191",0.498927998374117,-0.539776251917104,-0.161660146896752,-1.38064355234968,0.283366453645422,0.643969002719714,0.653973387750365,0.707738223110458,8,0.125,0.0882368893045679,"0.13505669587919",-0.0243323532687902,0.83349619832291
"110192",-0.515735339544094,0.162732915494575,0.146156677078076,NA,0.451333246474224,0.536893472618838,0.293980127412452,-1.213407494151,7,0.142857142857143,-0.0197209135167039,"0.00553264641322308",-0.0243323532687902,0.83349619832291
"110194",NA,NA,NA,NA,NA,NA,0.0882696929336448,NA,1,1,0.0882696929336448,"0.135096052542295",-0.0243323532687902,0.83349619832291
"110198",-0.397193308410395,-0.0410483697088127,-2.3578973933032,NA,0.0671715717865692,0.26222146062094,-1.91740704323473,NA,6,0.166666666666667,-0.730692180374938,"-0.847466165445535",-0.0243323532687902,0.83349619832291
"110200",0.881367170245933,0.947469619040956,-1.58334436181305,NA,NA,0.941918303869977,0.602545779130663,0.43328883493025,6,0.166666666666667,0.370540890900788,"0.473755303220469",-0.0243323532687902,0.83349619832291
"110201",NA,NA,NA,NA,NA,0.941918303869977,0.242552518792751,NA,2,0.5,0.592235411331364,"0.739736744859496",-0.0243323532687902,0.83349619832291
"110209",NA,NA,NA,NA,NA,0.941918303869977,NA,NA,1,1,0.941918303869977,"1.15927422234555",-0.0243323532687902,0.83349619832291
"110215",0.542675652721078,0.947469619040956,-0.423662373814861,-1.07557327765326,0.326605430017193,0.460078418416036,-0.374578784643672,-2.72287912914214,8,0.125,-0.289983055632335,"-0.318718553123655",-0.0243323532687902,0.83349619832291
"110225",-0.003464419287751,-0.688143327986238,NA,NA,NA,0.401885195535126,0.293980127412452,NA,4,0.25,0.00106439391839732,"0.0304701416014718",-0.0243323532687902,0.83349619832291
"110226",-0.853015642412596,-0.659542445852429,-2.46670706131291,NA,1.14814598108083,0.941918303869977,0.293980127412452,NA,6,0.166666666666667,-0.265870122869111,"-0.289788687802443",-0.0243323532687902,0.83349619832291
"110229",0.3535728887697,0.409415523898677,0.292190705196367,NA,0.554441574745369,0.674229478617788,-0.0660131329254609,0.0216147526599381,7,0.142857142857143,0.319921684423197,"0.413024124626682",-0.0243323532687902,0.83349619832291
"110230",-1.28061368328773,-0.550501582717283,-0.750091377843981,NA,-0.756032016829833,0.518271641296947,0.756828604989769,0.707738223110458,7,0.142857142857143,-0.193485741611664,"-0.20294440296576",-0.0243323532687902,0.83349619832291
"110233",NA,NA,1.19846070322458,0.320199751726984,NA,-0.88534889459062,-0.168868350164865,NA,4,0.25,0.11611080254902,"0.16849885590408",-0.0243323532687902,0.83349619832291
"110234",NA,NA,NA,NA,NA,NA,NA,NA,0,NA,NA,"NaN",-0.0243323532687902,0.83349619832291
"110236",NA,NA,NA,NA,NA,NA,NA,NA,0,NA,NA,"NaN",-0.0243323532687902,0.83349619832291
"110237",NA,NA,NA,NA,NA,0.941918303869977,NA,NA,1,1,0.941918303869977,"1.15927422234555",-0.0243323532687902,0.83349619832291
"110252",-1.44149215411203,-1.36920183379756,NA,NA,1.14814598108083,-0.29177802120533,0.0368420843139429,NA,5,0.2,-0.383496788744029,"-0.430913105780109",-0.0243323532687902,0.83349619832291
"11029F",-0.230669978960675,-1.65163554486892,NA,NA,NA,NA,-1.0945653053195,0.844962917200563,4,0.25,-0.532976977987133,"-0.610254282793124",-0.0243323532687902,0.83349619832291
"11030F",0.881367170245933,0.0894431550266903,NA,NA,NA,NA,-1.1459929139392,-0.527284023700479,4,0.25,-0.175616653091764,"-0.181505686681445",-0.0243323532687902,0.83349619832291
"11031F",NA,NA,NA,NA,NA,NA,NA,NA,0,NA,NA,"NaN",-0.0243323532687902,0.83349619832291
"111302",NA,NA,NA,NA,NA,0.941918303869977,NA,NA,1,1,0.941918303869977,"1.15927422234555",-0.0243323532687902,0.83349619832291
"111303",NA,NA,NA,NA,NA,NA,NA,NA,0,NA,NA,"NaN",-0.0243323532687902,0.83349619832291
"111304",NA,NA,NA,NA,NA,-1.70936493058432,NA,NA,1,1,-1.70936493058432,"-2.02164398674644",-0.0243323532687902,0.83349619832291
"111305",NA,NA,NA,NA,NA,0.941918303869977,NA,NA,1,1,0.941918303869977,"1.15927422234555",-0.0243323532687902,0.83349619832291
"111306",NA,NA,NA,NA,NA,NA,NA,NA,0,NA,NA,"NaN",-0.0243323532687902,0.83349619832291
"111308",NA,NA,NA,NA,NA,NA,NA,NA,0,NA,NA,"NaN",-0.0243323532687902,0.83349619832291
"111310",NA,NA,NA,NA,NA,-3.25730465921654,NA,NA,1,1,-3.25730465921654,"-3.878808700571",-0.0243323532687902,0.83349619832291
"111311",NA,NA,NA,NA,NA,NA,NA,NA,0,NA,NA,"NaN",-0.0243323532687902,0.83349619832291
"111312",NA,NA,NA,NA,NA,NA,NA,NA,0,NA,NA,"NaN",-0.0243323532687902,0.83349619832291
"111313",NA,NA,NA,NA,NA,NA,NA,NA,0,NA,NA,"NaN",-0.0243323532687902,0.83349619832291
"111314",NA,NA,NA,NA,NA,NA,NA,NA,0,NA,NA,"NaN",-0.0243323532687902,0.83349619832291
"111316",NA,NA,NA,NA,NA,NA,NA,NA,0,NA,NA,"NaN",-0.0243323532687902,0.83349619832291
"111318",NA,NA,NA,NA,NA,NA,NA,NA,0,NA,NA,"NaN",-0.0243323532687902,0.83349619832291
"111319",NA,NA,NA,NA,NA,-1.0436344608267,NA,NA,1,1,-1.0436344608267,"-1.22292352335723",-0.0243323532687902,0.83349619832291
"111320",NA,NA,NA,NA,NA,0.941918303869977,NA,NA,1,1,0.941918303869977,"1.15927422234555",-0.0243323532687902,0.83349619832291
"111323",NA,NA,NA,NA,NA,NA,NA,0.844962917200563,1,1,0.844962917200563,"1.04295049241793",-0.0243323532687902,0.83349619832291
"111324",NA,NA,NA,NA,NA,NA,NA,NA,0,NA,NA,"NaN",-0.0243323532687902,0.83349619832291
"111325",NA,NA,NA,NA,NA,NA,NA,NA,0,NA,NA,"NaN",-0.0243323532687902,0.83349619832291
"111326",NA,NA,NA,NA,NA,0.941918303869977,NA,NA,1,1,0.941918303869977,"1.15927422234555",-0.0243323532687902,0.83349619832291
"111327",NA,NA,NA,NA,NA,NA,NA,NA,0,NA,NA,"NaN",-0.0243323532687902,0.83349619832291
"111328",NA,NA,NA,NA,NA,NA,NA,NA,0,NA,NA,"NaN",-0.0243323532687902,0.83349619832291
"111329",NA,0.947469619040956,NA,NA,NA,0.941918303869977,NA,NA,2,0.5,0.944693961455466,"1.16260436061262",-0.0243323532687902,0.83349619832291
"111330",NA,NA,NA,NA,NA,-1.6441885209577,NA,NA,1,1,-1.6441885209577,"-1.9434475777433",-0.0243323532687902,0.83349619832291
"111331",NA,NA,NA,NA,NA,-5.97143657438222,NA,NA,1,1,-5.97143657438222,"-7.13513058977316",-0.0243323532687902,0.83349619832291
"111332",NA,0.947469619040956,NA,NA,NA,NA,NA,NA,1,1,0.947469619040956,"1.16593449887969",-0.0243323532687902,0.83349619832291
"111333",NA,NA,NA,NA,NA,-0.231257069409183,NA,NA,1,1,-0.231257069409183,"-0.248261139710954",-0.0243323532687902,0.83349619832291
"111334",NA,NA,NA,NA,NA,NA,NA,NA,0,NA,NA,"NaN",-0.0243323532687902,0.83349619832291
"111335",NA,NA,NA,NA,NA,NA,NA,NA,0,NA,NA,"NaN",-0.0243323532687902,0.83349619832291
"111336",NA,NA,NA,NA,NA,NA,NA,NA,0,NA,NA,"NaN",-0.0243323532687902,0.83349619832291
"111337",NA,NA,NA,NA,NA,NA,NA,NA,0,NA,NA,"NaN",-0.0243323532687902,0.83349619832291
"120001",0.126367329096777,-0.159027008510774,-1.83961976409907,0.317138845960799,-0.110773446358794,-0.117198352562598,-1.76312421737562,-2.03675565869162,8,0.125,-0.697874034067613,"-0.808092085067774",-0.0243323532687902,0.83349619832291
"120002",-0.703426888839118,-0.874049061855995,-2.1345512326517,NA,0.0921171350779753,0.28782647868854,-0.88885487084069,NA,6,0.166666666666667,-0.703489740070164,"-0.814829615501446",-0.0243323532687902,0.83349619832291
"120005",0.881367170245933,0.19490890789511,0.345163833043198,NA,0.607658776433702,0.201700508824793,-2.12311747771354,NA,6,0.166666666666667,0.0179469531215334,"0.0507252540268262",-0.0243323532687902,0.83349619832291
"120006",0.881367170245933,0.947469619040956,0.335141889937041,NA,1.14814598108083,0.683540394278734,0.962539039468576,0.707738223110458,7,0.142857142857143,0.809420331023219,"1.00030772302215",-0.0243323532687902,0.83349619832291
"120007",0.881367170245933,-0.879411727256084,1.19846070322458,NA,1.14814598108083,0.390246550958943,-0.734572044981585,0.158839446750041,7,0.142857142857143,0.309010868574666,"0.399933703973913",-0.0243323532687902,0.83349619832291
"120011",-0.388726020472274,-0.221591438178481,0.269283406668008,NA,0.679169391202399,-1.09018903913143,-0.014585524305759,NA,6,0.166666666666667,-0.127773204036255,"-0.124104766135227",-0.0243323532687902,0.83349619832291
"120014",-1.05623055292751,-2.07886122174269,NA,NA,NA,0.941918303869977,-0.220295958784567,NA,4,0.25,-0.603367357396198,"-0.69470623296482",-0.0243323532687902,0.83349619832291
"120019",-0.00628684860045812,-3.12279341962672,-0.436547729237063,NA,NA,-1.07156720780953,0.448262953271558,NA,5,0.2,-0.837786450400443,"-0.975954178037543",-0.0243323532687902,0.83349619832291
"120022",-0.206679329802664,-0.134001236643691,-2.60558255864108,NA,0.567745875167452,0.401885195535126,-0.88885487084069,0.0216147526599381,7,0.142857142857143,-0.406267453223659,"-0.458232563895752",-0.0243323532687902,0.83349619832291
"120026",0.410021475023843,0.947469619040956,-1.7522856884597,NA,-0.451696144674678,0.790615924379609,1.06539425670798,NA,6,0.166666666666667,0.168253240336335,"0.231057554902625",-0.0243323532687902,0.83349619832291
"120028",NA,NA,NA,NA,NA,-3.84854780368659,0.191124910173049,NA,2,0.5,-1.82871144675677,"-2.16483182181107",-0.0243323532687902,0.83349619832291
"121300",NA,NA,NA,NA,NA,0.941918303869977,NA,NA,1,1,0.941918303869977,"1.15927422234555",-0.0243323532687902,0.83349619832291
"121301",NA,NA,NA,NA,NA,NA,NA,NA,0,NA,NA,"NaN",-0.0243323532687902,0.83349619832291
"121302",NA,NA,NA,NA,NA,NA,NA,NA,0,NA,NA,"NaN",-0.0243323532687902,0.83349619832291
"121303",NA,NA,NA,NA,NA,NA,NA,NA,0,NA,NA,"NaN",-0.0243323532687902,0.83349619832291
"121304",NA,NA,NA,NA,NA,NA,NA,NA,0,NA,NA,"NaN",-0.0243323532687902,0.83349619832291
"121305",NA,NA,NA,NA,NA,NA,NA,NA,0,NA,NA,"NaN",-0.0243323532687902,0.83349619832291
"121306",NA,NA,NA,NA,NA,NA,NA,NA,0,NA,NA,"NaN",-0.0243323532687902,0.83349619832291
"121307",NA,NA,NA,NA,NA,NA,NA,NA,0,NA,NA,"NaN",-0.0243323532687902,0.83349619832291
"121308",NA,NA,NA,NA,NA,NA,NA,NA,0,NA,NA,"NaN",-0.0243323532687902,0.83349619832291
"130002",0.0628626695608665,0.541694603767543,1.19846070322458,NA,-0.396815905433585,0.592758966584513,-0.168868350164865,NA,6,0.166666666666667,0.305015447923176,"0.395140136037395",-0.0243323532687902,0.83349619832291
"130003",NA,0.947469619040956,-1.98994891069143,NA,NA,0.455422960585563,0.396835344651856,NA,4,0.25,-0.0475552466032634,"-0.0278620267029415",-0.0243323532687902,0.83349619832291
"130006",-0.278651277276696,-0.157239453377411,0.167632269448413,0.686488141747093,0.725734442679691,-0.382559448899551,0.808256213609471,-1.76230627051142,8,0.125,-0.0240806728225507,"0.000301957521517075",-0.0243323532687902,0.83349619832291
"130007",0.0106477272757846,0.118044037160499,-0.757249908634094,NA,0.0122913325454757,-0.631626442829849,-0.168868350164865,-0.664508717790581,7,0.142857142857143,-0.297324331776804,"-0.327526363116359",-0.0243323532687902,0.83349619832291
"130013",-0.216557832397139,-2.1753891989443,-0.950530239967125,NA,-1.25660632021072,-0.180047033273982,-0.0660131329254609,0.296064140840146,7,0.142857142857143,-0.649868516696939,"-0.750496720545096",-0.0243323532687902,0.83349619832291
"130014",NA,NA,NA,NA,NA,0.941918303869977,0.653973387750365,NA,2,0.5,0.797945845810171,"0.986541031301018",-0.0243323532687902,0.83349619832291
"130018",0.4721149199034,0.536331938367453,0.100342080021358,NA,-1.17511748012546,0.655607647295896,0.808256213609471,0.158839446750041,7,0.142857142857143,0.222339252260309,"0.295948087136367",-0.0243323532687902,0.83349619832291
"130025",NA,NA,NA,NA,NA,0.201700508824793,0.191124910173049,NA,2,0.5,0.196412709498921,"0.264842315072193",-0.0243323532687902,0.83349619832291
"130028",-0.0726139374490756,-1.08498056759284,0.681614780178475,NA,0.326605430017193,0.234288713638103,-0.683144436361883,0.296064140840146,7,0.142857142857143,-0.0431665538185539,"-0.0225966244209155",-0.0243323532687902,0.83349619832291
"13003F",0.881367170245933,0.947469619040956,NA,NA,NA,NA,0.0882696929336448,0.982187611290668,4,0.25,0.7248235233778,"0.898811390086695",-0.0243323532687902,0.83349619832291
"130049",0.366273820676882,0.690061679836676,-0.0843480143635391,NA,1.14814598108083,0.550859846110257,-1.1459929139392,0.707738223110458,7,0.142857142857143,0.31896266035891,"0.411873520621269",-0.0243323532687902,0.83349619832291
"130063",NA,NA,NA,NA,NA,NA,0.242552518792751,NA,1,1,0.242552518792751,"0.320199267373437",-0.0243323532687902,0.83349619832291
"130065",NA,NA,1.19846070322458,0.590579761073304,NA,0.941918303869977,-0.014585524305759,-1.07618280006089,5,0.2,0.328038088760242,"0.422761906698605",-0.0243323532687902,0.83349619832291
"130066",NA,NA,NA,NA,NA,NA,0.602545779130663,0.158839446750041,2,0.5,0.380692612940352,"0.485934989294612",-0.0243323532687902,0.83349619832291
"130071",-0.305464355747413,-1.6623608756691,NA,NA,1.14814598108083,0.488011165398873,-0.117440741545163,NA,5,0.2,-0.0898217652963939,"-0.0785719384915923",-0.0243323532687902,0.83349619832291
"130073",NA,NA,NA,NA,NA,NA,NA,NA,0,NA,NA,"NaN",-0.0243323532687902,0.83349619832291
"130074",-0.144585884923107,-0.99381525579132,-1.39006403048002,NA,NA,-1.31132328607889,0.756828604989769,NA,5,0.2,-0.616591970456713,"-0.710572667733359",-0.0243323532687902,0.83349619832291
"131301",NA,NA,NA,NA,NA,NA,NA,NA,0,NA,NA,"NaN",-0.0243323532687902,0.83349619832291
"131302",NA,NA,NA,NA,NA,NA,NA,NA,0,NA,NA,"NaN",-0.0243323532687902,0.83349619832291
"131303",NA,NA,NA,NA,NA,NA,NA,NA,0,NA,NA,"NaN",-0.0243323532687902,0.83349619832291
"131304",NA,NA,NA,NA,NA,NA,NA,NA,0,NA,NA,"NaN",-0.0243323532687902,0.83349619832291
"131305",NA,NA,NA,NA,NA,NA,NA,0.0216147526599381,1,1,0.0216147526599381,"0.0551257534481611",-0.0243323532687902,0.83349619832291
"131307",NA,NA,NA,NA,NA,NA,NA,NA,0,NA,NA,"NaN",-0.0243323532687902,0.83349619832291
"131309",NA,NA,NA,NA,NA,NA,NA,NA,0,NA,NA,"NaN",-0.0243323532687902,0.83349619832291
"131310",NA,NA,NA,NA,NA,NA,NA,NA,0,NA,NA,"NaN",-0.0243323532687902,0.83349619832291
"131311",NA,NA,NA,NA,NA,NA,NA,NA,0,NA,NA,"NaN",-0.0243323532687902,0.83349619832291
"131312",NA,NA,NA,NA,NA,NA,NA,NA,0,NA,NA,"NaN",-0.0243323532687902,0.83349619832291
"131313",NA,NA,NA,NA,NA,NA,NA,NA,0,NA,NA,"NaN",-0.0243323532687902,0.83349619832291
"131314",NA,NA,NA,NA,NA,NA,NA,NA,0,NA,NA,"NaN",-0.0243323532687902,0.83349619832291
"131315",NA,NA,NA,NA,NA,NA,NA,NA,0,NA,NA,"NaN",-0.0243323532687902,0.83349619832291
"131316",NA,NA,NA,NA,NA,NA,NA,NA,0,NA,NA,"NaN",-0.0243323532687902,0.83349619832291
"131317",NA,NA,NA,NA,NA,NA,NA,NA,0,NA,NA,"NaN",-0.0243323532687902,0.83349619832291
"131318",NA,NA,NA,NA,NA,NA,NA,NA,0,NA,NA,"NaN",-0.0243323532687902,0.83349619832291
"131319",NA,NA,NA,NA,NA,NA,NA,NA,0,NA,NA,"NaN",-0.0243323532687902,0.83349619832291
"131320",NA,NA,NA,NA,NA,NA,NA,NA,0,NA,NA,"NaN",-0.0243323532687902,0.83349619832291
"131321",NA,NA,NA,NA,NA,NA,NA,NA,0,NA,NA,"NaN",-0.0243323532687902,0.83349619832291
"131322",NA,NA,NA,NA,NA,NA,NA,NA,0,NA,NA,"NaN",-0.0243323532687902,0.83349619832291
"131323",NA,NA,NA,NA,NA,NA,NA,NA,0,NA,NA,"NaN",-0.0243323532687902,0.83349619832291
"131324",NA,NA,NA,NA,NA,NA,NA,NA,0,NA,NA,"NaN",-0.0243323532687902,0.83349619832291
"131325",NA,0.947469619040956,NA,NA,NA,NA,NA,0.844962917200563,2,0.5,0.896216268120759,"1.10444249564881",-0.0243323532687902,0.83349619832291
"131326",NA,NA,NA,NA,NA,0.941918303869977,NA,NA,1,1,0.941918303869977,"1.15927422234555",-0.0243323532687902,0.83349619832291
"131327",NA,NA,NA,NA,NA,NA,NA,NA,0,NA,NA,"NaN",-0.0243323532687902,0.83349619832291
"131328",NA,NA,NA,NA,NA,-5.11017687574474,NA,0.570513529020354,2,0.5,-2.26983167336219,"-2.69407265997326",-0.0243323532687902,0.83349619832291
"140001",NA,NA,NA,NA,NA,-0.498945894661373,0.602545779130663,0.296064140840146,3,0.333333333333333,0.133221341769812,"0.189027490893922",-0.0243323532687902,0.83349619832291
"140002",0.881367170245933,0.477342618966473,0.538444164376229,NA,1.14814598108083,-0.571105491033702,1.01396664808828,-0.938958105970791,7,0.142857142857143,0.364171855107608,"0.466113953678629",-0.0243323532687902,0.83349619832291
"140007",-1.41044543167225,-5.24462136292866,NA,NA,-1.28820403371316,-0.857416147607783,-1.91740704323473,-0.25283463552027,6,0.166666666666667,-1.82848810911281,"-2.16456386900647",-0.0243323532687902,0.83349619832291
"140008",0.881367170245933,0.116256482027136,NA,NA,1.14814598108083,-0.231257069409183,0.396835344651856,NA,5,0.2,0.462269581719315,"0.583808223681409",-0.0243323532687902,0.83349619832291
"140010",0.294301873202851,0.248535561896002,0.244944401981626,-1.05210633344585,-0.182284061127492,0.336708785908506,2.14537403772172,1.66831108174119,8,0.125,0.462973168484819,"0.584652362823158",-0.0243323532687902,0.83349619832291
"140011",-0.565127852516469,-1.73386308100362,NA,NA,-2.55876472402212,-0.843449774116364,-0.014585524305759,-1.76230627051142,6,0.166666666666667,-1.24634953774596,"-1.46613408307801",-0.0243323532687902,0.83349619832291
"140012",NA,NA,NA,NA,NA,-2.54501961115419,-1.0945653053195,NA,2,0.5,-1.81979245823685,"-2.15413112690943",-0.0243323532687902,0.83349619832291
"140013",NA,-0.688143327986238,NA,NA,NA,-0.866727063268728,0.962539039468576,0.158839446750041,4,0.25,-0.108372976259087,"-0.100829041763353",-0.0243323532687902,0.83349619832291
"140015",-0.436707318788295,-0.151876787977322,-0.299103938066907,NA,1.14814598108083,-0.173063846528272,-0.220295958784567,-0.25283463552027,7,0.142857142857143,-0.0551052149406856,"-0.036920218393094",-0.0243323532687902,0.83349619832291
"140018",-3.27042634874625,-1.85541683007231,-0.60405734972569,1.12011645862327,-2.09976635946024,-0.147458828460672,-1.0431376966998,NA,7,0.142857142857143,-1.12859242207738,"-1.3248531559358",-0.0243323532687902,0.83349619832291
"140029",0.227974784354233,0.634647470702421,-0.598330525093601,1.12011645862327,1.14814598108083,-0.443080400695698,-0.374578784643672,0.570513529020354,8,0.125,0.285676064168517,"0.371937410225842",-0.0243323532687902,0.83349619832291
"140030",-0.409894240317577,0.497005725433466,-0.395028250654412,NA,1.14814598108083,0.057381316080134,0.911111430848875,NA,6,0.166666666666667,0.301453660411887,"0.390866826190924",-0.0243323532687902,0.83349619832291
"140032",0.881367170245933,-1.56047023306741,NA,NA,NA,0.0992804365543898,0.242552518792751,NA,4,0.25,-0.0843175268685836,"-0.0719681430107186",-0.0243323532687902,0.83349619832291
"140034",NA,NA,NA,NA,NA,-0.496618165746136,0.551118170510961,NA,2,0.5,0.0272500023824127,"0.0618867317631352",-0.0243323532687902,0.83349619832291
"14003F",-1.89449205880152,-1.81966572740505,NA,NA,NA,NA,-0.477434001883076,0.0216147526599381,4,0.25,-1.04249425885743,"-1.22155554834839",-0.0243323532687902,0.83349619832291
"140043",-1.5670902585275,-0.275218092179373,NA,NA,NA,-0.270828460968203,-0.168868350164865,0.982187611290668,5,0.2,-0.259963510109854,"-0.282702137472469",-0.0243323532687902,0.83349619832291
"140046",-0.844548354474474,0.947469619040956,1.19846070322458,NA,-1.24829113244691,0.22963325580763,0.293980127412452,1.66831108174119,7,0.142857142857143,0.320716471472203,"0.413977682724013",-0.0243323532687902,0.83349619832291
"140048",-0.164342890112057,-0.198353221444761,-1.36715673195166,NA,0.15198648697735,0.341364243738978,0.653973387750365,-0.25283463552027,7,0.142857142857143,-0.119337622937436,"-0.113984046789665",-0.0243323532687902,0.83349619832291
"140049",-1.05481933827116,0.152007584694397,NA,NA,-0.0658714324342634,0.318086954586614,-1.35170334841801,NA,5,0.2,-0.400459915968483,"-0.451264880939475",-0.0243323532687902,0.83349619832291
"14004F",NA,NA,NA,NA,NA,NA,NA,NA,0,NA,NA,"NaN",-0.0243323532687902,0.83349619832291
"140052",NA,NA,NA,NA,NA,0.941918303869977,-0.117440741545163,NA,2,0.5,0.412238781162407,"0.523782994223164",-0.0243323532687902,0.83349619832291
"140053",0.326759810298983,0.277136444029811,-0.0356700049907755,NA,0.200214576007402,-0.0543496718512145,-2.74024878114996,NA,6,0.166666666666667,-0.337692937942625,"-0.37595922489431",-0.0243323532687902,0.83349619832291
"140054",0.257610292137658,0.21814712462883,1.19846070322458,NA,0.176932050268756,0.478700249737928,-0.117440741545163,NA,6,0.166666666666667,0.368734946408765,"0.47158859328747",-0.0243323532687902,0.83349619832291
"140059",NA,NA,NA,NA,NA,NA,0.293980127412452,0.0216147526599381,2,0.5,0.157797440036195,"0.218513046215989",-0.0243323532687902,0.83349619832291
"140062",0.171526198100091,0.511306166500371,-1.22541782230744,1.12011645862327,-0.0409258691428572,0.138851828113409,-1.45455856565741,-1.3506321882411,8,0.125,-0.266216724251459,"-0.290204528190252",-0.0243323532687902,0.83349619832291
"140063",-1.30319311778938,0.947469619040956,NA,NA,-1.49608372780821,0.397229737704653,-0.32315117602397,NA,5,0.2,-0.355545732975192,"-0.397378392814318",-0.0243323532687902,0.83349619832291
"140064",-1.57273511715291,-1.65342310000229,NA,NA,NA,0.941918303869977,0.705400996370067,NA,4,0.25,-0.394709729228789,"-0.444366005154241",-0.0243323532687902,0.83349619832291
"140065",0.881367170245933,0.947469619040956,1.19846070322458,NA,1.14814598108083,-0.284794834459621,-0.014585524305759,-0.115609941430166,7,0.142857142857143,0.537207596199537,"0.67371626961012",-0.0243323532687902,0.83349619832291
"140067",-0.268772774682221,-0.318119415380086,-0.0456919480969327,-1.88875390953635,0.414746420313495,-0.0636605875121602,-0.32315117602397,-0.390059329610375,8,0.125,-0.360432840066075,"-0.403241775395686",-0.0243323532687902,0.83349619832291
"140068",NA,NA,NA,NA,NA,0.0806586052324984,-0.734572044981585,NA,2,0.5,-0.326956719874543,"-0.363078280638434",-0.0243323532687902,0.83349619832291
"140077",NA,NA,NA,NA,NA,NA,0.0368420843139429,NA,1,1,0.0368420843139429,"0.0733949809319144",-0.0243323532687902,0.83349619832291
"14007F",0.53561957943931,0.0304538356257095,NA,NA,NA,NA,-2.22597269495294,-1.213407494151,4,0.25,-0.71832669350973,"-0.832630480663662",-0.0243323532687902,0.83349619832291
"140080",NA,-1.63554754866866,NA,NA,NA,-0.496618165746136,0.808256213609471,-0.25283463552027,4,0.25,-0.394186034081398,"-0.443737693773284",-0.0243323532687902,0.83349619832291
"140082",-0.587707287018126,-0.00529726704155159,NA,NA,NA,-1.39744925594263,-1.66026900013622,-2.31120504687183,5,0.2,-1.19238557140207,"-1.40138997692316",-0.0243323532687902,0.83349619832291
"140083",NA,NA,NA,NA,NA,0.941918303869977,0.139697301553347,NA,2,0.5,0.540807802711662,"0.678035673249115",-0.0243323532687902,0.83349619832291
"140084",0.130600973065837,0.947469619040956,NA,NA,NA,0.0992804365543898,0.602545779130663,NA,4,0.25,0.444974201947962,"0.563057823372261",-0.0243323532687902,0.83349619832291
"140088",-0.003464419287751,0.316462656963798,-0.334896592017469,1.12011645862327,0.339909730439276,-0.235912527239656,0.756828604989769,NA,7,0.142857142857143,0.279863416067319,"0.364963595452728",-0.0243323532687902,0.83349619832291
"140089",NA,NA,NA,NA,NA,0.941918303869977,0.0882696929336448,NA,2,0.5,0.515093998401811,"0.647185137443925",-0.0243323532687902,0.83349619832291
"14008F",NA,NA,NA,NA,NA,NA,-0.374578784643672,NA,1,1,-0.374578784643672,"-0.420213591951131",-0.0243323532687902,0.83349619832291
"140091",0.30982523442274,-1.0867681227262,-1.23114464693953,NA,0.467963622001828,0.383263364213234,1.06539425670798,-1.89953096460152,7,0.142857142857143,-0.284428179560209,"-0.312054004343105",-0.0243323532687902,0.83349619832291
"140093",NA,NA,NA,NA,NA,0.0783308763172619,-0.220295958784567,0.0216147526599381,3,0.333333333333333,-0.0401167766024555,"-0.0189376068726233",-0.0243323532687902,0.83349619832291
"140095",NA,NA,NA,NA,-0.114099521464315,0.713800870176807,0.242552518792751,NA,3,0.333333333333333,0.280751289168414,"0.366028834985772",-0.0243323532687902,0.83349619832291
"140100",NA,NA,0.713112315654969,NA,NA,-0.512912268152791,-0.014585524305759,NA,3,0.333333333333333,0.0618715077321396,"0.103424420140586",-0.0243323532687902,0.83349619832291
"140101",0.881367170245933,0.947469619040956,NA,NA,NA,0.520599370212183,0.448262953271558,0.158839446750041,5,0.2,0.591307711904134,"0.738623723073558",-0.0243323532687902,0.83349619832291
"140103",0.881367170245933,0.947469619040956,NA,NA,1.14814598108083,-0.180047033273982,0.242552518792751,NA,5,0.2,0.607897651177298,"0.758527760196397",-0.0243323532687902,0.83349619832291
"140110",NA,-0.264492761379194,1.19846070322458,NA,NA,0.341364243738978,0.859683822229173,NA,4,0.25,0.533754001953385,"0.669572766312682",-0.0243323532687902,0.83349619832291
"140113",-1.07880998742917,-0.189415445777946,NA,NA,NA,0.178423219672428,0.345407736032154,NA,4,0.25,-0.186098619375632,"-0.194081588413162",-0.0243323532687902,0.83349619832291
"140114",0.132012187722191,-0.979514814724415,0.057390895280684,NA,0.39645300723313,0.169112304011483,0.962539039468576,NA,6,0.166666666666667,0.122998769831941,"0.176762801554679",-0.0243323532687902,0.83349619832291
"140115",NA,NA,NA,NA,NA,0.941918303869977,-0.683144436361883,NA,2,0.5,0.129386933754047,"0.18442710036607",-0.0243323532687902,0.83349619832291
"140116",0.586423307068038,0.947469619040956,0.423907671734433,NA,0.439691983604901,0.504305267805528,0.653973387750365,0.982187611290668,7,0.142857142857143,0.648279835470698,"0.806976912543646",-0.0243323532687902,0.83349619832291
"140117",0.881367170245933,0.19490890789511,NA,NA,-0.401805018091866,-0.138147912799726,-1.55741378289682,0.982187611290668,6,0.166666666666667,-0.00648383739278272,"0.0214140339355125",-0.0243323532687902,0.83349619832291
"140119",0.113666397189595,0.404052858498588,0.382388193151782,0.667102405227923,0.532822086559483,-0.370920804323369,1.4768151256656,-0.938958105970791,8,0.125,0.283371019499851,"0.36917189710976",-0.0243323532687902,0.83349619832291
"140120",NA,NA,NA,NA,NA,-1.58599529807679,0.345407736032154,NA,2,0.5,-0.620293781022316,"-0.715013972412434",-0.0243323532687902,0.83349619832291
"140122",-0.263127916056807,0.291436885096715,-0.377847776758143,0.457940511205298,0.56109372495641,0.474044791907455,1.27110469118679,NA,7,0.142857142857143,0.344949273076817,"0.443051362548076",-0.0243323532687902,0.83349619832291
"140124",0.019115015213906,-0.166177229044226,0.0516640706485942,1.12011645862327,-0.288718464504158,-0.207979780256819,0.448262953271558,NA,7,0.142857142857143,0.139469003421732,"0.196523219926028",-0.0243323532687902,0.83349619832291
"140125",NA,-0.453973605515678,NA,NA,NA,-0.498945894661373,0.191124910173049,NA,3,0.333333333333333,-0.253931530001334,"-0.275465175719486",-0.0243323532687902,0.83349619832291
"140127",0.0953206066569983,-1.78391462473779,-1.06220332029288,NA,1.14814598108083,0.311103767840905,0.756828604989769,-0.664508717790581,7,0.142857142857143,-0.171318243178963,"-0.176348602676203",-0.0243323532687902,0.83349619832291
"140130",-0.498800763667851,-1.49969335853306,0.34659553920122,NA,1.14814598108083,0.250582816044758,-0.426006393263374,0.707738223110458,7,0.142857142857143,0.00408029199614028,"0.0340885121277097",-0.0243323532687902,0.83349619832291
"140133",-0.926398804542981,-0.568377134050913,NA,NA,1.14814598108083,0.448439773839854,0.345407736032154,NA,5,0.2,0.0894435104717898,"0.136504358351616",-0.0243323532687902,0.83349619832291
"140135",0.439656982807268,0.947469619040956,0.0244616536461677,NA,1.14814598108083,0.539221201534075,-0.374578784643672,NA,6,0.166666666666667,0.454062775577605,"0.573961980641281",-0.0243323532687902,0.83349619832291
"140137",NA,NA,NA,NA,NA,NA,NA,NA,0,NA,NA,"NaN",-0.0243323532687902,0.83349619832291
"140145",NA,NA,NA,NA,NA,-1.47891976797591,0.242552518792751,NA,2,0.5,-0.618183624591579,"-0.712482279484521",-0.0243323532687902,0.83349619832291
"140148",-0.638511014646854,-0.223378993311844,0.0359153029103472,0.302854619051937,0.602669663775421,-0.536189557305155,-2.48311073805145,0.0216147526599381,8,0.125,-0.364766995614707,"-0.408441745782297",-0.0243323532687902,0.83349619832291
"140150",-0.164342890112057,0.146644919294308,-0.204611331637425,1.12011645862327,0.271725190776099,0.276187834112358,-0.683144436361883,-1.3506321882411,8,0.125,-0.0735070554433045,"-0.0589981121371153",-0.0243323532687902,0.83349619832291
"140155",NA,NA,NA,NA,NA,0.941918303869977,0.49969056189126,0.43328883493025,3,0.333333333333333,0.624965900230495,"0.779005656901314",-0.0243323532687902,0.83349619832291
"140158",NA,NA,NA,NA,NA,-1.94912100885367,-0.631716827742182,NA,2,0.5,-1.29041891829793,"-1.51900700636265",-0.0243323532687902,0.83349619832291
"140160",NA,0.947469619040956,1.19846070322458,NA,NA,-0.0380555694445595,0.653973387750365,NA,4,0.25,0.690462035142836,"0.857585661278209",-0.0243323532687902,0.83349619832291
"140161",NA,NA,NA,NA,NA,0.941918303869977,0.293980127412452,-0.25283463552027,3,0.333333333333333,0.32768793192072,"0.42234180059587",-0.0243323532687902,0.83349619832291
"140162",0.441068197463621,-0.432522943915321,-1.7651710438819,NA,0.296670754067506,0.469389334076982,1.11682186532768,-0.115609941430166,7,0.142857142857143,0.00152088881548582,"0.0310178284391647",-0.0243323532687902,0.83349619832291
"140164",0.418488762961964,0.436228850899123,-0.254721047168211,NA,-1.99166891853082,-0.713096954863124,-0.991710088080094,NA,6,0.166666666666667,-0.516079899130193,"-0.58998175018777",-0.0243323532687902,0.83349619832291
"140166",NA,NA,0.0273250659622126,NA,NA,-0.382559448899551,-3.46023530182578,NA,3,0.333333333333333,-1.27182322825437,"-1.49669653862331",-0.0243323532687902,0.83349619832291
"140172",-0.361912942001556,-0.117913240443424,-0.781588913320475,NA,0.514528673479119,0.346019701569451,-0.477434001883076,0.844962917200563,7,0.142857142857143,-0.00476254362848544,"0.0234791828441227",-0.0243323532687902,0.83349619832291
"140174",NA,NA,NA,NA,NA,0.192389593163847,0.139697301553347,NA,2,0.5,0.166043447358597,"0.228406321481064",-0.0243323532687902,0.83349619832291
"140177",NA,0.947469619040956,NA,NA,NA,0.941918303869977,0.191124910173049,NA,3,0.333333333333333,0.69350427769466,"0.861235638996099",-0.0243323532687902,0.83349619832291
"140179",-0.0133429218822259,-1.07783034705938,-1.133788628194,NA,0.514528673479119,0.527582556957893,0.345407736032154,NA,6,0.166666666666667,-0.13957382177774,"-0.138262740419008",-0.0243323532687902,0.83349619832291
"140180",NA,NA,-0.0557138912030899,NA,1.14814598108083,0.623019442482586,-0.117440741545163,NA,4,0.25,0.399502697703792,"0.508502680426602",-0.0243323532687902,0.83349619832291
"140181",NA,-2.99408945002458,NA,NA,NA,-0.638609629575558,0.242552518792751,NA,3,0.333333333333333,-1.13004885360246,"-1.32660053226217",-0.0243323532687902,0.83349619832291
"140182",-0.693548386244643,0.370089310964689,-0.102960194417831,-0.437884576364774,0.773962531709743,-0.0822824188340517,-2.17454508633324,NA,7,0.142857142857143,-0.335309831360015,"-0.373100055785434",-0.0243323532687902,0.83349619832291
"140184",NA,0.947469619040956,NA,NA,NA,-1.29735691258747,0.0368420843139429,NA,3,0.333333333333333,-0.104348403077523,"-0.0960004976264252",-0.0243323532687902,0.83349619832291
"140185",-0.177043822019239,0.672186128503045,0.0115762982239656,NA,-0.182284061127492,0.737078159329171,1.37395990842619,-0.390059329610375,7,0.142857142857143,0.292201897389324,"0.37976687991501",-0.0243323532687902,0.83349619832291
"140186",0.453769129370803,0.947469619040956,0.531285633586117,NA,1.14814598108083,-0.503601352491845,0.242552518792751,NA,6,0.166666666666667,0.469936921563269,"0.593007233658157",-0.0243323532687902,0.83349619832291
"140187",0.624526102789584,0.373664421231416,0.767517149659822,NA,0.496235260398754,0.611380797906404,0.0882696929336448,-0.115609941430166,7,0.142857142857143,0.406569069069923,"0.516980669144906",-0.0243323532687902,0.83349619832291
"140189",-0.514324124887741,-2.9154370241566,0.482607624213354,NA,0.311638092042349,-0.131164726054017,0.139697301553347,-0.938958105970791,7,0.142857142857143,-0.509420137608586,"-0.581991597941116",-0.0243323532687902,0.83349619832291
"140191",0.178582271381859,-0.201928331711487,0.315098003724726,NA,-0.726097340880145,0.541548930449311,-0.426006393263374,-2.72287912914214,7,0.142857142857143,-0.434525998491608,"-0.492136192160413",-0.0243323532687902,0.83349619832291
"140197",NA,NA,NA,NA,NA,NA,NA,NA,0,NA,NA,"NaN",-0.0243323532687902,0.83349619832291
"140200",0.881367170245933,-0.507600259516569,0.932163357832405,1.12011645862327,-1.00382461219113,0.725439514752989,0.551118170510961,-0.527284023700479,8,0.125,0.271436972069672,"0.354853838486107",-0.0243323532687902,0.83349619832291
"140202",-0.455053109320891,-0.287730978112914,-0.0571455973611124,NA,0.285029491198183,0.0666922317410798,0.962539039468576,0.707738223110458,7,0.142857142857143,0.174581328674769,"0.238649777100119",-0.0243323532687902,0.83349619832291
"140206",-0.634277370677793,-1.60694666653485,NA,NA,NA,-0.114870623647362,0.242552518792751,NA,4,0.25,-0.528385535516813,"-0.604745628429063",-0.0243323532687902,0.83349619832291
"140208",-0.270183989338574,0.202059128428563,-1.261210476258,0.471204436192099,0.118725735922142,-0.377903991069078,0.396835344651856,0.158839446750041,8,0.125,-0.0702042955901187,"-0.0550355747436259",-0.0243323532687902,0.83349619832291
"140209",-0.721772679371714,0.107318706360321,0.511241747373803,NA,0.276714303434381,0.0783308763172619,0.293980127412452,NA,6,0.166666666666667,0.0909688469210841,"0.138334404430246",-0.0243323532687902,0.83349619832291
"140210",NA,NA,NA,NA,NA,NA,0.0882696929336448,NA,1,1,0.0882696929336448,"0.135096052542295",-0.0243323532687902,0.83349619832291
"140211",0.881367170245933,0.160945360361212,-0.223223511691717,NA,0.265073040565058,0.357658346145633,1.579670342905,0.0216147526599381,7,0.142857142857143,0.434729357313008,"0.550766412019015",-0.0243323532687902,0.83349619832291
"140213",-0.275828847963988,-0.766795753854212,0.59714411685515,1.12011645862327,0.798908095001149,0.488011165398873,-0.58028921912248,1.11941230538077,8,0.125,0.312584790039816,"0.40422157171985",-0.0243323532687902,0.83349619832291
"140217",NA,NA,NA,NA,NA,0.941918303869977,0.756828604989769,0.0216147526599381,3,0.333333333333333,0.573453887173228,"0.717203319756986",-0.0243323532687902,0.83349619832291
"140223",-0.401426952379456,0.125194257693951,-0.79017915026861,-0.143017320888976,0.732386592890732,-0.180047033273982,0.756828604989769,-1.213407494151,8,0.125,-0.139208561923446,"-0.137824514239897",-0.0243323532687902,0.83349619832291
"140224",0.881367170245933,NA,NA,NA,NA,0.401885195535126,-0.014585524305759,0.43328883493025,4,0.25,0.425488919101387,"0.539680052860792",-0.0243323532687902,0.83349619832291
"140228",0.0431056643719166,0.141282253894219,0.770380561975867,1.12011645862327,0.755669118629378,0.28782647868854,0.49969056189126,NA,7,0.142857142857143,0.516867299724921,"0.649312683228391",-0.0243323532687902,0.83349619832291
"140231",0.522918647532128,-0.321694525646812,0.60859776611933,-0.575625335843088,-0.368544267036658,0.467061605161746,1.06539425670798,-0.527284023700479,8,0.125,0.108853015411768,"0.159791213143555",-0.0243323532687902,0.83349619832291
"140233",0.236442072292355,-0.00350971190818853,-1.43731033369476,NA,0.857114409347763,0.155145930520064,0.448262953271558,-1.76230627051142,7,0.142857142857143,-0.215165850097518,"-0.228955449602178",-0.0243323532687902,0.83349619832291
"140239",-1.6884547189739,0.947469619040956,0.0516640706485942,NA,-0.952270448055561,0.129540912452463,0.0882696929336448,NA,6,0.166666666666667,-0.237296811992301,"-0.255507414613312",-0.0243323532687902,0.83349619832291
"140242",0.41284390433655,0.17703335656148,-0.110118725207943,1.12011645862327,0.100432322841777,0.169112304011483,1.42538751704589,0.844962917200563,8,0.125,0.517471256926634,"0.650037290254707",-0.0243323532687902,0.83349619832291
"140251",0.105199109251473,0.947469619040956,1.19846070322458,NA,NA,0.024793111266824,0.0882696929336448,NA,5,0.2,0.472838447143496,"0.596488384005411",-0.0243323532687902,0.83349619832291
"140252",0.517273788906713,-0.0374732594420866,0.366639425413535,-1.73264771546092,0.418072495419015,0.346019701569451,1.32253229980649,2.2172098581016,8,0.125,0.427203324289225,"0.541736937092882",-0.0243323532687902,0.83349619832291
"140258",0.881367170245933,0.0590547177595184,-1.25118853315184,NA,-0.260446826107231,0.19006186424861,0.191124910173049,0.0216147526599381,7,0.142857142857143,-0.024058849167432,"0.000328140790454153",-0.0243323532687902,0.83349619832291
"140275",NA,-0.403922061781512,-1.02784237250034,NA,NA,-1.85601185224421,-0.117440741545163,-0.115609941430166,5,0.2,-0.704165393900278,"-0.815640241670436",-0.0243323532687902,0.83349619832291
"140276",-0.150230743548521,-0.130426126376965,0.312234591408681,-0.000175051800353771,-0.917346659447592,-0.319710768188168,-1.91740704323473,0.707738223110458,8,0.125,-0.301915447259649,"-0.333034625172122",-0.0243323532687902,0.83349619832291
"140280",-0.532669915420337,0.118044037160499,0.243512695823603,NA,1.14814598108083,0.0480704004191883,0.0368420843139429,0.844962917200563,7,0.142857142857143,0.272415457225471,"0.356027791238102",-0.0243323532687902,0.83349619832291
"140281",-0.340744722156252,-0.26806787164592,0.529853927428095,0.770152899356143,0.374833519047245,-0.268500732052966,1.32253229980649,1.66831108174119,8,0.125,0.473546300190503,"0.597337641684607",-0.0243323532687902,0.83349619832291
"140286",0.116488826502302,0.947469619040956,0.524127102796005,NA,1.14814598108083,0.315759225671378,1.01396664808828,NA,6,0.166666666666667,0.677659567196625,"0.842225701662352",-0.0243323532687902,0.83349619832291
"140288",-0.313931643685535,-0.00529726704155159,-0.442274553869153,0.222250767209072,0.393126932127609,0.0760031474020255,-0.837427262220988,-0.390059329610375,8,0.125,-0.162201151211112,"-0.165410230088307",-0.0243323532687902,0.83349619832291
"140289",0.881367170245933,0.670398573369682,1.19846070322458,0.153890538430946,-0.312000990242804,-0.00546736463124947,-0.528861610502778,0.570513529020354,8,0.125,0.328537568614333,"0.423361165405599",-0.0243323532687902,0.83349619832291
"140290",0.881367170245933,0.947469619040956,NA,NA,1.14814598108083,0.941918303869977,0.345407736032154,-0.115609941430166,6,0.166666666666667,0.691449811473281,"0.858770761261188",-0.0243323532687902,0.83349619832291
"140291",0.220918711072465,0.291436885096715,-0.286218582644705,NA,1.14814598108083,0.834842773769101,1.11682186532768,0.43328883493025,7,0.142857142857143,0.537033781233192,"0.673507732406597",-0.0243323532687902,0.83349619832291
"140292",NA,0.947469619040956,NA,NA,NA,-0.957508490962949,0.756828604989769,NA,3,0.333333333333333,0.248929911022592,"0.327850642679855",-0.0243323532687902,0.83349619832291
"140294",NA,NA,NA,NA,NA,NA,0.139697301553347,0.296064140840146,2,0.5,0.217880721196746,"0.29059889529538",-0.0243323532687902,0.83349619832291
"140300",NA,NA,NA,NA,NA,-1.21123094272372,NA,NA,1,1,-1.21123094272372,"-1.42400000365101",-0.0243323532687902,0.83349619832291
"140304",0.881367170245933,-0.788246415454569,1.19846070322458,NA,NA,-1.5231466173654,0.551118170510961,NA,5,0.2,0.0639106022323011,"0.105870855414393",-0.0243323532687902,0.83349619832291
"140308",NA,NA,NA,NA,NA,NA,0.0368420843139429,NA,1,1,0.0368420843139429,"0.0733949809319144",-0.0243323532687902,0.83349619832291
"14034F",NA,NA,NA,NA,NA,NA,-0.785999653601287,NA,1,1,-0.785999653601287,"-0.913822164834175",-0.0243323532687902,0.83349619832291
"141300",NA,NA,NA,NA,NA,NA,NA,NA,0,NA,NA,"NaN",-0.0243323532687902,0.83349619832291
"141301",NA,NA,NA,NA,NA,NA,NA,NA,0,NA,NA,"NaN",-0.0243323532687902,0.83349619832291
"141302",NA,NA,NA,NA,NA,NA,NA,-0.115609941430166,1,1,-0.115609941430166,"-0.109511703046801",-0.0243323532687902,0.83349619832291
"141303",NA,NA,NA,NA,NA,NA,NA,NA,0,NA,NA,"NaN",-0.0243323532687902,0.83349619832291
"141304",NA,NA,NA,NA,NA,NA,NA,NA,0,NA,NA,"NaN",-0.0243323532687902,0.83349619832291
"141305",NA,NA,NA,NA,NA,NA,NA,0.707738223110458,1,1,0.707738223110458,"0.87831303592297",-0.0243323532687902,0.83349619832291
"141306",NA,NA,NA,NA,NA,NA,NA,NA,0,NA,NA,"NaN",-0.0243323532687902,0.83349619832291
"141307",NA,NA,NA,NA,NA,NA,NA,NA,0,NA,NA,"NaN",-0.0243323532687902,0.83349619832291
"141308",NA,NA,NA,NA,NA,NA,NA,NA,0,NA,NA,"NaN",-0.0243323532687902,0.83349619832291
"141309",NA,NA,NA,NA,NA,NA,NA,NA,0,NA,NA,"NaN",-0.0243323532687902,0.83349619832291
"141310",NA,NA,NA,NA,NA,0.941918303869977,NA,NA,1,1,0.941918303869977,"1.15927422234555",-0.0243323532687902,0.83349619832291
"141311",NA,NA,NA,NA,NA,0.941918303869977,NA,NA,1,1,0.941918303869977,"1.15927422234555",-0.0243323532687902,0.83349619832291
"141312",NA,NA,NA,NA,NA,NA,NA,NA,0,NA,NA,"NaN",-0.0243323532687902,0.83349619832291
"141313",NA,NA,NA,NA,NA,NA,NA,NA,0,NA,NA,"NaN",-0.0243323532687902,0.83349619832291
"141315",NA,NA,NA,NA,NA,NA,NA,NA,0,NA,NA,"NaN",-0.0243323532687902,0.83349619832291
"141316",NA,NA,NA,NA,NA,NA,NA,NA,0,NA,NA,"NaN",-0.0243323532687902,0.83349619832291
"141317",NA,NA,NA,NA,NA,0.941918303869977,NA,-0.25283463552027,2,0.5,0.344541834174853,"0.442562531401896",-0.0243323532687902,0.83349619832291
"141318",NA,NA,NA,NA,NA,NA,NA,NA,0,NA,NA,"NaN",-0.0243323532687902,0.83349619832291
"141319",NA,NA,NA,NA,NA,NA,NA,NA,0,NA,NA,"NaN",-0.0243323532687902,0.83349619832291
"141320",NA,NA,NA,NA,NA,NA,NA,0.570513529020354,1,1,0.570513529020354,"0.713675579428008",-0.0243323532687902,0.83349619832291
"141321",NA,NA,NA,NA,NA,NA,NA,NA,0,NA,NA,"NaN",-0.0243323532687902,0.83349619832291
"141322",NA,NA,NA,NA,NA,-0.212635238087292,NA,NA,1,1,-0.212635238087292,"-0.2259193085672",-0.0243323532687902,0.83349619832291
"141323",NA,NA,NA,NA,NA,NA,NA,NA,0,NA,NA,"NaN",-0.0243323532687902,0.83349619832291
"141324",NA,0.947469619040956,NA,NA,NA,-5.15207599621899,NA,NA,2,0.5,-2.10230318858902,"-2.49307776028414",-0.0243323532687902,0.83349619832291
"141325",NA,NA,NA,NA,NA,NA,NA,NA,0,NA,NA,"NaN",-0.0243323532687902,0.83349619832291
"141326",NA,NA,NA,NA,NA,NA,NA,NA,0,NA,NA,"NaN",-0.0243323532687902,0.83349619832291
"141327",NA,0.947469619040956,NA,NA,NA,-3.24566601464036,NA,0.0216147526599381,3,0.333333333333333,-0.758860547646488,"-0.881261601259434",-0.0243323532687902,0.83349619832291
"141328",NA,NA,NA,NA,NA,NA,NA,NA,0,NA,NA,"NaN",-0.0243323532687902,0.83349619832291
"141329",NA,NA,NA,NA,NA,NA,NA,NA,0,NA,NA,"NaN",-0.0243323532687902,0.83349619832291
"141330",NA,NA,NA,NA,NA,NA,NA,NA,0,NA,NA,"NaN",-0.0243323532687902,0.83349619832291
"141331",NA,0.947469619040956,NA,NA,NA,-0.971474864454368,NA,NA,2,0.5,-0.012002622706706,"0.0147927856022535",-0.0243323532687902,0.83349619832291
"141332",NA,NA,NA,NA,NA,NA,NA,NA,0,NA,NA,"NaN",-0.0243323532687902,0.83349619832291
"141333",NA,NA,NA,NA,NA,NA,NA,NA,0,NA,NA,"NaN",-0.0243323532687902,0.83349619832291
"141334",NA,-0.854385955389002,NA,NA,NA,-2.17956617146207,NA,NA,2,0.5,-1.51697606342554,"-1.79082245745106",-0.0243323532687902,0.83349619832291
"141335",NA,NA,NA,NA,NA,NA,NA,-0.115609941430166,1,1,-0.115609941430166,"-0.109511703046801",-0.0243323532687902,0.83349619832291
"141336",NA,0.947469619040956,NA,NA,NA,0.1574736594353,NA,NA,2,0.5,0.552471639238128,"0.6920295421473",-0.0243323532687902,0.83349619832291
"141337",NA,NA,NA,NA,NA,NA,NA,NA,0,NA,NA,"NaN",-0.0243323532687902,0.83349619832291
"141338",NA,NA,NA,NA,NA,NA,NA,NA,0,NA,NA,"NaN",-0.0243323532687902,0.83349619832291
"141339",NA,NA,NA,NA,NA,-0.20099659351111,NA,NA,1,1,-0.20099659351111,"-0.211955664102354",-0.0243323532687902,0.83349619832291
"141340",NA,NA,NA,NA,NA,0.941918303869977,NA,NA,1,1,0.941918303869977,"1.15927422234555",-0.0243323532687902,0.83349619832291
"141341",NA,NA,NA,NA,NA,NA,NA,NA,0,NA,NA,"NaN",-0.0243323532687902,0.83349619832291
"141342",NA,NA,NA,NA,NA,NA,NA,NA,0,NA,NA,"NaN",-0.0243323532687902,0.83349619832291
"141343",NA,NA,NA,NA,NA,NA,NA,-1.3506321882411,1,1,-1.3506321882411,"-1.59124881150146",-0.0243323532687902,0.83349619832291
"141344",NA,NA,NA,NA,NA,NA,NA,NA,0,NA,NA,"NaN",-0.0243323532687902,0.83349619832291
"141345",NA,0.947469619040956,NA,NA,NA,NA,NA,NA,1,1,0.947469619040956,"1.16593449887969",-0.0243323532687902,0.83349619832291
"141346",NA,NA,NA,NA,NA,NA,NA,NA,0,NA,NA,"NaN",-0.0243323532687902,0.83349619832291
"141347",NA,NA,NA,NA,NA,-3.17350641826803,NA,NA,1,1,-3.17350641826803,"-3.7782704604241",-0.0243323532687902,0.83349619832291
"141348",NA,0.947469619040956,NA,NA,NA,-1.94679327993843,NA,NA,2,0.5,-0.499661830448738,"-0.570283917474807",-0.0243323532687902,0.83349619832291
"141349",NA,NA,NA,NA,NA,NA,NA,NA,0,NA,NA,"NaN",-0.0243323532687902,0.83349619832291
"141350",NA,NA,NA,NA,NA,NA,NA,NA,0,NA,NA,"NaN",-0.0243323532687902,0.83349619832291
"141351",NA,NA,NA,NA,NA,NA,NA,NA,0,NA,NA,"NaN",-0.0243323532687902,0.83349619832291
"141352",NA,NA,NA,NA,NA,NA,NA,NA,0,NA,NA,"NaN",-0.0243323532687902,0.83349619832291
"141353",NA,NA,NA,NA,NA,NA,NA,NA,0,NA,NA,"NaN",-0.0243323532687902,0.83349619832291
"141354",NA,NA,NA,NA,NA,NA,NA,NA,0,NA,NA,"NaN",-0.0243323532687902,0.83349619832291
"141355",NA,NA,NA,NA,NA,NA,NA,NA,0,NA,NA,"NaN",-0.0243323532687902,0.83349619832291
"150001",NA,NA,NA,NA,NA,0.227305526892393,0.293980127412452,0.43328883493025,3,0.333333333333333,0.318191496411699,"0.410948304706951",-0.0243323532687902,0.83349619832291
"150002",-0.12200645042145,0.110893816627047,0.333710183779018,-4.34053942825034,0.870418709769846,-1.26942416560463,-0.785999653601287,NA,7,0.142857142857143,-0.743278141100256,"-0.862566367162883",-0.0243323532687902,0.83349619832291
"150005",0.405787831054782,-0.563014468650824,0.287895586722299,NA,1.14814598108083,0.0992804365543898,0.911111430848875,-0.938958105970791,7,0.142857142857143,0.192892670234224,"0.260619093332514",-0.0243323532687902,0.83349619832291
"150006",-0.119184021108743,NA,NA,NA,NA,0.0992804365543898,0.756828604989769,NA,3,0.333333333333333,0.245641673478472,"0.323905528652057",-0.0243323532687902,0.83349619832291
"150007",0.881367170245933,0.947469619040956,-0.482362326293782,NA,1.14814598108083,-0.0962487923254703,0.139697301553347,0.707738223110458,7,0.142857142857143,0.463686739487468,"0.585508480708381",-0.0243323532687902,0.83349619832291
"150008",-0.662501663804865,-0.729257096053588,0.146156677078076,NA,-0.117425596569836,0.0713476895715526,-0.631716827742182,NA,6,0.166666666666667,-0.320566136253474,"-0.355411078755656",-0.0243323532687902,0.83349619832291
"150009",0.192694417945394,0.303949771030257,1.19846070322458,1.12011645862327,-0.107447371253274,-0.1940134067654,0.396835344651856,NA,7,0.142857142857143,0.415799416779526,"0.528054922066726",-0.0243323532687902,0.83349619832291
"150010",NA,NA,NA,NA,NA,-0.631626442829849,0.242552518792751,0.296064140840146,3,0.333333333333333,-0.031003261065651,"-0.00800352516338218",-0.0243323532687902,0.83349619832291
"150011",NA,0.947469619040956,NA,NA,NA,-0.0380555694445595,-0.88885487084069,NA,3,0.333333333333333,0.00685305958523521,"0.0374151830767483",-0.0243323532687902,0.83349619832291
"150012",0.0783860307807557,0.675761238769771,0.708817197180902,NA,1.14814598108083,0.176095490757192,-0.631716827742182,-0.801733411880687,7,0.142857142857143,0.193393671278084,"0.261220177110542",-0.0243323532687902,0.83349619832291
"150015",0.545498082033785,-0.573739799451002,0.458268619526972,NA,-1.22833468181379,-0.810861569303054,0.551118170510961,0.570513529020354,7,0.142857142857143,-0.0696482356393961,"-0.0543684331875619",-0.0243323532687902,0.83349619832291
"150017",0.508806500968592,-0.091099913442978,0.721702552603104,NA,1.14814598108083,0.238944171468576,0.962539039468576,NA,6,0.166666666666667,0.581506388691117,"0.72686443342984",-0.0243323532687902,0.83349619832291
"150018",-0.0697915081363685,0.530969272967364,-0.439411141553108,-1.60817088096941,-0.526532834548896,0.441456587094145,0.242552518792751,0.296064140840146,8,0.125,-0.141607980689172,"-0.140703254143635",-0.0243323532687902,0.83349619832291
"150021",-0.1417634556104,0.339700873697518,0.681614780178475,-1.89997723067903,0.551115499639848,0.0806586052324984,0.49969056189126,NA,7,0.142857142857143,0.0158628049071676,"0.0482247648601578",-0.0243323532687902,0.83349619832291
"150022",NA,NA,NA,NA,NA,0.941918303869977,0.139697301553347,NA,2,0.5,0.540807802711662,"0.678035673249115",-0.0243323532687902,0.83349619832291
"150023",0.318292522360861,0.816978094305453,0.753200088079598,NA,0.567745875167452,-0.224273882663474,-0.014585524305759,0.570513529020354,7,0.142857142857143,0.398267243137784,"0.50702042463648",-0.0243323532687902,0.83349619832291
"150024",-1.10703428055624,-0.895499723456352,1.19846070322458,NA,-1.90685400334004,0.380935635297998,0.448262953271558,NA,6,0.166666666666667,-0.313621452593081,"-0.347079086750934",-0.0243323532687902,0.83349619832291
"150026",0.881367170245933,-0.643454449652161,-0.380711189074187,NA,NA,-0.503601352491845,0.139697301553347,NA,5,0.2,-0.101340503883783,"-0.0923917238854143",-0.0243323532687902,0.83349619832291
"150030",NA,NA,NA,NA,NA,0.441456587094145,0.242552518792751,0.570513529020354,3,0.333333333333333,0.41817421163575,"0.530904119052869",-0.0243323532687902,0.83349619832291
"150034",0.881367170245933,-0.9705770390576,0.582827055274926,0.284489184454829,-0.917346659447592,0.681212665363497,-0.374578784643672,0.982187611290668,8,0.125,0.143697650435123,"0.201596604809967",-0.0243323532687902,0.83349619832291
"150035",0.585012092411685,0.554207489701084,0.256398051245805,0.184499596092793,-0.185610136233013,0.632330358143532,1.42538751704589,-0.25283463552027,8,0.125,0.399923791610939,"0.50900789437718",-0.0243323532687902,0.83349619832291
"150037",NA,NA,NA,NA,NA,0.220322340146684,0.602545779130663,-0.115609941430166,3,0.333333333333333,0.23575272594906,"0.312041110374794",-0.0243323532687902,0.83349619832291
"15003F",-1.03365111842585,-1.48896802773289,NA,NA,NA,NA,0.242552518792751,-0.527284023700479,4,0.25,-0.701837662766616,"-0.812847510115877",-0.0243323532687902,0.83349619832291
"150042",-1.36105291869988,-0.564802023784187,0.161905444816323,NA,NA,-2.48217093044281,0.551118170510961,NA,5,0.2,-0.739000451519918,"-0.857434142698098",-0.0243323532687902,0.83349619832291
"150044",-0.0232214244767009,0.0179409496921681,-0.694254837681105,NA,-0.233838225263065,-0.74801288859167,-0.477434001883076,NA,6,0.166666666666667,-0.359803404700575,"-0.402486600546938",-0.0243323532687902,0.83349619832291
"150045",NA,NA,NA,NA,NA,-2.9989267496253,0.139697301553347,NA,2,0.5,-1.42961472403598,"-1.68600933464937",-0.0243323532687902,0.83349619832291
"150046",0.881367170245933,-0.766795753854212,NA,NA,NA,0.180750948587665,0.551118170510961,NA,4,0.25,0.211610133872587,"0.283075660832191",-0.0243323532687902,0.83349619832291
"150047",NA,NA,NA,NA,NA,0.941918303869977,0.191124910173049,NA,2,0.5,0.566521607021513,"0.708886209054306",-0.0243323532687902,0.83349619832291
"150048",0.260432721450365,-0.0321105940419974,1.19846070322458,NA,-0.892401096156186,0.259893731705703,0.345407736032154,-0.938958105970791,7,0.142857142857143,0.0286750137491185,"0.0635964112668607",-0.0243323532687902,0.83349619832291
"15004F",NA,NA,NA,NA,NA,NA,NA,NA,0,NA,NA,"NaN",-0.0243323532687902,0.83349619832291
"150051",0.0388720204028559,0.359363980164511,-0.63269147288614,-2.29177316875067,0.556104612298129,0.180750948587665,0.962539039468576,1.11941230538077,8,0.125,0.036572283083212,"0.0730712827179648",-0.0243323532687902,0.83349619832291
"150056",-0.0345111417275294,0.318250212097161,-0.492384269399939,-0.0787382997990958,-0.0775126953035862,0.0364317558430062,-0.271723567404269,0.43328883493025,8,0.125,-0.0208623963455002,"0.00416313467328573",-0.0243323532687902,0.83349619832291
"150057",NA,NA,1.19846070322458,NA,NA,-2.05619653895454,0.859683822229173,0.707738223110458,4,0.25,0.177421552402417,"0.242057379598323",-0.0243323532687902,0.83349619832291
"150058",0.881367170245933,-0.747132647387218,-1.25262023930986,NA,0.401442119891411,0.241271900383812,-4.59164269145922,0.158839446750041,7,0.142857142857143,-0.70121070584073,"-0.812095308813522",-0.0243323532687902,0.83349619832291
"150059",-0.7556418311242,0.180608466828206,1.19846070322458,NA,NA,0.401885195535126,0.191124910173049,NA,5,0.2,0.243287488927352,"0.32108105919934",-0.0243323532687902,0.83349619832291
"150061",NA,NA,NA,NA,NA,0.941918303869977,0.293980127412452,NA,2,0.5,0.617949215641215,"0.770587280664686",-0.0243323532687902,0.83349619832291
"150065",NA,NA,0.000122648959785899,NA,NA,-0.238240256154892,0.191124910173049,NA,3,0.333333333333333,-0.015664232340686,"0.0103997126148211",-0.0243323532687902,0.83349619832291
"150069",NA,0.0393916112925248,1.19846070322458,NA,NA,-1.76755815346523,0.242552518792751,NA,4,0.25,-0.0717883300388424,"-0.056936044658079",-0.0243323532687902,0.83349619832291
"150072",NA,NA,NA,NA,NA,0.941918303869977,-1.1459929139392,NA,2,0.5,-0.102037305034611,"-0.0932277218806426",-0.0243323532687902,0.83349619832291
"150074",-0.00487563394410456,-0.679205552319422,1.19846070322458,NA,0.715756217363128,0.485683436483637,0.551118170510961,0.0216147526599381,7,0.142857142857143,0.326936013425531,"0.421439674711311",-0.0243323532687902,0.83349619832291
"150075",NA,NA,NA,NA,NA,0.941918303869977,0.0368420843139429,NA,2,0.5,0.48938019409196,"0.616334601638735",-0.0243323532687902,0.83349619832291
"150076",NA,NA,NA,NA,NA,NA,0.191124910173049,NA,1,1,0.191124910173049,"0.258498195763056",-0.0243323532687902,0.83349619832291
"150082",0.611825170882402,0.552419934567721,0.671592837072318,NA,-0.328631365770408,0.0434149425887155,-0.426006393263374,-0.938958105970791,7,0.142857142857143,0.0265224314437976,"0.0610138172374553",-0.0243323532687902,0.83349619832291
"150084",0.302769161140972,-0.223378993311844,-0.0256480618846183,NA,-0.935640072527957,-0.32436622601864,0.448262953271558,0.0216147526599381,7,0.142857142857143,-0.10519806952437,"-0.0970198981330583",-0.0243323532687902,0.83349619832291
"150086",0.0628626695608665,0.0197285048255312,NA,NA,NA,-0.471013147678535,0.49969056189126,-0.390059329610375,5,0.2,-0.0557581482022506,"-0.0377035852073383",-0.0243323532687902,0.83349619832291
"150088",NA,NA,NA,NA,NA,0.257566002790467,0.0368420843139429,0.158839446750041,3,0.333333333333333,0.151082511284817,"0.210456706229209",-0.0243323532687902,0.83349619832291
"150089",0.453769129370803,0.425503520098944,-0.575423226565242,NA,0.278377340987141,0.760355448481536,0.551118170510961,0.707738223110458,7,0.142857142857143,0.371634086570657,"0.475066881692055",-0.0243323532687902,0.83349619832291
"150090",-0.56936149648553,0.30573732616362,-1.25691535778393,-2.46216358973496,0.486257035082192,0.00617127994493256,0.705400996370067,NA,7,0.142857142857143,-0.39783911520623,"-0.448120534549501",-0.0243323532687902,0.83349619832291
"150091",NA,NA,NA,NA,NA,0.941918303869977,0.0882696929336448,NA,2,0.5,0.515093998401811,"0.647185137443925",-0.0243323532687902,0.83349619832291
"150097",NA,NA,NA,NA,NA,-1.09717222587713,0.448262953271558,NA,2,0.5,-0.324454636302789,"-0.36007636704028",-0.0243323532687902,0.83349619832291
"150100",0.881367170245933,0.947469619040956,1.19846070322458,NA,0.0289217080730798,0.250582816044758,0.911111430848875,1.39386169356098,7,0.142857142857143,0.801682163005594,"0.991023735844772",-0.0243323532687902,0.83349619832291
"150101",NA,NA,NA,NA,NA,-0.252206629646311,0.0882696929336448,NA,2,0.5,-0.0819684683563331,"-0.0691498236026912",-0.0243323532687902,0.83349619832291
"150102",NA,NA,NA,NA,NA,NA,NA,NA,0,NA,NA,"NaN",-0.0243323532687902,0.83349619832291
"150104",NA,NA,NA,NA,NA,-0.275483918798675,0.396835344651856,0.707738223110458,3,0.333333333333333,0.276363216321213,"0.360764176483393",-0.0243323532687902,0.83349619832291
"150109",0.30982523442274,-1.94121947647374,1.19846070322458,NA,0.456322359132505,-0.445408129610935,0.0368420843139429,0.296064140840146,7,0.142857142857143,-0.0127304405929654,"0.0139195747973046",-0.0243323532687902,0.83349619832291
"150112",0.881367170245933,-0.091099913442978,-0.12586749294619,NA,1.14814598108083,-0.0357278405293231,-0.014585524305759,0.296064140840146,7,0.142857142857143,0.294042360134666,"0.38197500365816",-0.0243323532687902,0.83349619832291
"150113",-1.23827724359712,0.398690193098498,-1.27982265631229,NA,-0.105784333700513,0.520599370212183,0.551118170510961,0.982187611290668,7,0.142857142857143,-0.0244698412139443,"-0.000164953296044727",-0.0243323532687902,0.83349619832291
"150115",NA,NA,NA,NA,NA,0.152818201604828,-0.477434001883076,1.66831108174119,3,0.333333333333333,0.447898427154313,"0.566566207948262",-0.0243323532687902,0.83349619832291
"150125",0.881367170245933,-0.375321179647703,-0.758681614792116,-0.983746104667722,-0.433402731594314,-0.089265605579761,0.0368420843139429,-2.31120504687183,8,0.125,-0.504176628574197,"-0.575700616596582",-0.0243323532687902,0.83349619832291
"150126",-1.09856699261812,-0.248404765178927,1.19846070322458,NA,-0.25712075100171,-0.173063846528272,0.345407736032154,-1.48785688233121,7,0.142857142857143,-0.245877828343071,"-0.265802622159592",-0.0243323532687902,0.83349619832291
"150128",0.881367170245933,0.530969272967364,-1.42012985979849,-0.410336424469111,1.14814598108083,0.688195852109206,0.962539039468576,0.707738223110458,8,0.125,0.386061156839346,"0.492375983158526",-0.0243323532687902,0.83349619832291
"150133",NA,NA,0.257829757403828,NA,NA,0.245927358214285,0.448262953271558,NA,3,0.333333333333333,0.317340022963223,"0.40992673622207",-0.0243323532687902,0.83349619832291
"150146",NA,NA,NA,NA,NA,0.941918303869977,0.0882696929336448,NA,2,0.5,0.515093998401811,"0.647185137443925",-0.0243323532687902,0.83349619832291
"150149",-1.24109967290983,NA,NA,0.713015991720694,NA,0.941918303869977,0.0368420843139429,NA,4,0.25,0.112669176748697,"0.16436971193528",-0.0243323532687902,0.83349619832291
"150150",0.150357978254787,0.947469619040956,0.214878572663154,NA,1.14814598108083,0.1318686413677,0.49969056189126,NA,6,0.166666666666667,0.515401892383115,"0.647554538026584",-0.0243323532687902,0.83349619832291
"150153",0.881367170245933,NA,NA,NA,NA,-0.622315527168903,-0.631716827742182,NA,3,0.333333333333333,-0.124221728221718,"-0.119843827906973",-0.0243323532687902,0.83349619832291
"150157",NA,NA,NA,NA,NA,-1.81178500285472,0.911111430848875,NA,2,0.5,-0.450336786002922,"-0.511105429864349",-0.0243323532687902,0.83349619832291
"150158",-1.62071641546893,0.947469619040956,-0.0700309527833145,NA,0.411420345207974,0.746389074990117,0.859683822229173,0.570513529020354,7,0.142857142857143,0.263532717462332,"0.345370586345013",-0.0243323532687902,0.83349619832291
"150160",NA,NA,NA,NA,NA,NA,0.859683822229173,0.707738223110458,2,0.5,0.783711022669816,"0.969462581310487",-0.0243323532687902,0.83349619832291
"150161",-1.24109967290983,-0.20907855224494,-0.160228440738729,-0.333813780314492,-0.381848567458741,0.732422701498698,1.42538751704589,NA,7,0.142857142857143,-0.0240369707317336,"0.000354389783241901",-0.0243323532687902,0.83349619832291
"150162",-0.895352082103202,-0.464698936315856,-0.62696464825405,-1.41227291193359,-0.178957986021971,-0.545500472966101,0.653973387750365,NA,7,0.142857142857143,-0.495681949977772,"-0.565508994111061",-0.0243323532687902,0.83349619832291
"150165",0.0868533187188771,0.243172896495913,-0.674210951468791,NA,NA,-1.59530621373773,0.653973387750365,-0.390059329610375,6,0.166666666666667,-0.279262815308624,"-0.305856778414566",-0.0243323532687902,0.83349619832291
"150166",NA,NA,NA,NA,NA,NA,0.602545779130663,0.43328883493025,2,0.5,0.517917307030457,"0.650572445789574",-0.0243323532687902,0.83349619832291
"150167",NA,NA,NA,NA,NA,NA,0.653973387750365,NA,1,1,0.653973387750365,"0.813807840256482",-0.0243323532687902,0.83349619832291
"150168",NA,NA,NA,NA,NA,NA,0.808256213609471,-0.390059329610375,2,0.5,0.209098441999548,"0.28006221952545",-0.0243323532687902,0.83349619832291
"150169",-0.081081225387197,0.287861774829989,-0.151638203790594,-0.947015235473505,0.707441029599326,0.385591093128471,-1.55741378289682,1.11941230538077,8,0.125,-0.0296052805761941,"-0.00632627637416184",-0.0243323532687902,0.83349619832291
"150172",NA,NA,NA,NA,NA,NA,0.396835344651856,NA,1,1,0.396835344651856,"0.505302482204579",-0.0243323532687902,0.83349619832291
"150173",-0.546782061983872,0.947469619040956,0.0244616536461677,NA,-0.538174097418219,0.571809406347385,0.962539039468576,-0.390059329610375,7,0.142857142857143,0.147323461355803,"0.205946727735512",-0.0243323532687902,0.83349619832291
"150177",NA,NA,NA,NA,NA,NA,0.191124910173049,0.0216147526599381,2,0.5,0.106369831416493,"0.156811974605609",-0.0243323532687902,0.83349619832291
"150179",NA,NA,NA,NA,NA,0.941918303869977,NA,NA,1,1,0.941918303869977,"1.15927422234555",-0.0243323532687902,0.83349619832291
"150181",NA,NA,NA,NA,NA,NA,0.191124910173049,0.296064140840146,2,0.5,0.243594525506597,"0.32144943110057",-0.0243323532687902,0.83349619832291
"150183",NA,NA,NA,NA,NA,-0.927248015064876,0.242552518792751,NA,2,0.5,-0.342347748136063,"-0.381543905667663",-0.0243323532687902,0.83349619832291
"150193",NA,NA,NA,NA,NA,NA,0.345407736032154,NA,1,1,0.345407736032154,"0.443601410594198",-0.0243323532687902,0.83349619832291
"150195",NA,NA,NA,NA,NA,NA,NA,NA,0,NA,NA,"NaN",-0.0243323532687902,0.83349619832291
"151300",NA,NA,NA,NA,NA,NA,NA,NA,0,NA,NA,"NaN",-0.0243323532687902,0.83349619832291
"151301",NA,NA,NA,NA,NA,NA,NA,NA,0,NA,NA,"NaN",-0.0243323532687902,0.83349619832291
"151303",NA,NA,NA,NA,NA,NA,NA,NA,0,NA,NA,"NaN",-0.0243323532687902,0.83349619832291
"151304",NA,NA,NA,NA,NA,NA,NA,NA,0,NA,NA,"NaN",-0.0243323532687902,0.83349619832291
"151305",NA,NA,NA,NA,NA,NA,NA,NA,0,NA,NA,"NaN",-0.0243323532687902,0.83349619832291
"151306",NA,NA,NA,NA,NA,NA,NA,NA,0,NA,NA,"NaN",-0.0243323532687902,0.83349619832291
"151307",NA,NA,NA,NA,NA,NA,NA,NA,0,NA,NA,"NaN",-0.0243323532687902,0.83349619832291
"151308",NA,NA,NA,NA,NA,NA,NA,NA,0,NA,NA,"NaN",-0.0243323532687902,0.83349619832291
"151309",NA,NA,NA,NA,NA,NA,NA,NA,0,NA,NA,"NaN",-0.0243323532687902,0.83349619832291
"151310",NA,NA,NA,NA,NA,-1.54409617760253,NA,NA,1,1,-1.54409617760253,"-1.82336023534562",-0.0243323532687902,0.83349619832291
"151311",NA,NA,NA,NA,NA,NA,NA,NA,0,NA,NA,"NaN",-0.0243323532687902,0.83349619832291
"151312",NA,NA,NA,NA,NA,NA,NA,NA,0,NA,NA,"NaN",-0.0243323532687902,0.83349619832291
"151313",NA,-2.98693922949112,NA,NA,NA,0.941918303869977,NA,-1.76230627051142,3,0.333333333333333,-1.26910906537752,"-1.49344017958734",-0.0243323532687902,0.83349619832291
"151314",NA,NA,NA,NA,NA,NA,NA,NA,0,NA,NA,"NaN",-0.0243323532687902,0.83349619832291
"151315",NA,NA,NA,NA,NA,-1.04828991865717,NA,NA,1,1,-1.04828991865717,"-1.22850898114317",-0.0243323532687902,0.83349619832291
"151316",NA,NA,NA,NA,NA,NA,NA,NA,0,NA,NA,"NaN",-0.0243323532687902,0.83349619832291
"151317",NA,NA,NA,NA,NA,NA,NA,NA,0,NA,NA,"NaN",-0.0243323532687902,0.83349619832291
"151318",NA,NA,NA,NA,NA,NA,NA,NA,0,NA,NA,"NaN",-0.0243323532687902,0.83349619832291
"151319",NA,NA,NA,NA,NA,0.941918303869977,NA,NA,1,1,0.941918303869977,"1.15927422234555",-0.0243323532687902,0.83349619832291
"151320",NA,NA,NA,NA,NA,NA,NA,NA,0,NA,NA,"NaN",-0.0243323532687902,0.83349619832291
"151322",NA,NA,NA,NA,NA,NA,NA,NA,0,NA,NA,"NaN",-0.0243323532687902,0.83349619832291
"151323",NA,NA,NA,NA,NA,0.941918303869977,NA,NA,1,1,0.941918303869977,"1.15927422234555",-0.0243323532687902,0.83349619832291
"151324",NA,NA,NA,NA,NA,NA,NA,NA,0,NA,NA,"NaN",-0.0243323532687902,0.83349619832291
"151325",NA,NA,NA,NA,NA,NA,NA,NA,0,NA,NA,"NaN",-0.0243323532687902,0.83349619832291
"151326",NA,NA,NA,NA,NA,NA,NA,NA,0,NA,NA,"NaN",-0.0243323532687902,0.83349619832291
"151327",NA,NA,NA,NA,NA,NA,NA,NA,0,NA,NA,"NaN",-0.0243323532687902,0.83349619832291
"151328",NA,0.014365839425442,NA,NA,NA,0.941918303869977,NA,NA,2,0.5,0.47814207164771,"0.602851489817873",-0.0243323532687902,0.83349619832291
"151329",NA,NA,NA,NA,NA,-4.03942157473598,NA,0.0216147526599381,2,0.5,-2.00890341103802,"-2.38101992758025",-0.0243323532687902,0.83349619832291
"151330",NA,NA,NA,NA,NA,-2.61019602078081,NA,NA,1,1,-2.61019602078081,"-3.10243006832554",-0.0243323532687902,0.83349619832291
"151331",NA,NA,NA,NA,NA,NA,NA,NA,0,NA,NA,"NaN",-0.0243323532687902,0.83349619832291
"151332",NA,NA,NA,NA,NA,-0.81318929821829,NA,NA,1,1,-0.81318929821829,"-0.94644336295327",-0.0243323532687902,0.83349619832291
"151333",NA,NA,NA,NA,NA,NA,NA,NA,0,NA,NA,"NaN",-0.0243323532687902,0.83349619832291
"151334",NA,NA,NA,NA,NA,NA,NA,NA,0,NA,NA,"NaN",-0.0243323532687902,0.83349619832291
"160001",NA,NA,NA,NA,NA,NA,0.396835344651856,NA,1,1,0.396835344651856,"0.505302482204579",-0.0243323532687902,0.83349619832291
"160013",NA,NA,NA,NA,NA,NA,0.139697301553347,NA,1,1,0.139697301553347,"0.196797124152676",-0.0243323532687902,0.83349619832291
"160016",-2.29668823586229,-1.50505602393315,1.19846070322458,NA,NA,0.150490472689591,-2.32882791219234,NA,5,0.2,-0.956324199214722,"-1.11817168191194",-0.0243323532687902,0.83349619832291
"160028",NA,-0.453973605515678,NA,NA,1.14814598108083,0.138851828113409,0.756828604989769,NA,4,0.25,0.397463202167084,"0.506055764002973",-0.0243323532687902,0.83349619832291
"160029",NA,0.947469619040956,NA,NA,1.14814598108083,0.669574020787315,0.0882696929336448,0.296064140840146,5,0.2,0.629904690936579,"0.784931047702161",-0.0243323532687902,0.83349619832291
"160030",-1.10985670986894,-4.68332905105266,0.300780942144502,NA,-1.03375928814082,-0.903970725912511,1.21967708256709,-1.213407494151,7,0.142857142857143,-1.06055217777348,"-1.24322081683118",-0.0243323532687902,0.83349619832291
"160032",NA,NA,NA,NA,NA,NA,NA,NA,0,NA,NA,"NaN",-0.0243323532687902,0.83349619832291
"160033",-1.86626776567445,-0.999177921191409,0.147588383236099,NA,0.298333791620266,0.245927358214285,-2.22597269495294,0.43328883493025,7,0.142857142857143,-0.566611430545414,"-0.650607739264741",-0.0243323532687902,0.83349619832291
"16003F",NA,-0.706018879319868,NA,NA,NA,NA,-0.631716827742182,0.43328883493025,3,0.333333333333333,-0.3014822907106,"-0.332514938879706",-0.0243323532687902,0.83349619832291
"160040",NA,NA,NA,NA,NA,NA,0.293980127412452,0.844962917200563,2,0.5,0.569471522306508,"0.712425415700875",-0.0243323532687902,0.83349619832291
"160045",0.881367170245933,-1.56940800873422,1.19846070322458,NA,0.734049630443493,-0.154442015206381,-1.1974205225589,0.43328883493025,7,0.142857142857143,0.046556541763536,"0.085050052027787",-0.0243323532687902,0.83349619832291
"160047",-2.85270681046559,-0.69529354851969,NA,NA,1.14814598108083,-0.827155671709709,-0.631716827742182,0.0216147526599381,6,0.166666666666667,-0.6395186874494,"-0.738079352273515",-0.0243323532687902,0.83349619832291
"16004F",0.0924981773442912,-0.620216232918442,NA,NA,NA,NA,0.756828604989769,0.0216147526599381,4,0.25,0.0626813255188892,"0.104396011598806",-0.0243323532687902,0.83349619832291
"160057",-0.875595076914253,0.520243942167186,-0.0585773035191349,NA,-0.368544267036658,0.941918303869977,-2.74024878114996,1.11941230538077,7,0.142857142857143,-0.208770125314581,"-0.221282079530658",-0.0243323532687902,0.83349619832291
"160058",-0.738707255247957,-0.103612799376519,-0.0113310003043938,-0.0358856190725092,0.120388773474902,-0.284794834459621,-1.30027573979831,-0.801733411880687,8,0.125,-0.394493985833136,"-0.444107163666918",-0.0243323532687902,0.83349619832291
"160064",0.198339276570808,-0.623791343185168,1.19846070322458,NA,0.301659866725787,0.597414424414986,-0.014585524305759,-0.527284023700479,7,0.142857142857143,0.161459054249251,"0.222906124697239",-0.0243323532687902,0.83349619832291
"160067",0.244909360230476,0.672186128503045,-1.61484189728954,NA,0.304985941831308,-0.256862087476784,0.0882696929336448,0.296064140840146,7,0.142857142857143,-0.0378983886325298,"-0.0162760614757885",-0.0243323532687902,0.83349619832291
"160069",0.881367170245933,0.947469619040956,-1.28411777478636,NA,NA,0.941918303869977,-1.60884139151652,NA,5,0.2,-0.0244408146292018,"-0.000130128200500316",-0.0243323532687902,0.83349619832291
"160079",-1.63906220600153,0.681123904169861,-1.63059066502779,NA,-0.524869796996136,-0.187030220019691,-1.2488481311786,-0.115609941430166,7,0.142857142857143,-0.66641243664058,"-0.770345545263108",-0.0243323532687902,0.83349619832291
"160080",NA,0.947469619040956,-0.231813748639852,NA,NA,0.941918303869977,0.191124910173049,NA,4,0.25,0.462174771111032,"0.583694473182638",-0.0243323532687902,0.83349619832291
"160082",0.354984103426054,0.269986223496359,0.910687765462068,1.12011645862327,-0.177294948469211,-0.270828460968203,-0.0660131329254609,0.158839446750041,8,0.125,0.287559681924364,"0.374197309862621",-0.0243323532687902,0.83349619832291
"160083",0.562432657910028,0.118044037160499,0.160473738658301,-3.1171974236985,-0.549815360287542,-0.0659883164273967,0.191124910173049,0.296064140840146,8,0.125,-0.300607701958927,"-0.331465637451058",-0.0243323532687902,0.83349619832291
"160089",NA,NA,NA,NA,NA,-0.0427110272750324,0.448262953271558,NA,2,0.5,0.202775962998263,"0.272476727217258",-0.0243323532687902,0.83349619832291
"160101",-1.35540806007446,0.947469619040956,NA,NA,1.14814598108083,0.0224653823515876,-0.940282479460392,NA,5,0.2,-0.0355219114122957,"-0.0134248460473127",-0.0243323532687902,0.83349619832291
"160104",NA,0.947469619040956,0.685909898652542,NA,NA,0.55551530394073,0.962539039468576,0.43328883493025,5,0.2,0.716944539206611,"0.889358456543576",-0.0243323532687902,0.83349619832291
"160110",0.0346383764337952,0.702574565770217,0.399568667048051,NA,1.14814598108083,0.380935635297998,-0.528861610502778,-2.31120504687183,7,0.142857142857143,-0.0248862045348164,"-0.000664491652320212",-0.0243323532687902,0.83349619832291
"160112",NA,NA,NA,NA,NA,-0.119526081477835,-0.683144436361883,0.296064140840146,3,0.333333333333333,-0.168868792333191,"-0.17340983600792",-0.0243323532687902,0.83349619832291
"160117",0.881367170245933,-0.788246415454569,-0.705708486945285,NA,NA,0.152818201604828,-0.683144436361883,-1.48785688233121,6,0.166666666666667,-0.438461808207031,"-0.496858240951208",-0.0243323532687902,0.83349619832291
"160124",NA,NA,NA,NA,NA,0.941918303869977,-0.631716827742182,-3.68345198777287,3,0.333333333333333,-1.12441683721503,"-1.3198434331911",-0.0243323532687902,0.83349619832291
"160146",0.247731789543183,-0.0267479286419082,-1.29700313020856,NA,1.14814598108083,-0.708441497032651,-0.528861610502778,NA,6,0.166666666666667,-0.194196065960313,"-0.203796625627457",-0.0243323532687902,0.83349619832291
"160147",NA,NA,NA,NA,NA,-4.80291665893353,-0.374578784643672,NA,2,0.5,-2.5887477217886,"-3.07669713872686",-0.0243323532687902,0.83349619832291
"160153",-0.558071779234701,0.11268137176041,0.224900515769311,NA,0.280040378539901,-0.0427110272750324,-2.27740030357264,-1.213407494151,7,0.142857142857143,-0.49628119116625,"-0.566227943027305",-0.0243323532687902,0.83349619832291
"161301",NA,NA,NA,NA,NA,NA,NA,NA,0,NA,NA,"NaN",-0.0243323532687902,0.83349619832291
"161302",NA,NA,NA,NA,NA,NA,NA,0.844962917200563,1,1,0.844962917200563,"1.04295049241793",-0.0243323532687902,0.83349619832291
"161303",NA,NA,NA,NA,NA,NA,NA,NA,0,NA,NA,"NaN",-0.0243323532687902,0.83349619832291
"161304",NA,NA,NA,NA,NA,NA,NA,NA,0,NA,NA,"NaN",-0.0243323532687902,0.83349619832291
"161305",NA,NA,NA,NA,NA,NA,NA,NA,0,NA,NA,"NaN",-0.0243323532687902,0.83349619832291
"161306",NA,NA,NA,NA,NA,NA,NA,NA,0,NA,NA,"NaN",-0.0243323532687902,0.83349619832291
"161307",NA,NA,NA,NA,NA,NA,NA,NA,0,NA,NA,"NaN",-0.0243323532687902,0.83349619832291
"161308",NA,NA,NA,NA,NA,NA,NA,NA,0,NA,NA,"NaN",-0.0243323532687902,0.83349619832291
"161309",NA,NA,NA,NA,NA,NA,NA,NA,0,NA,NA,"NaN",-0.0243323532687902,0.83349619832291
"161310",NA,NA,NA,NA,NA,NA,NA,NA,0,NA,NA,"NaN",-0.0243323532687902,0.83349619832291
"161311",NA,NA,NA,NA,NA,NA,NA,NA,0,NA,NA,"NaN",-0.0243323532687902,0.83349619832291
"161312",NA,NA,NA,NA,NA,NA,NA,NA,0,NA,NA,"NaN",-0.0243323532687902,0.83349619832291
"161313",NA,NA,NA,NA,NA,NA,NA,NA,0,NA,NA,"NaN",-0.0243323532687902,0.83349619832291
"161314",NA,NA,NA,NA,NA,NA,NA,NA,0,NA,NA,"NaN",-0.0243323532687902,0.83349619832291
"161315",NA,NA,NA,NA,NA,NA,NA,NA,0,NA,NA,"NaN",-0.0243323532687902,0.83349619832291
"161316",NA,NA,NA,NA,NA,NA,NA,NA,0,NA,NA,"NaN",-0.0243323532687902,0.83349619832291
"161317",NA,NA,NA,NA,NA,NA,NA,NA,0,NA,NA,"NaN",-0.0243323532687902,0.83349619832291
"161318",NA,NA,NA,NA,NA,NA,NA,NA,0,NA,NA,"NaN",-0.0243323532687902,0.83349619832291
"161319",NA,NA,NA,NA,NA,NA,NA,NA,0,NA,NA,"NaN",-0.0243323532687902,0.83349619832291
"161320",NA,NA,NA,NA,NA,NA,NA,NA,0,NA,NA,"NaN",-0.0243323532687902,0.83349619832291
"161321",NA,NA,NA,NA,NA,NA,NA,NA,0,NA,NA,"NaN",-0.0243323532687902,0.83349619832291
"161322",NA,NA,NA,NA,NA,NA,NA,NA,0,NA,NA,"NaN",-0.0243323532687902,0.83349619832291
"161323",NA,NA,NA,NA,NA,NA,NA,NA,0,NA,NA,"NaN",-0.0243323532687902,0.83349619832291
"161324",NA,NA,NA,NA,NA,NA,NA,NA,0,NA,NA,"NaN",-0.0243323532687902,0.83349619832291
"161325",NA,NA,NA,NA,NA,NA,NA,NA,0,NA,NA,"NaN",-0.0243323532687902,0.83349619832291
"161326",NA,NA,NA,NA,NA,NA,NA,NA,0,NA,NA,"NaN",-0.0243323532687902,0.83349619832291
"161327",NA,NA,NA,NA,NA,NA,NA,NA,0,NA,NA,"NaN",-0.0243323532687902,0.83349619832291
"161328",NA,NA,NA,NA,NA,NA,NA,NA,0,NA,NA,"NaN",-0.0243323532687902,0.83349619832291
"161329",NA,NA,NA,NA,NA,NA,NA,NA,0,NA,NA,"NaN",-0.0243323532687902,0.83349619832291
"161330",NA,NA,NA,NA,NA,NA,NA,NA,0,NA,NA,"NaN",-0.0243323532687902,0.83349619832291
"161331",NA,NA,NA,NA,NA,NA,NA,NA,0,NA,NA,"NaN",-0.0243323532687902,0.83349619832291
"161332",NA,NA,NA,NA,NA,NA,NA,NA,0,NA,NA,"NaN",-0.0243323532687902,0.83349619832291
"161333",NA,NA,NA,NA,NA,NA,NA,NA,0,NA,NA,"NaN",-0.0243323532687902,0.83349619832291
"161334",NA,NA,NA,NA,NA,NA,NA,NA,0,NA,NA,"NaN",-0.0243323532687902,0.83349619832291
"161335",NA,NA,NA,NA,NA,NA,NA,NA,0,NA,NA,"NaN",-0.0243323532687902,0.83349619832291
"161336",NA,NA,NA,NA,NA,NA,NA,NA,0,NA,NA,"NaN",-0.0243323532687902,0.83349619832291
"161337",NA,NA,NA,NA,NA,NA,NA,NA,0,NA,NA,"NaN",-0.0243323532687902,0.83349619832291
"161338",NA,NA,NA,NA,NA,NA,NA,NA,0,NA,NA,"NaN",-0.0243323532687902,0.83349619832291
"161339",NA,0.947469619040956,NA,NA,NA,NA,NA,NA,1,1,0.947469619040956,"1.16593449887969",-0.0243323532687902,0.83349619832291
"161340",NA,NA,NA,NA,NA,NA,NA,NA,0,NA,NA,"NaN",-0.0243323532687902,0.83349619832291
"161341",NA,NA,NA,NA,NA,NA,NA,NA,0,NA,NA,"NaN",-0.0243323532687902,0.83349619832291
"161342",NA,NA,NA,NA,NA,NA,NA,NA,0,NA,NA,"NaN",-0.0243323532687902,0.83349619832291
"161343",NA,NA,NA,NA,NA,NA,NA,NA,0,NA,NA,"NaN",-0.0243323532687902,0.83349619832291
"161344",NA,NA,NA,NA,NA,NA,NA,NA,0,NA,NA,"NaN",-0.0243323532687902,0.83349619832291
"161345",NA,NA,NA,NA,NA,NA,NA,NA,0,NA,NA,"NaN",-0.0243323532687902,0.83349619832291
"161346",NA,NA,NA,NA,NA,NA,NA,NA,0,NA,NA,"NaN",-0.0243323532687902,0.83349619832291
"161347",NA,NA,NA,NA,NA,NA,NA,NA,0,NA,NA,"NaN",-0.0243323532687902,0.83349619832291
"161348",NA,NA,NA,NA,NA,NA,NA,NA,0,NA,NA,"NaN",-0.0243323532687902,0.83349619832291
"161349",NA,NA,NA,NA,NA,NA,NA,NA,0,NA,NA,"NaN",-0.0243323532687902,0.83349619832291
"161350",NA,NA,NA,NA,NA,NA,NA,NA,0,NA,NA,"NaN",-0.0243323532687902,0.83349619832291
"161351",NA,NA,NA,NA,NA,NA,NA,0.570513529020354,1,1,0.570513529020354,"0.713675579428008",-0.0243323532687902,0.83349619832291
"161352",NA,NA,NA,NA,NA,NA,NA,NA,0,NA,NA,"NaN",-0.0243323532687902,0.83349619832291
"161353",NA,NA,NA,NA,NA,-6.99563729708625,NA,NA,1,1,-6.99563729708625,"-8.36393130267963",-0.0243323532687902,0.83349619832291
"161354",NA,NA,NA,NA,NA,NA,NA,NA,0,NA,NA,"NaN",-0.0243323532687902,0.83349619832291
"161355",NA,NA,NA,NA,NA,-1.29270145475699,NA,NA,1,1,-1.29270145475699,"-1.52174551490494",-0.0243323532687902,0.83349619832291
"161356",NA,NA,NA,NA,NA,NA,NA,NA,0,NA,NA,"NaN",-0.0243323532687902,0.83349619832291
"161357",NA,NA,NA,NA,NA,NA,NA,NA,0,NA,NA,"NaN",-0.0243323532687902,0.83349619832291
"161358",NA,NA,NA,NA,NA,NA,NA,-1.213407494151,1,1,-1.213407494151,"-1.4266113550065",-0.0243323532687902,0.83349619832291
"161359",NA,NA,NA,NA,NA,NA,NA,NA,0,NA,NA,"NaN",-0.0243323532687902,0.83349619832291
"161360",NA,NA,NA,NA,NA,NA,NA,NA,0,NA,NA,"NaN",-0.0243323532687902,0.83349619832291
"161361",NA,NA,NA,NA,NA,NA,NA,NA,0,NA,NA,"NaN",-0.0243323532687902,0.83349619832291
"161362",NA,NA,NA,NA,NA,NA,NA,NA,0,NA,NA,"NaN",-0.0243323532687902,0.83349619832291
"161363",NA,NA,NA,NA,NA,NA,NA,NA,0,NA,NA,"NaN",-0.0243323532687902,0.83349619832291
"161364",NA,NA,NA,NA,NA,NA,NA,NA,0,NA,NA,"NaN",-0.0243323532687902,0.83349619832291
"161365",NA,NA,NA,NA,NA,NA,NA,0.296064140840146,1,1,0.296064140840146,"0.384400666438084",-0.0243323532687902,0.83349619832291
"161366",NA,NA,NA,NA,NA,NA,NA,NA,0,NA,NA,"NaN",-0.0243323532687902,0.83349619832291
"161367",NA,NA,NA,NA,NA,0.941918303869977,NA,NA,1,1,0.941918303869977,"1.15927422234555",-0.0243323532687902,0.83349619832291
"161368",NA,NA,NA,NA,NA,NA,NA,0.570513529020354,1,1,0.570513529020354,"0.713675579428008",-0.0243323532687902,0.83349619832291
"161369",NA,NA,NA,NA,NA,NA,NA,NA,0,NA,NA,"NaN",-0.0243323532687902,0.83349619832291
"161370",NA,NA,NA,NA,NA,NA,NA,NA,0,NA,NA,"NaN",-0.0243323532687902,0.83349619832291
"161371",NA,NA,NA,NA,NA,-0.305744394696749,NA,NA,1,1,-0.305744394696749,"-0.337628464285971",-0.0243323532687902,0.83349619832291
"161372",NA,NA,NA,NA,NA,NA,NA,NA,0,NA,NA,"NaN",-0.0243323532687902,0.83349619832291
"161373",NA,NA,NA,NA,NA,NA,NA,NA,0,NA,NA,"NaN",-0.0243323532687902,0.83349619832291
"161374",NA,NA,NA,NA,NA,NA,NA,NA,0,NA,NA,"NaN",-0.0243323532687902,0.83349619832291
"161375",NA,NA,NA,NA,NA,0.941918303869977,NA,0.707738223110458,2,0.5,0.824828263490218,"1.01879362913426",-0.0243323532687902,0.83349619832291
"161376",NA,0.947469619040956,NA,NA,NA,0.941918303869977,NA,0.707738223110458,3,0.333333333333333,0.865708715340464,"1.06784058571607",-0.0243323532687902,0.83349619832291
"161377",NA,NA,NA,NA,NA,NA,NA,NA,0,NA,NA,"NaN",-0.0243323532687902,0.83349619832291
"161378",NA,NA,NA,NA,NA,NA,NA,NA,0,NA,NA,"NaN",-0.0243323532687902,0.83349619832291
"161379",NA,NA,NA,NA,NA,NA,NA,NA,0,NA,NA,"NaN",-0.0243323532687902,0.83349619832291
"161380",NA,NA,NA,NA,NA,NA,NA,NA,0,NA,NA,"NaN",-0.0243323532687902,0.83349619832291
"161381",NA,NA,NA,NA,NA,NA,NA,NA,0,NA,NA,"NaN",-0.0243323532687902,0.83349619832291
"161382",NA,NA,NA,NA,NA,NA,NA,-0.938958105970791,1,1,-0.938958105970791,"-1.09733644201657",-0.0243323532687902,0.83349619832291
"170006",NA,NA,NA,NA,NA,NA,0.139697301553347,0.158839446750041,2,0.5,0.149268374151694,"0.208280167047899",-0.0243323532687902,0.83349619832291
"170009",NA,NA,NA,NA,NA,-0.554811388627047,NA,NA,1,1,-0.554811388627047,"-0.636450455833682",-0.0243323532687902,0.83349619832291
"170012",0.322526166329922,-0.39677184124806,-0.021352943410551,NA,NA,-1.25080233428274,-0.837427262220988,-0.115609941430166,6,0.166666666666667,-0.38323969271043,"-0.430604650823607",-0.0243323532687902,0.83349619832291
"170013",0.0755636014680486,NA,1.19846070322458,NA,NA,0.406540653365598,-1.2488481311786,-0.115609941430166,5,0.2,0.0632213770898917,"0.105043946852847",-0.0243323532687902,0.83349619832291
"170014",NA,NA,NA,NA,NA,NA,0.345407736032154,NA,1,1,0.345407736032154,"0.443601410594198",-0.0243323532687902,0.83349619832291
"170016",0.099554250626059,0.0697800485596967,0.587122173748993,NA,1.14814598108083,-0.48730725008519,0.49969056189126,0.844962917200563,7,0.142857142857143,0.394564097574602,"0.502577518273341",-0.0243323532687902,0.83349619832291
"170017",NA,NA,NA,NA,NA,-8.45977878476996,0.191124910173049,NA,2,0.5,-4.13432693729846,"-4.93102979029712",-0.0243323532687902,0.83349619832291
"170020",0.881367170245933,0.2824991094299,1.19846070322458,NA,NA,-0.417475382628097,-1.2488481311786,-0.938958105970791,6,0.166666666666667,-0.040492439479513,"-0.0193883142397515",-0.0243323532687902,0.83349619832291
"170023",NA,-1.84826660953886,0.0788664876510209,NA,NA,0.26222146062094,0.859683822229173,NA,4,0.25,-0.161873709759431,"-0.165017377124683",-0.0243323532687902,0.83349619832291
"170027",NA,NA,NA,NA,NA,0.941918303869977,0.705400996370067,0.844962917200563,3,0.333333333333333,0.830760739146869,"1.02591120887678",-0.0243323532687902,0.83349619832291
"170040",0.316881307704508,0.361151535297874,-0.526745217192478,0.0865506115748812,0.702451916941045,0.250582816044758,0.139697301553347,NA,7,0.142857142857143,0.190081467417705,"0.25724630912285",-0.0243323532687902,0.83349619832291
"170049",-0.535492344733044,-0.137576346910417,-0.0628724219932022,NA,-0.115762559017076,0.35998607506087,0.448262953271558,NA,6,0.166666666666667,-0.00724244072021863,"0.0205038878197146",-0.0243323532687902,0.83349619832291
"17005F",NA,NA,NA,NA,NA,NA,-1.86597943461503,NA,1,1,-1.86597943461503,"-2.20954466865217",-0.0243323532687902,0.83349619832291
"170068",NA,-0.259130095979105,NA,NA,NA,0.488011165398873,-0.940282479460392,-3.95790137595308,4,0.25,-1.16732569649843,"-1.3713240030722",-0.0243323532687902,0.83349619832291
"170074",NA,NA,NA,NA,NA,0.941918303869977,0.0882696929336448,NA,2,0.5,0.515093998401811,"0.647185137443925",-0.0243323532687902,0.83349619832291
"170086",0.219507496416112,-0.237679434378748,-0.732910903947712,-0.187910605459685,0.895364273061252,0.422834755772253,0.448262953271558,-0.115609941430166,8,0.125,0.088982324163108,"0.135951042920052",-0.0243323532687902,0.83349619832291
"17008F",NA,-0.216228772778392,NA,NA,NA,NA,-0.631716827742182,0.570513529020354,3,0.333333333333333,-0.0924773571667399,"-0.0817580260534664",-0.0243323532687902,0.83349619832291
"170103",NA,0.947469619040956,NA,1.12011645862327,NA,0.35998607506087,1.01396664808828,-0.664508717790581,5,0.2,0.555406016604558,"0.695550106934919",-0.0243323532687902,0.83349619832291
"170104",-0.891118438134142,-0.14472656744387,0.453973501052904,-0.0277232036960165,0.614310926644744,0.283171020858068,-0.374578784643672,-2.58565443505204,8,0.125,-0.334043247551753,"-0.371580452203786",-0.0243323532687902,0.83349619832291
"170105",NA,NA,NA,NA,NA,-4.40021955659763,0.396835344651856,NA,2,0.5,-2.00169210597289,"-2.37236805240716",-0.0243323532687902,0.83349619832291
"170109",NA,NA,NA,NA,NA,NA,0.0882696929336448,NA,1,1,0.0882696929336448,"0.135096052542295",-0.0243323532687902,0.83349619832291
"170120",NA,NA,NA,NA,NA,0.0876417919782077,0.345407736032154,NA,2,0.5,0.216524764005181,"0.288972064610016",-0.0243323532687902,0.83349619832291
"170122",0.218096281759758,0.724025227370574,-0.549652515720837,NA,0.0804758722086525,0.418179297941781,0.49969056189126,0.43328883493025,7,0.142857142857143,0.260586222911634,"0.341835483777506",-0.0243323532687902,0.83349619832291
"170123",0.479170993185167,-0.0607114761758061,-0.787315737952565,0.315098242116676,-0.114099521464315,0.39257427987418,1.7339531687641,0.570513529020354,8,0.125,0.316147934670974,"0.408496509791946",-0.0243323532687902,0.83349619832291
"170137",0.881367170245933,-0.866898841322543,1.19846070322458,NA,NA,0.68586812319397,0.756828604989769,0.982187611290668,6,0.166666666666667,0.60630222860373,"0.756613627202415",-0.0243323532687902,0.83349619832291
"170142",NA,NA,NA,NA,NA,0.941918303869977,0.551118170510961,0.158839446750041,3,0.333333333333333,0.55062530704366,"0.689814376441466",-0.0243323532687902,0.83349619832291
"170146",-0.28429613590211,-0.191203000911309,1.19846070322458,NA,NA,0.318086954586614,0.49969056189126,0.0216147526599381,6,0.166666666666667,0.260392305924829,"0.341602828862949",-0.0243323532687902,0.83349619832291
"170175",NA,NA,NA,NA,NA,0.941918303869977,0.191124910173049,NA,2,0.5,0.566521607021513,"0.708886209054306",-0.0243323532687902,0.83349619832291
"170176",-0.32804379024907,0.30037466076353,-0.349213653597693,0.550787986112902,0.64258256504167,0.455422960585563,-0.785999653601287,-0.664508717790581,8,0.125,-0.0223247053418706,"0.00240870675950197",-0.0243323532687902,0.83349619832291
"170182",0.113666397189595,0.522031497300549,-0.210338156269515,NA,1.14814598108083,0.753372261735826,0.448262953271558,0.707738223110458,7,0.142857142857143,0.497554165345615,"0.626141450512313",-0.0243323532687902,0.83349619832291
"170183",NA,NA,NA,NA,NA,NA,0.242552518792751,1.9427604699214,2,0.5,1.09265649435707,"1.34012470587553",-0.0243323532687902,0.83349619832291
"170185",NA,NA,0.36377601309749,NA,NA,-0.138147912799726,0.396835344651856,-1.48785688233121,4,0.25,-0.216348359345397,"-0.23037418342515",-0.0243323532687902,0.83349619832291
"170186",-1.46124915930098,0.947469619040956,NA,NA,NA,-0.252206629646311,-0.683144436361883,NA,4,0.25,-0.362282651567055,"-0.405461115453507",-0.0243323532687902,0.83349619832291
"170187",NA,NA,NA,NA,NA,NA,0.551118170510961,1.66831108174119,2,0.5,1.10971462612607,"1.36059046421171",-0.0243323532687902,0.83349619832291
"170188",NA,NA,NA,NA,NA,NA,0.808256213609471,1.9427604699214,2,0.5,1.37550834176543,"1.67948059973263",-0.0243323532687902,0.83349619832291
"170190",NA,NA,NA,NA,NA,NA,0.139697301553347,0.707738223110458,2,0.5,0.423717762331903,"0.537555080037823",-0.0243323532687902,0.83349619832291
"170191",NA,NA,NA,NA,NA,NA,0.396835344651856,-0.527284023700479,2,0.5,-0.0652243395243116,"-0.0490607951635542",-0.0243323532687902,0.83349619832291
"170194",NA,NA,NA,NA,NA,NA,0.191124910173049,NA,1,1,0.191124910173049,"0.258498195763056",-0.0243323532687902,0.83349619832291
"170196",NA,NA,NA,NA,NA,NA,0.962539039468576,0.158839446750041,2,0.5,0.560689243109309,"0.701888739930944",-0.0243323532687902,0.83349619832291
"170197",NA,NA,-2.77309217912971,NA,NA,0.941918303869977,1.11682186532768,0.296064140840146,4,0.25,-0.104571967272977,"-0.096268722239691",-0.0243323532687902,0.83349619832291
"170198",NA,NA,NA,NA,NA,NA,0.396835344651856,1.80553577583129,2,0.5,1.10118556024157,"1.35035758504362",-0.0243323532687902,0.83349619832291
"170199",NA,NA,NA,NA,NA,NA,0.139697301553347,NA,1,1,0.139697301553347,"0.196797124152676",-0.0243323532687902,0.83349619832291
"170200",NA,NA,NA,NA,NA,0.941918303869977,0.448262953271558,0.707738223110458,3,0.333333333333333,0.699306493417331,"0.868196937361161",-0.0243323532687902,0.83349619832291
"170203",NA,NA,NA,NA,NA,NA,0.49969056189126,-0.938958105970791,2,0.5,-0.219633772039766,"-0.234315908295616",-0.0243323532687902,0.83349619832291
"170204",NA,NA,NA,NA,NA,NA,0.242552518792751,NA,1,1,0.242552518792751,"0.320199267373437",-0.0243323532687902,0.83349619832291
"170208",NA,NA,NA,NA,NA,0.941918303869977,0.345407736032154,NA,2,0.5,0.643663019951065,"0.801437816469876",-0.0243323532687902,0.83349619832291
"171300",NA,NA,NA,NA,NA,0.941918303869977,NA,NA,1,1,0.941918303869977,"1.15927422234555",-0.0243323532687902,0.83349619832291
"171301",NA,NA,NA,NA,NA,NA,NA,NA,0,NA,NA,"NaN",-0.0243323532687902,0.83349619832291
"171303",NA,NA,NA,NA,NA,NA,NA,NA,0,NA,NA,"NaN",-0.0243323532687902,0.83349619832291
"171304",NA,NA,NA,NA,NA,NA,NA,NA,0,NA,NA,"NaN",-0.0243323532687902,0.83349619832291
"171306",NA,NA,NA,NA,NA,NA,NA,NA,0,NA,NA,"NaN",-0.0243323532687902,0.83349619832291
"171307",NA,NA,NA,NA,NA,NA,NA,NA,0,NA,NA,"NaN",-0.0243323532687902,0.83349619832291
"171308",NA,NA,NA,NA,NA,NA,NA,NA,0,NA,NA,"NaN",-0.0243323532687902,0.83349619832291
"171309",NA,NA,NA,NA,NA,0.941918303869977,NA,NA,1,1,0.941918303869977,"1.15927422234555",-0.0243323532687902,0.83349619832291
"171310",NA,NA,NA,NA,NA,NA,NA,NA,0,NA,NA,"NaN",-0.0243323532687902,0.83349619832291
"171311",NA,NA,NA,NA,NA,NA,NA,NA,0,NA,NA,"NaN",-0.0243323532687902,0.83349619832291
"171312",NA,NA,NA,NA,NA,NA,NA,NA,0,NA,NA,"NaN",-0.0243323532687902,0.83349619832291
"171313",NA,NA,NA,NA,NA,NA,NA,NA,0,NA,NA,"NaN",-0.0243323532687902,0.83349619832291
"171314",NA,NA,NA,NA,NA,NA,NA,NA,0,NA,NA,"NaN",-0.0243323532687902,0.83349619832291
"171315",NA,NA,NA,NA,NA,NA,NA,NA,0,NA,NA,"NaN",-0.0243323532687902,0.83349619832291
"171316",NA,NA,NA,NA,NA,NA,NA,NA,0,NA,NA,"NaN",-0.0243323532687902,0.83349619832291
"171317",NA,NA,NA,NA,NA,NA,NA,NA,0,NA,NA,"NaN",-0.0243323532687902,0.83349619832291
"171318",NA,NA,NA,NA,NA,NA,NA,NA,0,NA,NA,"NaN",-0.0243323532687902,0.83349619832291
"171319",NA,NA,NA,NA,NA,NA,NA,NA,0,NA,NA,"NaN",-0.0243323532687902,0.83349619832291
"171321",NA,NA,NA,NA,NA,NA,NA,NA,0,NA,NA,"NaN",-0.0243323532687902,0.83349619832291
"171322",NA,NA,NA,NA,NA,NA,NA,NA,0,NA,NA,"NaN",-0.0243323532687902,0.83349619832291
"171323",NA,NA,NA,NA,NA,NA,NA,NA,0,NA,NA,"NaN",-0.0243323532687902,0.83349619832291
"171324",NA,NA,NA,NA,NA,NA,NA,NA,0,NA,NA,"NaN",-0.0243323532687902,0.83349619832291
"171325",NA,NA,NA,NA,NA,NA,NA,NA,0,NA,NA,"NaN",-0.0243323532687902,0.83349619832291
"171326",NA,NA,NA,NA,NA,NA,NA,NA,0,NA,NA,"NaN",-0.0243323532687902,0.83349619832291
"171327",NA,NA,NA,NA,NA,NA,NA,NA,0,NA,NA,"NaN",-0.0243323532687902,0.83349619832291
"171328",NA,NA,NA,NA,NA,-1.08320585238572,NA,NA,1,1,-1.08320585238572,"-1.2703999145377",-0.0243323532687902,0.83349619832291
"171329",NA,NA,NA,NA,NA,NA,NA,NA,0,NA,NA,"NaN",-0.0243323532687902,0.83349619832291
"171330",NA,NA,NA,NA,NA,NA,NA,NA,0,NA,NA,"NaN",-0.0243323532687902,0.83349619832291
"171331",NA,NA,NA,NA,NA,NA,NA,NA,0,NA,NA,"NaN",-0.0243323532687902,0.83349619832291
"171332",NA,NA,NA,NA,NA,NA,NA,NA,0,NA,NA,"NaN",-0.0243323532687902,0.83349619832291
"171333",NA,NA,NA,NA,NA,NA,NA,0.43328883493025,1,1,0.43328883493025,"0.549038122933046",-0.0243323532687902,0.83349619832291
"171334",NA,NA,NA,NA,NA,0.941918303869977,NA,NA,1,1,0.941918303869977,"1.15927422234555",-0.0243323532687902,0.83349619832291
"171335",NA,NA,NA,NA,NA,NA,NA,NA,0,NA,NA,"NaN",-0.0243323532687902,0.83349619832291
"171336",NA,NA,NA,NA,NA,NA,NA,NA,0,NA,NA,"NaN",-0.0243323532687902,0.83349619832291
"171337",NA,NA,NA,NA,NA,NA,NA,NA,0,NA,NA,"NaN",-0.0243323532687902,0.83349619832291
"171338",NA,NA,NA,NA,NA,NA,NA,NA,0,NA,NA,"NaN",-0.0243323532687902,0.83349619832291
"171339",NA,NA,NA,NA,NA,NA,NA,NA,0,NA,NA,"NaN",-0.0243323532687902,0.83349619832291
"171341",NA,NA,NA,NA,NA,NA,NA,NA,0,NA,NA,"NaN",-0.0243323532687902,0.83349619832291
"171343",NA,NA,NA,NA,NA,NA,NA,NA,0,NA,NA,"NaN",-0.0243323532687902,0.83349619832291
"171344",NA,NA,NA,NA,NA,NA,NA,NA,0,NA,NA,"NaN",-0.0243323532687902,0.83349619832291
"171345",NA,NA,NA,NA,NA,NA,NA,NA,0,NA,NA,"NaN",-0.0243323532687902,0.83349619832291
"171346",NA,NA,NA,NA,NA,NA,NA,NA,0,NA,NA,"NaN",-0.0243323532687902,0.83349619832291
"171347",NA,NA,NA,NA,NA,NA,NA,NA,0,NA,NA,"NaN",-0.0243323532687902,0.83349619832291
"171348",NA,NA,NA,NA,NA,NA,NA,NA,0,NA,NA,"NaN",-0.0243323532687902,0.83349619832291
"171349",NA,NA,NA,NA,NA,NA,NA,NA,0,NA,NA,"NaN",-0.0243323532687902,0.83349619832291
"171350",NA,NA,NA,NA,NA,NA,NA,NA,0,NA,NA,"NaN",-0.0243323532687902,0.83349619832291
"171351",NA,NA,NA,NA,NA,NA,NA,NA,0,NA,NA,"NaN",-0.0243323532687902,0.83349619832291
"171352",NA,NA,NA,NA,NA,NA,NA,NA,0,NA,NA,"NaN",-0.0243323532687902,0.83349619832291
"171353",NA,NA,NA,NA,NA,NA,NA,NA,0,NA,NA,"NaN",-0.0243323532687902,0.83349619832291
"171354",NA,NA,NA,NA,NA,NA,NA,NA,0,NA,NA,"NaN",-0.0243323532687902,0.83349619832291
"171355",NA,NA,NA,NA,NA,NA,NA,NA,0,NA,NA,"NaN",-0.0243323532687902,0.83349619832291
"171356",NA,NA,NA,NA,NA,NA,NA,NA,0,NA,NA,"NaN",-0.0243323532687902,0.83349619832291
"171357",NA,NA,NA,NA,NA,NA,NA,NA,0,NA,NA,"NaN",-0.0243323532687902,0.83349619832291
"171358",NA,NA,NA,NA,NA,NA,NA,NA,0,NA,NA,"NaN",-0.0243323532687902,0.83349619832291
"171359",NA,NA,NA,NA,NA,NA,NA,NA,0,NA,NA,"NaN",-0.0243323532687902,0.83349619832291
"171360",NA,NA,NA,NA,NA,NA,NA,NA,0,NA,NA,"NaN",-0.0243323532687902,0.83349619832291
"171361",NA,NA,NA,NA,NA,NA,NA,0.158839446750041,1,1,0.158839446750041,"0.219763209943122",-0.0243323532687902,0.83349619832291
"171362",NA,NA,NA,NA,NA,NA,NA,0.570513529020354,1,1,0.570513529020354,"0.713675579428008",-0.0243323532687902,0.83349619832291
"171363",NA,NA,NA,NA,NA,NA,NA,0.296064140840146,1,1,0.296064140840146,"0.384400666438084",-0.0243323532687902,0.83349619832291
"171364",NA,NA,NA,NA,NA,NA,NA,NA,0,NA,NA,"NaN",-0.0243323532687902,0.83349619832291
"171365",NA,NA,NA,NA,NA,NA,NA,NA,0,NA,NA,"NaN",-0.0243323532687902,0.83349619832291
"171367",NA,NA,NA,NA,NA,NA,NA,NA,0,NA,NA,"NaN",-0.0243323532687902,0.83349619832291
"171368",NA,NA,NA,NA,NA,NA,NA,NA,0,NA,NA,"NaN",-0.0243323532687902,0.83349619832291
"171369",NA,NA,NA,NA,NA,NA,NA,NA,0,NA,NA,"NaN",-0.0243323532687902,0.83349619832291
"171370",NA,NA,NA,NA,NA,NA,NA,NA,0,NA,NA,"NaN",-0.0243323532687902,0.83349619832291
"171371",NA,NA,NA,NA,NA,NA,NA,NA,0,NA,NA,"NaN",-0.0243323532687902,0.83349619832291
"171372",NA,NA,NA,NA,NA,-3.95562333378747,NA,NA,1,1,-3.95562333378747,"-4.71662736846178",-0.0243323532687902,0.83349619832291
"171373",NA,NA,NA,NA,NA,NA,NA,NA,0,NA,NA,"NaN",-0.0243323532687902,0.83349619832291
"171374",NA,NA,NA,NA,NA,NA,NA,NA,0,NA,NA,"NaN",-0.0243323532687902,0.83349619832291
"171375",NA,0.947469619040956,NA,NA,NA,-0.980785780115313,NA,NA,2,0.5,-0.0166580805371789,"0.00920732781631498",-0.0243323532687902,0.83349619832291
"171376",NA,NA,NA,NA,NA,NA,NA,NA,0,NA,NA,"NaN",-0.0243323532687902,0.83349619832291
"171377",NA,NA,NA,NA,NA,NA,NA,NA,0,NA,NA,"NaN",-0.0243323532687902,0.83349619832291
"171378",NA,NA,NA,NA,NA,NA,NA,NA,0,NA,NA,"NaN",-0.0243323532687902,0.83349619832291
"171379",NA,NA,NA,NA,NA,NA,NA,NA,0,NA,NA,"NaN",-0.0243323532687902,0.83349619832291
"171380",NA,-1.96445769320746,NA,NA,NA,-1.2228695872999,NA,NA,2,0.5,-1.59366364025368,"-1.88282956796032",-0.0243323532687902,0.83349619832291
"171381",NA,NA,NA,NA,NA,NA,NA,NA,0,NA,NA,"NaN",-0.0243323532687902,0.83349619832291
"171382",NA,NA,NA,NA,NA,NA,NA,0.982187611290668,1,1,0.982187611290668,"1.20758794891289",-0.0243323532687902,0.83349619832291
"171383",NA,NA,NA,NA,NA,0.941918303869977,NA,NA,1,1,0.941918303869977,"1.15927422234555",-0.0243323532687902,0.83349619832291
"171384",NA,NA,NA,NA,NA,-1.51616343061969,NA,-0.527284023700479,2,0.5,-1.02172372716009,"-1.19663578058084",-0.0243323532687902,0.83349619832291
"171385",NA,NA,NA,NA,NA,NA,NA,NA,0,NA,NA,"NaN",-0.0243323532687902,0.83349619832291
"171386",NA,NA,NA,NA,NA,NA,NA,NA,0,NA,NA,"NaN",-0.0243323532687902,0.83349619832291
"171388",NA,NA,NA,NA,NA,NA,NA,NA,0,NA,NA,"NaN",-0.0243323532687902,0.83349619832291
"180001",0.881367170245933,0.121619147427225,NA,NA,1.14814598108083,0.62069171356735,-0.0660131329254609,NA,5,0.2,0.541162175879176,"0.678460837956798",-0.0243323532687902,0.83349619832291
"180002",NA,NA,NA,NA,NA,0.941918303869977,0.293980127412452,NA,2,0.5,0.617949215641215,"0.770587280664686",-0.0243323532687902,0.83349619832291
"180004",NA,NA,NA,NA,NA,0.501977538890292,0.242552518792751,NA,2,0.5,0.372265028841521,"0.475823864473901",-0.0243323532687902,0.83349619832291
"180005",-1.06187541155292,0.232447565695734,NA,NA,-1.30150833413525,-0.00546736463124947,0.49969056189126,NA,5,0.2,-0.327342596546485,"-0.363541242164495",-0.0243323532687902,0.83349619832291
"180009",-0.337922292843545,-0.411072282314964,-0.130162611420258,NA,-0.117425596569836,0.180750948587665,-0.683144436361883,-0.664508717790581,7,0.142857142857143,-0.309069284101915,"-0.341617551952904",-0.0243323532687902,0.83349619832291
"180010",0.0868533187188771,0.555995044834447,0.674456249388363,NA,-0.21720784973546,0.462406147331273,-1.81455182599532,-0.938958105970791,7,0.142857142857143,-0.170143860204088,"-0.17493961847539",-0.0243323532687902,0.83349619832291
"180011",NA,0.101956040960232,0.360912600781445,NA,1.14814598108083,0.785960466549136,-0.58028921912248,-1.48785688233121,6,0.166666666666667,0.05480483131966,"0.0949460654381907",-0.0243323532687902,0.83349619832291
"180012",-0.433884889475588,0.295011995363441,0.299349235986479,NA,-0.110773446358794,-0.238240256154892,-0.940282479460392,-1.3506321882411,7,0.142857142857143,-0.354207432620121,"-0.395772746192578",-0.0243323532687902,0.83349619832291
"180013",-0.713305391433593,0.491643060033377,-0.478067207819715,NA,-1.6856700088229,0.0829863341477348,-0.426006393263374,NA,6,0.166666666666667,-0.454736601193078,"-0.516384176424933",-0.0243323532687902,0.83349619832291
"180016",NA,NA,NA,NA,NA,-0.212635238087292,0.0882696929336448,NA,2,0.5,-0.0621827725768235,"-0.0454116280124525",-0.0243323532687902,0.83349619832291
"180017",NA,0.947469619040956,1.19846070322458,NA,1.14814598108083,0.68586812319397,-0.014585524305759,0.570513529020354,6,0.166666666666667,0.755978738542489,"0.936190343016987",-0.0243323532687902,0.83349619832291
"180018",-1.83239861392197,0.236022675962461,-0.0757577774154043,NA,NA,-0.0776269610035788,-0.374578784643672,NA,5,0.2,-0.424867892204433,"-0.480548729246235",-0.0243323532687902,0.83349619832291
"180019",NA,NA,NA,NA,NA,0.941918303869977,0.551118170510961,NA,2,0.5,0.746518237190469,"0.924839959690638",-0.0243323532687902,0.83349619832291
"180020",NA,NA,NA,NA,NA,0.941918303869977,0.139697301553347,NA,2,0.5,0.540807802711662,"0.678035673249115",-0.0243323532687902,0.83349619832291
"180024",NA,NA,NA,NA,NA,0.941918303869977,0.139697301553347,0.570513529020354,3,0.333333333333333,0.550709711481226,"0.689915641975413",-0.0243323532687902,0.83349619832291
"180025",NA,NA,NA,NA,NA,0.941918303869977,0.293980127412452,NA,2,0.5,0.617949215641215,"0.770587280664686",-0.0243323532687902,0.83349619832291
"180027",NA,0.947469619040956,1.19846070322458,NA,NA,-0.822500213879236,-0.271723567404269,-0.390059329610375,5,0.2,0.132329442274332,"0.187957420631724",-0.0243323532687902,0.83349619832291
"180029",-1.68704350431755,-0.237679434378748,0.250671226613716,NA,-0.922335772105874,0.0853140630629712,0.0368420843139429,NA,6,0.166666666666667,-0.412371889468591,"-0.465556456022932",-0.0243323532687902,0.83349619832291
"180035",-0.239137266898796,0.407627968765314,0.0717079568609086,-0.728670624152326,0.108747510605579,0.0876417919782077,-0.374578784643672,-1.213407494151,8,0.125,-0.235008617704473,"-0.252762118003163",-0.0243323532687902,0.83349619832291
"180038",-0.160109246142996,-0.253767430579016,-0.973437538495484,NA,0.15032344942459,0.52292709912742,-0.528861610502778,-1.07618280006089,7,0.142857142857143,-0.33130115388988,"-0.368290582774998",-0.0243323532687902,0.83349619832291
"180040",-0.669557737086632,0.189546242495021,0.0545274829646391,NA,-1.14185672907025,-0.228929340493947,-1.35170334841801,-0.25283463552027,7,0.142857142857143,-0.485829723589921,"-0.553688632593305",-0.0243323532687902,0.83349619832291
"180043",NA,NA,NA,NA,NA,-0.473340876593772,-1.60884139151652,NA,2,0.5,-1.04109113405514,"-1.21987212759001",-0.0243323532687902,0.83349619832291
"180044",0.110843967876887,-0.931250826123613,-1.01352531092011,NA,0.225160139298808,-0.387214906730024,-3.8202285621637,NA,6,0.166666666666667,-0.969369249793625,"-1.13382268380631",-0.0243323532687902,0.83349619832291
"180045",-0.730239967309835,-0.296668753779729,-1.03356919713243,NA,0.494572222845994,0.415851569026544,0.705400996370067,NA,6,0.166666666666667,-0.0741088549965644,"-0.0597201304912131",-0.0243323532687902,0.83349619832291
"180046",NA,NA,NA,NA,NA,NA,NA,NA,0,NA,NA,"NaN",-0.0243323532687902,0.83349619832291
"180048",-0.145997099579461,0.527394162700638,-0.216064980901605,NA,-2.83316592022758,-0.510584539237555,0.191124910173049,NA,6,0.166666666666667,-0.497882244512086,"-0.568148831627706",-0.0243323532687902,0.83349619832291
"180049",NA,NA,1.19846070322458,NA,NA,0.941918303869977,0.139697301553347,NA,3,0.333333333333333,0.760025436215968,"0.941045431356468",-0.0243323532687902,0.83349619832291
"180050",NA,NA,NA,NA,NA,-0.238240256154892,0.139697301553347,NA,2,0.5,-0.0492714773007729,"-0.0299211011185931",-0.0243323532687902,0.83349619832291
"180051",-2.02855745115511,-0.661330000985792,-0.00560417567230393,NA,NA,-1.67677672577101,0.191124910173049,NA,5,0.2,-0.836228688682233,"-0.974085229239284",-0.0243323532687902,0.83349619832291
"180056",-0.493155905042437,0.947469619040956,-1.62056872192163,NA,1.14814598108083,0.518271641296947,0.0368420843139429,NA,6,0.166666666666667,0.0895007831281014,"0.136573072109911",-0.0243323532687902,0.83349619832291
"180064",NA,NA,NA,NA,NA,0.941918303869977,-0.220295958784567,NA,2,0.5,0.360811172542705,"0.462081922612783",-0.0243323532687902,0.83349619832291
"180066",NA,NA,NA,NA,NA,-1.26244097885892,0.0882696929336448,NA,2,0.5,-0.587085642962638,"-0.675171993377021",-0.0243323532687902,0.83349619832291
"180067",-0.425417601537466,0.21814712462883,-0.353508772071761,-0.148118830499284,-1.0221180252715,0.19704505099432,-0.32315117602397,NA,7,0.142857142857143,-0.265303175682976,"-0.28910848411672",-0.0243323532687902,0.83349619832291
"180069",NA,NA,NA,NA,NA,-0.0683160453426331,0.242552518792751,NA,2,0.5,0.0871182367250587,"0.133714575085166",-0.0243323532687902,0.83349619832291
"18006F",0.881367170245933,-0.230529213845296,NA,NA,NA,NA,-0.117440741545163,1.11941230538077,4,0.25,0.413202380059061,"0.524939086954712",-0.0243323532687902,0.83349619832291
"180070",NA,NA,NA,NA,NA,-0.5198954548985,0.191124910173049,NA,2,0.5,-0.164385272362726,"-0.168030663338043",-0.0243323532687902,0.83349619832291
"180078",NA,NA,NA,NA,NA,0.941918303869977,0.139697301553347,NA,2,0.5,0.540807802711662,"0.678035673249115",-0.0243323532687902,0.83349619832291
"180079",NA,NA,NA,NA,NA,-0.210307509172055,0.139697301553347,NA,2,0.5,-0.0353051038093543,"-0.0131647277607775",-0.0243323532687902,0.83349619832291
"18007F",-1.67293135775402,-2.68662996708613,NA,NA,NA,NA,NA,-0.527284023700479,3,0.333333333333333,-1.62894844951354,"-1.92516306549859",-0.0243323532687902,0.83349619832291
"180080",-0.810679202721989,-0.570164689184276,0.408158903996186,NA,-1.89022362781243,0.806910026786264,0.49969056189126,NA,6,0.166666666666667,-0.259384671174164,"-0.282007666475656",-0.0243323532687902,0.83349619832291
"180087",NA,-0.455761160649041,NA,NA,NA,-2.49846503284947,-1.45455856565741,NA,3,0.333333333333333,-1.46959491971864,"-1.73397619492192",-0.0243323532687902,0.83349619832291
"180088",-0.425417601537466,-0.0088723773082777,-0.459455027765422,-0.379727366807263,-0.230512150157544,0.211011424485738,-0.426006393263374,-1.89953096460152,8,0.125,-0.452313807119391,"-0.513477391632678",-0.0243323532687902,0.83349619832291
"180092",0.881367170245933,0.947469619040956,NA,NA,NA,0.548532117195021,0.242552518792751,NA,4,0.25,0.654980356318665,"0.815015966424694",-0.0243323532687902,0.83349619832291
"180093",0.881367170245933,-0.520113145450111,0.683046486336497,NA,-1.30816048434629,0.623019442482586,-0.220295958784567,NA,6,0.166666666666667,0.0231439184140084,"0.0569603937946284",-0.0243323532687902,0.83349619832291
"180101",NA,NA,NA,NA,NA,0.941918303869977,0.396835344651856,NA,2,0.5,0.669376824260916,"0.832288352275067",-0.0243323532687902,0.83349619832291
"180102",0.157414051536555,0.325400432630613,0.0173031228560554,NA,-2.08646205903816,0.49033889431411,1.16824947394738,1.9427604699214,7,0.142857142857143,0.287857769452565,"0.37455494500097",-0.0243323532687902,0.83349619832291
"180103",0.0120589419321382,-1.60873422166821,0.000122648959785899,-0.800091758696636,0.0887910599724545,0.553187575025493,0.191124910173049,1.25663699947087,8,0.125,-0.0383629806038813,"-0.0168334629039968",-0.0243323532687902,0.83349619832291
"180104",-1.98904344077721,-0.838297959188734,-0.552515928036882,NA,-0.282066314293116,0.730094972583462,-1.86597943461503,NA,6,0.166666666666667,-0.799634684054585,"-0.930181004239482",-0.0243323532687902,0.83349619832291
"180105",NA,NA,NA,NA,NA,-1.32761738848554,NA,NA,1,1,-1.32761738848554,"-1.56363644829948",-0.0243323532687902,0.83349619832291
"180115",NA,NA,NA,NA,NA,0.941918303869977,-0.014585524305759,NA,2,0.5,0.463666389782109,"0.585484065833544",-0.0243323532687902,0.83349619832291
"180116",NA,-3.27294805082921,NA,NA,NA,-1.23218050296085,-0.374578784643672,NA,3,0.333333333333333,-1.62656911281124,"-1.92230841936213",-0.0243323532687902,0.83349619832291
"180124",NA,-0.37353362451434,1.19846070322458,NA,NA,0.29480966543425,0.962539039468576,0.844962917200563,5,0.2,0.585447740162726,"0.731593131028628",-0.0243323532687902,0.83349619832291
"180127",NA,0.947469619040956,1.19846070322458,NA,1.14814598108083,0.688195852109206,0.49969056189126,NA,5,0.2,0.896392543469367,"1.10465398473414",-0.0243323532687902,0.83349619832291
"180128",NA,NA,NA,NA,NA,0.941918303869977,0.191124910173049,NA,2,0.5,0.566521607021513,"0.708886209054306",-0.0243323532687902,0.83349619832291
"180130",-0.975791317515356,0.427291075232307,-0.175977208476976,1.12011645862327,0.363192256177922,0.506632996720765,0.396835344651856,-1.07618280006089,8,0.125,0.0732646006691113,"0.117093460215269",-0.0243323532687902,0.83349619832291
"180132",0.881367170245933,0.947469619040956,-0.45229649697531,-1.27861336014352,1.14814598108083,0.671901749702551,0.602545779130663,NA,7,0.142857142857143,0.360074348868872,"0.461197906974421",-0.0243323532687902,0.83349619832291
"180138",NA,NA,-1.00207166165593,NA,NA,0.941918303869977,0.0882696929336448,NA,3,0.333333333333333,0.00937211171589621,"0.0404374549668057",-0.0243323532687902,0.83349619832291
"180141",-0.703426888839118,-1.92691903540683,-0.582581757355354,0.664041499461738,-0.0991321834894716,-0.508256810322318,0.448262953271558,NA,7,0.142857142857143,-0.386858888954257,"-0.434946837687937",-0.0243323532687902,0.83349619832291
"180143",NA,NA,NA,NA,NA,0.68586812319397,0.602545779130663,-1.76230627051142,3,0.333333333333333,-0.157964122728928,"-0.160326789407102",-0.0243323532687902,0.83349619832291
"180149",NA,NA,NA,NA,NA,NA,NA,NA,0,NA,NA,"NaN",-0.0243323532687902,0.83349619832291
"180154",NA,NA,NA,NA,NA,NA,NA,NA,0,NA,NA,"NaN",-0.0243323532687902,0.83349619832291
"181301",NA,NA,NA,NA,NA,NA,NA,NA,0,NA,NA,"NaN",-0.0243323532687902,0.83349619832291
"181302",NA,NA,NA,NA,NA,NA,NA,NA,0,NA,NA,"NaN",-0.0243323532687902,0.83349619832291
"181304",NA,NA,NA,NA,NA,NA,NA,NA,0,NA,NA,"NaN",-0.0243323532687902,0.83349619832291
"181305",NA,NA,NA,NA,NA,-1.97938148475174,NA,NA,1,1,-1.97938148475174,"-2.34560053833087",-0.0243323532687902,0.83349619832291
"181306",NA,NA,NA,NA,NA,-1.14139907526663,NA,NA,1,1,-1.14139907526663,"-1.34021813686194",-0.0243323532687902,0.83349619832291
"181307",NA,NA,NA,NA,NA,NA,NA,NA,0,NA,NA,"NaN",-0.0243323532687902,0.83349619832291
"181308",NA,NA,NA,NA,NA,NA,NA,NA,0,NA,NA,"NaN",-0.0243323532687902,0.83349619832291
"181309",NA,-0.382471400181156,NA,NA,NA,0.941918303869977,NA,NA,2,0.5,0.279723451844411,"0.364795671204015",-0.0243323532687902,0.83349619832291
"181310",NA,NA,NA,NA,NA,NA,NA,NA,0,NA,NA,"NaN",-0.0243323532687902,0.83349619832291
"181311",NA,NA,NA,NA,NA,NA,NA,NA,0,NA,NA,"NaN",-0.0243323532687902,0.83349619832291
"181314",NA,NA,NA,NA,NA,NA,NA,NA,0,NA,NA,"NaN",-0.0243323532687902,0.83349619832291
"181315",NA,0.947469619040956,NA,NA,NA,-0.97613032228484,NA,NA,2,0.5,-0.0143303516219425,"0.0120000567092842",-0.0243323532687902,0.83349619832291
"181316",NA,NA,NA,NA,NA,-0.729391057269779,NA,NA,1,1,-0.729391057269779,"-0.845905122806376",-0.0243323532687902,0.83349619832291
"181317",NA,NA,NA,NA,NA,NA,NA,NA,0,NA,NA,"NaN",-0.0243323532687902,0.83349619832291
"181318",NA,0.947469619040956,NA,NA,NA,-0.424458569373807,NA,NA,2,0.5,0.261505524833574,"0.342938430526142",-0.0243323532687902,0.83349619832291
"181319",NA,NA,NA,NA,NA,-3.43653978568975,NA,NA,1,1,-3.43653978568975,"-4.09384882532963",-0.0243323532687902,0.83349619832291
"181320",NA,NA,NA,NA,NA,0.941918303869977,NA,NA,1,1,0.941918303869977,"1.15927422234555",-0.0243323532687902,0.83349619832291
"181321",NA,NA,NA,NA,NA,NA,NA,NA,0,NA,NA,"NaN",-0.0243323532687902,0.83349619832291
"181322",NA,NA,NA,NA,NA,NA,NA,NA,0,NA,NA,"NaN",-0.0243323532687902,0.83349619832291
"181323",NA,NA,NA,NA,NA,NA,NA,NA,0,NA,NA,"NaN",-0.0243323532687902,0.83349619832291
"181324",NA,0.947469619040956,NA,NA,NA,-0.384887177814787,NA,NA,2,0.5,0.281291220613084,"0.366676626116381",-0.0243323532687902,0.83349619832291
"181325",NA,-3.56253198243403,NA,NA,NA,-0.606021424762248,NA,NA,2,0.5,-2.08427670359814,"-2.47145020514094",-0.0243323532687902,0.83349619832291
"181327",NA,NA,NA,NA,NA,NA,NA,NA,0,NA,NA,"NaN",-0.0243323532687902,0.83349619832291
"181328",NA,NA,NA,NA,NA,0.941918303869977,NA,NA,1,1,0.941918303869977,"1.15927422234555",-0.0243323532687902,0.83349619832291
"181329",NA,0.947469619040956,NA,NA,NA,-0.159097473036854,NA,NA,2,0.5,0.394186073002051,"0.50212397742539",-0.0243323532687902,0.83349619832291
"181330",NA,NA,NA,NA,NA,NA,NA,NA,0,NA,NA,"NaN",-0.0243323532687902,0.83349619832291
"181331",NA,NA,NA,NA,NA,NA,NA,NA,0,NA,NA,"NaN",-0.0243323532687902,0.83349619832291
"181332",NA,NA,NA,NA,NA,NA,NA,NA,0,NA,NA,"NaN",-0.0243323532687902,0.83349619832291
"181333",NA,NA,NA,NA,NA,NA,NA,NA,0,NA,NA,"NaN",-0.0243323532687902,0.83349619832291
"181334",NA,NA,NA,NA,NA,NA,NA,NA,0,NA,NA,"NaN",-0.0243323532687902,0.83349619832291
"190002",0.532797150126603,-0.22695410357857,-0.483794032451804,-1.34799389084371,-0.800934030754364,0.127213183537227,-1.76312421737562,1.9427604699214,8,0.125,-0.252503683927355,"-0.273752095231715",-0.0243323532687902,0.83349619832291
"190004",-0.0472120736347115,-1.09570589839301,1.19846070322458,NA,NA,0.00384355102969613,0.49969056189126,NA,5,0.2,0.111815368823562,"0.163345342625794",-0.0243323532687902,0.83349619832291
"190005",0.30982523442274,-0.423585168248506,-0.460886733923445,-1.16433954487262,-1.39297539953707,0.462406147331273,-1.55741378289682,NA,7,0.142857142857143,-0.603852749674921,"-0.695288589884624",-0.0243323532687902,0.83349619832291
"190006",-0.145997099579461,NA,NA,NA,NA,0.681212665363497,-0.374578784643672,NA,3,0.333333333333333,0.0535455937134547,"0.0934352755764744",-0.0243323532687902,0.83349619832291
"190007",NA,0.947469619040956,NA,NA,NA,-0.110215165816889,-0.168868350164865,NA,3,0.333333333333333,0.222795367686401,"0.296495318697842",-0.0243323532687902,0.83349619832291
"190008",0.881367170245933,0.505943501100282,-0.133026023736303,1.12011645862327,-4.19685671349112,-0.177719304358745,1.579670342905,NA,7,0.142857142857143,-0.0600720812445265,"-0.0428792933280904",-0.0243323532687902,0.83349619832291
"190011",0.881367170245933,0.947469619040956,-0.584013463513376,NA,NA,0.429817942517963,0.345407736032154,NA,5,0.2,0.404009800864726,"0.513910147395261",-0.0243323532687902,0.83349619832291
"190013",NA,NA,NA,NA,NA,-0.107887436901652,-0.220295958784567,0.982187611290668,3,0.333333333333333,0.218001405201483,"0.290743687803108",-0.0243323532687902,0.83349619832291
"190014",NA,NA,NA,NA,NA,-0.110215165816889,0.242552518792751,NA,2,0.5,0.0661686764879308,"0.108580015048442",-0.0243323532687902,0.83349619832291
"190015",0.229385999010587,-0.895499723456352,0.0502323644905717,NA,0.299996829173026,-0.394198093475733,-0.528861610502778,NA,6,0.166666666666667,-0.206490705793446,"-0.218547310583035",-0.0243323532687902,0.83349619832291
"190017",NA,0.947469619040956,0.474017387265219,NA,NA,-0.78060109340498,0.191124910173049,-1.07618280006089,5,0.2,-0.0488343953973305,"-0.0293967053213215",-0.0243323532687902,0.83349619832291
"190019",-0.0641466495109542,0.947469619040956,0.51553686584787,-0.250149022705442,-0.943955260291759,0.785960466549136,-0.220295958784567,NA,7,0.142857142857143,0.110060008592177,"0.161239321944575",-0.0243323532687902,0.83349619832291
"190020",NA,0.947469619040956,NA,NA,NA,0.366969261806579,0.0882696929336448,-1.07618280006089,4,0.25,0.0816314434300712,"0.127131709673149",-0.0243323532687902,0.83349619832291
"190025",NA,NA,NA,NA,NA,0.941918303869977,0.0882696929336448,NA,2,0.5,0.515093998401811,"0.647185137443925",-0.0243323532687902,0.83349619832291
"190026",-1.99751072871533,-0.613066012384989,-0.473772089345647,-1.36635932544082,0.459648434238026,0.376280177467525,-0.426006393263374,NA,7,0.142857142857143,-0.577255133920659,"-0.663377687582034",-0.0243323532687902,0.83349619832291
"190027",0.637227034696766,0.148432474427671,-0.625532942096027,NA,-1.59087686831556,0.415851569026544,0.551118170510961,NA,6,0.166666666666667,-0.077296760291607,"-0.0635448693459998",-0.0243323532687902,0.83349619832291
"190034",NA,NA,NA,NA,NA,-1.26942416560463,0.345407736032154,NA,2,0.5,-0.462008214786238,"-0.525108407690524",-0.0243323532687902,0.83349619832291
"190036",0.099554250626059,0.425503520098944,-0.0328065926747306,-1.02455818155018,-0.208892661971658,0.19006186424861,-0.785999653601287,0.707738223110458,8,0.125,-0.0786749039642236,"-0.0651983186063438",-0.0243323532687902,0.83349619832291
"190039",0.371918679302297,0.606046588568612,1.19846070322458,-0.158321849719899,-0.626315087714521,0.676557207533024,0.242552518792751,NA,7,0.142857142857143,0.330128394283835,"0.425269783192582",-0.0243323532687902,0.83349619832291
"190040",-0.624398868083318,-0.142939012310507,-0.755818202476071,NA,-0.594717374212073,0.150490472689591,-1.71169660875592,NA,6,0.166666666666667,-0.613179932191383,"-0.706479021868872",-0.0243323532687902,0.83349619832291
"190041",-0.374613873908738,0.947469619040956,1.19846070322458,NA,-0.654586726111448,0.413523840111308,-0.014585524305759,0.707738223110458,7,0.142857142857143,0.317629465880194,"0.410273999853929",-0.0243323532687902,0.83349619832291
"190044",-0.113539162483329,-0.380683845047793,0.269283406668008,NA,NA,-0.249878900731075,0.653973387750365,-0.25283463552027,6,0.166666666666667,-0.0122799582273489,"0.014460048007048",-0.0243323532687902,0.83349619832291
"190045",-0.0147541365385795,0.947469619040956,-1.03786431560649,NA,0.798908095001149,0.0736754184867891,1.32253229980649,-0.25283463552027,7,0.142857142857143,0.262447477810005,"0.344068553228953",-0.0243323532687902,0.83349619832291
"190046",-0.385903591159566,0.180608466828206,-0.927622941438766,-5.22208028891155,0.424724645630057,0.941918303869977,-0.014585524305759,0.982187611290668,8,0.125,-0.502594164774591,"-0.573802031092786",-0.0243323532687902,0.83349619832291
"190050",NA,NA,NA,NA,NA,0.941918303869977,0.191124910173049,NA,2,0.5,0.566521607021513,"0.708886209054306",-0.0243323532687902,0.83349619832291
"190053",NA,NA,NA,NA,NA,0.418179297941781,-0.32315117602397,NA,2,0.5,0.047514060958905,"0.08619885054336",-0.0243323532687902,0.83349619832291
"190054",0.881367170245933,-0.459336270915767,NA,NA,NA,-0.214962967002528,-1.0945653053195,-0.527284023700479,5,0.2,-0.282956279338468,"-0.310288069207825",-0.0243323532687902,0.83349619832291
"190060",-0.00910927791316525,0.264623558096269,0.68447819249452,NA,0.343235805544797,-0.731718786185015,-2.12311747771354,NA,6,0.166666666666667,-0.261934664279355,"-0.285067060280116",-0.0243323532687902,0.83349619832291
"190064",-0.507268051605973,0.348638649364333,0.290758999038344,NA,-0.696162664930458,0.0969527076391534,0.756828604989769,NA,6,0.166666666666667,0.0482913740825281,"0.087131444027514",-0.0243323532687902,0.83349619832291
"190065",-0.504445622293266,0.665035907969593,0.412454022470253,NA,-0.598043449317594,0.413523840111308,0.396835344651856,-1.62508157642131,7,0.142857142857143,-0.119960218975595,"-0.114731016049286",-0.0243323532687902,0.83349619832291
"190079",NA,NA,NA,NA,NA,0.941918303869977,0.0368420843139429,NA,2,0.5,0.48938019409196,"0.616334601638735",-0.0243323532687902,0.83349619832291
"190086",NA,-1.45321692506562,NA,NA,NA,0.404212924450362,-0.168868350164865,NA,3,0.333333333333333,-0.405957450260042,"-0.457860633028832",-0.0243323532687902,0.83349619832291
"190088",NA,NA,NA,NA,NA,NA,NA,NA,0,NA,NA,"NaN",-0.0243323532687902,0.83349619832291
"190090",NA,NA,NA,NA,NA,NA,NA,NA,0,NA,NA,"NaN",-0.0243323532687902,0.83349619832291
"190098",0.249143004199537,0.00542806375862674,-0.837425453483351,NA,-1.7571806235916,-0.0147782802921952,-0.58028921912248,NA,6,0.166666666666667,-0.48918375142191,"-0.557712679540056",-0.0243323532687902,0.83349619832291
"190099",NA,NA,NA,NA,NA,NA,0.139697301553347,NA,1,1,0.139697301553347,"0.196797124152676",-0.0243323532687902,0.83349619832291
"190102",0.336638312893458,-0.478999377382761,0.654412363176048,NA,-1.33310604763769,0.4577506895008,0.859683822229173,NA,6,0.166666666666667,0.0827299604631706,"0.128449672532859",-0.0243323532687902,0.83349619832291
"190106",NA,NA,NA,NA,NA,0.941918303869977,0.293980127412452,NA,2,0.5,0.617949215641215,"0.770587280664686",-0.0243323532687902,0.83349619832291
"190111",-0.241959696211503,-0.137576346910417,0.03162018443628,0.469163832347975,-0.149023310072284,-1.28804599692652,0.191124910173049,-0.938958105970791,8,0.125,-0.257956816141777,"-0.280294575239894",-0.0243323532687902,0.83349619832291
"190114",NA,0.947469619040956,NA,NA,NA,-8.89971954974964,NA,NA,2,0.5,-3.97612496535434,"-4.7412245191244",-0.0243323532687902,0.83349619832291
"190116",NA,NA,NA,NA,NA,NA,NA,NA,0,NA,NA,"NaN",-0.0243323532687902,0.83349619832291
"190118",NA,NA,NA,NA,NA,NA,NA,NA,0,NA,NA,"NaN",-0.0243323532687902,0.83349619832291
"190125",0.603357882944281,0.19490890789511,0.488334448845443,0.274286165234213,-0.227186075052023,0.406540653365598,0.0368420843139429,NA,7,0.142857142857143,0.253869152506652,"0.333776574308576",-0.0243323532687902,0.83349619832291
"190128",-1.60095941027998,0.947469619040956,NA,-0.741934549139126,-1.67402874595358,0.811565484616737,0.242552518792751,NA,6,0.166666666666667,-0.335889180487041,"-0.373795138892221",-0.0243323532687902,0.83349619832291
"190133",NA,NA,NA,NA,NA,NA,NA,NA,0,NA,NA,"NaN",-0.0243323532687902,0.83349619832291
"190140",NA,NA,NA,NA,NA,NA,0.0882696929336448,NA,1,1,0.0882696929336448,"0.135096052542295",-0.0243323532687902,0.83349619832291
"190144",NA,NA,NA,NA,NA,0.222650069061921,0.396835344651856,NA,2,0.5,0.309742706856888,"0.400811738311315",-0.0243323532687902,0.83349619832291
"190145",NA,NA,NA,NA,NA,NA,NA,NA,0,NA,NA,"NaN",-0.0243323532687902,0.83349619832291
"190151",NA,NA,NA,NA,NA,NA,-0.32315117602397,NA,1,1,-0.32315117602397,"-0.35851252034075",-0.0243323532687902,0.83349619832291
"190160",-3.8857159389164,-0.29130608837964,NA,NA,-7.30839997470584,0.627674900313059,-0.220295958784567,0.158839446750041,6,0.166666666666667,-1.81986726895389,"-2.15422088222829",-0.0243323532687902,0.83349619832291
"190164",NA,NA,NA,NA,NA,0.941918303869977,0.345407736032154,NA,2,0.5,0.643663019951065,"0.801437816469876",-0.0243323532687902,0.83349619832291
"190167",NA,NA,NA,NA,NA,0.941918303869977,0.242552518792751,NA,2,0.5,0.592235411331364,"0.739736744859496",-0.0243323532687902,0.83349619832291
"190176",0.283012155952022,-0.260917651112468,0.27644193745812,0.438554774686128,-0.400141980539105,0.0690199606563162,-0.477434001883076,0.982187611290668,8,0.125,0.113840350813576,"0.165774846196521",-0.0243323532687902,0.83349619832291
"190183",0.881367170245933,NA,NA,NA,NA,0.941918303869977,-2.89453160700906,NA,3,0.333333333333333,-0.357082044297718,"-0.399221606167441",-0.0243323532687902,0.83349619832291
"190184",NA,NA,NA,NA,NA,NA,0.0368420843139429,NA,1,1,0.0368420843139429,"0.0733949809319144",-0.0243323532687902,0.83349619832291
"190190",NA,NA,NA,NA,NA,NA,NA,NA,0,NA,NA,"NaN",-0.0243323532687902,0.83349619832291
"190201",NA,NA,NA,NA,NA,0.941918303869977,0.191124910173049,NA,2,0.5,0.566521607021513,"0.708886209054306",-0.0243323532687902,0.83349619832291
"190202",-0.265950345369514,0.947469619040956,0.50408321658369,NA,1.14814598108083,0.75104453282059,0.139697301553347,NA,6,0.166666666666667,0.537415050951651,"0.673965166668716",-0.0243323532687902,0.83349619832291
"190208",NA,NA,NA,NA,NA,NA,NA,NA,0,NA,NA,"NaN",-0.0243323532687902,0.83349619832291
"190218",NA,NA,NA,NA,NA,NA,0.0368420843139429,NA,1,1,0.0368420843139429,"0.0733949809319144",-0.0243323532687902,0.83349619832291
"190241",NA,NA,NA,NA,NA,NA,-0.014585524305759,NA,1,1,-0.014585524305759,"0.0116939093215337",-0.0243323532687902,0.83349619832291
"190245",NA,NA,NA,NA,NA,NA,-0.0660131329254609,NA,1,1,-0.0660131329254609,"-0.050007162288847",-0.0243323532687902,0.83349619832291
"190251",NA,NA,NA,NA,NA,NA,0.0882696929336448,-0.527284023700479,2,0.5,-0.219507165383417,"-0.234164009994696",-0.0243323532687902,0.83349619832291
"190255",NA,NA,NA,1.12011645862327,NA,NA,0.0368420843139429,NA,2,0.5,0.578479271468605,"0.723232602560541",-0.0243323532687902,0.83349619832291
"190256",NA,NA,NA,NA,NA,NA,0.242552518792751,0.158839446750041,2,0.5,0.200695982771396,"0.269981238658279",-0.0243323532687902,0.83349619832291
"190259",NA,NA,NA,NA,NA,NA,0.345407736032154,0.43328883493025,2,0.5,0.389348285481202,"0.496319766763622",-0.0243323532687902,0.83349619832291
"190266",NA,NA,NA,NA,NA,NA,0.756828604989769,NA,1,1,0.756828604989769,"0.937209983477243",-0.0243323532687902,0.83349619832291
"190267",NA,NA,NA,NA,NA,NA,0.448262953271558,0.0216147526599381,2,0.5,0.234938852965748,"0.31106465363156",-0.0243323532687902,0.83349619832291
"190270",NA,NA,NA,NA,NA,NA,0.396835344651856,NA,1,1,0.396835344651856,"0.505302482204579",-0.0243323532687902,0.83349619832291
"190274",0.881367170245933,0.0858680447599642,NA,NA,1.14814598108083,0.376280177467525,0.49969056189126,NA,5,0.2,0.598270387089103,"0.746977300689123",-0.0243323532687902,0.83349619832291
"190278",NA,NA,NA,NA,NA,NA,0.756828604989769,-0.115609941430166,2,0.5,0.320609331779801,"0.413849140215221",-0.0243323532687902,0.83349619832291
"190298",NA,NA,NA,NA,NA,NA,0.345407736032154,-1.48785688233121,2,0.5,-0.571224573149527,"-0.656142428701111",-0.0243323532687902,0.83349619832291
"190300",NA,NA,NA,NA,NA,NA,0.242552518792751,NA,1,1,0.242552518792751,"0.320199267373437",-0.0243323532687902,0.83349619832291
"190303",NA,NA,NA,NA,NA,NA,0.293980127412452,NA,1,1,0.293980127412452,"0.381900338983818",-0.0243323532687902,0.83349619832291
"190308",NA,NA,NA,NA,NA,0.941918303869977,NA,NA,1,1,0.941918303869977,"1.15927422234555",-0.0243323532687902,0.83349619832291
"190312",NA,NA,NA,NA,NA,0.941918303869977,0.191124910173049,NA,2,0.5,0.566521607021513,"0.708886209054306",-0.0243323532687902,0.83349619832291
"190313",NA,NA,NA,NA,NA,0.941918303869977,0.0882696929336448,NA,2,0.5,0.515093998401811,"0.647185137443925",-0.0243323532687902,0.83349619832291
"190316",NA,NA,NA,NA,NA,0.467061605161746,NA,NA,1,1,0.467061605161746,"0.589557528179825",-0.0243323532687902,0.83349619832291
"190317",-0.693548386244643,NA,NA,-0.040987128682817,1.14814598108083,0.578792593093094,0.0368420843139429,NA,5,0.2,0.205849028712082,"0.276163685502134",-0.0243323532687902,0.83349619832291
"190318",NA,NA,NA,NA,NA,0.227305526892393,-0.785999653601287,NA,2,0.5,-0.279347063354447,"-0.305957856315092",-0.0243323532687902,0.83349619832291
"19043F",NA,NA,NA,NA,NA,NA,0.0882696929336448,NA,1,1,0.0882696929336448,"0.135096052542295",-0.0243323532687902,0.83349619832291
"19047F",-1.36669777732529,-0.0213852632418191,NA,NA,NA,NA,1.16824947394738,NA,3,0.333333333333333,-0.0732778555399091,"-0.0587231259957789",-0.0243323532687902,0.83349619832291
"19048F",-1.15924922284132,-0.103612799376519,NA,NA,NA,NA,-6.44303660176849,-1.3506321882411,4,0.25,-2.26413270305686,"-2.68723523190004",-0.0243323532687902,0.83349619832291
"191300",NA,NA,NA,NA,NA,NA,NA,NA,0,NA,NA,"NaN",-0.0243323532687902,0.83349619832291
"191301",NA,NA,NA,NA,NA,NA,NA,NA,0,NA,NA,"NaN",-0.0243323532687902,0.83349619832291
"191302",NA,NA,NA,NA,NA,0.941918303869977,NA,NA,1,1,0.941918303869977,"1.15927422234555",-0.0243323532687902,0.83349619832291
"191304",NA,NA,NA,NA,NA,NA,NA,NA,0,NA,NA,"NaN",-0.0243323532687902,0.83349619832291
"191305",NA,NA,NA,NA,NA,NA,NA,NA,0,NA,NA,"NaN",-0.0243323532687902,0.83349619832291
"191306",NA,NA,NA,NA,NA,NA,NA,NA,0,NA,NA,"NaN",-0.0243323532687902,0.83349619832291
"191307",NA,NA,NA,NA,NA,NA,NA,NA,0,NA,NA,"NaN",-0.0243323532687902,0.83349619832291
"191309",NA,-0.205503441978213,NA,NA,NA,0.941918303869977,NA,NA,2,0.5,0.368207430945882,"0.470955698423709",-0.0243323532687902,0.83349619832291
"191310",NA,0.947469619040956,NA,NA,NA,NA,NA,NA,1,1,0.947469619040956,"1.16593449887969",-0.0243323532687902,0.83349619832291
"191311",NA,NA,NA,NA,NA,NA,NA,NA,0,NA,NA,"NaN",-0.0243323532687902,0.83349619832291
"191312",NA,NA,NA,NA,NA,0.941918303869977,NA,NA,1,1,0.941918303869977,"1.15927422234555",-0.0243323532687902,0.83349619832291
"191313",NA,NA,NA,NA,NA,NA,NA,NA,0,NA,NA,"NaN",-0.0243323532687902,0.83349619832291
"191314",NA,NA,NA,NA,NA,NA,NA,NA,0,NA,NA,"NaN",-0.0243323532687902,0.83349619832291
"191315",NA,NA,NA,NA,NA,NA,NA,NA,0,NA,NA,"NaN",-0.0243323532687902,0.83349619832291
"191316",NA,NA,NA,NA,NA,NA,NA,NA,0,NA,NA,"NaN",-0.0243323532687902,0.83349619832291
"191317",NA,NA,NA,NA,NA,NA,NA,NA,0,NA,NA,"NaN",-0.0243323532687902,0.83349619832291
"191318",NA,NA,NA,NA,NA,NA,NA,NA,0,NA,NA,"NaN",-0.0243323532687902,0.83349619832291
"191320",NA,NA,NA,NA,NA,NA,NA,NA,0,NA,NA,"NaN",-0.0243323532687902,0.83349619832291
"191321",NA,NA,NA,NA,NA,NA,NA,NA,0,NA,NA,"NaN",-0.0243323532687902,0.83349619832291
"191322",NA,NA,NA,NA,NA,NA,NA,NA,0,NA,NA,"NaN",-0.0243323532687902,0.83349619832291
"191323",NA,NA,NA,NA,NA,NA,NA,NA,0,NA,NA,"NaN",-0.0243323532687902,0.83349619832291
"191324",NA,NA,NA,NA,NA,-0.508256810322318,NA,NA,1,1,-0.508256810322318,"-0.580595877974296",-0.0243323532687902,0.83349619832291
"191325",NA,NA,NA,NA,NA,NA,NA,NA,0,NA,NA,"NaN",-0.0243323532687902,0.83349619832291
"191326",NA,NA,NA,NA,NA,NA,NA,NA,0,NA,NA,"NaN",-0.0243323532687902,0.83349619832291
"191327",NA,NA,NA,NA,NA,NA,NA,NA,0,NA,NA,"NaN",-0.0243323532687902,0.83349619832291
"200001",0.881367170245933,-0.763220643587486,0.468290562633129,NA,-0.182284061127492,0.194717322079083,-0.32315117602397,-0.115609941430166,7,0.142857142857143,0.0228727475412901,"0.0566350523314472",-0.0243323532687902,0.83349619832291
"200008",0.0219374445266131,-3.94506878097372,-0.538198866456658,NA,-0.486619933282647,-1.71634811733003,0.551118170510961,NA,6,0.166666666666667,-1.01886334716758,"-1.19320399529104",-0.0243323532687902,0.83349619832291
"200009",0.0247598738393203,-1.21189698206161,-0.775862088688385,-0.448087595585389,0.331594542675474,0.32739787024756,-0.117440741545163,0.707738223110458,8,0.125,-0.145224612250967,"-0.145042363990893",-0.0243323532687902,0.83349619832291
"200018",NA,NA,NA,NA,NA,-0.645592816321268,-0.528861610502778,NA,2,0.5,-0.587227213412023,"-0.675341844720878",-0.0243323532687902,0.83349619832291
"200020",NA,NA,NA,NA,NA,0.220322340146684,0.396835344651856,NA,2,0.5,0.30857884239927,"0.399415373864831",-0.0243323532687902,0.83349619832291
"200021",0.881367170245933,0.246748006762639,0.631505064647689,NA,NA,0.681212665363497,0.0882696929336448,NA,5,0.2,0.50582051999068,"0.636059137793549",-0.0243323532687902,0.83349619832291
"200024",0.541264438064724,0.309312436430346,-0.939076590702945,NA,1.14814598108083,0.357658346145633,0.0882696929336448,NA,6,0.166666666666667,0.250929050658706,"0.330249141485413",-0.0243323532687902,0.83349619832291
"200031",NA,NA,NA,NA,NA,-3.11764092430236,0.191124910173049,NA,2,0.5,-1.46325800706465,"-1.72637338561489",-0.0243323532687902,0.83349619832291
"200033",0.175759842069151,-0.536201141650378,0.425339377892455,NA,-0.282066314293116,0.276187834112358,1.01396664808828,-0.115609941430166,7,0.142857142857143,0.136768043541226,"0.193282701389843",-0.0243323532687902,0.83349619832291
"200034",NA,NA,1.19846070322458,NA,NA,0.941918303869977,-1.1459929139392,NA,3,0.333333333333333,0.331462031051786,"0.426869834603296",-0.0243323532687902,0.83349619832291
"200039",0.0247598738393203,-1.2994871835964,0.398136960890029,NA,0.376496556600005,0.399557466619889,0.242552518792751,NA,6,0.166666666666667,0.0236693655242653,"0.0575908071202251",-0.0243323532687902,0.83349619832291
"20003F",NA,NA,NA,NA,NA,NA,0.242552518792751,-0.115609941430166,2,0.5,0.0634712886812922,"0.105343782163318",-0.0243323532687902,0.83349619832291
"200041",NA,NA,NA,NA,NA,NA,NA,NA,0,NA,NA,"NaN",-0.0243323532687902,0.83349619832291
"200050",NA,NA,NA,NA,NA,0.385591093128471,0.49969056189126,NA,2,0.5,0.442640827509865,"0.56025832117562",-0.0243323532687902,0.83349619832291
"200052",NA,NA,NA,NA,NA,0.941918303869977,0.191124910173049,NA,2,0.5,0.566521607021513,"0.708886209054306",-0.0243323532687902,0.83349619832291
"200063",NA,NA,NA,NA,NA,0.941918303869977,0.345407736032154,NA,2,0.5,0.643663019951065,"0.801437816469876",-0.0243323532687902,0.83349619832291
"201300",NA,NA,NA,NA,NA,NA,NA,NA,0,NA,NA,"NaN",-0.0243323532687902,0.83349619832291
"201301",NA,NA,NA,NA,NA,-0.768962448828798,NA,NA,1,1,-0.768962448828798,"-0.893381513986854",-0.0243323532687902,0.83349619832291
"201302",NA,NA,NA,NA,NA,-1.71867584624526,NA,NA,1,1,-1.71867584624526,"-2.03281490231831",-0.0243323532687902,0.83349619832291
"201303",NA,NA,NA,NA,NA,NA,NA,NA,0,NA,NA,"NaN",-0.0243323532687902,0.83349619832291
"201304",NA,NA,NA,NA,NA,-0.568777762118465,NA,NA,1,1,-0.568777762118465,"-0.653206829191497",-0.0243323532687902,0.83349619832291
"201305",NA,NA,NA,NA,NA,NA,NA,NA,0,NA,NA,"NaN",-0.0243323532687902,0.83349619832291
"201306",NA,NA,NA,NA,NA,0.941918303869977,NA,NA,1,1,0.941918303869977,"1.15927422234555",-0.0243323532687902,0.83349619832291
"201307",NA,NA,NA,NA,NA,NA,NA,NA,0,NA,NA,"NaN",-0.0243323532687902,0.83349619832291
"201308",NA,-4.27934159091261,NA,NA,NA,0.941918303869977,NA,NA,2,0.5,-1.66871164352132,"-1.97286957464378",-0.0243323532687902,0.83349619832291
"201309",NA,NA,NA,NA,NA,-3.2479937435556,NA,NA,1,1,-3.2479937435556,"-3.86763778499912",-0.0243323532687902,0.83349619832291
"201310",NA,NA,NA,NA,NA,-0.412819924797625,NA,NA,1,1,-0.412819924797625,"-0.466093993362557",-0.0243323532687902,0.83349619832291
"201311",NA,NA,NA,NA,NA,NA,NA,NA,0,NA,NA,"NaN",-0.0243323532687902,0.83349619832291
"201312",NA,0.320037767230524,NA,NA,NA,-0.417475382628097,NA,NA,2,0.5,-0.0487188076987867,"-0.0292580271860446",-0.0243323532687902,0.83349619832291
"201313",NA,-0.128638571243602,NA,NA,NA,0.941918303869977,NA,NA,2,0.5,0.406639866313187,"0.517065609236303",-0.0243323532687902,0.83349619832291
"201314",NA,NA,NA,NA,NA,-2.97797718938817,NA,NA,1,1,-2.97797718938817,"-3.54368123341469",-0.0243323532687902,0.83349619832291
"201315",NA,NA,NA,NA,NA,0.941918303869977,NA,NA,1,1,0.941918303869977,"1.15927422234555",-0.0243323532687902,0.83349619832291
"201316",NA,NA,NA,NA,NA,NA,NA,NA,0,NA,NA,"NaN",-0.0243323532687902,0.83349619832291
"201317",NA,NA,NA,NA,NA,NA,NA,NA,0,NA,NA,"NaN",-0.0243323532687902,0.83349619832291
"210001",0.0487505229973309,0.312887546697072,0.0459372460165044,-0.873553497085071,1.14814598108083,0.550859846110257,0.911111430848875,0.158839446750041,8,0.125,0.287872315426981,"0.374572396759532",-0.0243323532687902,0.83349619832291
"210002",-0.713305391433593,-0.732832206320314,-1.90404654121008,0.336524582479969,0.0438890460479235,-0.056677400766451,-0.168868350164865,NA,7,0.142857142857143,-0.456473751623916,"-0.518468349615324",-0.0243323532687902,0.83349619832291
"210003",-1.32577255229104,0.3647266455646,-1.23257635309755,NA,0.80389720765943,0.269204647366649,-3.10024204148787,NA,6,0.166666666666667,-0.703460407714297,"-0.814794423552249",-0.0243323532687902,0.83349619832291
"210004",-0.42682881619382,-0.427160278515232,-0.764408439424206,-2.83355348936538,0.265073040565058,-0.147458828460672,-0.014585524305759,0.844962917200563,8,0.125,-0.43799492731243,"-0.496298093351808",-0.0243323532687902,0.83349619832291
"210005",0.881367170245933,0.563145265367899,0.807604922084451,NA,0.778951644368024,0.280843291942831,-1.1974205225589,-1.3506321882411,7,0.142857142857143,0.109122797601305,"0.160114888512535",-0.0243323532687902,0.83349619832291
"210008",0.242086930917769,0.169883136028028,0.718839140287059,1.12011645862327,-0.0525671320121801,-1.41607108726453,-0.014585524305759,-1.76230627051142,8,0.125,-0.12432554352972,"-0.119968381933988",-0.0243323532687902,0.83349619832291
"210009",-0.565127852516469,0.0930182652934164,-0.236108867113919,1.12011645862327,0.27505126588162,-0.480324063339481,-0.88885487084069,NA,7,0.142857142857143,-0.0974613805731794,"-0.0877376854885881",-0.0243323532687902,0.83349619832291
"210011",-2.6579591878888,0.947469619040956,NA,NA,NA,0.108591352215336,0.191124910173049,-0.390059329610375,5,0.2,-0.360166527213967,"-0.40292226241813",-0.0243323532687902,0.83349619832291
"210012",0.330993454268043,0.409415523898677,0.0588226014387065,-2.28871226298449,0.178595087821517,0.0480704004191883,-2.53453834667115,0.570513529020354,8,0.125,-0.403355001598644,"-0.454738304856688",-0.0243323532687902,0.83349619832291
"210015",0.593479380349806,0.6453728015026,0.176222506396548,1.12011645862327,0.128703961238704,0.467061605161746,-2.12311747771354,NA,7,0.142857142857143,0.143977033651305,"0.201931799159676",-0.0243323532687902,0.83349619832291
"210016",0.538442008752017,0.166308025761302,1.19846070322458,NA,0.732386592890732,0.0131544666906419,-0.426006393263374,-0.801733411880687,7,0.142857142857143,0.203001713167888,"0.272747574486962",-0.0243323532687902,0.83349619832291
"210017",NA,NA,NA,NA,NA,-3.10367455081094,0.49969056189126,1.53108638765108,3,0.333333333333333,-0.357632533756198,"-0.399882064438982",-0.0243323532687902,0.83349619832291
"210018",-0.153053172861229,0.552419934567721,NA,NA,-0.0492410569066593,0.792943653294846,0.0368420843139429,-0.25283463552027,6,0.166666666666667,0.154512801148059,"0.214572249731559",-0.0243323532687902,0.83349619832291
"210019",0.505984071655885,-0.386046510447882,0.28216876209021,NA,0.472952734660109,0.427490213602726,0.448262953271558,1.11941230538077,7,0.142857142857143,0.410032075744768,"0.521135465149751",-0.0243323532687902,0.83349619832291
"210022",0.508806500968592,-1.42640359806518,-0.241835691746009,NA,0.749016968418337,-0.196341135680637,-0.683144436361883,0.0216147526599381,7,0.142857142857143,-0.181183805686691,"-0.188184964410761",-0.0243323532687902,0.83349619832291
"210023",0.434012124181853,0.293224440230078,-1.59479801107723,0.572214326476196,0.441355021157661,-0.55946684645752,0.911111430848875,-0.390059329610375,8,0.125,0.0134491444686923,"0.0453289382885047",-0.0243323532687902,0.83349619832291
"210024",0.593479380349806,0.947469619040956,NA,NA,0.790592907237347,-0.0147782802921952,0.0882696929336448,1.66831108174119,6,0.166666666666667,0.678890733501791,"0.843702812544972",-0.0243323532687902,0.83349619832291
"210027",0.881367170245933,-0.175115004711042,-2.18036582970841,NA,0.650897752805472,0.122557725706754,0.448262953271558,0.982187611290668,7,0.142857142857143,0.104256054128704,"0.15427593749825",-0.0243323532687902,0.83349619832291
"210028",0.0797972454371093,0.947469619040956,NA,NA,1.14814598108083,0.336708785908506,0.602545779130663,0.158839446750041,6,0.166666666666667,0.545584476224685,"0.68376656143149",-0.0243323532687902,0.83349619832291
"210029",-0.512912910231387,-0.303818974313181,-0.825971804219171,NA,-0.391826792775303,-1.12743270177521,-0.734572044981585,0.570513529020354,7,0.142857142857143,-0.475145957039355,"-0.540870617859629",-0.0243323532687902,0.83349619832291
"210030",NA,NA,NA,NA,NA,NA,NA,NA,0,NA,NA,"NaN",-0.0243323532687902,0.83349619832291
"210032",0.144713119629373,0.947469619040956,NA,NA,0.206866726218444,0.320414683501851,0.49969056189126,0.158839446750041,6,0.166666666666667,0.379665692838654,"0.484702925964551",-0.0243323532687902,0.83349619832291
"210033",0.881367170245933,0.361151535297874,-0.204611331637425,NA,1.14814598108083,-0.878365707844911,-0.426006393263374,NA,6,0.166666666666667,0.146946875646489,"0.205494913186062",-0.0243323532687902,0.83349619832291
"210034",0.881367170245933,0.947469619040956,NA,NA,-0.885748945945145,0.846481418345284,0.653973387750365,NA,5,0.2,0.488708529887478,"0.615528762085017",-0.0243323532687902,0.83349619832291
"210035",0.508806500968592,0.0304538356257095,-0.486657444767849,NA,-0.00101296787660741,-0.345315786255768,0.911111430848875,0.844962917200563,7,0.142857142857143,0.208906926534788,"0.279832445874237",-0.0243323532687902,0.83349619832291
"210037",0.37332989395865,0.0268787253589834,0.66729771859825,NA,-0.912357546789311,0.792943653294846,0.705400996370067,0.707738223110458,7,0.142857142857143,0.337318809128849,"0.433896594999861",-0.0243323532687902,0.83349619832291
"210038",-0.637099799990501,NA,NA,NA,-3.7145758231906,0.609053068991168,0.0882696929336448,NA,4,0.25,-0.913588215314072,"-1.06689852195435",-0.0243323532687902,0.83349619832291
"210039",0.881367170245933,0.947469619040956,NA,NA,NA,-0.140475641714962,-0.477434001883076,0.158839446750041,5,0.2,0.273953318487778,"0.357872864155534",-0.0243323532687902,0.83349619832291
"210040",-0.589118501674479,0.078717824226512,1.19846070322458,NA,0.5993435886699,0.283171020858068,-1.55741378289682,-0.664508717790581,7,0.142857142857143,-0.0930496950546878,"-0.0824446973173541",-0.0243323532687902,0.83349619832291
"210043",-0.133296167672279,-0.496874928716391,0.287895586722299,NA,-0.383511605011501,-0.000811906800776736,0.859683822229173,-0.938958105970791,7,0.142857142857143,-0.115124757888609,"-0.108929596562653",-0.0243323532687902,0.83349619832291
"210044",0.528563506157542,0.947469619040956,0.203424923398975,-0.55113808971361,1.14814598108083,-0.424458569373807,-3.10024204148787,0.570513529020354,8,0.125,-0.0847151427345783,"-0.0724451888170399",-0.0243323532687902,0.83349619832291
"210048",0.548320511346492,0.13591958849413,-1.52321270317611,NA,-0.190599248891294,-0.263845274222493,0.191124910173049,-0.115609941430166,7,0.142857142857143,-0.173986022529484,"-0.179549312356571",-0.0243323532687902,0.83349619832291
"210049",0.0812084600934628,-0.269855426779283,-1.08797403113728,NA,-0.736075566196708,0.767338635227245,-1.60884139151652,-0.664508717790581,7,0.142857142857143,-0.50267257687138,"-0.573896107222883",-0.0243323532687902,0.83349619832291
"210051",0.508806500968592,-1.72671286047017,1.19846070322458,NA,-0.0159803058514511,-0.440752671780462,-0.477434001883076,-0.25283463552027,7,0.142857142857143,-0.172349610187465,"-0.177586001251719",-0.0243323532687902,0.83349619832291
"210056",0.881367170245933,0.219934679762193,1.19846070322458,NA,1.14814598108083,-0.568777762118465,-0.220295958784567,NA,6,0.166666666666667,0.443139135568418,"0.560856174002731",-0.0243323532687902,0.83349619832291
"210057",0.377563537927711,0.486280394633288,1.19846070322458,NA,0.431376795841099,0.138851828113409,0.139697301553347,-2.17398035278173,7,0.142857142857143,0.0854643155016724,"0.131730257428152",-0.0243323532687902,0.83349619832291
"210058",NA,NA,NA,NA,NA,NA,NA,NA,0,NA,NA,"NaN",-0.0243323532687902,0.83349619832291
"210060",NA,NA,NA,NA,NA,0.941918303869977,0.551118170510961,0.570513529020354,3,0.333333333333333,0.687850001133764,"0.854451832936428",-0.0243323532687902,0.83349619832291
"210061",0.881367170245933,0.947469619040956,1.19846070322458,NA,NA,0.394902008789416,0.911111430848875,NA,5,0.2,0.866662186429952,"1.06898452745379",-0.0243323532687902,0.83349619832291
"210062",0.12354489978407,0.947469619040956,0.870599993037439,NA,-1.32312782232113,0.883725080989066,-0.168868350164865,0.844962917200563,7,0.142857142857143,0.3111866196523,"0.402544095097485",-0.0243323532687902,0.83349619832291
"210063",0.0445168790282702,-0.135788791777054,-0.722888960841555,NA,1.14814598108083,-0.305744394696749,1.42538751704589,0.570513529020354,7,0.142857142857143,0.289163108408571,"0.376121045672614",-0.0243323532687902,0.83349619832291
"210064",NA,NA,NA,NA,NA,0.595086695499749,NA,NA,1,1,0.595086695499749,"0.743157617293134",-0.0243323532687902,0.83349619832291
"210065",-0.871361432945192,-0.184052780377857,-1.55614194481062,NA,-0.0708605450925446,-0.903970725912511,0.293980127412452,0.0216147526599381,7,0.142857142857143,-0.467256078438048,"-0.531404613554893",-0.0243323532687902,0.83349619832291
"21020F",-0.785277338907625,-3.25864760976231,NA,NA,NA,NA,0.139697301553347,-1.213407494151,4,0.25,-1.2794087853169,"-1.50579742843874",-0.0243323532687902,0.83349619832291
"220001",0.339460742206165,-1.06531746112584,NA,NA,-1.50273587801926,0.234288713638103,0.139697301553347,NA,5,0.2,-0.370921316349497,"-0.415825487600403",-0.0243323532687902,0.83349619832291
"220002",0.342283171518872,-0.405709616914875,0.59714411685515,NA,0.456322359132505,-0.489634979000427,-0.477434001883076,0.296064140840146,7,0.142857142857143,0.0455764557926134,"0.083874178673002",-0.0243323532687902,0.83349619832291
"220008",0.129189758409484,-0.64881711505225,1.19846070322458,NA,1.14814598108083,0.299465123264723,0.191124910173049,-1.76230627051142,7,0.142857142857143,0.0793232986555721,"0.12436247715698",-0.0243323532687902,0.83349619832291
"220010",0.881367170245933,-0.655967335585703,-0.503837918664119,NA,-0.368544267036658,0.497322081059819,-0.528861610502778,-0.527284023700479,7,0.142857142857143,-0.172257986311998,"-0.177476074085102",-0.0243323532687902,0.83349619832291
"220011",-1.64752949393965,-1.33523828626366,NA,NA,-0.598043449317594,-0.0799546899188153,0.242552518792751,-0.25283463552027,6,0.166666666666667,-0.611841339361207,"-0.704873024345585",-0.0243323532687902,0.83349619832291
"220012",0.641460678665827,-0.107187909643245,-1.30272995484065,NA,0.734049630443493,0.173767761841955,0.0368420843139429,-0.390059329610375,7,0.142857142857143,-0.0305510055470073,"-0.00746092458577468",-0.0243323532687902,0.83349619832291
"220015",-0.900996940728616,-1.74637596693716,-1.04359114023858,NA,1.14814598108083,-0.0869378766645246,-3.04881443286817,-1.07618280006089,7,0.142857142857143,-0.96496473948816,"-1.12853830420826",-0.0243323532687902,0.83349619832291
"220016",NA,-0.521900700583474,NA,NA,NA,-0.25918981639202,0.242552518792751,NA,3,0.333333333333333,-0.179512666060914,"-0.186179988708245",-0.0243323532687902,0.83349619832291
"220019",0.881367170245933,0.947469619040956,NA,NA,NA,0.941918303869977,-1.45455856565741,NA,4,0.25,0.329049131874863,"0.423974921367005",-0.0243323532687902,0.83349619832291
"22001F",NA,NA,NA,NA,NA,NA,NA,NA,0,NA,NA,"NaN",-0.0243323532687902,0.83349619832291
"220020",0.881367170245933,0.947469619040956,-0.619806117463938,NA,-0.716119115563583,0.406540653365598,0.859683822229173,-2.17398035278173,7,0.142857142857143,-0.059263474418227,"-0.0419091547384647",-0.0243323532687902,0.83349619832291
"220024",NA,0.947469619040956,1.19846070322458,NA,1.14814598108083,-0.68981966571076,-0.271723567404269,NA,5,0.2,0.466506614046269,"0.588891668975436",-0.0243323532687902,0.83349619832291
"220029",NA,NA,1.19846070322458,NA,NA,-0.72240787052407,-0.220295958784567,0.43328883493025,4,0.25,0.172261427211549,"0.23586643931419",-0.0243323532687902,0.83349619832291
"220030",NA,NA,NA,NA,NA,0.941918303869977,0.396835344651856,NA,2,0.5,0.669376824260916,"0.832288352275067",-0.0243323532687902,0.83349619832291
"220031",0.604769097600634,-0.409284727181601,0.429634496366523,0.753828068603158,-0.227186075052023,-0.848105231946837,-0.734572044981585,0.158839446750041,8,0.125,-0.0340096212302112,"-0.0116104524302484",-0.0243323532687902,0.83349619832291
"220033",-1.50217438433523,-0.394984286114697,-0.326306355069334,NA,0.374833519047245,-0.163752930867327,-0.940282479460392,0.43328883493025,7,0.142857142857143,-0.359911154552784,"-0.40261587510443",-0.0243323532687902,0.83349619832291
"220035",0.710610196827152,-0.634516673985346,0.18338103718666,NA,0.511202598373598,-0.112542894732125,0.808256213609471,1.53108638765108,7,0.142857142857143,0.428210980704356,"0.542945888516007",-0.0243323532687902,0.83349619832291
"220036",-0.934866092481102,0.202059128428563,0.134703027813897,NA,1.14814598108083,0.453095231670327,1.06539425670798,0.982187611290668,7,0.142857142857143,0.435817020644452,"0.552071352981713",-0.0243323532687902,0.83349619832291
"220046",0.4326009095255,0.402265303365224,1.19846070322458,NA,-0.203903549313377,-0.231257069409183,-0.58028921912248,1.53108638765108,7,0.142857142857143,0.364137637988764,"0.466072901159238",-0.0243323532687902,0.83349619832291
"220049",-0.709071747464532,0.284286664563263,NA,NA,NA,-0.0962487923254703,-0.117440741545163,NA,4,0.25,-0.159618654192976,"-0.162311839209821",-0.0243323532687902,0.83349619832291
"220052",-0.354856868719788,-0.277005647312736,NA,NA,NA,-0.294105750120567,0.191124910173049,0.982187611290668,5,0.2,0.0494688510621252,"0.0885441403085124",-0.0243323532687902,0.83349619832291
"220060",0.244909360230476,0.203846683561926,-0.356372184387806,NA,-0.00433904298212823,-0.147458828460672,-1.0945653053195,1.11941230538077,7,0.142857142857143,-0.00493814456813286,"0.0232685028914117",-0.0243323532687902,0.83349619832291
"220062",NA,NA,NA,NA,NA,0.941918303869977,NA,NA,1,1,0.941918303869977,"1.15927422234555",-0.0243323532687902,0.83349619832291
"220063",0.0642738842172201,-0.432522943915321,-2.54115578153007,NA,0.208529763771204,-0.398853551306206,-1.0431376966998,1.25663699947087,7,0.142857142857143,-0.412318475141728,"-0.465492371355275",-0.0243323532687902,0.83349619832291
"220065",NA,NA,NA,NA,NA,-1.72798676190621,0.242552518792751,NA,2,0.5,-0.742717121556728,"-0.861893275258377",-0.0243323532687902,0.83349619832291
"220066",0.0586290255918058,0.947469619040956,-1.01782042939418,NA,1.14814598108083,0.306448310010432,0.345407736032154,-0.25283463552027,7,0.142857142857143,0.219349372405962,"0.292360932377457",-0.0243323532687902,0.83349619832291
"220070",0.881367170245933,0.500580835700192,1.19846070322458,NA,1.14814598108083,0.313431496756141,-1.86597943461503,0.0216147526599381,7,0.142857142857143,0.313945929293228,"0.40585461966434",-0.0243323532687902,0.83349619832291
"220071",0.287245799921083,0.271773778629722,0.193402980292817,-0.429722160988281,0.23181228950985,-0.829483400624946,0.653973387750365,0.296064140840146,8,0.125,0.0843833519163445,"0.130433354589839",-0.0243323532687902,0.83349619832291
"220073",-0.188333539270068,-5.87205321473909,1.19846070322458,NA,0.133693073896986,-0.517567725983264,0.602545779130663,0.296064140840146,7,0.142857142857143,-0.621027254700007,"-0.715893968840932",-0.0243323532687902,0.83349619832291
"220074",0.405787831054782,0.221722234895556,-0.488089150925872,NA,0.409757307655213,-0.10323197907118,-0.477434001883076,1.53108638765108,7,0.142857142857143,0.214228375625215,"0.286216937010651",-0.0243323532687902,0.83349619832291
"220075",NA,NA,NA,NA,NA,-1.09717222587713,0.859683822229173,NA,2,0.5,-0.118744201823981,"-0.113272080598758",-0.0243323532687902,0.83349619832291
"220077",0.172937412756444,-0.414647392581691,-0.562537871143039,0.233474088351749,0.181921162927037,-0.508256810322318,-3.56309051906519,1.53108638765108,8,0.125,-0.36613919267824,"-0.4100880605061",-0.0243323532687902,0.83349619832291
"220080",NA,-0.512962924916658,0.169063975606436,NA,1.14814598108083,0.52292709912742,0.0368420843139429,-0.801733411880687,6,0.166666666666667,0.0937138005552145,"0.141627705155137",-0.0243323532687902,0.83349619832291
"220083",-1.44431458342474,-0.0374732594420866,0.356617482307377,NA,NA,-0.303416665781513,0.602545779130663,0.570513529020354,6,0.166666666666667,-0.0425879530316571,"-0.0219024391468122",-0.0243323532687902,0.83349619832291
"220084",0.881367170245933,0.947469619040956,0.219173691137222,NA,-0.0941430708311903,0.511288454551238,0.0882696929336448,1.11941230538077,7,0.142857142857143,0.524691123208368,"0.658699436880284",-0.0243323532687902,0.83349619832291
"220086",0.148946763598434,-0.017810152975093,-0.53963057261468,-4.04771277661866,-0.0575562446704613,-0.447735858526171,-0.168868350164865,0.570513529020354,8,0.125,-0.569981707868893,"-0.654651281791101",-0.0243323532687902,0.83349619832291
"220088",NA,NA,NA,NA,NA,0.0643645028258433,-0.374578784643672,0.982187611290668,3,0.333333333333333,0.22399110982428,"0.297929928885969",-0.0243323532687902,0.83349619832291
"220090",0.150357978254787,0.552419934567721,1.19846070322458,NA,0.409757307655213,-0.0846101477492881,0.859683822229173,-0.115609941430166,7,0.142857142857143,0.424351379536003,"0.538315272112334",-0.0243323532687902,0.83349619832291
"220095",NA,-2.05562300500897,NA,NA,NA,-0.166080659782563,-0.0660131329254609,-0.527284023700479,4,0.25,-0.703750205354369,"-0.815142112768655",-0.0243323532687902,0.83349619832291
"22009F",NA,NA,NA,NA,NA,NA,NA,NA,0,NA,NA,"NaN",-0.0243323532687902,0.83349619832291
"220100",0.141890690316666,-0.305606529446544,-2.65998739264594,0.126342386535283,-0.333620478428689,0.313431496756141,-1.0945653053195,-1.3506321882411,8,0.125,-0.64534341505921,"-0.745067659624562",-0.0243323532687902,0.83349619832291
"220101",-0.429651245506527,-1.34060095166375,0.970819424099011,NA,0.223497101746048,0.0341040269277697,1.6825255601444,1.11941230538077,7,0.142857142857143,0.322872317303961,"0.416564192219912",-0.0243323532687902,0.83349619832291
"220105",0.881367170245933,0.464829733032931,0.529853927428095,NA,0.496235260398754,-0.52687864164421,0.962539039468576,-0.527284023700479,7,0.142857142857143,0.325808923604229,"0.420087431205497",-0.0243323532687902,0.83349619832291
"220108",-0.315342858341888,-2.07528611147597,NA,NA,-0.0193063809569719,-0.457046774187117,0.859683822229173,1.80553577583129,6,0.166666666666667,-0.0336270878169132,"-0.0111515020306332",-0.0243323532687902,0.83349619832291
"22010F",-0.0655578641673078,-0.541563807050467,NA,NA,NA,NA,NA,1.39386169356098,3,0.333333333333333,0.262246674114401,"0.34382763587863",-0.0243323532687902,0.83349619832291
"220110",-0.350623224750727,-0.0571363659090802,-0.167386971528841,0.218169559520826,0.363192256177922,-0.636281900660322,0.602545779130663,-0.25283463552027,8,0.125,-0.0350444379424788,"-0.0128519898413965",-0.0243323532687902,0.83349619832291
"220111",0.376152323271357,0.643585246369236,0.564214875220634,NA,-0.13239293454468,0.706817683431098,1.37395990842619,-1.89953096460152,7,0.142857142857143,0.233258019653188,"0.309048047777878",-0.0243323532687902,0.83349619832291
"220116",-0.90240815538497,-0.588040240517907,-0.44656967234322,0.107976951938174,-1.01213979995494,-0.452391316356644,-1.66026900013622,-1.3506321882411,8,0.125,-0.788059177624603,"-0.916293110745459",-0.0243323532687902,0.83349619832291
"220119",0.24632057488683,-0.00172215677482548,NA,NA,0.68083242875516,-0.489634979000427,1.5282427342853,0.844962917200563,6,0.166666666666667,0.468166919892099,"0.590883646682318",-0.0243323532687902,0.83349619832291
"220126",NA,NA,NA,NA,NA,NA,NA,NA,0,NA,NA,"NaN",-0.0243323532687902,0.83349619832291
"220135",0.881367170245933,0.947469619040956,-2.20899995286886,NA,-0.278740239187596,0.041087213673479,-0.88885487084069,0.43328883493025,7,0.142857142857143,-0.153340317858076,"-0.154779307750731",-0.0243323532687902,0.83349619832291
"220163",-0.179866251331946,0.152007584694397,0.297917529828457,-0.769482701034789,0.0854649848669337,-0.219618424833001,0.139697301553347,-0.527284023700479,8,0.125,-0.127645499994635,"-0.123951551229295",-0.0243323532687902,0.83349619832291
"220171",0.0670963135299272,-0.0732243621093474,0.181949331028638,NA,0.388137819469328,-0.387214906730024,-0.477434001883076,0.158839446750041,7,0.142857142857143,-0.0202643371349304,"0.00488066549319009",-0.0243323532687902,0.83349619832291
"220175",NA,-4.54926241605043,NA,NA,NA,-0.221946153748237,-0.477434001883076,NA,3,0.333333333333333,-1.74954752389392,"-2.06985367671317",-0.0243323532687902,0.83349619832291
"220176",0.881367170245933,0.947469619040956,1.19846070322458,NA,-0.277077201634835,-0.105559707986416,-0.58028921912248,0.158839446750041,7,0.142857142857143,0.317601544359683,"0.410240500576347",-0.0243323532687902,0.83349619832291
"220177",NA,NA,NA,NA,NA,NA,NA,NA,0,NA,NA,"NaN",-0.0243323532687902,0.83349619832291
"221300",NA,NA,NA,NA,NA,-0.0613328585969238,NA,0.982187611290668,2,0.5,0.460427376346872,"0.581598009194349",-0.0243323532687902,0.83349619832291
"221302",NA,NA,NA,NA,NA,NA,NA,0.570513529020354,1,1,0.570513529020354,"0.713675579428008",-0.0243323532687902,0.83349619832291
"221303",NA,NA,NA,NA,NA,-3.01987630986243,NA,NA,1,1,-3.01987630986243,"-3.59395035348813",-0.0243323532687902,0.83349619832291
"221304",NA,NA,NA,NA,NA,NA,NA,NA,0,NA,NA,"NaN",-0.0243323532687902,0.83349619832291
"230002",-0.790922197533039,-0.0607114761758061,-1.57761753718096,0.254900428715043,1.14814598108083,-1.65815489444911,0.139697301553347,0.158839446750041,8,0.125,-0.298227868404957,"-0.328610395209092",-0.0243323532687902,0.83349619832291
"230003",NA,NA,NA,NA,NA,0.941918303869977,0.139697301553347,NA,2,0.5,0.540807802711662,"0.678035673249115",-0.0243323532687902,0.83349619832291
"230005",NA,NA,NA,NA,NA,0.941918303869977,-0.117440741545163,NA,2,0.5,0.412238781162407,"0.523782994223164",-0.0243323532687902,0.83349619832291
"230013",NA,NA,NA,NA,NA,NA,NA,NA,0,NA,NA,"NaN",-0.0243323532687902,0.83349619832291
"230015",NA,NA,NA,NA,NA,NA,0.139697301553347,NA,1,1,0.139697301553347,"0.196797124152676",-0.0243323532687902,0.83349619832291
"230017",0.473526134559753,0.0250911702256203,0.628641652331644,-0.355240120677785,0.211855838876725,-0.0194337381226681,0.705400996370067,0.707738223110458,8,0.125,0.297197519584227,"0.385760455176607",-0.0243323532687902,0.83349619832291
"230019",-0.622987653426965,-0.0410483697088127,-0.834562041167306,NA,0.494572222845994,0.124885454621991,1.93966360324291,-0.25283463552027,7,0.142857142857143,0.115384082983935,"0.167626962827006",-0.0243323532687902,0.83349619832291
"230020",0.225152355041526,-0.108975464776609,-1.56616388791678,-0.108327055538882,-2.61863407592149,0.148162743774355,-0.014585524305759,-0.938958105970791,8,0.125,-0.622791126951804,"-0.718010201950749",-0.0243323532687902,0.83349619832291
"230021",0.522918647532128,0.0965933755601425,-2.25767796224163,NA,1.14814598108083,0.138851828113409,1.06539425670798,NA,6,0.166666666666667,0.119037687792144,"0.172010431900483",-0.0243323532687902,0.83349619832291
"230022",NA,NA,1.19846070322458,NA,NA,-0.761979262083089,0.242552518792751,NA,3,0.333333333333333,0.226344653311414,"0.300753629212221",-0.0243323532687902,0.83349619832291
"230024",-0.418361528255698,0.947469619040956,0.707385491022879,NA,-0.676206214297333,0.0108267377754054,-2.58596595529085,NA,6,0.166666666666667,-0.335808641667441,"-0.373698511193424",-0.0243323532687902,0.83349619832291
"230029",-0.00910927791316525,0.166308025761302,-0.102960194417831,NA,-0.879096795734103,-0.398853551306206,-0.32315117602397,-1.48785688233121,7,0.142857142857143,-0.433531407423597,"-0.490942916090275",-0.0243323532687902,0.83349619832291
"230030",NA,NA,1.19846070322458,NA,NA,0.110919081130572,0.602545779130663,NA,3,0.333333333333333,0.637308521161939,"0.793813907924267",-0.0243323532687902,0.83349619832291
"230031",NA,NA,NA,NA,NA,-0.12883699713878,0.705400996370067,0.707738223110458,3,0.333333333333333,0.428100740780582,"0.542813626456509",-0.0243323532687902,0.83349619832291
"230035",NA,NA,NA,NA,NA,-1.30201237041794,0.0882696929336448,NA,2,0.5,-0.606871338742148,"-0.69891018896726",-0.0243323532687902,0.83349619832291
"230036",NA,-0.0893123583096149,-1.96417819984702,NA,NA,-0.254534358561547,0.345407736032154,-0.390059329610375,5,0.2,-0.470535302059281,"-0.535338912988809",-0.0243323532687902,0.83349619832291
"230037",NA,NA,NA,NA,NA,NA,-1.81455182599532,0.570513529020354,2,0.5,-0.622019148487485,"-0.71708400880689",-0.0243323532687902,0.83349619832291
"230038",0.0134701565884918,0.379027086631505,0.0702762507028862,0.000845250121707929,-0.451696144674678,0.129540912452463,0.345407736032154,-2.17398035278173,8,0.125,-0.2108886381159,"-0.22382379814387",-0.0243323532687902,0.83349619832291
"230041",0.881367170245933,0.164520470627938,1.19846070322458,NA,1.14814598108083,0.108591352215336,0.293980127412452,-0.664508717790581,7,0.142857142857143,0.447222441002356,"0.565755183070983",-0.0243323532687902,0.83349619832291
"230046",-0.155875602173936,-0.357445628314073,0.339437008411108,0.421209642011081,0.348224918203078,-0.35695443083195,0.396835344651856,0.43328883493025,8,0.125,0.133590010860927,"0.18946980735782",-0.0243323532687902,0.83349619832291
"230047",-0.807856773409282,0.947469619040956,-0.141616260684437,NA,0.655886865463754,0.211011424485738,1.01396664808828,-0.938958105970791,7,0.142857142857143,0.134271916716317,"0.190287934491167",-0.0243323532687902,0.83349619832291
"230053",-1.24956696084795,0.947469619040956,-0.140184554526415,0.527321041905486,0.353214030861359,0.397229737704653,-0.117440741545163,NA,7,0.142857142857143,0.102577453227561,"0.152262010014813",-0.0243323532687902,0.83349619832291
"230054",0.881367170245933,-1.09749345352638,-0.662757302204611,NA,0.211855838876725,0.557843032855966,-0.528861610502778,0.844962917200563,7,0.142857142857143,0.0295595132779172,"0.0646576033041831",-0.0243323532687902,0.83349619832291
"230055",NA,0.947469619040956,-4.74168814641059,NA,NA,0.127213183537227,-0.940282479460392,NA,4,0.25,-1.1518219558232,"-1.3527231495753",-0.0243323532687902,0.83349619832291
"230058",NA,NA,NA,NA,NA,-1.49288614146733,0.293980127412452,NA,2,0.5,-0.599453007027438,"-0.690009930358239",-0.0243323532687902,0.83349619832291
"230059",-0.601819433581661,-0.761433088454123,-1.30272995484065,0.155931142275069,-0.654586726111448,0.290154207603777,-0.631716827742182,-0.25283463552027,8,0.125,-0.469879414546436,"-0.53455200176574",-0.0243323532687902,0.83349619832291
"23005F",NA,NA,NA,NA,NA,NA,NA,NA,0,NA,NA,"NaN",-0.0243323532687902,0.83349619832291
"230066",-0.960267956295466,-1.57119556386759,-2.19611459744666,NA,-1.86361502696826,0.024793111266824,0.756828604989769,-1.62508157642131,7,0.142857142857143,-1.06209328639181,"-1.2450697858144",-0.0243323532687902,0.83349619832291
"230069",NA,NA,NA,NA,NA,-1.39744925594263,0.396835344651856,NA,2,0.5,-0.500306955645389,"-0.571057916441988",-0.0243323532687902,0.83349619832291
"230070",-0.649800731897683,0.0340289458924356,-0.226086924007762,NA,-0.0775126953035862,0.401885195535126,-1.45455856565741,1.11941230538077,7,0.142857142857143,-0.12180463857973,"-0.116943887095184",-0.0243323532687902,0.83349619832291
"230071",NA,NA,NA,NA,NA,NA,NA,NA,0,NA,NA,"NaN",-0.0243323532687902,0.83349619832291
"230072",NA,NA,0.137566440129942,NA,NA,0.276187834112358,-0.58028921912248,0.707738223110458,4,0.25,0.13530081955757,"0.191522376643781",-0.0243323532687902,0.83349619832291
"230075",0.881367170245933,-1.12609433566019,-0.775862088688385,NA,0.0754867595503712,0.215666882316211,-0.58028921912248,0.296064140840146,7,0.142857142857143,-0.144808670074056,"-0.144543330908621",-0.0243323532687902,0.83349619832291
"230077",NA,0.947469619040956,-1.07938379418915,NA,NA,0.941918303869977,-0.117440741545163,NA,4,0.25,0.173140846794156,"0.236921536607227",-0.0243323532687902,0.83349619832291
"230078",NA,NA,NA,NA,NA,NA,NA,NA,0,NA,NA,"NaN",-0.0243323532687902,0.83349619832291
"230080",NA,NA,NA,NA,NA,0.941918303869977,0.293980127412452,0.43328883493025,3,0.333333333333333,0.556395755404226,"0.696737561420806",-0.0243323532687902,0.83349619832291
"230081",NA,NA,1.19846070322458,NA,NA,0.278515563027595,-0.014585524305759,-1.213407494151,4,0.25,0.0622458119488546,"0.103873497433882",-0.0243323532687902,0.83349619832291
"230089",0.57936723378627,0.947469619040956,-4.17759592014974,0.421209642011081,0.43802894605214,-0.0613328585969238,1.16824947394738,0.844962917200563,8,0.125,0.0200448816614661,"0.0532422763529677",-0.0243323532687902,0.83349619832291
"230092",0.474937349216107,0.947469619040956,-0.271901521064481,0.150829632664761,0.358203143519641,-0.0473664851055052,1.27110469118679,NA,7,0.142857142857143,0.411896632779752,"0.523372496390848",-0.0243323532687902,0.83349619832291
"230093",NA,NA,NA,NA,NA,-0.587399593440357,0.139697301553347,NA,2,0.5,-0.223851145943505,"-0.239375768091288",-0.0243323532687902,0.83349619832291
"230095",NA,NA,NA,NA,NA,0.941918303869977,0.0368420843139429,0.0216147526599381,3,0.333333333333333,0.333458380281286,"0.42926498557521",-0.0243323532687902,0.83349619832291
"230097",0.49610556906141,-0.680993107452785,-1.02354725402627,-0.556239599323918,-0.00433904298212823,0.362313803976106,0.911111430848875,-1.213407494151,8,0.125,-0.213624461756214,"-0.227106145016979",-0.0243323532687902,0.83349619832291
"230099",-1.79852946216948,-0.151876787977322,-3.25128203590921,NA,0.107084473052819,-0.26617300313773,-0.991710088080094,NA,6,0.166666666666667,-1.05874781737017,"-1.2410560074332",-0.0243323532687902,0.83349619832291
"230100",NA,NA,NA,NA,NA,NA,NA,NA,0,NA,NA,"NaN",-0.0243323532687902,0.83349619832291
"230104",-0.54960449129658,0.0536920523594292,1.19846070322458,0.279387674844521,-0.232175187710304,-0.0613328585969238,-4.79735312593803,NA,7,0.142857142857143,-0.586989319016187,"-0.675056427227296",-0.0243323532687902,0.83349619832291
"230105",0.438245768150914,-0.368170959114251,-0.344918535123626,NA,0.409757307655213,0.192389593163847,0.911111430848875,-0.527284023700479,7,0.142857142857143,0.101590083125785,"0.151077397410984",-0.0243323532687902,0.83349619832291
"230108",NA,NA,NA,NA,NA,0.941918303869977,0.0882696929336448,NA,2,0.5,0.515093998401811,"0.647185137443925",-0.0243323532687902,0.83349619832291
"230110",NA,NA,NA,NA,NA,-1.12976043069044,0.191124910173049,NA,2,0.5,-0.469317760258698,"-0.533878148317017",-0.0243323532687902,0.83349619832291
"230117",NA,0.2824991094299,NA,NA,-0.350250853956293,0.481027978653164,0.962539039468576,0.0216147526599381,5,0.2,0.279486005251057,"0.364510790968411",-0.0243323532687902,0.83349619832291
"23011F",0.881367170245933,0.947469619040956,NA,NA,NA,NA,0.49969056189126,0.707738223110458,4,0.25,0.759066393572152,"0.939894805059975",-0.0243323532687902,0.83349619832291
"230121",NA,0.947469619040956,-0.443706260027176,NA,NA,0.513616183466474,-0.220295958784567,0.296064140840146,5,0.2,0.218629544907167,"0.291497308163881",-0.0243323532687902,0.83349619832291
"23012F",NA,NA,NA,NA,NA,NA,NA,NA,0,NA,NA,"NaN",-0.0243323532687902,0.83349619832291
"230130",-0.388726020472274,0.209209348962015,0.534149045902162,-0.00323595756653842,-0.554804472945823,-0.0473664851055052,-3.30595247596668,-0.115609941430166,8,0.125,-0.459042119827851,"-0.521549789229689",-0.0243323532687902,0.83349619832291
"230132",0.656984039885716,0.168095580894665,-0.28335517032866,NA,0.471289697107348,0.0876417919782077,0.756828604989769,-0.115609941430166,7,0.142857142857143,0.24883922901384,"0.327741845532449",-0.0243323532687902,0.83349619832291
"230133",NA,NA,1.19846070322458,NA,NA,0.941918303869977,0.396835344651856,NA,3,0.333333333333333,0.845738117248805,"1.0438805507071",-0.0243323532687902,0.83349619832291
"230141",-0.20526811514631,0.799102542971822,1.19846070322458,NA,-0.0991321834894716,0.199372779909556,-0.014585524305759,0.296064140840146,7,0.142857142857143,0.310573477714938,"0.401808468542025",-0.0243323532687902,0.83349619832291
"230142",0.00641408330672395,0.947469619040956,NA,NA,-0.503250308810251,0.585775779838804,-0.837427262220988,0.0216147526599381,6,0.166666666666667,0.0367661106358637,"0.073303830332509",-0.0243323532687902,0.83349619832291
"230144",NA,NA,NA,NA,NA,NA,0.0368420843139429,NA,1,1,0.0368420843139429,"0.0733949809319144",-0.0243323532687902,0.83349619832291
"230146",0.314058878391801,0.947469619040956,0.163337150974346,1.12011645862327,-2.0049732189529,-0.268500732052966,-0.837427262220988,NA,7,0.142857142857143,-0.0808455865994978,"-0.0678026287875323",-0.0243323532687902,0.83349619832291
"230151",-0.575006355110944,-0.0285354837752713,0.144724970920054,NA,-0.421761468724991,-0.072971503173106,-0.117440741545163,-0.390059329610375,7,0.142857142857143,-0.208721415859971,"-0.221223639606506",-0.0243323532687902,0.83349619832291
"230156",-0.401426952379456,-0.847235734855549,-0.573991520407219,-1.35105479660989,0.431376795841099,0.183078677502901,0.756828604989769,0.707738223110458,8,0.125,-0.136835837850986,"-0.134977801708713",-0.0243323532687902,0.83349619832291
"230165",-1.04070719170762,0.648947911769326,-0.911874173700519,NA,-1.59253990586832,0.788288195464373,0.602545779130663,NA,6,0.166666666666667,-0.250889897485349,"-0.271815929901562",-0.0243323532687902,0.83349619832291
"230167",-0.150230743548521,-0.922313050456798,-0.608352468199758,NA,0.707441029599326,0.346019701569451,-0.940282479460392,-0.390059329610375,7,0.142857142857143,-0.279682477158152,"-0.306360274231791",-0.0243323532687902,0.83349619832291
"230174",NA,NA,NA,NA,NA,0.187734135333374,0.0368420843139429,NA,2,0.5,0.112288109823658,"0.163912520977714",-0.0243323532687902,0.83349619832291
"230176",0.338049527549811,-0.053561255642354,-0.552515928036882,0.184499596092793,1.14814598108083,-0.277811647713912,0.242552518792751,NA,7,0.142857142857143,0.147051256017577,"0.205620145156284",-0.0243323532687902,0.83349619832291
"230180",NA,NA,NA,NA,NA,NA,0.139697301553347,NA,1,1,0.139697301553347,"0.196797124152676",-0.0243323532687902,0.83349619832291
"230193",NA,-0.466486491449219,1.19846070322458,NA,1.14814598108083,-0.508256810322318,-0.940282479460392,NA,5,0.2,0.0863161806146973,"0.132752295818655",-0.0243323532687902,0.83349619832291
"230195",-0.445174606726416,0.947469619040956,0.149020089394121,NA,1.14814598108083,0.525254828042656,-0.734572044981585,-0.115609941430166,7,0.142857142857143,0.210647703488629,"0.281920970041886",-0.0243323532687902,0.83349619832291
"230197",0.881367170245933,0.947469619040956,0.345163833043198,NA,1.14814598108083,0.0550535871648976,-0.117440741545163,0.707738223110458,7,0.142857142857143,0.566785381734445,"0.709202676859993",-0.0243323532687902,0.83349619832291
"230207",0.22656356969788,0.253898227296091,-0.304830762698997,NA,1.14814598108083,-0.55248365971181,0.448262953271558,NA,6,0.166666666666667,0.203259384822593,"0.273056720053821",-0.0243323532687902,0.83349619832291
"230208",NA,NA,NA,NA,NA,NA,0.0368420843139429,NA,1,1,0.0368420843139429,"0.0733949809319144",-0.0243323532687902,0.83349619832291
"230216",0.268900009388487,-0.850810845122275,1.19846070322458,NA,0.236801402168131,-0.12883699713878,0.653973387750365,0.0216147526599381,7,0.142857142857143,0.200014630418635,"0.269163775598302",-0.0243323532687902,0.83349619832291
"230217",NA,0.947469619040956,0.256398051245805,NA,NA,-1.7466085932281,0.396835344651856,NA,4,0.25,-0.0364763945723705,"-0.0145700020324215",-0.0243323532687902,0.83349619832291
"230222",0.307002805110033,0.479130174099836,0.110364023127515,NA,-0.66290191387525,0.529910285873129,-0.734572044981585,0.296064140840146,7,0.142857142857143,0.0464282100276891,"0.0848960840359652",-0.0243323532687902,0.83349619832291
"230227",-0.384492376503213,-0.56658957891755,-3.98288388265869,NA,-0.318653140453845,0.648624460550187,-1.0945653053195,NA,6,0.166666666666667,-0.949759970550434,"-1.11029614669354",-0.0243323532687902,0.83349619832291
"230230",-0.184099895301007,-0.123275905843513,-0.924759529122721,-1.37248113697319,0.51785474858464,-0.666542376558395,0.653973387750365,NA,7,0.142857142857143,-0.299904386780545,"-0.330621824150173",-0.0243323532687902,0.83349619832291
"230236",0.484815851810582,-3.86820391023911,-2.40657540267596,NA,-0.797607955648843,0.339036514823742,0.808256213609471,0.844962917200563,7,0.142857142857143,-0.656473681588508,"-0.758421369637509",-0.0243323532687902,0.83349619832291
"230239",NA,NA,NA,NA,NA,0.941918303869977,-0.785999653601287,NA,2,0.5,0.0779593251343453,"0.12272602875569",-0.0243323532687902,0.83349619832291
"230241",NA,NA,NA,NA,NA,NA,NA,NA,0,NA,NA,"NaN",-0.0243323532687902,0.83349619832291
"230244",0.881367170245933,0.51666883190046,NA,NA,1.14814598108083,0.350675159399924,0.602545779130663,0.158839446750041,6,0.166666666666667,0.609707061417976,"0.760698628215133",-0.0243323532687902,0.83349619832291
"230254",NA,NA,NA,NA,NA,0.478700249737928,-0.220295958784567,-1.213407494151,3,0.333333333333333,-0.318334401065879,"-0.352733519827271",-0.0243323532687902,0.83349619832291
"230259",NA,-0.141151457177144,-1.23400805925557,NA,NA,0.134196370282936,-0.58028921912248,-0.664508717790581,5,0.2,-0.497152216612568,"-0.56727296932505",-0.0243323532687902,0.83349619832291
"230264",NA,NA,NA,NA,NA,NA,0.0882696929336448,NA,1,1,0.0882696929336448,"0.135096052542295",-0.0243323532687902,0.83349619832291
"230269",-0.0697915081363685,0.509518611367008,-0.29480881959284,-1.75815526351247,-0.207229624418898,-0.0752992320883424,0.602545779130663,0.43328883493025,8,0.125,-0.107491402790124,"-0.0997713603117321",-0.0243323532687902,0.83349619832291
"230270",-0.155875602173936,-0.20371588684485,NA,NA,-0.511565496574053,-0.359282159747187,-0.734572044981585,NA,5,0.2,-0.393002238064322,"-0.442317416128998",-0.0243323532687902,0.83349619832291
"230273",-0.73588482593525,-0.00529726704155159,0.472585681107196,NA,-0.468326520202282,0.178423219672428,-1.50598617427711,NA,6,0.166666666666667,-0.344080981112762,"-0.383623378831653",-0.0243323532687902,0.83349619832291
"230275",NA,NA,NA,NA,NA,0.941918303869977,NA,NA,1,1,0.941918303869977,"1.15927422234555",-0.0243323532687902,0.83349619832291
"230277",0.881367170245933,0.947469619040956,-0.798769387216745,NA,-0.428413618936032,-1.3695165089598,0.293980127412452,-1.62508157642131,7,0.142857142857143,-0.299852024976364,"-0.330559002262939",-0.0243323532687902,0.83349619832291
"230279",NA,NA,NA,NA,NA,0.941918303869977,NA,NA,1,1,0.941918303869977,"1.15927422234555",-0.0243323532687902,0.83349619832291
"230297",0.881367170245933,-0.228741658711933,NA,NA,-1.24330201978863,-1.23683596079132,-0.0660131329254609,NA,5,0.2,-0.378705120394283,"-0.425164227309652",-0.0243323532687902,0.83349619832291
"230301",NA,NA,NA,NA,NA,NA,0.191124910173049,NA,1,1,0.191124910173049,"0.258498195763056",-0.0243323532687902,0.83349619832291
"230302",-0.394370879097688,0.947469619040956,0.253534638929761,NA,-0.892401096156186,0.62069171356735,1.4768151256656,NA,6,0.166666666666667,0.335289853658298,"0.431462324184189",-0.0243323532687902,0.83349619832291
"230303",NA,NA,NA,NA,NA,NA,0.0368420843139429,NA,1,1,0.0368420843139429,"0.0733949809319144",-0.0243323532687902,0.83349619832291
"23037F",0.881367170245933,-0.527263365983563,NA,NA,NA,NA,1.01396664808828,-0.25283463552027,4,0.25,0.278808954207594,"0.363698488471021",-0.0243323532687902,0.83349619832291
"231300",NA,NA,NA,NA,NA,NA,NA,NA,0,NA,NA,"NaN",-0.0243323532687902,0.83349619832291
"231301",NA,NA,NA,NA,NA,NA,NA,NA,0,NA,NA,"NaN",-0.0243323532687902,0.83349619832291
"231303",NA,NA,NA,NA,NA,NA,NA,NA,0,NA,NA,"NaN",-0.0243323532687902,0.83349619832291
"231304",NA,NA,NA,NA,NA,NA,NA,NA,0,NA,NA,"NaN",-0.0243323532687902,0.83349619832291
"231305",NA,NA,NA,NA,NA,NA,NA,NA,0,NA,NA,"NaN",-0.0243323532687902,0.83349619832291
"231306",NA,NA,NA,NA,NA,NA,NA,NA,0,NA,NA,"NaN",-0.0243323532687902,0.83349619832291
"231307",NA,NA,NA,NA,NA,NA,NA,NA,0,NA,NA,"NaN",-0.0243323532687902,0.83349619832291
"231308",NA,NA,NA,NA,NA,NA,NA,NA,0,NA,NA,"NaN",-0.0243323532687902,0.83349619832291
"231310",NA,NA,NA,NA,NA,NA,NA,0.0216147526599381,1,1,0.0216147526599381,"0.0551257534481611",-0.0243323532687902,0.83349619832291
"231311",NA,NA,NA,NA,NA,NA,NA,NA,0,NA,NA,"NaN",-0.0243323532687902,0.83349619832291
"231312",NA,NA,NA,NA,NA,NA,NA,NA,0,NA,NA,"NaN",-0.0243323532687902,0.83349619832291
"231313",NA,NA,NA,NA,NA,NA,NA,NA,0,NA,NA,"NaN",-0.0243323532687902,0.83349619832291
"231314",NA,NA,NA,NA,NA,NA,NA,NA,0,NA,NA,"NaN",-0.0243323532687902,0.83349619832291
"231315",NA,NA,NA,NA,NA,NA,NA,NA,0,NA,NA,"NaN",-0.0243323532687902,0.83349619832291
"231316",NA,NA,NA,NA,NA,0.941918303869977,NA,NA,1,1,0.941918303869977,"1.15927422234555",-0.0243323532687902,0.83349619832291
"231318",NA,NA,NA,NA,NA,NA,NA,NA,0,NA,NA,"NaN",-0.0243323532687902,0.83349619832291
"231319",NA,NA,NA,NA,NA,-3.03384268335384,NA,NA,1,1,-3.03384268335384,"-3.61070672684595",-0.0243323532687902,0.83349619832291
"231320",NA,NA,NA,NA,NA,NA,NA,NA,0,NA,NA,"NaN",-0.0243323532687902,0.83349619832291
"231321",NA,NA,NA,NA,NA,NA,NA,-0.390059329610375,1,1,-0.390059329610375,"-0.438786616036725",-0.0243323532687902,0.83349619832291
"231322",NA,NA,NA,NA,NA,NA,NA,NA,0,NA,NA,"NaN",-0.0243323532687902,0.83349619832291
"231323",NA,NA,NA,NA,NA,NA,NA,NA,0,NA,NA,"NaN",-0.0243323532687902,0.83349619832291
"231324",NA,NA,NA,NA,NA,NA,NA,NA,0,NA,NA,"NaN",-0.0243323532687902,0.83349619832291
"231325",NA,NA,NA,NA,NA,NA,NA,NA,0,NA,NA,"NaN",-0.0243323532687902,0.83349619832291
"231326",NA,NA,NA,NA,NA,-0.447735858526171,NA,NA,1,1,-0.447735858526171,"-0.507984926757096",-0.0243323532687902,0.83349619832291
"231327",NA,NA,NA,NA,NA,-5.27777335764176,NA,NA,1,1,-5.27777335764176,"-6.30289737966832",-0.0243323532687902,0.83349619832291
"231328",NA,NA,NA,NA,NA,NA,NA,NA,0,NA,NA,"NaN",-0.0243323532687902,0.83349619832291
"231329",NA,NA,NA,NA,NA,NA,NA,NA,0,NA,NA,"NaN",-0.0243323532687902,0.83349619832291
"231330",NA,NA,NA,NA,NA,NA,NA,NA,0,NA,NA,"NaN",-0.0243323532687902,0.83349619832291
"231331",NA,NA,NA,NA,NA,-3.5040439242316,NA,NA,1,1,-3.5040439242316,"-4.17483796322574",-0.0243323532687902,0.83349619832291
"231332",NA,NA,NA,NA,NA,0.941918303869977,NA,NA,1,1,0.941918303869977,"1.15927422234555",-0.0243323532687902,0.83349619832291
"231333",NA,-1.33702584139703,NA,NA,NA,-2.38673404491812,NA,NA,2,0.5,-1.86187994315757,"-2.20462624015099",-0.0243323532687902,0.83349619832291
"231337",NA,NA,NA,NA,NA,0.941918303869977,NA,NA,1,1,0.941918303869977,"1.15927422234555",-0.0243323532687902,0.83349619832291
"231338",NA,NA,NA,NA,NA,0.941918303869977,NA,NA,1,1,0.941918303869977,"1.15927422234555",-0.0243323532687902,0.83349619832291
"231339",NA,NA,NA,NA,NA,-0.806206111472581,NA,NA,1,1,-0.806206111472581,"-0.938065176274362",-0.0243323532687902,0.83349619832291
"231340",NA,NA,NA,NA,NA,NA,NA,0.43328883493025,1,1,0.43328883493025,"0.549038122933046",-0.0243323532687902,0.83349619832291
"240001",-0.00205320463139743,-1.69274931293627,-0.687096306890993,NA,0.163627749846673,0.485683436483637,-0.940282479460392,NA,6,0.166666666666667,-0.445478352931458,"-0.505276449382807",-0.0243323532687902,0.83349619832291
"240002",0.491871925092349,-0.0338981491753605,0.169063975606436,1.12011645862327,-0.287055426951398,0.508960725636001,0.49969056189126,NA,7,0.142857142857143,0.352678581531794,"0.452324720327667",-0.0243323532687902,0.83349619832291
"240004",-0.0697915081363685,-0.0946750237097041,-1.25977877009998,NA,0.5993435886699,0.548532117195021,-0.58028921912248,NA,6,0.166666666666667,-0.142776469200601,"-0.142105166370446",-0.0243323532687902,0.83349619832291
"240006",NA,NA,NA,NA,NA,-5.26613471306558,0.191124910173049,0.0216147526599381,3,0.333333333333333,-1.6844650167442,"-1.99176992866408",-0.0243323532687902,0.83349619832291
"240010",0.148946763598434,-0.251979875445653,0.191971274134795,0.539564664970225,0.692473691624483,-0.431441756119516,1.16824947394738,1.66831108174119,8,0.125,0.465761914806417,"0.587998204504512",-0.0243323532687902,0.83349619832291
"240014",NA,NA,NA,NA,NA,0.941918303869977,0.191124910173049,NA,2,0.5,0.566521607021513,"0.708886209054306",-0.0243323532687902,0.83349619832291
"240018",NA,NA,NA,NA,NA,-0.410492195882388,0.139697301553347,NA,2,0.5,-0.135397447164521,"-0.133252070158456",-0.0243323532687902,0.83349619832291
"240019",NA,NA,NA,NA,NA,0.941918303869977,0.293980127412452,NA,2,0.5,0.617949215641215,"0.770587280664686",-0.0243323532687902,0.83349619832291
"240020",NA,NA,NA,NA,NA,-0.32436622601864,0.293980127412452,-0.115609941430166,3,0.333333333333333,-0.0486653466787847,"-0.0291938864975693",-0.0243323532687902,0.83349619832291
"240022",NA,NA,NA,NA,NA,NA,-0.014585524305759,NA,1,1,-0.014585524305759,"0.0116939093215337",-0.0243323532687902,0.83349619832291
"24002F",NA,NA,NA,NA,NA,NA,NA,NA,0,NA,NA,"NaN",-0.0243323532687902,0.83349619832291
"240030",NA,0.947469619040956,NA,NA,NA,-2.35880129793528,0.139697301553347,0.844962917200563,4,0.25,-0.106667865035104,"-0.0987833081086416",-0.0243323532687902,0.83349619832291
"240036",-0.525613842138569,-0.0213852632418191,-0.206043037795448,1.12011645862327,0.383148706811047,0.224977797977157,0.859683822229173,-0.664508717790581,8,0.125,0.146296990584278,"0.204715203496302",-0.0243323532687902,0.83349619832291
"240038",0.616058814851463,0.822340759705542,-0.287650288802728,NA,-1.0387484007991,-0.0124505513769588,0.396835344651856,0.982187611290668,7,0.142857142857143,0.21122475564582,"0.282613297323465",-0.0243323532687902,0.83349619832291
"24003F",0.458002773339864,-0.228741658711933,NA,NA,NA,NA,-1.1459929139392,2.0799851640115,4,0.25,0.290813341175058,"0.378100938046217",-0.0243323532687902,0.83349619832291
"240040",NA,NA,NA,NA,NA,0.145835014859118,0.139697301553347,NA,2,0.5,0.142766158206233,"0.200479032551371",-0.0243323532687902,0.83349619832291
"240043",NA,0.947469619040956,NA,NA,NA,-0.277811647713912,0.139697301553347,0.158839446750041,4,0.25,0.242048679907608,"0.319594778851286",-0.0243323532687902,0.83349619832291
"240044",NA,NA,NA,NA,NA,-1.1460545330971,-0.117440741545163,NA,2,0.5,-0.631747637321131,"-0.728755914273551",-0.0243323532687902,0.83349619832291
"240047",0.0642738842172201,0.103743596093595,-0.0485553604129777,NA,-0.671217101639052,-0.32436622601864,0.756828604989769,1.25663699947087,7,0.142857142857143,0.162477770957255,"0.224128345878397",-0.0243323532687902,0.83349619832291
"240050",NA,NA,NA,NA,NA,0.42516248468749,0.139697301553347,NA,2,0.5,0.282429893120418,"0.368042766129527",-0.0243323532687902,0.83349619832291
"240052",NA,NA,NA,NA,NA,0.0457426715039519,0.551118170510961,-2.31120504687183,3,0.333333333333333,-0.57144806828564,"-0.656410570459361",-0.0243323532687902,0.83349619832291
"240053",-0.00487563394410456,-0.561226913517461,0.624346533857577,1.12011645862327,1.14814598108083,0.113246810045808,-0.271723567404269,-0.801733411880687,8,0.125,0.170787032107621,"0.234097510905285",-0.0243323532687902,0.83349619832291
"240056",0.881367170245933,0.947469619040956,-0.581150051197331,NA,1.14814598108083,0.0131544666906419,0.191124910173049,1.80553577583129,7,0.142857142857143,0.629378267409339,"0.784299462905134",-0.0243323532687902,0.83349619832291
"240057",-0.47057647054078,-0.232316768978659,-0.800201093374767,1.12011645862327,0.388137819469328,0.0387594847582426,0.139697301553347,1.11941230538077,8,0.125,0.162878629611344,"0.224609282270062",-0.0243323532687902,0.83349619832291
"240064",NA,NA,NA,NA,NA,0.941918303869977,-0.785999653601287,NA,2,0.5,0.0779593251343453,"0.12272602875569",-0.0243323532687902,0.83349619832291
"240066",0.881367170245933,0.947469619040956,-0.70857189926133,NA,NA,-0.198668864595873,0.345407736032154,-1.3506321882411,6,0.166666666666667,-0.0139380711298774,"0.0124707013179271",-0.0243323532687902,0.83349619832291
"240069",NA,NA,NA,NA,NA,0.941918303869977,0.191124910173049,0.707738223110458,3,0.333333333333333,0.613593812384495,"0.765361818010527",-0.0243323532687902,0.83349619832291
"240071",NA,NA,NA,NA,NA,NA,0.0882696929336448,NA,1,1,0.0882696929336448,"0.135096052542295",-0.0243323532687902,0.83349619832291
"240075",0.881367170245933,-0.207290997111577,-0.569696401933152,NA,NA,0.332053328078033,-1.1974205225589,-1.62508157642131,6,0.166666666666667,-0.397678166616829,"-0.447927433981407",-0.0243323532687902,0.83349619832291
"240076",NA,NA,NA,NA,NA,-0.452391316356644,0.448262953271558,0.296064140840146,3,0.333333333333333,0.0973119259183531,"0.145944611903336",-0.0243323532687902,0.83349619832291
"240078",0.00641408330672395,0.144857364160945,-0.204611331637425,-1.80304854808317,0.817201508081513,-0.0240891959531409,1.21967708256709,-1.213407494151,8,0.125,-0.132125816463559,"-0.129326880448479",-0.0243323532687902,0.83349619832291
"240080",-0.397193308410395,-0.600553126451448,-0.266174696432391,0.780355918576759,0.632604339725108,-0.398853551306206,0.756828604989769,-2.17398035278173,8,0.125,-0.208370771511316,"-0.220802948607124",-0.0243323532687902,0.83349619832291
"240084",NA,NA,1.19846070322458,NA,NA,0.399557466619889,0.293980127412452,NA,3,0.333333333333333,0.630666099085641,"0.785844558946236",-0.0243323532687902,0.83349619832291
"240088",NA,NA,NA,NA,NA,-0.610676882592721,0.0368420843139429,NA,2,0.5,-0.286917399139389,"-0.315040484166515",-0.0243323532687902,0.83349619832291
"240093",-0.879828720883313,0.146644919294308,-2.09160004791102,NA,0.218507989087766,0.1574736594353,0.345407736032154,0.43328883493025,7,0.142857142857143,-0.238586518573508,"-0.257054760100672",-0.0243323532687902,0.83349619832291
"240100",0.881367170245933,-1.7445884118038,0.0359153029103472,NA,NA,0.257566002790467,-0.117440741545163,NA,5,0.2,-0.137436135480444,"-0.135698018106419",-0.0243323532687902,0.83349619832291
"240101",NA,NA,NA,NA,NA,-0.778273364489744,0.242552518792751,NA,2,0.5,-0.267860422848497,"-0.292176581092647",-0.0243323532687902,0.83349619832291
"240104",0.881367170245933,-2.15036342707721,-0.569696401933152,NA,NA,-0.743357430761198,0.653973387750365,-0.115609941430166,6,0.166666666666667,-0.340614440534239,"-0.379464342971023",-0.0243323532687902,0.83349619832291
"240106",0.10378789459512,0.0644173831596075,0.167632269448413,-0.741934549139126,0.288355566303703,-0.0217614670379045,-0.271723567404269,-0.664508717790581,8,0.125,-0.13446689848313,"-0.132135629935617",-0.0243323532687902,0.83349619832291
"240115",0.435423338838207,0.243172896495913,0.212015160347109,-3.22943063512527,0.339909730439276,0.173767761841955,0.756828604989769,-0.527284023700479,8,0.125,-0.19944964573419,"-0.210099689497992",-0.0243323532687902,0.83349619832291
"240141",NA,NA,NA,NA,NA,-0.736374244015488,0.242552518792751,NA,2,0.5,-0.246910862611369,"-0.267042021055924",-0.0243323532687902,0.83349619832291
"240166",NA,NA,NA,NA,NA,0.941918303869977,0.293980127412452,NA,2,0.5,0.617949215641215,"0.770587280664686",-0.0243323532687902,0.83349619832291
"240187",NA,NA,NA,NA,NA,-1.04596218974193,-0.837427262220988,NA,2,0.5,-0.941694725981461,"-1.10061974434738",-0.0243323532687902,0.83349619832291
"240206",NA,NA,NA,NA,NA,NA,NA,NA,0,NA,NA,"NaN",-0.0243323532687902,0.83349619832291
"240207",-1.27920246863137,-1.30484984899649,0.0488006583325493,NA,-0.548152322734782,0.0899695208934441,1.01396664808828,NA,6,0.166666666666667,-0.329911302174729,"-0.366623086608911",-0.0243323532687902,0.83349619832291
"240210",0.59912423897522,-0.389621620714608,0.632936770805711,NA,1.14814598108083,0.106263623300099,0.49969056189126,NA,6,0.166666666666667,0.43275659255642,"0.548399556884513",-0.0243323532687902,0.83349619832291
"240213",0.881367170245933,-2.48284868188274,NA,NA,1.14814598108083,0.0806586052324984,0.911111430848875,-0.25283463552027,6,0.166666666666667,0.0475999783341879,"0.086301931247814",-0.0243323532687902,0.83349619832291
"240214",0.881367170245933,-2.45246024461557,0.438224733314657,NA,1.14814598108083,0.941918303869977,1.06539425670798,0.43328883493025,7,0.142857142857143,0.350839862219152,"0.450118688294957",-0.0243323532687902,0.83349619832291
"241301",NA,NA,NA,NA,NA,NA,NA,NA,0,NA,NA,"NaN",-0.0243323532687902,0.83349619832291
"241302",NA,NA,NA,NA,NA,NA,NA,NA,0,NA,NA,"NaN",-0.0243323532687902,0.83349619832291
"241303",NA,NA,NA,NA,NA,NA,NA,NA,0,NA,NA,"NaN",-0.0243323532687902,0.83349619832291
"241304",NA,NA,NA,NA,NA,NA,NA,NA,0,NA,NA,"NaN",-0.0243323532687902,0.83349619832291
"241305",NA,NA,NA,NA,NA,0.941918303869977,NA,NA,1,1,0.941918303869977,"1.15927422234555",-0.0243323532687902,0.83349619832291
"241306",NA,NA,NA,NA,NA,NA,NA,-1.62508157642131,1,1,-1.62508157642131,"-1.92052372449138",-0.0243323532687902,0.83349619832291
"241308",NA,NA,NA,NA,NA,NA,NA,NA,0,NA,NA,"NaN",-0.0243323532687902,0.83349619832291
"241309",NA,NA,NA,NA,NA,NA,NA,NA,0,NA,NA,"NaN",-0.0243323532687902,0.83349619832291
"241311",NA,NA,NA,NA,NA,NA,NA,NA,0,NA,NA,"NaN",-0.0243323532687902,0.83349619832291
"241312",NA,NA,NA,NA,NA,NA,NA,NA,0,NA,NA,"NaN",-0.0243323532687902,0.83349619832291
"241313",NA,NA,NA,NA,NA,NA,NA,NA,0,NA,NA,"NaN",-0.0243323532687902,0.83349619832291
"241314",NA,NA,NA,NA,NA,NA,NA,NA,0,NA,NA,"NaN",-0.0243323532687902,0.83349619832291
"241315",NA,NA,NA,NA,NA,NA,NA,NA,0,NA,NA,"NaN",-0.0243323532687902,0.83349619832291
"241316",NA,NA,NA,NA,NA,NA,NA,NA,0,NA,NA,"NaN",-0.0243323532687902,0.83349619832291
"241317",NA,NA,NA,NA,NA,NA,NA,NA,0,NA,NA,"NaN",-0.0243323532687902,0.83349619832291
"241318",NA,NA,NA,NA,NA,NA,NA,NA,0,NA,NA,"NaN",-0.0243323532687902,0.83349619832291
"241319",NA,NA,NA,NA,NA,NA,NA,NA,0,NA,NA,"NaN",-0.0243323532687902,0.83349619832291
"241320",NA,NA,NA,NA,NA,NA,NA,NA,0,NA,NA,"NaN",-0.0243323532687902,0.83349619832291
"241321",NA,NA,NA,NA,NA,NA,NA,NA,0,NA,NA,"NaN",-0.0243323532687902,0.83349619832291
"241322",NA,0.604259033435249,NA,NA,NA,-0.948197575302003,NA,NA,2,0.5,-0.171969270933377,"-0.177129683328669",-0.0243323532687902,0.83349619832291
"241323",NA,NA,NA,NA,NA,NA,NA,NA,0,NA,NA,"NaN",-0.0243323532687902,0.83349619832291
"241325",NA,NA,NA,NA,NA,NA,NA,NA,0,NA,NA,"NaN",-0.0243323532687902,0.83349619832291
"241326",NA,NA,NA,NA,NA,NA,NA,NA,0,NA,NA,"NaN",-0.0243323532687902,0.83349619832291
"241327",NA,NA,NA,NA,NA,NA,NA,NA,0,NA,NA,"NaN",-0.0243323532687902,0.83349619832291
"241328",NA,NA,NA,NA,NA,NA,NA,NA,0,NA,NA,"NaN",-0.0243323532687902,0.83349619832291
"241329",NA,NA,NA,NA,NA,0.00617127994493256,NA,NA,1,1,0.00617127994493256,"0.0365972073719107",-0.0243323532687902,0.83349619832291
"241330",NA,NA,NA,NA,NA,NA,NA,NA,0,NA,NA,"NaN",-0.0243323532687902,0.83349619832291
"241332",NA,NA,NA,NA,NA,NA,NA,0.43328883493025,1,1,0.43328883493025,"0.549038122933046",-0.0243323532687902,0.83349619832291
"241333",NA,NA,NA,NA,NA,NA,NA,NA,0,NA,NA,"NaN",-0.0243323532687902,0.83349619832291
"241334",NA,NA,NA,NA,NA,NA,NA,1.11941230538077,1,1,1.11941230538077,"1.37222540540786",-0.0243323532687902,0.83349619832291
"241335",NA,NA,NA,NA,NA,NA,NA,NA,0,NA,NA,"NaN",-0.0243323532687902,0.83349619832291
"241336",NA,NA,NA,NA,NA,NA,NA,NA,0,NA,NA,"NaN",-0.0243323532687902,0.83349619832291
"241337",NA,NA,NA,NA,NA,NA,NA,NA,0,NA,NA,"NaN",-0.0243323532687902,0.83349619832291
"241338",NA,NA,NA,NA,NA,0.941918303869977,NA,NA,1,1,0.941918303869977,"1.15927422234555",-0.0243323532687902,0.83349619832291
"241339",NA,NA,NA,NA,NA,NA,NA,NA,0,NA,NA,"NaN",-0.0243323532687902,0.83349619832291
"241340",NA,NA,NA,NA,NA,NA,NA,NA,0,NA,NA,"NaN",-0.0243323532687902,0.83349619832291
"241341",NA,NA,NA,NA,NA,NA,NA,NA,0,NA,NA,"NaN",-0.0243323532687902,0.83349619832291
"241342",NA,NA,NA,NA,NA,NA,NA,NA,0,NA,NA,"NaN",-0.0243323532687902,0.83349619832291
"241343",NA,NA,NA,NA,NA,NA,NA,NA,0,NA,NA,"NaN",-0.0243323532687902,0.83349619832291
"241344",NA,0.947469619040956,NA,NA,NA,-1.29502918367223,NA,NA,2,0.5,-0.173779782315638,"-0.17930187245911",-0.0243323532687902,0.83349619832291
"241345",NA,NA,NA,NA,NA,-4.83783259266208,NA,NA,1,1,-4.83783259266208,"-5.77507161889713",-0.0243323532687902,0.83349619832291
"241346",NA,NA,NA,NA,NA,NA,NA,NA,0,NA,NA,"NaN",-0.0243323532687902,0.83349619832291
"241347",NA,NA,NA,NA,NA,NA,NA,NA,0,NA,NA,"NaN",-0.0243323532687902,0.83349619832291
"241348",NA,NA,NA,NA,NA,NA,NA,NA,0,NA,NA,"NaN",-0.0243323532687902,0.83349619832291
"241349",NA,NA,NA,NA,NA,NA,NA,NA,0,NA,NA,"NaN",-0.0243323532687902,0.83349619832291
"241350",NA,NA,NA,NA,NA,NA,NA,NA,0,NA,NA,"NaN",-0.0243323532687902,0.83349619832291
"241351",NA,NA,NA,NA,NA,NA,NA,0.707738223110458,1,1,0.707738223110458,"0.87831303592297",-0.0243323532687902,0.83349619832291
"241353",NA,NA,NA,NA,NA,-2.18422162929255,NA,0.982187611290668,2,0.5,-0.60101700900094,"-0.691886365999636",-0.0243323532687902,0.83349619832291
"241354",NA,NA,NA,NA,NA,-1.06458402106382,NA,-0.25283463552027,2,0.5,-0.658709328292048,"-0.761103621467857",-0.0243323532687902,0.83349619832291
"241355",NA,NA,NA,NA,NA,NA,NA,NA,0,NA,NA,"NaN",-0.0243323532687902,0.83349619832291
"241356",NA,NA,NA,NA,NA,NA,NA,NA,0,NA,NA,"NaN",-0.0243323532687902,0.83349619832291
"241357",NA,NA,NA,NA,NA,NA,NA,NA,0,NA,NA,"NaN",-0.0243323532687902,0.83349619832291
"241358",NA,NA,NA,NA,NA,NA,NA,NA,0,NA,NA,"NaN",-0.0243323532687902,0.83349619832291
"241359",NA,NA,NA,NA,NA,-0.217290695917765,NA,0.707738223110458,2,0.5,0.245223763596347,"0.323404134784916",-0.0243323532687902,0.83349619832291
"241360",NA,NA,NA,NA,NA,NA,NA,NA,0,NA,NA,"NaN",-0.0243323532687902,0.83349619832291
"241361",NA,NA,NA,NA,NA,-1.96308738234509,NA,NA,1,1,-1.96308738234509,"-2.32605143608009",-0.0243323532687902,0.83349619832291
"241362",NA,NA,NA,NA,NA,0.941918303869977,NA,NA,1,1,0.941918303869977,"1.15927422234555",-0.0243323532687902,0.83349619832291
"241363",NA,NA,NA,NA,NA,NA,NA,0.296064140840146,1,1,0.296064140840146,"0.384400666438084",-0.0243323532687902,0.83349619832291
"241364",NA,NA,NA,NA,NA,-1.29502918367223,NA,-0.664508717790581,2,0.5,-0.979768950731406,"-1.14629988641228",-0.0243323532687902,0.83349619832291
"241365",NA,NA,NA,NA,NA,NA,NA,NA,0,NA,NA,"NaN",-0.0243323532687902,0.83349619832291
"241366",NA,NA,NA,NA,NA,NA,NA,NA,0,NA,NA,"NaN",-0.0243323532687902,0.83349619832291
"241367",NA,NA,NA,NA,NA,-5.59667221902915,NA,0.570513529020354,2,0.5,-2.5130793450044,"-2.98591282928855",-0.0243323532687902,0.83349619832291
"241368",NA,NA,NA,NA,NA,NA,NA,NA,0,NA,NA,"NaN",-0.0243323532687902,0.83349619832291
"241369",NA,NA,NA,NA,NA,NA,NA,0.982187611290668,1,1,0.982187611290668,"1.20758794891289",-0.0243323532687902,0.83349619832291
"241370",NA,NA,NA,NA,NA,NA,NA,0.158839446750041,1,1,0.158839446750041,"0.219763209943122",-0.0243323532687902,0.83349619832291
"241371",NA,NA,NA,NA,NA,NA,NA,NA,0,NA,NA,"NaN",-0.0243323532687902,0.83349619832291
"241372",NA,NA,NA,NA,NA,NA,NA,NA,0,NA,NA,"NaN",-0.0243323532687902,0.83349619832291
"241373",NA,NA,NA,NA,NA,-0.806206111472581,NA,NA,1,1,-0.806206111472581,"-0.938065176274362",-0.0243323532687902,0.83349619832291
"241374",NA,NA,NA,NA,NA,NA,NA,NA,0,NA,NA,"NaN",-0.0243323532687902,0.83349619832291
"241375",NA,NA,NA,NA,NA,NA,NA,NA,0,NA,NA,"NaN",-0.0243323532687902,0.83349619832291
"241376",NA,NA,NA,NA,NA,0.941918303869977,NA,NA,1,1,0.941918303869977,"1.15927422234555",-0.0243323532687902,0.83349619832291
"241377",NA,NA,NA,NA,NA,NA,NA,NA,0,NA,NA,"NaN",-0.0243323532687902,0.83349619832291
"241378",NA,0.947469619040956,NA,NA,NA,0.941918303869977,NA,1.11941230538077,3,0.333333333333333,1.00293340943057,"1.23247804221103",-0.0243323532687902,0.83349619832291
"241379",NA,NA,NA,NA,NA,NA,NA,NA,0,NA,NA,"NaN",-0.0243323532687902,0.83349619832291
"241380",NA,NA,NA,NA,NA,NA,NA,0.707738223110458,1,1,0.707738223110458,"0.87831303592297",-0.0243323532687902,0.83349619832291
"241381",NA,NA,NA,NA,NA,NA,NA,NA,0,NA,NA,"NaN",-0.0243323532687902,0.83349619832291
"250001",-0.100838230576147,-0.285943422979551,-1.37431526274177,0.106956650016113,-0.135719009650201,0.527582556957893,-1.66026900013622,0.0216147526599381,8,0.125,-0.362616370806243,"-0.405861500290127",-0.0243323532687902,0.83349619832291
"250002",NA,NA,NA,NA,NA,NA,NA,NA,0,NA,NA,"NaN",-0.0243323532687902,0.83349619832291
"250004",0.0769748161244021,-1.23692275392869,-1.79094175472631,NA,0.376496556600005,0.420507026857017,-0.785999653601287,-0.527284023700479,7,0.142857142857143,-0.495309969482192,"-0.565062704738261",-0.0243323532687902,0.83349619832291
"250006",NA,NA,NA,NA,NA,0.941918303869977,0.191124910173049,NA,2,0.5,0.566521607021513,"0.708886209054306",-0.0243323532687902,0.83349619832291
"250007",NA,-0.64881711505225,NA,NA,NA,0.941918303869977,-0.0660131329254609,NA,3,0.333333333333333,0.0756960186307552,"0.120010591650945",-0.0243323532687902,0.83349619832291
"250009",-0.339333507499899,-0.468274046582582,-5.61932402127835,NA,1.14814598108083,-0.387214906730024,0.49969056189126,-0.390059329610375,7,0.142857142857143,-0.793767038389877,"-0.923141205285973",-0.0243323532687902,0.83349619832291
"250017",NA,NA,NA,NA,NA,NA,NA,NA,0,NA,NA,"NaN",-0.0243323532687902,0.83349619832291
"250018",NA,NA,NA,NA,NA,NA,NA,NA,0,NA,NA,"NaN",-0.0243323532687902,0.83349619832291
"250019",0.0219374445266131,0.143069809027582,0.309371179092636,0.115119065392605,0.138682186555267,0.304120581095196,-0.374578784643672,0.982187611290668,8,0.125,0.204988636542112,"0.275131416642718",-0.0243323532687902,0.83349619832291
"250020",NA,NA,NA,NA,NA,0.941918303869977,NA,NA,1,1,0.941918303869977,"1.15927422234555",-0.0243323532687902,0.83349619832291
"250025",NA,-0.512962924916658,1.19846070322458,NA,NA,-0.557139117542283,0.49969056189126,NA,4,0.25,0.157012305664225,"0.217571069067743",-0.0243323532687902,0.83349619832291
"250027",NA,NA,NA,NA,NA,NA,NA,NA,0,NA,NA,"NaN",-0.0243323532687902,0.83349619832291
"250031",0.390264469834893,0.947469619040956,0.207720041873042,NA,1.14814598108083,0.771994093057718,0.0368420843139429,NA,6,0.166666666666667,0.583739381533564,"0.729543501249154",-0.0243323532687902,0.83349619832291
"250034",0.398731757773014,0.634647470702421,-1.36142990731957,NA,1.14814598108083,0.52292709912742,0.49969056189126,-0.390059329610375,7,0.142857142857143,0.207521947663572,"0.27817079597829",-0.0243323532687902,0.83349619832291
"250036",NA,NA,NA,NA,NA,0.941918303869977,-0.168868350164865,NA,2,0.5,0.386524976852556,"0.492932458417973",-0.0243323532687902,0.83349619832291
"250038",NA,NA,NA,NA,NA,0.941918303869977,0.242552518792751,NA,2,0.5,0.592235411331364,"0.739736744859496",-0.0243323532687902,0.83349619832291
"250040",0.601946668287927,-0.0571363659090802,0.776107386607957,0.681386632136785,-2.01162536916394,0.259893731705703,0.293980127412452,0.707738223110458,8,0.125,0.156536379273533,"0.217000068994018",-0.0243323532687902,0.83349619832291
"250042",NA,NA,NA,NA,NA,NA,0.602545779130663,NA,1,1,0.602545779130663,"0.752106768646101",-0.0243323532687902,0.83349619832291
"250043",NA,NA,NA,NA,NA,NA,NA,NA,0,NA,NA,"NaN",-0.0243323532687902,0.83349619832291
"250044",NA,NA,NA,NA,NA,-3.38765747846978,0.191124910173049,NA,2,0.5,-1.59826628414837,"-1.88835166140711",-0.0243323532687902,0.83349619832291
"250048",-0.0514457176037722,0.405840413631951,0.146156677078076,0.476305945802407,-1.49608372780821,0.434473400348436,-0.477434001883076,0.844962917200563,8,0.125,0.0353469883457961,"0.0716012163398802",-0.0243323532687902,0.83349619832291
"250049",NA,NA,NA,NA,NA,NA,NA,NA,0,NA,NA,"NaN",-0.0243323532687902,0.83349619832291
"250050",NA,NA,NA,NA,NA,0.941918303869977,0.293980127412452,NA,2,0.5,0.617949215641215,"0.770587280664686",-0.0243323532687902,0.83349619832291
"250057",NA,NA,NA,NA,NA,0.134196370282936,0.139697301553347,NA,2,0.5,0.136946835918141,"0.193497210318948",-0.0243323532687902,0.83349619832291
"250058",-0.405660596348516,-0.141151457177144,1.19846070322458,NA,-3.75448872445685,-0.408164466967152,-6.13447095005028,1.11941230538077,7,0.142857142857143,-1.2180090266278,"-1.43213211501243",-0.0243323532687902,0.83349619832291
"250061",NA,NA,NA,NA,NA,NA,NA,NA,0,NA,NA,"NaN",-0.0243323532687902,0.83349619832291
"250067",NA,NA,NA,NA,NA,-0.615332340423194,0.242552518792751,NA,2,0.5,-0.186389910815222,"-0.194431069838723",-0.0243323532687902,0.83349619832291
"250069",-1.97069765024462,0.947469619040956,0.456836913368949,NA,1.14814598108083,0.266876918451413,0.0368420843139429,-0.390059329610375,7,0.142857142857143,0.0707735052001577,"0.114104729763989",-0.0243323532687902,0.83349619832291
"250072",NA,NA,NA,NA,1.14814598108083,0.941918303869977,0.396835344651856,NA,3,0.333333333333333,0.828966543200889,"1.02375859444424",-0.0243323532687902,0.83349619832291
"250077",NA,0.947469619040956,NA,NA,NA,-0.296433479035803,0.0882696929336448,NA,3,0.333333333333333,0.246435277646266,"0.324857667569296",-0.0243323532687902,0.83349619832291
"250078",-0.702015674182765,0.572083041034715,0.0745713691769535,0.180418388404547,-1.7488654358278,-0.345315786255768,-0.426006393263374,0.296064140840146,8,0.125,-0.262383293759168,"-0.28560531046136",-0.0243323532687902,0.83349619832291
"250081",NA,NA,NA,NA,NA,0.941918303869977,NA,NA,1,1,0.941918303869977,"1.15927422234555",-0.0243323532687902,0.83349619832291
"250082",0.881367170245933,0.947469619040956,NA,NA,NA,0.941918303869977,0.293980127412452,NA,4,0.25,0.766183805142329,"0.948434030055241",-0.0243323532687902,0.83349619832291
"250084",NA,NA,-0.0227846495685734,NA,NA,0.211011424485738,-0.785999653601287,NA,3,0.333333333333333,-0.199257626228041,"-0.2098693111153",-0.0243323532687902,0.83349619832291
"250085",NA,NA,NA,NA,NA,-3.54594304470586,NA,NA,1,1,-3.54594304470586,"-4.22510708329919",-0.0243323532687902,0.83349619832291
"250093",NA,0.947469619040956,NA,NA,NA,-3.35739700257171,0.808256213609471,NA,3,0.333333333333333,-0.53389038997376,"-0.611350163000455",-0.0243323532687902,0.83349619832291
"250094",-0.292763423840231,0.947469619040956,1.19846070322458,1.12011645862327,-2.36252629279639,0.525254828042656,1.06539425670798,0.158839446750041,8,0.125,0.295030699469108,"0.383160779113922",-0.0243323532687902,0.83349619832291
"250095",NA,NA,NA,NA,NA,0.941918303869977,NA,NA,1,1,0.941918303869977,"1.15927422234555",-0.0243323532687902,0.83349619832291
"250096",NA,NA,NA,NA,NA,NA,0.49969056189126,NA,1,1,0.49969056189126,"0.62870462542534",-0.0243323532687902,0.83349619832291
"250097",-2.74686571123908,0.947469619040956,-1.133788628194,NA,NA,-0.184702491104455,0.602545779130663,NA,5,0.2,-0.503068286473182,"-0.574370865959154",-0.0243323532687902,0.83349619832291
"250099",NA,NA,NA,NA,NA,0.941918303869977,0.191124910173049,-1.213407494151,3,0.333333333333333,-0.0267880933693245,"-0.00294631229929484",-0.0243323532687902,0.83349619832291
"250100",0.881367170245933,0.947469619040956,-0.69139142536506,1.12011645862327,-3.88420565357216,-0.352298973001478,-1.0431376966998,-0.390059329610375,8,0.125,-0.426517478792339,"-0.482527846357058",-0.0243323532687902,0.83349619832291
"250102",-0.315342858341888,-0.0392608145754496,-0.556811046510949,-3.32125780811081,-0.252131638343429,-0.35695443083195,-7.36873355692313,1.11941230538077,8,0.125,-1.3863849810321,"-1.63414377954443",-0.0243323532687902,0.83349619832291
"250104",-0.335099863530838,0.0536920523594292,0.551329519798431,NA,-0.395152867880824,-0.859743876523019,0.0368420843139429,0.844962917200563,7,0.142857142857143,-0.0147385763231879,"0.0115102827882191",-0.0243323532687902,0.83349619832291
"250117",NA,0.947469619040956,NA,NA,NA,-2.17258298471637,0.191124910173049,NA,3,0.333333333333333,-0.344662818500787,"-0.384321447268192",-0.0243323532687902,0.83349619832291
"250123",-0.439529748101002,0.237810231095824,0.671592837072318,NA,0.280040378539901,0.769666364142481,-0.168868350164865,NA,6,0.166666666666667,0.22511861876411,"0.299282675235741",-0.0243323532687902,0.83349619832291
"250124",NA,NA,NA,NA,NA,NA,NA,NA,0,NA,NA,"NaN",-0.0243323532687902,0.83349619832291
"250127",NA,NA,NA,NA,NA,NA,NA,NA,0,NA,NA,"NaN",-0.0243323532687902,0.83349619832291
"250134",NA,NA,NA,NA,NA,NA,NA,NA,0,NA,NA,"NaN",-0.0243323532687902,0.83349619832291
"250136",NA,NA,NA,NA,NA,NA,0.0368420843139429,NA,1,1,0.0368420843139429,"0.0733949809319144",-0.0243323532687902,0.83349619832291
"250138",-0.61310915083249,0.947469619040956,1.19846070322458,NA,NA,0.65327991838066,0.551118170510961,0.158839446750041,6,0.166666666666667,0.482676451179118,"0.608291682035345",-0.0243323532687902,0.83349619832291
"250141",0.0924981773442912,0.0894431550266903,-0.114413843682011,NA,-0.245479488132387,0.0457426715039519,-2.43168312943175,NA,6,0.166666666666667,-0.427315409561868,"-0.483485176181879",-0.0243323532687902,0.83349619832291
"250151",NA,NA,NA,NA,NA,0.941918303869977,NA,NA,1,1,0.941918303869977,"1.15927422234555",-0.0243323532687902,0.83349619832291
"250152",NA,NA,NA,NA,NA,NA,NA,NA,0,NA,NA,"NaN",-0.0243323532687902,0.83349619832291
"250162",NA,NA,NA,NA,NA,0.941918303869977,0.396835344651856,NA,2,0.5,0.669376824260916,"0.832288352275067",-0.0243323532687902,0.83349619832291
"250167",0.881367170245933,0.947469619040956,NA,NA,NA,0.941918303869977,0.602545779130663,NA,4,0.25,0.843325218071882,"1.04098563747081",-0.0243323532687902,0.83349619832291
"250168",NA,-2.07886122174269,NA,NA,NA,-1.57202892458537,0.191124910173049,NA,3,0.333333333333333,-1.15325507871834,"-1.35444256101116",-0.0243323532687902,0.83349619832291
"250172",NA,NA,NA,NA,NA,NA,NA,NA,0,NA,NA,"NaN",-0.0243323532687902,0.83349619832291
"25042F",NA,NA,NA,NA,NA,NA,0.551118170510961,NA,1,1,0.551118170510961,"0.690405697035721",-0.0243323532687902,0.83349619832291
"25043F",NA,0.947469619040956,NA,NA,NA,NA,-0.426006393263374,NA,2,0.5,0.260731612888791,"0.342009917659088",-0.0243323532687902,0.83349619832291
"251300",NA,NA,NA,NA,NA,-2.49613730393423,NA,NA,1,1,-2.49613730393423,"-2.96558635257005",-0.0243323532687902,0.83349619832291
"251302",NA,NA,NA,NA,NA,NA,NA,NA,0,NA,NA,"NaN",-0.0243323532687902,0.83349619832291
"251304",NA,NA,NA,NA,NA,NA,NA,NA,0,NA,NA,"NaN",-0.0243323532687902,0.83349619832291
"251305",NA,NA,NA,NA,NA,NA,NA,NA,0,NA,NA,"NaN",-0.0243323532687902,0.83349619832291
"251307",NA,NA,NA,NA,NA,NA,NA,NA,0,NA,NA,"NaN",-0.0243323532687902,0.83349619832291
"251308",NA,NA,NA,NA,NA,-1.14838226201234,NA,NA,1,1,-1.14838226201234,"-1.34859632354084",-0.0243323532687902,0.83349619832291
"251309",NA,NA,NA,NA,NA,NA,NA,NA,0,NA,NA,"NaN",-0.0243323532687902,0.83349619832291
"251312",NA,NA,NA,NA,NA,NA,NA,NA,0,NA,NA,"NaN",-0.0243323532687902,0.83349619832291
"251313",NA,NA,NA,NA,NA,0.941918303869977,NA,NA,1,1,0.941918303869977,"1.15927422234555",-0.0243323532687902,0.83349619832291
"251315",NA,NA,NA,NA,NA,-1.09018903913143,NA,NA,1,1,-1.09018903913143,"-1.27877810121661",-0.0243323532687902,0.83349619832291
"251316",NA,NA,NA,NA,NA,NA,NA,NA,0,NA,NA,"NaN",-0.0243323532687902,0.83349619832291
"251317",NA,NA,NA,NA,NA,0.941918303869977,NA,NA,1,1,0.941918303869977,"1.15927422234555",-0.0243323532687902,0.83349619832291
"251318",NA,0.947469619040956,NA,NA,NA,-0.468685418763299,NA,NA,2,0.5,0.239392100138828,"0.316407506042934",-0.0243323532687902,0.83349619832291
"251319",NA,NA,NA,NA,NA,NA,NA,NA,0,NA,NA,"NaN",-0.0243323532687902,0.83349619832291
"251320",NA,NA,NA,NA,NA,NA,NA,NA,0,NA,NA,"NaN",-0.0243323532687902,0.83349619832291
"251322",NA,NA,NA,NA,NA,NA,NA,NA,0,NA,NA,"NaN",-0.0243323532687902,0.83349619832291
"251323",NA,NA,NA,NA,NA,NA,NA,NA,0,NA,NA,"NaN",-0.0243323532687902,0.83349619832291
"251324",NA,NA,NA,NA,NA,NA,NA,NA,0,NA,NA,"NaN",-0.0243323532687902,0.83349619832291
"251325",NA,NA,NA,NA,NA,-0.468685418763299,NA,NA,1,1,-0.468685418763299,"-0.533119486793819",-0.0243323532687902,0.83349619832291
"251326",NA,NA,NA,NA,NA,NA,NA,NA,0,NA,NA,"NaN",-0.0243323532687902,0.83349619832291
"251327",NA,NA,NA,NA,NA,0.941918303869977,NA,NA,1,1,0.941918303869977,"1.15927422234555",-0.0243323532687902,0.83349619832291
"251330",NA,NA,NA,NA,NA,-3.98355608077031,NA,NA,1,1,-3.98355608077031,"-4.75014011517741",-0.0243323532687902,0.83349619832291
"251331",NA,NA,NA,NA,NA,NA,NA,NA,0,NA,NA,"NaN",-0.0243323532687902,0.83349619832291
"251333",NA,NA,NA,NA,NA,NA,NA,NA,0,NA,NA,"NaN",-0.0243323532687902,0.83349619832291
"251334",NA,NA,NA,NA,NA,NA,NA,NA,0,NA,NA,"NaN",-0.0243323532687902,0.83349619832291
"251335",NA,NA,NA,NA,NA,NA,NA,NA,0,NA,NA,"NaN",-0.0243323532687902,0.83349619832291
"251336",NA,NA,NA,NA,NA,-1.23450823187608,NA,NA,1,1,-1.23450823187608,"-1.45192729258071",-0.0243323532687902,0.83349619832291
"251337",NA,NA,NA,NA,NA,0.941918303869977,NA,NA,1,1,0.941918303869977,"1.15927422234555",-0.0243323532687902,0.83349619832291
"260001",-0.274417633307635,-0.743557537120492,-2.27772184845394,NA,0.309975054489589,0.753372261735826,0.653973387750365,NA,6,0.166666666666667,-0.263062719151048,"-0.286420461620114",-0.0243323532687902,0.83349619832291
"260005",-0.805034344096574,0.286074219696626,-3.18256014032413,NA,-0.443380956910876,0.583448050923567,0.448262953271558,NA,6,0.166666666666667,-0.518865036239972,"-0.593323261661228",-0.0243323532687902,0.83349619832291
"260006",0.168703768787384,-0.12148835071015,-0.765840145582228,NA,0.461311471790786,0.308776038925668,-0.631716827742182,-0.664508717790581,7,0.142857142857143,-0.177823251760186,"-0.184153087680829",-0.0243323532687902,0.83349619832291
"260009",0.881367170245933,0.947469619040956,1.19846070322458,NA,NA,0.941918303869977,0.396835344651856,NA,5,0.2,0.87321022820666,"1.07684064220258",-0.0243323532687902,0.83349619832291
"260011",-0.291352209183878,0.947469619040956,NA,NA,1.14814598108083,-0.477996334424245,-2.17454508633324,0.707738223110458,6,0.166666666666667,-0.0234233011181851,"0.00109064942639716",-0.0243323532687902,0.83349619832291
"260017",-0.0909597279816718,0.448741736832664,-1.15669592672236,NA,1.14814598108083,0.00384355102969613,0.551118170510961,-1.62508157642131,7,0.142857142857143,-0.102983970238741,"-0.0943634981517694",-0.0243323532687902,0.83349619832291
"260020",0.4326009095255,-0.178690114977768,0.330846771462973,0.747706257070788,0.426387683182817,0.350675159399924,0.551118170510961,0.43328883493025,8,0.125,0.386741708888181,"0.493192486041447",-0.0243323532687902,0.83349619832291
"260022",NA,NA,NA,NA,NA,-0.182374762189218,-0.014585524305759,NA,2,0.5,-0.0984801432474885,"-0.0889599618185329",-0.0243323532687902,0.83349619832291
"260023",-0.651211946554036,-1.44249159426545,0.013008004381988,NA,-1.42291007548676,0.376280177467525,1.32253229980649,0.570513529020354,7,0.142857142857143,-0.176325657947126,"-0.182356326260592",-0.0243323532687902,0.83349619832291
"260024",NA,NA,NA,NA,NA,0.941918303869977,0.0882696929336448,NA,2,0.5,0.515093998401811,"0.647185137443925",-0.0243323532687902,0.83349619832291
"260025",-0.385903591159566,0.947469619040956,NA,NA,NA,-0.373248533238605,-0.837427262220988,-0.801733411880687,5,0.2,-0.290168635891778,"-0.318941205920173",-0.0243323532687902,0.83349619832291
"260027",-0.154464387517582,0.0161533945588051,-0.416503843024749,NA,-1.2865409961604,0.19704505099432,0.191124910173049,NA,6,0.166666666666667,-0.24219764516276,"-0.261387265271683",-0.0243323532687902,0.83349619832291
"260032",-0.381669947190506,-0.20371588684485,-0.28908199496075,0.244697409494427,-0.481630820624365,-0.966819406623895,0.242552518792751,0.707738223110458,8,0.125,-0.140991238105841,"-0.13996330765729",-0.0243323532687902,0.83349619832291
"260034",NA,NA,NA,NA,NA,NA,0.0882696929336448,NA,1,1,0.0882696929336448,"0.135096052542295",-0.0243323532687902,0.83349619832291
"260040",0.0431056643719166,-0.116125685310061,0.761790325027732,0.35591031899914,0.333257580228235,-0.089265605579761,-1.0431376966998,-0.664508717790581,8,0.125,-0.052371727094147,"-0.0336406739248184",-0.0243323532687902,0.83349619832291
"260048",0.359217747395115,-1.66593598593583,-0.0113310003043938,0.51711802268487,-0.182284061127492,0.103935894384863,-0.477434001883076,NA,7,0.142857142857143,-0.193816197826563,"-0.203340872938346",-0.0243323532687902,0.83349619832291
"26004F",-0.484688617104316,-2.89398636255624,NA,NA,NA,NA,-0.631716827742182,0.982187611290668,4,0.25,-0.757051049028019,"-0.87909062720807",-0.0243323532687902,0.83349619832291
"260052",NA,NA,-3.16251625411182,0.18245899224867,-0.21720784973546,0.39257427987418,0.242552518792751,0.570513529020354,6,0.166666666666667,-0.331937463985221,"-0.369054005687569",-0.0243323532687902,0.83349619832291
"260057",NA,NA,NA,NA,NA,-1.74428086431286,0.242552518792751,0.570513529020354,3,0.333333333333333,-0.310404938833252,"-0.34322002444651",-0.0243323532687902,0.83349619832291
"260059",NA,NA,NA,NA,NA,0.941918303869977,0.139697301553347,NA,2,0.5,0.540807802711662,"0.678035673249115",-0.0243323532687902,0.83349619832291
"260061",NA,NA,NA,NA,NA,0.941918303869977,0.0368420843139429,NA,2,0.5,0.48938019409196,"0.616334601638735",-0.0243323532687902,0.83349619832291
"260062",-0.00769806325681169,-2.87432325608925,0.0745713691769535,NA,1.14814598108083,0.320414683501851,0.0368420843139429,0.707738223110458,7,0.142857142857143,-0.0849012825945747,"-0.0726685130030061",-0.0243323532687902,0.83349619832291
"260065",-0.0429784296656508,0.509518611367008,-0.888966875172159,-1.99078410174251,0.142008261660788,0.143507285943882,1.16824947394738,-0.664508717790581,8,0.125,-0.20299431143148,"-0.214352457182382",-0.0243323532687902,0.83349619832291
"260068",-0.350623224750727,-0.18584033551122,-0.220360099375672,0.486508965023022,0.512865635926359,0.134196370282936,0.653973387750365,-1.07618280006089,8,0.125,-0.00568276258947898,"0.0223751358636504",-0.0243323532687902,0.83349619832291
"260070",NA,NA,NA,NA,NA,NA,0.0368420843139429,NA,1,1,0.0368420843139429,"0.0733949809319144",-0.0243323532687902,0.83349619832291
"260074",NA,NA,NA,NA,NA,0.941918303869977,0.242552518792751,NA,2,0.5,0.592235411331364,"0.739736744859496",-0.0243323532687902,0.83349619832291
"260077",0.0924981773442912,-0.241254544645475,-1.21825929151732,-0.823558702904053,-0.267098976318273,0.366969261806579,1.01396664808828,-0.115609941430166,8,0.125,-0.149043421197018,"-0.149624039292753",-0.0243323532687902,0.83349619832291
"260078",NA,0.947469619040956,NA,NA,NA,0.117902267876281,-2.53453834667115,NA,3,0.333333333333333,-0.489722153251305,"-0.558358635490998",-0.0243323532687902,0.83349619832291
"26007F",NA,NA,NA,NA,NA,NA,NA,NA,0,NA,NA,"NaN",-0.0243323532687902,0.83349619832291
"260081",0.283012155952022,0.947469619040956,-0.479498913977737,NA,-2.77662264343373,0.776649550888191,-0.528861610502778,-0.527284023700479,7,0.142857142857143,-0.329305123676222,"-0.365895814547291",-0.0243323532687902,0.83349619832291
"260085",0.881367170245933,0.947469619040956,1.19846070322458,NA,NA,0.0806586052324984,-0.014585524305759,0.43328883493025,6,0.166666666666667,0.58777656806141,"0.734387178444045",-0.0243323532687902,0.83349619832291
"260091",0.455180344027157,0.947469619040956,-0.290513701118773,0.670163310994108,-0.318653140453845,0.346019701569451,-0.785999653601287,-0.527284023700479,8,0.125,0.062047807094661,"0.10363593803698",-0.0243323532687902,0.83349619832291
"260094",0.0656850988735736,0.250323117029365,NA,NA,-0.363555154378376,0.308776038925668,0.0882696929336448,NA,5,0.2,0.069899758676775,"0.113056438811804",-0.0243323532687902,0.83349619832291
"260095",-0.744352113873371,0.255685782429454,0.11322743544356,NA,0.512865635926359,0.557843032855966,0.0882696929336448,0.158839446750041,7,0.142857142857143,0.134625558923665,"0.190712222218046",-0.0243323532687902,0.83349619832291
"260096",0.291479443890144,-2.09137410767623,0.0402104213844145,0.386519376660987,0.471289697107348,-0.00546736463124947,-1.0945653053195,0.982187611290668,8,0.125,-0.127465028411677,"-0.123735027646679",-0.0243323532687902,0.83349619832291
"260097",NA,NA,NA,NA,NA,0.0783308763172619,0.139697301553347,1.25663699947087,3,0.333333333333333,0.491555059113828,"0.61894392970315",-0.0243323532687902,0.83349619832291
"26009F",-0.195389612551835,0.2824991094299,NA,NA,NA,NA,0.448262953271558,NA,3,0.333333333333333,0.178457483383207,"0.243300253870424",-0.0243323532687902,0.83349619832291
"260102",NA,NA,NA,NA,1.14814598108083,0.29480966543425,0.191124910173049,0.0216147526599381,4,0.25,0.413923827337018,"0.525804654523476",-0.0243323532687902,0.83349619832291
"260104",0.34933924480064,0.947469619040956,0.329415065304951,0.465082624659729,-0.125740784333638,0.639313544889241,0.962539039468576,0.982187611290668,8,0.125,0.56870074564014,"0.711500664432761",-0.0243323532687902,0.83349619832291
"260105",0.266077580075779,0.550632379434358,-0.21892839321765,NA,-0.774325429910197,0.394902008789416,-0.734572044981585,NA,6,0.166666666666667,-0.086035649968313,"-0.074029487865304",-0.0243323532687902,0.83349619832291
"260108",-0.287118565214817,0.182396021961569,0.804741509768406,0.401823905491911,-0.0409258691428572,0.150490472689591,1.4768151256656,0.570513529020354,8,0.125,0.407342016279969,"0.517908024556486",-0.0243323532687902,0.83349619832291
"260110",0.881367170245933,0.947469619040956,1.19846070322458,NA,-1.62580065692353,-0.850432960862073,0.396835344651856,0.570513529020354,7,0.142857142857143,0.216916106914011,"0.289441584338622",-0.0243323532687902,0.83349619832291
"260113",NA,0.947469619040956,NA,NA,NA,-1.70470947275384,0.0882696929336448,NA,3,0.333333333333333,-0.222990053593081,"-0.238342659179505",-0.0243323532687902,0.83349619832291
"260119",0.881367170245933,0.947469619040956,1.19846070322458,NA,1.14814598108083,0.704489954515861,0.551118170510961,NA,6,0.166666666666667,0.905175266436521,"1.11519119292396",-0.0243323532687902,0.83349619832291
"260137",0.305591590453679,-0.756070423054033,0.0688445445448637,0.389580282427172,0.817201508081513,-0.4942904368309,-0.734572044981585,1.25663699947087,8,0.125,0.106615252513948,"0.157106422376275",-0.0243323532687902,0.83349619832291
"260138",0.45659155868351,0.355788869897785,0.157610326342256,-0.0420074306048787,0.772299494156982,0.19704505099432,-0.631716827742182,-0.25283463552027,8,0.125,0.12659705077594,"0.18107989496343",-0.0243323532687902,0.83349619832291
"260141",-0.0387447856965901,-0.0499861453756279,-0.717162136209465,0.299793713285752,-0.747716829066031,-0.0869378766645246,1.06539425670798,-2.17398035278173,8,0.125,-0.306167519475029,"-0.338136114805711",-0.0243323532687902,0.83349619832291
"260142",NA,NA,NA,NA,NA,-1.51150797278922,0.139697301553347,NA,2,0.5,-0.685905335617936,"-0.793732453345687",-0.0243323532687902,0.83349619832291
"260160",NA,NA,NA,NA,NA,NA,NA,NA,0,NA,NA,"NaN",-0.0243323532687902,0.83349619832291
"260162",0.338049527549811,0.947469619040956,0.67302454323034,NA,NA,0.278515563027595,1.16824947394738,-0.25283463552027,6,0.166666666666667,0.525412348545969,"0.659564738172662",-0.0243323532687902,0.83349619832291
"260163",0.881367170245933,0.0447542766926139,1.19846070322458,NA,-5.29778757341851,-0.659559189812686,0.859683822229173,NA,6,0.166666666666667,-0.495513465139815,"-0.565306851811797",-0.0243323532687902,0.83349619832291
"260175",NA,NA,NA,NA,NA,-0.962163948793422,0.139697301553347,-0.527284023700479,3,0.333333333333333,-0.449916890313518,"-0.510601653494105",-0.0243323532687902,0.83349619832291
"260176",NA,NA,NA,NA,NA,0.941918303869977,-0.0660131329254609,-0.664508717790581,3,0.333333333333333,0.070465484384645,"0.11373517701002",-0.0243323532687902,0.83349619832291
"260177",0.411432689680196,-1.03492902385867,-1.23687147157162,NA,1.14814598108083,-0.156769744121617,0.808256213609471,0.707738223110458,7,0.142857142857143,0.0924289811327224,"0.140086223112295",-0.0243323532687902,0.83349619832291
"260179",-0.243370910867857,0.530969272967364,0.625778240015599,0.651797876396999,0.146997374319069,-0.373248533238605,0.345407736032154,0.982187611290668,8,0.125,0.333314833364424,"0.429092762933822",-0.0243323532687902,0.83349619832291
"260180",-0.747174543186078,0.264623558096269,-0.0886431328376065,NA,-0.681195326955615,0.101608165469626,1.01396664808828,-0.25283463552027,7,0.142857142857143,-0.0556641809779137,"-0.0375908465715462",-0.0243323532687902,0.83349619832291
"260183",-0.191155968582775,-0.99381525579132,1.19846070322458,NA,0.228486214404329,0.373952448552288,-0.734572044981585,-2.31120504687183,7,0.142857142857143,-0.347121278578045,"-0.387271022901776",-0.0243323532687902,0.83349619832291
"260186",0.881367170245933,0.232447565695734,NA,NA,NA,-0.491962707915663,0.808256213609471,NA,4,0.25,0.357527060408869,"0.45814175811",-0.0243323532687902,0.83349619832291
"260190",-1.66446406981589,0.947469619040956,0.788992742030159,NA,1.14814598108083,0.334381056993269,0.0882696929336448,0.570513529020354,7,0.142857142857143,0.316186935897618,"0.40854330211892",-0.0243323532687902,0.83349619832291
"260191",-0.00205320463139743,-1.12430678052682,0.844829282193035,NA,-0.192262286444055,-2.46122137020568,0.0368420843139429,0.158839446750041,7,0.142857142857143,-0.391333261221562,"-0.440315035258973",-0.0243323532687902,0.83349619832291
"260193",NA,NA,NA,NA,NA,0.941918303869977,0.49969056189126,-0.25283463552027,3,0.333333333333333,0.396258076746989,"0.504609896076377",-0.0243323532687902,0.83349619832291
"260195",NA,NA,NA,NA,NA,-2.01429741848029,0.242552518792751,NA,2,0.5,-0.885872449843769,"-1.03364610217599",-0.0243323532687902,0.83349619832291
"260200",-1.97916493818274,0.30037466076353,-0.596898818935578,NA,-2.01661448182222,0.858120062921466,0.139697301553347,NA,6,0.166666666666667,-0.549081035617033,"-0.629575375873456",-0.0243323532687902,0.83349619832291
"260214",NA,NA,NA,NA,NA,0.941918303869977,0.551118170510961,-0.390059329610375,3,0.333333333333333,0.367659048256855,"0.470297767781517",-0.0243323532687902,0.83349619832291
"260216",-1.17618379871756,-0.641666894518798,0.529853927428095,NA,0.700788879388285,0.557843032855966,0.756828604989769,-2.72287912914214,7,0.142857142857143,-0.28505933967377,"-0.312811248485107",-0.0243323532687902,0.83349619832291
"260219",NA,NA,-1.60911507265745,NA,NA,-0.207979780256819,-0.117440741545163,0.43328883493025,4,0.25,-0.375311689882297,"-0.421092906386037",-0.0243323532687902,0.83349619832291
"26023F",0.881367170245933,0.947469619040956,NA,NA,NA,NA,-0.117440741545163,-0.115609941430166,4,0.25,0.39894652657789,"0.507835405486391",-0.0243323532687902,0.83349619832291
"261301",NA,NA,NA,NA,NA,NA,NA,NA,0,NA,NA,"NaN",-0.0243323532687902,0.83349619832291
"261302",NA,NA,NA,NA,NA,NA,NA,NA,0,NA,NA,"NaN",-0.0243323532687902,0.83349619832291
"261303",NA,NA,NA,NA,NA,NA,NA,NA,0,NA,NA,"NaN",-0.0243323532687902,0.83349619832291
"261305",NA,NA,NA,NA,NA,NA,NA,NA,0,NA,NA,"NaN",-0.0243323532687902,0.83349619832291
"261306",NA,NA,NA,NA,NA,NA,NA,NA,0,NA,NA,"NaN",-0.0243323532687902,0.83349619832291
"261307",NA,NA,NA,NA,NA,NA,NA,NA,0,NA,NA,"NaN",-0.0243323532687902,0.83349619832291
"261308",NA,NA,NA,NA,NA,-2.20284346061444,NA,NA,1,1,-2.20284346061444,"-2.61370251205592",-0.0243323532687902,0.83349619832291
"261309",NA,NA,NA,NA,NA,NA,NA,NA,0,NA,NA,"NaN",-0.0243323532687902,0.83349619832291
"261310",NA,NA,NA,NA,NA,NA,NA,NA,0,NA,NA,"NaN",-0.0243323532687902,0.83349619832291
"261311",NA,NA,NA,NA,NA,-1.07622266564001,NA,0.43328883493025,2,0.5,-0.321466915354878,"-0.356491802462875",-0.0243323532687902,0.83349619832291
"261312",NA,NA,NA,NA,NA,NA,NA,NA,0,NA,NA,"NaN",-0.0243323532687902,0.83349619832291
"261313",NA,NA,NA,NA,NA,NA,NA,NA,0,NA,NA,"NaN",-0.0243323532687902,0.83349619832291
"261314",NA,NA,NA,NA,NA,NA,NA,NA,0,NA,NA,"NaN",-0.0243323532687902,0.83349619832291
"261316",NA,NA,NA,NA,NA,-3.31317015318222,NA,NA,1,1,-3.31317015318222,"-3.94583419400226",-0.0243323532687902,0.83349619832291
"261317",NA,NA,NA,NA,NA,NA,NA,NA,0,NA,NA,"NaN",-0.0243323532687902,0.83349619832291
"261318",NA,NA,NA,NA,NA,NA,NA,NA,0,NA,NA,"NaN",-0.0243323532687902,0.83349619832291
"261319",NA,NA,NA,NA,NA,0.941918303869977,NA,NA,1,1,0.941918303869977,"1.15927422234555",-0.0243323532687902,0.83349619832291
"261320",NA,NA,NA,NA,NA,NA,NA,NA,0,NA,NA,"NaN",-0.0243323532687902,0.83349619832291
"261321",NA,NA,NA,NA,NA,-2.08412928593738,NA,NA,1,1,-2.08412928593738,"-2.47127333851449",-0.0243323532687902,0.83349619832291
"261322",NA,NA,NA,NA,NA,NA,NA,NA,0,NA,NA,"NaN",-0.0243323532687902,0.83349619832291
"261323",NA,NA,NA,NA,NA,NA,NA,NA,0,NA,NA,"NaN",-0.0243323532687902,0.83349619832291
"261324",NA,NA,NA,NA,NA,0.0760031474020255,NA,NA,1,1,0.0760031474020255,"0.120379074160989",-0.0243323532687902,0.83349619832291
"261325",NA,NA,NA,NA,NA,-1.02966808733528,NA,NA,1,1,-1.02966808733528,"-1.20616714999941",-0.0243323532687902,0.83349619832291
"261327",NA,NA,NA,NA,NA,NA,NA,NA,0,NA,NA,"NaN",-0.0243323532687902,0.83349619832291
"261328",NA,NA,NA,NA,NA,NA,NA,NA,0,NA,NA,"NaN",-0.0243323532687902,0.83349619832291
"261329",NA,NA,NA,NA,NA,-0.29876120795104,NA,NA,1,1,-0.29876120795104,"-0.329250277607063",-0.0243323532687902,0.83349619832291
"261330",NA,NA,NA,NA,NA,NA,NA,NA,0,NA,NA,"NaN",-0.0243323532687902,0.83349619832291
"261331",NA,NA,NA,NA,NA,NA,NA,NA,0,NA,NA,"NaN",-0.0243323532687902,0.83349619832291
"261332",NA,NA,NA,NA,NA,NA,NA,NA,0,NA,NA,"NaN",-0.0243323532687902,0.83349619832291
"261333",NA,NA,NA,NA,NA,NA,NA,NA,0,NA,NA,"NaN",-0.0243323532687902,0.83349619832291
"261335",NA,NA,NA,NA,NA,NA,NA,NA,0,NA,NA,"NaN",-0.0243323532687902,0.83349619832291
"261336",NA,NA,NA,NA,NA,NA,NA,NA,0,NA,NA,"NaN",-0.0243323532687902,0.83349619832291
"261337",NA,NA,NA,NA,NA,0.941918303869977,NA,NA,1,1,0.941918303869977,"1.15927422234555",-0.0243323532687902,0.83349619832291
"261338",NA,NA,NA,NA,NA,-1.98403694258221,NA,0.158839446750041,2,0.5,-0.912598747916086,"-1.06571139308684",-0.0243323532687902,0.83349619832291
"261340",NA,NA,NA,NA,NA,NA,NA,NA,0,NA,NA,"NaN",-0.0243323532687902,0.83349619832291
"270003",-0.114950377139682,-1.99484613047463,-2.94919203656647,NA,1.14814598108083,0.217994611231448,-2.48311073805145,0.982187611290668,7,0.142857142857143,-0.74196729694704,"-0.860993661545445",-0.0243323532687902,0.83349619832291
"270004",0.117900041158655,0.461254622766205,0.541307576692274,1.12011645862327,0.516191711031879,0.464733876246509,0.653973387750365,-0.390059329610375,8,0.125,0.435677293082348,"0.551903712670472",-0.0243323532687902,0.83349619832291
"270012",-0.0570905762291864,0.361151535297874,NA,NA,0.103758397947298,-0.221946153748237,0.396835344651856,0.296064140840146,6,0.166666666666667,0.146462114793292,"0.204913313828833",-0.0243323532687902,0.83349619832291
"270014",-0.250426984149624,-0.831147738655282,0.242080989665581,NA,0.647571677699952,-0.00313963571601317,1.579670342905,-0.938958105970791,7,0.142857142857143,0.0636643636826888,"0.105575426892814",-0.0243323532687902,0.83349619832291
"270017",NA,NA,NA,NA,NA,-0.98311350903055,-0.837427262220988,0.0216147526599381,3,0.333333333333333,-0.5996420061972,"-0.690236685045474",-0.0243323532687902,0.83349619832291
"270023",0.10378789459512,0.947469619040956,1.19846070322458,NA,-1.88024540249587,-0.289450292290094,-2.84310399838936,NA,6,0.166666666666667,-0.460513579385778,"-0.523315195671719",-0.0243323532687902,0.83349619832291
"27003F",NA,NA,NA,NA,NA,NA,0.242552518792751,0.296064140840146,2,0.5,0.269308329816448,"0.35229996690576",-0.0243323532687902,0.83349619832291
"270049",0.377563537927711,0.0429667215592509,-0.478067207819715,-0.312387439951199,0.103758397947298,0.0341040269277697,-0.0660131329254609,-1.76230627051142,8,0.125,-0.25754767085572,"-0.279803696832914",-0.0243323532687902,0.83349619832291
"270051",-1.5064080283043,-0.255554985712379,-0.0743260712573819,NA,0.499561335504275,0.227305526892393,-1.81455182599532,0.158839446750041,7,0.142857142857143,-0.395019228874667,"-0.444737332157893",-0.0243323532687902,0.83349619832291
"270057",-0.026043853789408,-0.105400354509882,1.19846070322458,NA,-1.7738109991192,-1.37882742462074,-0.374578784643672,0.43328883493025,7,0.142857142857143,-0.289558839789725,"-0.318209593582552",-0.0243323532687902,0.83349619832291
"270074",NA,NA,NA,NA,NA,NA,NA,NA,0,NA,NA,"NaN",-0.0243323532687902,0.83349619832291
"270086",NA,NA,NA,NA,NA,-0.957508490962949,-0.220295958784567,-0.115609941430166,3,0.333333333333333,-0.431138130392561,"-0.488071544828051",-0.0243323532687902,0.83349619832291
"271300",NA,NA,NA,NA,NA,NA,NA,NA,0,NA,NA,"NaN",-0.0243323532687902,0.83349619832291
"271301",NA,NA,NA,NA,NA,NA,NA,NA,0,NA,NA,"NaN",-0.0243323532687902,0.83349619832291
"271302",NA,NA,NA,NA,NA,NA,NA,NA,0,NA,NA,"NaN",-0.0243323532687902,0.83349619832291
"271303",NA,NA,NA,NA,NA,NA,NA,NA,0,NA,NA,"NaN",-0.0243323532687902,0.83349619832291
"271304",NA,NA,NA,NA,NA,NA,NA,NA,0,NA,NA,"NaN",-0.0243323532687902,0.83349619832291
"271305",NA,NA,NA,NA,NA,NA,NA,NA,0,NA,NA,"NaN",-0.0243323532687902,0.83349619832291
"271306",NA,NA,NA,NA,NA,NA,NA,NA,0,NA,NA,"NaN",-0.0243323532687902,0.83349619832291
"271307",NA,NA,NA,NA,NA,NA,NA,NA,0,NA,NA,"NaN",-0.0243323532687902,0.83349619832291
"271308",NA,NA,NA,NA,NA,NA,NA,NA,0,NA,NA,"NaN",-0.0243323532687902,0.83349619832291
"271309",NA,NA,NA,NA,NA,NA,NA,NA,0,NA,NA,"NaN",-0.0243323532687902,0.83349619832291
"271310",NA,NA,NA,NA,NA,NA,NA,NA,0,NA,NA,"NaN",-0.0243323532687902,0.83349619832291
"271311",NA,NA,NA,NA,NA,NA,NA,NA,0,NA,NA,"NaN",-0.0243323532687902,0.83349619832291
"271312",NA,NA,NA,NA,NA,NA,NA,NA,0,NA,NA,"NaN",-0.0243323532687902,0.83349619832291
"271313",NA,NA,NA,NA,NA,NA,NA,NA,0,NA,NA,"NaN",-0.0243323532687902,0.83349619832291
"271314",NA,NA,NA,NA,NA,NA,NA,NA,0,NA,NA,"NaN",-0.0243323532687902,0.83349619832291
"271316",NA,NA,NA,NA,NA,NA,NA,NA,0,NA,NA,"NaN",-0.0243323532687902,0.83349619832291
"271317",NA,NA,NA,NA,NA,NA,NA,NA,0,NA,NA,"NaN",-0.0243323532687902,0.83349619832291
"271318",NA,NA,NA,NA,NA,NA,NA,0.0216147526599381,1,1,0.0216147526599381,"0.0551257534481611",-0.0243323532687902,0.83349619832291
"271319",NA,NA,NA,NA,NA,NA,NA,NA,0,NA,NA,"NaN",-0.0243323532687902,0.83349619832291
"271320",NA,NA,NA,NA,NA,NA,NA,NA,0,NA,NA,"NaN",-0.0243323532687902,0.83349619832291
"271321",NA,NA,NA,NA,NA,NA,NA,NA,0,NA,NA,"NaN",-0.0243323532687902,0.83349619832291
"271322",NA,NA,NA,NA,NA,NA,NA,NA,0,NA,NA,"NaN",-0.0243323532687902,0.83349619832291
"271323",NA,NA,NA,NA,NA,NA,NA,NA,0,NA,NA,"NaN",-0.0243323532687902,0.83349619832291
"271324",NA,NA,NA,NA,NA,NA,NA,NA,0,NA,NA,"NaN",-0.0243323532687902,0.83349619832291
"271325",NA,NA,NA,NA,NA,NA,NA,NA,0,NA,NA,"NaN",-0.0243323532687902,0.83349619832291
"271326",NA,NA,NA,NA,NA,NA,NA,NA,0,NA,NA,"NaN",-0.0243323532687902,0.83349619832291
"271327",NA,NA,NA,NA,NA,NA,NA,NA,0,NA,NA,"NaN",-0.0243323532687902,0.83349619832291
"271328",NA,NA,NA,NA,NA,NA,NA,NA,0,NA,NA,"NaN",-0.0243323532687902,0.83349619832291
"271329",NA,NA,NA,NA,NA,NA,NA,NA,0,NA,NA,"NaN",-0.0243323532687902,0.83349619832291
"271330",NA,NA,NA,NA,NA,NA,NA,NA,0,NA,NA,"NaN",-0.0243323532687902,0.83349619832291
"271331",NA,NA,NA,NA,NA,NA,NA,NA,0,NA,NA,"NaN",-0.0243323532687902,0.83349619832291
"271332",NA,NA,NA,NA,NA,NA,NA,NA,0,NA,NA,"NaN",-0.0243323532687902,0.83349619832291
"271333",NA,NA,NA,NA,NA,NA,NA,NA,0,NA,NA,"NaN",-0.0243323532687902,0.83349619832291
"271334",NA,NA,NA,NA,NA,NA,NA,NA,0,NA,NA,"NaN",-0.0243323532687902,0.83349619832291
"271335",NA,NA,NA,NA,NA,NA,NA,NA,0,NA,NA,"NaN",-0.0243323532687902,0.83349619832291
"271336",NA,0.947469619040956,NA,NA,NA,0.941918303869977,NA,NA,2,0.5,0.944693961455466,"1.16260436061262",-0.0243323532687902,0.83349619832291
"271337",NA,NA,NA,NA,NA,NA,NA,NA,0,NA,NA,"NaN",-0.0243323532687902,0.83349619832291
"271338",NA,NA,NA,NA,NA,NA,NA,NA,0,NA,NA,"NaN",-0.0243323532687902,0.83349619832291
"271339",NA,NA,NA,NA,NA,NA,NA,NA,0,NA,NA,"NaN",-0.0243323532687902,0.83349619832291
"271340",NA,NA,NA,NA,NA,NA,NA,0.0216147526599381,1,1,0.0216147526599381,"0.0551257534481611",-0.0243323532687902,0.83349619832291
"271341",NA,NA,NA,NA,NA,NA,NA,NA,0,NA,NA,"NaN",-0.0243323532687902,0.83349619832291
"271342",NA,NA,NA,NA,NA,NA,NA,NA,0,NA,NA,"NaN",-0.0243323532687902,0.83349619832291
"271343",NA,NA,NA,NA,NA,NA,NA,NA,0,NA,NA,"NaN",-0.0243323532687902,0.83349619832291
"271344",NA,0.13055692309404,NA,NA,NA,-1.26244097885892,NA,-0.527284023700479,3,0.333333333333333,-0.553056026488453,"-0.63434443286426",-0.0243323532687902,0.83349619832291
"271345",NA,NA,NA,NA,NA,NA,NA,NA,0,NA,NA,"NaN",-0.0243323532687902,0.83349619832291
"271346",NA,NA,NA,NA,NA,NA,NA,NA,0,NA,NA,"NaN",-0.0243323532687902,0.83349619832291
"271347",NA,NA,NA,NA,NA,0.941918303869977,NA,NA,1,1,0.941918303869977,"1.15927422234555",-0.0243323532687902,0.83349619832291
"271348",NA,NA,NA,NA,NA,NA,NA,NA,0,NA,NA,"NaN",-0.0243323532687902,0.83349619832291
"271389",NA,NA,NA,NA,NA,NA,NA,NA,0,NA,NA,"NaN",-0.0243323532687902,0.83349619832291
"280003",0.266077580075779,-0.230529213845296,0.287895586722299,0.811985278160668,0.378159594152766,-0.263845274222493,-0.220295958784567,-3.82067668186298,8,0.125,-0.348903636200478,"-0.38940943412191",-0.0243323532687902,0.83349619832291
"280009",0.881367170245933,0.947469619040956,-0.20747474395347,NA,0.293344678961985,0.318086954586614,0.0882696929336448,NA,6,0.166666666666667,0.38684389530261,"0.493315085778117",-0.0243323532687902,0.83349619832291
"280013",0.0656850988735736,-0.00350971190818853,-0.117277255998056,1.12011645862327,-0.390163755222543,-0.207979780256819,2.19680164634142,-0.115609941430166,8,0.125,0.318507844877811,"0.411327848688975",-0.0243323532687902,0.83349619832291
"280020",-0.217969047053493,-0.723894430653499,0.611461178435375,NA,1.14814598108083,-0.210307509172055,1.06539425670798,-1.48785688233121,7,0.142857142857143,0.0264247924305621,"0.060896673315945",-0.0243323532687902,0.83349619832291
"280023",-0.385903591159566,0.947469619040956,NA,NA,-0.400141980539105,0.173767761841955,0.705400996370067,NA,5,0.2,0.208118561110861,"0.27888659222126",-0.0243323532687902,0.83349619832291
"280032",NA,0.947469619040956,NA,NA,NA,-1.86997822573563,-1.50598617427711,NA,3,0.333333333333333,-0.809498260323929,"-0.942014982953711",-0.0243323532687902,0.83349619832291
"280040",0.532797150126603,-0.748920202520581,-0.00130905719823656,0.0977739327175585,1.14814598108083,-0.489634979000427,-0.220295958784567,0.0216147526599381,8,0.125,0.0425214523851403,"0.0802088909204962",-0.0243323532687902,0.83349619832291
"280059",NA,NA,NA,NA,NA,NA,NA,NA,0,NA,NA,"NaN",-0.0243323532687902,0.83349619832291
"280060",0.415666333649257,0.947469619040956,0.421044259418388,NA,0.117062698369381,0.415851569026544,0.0368420843139429,NA,6,0.166666666666667,0.392322760636411,"0.499888439495657",-0.0243323532687902,0.83349619832291
"280061",0.881367170245933,0.234235120829097,-1.25262023930986,NA,NA,0.704489954515861,0.139697301553347,NA,5,0.2,0.141433861566875,"0.198880588980737",-0.0243323532687902,0.83349619832291
"280065",NA,NA,1.19846070322458,NA,NA,-0.180047033273982,0.911111430848875,0.982187611290668,4,0.25,0.727928178022536,"0.902536247681706",-0.0243323532687902,0.83349619832291
"28006F",0.881367170245933,-0.271642981912646,NA,NA,NA,NA,-1.86597943461503,-0.938958105970791,4,0.25,-0.548803338063133,"-0.629242203923231",-0.0243323532687902,0.83349619832291
"280077",NA,NA,NA,NA,NA,-0.0357278405293231,-0.426006393263374,-1.62508157642131,3,0.333333333333333,-0.695605270071336,"-0.805370100251476",-0.0243323532687902,0.83349619832291
"280081",0.881367170245933,0.947469619040956,-1.53609805859831,NA,0.650897752805472,0.609053068991168,0.859683822229173,NA,6,0.166666666666667,0.402062229119065,"0.511573517966621",-0.0243323532687902,0.83349619832291
"280105",NA,NA,NA,NA,NA,0.941918303869977,0.139697301553347,NA,2,0.5,0.540807802711662,"0.678035673249115",-0.0243323532687902,0.83349619832291
"280111",NA,NA,NA,NA,NA,-0.145131099545435,0.551118170510961,NA,2,0.5,0.202993535482763,"0.272737763182315",-0.0243323532687902,0.83349619832291
"280125",NA,NA,NA,NA,NA,0.0760031474020255,-0.58028921912248,-0.25283463552027,3,0.333333333333333,-0.252373569080242,"-0.273595987924476",-0.0243323532687902,0.83349619832291
"280127",NA,NA,NA,NA,NA,NA,0.139697301553347,-0.115609941430166,2,0.5,0.0120436800615903,"0.0436427105529374",-0.0243323532687902,0.83349619832291
"280128",NA,NA,NA,NA,NA,-1.82807910526137,0.293980127412452,NA,2,0.5,-0.767049488924461,"-0.891086410652025",-0.0243323532687902,0.83349619832291
"280129",NA,NA,NA,NA,NA,NA,0.191124910173049,NA,1,1,0.191124910173049,"0.258498195763056",-0.0243323532687902,0.83349619832291
"280130",0.33381588358075,0.947469619040956,0.3580491884654,NA,-2.46064550840925,0.269204647366649,0.756828604989769,-0.664508717790581,7,0.142857142857143,-0.0656837546794725,"-0.0496119856261926",-0.0243323532687902,0.83349619832291
"280131",NA,NA,NA,NA,NA,NA,0.602545779130663,0.570513529020354,2,0.5,0.586529654075509,"0.732891174037055",-0.0243323532687902,0.83349619832291
"280132",0.881367170245933,-0.0106599324416408,NA,NA,1.14814598108083,-0.510584539237555,0.602545779130663,-1.07618280006089,6,0.166666666666667,0.172438609786223,"0.236079016858073",-0.0243323532687902,0.83349619832291
"280133",NA,NA,NA,NA,NA,NA,-0.683144436361883,NA,1,1,-0.683144436361883,"-0.790420021613414",-0.0243323532687902,0.83349619832291
"280134",NA,0.947469619040956,-0.588308581987444,NA,NA,0.369296990721816,0.396835344651856,-1.3506321882411,5,0.2,-0.045067763162784,"-0.0248776298388834",-0.0243323532687902,0.83349619832291
"280139",NA,NA,0.529853927428095,NA,NA,-0.450063587441407,0.756828604989769,NA,3,0.333333333333333,0.278872981658819,"0.363775306399349",-0.0243323532687902,0.83349619832291
"281300",NA,NA,NA,NA,NA,NA,NA,NA,0,NA,NA,"NaN",-0.0243323532687902,0.83349619832291
"281301",NA,NA,NA,NA,NA,NA,NA,1.11941230538077,1,1,1.11941230538077,"1.37222540540786",-0.0243323532687902,0.83349619832291
"281302",NA,NA,NA,NA,NA,NA,NA,NA,0,NA,NA,"NaN",-0.0243323532687902,0.83349619832291
"281303",NA,NA,NA,NA,NA,NA,NA,NA,0,NA,NA,"NaN",-0.0243323532687902,0.83349619832291
"281304",NA,NA,NA,NA,NA,NA,NA,NA,0,NA,NA,"NaN",-0.0243323532687902,0.83349619832291
"281305",NA,NA,NA,NA,NA,NA,NA,NA,0,NA,NA,"NaN",-0.0243323532687902,0.83349619832291
"281306",NA,NA,NA,NA,NA,NA,NA,NA,0,NA,NA,"NaN",-0.0243323532687902,0.83349619832291
"281307",NA,NA,NA,NA,NA,NA,NA,NA,0,NA,NA,"NaN",-0.0243323532687902,0.83349619832291
"281308",NA,NA,NA,NA,NA,NA,NA,NA,0,NA,NA,"NaN",-0.0243323532687902,0.83349619832291
"281309",NA,NA,NA,NA,NA,NA,NA,NA,0,NA,NA,"NaN",-0.0243323532687902,0.83349619832291
"281310",NA,NA,NA,NA,NA,NA,NA,NA,0,NA,NA,"NaN",-0.0243323532687902,0.83349619832291
"281311",NA,NA,NA,NA,NA,NA,NA,NA,0,NA,NA,"NaN",-0.0243323532687902,0.83349619832291
"281312",NA,NA,NA,NA,NA,NA,NA,NA,0,NA,NA,"NaN",-0.0243323532687902,0.83349619832291
"281313",NA,NA,NA,NA,NA,NA,NA,NA,0,NA,NA,"NaN",-0.0243323532687902,0.83349619832291
"281314",NA,NA,NA,NA,NA,NA,NA,NA,0,NA,NA,"NaN",-0.0243323532687902,0.83349619832291
"281315",NA,NA,NA,NA,NA,NA,NA,0.707738223110458,1,1,0.707738223110458,"0.87831303592297",-0.0243323532687902,0.83349619832291
"281316",NA,NA,NA,NA,NA,NA,NA,NA,0,NA,NA,"NaN",-0.0243323532687902,0.83349619832291
"281318",NA,NA,NA,NA,NA,NA,NA,NA,0,NA,NA,"NaN",-0.0243323532687902,0.83349619832291
"281319",NA,NA,NA,NA,NA,NA,NA,NA,0,NA,NA,"NaN",-0.0243323532687902,0.83349619832291
"281320",NA,NA,NA,NA,NA,NA,NA,NA,0,NA,NA,"NaN",-0.0243323532687902,0.83349619832291
"281322",NA,NA,NA,NA,NA,NA,NA,-0.527284023700479,1,1,-0.527284023700479,"-0.603424072531687",-0.0243323532687902,0.83349619832291
"281323",NA,NA,NA,NA,NA,NA,NA,NA,0,NA,NA,"NaN",-0.0243323532687902,0.83349619832291
"281324",NA,NA,NA,NA,NA,NA,NA,NA,0,NA,NA,"NaN",-0.0243323532687902,0.83349619832291
"281325",NA,NA,NA,NA,NA,NA,NA,NA,0,NA,NA,"NaN",-0.0243323532687902,0.83349619832291
"281326",NA,NA,NA,NA,NA,NA,NA,NA,0,NA,NA,"NaN",-0.0243323532687902,0.83349619832291
"281327",NA,NA,NA,NA,NA,NA,NA,NA,0,NA,NA,"NaN",-0.0243323532687902,0.83349619832291
"281328",NA,NA,NA,NA,NA,NA,NA,NA,0,NA,NA,"NaN",-0.0243323532687902,0.83349619832291
"281329",NA,NA,NA,NA,NA,-1.29735691258747,NA,0.296064140840146,2,0.5,-0.500646385873661,"-0.571465153126396",-0.0243323532687902,0.83349619832291
"281331",NA,NA,NA,NA,NA,NA,NA,NA,0,NA,NA,"NaN",-0.0243323532687902,0.83349619832291
"281332",NA,NA,NA,NA,NA,NA,NA,NA,0,NA,NA,"NaN",-0.0243323532687902,0.83349619832291
"281333",NA,NA,NA,NA,NA,NA,NA,NA,0,NA,NA,"NaN",-0.0243323532687902,0.83349619832291
"281334",NA,NA,NA,NA,NA,NA,NA,NA,0,NA,NA,"NaN",-0.0243323532687902,0.83349619832291
"281335",NA,NA,NA,NA,NA,NA,NA,NA,0,NA,NA,"NaN",-0.0243323532687902,0.83349619832291
"281336",NA,NA,NA,NA,NA,NA,NA,NA,0,NA,NA,"NaN",-0.0243323532687902,0.83349619832291
"281338",NA,NA,NA,NA,NA,NA,NA,NA,0,NA,NA,"NaN",-0.0243323532687902,0.83349619832291
"281339",NA,NA,NA,NA,NA,NA,NA,NA,0,NA,NA,"NaN",-0.0243323532687902,0.83349619832291
"281340",NA,NA,NA,NA,NA,NA,NA,NA,0,NA,NA,"NaN",-0.0243323532687902,0.83349619832291
"281341",NA,NA,NA,NA,NA,NA,NA,NA,0,NA,NA,"NaN",-0.0243323532687902,0.83349619832291
"281342",NA,NA,NA,NA,NA,NA,NA,NA,0,NA,NA,"NaN",-0.0243323532687902,0.83349619832291
"281343",NA,NA,NA,NA,NA,NA,NA,NA,0,NA,NA,"NaN",-0.0243323532687902,0.83349619832291
"281344",NA,NA,NA,NA,NA,NA,NA,-0.664508717790581,1,1,-0.664508717790581,"-0.768061529026647",-0.0243323532687902,0.83349619832291
"281345",NA,NA,NA,NA,NA,NA,NA,NA,0,NA,NA,"NaN",-0.0243323532687902,0.83349619832291
"281346",NA,NA,NA,NA,NA,NA,NA,NA,0,NA,NA,"NaN",-0.0243323532687902,0.83349619832291
"281347",NA,NA,NA,NA,NA,NA,NA,NA,0,NA,NA,"NaN",-0.0243323532687902,0.83349619832291
"281348",NA,NA,NA,NA,NA,NA,NA,NA,0,NA,NA,"NaN",-0.0243323532687902,0.83349619832291
"281349",NA,NA,NA,NA,NA,NA,NA,NA,0,NA,NA,"NaN",-0.0243323532687902,0.83349619832291
"281350",NA,NA,NA,NA,NA,NA,NA,NA,0,NA,NA,"NaN",-0.0243323532687902,0.83349619832291
"281351",NA,NA,NA,NA,NA,NA,NA,NA,0,NA,NA,"NaN",-0.0243323532687902,0.83349619832291
"281352",NA,NA,NA,NA,NA,NA,NA,NA,0,NA,NA,"NaN",-0.0243323532687902,0.83349619832291
"281353",NA,NA,NA,NA,NA,NA,NA,NA,0,NA,NA,"NaN",-0.0243323532687902,0.83349619832291
"281354",NA,NA,NA,NA,NA,NA,NA,NA,0,NA,NA,"NaN",-0.0243323532687902,0.83349619832291
"281355",NA,NA,NA,NA,NA,NA,NA,NA,0,NA,NA,"NaN",-0.0243323532687902,0.83349619832291
"281356",NA,NA,NA,NA,NA,NA,NA,NA,0,NA,NA,"NaN",-0.0243323532687902,0.83349619832291
"281357",NA,NA,NA,NA,NA,NA,NA,NA,0,NA,NA,"NaN",-0.0243323532687902,0.83349619832291
"281358",NA,NA,NA,NA,NA,NA,NA,NA,0,NA,NA,"NaN",-0.0243323532687902,0.83349619832291
"281359",NA,NA,NA,NA,NA,NA,NA,NA,0,NA,NA,"NaN",-0.0243323532687902,0.83349619832291
"281360",NA,NA,NA,NA,NA,0.941918303869977,NA,0.158839446750041,2,0.5,0.550378875310009,"0.689518716144338",-0.0243323532687902,0.83349619832291
"281361",NA,NA,NA,NA,NA,NA,NA,NA,0,NA,NA,"NaN",-0.0243323532687902,0.83349619832291
"281362",NA,0.947469619040956,NA,NA,NA,NA,NA,NA,1,1,0.947469619040956,"1.16593449887969",-0.0243323532687902,0.83349619832291
"281363",NA,NA,NA,NA,NA,NA,NA,NA,0,NA,NA,"NaN",-0.0243323532687902,0.83349619832291
"281364",NA,0.947469619040956,NA,NA,NA,0.941918303869977,NA,NA,2,0.5,0.944693961455466,"1.16260436061262",-0.0243323532687902,0.83349619832291
"281365",NA,NA,NA,NA,NA,NA,NA,NA,0,NA,NA,"NaN",-0.0243323532687902,0.83349619832291
"290001",0.0134701565884918,0.237810231095824,0.147588383236099,0.287550090221013,0.564419800061931,-0.417475382628097,-0.220295958784567,NA,7,0.142857142857143,0.087581045684385,"0.134269837317024",-0.0243323532687902,0.83349619832291
"290003",-0.0472120736347115,0.425503520098944,0.309371179092636,1.12011645862327,-0.288718464504158,0.839498231599574,-0.220295958784567,-1.3506321882411,8,0.125,0.0984538380312353,"0.147314638683518",-0.0243323532687902,0.83349619832291
"290005",0.528563506157542,0.947469619040956,NA,NA,1.14814598108083,0.318086954586614,0.756828604989769,NA,5,0.2,0.739818933171143,"0.916802365718636",-0.0243323532687902,0.83349619832291
"290007",-0.196800827208189,0.209209348962015,0.388115017783872,NA,-0.185610136233013,-0.484979521169954,-0.220295958784567,0.158839446750041,7,0.142857142857143,-0.0473603756999707,"-0.0276282273122727",-0.0243323532687902,0.83349619832291
"290008",NA,NA,NA,NA,NA,-1.28339053909605,0.242552518792751,-0.115609941430166,3,0.333333333333333,-0.385482653911155,"-0.433295678335475",-0.0243323532687902,0.83349619832291
"290009",-0.100838230576147,0.947469619040956,-0.251857634852166,NA,-0.25712075100171,-0.242895713985365,0.962539039468576,0.43328883493025,7,0.142857142857143,0.212940737574913,"0.284672073275348",-0.0243323532687902,0.83349619832291
"290012",NA,NA,NA,NA,NA,NA,NA,NA,0,NA,NA,"NaN",-0.0243323532687902,0.83349619832291
"290019",-1.05905298224022,-2.41134647654822,-1.10372279887553,NA,-0.554804472945823,0.129540912452463,-0.374578784643672,0.707738223110458,7,0.142857142857143,-0.66660376852722,"-0.770575098663621",-0.0243323532687902,0.83349619832291
"290021",0.881367170245933,0.547057269167632,-0.250425928694144,1.12011645862327,-0.119088634122596,0.806910026786264,0.551118170510961,-0.664508717790581,8,0.125,0.359068226840842,"0.459990796456034",-0.0243323532687902,0.83349619832291
"29002F",NA,0.947469619040956,NA,NA,NA,NA,1.11682186532768,1.25663699947087,3,0.333333333333333,1.10697616127984,"1.3573049485108",-0.0243323532687902,0.83349619832291
"290032",NA,-0.091099913442978,0.568509993694701,NA,NA,-0.382559448899551,0.139697301553347,0.296064140840146,5,0.2,0.106122414749133,"0.156515132618977",-0.0243323532687902,0.83349619832291
"290039",0.587834521724392,0.724025227370574,1.19846070322458,1.12011645862327,-0.180621023574732,0.825531858108156,-0.683144436361883,0.982187611290668,8,0.125,0.571798865050628,"0.715217681279054",-0.0243323532687902,0.83349619832291
"290041",0.470703705247046,0.0948058204267794,0.879190229985574,1.12011645862327,0.552778537192608,0.534565743703602,0.0368420843139429,NA,7,0.142857142857143,0.527000368498974,"0.661469989757733",-0.0243323532687902,0.83349619832291
"290045",-0.107894303857915,0.554207489701084,-1.22541782230744,NA,0.737375705549014,0.290154207603777,-0.117440741545163,-1.213407494151,7,0.142857142857143,-0.154631851286806,"-0.156328845026759",-0.0243323532687902,0.83349619832291
"290046",0.16729255413103,0.518456387033823,0.0602543075967289,NA,-0.25712075100171,0.872086436412884,-0.168868350164865,0.158839446750041,7,0.142857142857143,0.192991432965419,"0.260737585452087",-0.0243323532687902,0.83349619832291
"290047",0.458002773339864,0.947469619040956,0.12468108470774,NA,-0.0841648455146279,0.648624460550187,0.448262953271558,1.25663699947087,7,0.142857142857143,0.542787577838079,"0.680410939183621",-0.0243323532687902,0.83349619832291
"290049",0.881367170245933,-2.9351001306236,NA,NA,NA,-1.04828991865717,0.242552518792751,-1.3506321882411,5,0.2,-0.842020509696637,"-0.981034056391774",-0.0243323532687902,0.83349619832291
"29004F",0.881367170245933,0.162732915494575,NA,NA,NA,NA,0.962539039468576,0.158839446750041,4,0.25,0.541369642989781,"0.678709749842686",-0.0243323532687902,0.83349619832291
"290053",0.504572856999531,0.287861774829989,0.488334448845443,NA,1.14814598108083,0.35998607506087,-1.1459929139392,NA,6,0.166666666666667,0.273818037146245,"0.35771055826643",-0.0243323532687902,0.83349619832291
"290054",-1.00542682529878,0.0894431550266903,0.77753909276598,1.12011645862327,0.411420345207974,0.595086695499749,0.551118170510961,0.707738223110458,8,0.125,0.405879414430787,"0.516153245287997",-0.0243323532687902,0.83349619832291
"290057",0.611825170882402,0.947469619040956,-0.20174791932138,NA,0.569408912720213,0.862775520751939,0.602545779130663,-0.664508717790581,7,0.142857142857143,0.389681195059173,"0.49671918019663",-0.0243323532687902,0.83349619832291
"290058",NA,NA,NA,NA,NA,NA,NA,NA,0,NA,NA,"NaN",-0.0243323532687902,0.83349619832291
"291300",NA,NA,NA,NA,NA,NA,NA,NA,0,NA,NA,"NaN",-0.0243323532687902,0.83349619832291
"291301",NA,NA,NA,NA,NA,NA,NA,NA,0,NA,NA,"NaN",-0.0243323532687902,0.83349619832291
"291302",NA,NA,NA,NA,NA,NA,NA,NA,0,NA,NA,"NaN",-0.0243323532687902,0.83349619832291
"291303",NA,NA,NA,NA,NA,NA,NA,NA,0,NA,NA,"NaN",-0.0243323532687902,0.83349619832291
"291304",NA,NA,NA,NA,NA,NA,NA,NA,0,NA,NA,"NaN",-0.0243323532687902,0.83349619832291
"291306",NA,NA,NA,NA,NA,NA,NA,NA,0,NA,NA,"NaN",-0.0243323532687902,0.83349619832291
"291307",NA,0.947469619040956,NA,NA,NA,-1.86299503898992,NA,NA,2,0.5,-0.457762709974482,"-0.520014797401361",-0.0243323532687902,0.83349619832291
"291308",NA,NA,NA,NA,NA,NA,NA,NA,0,NA,NA,"NaN",-0.0243323532687902,0.83349619832291
"291309",NA,NA,NA,NA,NA,NA,NA,NA,0,NA,NA,"NaN",-0.0243323532687902,0.83349619832291
"291311",NA,NA,NA,NA,NA,0.941918303869977,NA,NA,1,1,0.941918303869977,"1.15927422234555",-0.0243323532687902,0.83349619832291
"291312",NA,NA,NA,NA,NA,NA,NA,NA,0,NA,NA,"NaN",-0.0243323532687902,0.83349619832291
"291313",NA,NA,NA,NA,NA,-1.03897900299622,NA,NA,1,1,-1.03897900299622,"-1.21733806557129",-0.0243323532687902,0.83349619832291
"291314",NA,NA,NA,NA,NA,NA,NA,NA,0,NA,NA,"NaN",-0.0243323532687902,0.83349619832291
"300001",0.323937380986275,0.00900317402535284,0.707385491022879,NA,0.660875978122035,-1.04596218974193,0.191124910173049,0.43328883493025,7,0.142857142857143,0.182807654216844,"0.248519438843781",-0.0243323532687902,0.83349619832291
"300003",-0.411305454973931,0.0608422728928814,0.574236818326791,-0.578686241609273,0.833831883609117,-0.782928822320217,-0.940282479460392,-1.213407494151,8,0.125,-0.307212439710753,"-0.339389774075934",-0.0243323532687902,0.83349619832291
"300005",NA,-1.89831815327302,1.19846070322458,NA,NA,-2.34949038227433,0.293980127412452,NA,4,0.25,-0.688841926227581,"-0.797255673506203",-0.0243323532687902,0.83349619832291
"300011",0.881367170245933,0.947469619040956,0.25926146356185,NA,0.361529218625162,0.378607906382761,0.396835344651856,0.844962917200563,7,0.142857142857143,0.581433377101297,"0.726776836641796",-0.0243323532687902,0.83349619832291
"300012",0.219507496416112,-1.19580898586134,-1.02641066634232,-0.21647905927741,0.186910275585319,-0.056677400766451,-1.60884139151652,0.844962917200563,8,0.125,-0.356604601820256,"-0.398648787145083",-0.0243323532687902,0.83349619832291
"300014",NA,NA,NA,NA,NA,0.941918303869977,0.0882696929336448,NA,2,0.5,0.515093998401811,"0.647185137443925",-0.0243323532687902,0.83349619832291
"300017",NA,-0.75964553332076,NA,NA,NA,0.941918303869977,0.653973387750365,NA,3,0.333333333333333,0.278748719433194,"0.363626220865576",-0.0243323532687902,0.83349619832291
"300018",0.589245736380745,-1.95373236240728,1.19846070322458,NA,1.14814598108083,0.0201376534363511,1.27110469118679,0.296064140840146,7,0.142857142857143,0.36706093482031,"0.469580171903157",-0.0243323532687902,0.83349619832291
"300019",NA,-0.643454449652161,1.19846070322458,NA,1.14814598108083,0.380935635297998,-0.0660131329254609,NA,5,0.2,0.403614947405158,"0.513436415828924",-0.0243323532687902,0.83349619832291
"300020",-0.711894176777239,-0.361020738580799,0.0430738337004595,NA,-0.862466420206499,0.136524099198173,-0.117440741545163,-0.390059329610375,7,0.142857142857143,-0.32332621054592,"-0.358722520725038",-0.0243323532687902,0.83349619832291
"300023",0.881367170245933,-3.73771238550361,1.19846070322458,NA,1.14814598108083,0.0317762980125333,-0.014585524305759,0.158839446750041,7,0.142857142857143,-0.047672615785063,"-0.0280028422004037",-0.0243323532687902,0.83349619832291
"300029",0.273133653357547,-0.26806787164592,0.535580752060184,NA,1.14814598108083,0.492666623229346,0.293980127412452,-0.801733411880687,7,0.142857142857143,0.239100836230537,"0.316058057648475",-0.0243323532687902,0.83349619832291
"300034",0.881367170245933,-1.18508365506117,1.19846070322458,NA,-0.844173007126134,-0.957508490962949,-2.02026226047413,-0.115609941430166,7,0.142857142857143,-0.434687068797719,"-0.49232943876002",-0.0243323532687902,0.83349619832291
"301300",NA,NA,NA,NA,NA,NA,NA,NA,0,NA,NA,"NaN",-0.0243323532687902,0.83349619832291
"301301",NA,NA,NA,NA,NA,0.941918303869977,NA,NA,1,1,0.941918303869977,"1.15927422234555",-0.0243323532687902,0.83349619832291
"301302",NA,NA,NA,NA,NA,-3.42490114111356,NA,NA,1,1,-3.42490114111356,"-4.07988518086478",-0.0243323532687902,0.83349619832291
"301303",NA,NA,NA,NA,NA,NA,NA,NA,0,NA,NA,"NaN",-0.0243323532687902,0.83349619832291
"301304",NA,0.012578284292079,NA,NA,NA,-3.68095132178957,NA,NA,2,0.5,-1.83418651874875,"-2.17140062440787",-0.0243323532687902,0.83349619832291
"301305",NA,0.947469619040956,NA,NA,NA,-2.49380957501899,NA,NA,2,0.5,-0.773169977989019,"-0.898429562398696",-0.0243323532687902,0.83349619832291
"301306",NA,NA,NA,NA,NA,0.941918303869977,NA,NA,1,1,0.941918303869977,"1.15927422234555",-0.0243323532687902,0.83349619832291
"301307",NA,NA,NA,NA,NA,0.941918303869977,NA,NA,1,1,0.941918303869977,"1.15927422234555",-0.0243323532687902,0.83349619832291
"301308",NA,NA,NA,NA,NA,NA,NA,NA,0,NA,NA,"NaN",-0.0243323532687902,0.83349619832291
"301309",NA,NA,NA,NA,NA,-2.63812876776365,NA,NA,1,1,-2.63812876776365,"-3.13594281504117",-0.0243323532687902,0.83349619832291
"301310",NA,0.947469619040956,NA,NA,NA,-1.60927258722915,NA,NA,2,0.5,-0.330901484094097,"-0.367811072734536",-0.0243323532687902,0.83349619832291
"301311",NA,NA,NA,NA,NA,-1.42538200292547,NA,NA,1,1,-1.42538200292547,"-1.68093106180419",-0.0243323532687902,0.83349619832291
"301312",NA,0.947469619040956,NA,NA,NA,-1.0180294427591,NA,NA,2,0.5,-0.0352799118590703,"-0.0131345033274391",-0.0243323532687902,0.83349619832291
"310001",0.378974752584064,0.232447565695734,-0.150206497632572,-0.572564430076903,-0.109110408806034,-0.107887436901652,1.42538751704589,0.570513529020354,8,0.125,0.208444323866111,"0.279277431142787",-0.0243323532687902,0.83349619832291
"310002",0.738834489954223,0.355788869897785,-1.2039422299371,-0.360341630288093,-0.225523037499263,0.681212665363497,0.191124910173049,NA,7,0.142857142857143,0.0253077196662997,"0.0595564479297824",-0.0243323532687902,0.83349619832291
"310003",0.345105600831579,-0.478999377382761,NA,NA,-4.70408316708304,0.941918303869977,0.808256213609471,NA,5,0.2,-0.617560485230955,"-0.711734658365339",-0.0243323532687902,0.83349619832291
"310005",0.338049527549811,-0.389621620714608,1.19846070322458,NA,0.120388773474902,-0.373248533238605,0.293980127412452,1.39386169356098,7,0.142857142857143,0.368838667324216,"0.471713034065556",-0.0243323532687902,0.83349619832291
"310006",0.881367170245933,-0.0285354837752713,NA,NA,-0.152349385177805,0.446112044924618,0.808256213609471,NA,5,0.2,0.390970111965389,"0.498265578259164",-0.0243323532687902,0.83349619832291
"310008",0.603357882944281,0.947469619040956,1.19846070322458,-0.0226216940857087,0.326605430017193,0.941918303869977,1.4768151256656,-1.62508157642131,8,0.125,0.480865474281945,"0.606118934396164",-0.0243323532687902,0.83349619832291
"310009",0.45235791471445,0.947469619040956,1.19846070322458,NA,0.133693073896986,0.648624460550187,0.191124910173049,NA,6,0.166666666666667,0.595288446933368,"0.74339967170685",-0.0243323532687902,0.83349619832291
"310010",0.881367170245933,0.141282253894219,0.622914827699554,NA,-1.00881372484941,-0.515239997068027,0.756828604989769,-0.527284023700479,7,0.142857142857143,0.0501507301730791,"0.0893622353548076",-0.0243323532687902,0.83349619832291
"310011",-0.117772806452389,-0.167964784177589,NA,NA,0.102095360394538,-0.626970984999376,-2.43168312943175,NA,5,0.2,-0.648459268933313,"-0.74880595366882",-0.0243323532687902,0.83349619832291
"310012",-1.66869771378495,0.650735466902689,0.970819424099011,1.12011645862327,-0.400141980539105,0.224977797977157,-1.0945653053195,-0.115609941430166,8,0.125,-0.0390457241839501,"-0.0176525951105294",-0.0243323532687902,0.83349619832291
"310014",0.150357978254787,-1.32272540033012,-0.601193937409646,0.249798919104735,-0.315327065348325,-0.578088677779411,-2.07168986909383,-0.390059329610375,8,0.125,-0.609865922776524,"-0.702502987639169",-0.0243323532687902,0.83349619832291
"310015",0.148946763598434,0.223509790028919,-0.157365028422684,-0.0828195074873421,0.532822086559483,0.227305526892393,1.579670342905,0.43328883493025,8,0.125,0.363169851125557,"0.464911783849819",-0.0243323532687902,0.83349619832291
"310016",-1.52052017486783,-1.60515911140148,NA,NA,1.14814598108083,-0.0683160453426331,-1.2488481311786,NA,5,0.2,-0.658939496341943,"-0.761379769157983",-0.0243323532687902,0.83349619832291
"310017",0.881367170245933,0.430866185499033,0.687341604810565,NA,0.296670754067506,0.602069882245459,0.0368420843139429,NA,6,0.166666666666667,0.48919294686374,"0.616109948870555",-0.0243323532687902,0.83349619832291
"310019",0.43683455349456,0.711512341437033,0.860578049931282,NA,-0.0525671320121801,0.28782647868854,1.37395990842619,0.296064140840146,7,0.142857142857143,0.559172620115082,"0.700069147955265",-0.0243323532687902,0.83349619832291
"31001F",0.019115015213906,0.947469619040956,NA,NA,NA,NA,-0.58028921912248,NA,3,0.333333333333333,0.128765138377461,"0.183681091712596",-0.0243323532687902,0.83349619832291
"310022",0.288657014577436,0.271773778629722,-0.389301426022322,0.122261178847037,0.788929869684586,0.564826219601676,-0.220295958784567,-0.25283463552027,8,0.125,0.146752005126662,"0.205261114255462",-0.0243323532687902,0.83349619832291
"310024",0.0318159471210881,0.947469619040956,NA,NA,NA,0.941918303869977,-0.32315117602397,NA,4,0.25,0.399513173502013,"0.508515248928104",-0.0243323532687902,0.83349619832291
"310025",NA,0.947469619040956,NA,NA,NA,0.941918303869977,-1.55741378289682,-1.76230627051142,4,0.25,-0.357583032624325,"-0.399822674687747",-0.0243323532687902,0.83349619832291
"310027",0.881367170245933,0.947469619040956,NA,NA,0.00563918233443404,0.941918303869977,0.448262953271558,NA,5,0.2,0.644931445752571,"0.802959630011507",-0.0243323532687902,0.83349619832291
"310028",0.881367170245933,-0.500450038983117,1.19846070322458,NA,1.14814598108083,-0.359282159747187,0.191124910173049,0.158839446750041,7,0.142857142857143,0.388315144677733,"0.495080240050066",-0.0243323532687902,0.83349619832291
"310029",-0.295585853152938,-1.34060095166375,-0.280491758012615,NA,0.160301674741152,-0.0473664851055052,0.705400996370067,NA,6,0.166666666666667,-0.183057062803932,"-0.190432433710573",-0.0243323532687902,0.83349619832291
"310031",0.0981430359697054,0.947469619040956,NA,NA,NA,0.0364317558430062,-3.30595247596668,NA,4,0.25,-0.555977016278253,"-0.637848935699038",-0.0243323532687902,0.83349619832291
"310032",0.0699187428426343,0.359363980164511,0.25926146356185,0.253880126792981,-0.310337952690043,0.217994611231448,-0.220295958784567,NA,7,0.142857142857143,0.0899692875884021,"0.137135167607459",-0.0243323532687902,0.83349619832291
"310034",0.198339276570808,0.947469619040956,0.906392646988001,NA,0.586039288247816,0.231960984722866,-0.426006393263374,-0.115609941430166,7,0.142857142857143,0.332655068696701,"0.428301200034015",-0.0243323532687902,0.83349619832291
"310038",0.216685067103405,0.0393916112925248,-0.828835216535216,-1.49899857530882,-0.0791757328563467,0.283171020858068,-0.734572044981585,-1.3506321882411,8,0.125,-0.494120757333634,"-0.56363592900617",-0.0243323532687902,0.83349619832291
"310039",0.164470124818323,0.257473337562817,0.615756296909442,NA,-0.33860959108697,0.171440032926719,0.808256213609471,NA,6,0.166666666666667,0.279797735789967,"0.364884794520601",-0.0243323532687902,0.83349619832291
"310040",-0.429651245506527,NA,NA,NA,NA,0.941918303869977,-2.22597269495294,0.158839446750041,4,0.25,-0.388716547459862,"-0.437175592311344",-0.0243323532687902,0.83349619832291
"310041",0.27031122404484,0.947469619040956,-0.00703588183032639,0.495691682321577,0.399779082338651,0.264549189536176,1.37395990842619,0.844962917200563,8,0.125,0.573710967634828,"0.717511756030742",-0.0243323532687902,0.83349619832291
"310044",0.881367170245933,-0.130426126376965,0.0602543075967289,-0.872533195163009,-0.66456495142801,0.0341040269277697,-0.631716827742182,-0.938958105970791,8,0.125,-0.282809212738816,"-0.310111623772383",-0.0243323532687902,0.83349619832291
"310045",-0.333688648874485,-0.537988696783741,0.18910786181875,NA,-0.195588361549575,-0.0776269610035788,1.6310979515247,-0.115609941430166,7,0.142857142857143,0.0799576005288435,"0.125123490673955",-0.0243323532687902,0.83349619832291
"310047",0.528563506157542,0.947469619040956,0.254966345087783,NA,0.128703961238704,-0.10323197907118,-0.117440741545163,0.707738223110458,7,0.142857142857143,0.335252704859872,"0.431417754336718",-0.0243323532687902,0.83349619832291
"310048",0.308414019766386,0.582808371834893,-0.931918059912833,NA,-0.237164300368585,0.208683695570502,0.448262953271558,-0.664508717790581,7,0.142857142857143,-0.0407745768040944,"-0.0197268128737574",-0.0243323532687902,0.83349619832291
"310050",0.340871956862518,-1.60337155626812,1.19846070322458,NA,-1.28321492105488,-0.0124505513769588,0.551118170510961,0.0216147526599381,7,0.142857142857143,-0.112424492205995,"-0.105689910901161",-0.0243323532687902,0.83349619832291
"310051",0.0967318213133519,-0.343145187247168,0.441088145630702,1.12011645862327,0.9269619865637,0.0713476895715526,1.37395990842619,0.158839446750041,8,0.125,0.480737533703955,"0.605965435702051",-0.0243323532687902,0.83349619832291
"310052",0.881367170245933,0.368301755831326,1.19846070322458,NA,-0.252131638343429,-0.652576003066977,-0.117440741545163,-1.62508157642131,7,0.142857142857143,-0.0284429042964343,"-0.00493169739215969",-0.0243323532687902,0.83349619832291
"310054",-0.00487563394410456,-0.491512263316302,0.296485823670434,NA,0.472952734660109,0.499649809975056,0.293980127412452,-0.664508717790581,7,0.142857142857143,0.0574531258095805,"0.0981233978546422",-0.0243323532687902,0.83349619832291
"310057",0.129189758409484,0.284286664563263,-0.0385334173068205,-0.642965262699152,-0.66290191387525,0.525254828042656,0.0368420843139429,NA,7,0.142857142857143,-0.0526896083645538,"-0.034022056912583",-0.0243323532687902,0.83349619832291
"310058",NA,NA,NA,NA,NA,0.941918303869977,-0.528861610502778,NA,2,0.5,0.206528346683599,"0.276978707781641",-0.0243323532687902,0.83349619832291
"310060",0.881367170245933,0.947469619040956,NA,NA,-0.366881229483897,0.460078418416036,0.396835344651856,-0.527284023700479,6,0.166666666666667,0.298597549861734,"0.387440163230854",-0.0243323532687902,0.83349619832291
"310061",NA,-0.457548715782404,NA,NA,NA,0.250582816044758,0.448262953271558,NA,3,0.333333333333333,0.0804323511779705,"0.12569308013349",-0.0243323532687902,0.83349619832291
"310064",0.425544836243732,0.320037767230524,-0.818813273429059,1.12011645862327,-0.152349385177805,0.171440032926719,0.0368420843139429,1.9427604699214,8,0.125,0.38069737383159,"0.485940701247764",-0.0243323532687902,0.83349619832291
"310069",0.260432721450365,0.0912307101600533,0.190539567976773,NA,1.14814598108083,0.0969527076391534,-0.168868350164865,NA,6,0.166666666666667,0.269738889690386,"0.35281653779691",-0.0243323532687902,0.83349619832291
"310070",0.672507401105605,0.947469619040956,0.713112315654969,1.12011645862327,0.742364818207295,0.590431237669276,-0.014585524305759,0.570513529020354,8,0.125,0.667741231876995,"0.830326024927669",-0.0243323532687902,0.83349619832291
"310073",0.491871925092349,-0.387834065581245,0.502651510425668,-0.342996497613046,-0.842509969573374,0.192389593163847,-0.271723567404269,0.0216147526599381,8,0.125,-0.0795670398537664,"-0.0662686724859871",-0.0243323532687902,0.83349619832291
"310074",-0.0429784296656508,0.454104402232753,-0.808791330322902,1.12011645862327,0.39645300723313,0.271532376281886,0.653973387750365,NA,7,0.142857142857143,0.292058553161835,"0.379594900453344",-0.0243323532687902,0.83349619832291
"310075",0.881367170245933,-0.35565807318071,-0.0313748865167082,1.12011645862327,1.14814598108083,0.727767243668226,0.396835344651856,0.982187611290668,8,0.125,0.608673356232921,"0.759458424376009",-0.0243323532687902,0.83349619832291
"310076",0.425544836243732,0.461254622766205,-0.402186781444524,-0.252189626549565,-0.248805563237908,0.0899695208934441,0.49969056189126,0.570513529020354,8,0.125,0.142973887447875,"0.200728258933039",-0.0243323532687902,0.83349619832291
"310083",-2.22189385907555,NA,NA,NA,-2.13801622317373,0.748716803905353,-0.683144436361883,NA,4,0.25,-1.07358442867645,"-1.2588564621157",-0.0243323532687902,0.83349619832291
"310084",0.881367170245933,-0.310969194846633,NA,NA,0.361529218625162,0.515943912381711,-0.014585524305759,NA,5,0.2,0.286657116420082,"0.373114442890825",-0.0243323532687902,0.83349619832291
"310086",-0.651211946554036,-0.176902559844405,-0.0757577774154043,NA,0.549452462087088,-0.596710509101303,0.602545779130663,-1.62508157642131,7,0.142857142857143,-0.281952304016958,"-0.309083534233904",-0.0243323532687902,0.83349619832291
"310092",0.219507496416112,0.269986223496359,0.242080989665581,NA,-0.601369524423115,-0.252206629646311,-1.0945653053195,NA,6,0.166666666666667,-0.202761124968479,"-0.214072688104286",-0.0243323532687902,0.83349619832291
"310096",0.881367170245933,0.947469619040956,1.19846070322458,NA,1.14814598108083,0.941918303869977,-0.117440741545163,NA,6,0.166666666666667,0.833320172652853,"1.02898192894861",-0.0243323532687902,0.83349619832291
"310108",0.194105632601748,-0.337782521847079,0.312234591408681,NA,-0.722771265774625,0.732422701498698,-0.785999653601287,NA,6,0.166666666666667,-0.101298419285644,"-0.0923412322356337",-0.0243323532687902,0.83349619832291
"310110",0.881367170245933,-0.54335136218383,1.19846070322458,NA,1.14814598108083,-0.0985765212407067,1.11682186532768,-1.62508157642131,7,0.142857142857143,0.296826608576169,"0.385315448938061",-0.0243323532687902,0.83349619832291
"310111",0.601946668287927,0.489855504900014,0.466858856475106,NA,0.211855838876725,0.706817683431098,-1.1459929139392,NA,6,0.166666666666667,0.221890273005278,"0.295409417306878",-0.0243323532687902,0.83349619832291
"310112",0.881367170245933,0.439803961165849,0.144724970920054,NA,1.14814598108083,0.941918303869977,0.602545779130663,NA,6,0.166666666666667,0.693084361068885,"0.860731837507118",-0.0243323532687902,0.83349619832291
"310113",0.177171056725505,0.119831592293862,-0.460886733923445,NA,1.14814598108083,0.802254568955791,0.396835344651856,NA,6,0.166666666666667,0.363891968297401,"0.465778155134172",-0.0243323532687902,0.83349619832291
"310115",NA,-0.69529354851969,-0.0743260712573819,NA,1.14814598108083,-0.0427110272750324,0.0368420843139429,NA,5,0.2,0.0745314836685347,"0.118613422756157",-0.0243323532687902,0.83349619832291
"310118",NA,NA,NA,NA,NA,0.49033889431411,-0.785999653601287,1.25663699947087,3,0.333333333333333,0.320325413394566,"0.413508504726053",-0.0243323532687902,0.83349619832291
"310119",-0.617342794801551,0.271773778629722,1.19846070322458,NA,0.504550448162557,-0.0124505513769588,0.242552518792751,NA,6,0.166666666666667,0.26459068377185,"0.346639897844749",-0.0243323532687902,0.83349619832291
"310130",NA,NA,1.19846070322458,NA,NA,0.485683436483637,0.191124910173049,0.296064140840146,4,0.25,0.542833297680353,"0.680465792273973",-0.0243323532687902,0.83349619832291
"320001",0.133423402378545,0.0393916112925248,-0.62123782362196,-0.262392645770181,-1.46115993920025,-0.920264828319166,-2.63739356391055,NA,7,0.142857142857143,-0.818519112450148,"-0.952837890297944",-0.0243323532687902,0.83349619832291
"320002",0.386030825865832,0.0912307101600533,-0.0227846495685734,NA,-0.351913891509054,-0.107887436901652,-1.91740704323473,NA,6,0.166666666666667,-0.320455247531354,"-0.355278038290273",-0.0243323532687902,0.83349619832291
"320004",NA,0.947469619040956,1.19846070322458,NA,NA,0.655607647295896,0.345407736032154,-0.527284023700479,5,0.2,0.523932336378622,"0.657789070604741",-0.0243323532687902,0.83349619832291
"320005",-1.3511744161054,-0.584465130251181,-1.23543976541359,NA,0.196888500901881,0.346019701569451,0.705400996370067,NA,6,0.166666666666667,-0.32046168548813,"-0.355285762328833",-0.0243323532687902,0.83349619832291
"320006",NA,0.947469619040956,0.10750061081147,NA,NA,0.941918303869977,0.602545779130663,NA,4,0.25,0.649858578213267,"0.808871033651511",-0.0243323532687902,0.83349619832291
"320009",-0.908053014010385,0.636435025835784,1.19846070322458,NA,0.23181228950985,0.115574538961045,-2.27740030357264,-1.62508157642131,7,0.142857142857143,-0.375464619496154,"-0.421276386063766",-0.0243323532687902,0.83349619832291
"320011",NA,NA,NA,NA,NA,-1.07622266564001,0.191124910173049,NA,2,0.5,-0.442548877733479,"-0.50176176604787",-0.0243323532687902,0.83349619832291
"320017",0.12777854375313,-0.153664343110685,NA,NA,1.14814598108083,0.378607906382761,0.396835344651856,NA,5,0.2,0.379540686551579,"0.484552947731506",-0.0243323532687902,0.83349619832291
"320018",0.881367170245933,0.947469619040956,1.19846070322458,NA,0.348224918203078,0.0992804365543898,-0.940282479460392,NA,6,0.166666666666667,0.422420061301424,"0.535998143085873",-0.0243323532687902,0.83349619832291
"320021",-0.138941026297693,-1.39422760566464,0.0359153029103472,-1.37554204273937,0.368181368836203,-0.857416147607783,-2.43168312943175,-0.664508717790581,8,0.125,-0.807277749723158,"-0.939350890897576",-0.0243323532687902,0.83349619832291
"320022",NA,NA,NA,NA,NA,0.0620367739106069,0.191124910173049,0.707738223110458,3,0.333333333333333,0.320299969064705,"0.4134779774964",-0.0243323532687902,0.83349619832291
"320030",NA,NA,NA,NA,NA,NA,-0.837427262220988,-0.527284023700479,2,0.5,-0.682355642960734,"-0.789473654488121",-0.0243323532687902,0.83349619832291
"320033",NA,NA,NA,NA,NA,NA,0.0882696929336448,NA,1,1,0.0882696929336448,"0.135096052542295",-0.0243323532687902,0.83349619832291
"320059",NA,NA,NA,NA,NA,0.941918303869977,0.191124910173049,NA,2,0.5,0.566521607021513,"0.708886209054306",-0.0243323532687902,0.83349619832291
"32005F",-3.05168807701145,-0.434310499048684,NA,NA,NA,NA,-4.38593225698042,0.844962917200563,4,0.25,-1.75674197896,"-2.07848533583838",-0.0243323532687902,0.83349619832291
"320060",NA,NA,NA,NA,NA,NA,NA,NA,0,NA,NA,"NaN",-0.0243323532687902,0.83349619832291
"320061",NA,0.947469619040956,NA,NA,NA,-3.42955659894404,0.191124910173049,NA,3,0.333333333333333,-0.763654023243344,"-0.88701264800266",-0.0243323532687902,0.83349619832291
"320062",NA,NA,NA,NA,NA,NA,NA,NA,0,NA,NA,"NaN",-0.0243323532687902,0.83349619832291
"320063",NA,-0.65417978045234,NA,NA,NA,0.299465123264723,0.191124910173049,NA,3,0.333333333333333,-0.0545299156715228,"-0.0362299941661324",-0.0243323532687902,0.83349619832291
"320065",NA,NA,NA,NA,NA,-0.857416147607783,0.139697301553347,NA,2,0.5,-0.358859423027218,"-0.401354043883505",-0.0243323532687902,0.83349619832291
"320074",NA,NA,NA,NA,NA,0.941918303869977,0.345407736032154,NA,2,0.5,0.643663019951065,"0.801437816469876",-0.0243323532687902,0.83349619832291
"320084",NA,NA,NA,NA,NA,NA,0.0368420843139429,NA,1,1,0.0368420843139429,"0.0733949809319144",-0.0243323532687902,0.83349619832291
"320085",0.881367170245933,0.947469619040956,-0.30626246885702,NA,0.318290242253391,0.113246810045808,0.911111430848875,NA,6,0.166666666666667,0.477537133929657,"0.602125706401861",-0.0243323532687902,0.83349619832291
"320086",NA,NA,NA,NA,NA,NA,0.0882696929336448,NA,1,1,0.0882696929336448,"0.135096052542295",-0.0243323532687902,0.83349619832291
"320090",NA,NA,0.462563738001039,NA,NA,0.280843291942831,0.242552518792751,NA,3,0.333333333333333,0.328653182912207,"0.423499875453835",-0.0243323532687902,0.83349619832291
"320091",NA,0.947469619040956,NA,NA,NA,-0.633954171745086,0.293980127412452,0.0216147526599381,4,0.25,0.157277581842065,"0.217889338279257",-0.0243323532687902,0.83349619832291
"321300",NA,NA,NA,NA,NA,NA,NA,NA,0,NA,NA,"NaN",-0.0243323532687902,0.83349619832291
"321301",NA,NA,NA,NA,NA,NA,NA,NA,0,NA,NA,"NaN",-0.0243323532687902,0.83349619832291
"321302",NA,NA,NA,NA,NA,NA,NA,NA,0,NA,NA,"NaN",-0.0243323532687902,0.83349619832291
"321304",NA,NA,NA,NA,NA,NA,NA,NA,0,NA,NA,"NaN",-0.0243323532687902,0.83349619832291
"321305",NA,NA,NA,NA,NA,-2.61252374969605,NA,NA,1,1,-2.61252374969605,"-3.10522279721851",-0.0243323532687902,0.83349619832291
"321306",NA,NA,NA,NA,NA,-0.652576003066977,NA,NA,1,1,-0.652576003066977,"-0.753745069338391",-0.0243323532687902,0.83349619832291
"321307",NA,NA,NA,NA,NA,NA,NA,NA,0,NA,NA,"NaN",-0.0243323532687902,0.83349619832291
"321308",NA,NA,NA,NA,NA,0.941918303869977,NA,NA,1,1,0.941918303869977,"1.15927422234555",-0.0243323532687902,0.83349619832291
"321309",NA,-0.126851016110239,NA,NA,NA,-7.65438458009816,NA,NA,2,0.5,-3.8906177981042,"-4.63863596812417",-0.0243323532687902,0.83349619832291
"321310",NA,NA,NA,NA,NA,-4.03011065907504,NA,NA,1,1,-4.03011065907504,"-4.80599469303679",-0.0243323532687902,0.83349619832291
"321311",NA,0.947469619040956,NA,NA,NA,-6.62320067064842,NA,0.844962917200563,3,0.333333333333333,-1.6102560448023,"-1.90273656283564",-0.0243323532687902,0.83349619832291
"321312",NA,NA,NA,NA,NA,NA,NA,NA,0,NA,NA,"NaN",-0.0243323532687902,0.83349619832291
"321313",NA,NA,NA,NA,NA,NA,NA,NA,0,NA,NA,"NaN",-0.0243323532687902,0.83349619832291
"330005",0.134834617034898,-0.0678616967092583,0.150451795552144,0.889528224237349,-0.292044539609679,-0.38954263564526,-2.27740030357264,0.570513529020354,8,0.125,-0.160190126211512,"-0.162997471633444",-0.0243323532687902,0.83349619832291
"330006",0.881367170245933,-0.37889628991443,NA,NA,NA,-1.26942416560463,0.448262953271558,NA,4,0.25,-0.0796725830003925,"-0.0663952995142068",-0.0243323532687902,0.83349619832291
"330009",-1.08304363139823,-0.405709616914875,1.19846070322458,1.12011645862327,-0.328631365770408,-0.924920286149639,0.551118170510961,NA,7,0.142857142857143,0.0181986331608088,"0.0510272110600818",-0.0243323532687902,0.83349619832291
"330011",0.881367170245933,0.207421793828652,-2.41087052115003,NA,0.5195177861374,-0.580416406694648,-2.58596595529085,0.570513529020354,7,0.142857142857143,-0.48549037198617,"-0.553281490239887",-0.0243323532687902,0.83349619832291
"330013",-0.0105204925695188,-0.739982426853766,-0.259016165642279,-0.625620130024105,0.137019149002506,0.0434149425887155,-1.1459929139392,-0.664508717790581,8,0.125,-0.408150844403529,"-0.460492191694486",-0.0243323532687902,0.83349619832291
"330014",0.513040144937653,0.55778259996781,-0.949098533809102,NA,0.318290242253391,-0.33134941276435,-2.48311073805145,NA,6,0.166666666666667,-0.395740949577674,"-0.445603227772606",-0.0243323532687902,0.83349619832291
"330019",NA,0.454104402232753,NA,NA,0.123714848580423,-1.04828991865717,-0.374578784643672,NA,4,0.25,-0.211262363121917,"-0.22427218052014",-0.0243323532687902,0.83349619832291
"330023",0.640049464009473,0.078717824226512,0.224900515769311,0.241636503728242,0.76232126884042,-0.0613328585969238,-0.426006393263374,NA,7,0.142857142857143,0.208612332101951,"0.279479001631265",-0.0243323532687902,0.83349619832291
"330024",-0.627221297396026,0.248535561896002,0.383819899309804,-1.23576067941693,0.301659866725787,-0.512912268152791,-0.168868350164865,1.25663699947087,8,0.125,-0.0442637834660184,"-0.0239130427197299",-0.0243323532687902,0.83349619832291
"330027",0.408610260367489,0.609621698835339,NA,NA,0.549452462087088,-0.52687864164421,-1.1974205225589,NA,5,0.2,-0.0313229485826392,"-0.00838707522351623",-0.0243323532687902,0.83349619832291
"330028",-1.38080992388883,0.480917729233199,-0.489520857083894,NA,0.298333791620266,-0.741029701845961,-0.426006393263374,0.0216147526599381,7,0.142857142857143,-0.319500086081236,"-0.354132068516158",-0.0243323532687902,0.83349619832291
"330030",-3.26054784615177,0.0197285048255312,NA,NA,NA,-0.0822824188340517,-0.631716827742182,NA,4,0.25,-0.988704646975619,"-1.15702062666543",-0.0243323532687902,0.83349619832291
"330033",NA,NA,NA,NA,NA,-1.00871852709815,-0.837427262220988,NA,2,0.5,-0.923072894659569,"-1.07827791320362",-0.0243323532687902,0.83349619832291
"330043",0.70214290888903,0.357576425031148,0.665866012440228,0.733422030161926,-1.56426826747139,0.709145412346334,0.0882696929336448,0.844962917200563,8,0.125,0.317139641441435,"0.409686325381335",-0.0243323532687902,0.83349619832291
"330044",0.592068165693452,-1.18150854479444,-0.220360099375672,NA,-0.917346659447592,-0.568777762118465,-2.58596595529085,NA,6,0.166666666666667,-0.813648475888928,"-0.946994268490166",-0.0243323532687902,0.83349619832291
"330045",0.458002773339864,0.781226991638192,0.425339377892455,NA,0.288355566303703,0.0457426715039519,1.27110469118679,1.66831108174119,7,0.142857142857143,0.705440450515163,"0.875556247589779",-0.0243323532687902,0.83349619832291
"330046",-0.398604523066748,0.277136444029811,-0.0156261187784611,1.12011645862327,0.464637546896307,0.383263364213234,0.396835344651856,0.844962917200563,8,0.125,0.384090179221228,"0.490011272171141",-0.0243323532687902,0.83349619832291
"330047",NA,0.947469619040956,1.19846070322458,NA,NA,0.941918303869977,-0.220295958784567,NA,4,0.25,0.716888166837737,"0.889290822919107",-0.0243323532687902,0.83349619832291
"330049",0.881367170245933,-1.86792971600585,NA,NA,1.14814598108083,0.250582816044758,0.911111430848875,-0.664508717790581,6,0.166666666666667,0.109794827403994,"0.160921166698377",-0.0243323532687902,0.83349619832291
"330055",0.881367170245933,0.318250212097161,0.452541794894882,NA,0.228486214404329,0.567153948516912,1.93966360324291,0.158839446750041,7,0.142857142857143,0.649471770021739,"0.808406954520369",-0.0243323532687902,0.83349619832291
"330056",-0.514324124887741,0.396902637965135,1.19846070322458,NA,-0.810912256070926,0.681212665363497,0.602545779130663,0.296064140840146,7,0.142857142857143,0.264278506509337,"0.346265358328982",-0.0243323532687902,0.83349619832291
"330057",-0.134707382328632,0.609621698835339,-0.575423226565242,-0.823558702904053,-0.313664027795564,-0.0171060092074316,-1.0431376966998,0.296064140840146,8,0.125,-0.250238900728154,"-0.271034886438491",-0.0243323532687902,0.83349619832291
"330058",0.881367170245933,-4.6958419369862,1.19846070322458,NA,NA,0.941918303869977,-0.785999653601287,0.158839446750041,6,0.166666666666667,-0.383542661082826,"-0.43096814183053",-0.0243323532687902,0.83349619832291
"330059",-0.0472120736347115,-0.425372723381869,-0.46947697087158,0.695670859045648,-0.548152322734782,-0.0101228224617223,-1.1974205225589,0.158839446750041,8,0.125,-0.230405891230985,"-0.24723992548117",-0.0243323532687902,0.83349619832291
"330065",-1.74490330522805,0.947469619040956,NA,NA,1.14814598108083,0.0690199606563162,-1.2488481311786,NA,5,0.2,-0.165823175125709,"-0.16975580949453",-0.0243323532687902,0.83349619832291
"330073",0.881367170245933,-1.10464367405983,NA,NA,NA,-0.333677141679586,0.49969056189126,NA,4,0.25,-0.0143157709005557,"0.0120175501560643",-0.0243323532687902,0.83349619832291
"330074",-0.0133429218822259,-1.04386679952549,-2.02430985848397,NA,0.0887910599724545,0.415851569026544,0.0882696929336448,NA,6,0.166666666666667,-0.414767876326506,"-0.46843107844201",-0.0243323532687902,0.83349619832291
"330078",0.24632057488683,0.947469619040956,-0.704276780787262,0.0794084981204499,0.456322359132505,0.543876659364548,-3.66594573630459,NA,7,0.142857142857143,-0.299546400935224,"-0.330192325076222",-0.0243323532687902,0.83349619832291
"330079",NA,NA,NA,NA,NA,0.266876918451413,-1.45455856565741,1.11941230538077,3,0.333333333333333,-0.0227564472750755,"0.00189071767440041",-0.0243323532687902,0.83349619832291
"330080",-0.0542681469164793,0.34685109423097,-0.622669529779983,NA,0.103758397947298,-0.254534358561547,0.293980127412452,NA,6,0.166666666666667,-0.0311470692778815,"-0.00817606129794389",-0.0243323532687902,0.83349619832291
"330085",NA,NA,NA,NA,NA,0.941918303869977,0.293980127412452,NA,2,0.5,0.617949215641215,"0.770587280664686",-0.0243323532687902,0.83349619832291
"330086",NA,NA,NA,NA,NA,0.467061605161746,0.139697301553347,NA,2,0.5,0.303379453357546,"0.39317732616625",-0.0243323532687902,0.83349619832291
"330090",-1.14654829093414,0.312887546697072,0.0230299474881452,NA,1.14814598108083,0.590431237669276,-6.5973194276276,-0.527284023700479,7,0.142857142857143,-0.885236718475269,"-1.03288337359992",-0.0243323532687902,0.83349619832291
"330094",0.0162925859011989,-0.723894430653499,0.247807814297671,NA,NA,-1.06691174997906,-6.03161573281088,-0.527284023700479,6,0.166666666666667,-1.34760092282417,"-1.58761200377153",-0.0243323532687902,0.83349619832291
"330096",NA,NA,NA,NA,NA,-0.412819924797625,-0.58028921912248,NA,2,0.5,-0.496554571960052,"-0.566555935877605",-0.0243323532687902,0.83349619832291
"33009F",0.881367170245933,-1.65699821026901,NA,NA,NA,NA,-0.374578784643672,0.296064140840146,4,0.25,-0.213536420956652,"-0.22700051670129",-0.0243323532687902,0.83349619832291
"330100",NA,NA,NA,NA,NA,NA,NA,NA,0,NA,NA,"NaN",-0.0243323532687902,0.83349619832291
"330101",-0.312520429029181,-0.239466989512111,0.00155435511780836,0.969111774158152,-0.2953706147152,0.467061605161746,3.07107099287635,0.570513529020354,8,0.125,0.52899427788474,"0.66386221348926",-0.0243323532687902,0.83349619832291
"330102",-0.198212041864543,0.579233261568167,0.472585681107196,NA,0.0555303089172463,-0.952853033132476,0.242552518792751,NA,6,0.166666666666667,0.0331394492313902,"0.068952687025832",-0.0243323532687902,0.83349619832291
"330103",-0.694959600900997,0.2824991094299,1.19846070322458,NA,-0.938966147633478,-1.25545779211321,0.293980127412452,-0.664508717790581,7,0.142857142857143,-0.254136045481619,"-0.275710546341088",-0.0243323532687902,0.83349619832291
"330104",0.215273852447051,-1.6140968870683,0.469722268791151,NA,0.497898297951515,0.488011165398873,0.962539039468576,0.844962917200563,7,0.142857142857143,0.266330093455633,"0.348726781608926",-0.0243323532687902,0.83349619832291
"330106",-0.0909597279816718,-0.0624990313091691,0.461132031843017,NA,0.358203143519641,0.0783308763172619,0.293980127412452,1.39386169356098,7,0.142857142857143,0.347435587623216,"0.44603435701332",-0.0243323532687902,0.83349619832291
"330107",0.881367170245933,0.947469619040956,-0.168818677686864,NA,-0.112436483911555,0.639313544889241,-0.117440741545163,2.35443455219171,7,0.142857142857143,0.631984140460608,"0.787425899542172",-0.0243323532687902,0.83349619832291
"330111",NA,NA,NA,NA,NA,NA,0.0368420843139429,NA,1,1,0.0368420843139429,"0.0733949809319144",-0.0243323532687902,0.83349619832291
"330115",0.881367170245933,-2.13606298601031,-0.37068924596803,NA,NA,0.122557725706754,0.345407736032154,NA,5,0.2,-0.2314839199987,"-0.248533307226503",-0.0243323532687902,0.83349619832291
"330119",-0.213735403084432,0.486280394633288,0.620051415383509,0.532422551515794,0.697462804282764,0.49033889431411,0.191124910173049,1.11941230538077,8,0.125,0.490419734074857,"0.617581805867126",-0.0243323532687902,0.83349619832291
"33011F",NA,NA,NA,NA,NA,NA,NA,NA,0,NA,NA,"NaN",-0.0243323532687902,0.83349619832291
"330125",-0.473398899853487,-0.450398495248952,0.216310278821177,-2.46318389165702,-0.218870887288221,-0.0962487923254703,-3.8716561707834,-0.390059329610375,8,0.125,-0.968438273493218,"-1.13270573054092",-0.0243323532687902,0.83349619832291
"330126",0.74165691926693,0.0858680447599642,-0.322011236595267,0.383458470894802,0.489583110187713,-0.701458310286942,0.962539039468576,0.844962917200563,8,0.125,0.310574869362042,"0.401810138192237",-0.0243323532687902,0.83349619832291
"330127",-0.738707255247957,0.207421793828652,0.242080989665581,NA,-0.902379321472749,0.169112304011483,-0.734572044981585,NA,6,0.166666666666667,-0.292840589032762,"-0.322146923170426",-0.0243323532687902,0.83349619832291
"330128",-0.531258700763983,0.0304538356257095,0.103205492337403,NA,-0.250468600790669,0.0131544666906419,-0.683144436361883,NA,6,0.166666666666667,-0.21967632387713,"-0.234366960522909",-0.0243323532687902,0.83349619832291
"33012F",0.881367170245933,-0.661330000985792,NA,NA,NA,NA,-0.32315117602397,1.53108638765108,4,0.25,0.356993095221813,"0.457501125089562",-0.0243323532687902,0.83349619832291
"330135",NA,NA,NA,NA,NA,0.0853140630629712,0.345407736032154,NA,2,0.5,0.215360899547563,"0.287575700163532",-0.0243323532687902,0.83349619832291
"330136",0.881367170245933,-0.182265225244494,0.680183074020453,NA,-2.5088735974393,-0.768962448828798,-1.40313095703771,-0.801733411880687,7,0.142857142857143,-0.586202199452087,"-0.674112068313981",-0.0243323532687902,0.83349619832291
"330140",0.350750459456993,-0.137576346910417,0.423907671734433,NA,0.627615227066827,-0.117198352562598,-0.940282479460392,-0.527284023700479,7,0.142857142857143,-0.0457239777679477,"-0.0256649334960375",-0.0243323532687902,0.83349619832291
"330141",0.165881339474676,0.947469619040956,-1.58763948028712,NA,0.564419800061931,0.648624460550187,0.653973387750365,-0.25283463552027,7,0.142857142857143,0.162842070152961,"0.224565419492456",-0.0243323532687902,0.83349619832291
"330144",NA,NA,NA,NA,NA,NA,NA,NA,0,NA,NA,"NaN",-0.0243323532687902,0.83349619832291
"330151",NA,NA,NA,NA,NA,NA,0.139697301553347,NA,1,1,0.139697301553347,"0.196797124152676",-0.0243323532687902,0.83349619832291
"330153",0.713432626139859,0.572083041034715,-0.657030477572522,NA,0.499561335504275,-0.287122563374858,-1.91740704323473,NA,6,0.166666666666667,-0.17941384691721,"-0.186061428906888",-0.0243323532687902,0.83349619832291
"330157",0.460825202652571,-0.207290997111577,-0.231813748639852,NA,1.14814598108083,0.448439773839854,0.293980127412452,NA,6,0.166666666666667,0.318714389872381,"0.411575654251837",-0.0243323532687902,0.83349619832291
"330158",0.47634856387246,0.631072360435695,0.624346533857577,NA,1.14814598108083,0.390246550958943,0.602545779130663,1.53108638765108,7,0.142857142857143,0.771970308141037,"0.955376476835862",-0.0243323532687902,0.83349619832291
"33015F",NA,NA,NA,NA,NA,NA,NA,NA,0,NA,NA,"NaN",-0.0243323532687902,0.83349619832291
"330160",0.537030794095663,0.536331938367453,1.19846070322458,0.456920209283236,-0.895727171261707,0.152818201604828,-0.631716827742182,0.296064140840146,8,0.125,0.206272748551502,"0.276672049955713",-0.0243323532687902,0.83349619832291
"330162",0.881367170245933,0.400477748231861,0.20628833571502,0.546706778424656,-1.37800806156223,0.771994093057718,0.705400996370067,0.982187611290668,8,0.125,0.389551833971712,"0.496563977224233",-0.0243323532687902,0.83349619832291
"330164",-0.491744690386084,-0.0106599324416408,0.453973501052904,-0.805193268306944,0.491246147740473,-0.138147912799726,0.139697301553347,0.570513529020354,8,0.125,0.0262105844290855,"0.0606396739416135",-0.0243323532687902,0.83349619832291
"330166",NA,NA,NA,NA,NA,NA,NA,NA,0,NA,NA,"NaN",-0.0243323532687902,0.83349619832291
"330169",0.522918647532128,0.947469619040956,1.19846070322458,NA,-0.504913346363011,0.844153689430047,0.139697301553347,NA,6,0.166666666666667,0.524631102403008,"0.658627425987516",-0.0243323532687902,0.83349619832291
"33016F",-0.30828678506012,-1.46215470073244,NA,NA,NA,NA,-2.07168986909383,NA,3,0.333333333333333,-1.2807104516288,"-1.50735912279862",-0.0243323532687902,0.83349619832291
"330175",NA,0.947469619040956,-1.10658621119157,NA,NA,0.941918303869977,0.396835344651856,NA,4,0.25,0.294909264092804,"0.383015085136495",-0.0243323532687902,0.83349619832291
"33017F",NA,NA,NA,NA,NA,NA,-0.683144436361883,-0.115609941430166,2,0.5,-0.399377188896024,"-0.449965862330107",-0.0243323532687902,0.83349619832291
"330180",-0.0683802934800149,0.302162215896894,-0.118708962156078,NA,0.383148706811047,-0.766634719913562,0.293980127412452,NA,6,0.166666666666667,0.00426117909512299,"0.0343055342321257",-0.0243323532687902,0.83349619832291
"330181",NA,-0.493299818449665,1.19846070322458,NA,NA,0.474044791907455,0.756828604989769,NA,4,0.25,0.484008570418035,"0.609889912767048",-0.0243323532687902,0.83349619832291
"330182",0.229385999010587,0.852729196972714,0.28216876209021,NA,-0.66123887632249,0.785960466549136,-0.528861610502778,-0.25283463552027,7,0.142857142857143,0.101044186039587,"0.150422448909364",-0.0243323532687902,0.83349619832291
"330184",-1.03365111842585,-0.959851708257421,NA,NA,-1.80041959996337,0.0643645028258433,0.293980127412452,1.66831108174119,6,0.166666666666667,-0.294544452444527,"-0.324191159743061",-0.0243323532687902,0.83349619832291
"330185",0.53561957943931,0.400477748231861,0.76035861886971,NA,-0.456685257332959,0.941918303869977,0.345407736032154,1.39386169356098,7,0.142857142857143,0.560136917524433,"0.701226078738263",-0.0243323532687902,0.83349619832291
"330188",NA,NA,NA,NA,NA,0.581120322008331,0.0882696929336448,NA,2,0.5,0.334695007470988,"0.430748648238807",-0.0243323532687902,0.83349619832291
"330191",-0.0613242201982471,-1.78927729013788,0.499788098109623,NA,1.14814598108083,-0.308072123611985,-1.96883465185443,NA,6,0.166666666666667,-0.41326236776868,"-0.466624821183902",-0.0243323532687902,0.83349619832291
"330193",0.51586257425036,0.947469619040956,NA,NA,-0.200577474207857,-0.717752412693597,-0.117440741545163,NA,5,0.2,0.0855123129689399,"0.131787843134438",-0.0243323532687902,0.83349619832291
"330194",-2.04972567100042,-0.704231324186505,-0.556811046510949,NA,-0.805923143412645,0.362313803976106,0.49969056189126,0.296064140840146,7,0.142857142857143,-0.422660382629001,"-0.47790023537203",-0.0243323532687902,0.83349619832291
"330195",0.402965401742075,0.128769367960677,0.757495206553665,0.0426776289262328,0.381485669258286,0.560170761771203,-0.168868350164865,0.707738223110458,8,0.125,0.351554238644717,"0.450975772498824",-0.0243323532687902,0.83349619832291
"330196",-0.366146585970617,0.947469619040956,1.19846070322458,NA,0.581050175589535,0.623019442482586,-0.426006393263374,NA,6,0.166666666666667,0.426307826850611,"0.54066255014257",-0.0243323532687902,0.83349619832291
"330197",-0.409894240317577,-0.457548715782404,NA,NA,NA,-1.84204547875279,-0.940282479460392,NA,4,0.25,-0.912442728578291,"-1.06552420646487",-0.0243323532687902,0.83349619832291
"330198",0.881367170245933,0.543482158900906,0.316529709882749,0.0559415539130336,-0.586402186448271,0.765010906312009,0.756828604989769,-0.664508717790581,8,0.125,0.258531150000693,"0.339369878157378",-0.0243323532687902,0.83349619832291
"330199",0.881367170245933,-0.0803745826427997,NA,NA,1.14814598108083,0.660263105126369,0.345407736032154,NA,5,0.2,0.590961881968498,"0.738208808240915",-0.0243323532687902,0.83349619832291
"33019F",NA,0.947469619040956,NA,NA,NA,NA,0.0368420843139429,0.844962917200563,3,0.333333333333333,0.60975820685182,"0.760759990743178",-0.0243323532687902,0.83349619832291
"330202",-0.717539035402654,-1.16542054859417,-3.32143563765231,NA,-0.0658714324342634,-0.33134941276435,-0.940282479460392,NA,6,0.166666666666667,-1.09031642438469,"-1.27893093365127",-0.0243323532687902,0.83349619832291
"330203",0.259021506794012,0.947469619040956,-0.791610856426632,0.861980072341686,0.176932050268756,-0.426786298289043,-0.88885487084069,0.158839446750041,8,0.125,0.0371238337048856,"0.0737330141365164",-0.0243323532687902,0.83349619832291
"330204",-0.237726052242442,-0.405709616914875,-0.781588913320475,NA,-0.222196962393742,-0.191685677850164,-0.837427262220988,NA,6,0.166666666666667,-0.446055747490448,"-0.505969187466258",-0.0243323532687902,0.83349619832291
"330205",NA,NA,NA,NA,NA,0.224977797977157,0.396835344651856,0.296064140840146,3,0.333333333333333,0.305959094489719,"0.396272290651228",-0.0243323532687902,0.83349619832291
"330208",-2.40817419371422,0.606046588568612,1.19846070322458,NA,-1.8286912383603,-0.159097473036854,0.705400996370067,0.158839446750041,7,0.142857142857143,-0.24674502431401,"-0.266843053984817",-0.0243323532687902,0.83349619832291
"33020F",-0.271595203994928,0.234235120829097,NA,NA,NA,NA,-1.0945653053195,0.296064140840146,4,0.25,-0.208965311911296,"-0.221516257679409",-0.0243323532687902,0.83349619832291
"330211",0.881367170245933,0.947469619040956,NA,NA,NA,-1.76755815346523,0.396835344651856,NA,4,0.25,0.114528495118379,"0.166600458006375",-0.0243323532687902,0.83349619832291
"330214",0.12777854375313,0.191333797628384,0.150451795552144,-0.819477495215807,-0.027621568720774,0.564826219601676,1.6825255601444,1.39386169356098,8,0.125,0.407959818288017,"0.518649242104077",-0.0243323532687902,0.83349619832291
"330215",NA,0.221722234895556,NA,NA,-0.33860959108697,-1.02501262950481,0.191124910173049,NA,4,0.25,-0.237693768880793,"-0.255983669801146",-0.0243323532687902,0.83349619832291
"330218",NA,-0.511175369783295,NA,NA,NA,0.541548930449311,-1.30027573979831,NA,3,0.333333333333333,-0.42330072637743,"-0.478668497722497",-0.0243323532687902,0.83349619832291
"330219",0.0134701565884918,0.345063539097607,0.220605397295244,NA,-0.0425889066956176,-0.10323197907118,-5.62019486385326,0.844962917200563,7,0.142857142857143,-0.620273391348308,"-0.71498950958459",-0.0243323532687902,0.83349619832291
"330221",0.881367170245933,-0.784671305187842,-0.316284411963177,NA,-1.19507393075858,-0.117198352562598,0.139697301553347,NA,6,0.166666666666667,-0.23202725477882,"-0.249185181561638",-0.0243323532687902,0.83349619832291
"330222",0.565255087222735,-1.04744190979221,0.196266392608862,NA,0.329931505122714,-0.557139117542283,-0.426006393263374,-0.527284023700479,7,0.142857142857143,-0.209488351334862,"-0.222143782345531",-0.0243323532687902,0.83349619832291
"330224",0.275956082670254,-0.176902559844405,1.19846070322458,NA,0.178595087821517,-1.01104625601339,-0.58028921912248,-1.213407494151,7,0.142857142857143,-0.189804807916417,"-0.198528145635908",-0.0243323532687902,0.83349619832291
"330226",0.395909328460307,0.103743596093595,0.738883026499373,NA,-1.3663667986929,0.339036514823742,-0.32315117602397,-1.62508157642131,7,0.142857142857143,-0.248146726465881,"-0.26852476789628",-0.0243323532687902,0.83349619832291
"330229",NA,NA,NA,NA,NA,-3.81130414104281,0.139697301553347,NA,2,0.5,-1.83580341974473,"-2.1733405264725",-0.0243323532687902,0.83349619832291
"330231",0.696498050263616,0.370089310964689,-1.16814957598654,NA,0.303322904278547,0.110919081130572,0.602545779130663,NA,6,0.166666666666667,0.152537591630258,"0.21220246145685",-0.0243323532687902,0.83349619832291
"330233",0.513040144937653,0.564932820501262,1.19846070322458,NA,-0.767673279699155,-0.615332340423194,-2.63739356391055,NA,6,0.166666666666667,-0.290660919228235,"-0.319531830493442",-0.0243323532687902,0.83349619832291
"330234",0.0812084600934628,0.128769367960677,0.77753909276598,-1.03680180461492,-0.410120205855668,-0.4942904368309,-1.1459929139392,0.570513529020354,8,0.125,-0.191146863925027,"-0.200138298161272",-0.0243323532687902,0.83349619832291
"330235",0.881367170245933,0.396902637965135,NA,NA,NA,0.560170761771203,-0.271723567404269,-1.62508157642131,5,0.2,-0.0116729147686619,"0.0151883578180686",-0.0243323532687902,0.83349619832291
"330238",NA,0.947469619040956,1.19846070322458,NA,NA,0.217994611231448,0.345407736032154,0.0216147526599381,5,0.2,0.546189484437815,"0.684492429425066",-0.0243323532687902,0.83349619832291
"330239",-0.934866092481102,-0.534413586517015,-1.57045900639085,NA,NA,-1.55107936434824,0.551118170510961,0.158839446750041,6,0.166666666666667,-0.646810072079367,"-0.746827304147366",-0.0243323532687902,0.83349619832291
"330240",0.641460678665827,0.00900317402535284,1.19846070322458,NA,-1.1984000058641,0.124885454621991,-0.0660131329254609,NA,6,0.166666666666667,0.118232811958032,"0.171044769626639",-0.0243323532687902,0.83349619832291
"330241",0.139068261003959,-0.403922061781512,-1.25548365162591,NA,-0.0592192822232217,-0.415147653712861,-2.48311073805145,1.25663699947087,7,0.142857142857143,-0.460168303845731,"-0.522900945983789",-0.0243323532687902,0.83349619832291
"330246",NA,0.24138534136255,1.19846070322458,NA,1.14814598108083,0.941918303869977,0.551118170510961,0.707738223110458,6,0.166666666666667,0.798127787193227,"0.986759318299114",-0.0243323532687902,0.83349619832291
"33024F",0.881367170245933,-0.893712168322989,NA,NA,NA,NA,-1.0945653053195,1.11941230538077,4,0.25,0.00312550049605451,"0.0329429862068874",-0.0243323532687902,0.83349619832291
"330250",0.120722470471362,-3.28367338162939,-0.253289341010189,NA,-0.373533379694939,-0.997079882521968,-5.26020160351535,-0.938958105970791,7,0.142857142857143,-1.56943046055304,"-1.85375543450967",-0.0243323532687902,0.83349619832291
"330259",0.388853255178539,0.947469619040956,1.19846070322458,NA,0.63925648993615,0.823204129192919,0.705400996370067,0.707738223110458,7,0.142857142857143,0.772911916579096,"0.956506186173414",-0.0243323532687902,0.83349619832291
"330261",0.881367170245933,0.947469619040956,0.559919756746566,NA,1.14814598108083,0.825531858108156,-0.426006393263374,0.296064140840146,7,0.142857142857143,0.604641733257031,"0.754621422138924",-0.0243323532687902,0.83349619832291
"330264",-0.813501632034696,-0.126851016110239,-0.427957492288928,NA,-4.35484528100336,0.539221201534075,-0.528861610502778,0.0216147526599381,7,0.142857142857143,-0.813025868249426,"-0.946247285311653",-0.0243323532687902,0.83349619832291
"330265",NA,NA,NA,NA,NA,0.536893472618838,-1.30027573979831,NA,2,0.5,-0.381691133589734,"-0.42874674298454",-0.0243323532687902,0.83349619832291
"330267",0.881367170245933,0.947469619040956,1.19846070322458,NA,1.14814598108083,0.755699990651063,0.191124910173049,-0.527284023700479,7,0.142857142857143,0.656426335816562,"0.816750802769248",-0.0243323532687902,0.83349619832291
"330270",NA,NA,NA,NA,NA,0.574137135262621,1.93966360324291,0.43328883493025,3,0.333333333333333,0.982363191145261,"1.20779860356848",-0.0243323532687902,0.83349619832291
"330273",NA,NA,NA,NA,NA,-0.536189557305155,0.602545779130663,NA,2,0.5,0.033178110912754,"0.0689990719780868",-0.0243323532687902,0.83349619832291
"330276",NA,NA,NA,NA,NA,0.941918303869977,-1.40313095703771,NA,2,0.5,-0.230606326583866,"-0.247480400906594",-0.0243323532687902,0.83349619832291
"330277",NA,-0.371746069380977,0.0960469615472904,NA,NA,0.387918822043707,-0.785999653601287,-2.03675565869162,5,0.2,-0.542107119616578,"-0.621208311915052",-0.0243323532687902,0.83349619832291
"330279",0.387442040522186,0.463042177899568,0.660139187808138,NA,0.39478996968037,0.0294485690972969,-0.271723567404269,NA,6,0.166666666666667,0.277189729600548,"0.361755798617961",-0.0243323532687902,0.83349619832291
"330285",-0.495978334355144,-0.31454430511336,0.0115762982239656,0.273265863312151,-0.428413618936032,0.143507285943882,-1.71169660875592,NA,7,0.142857142857143,-0.360326202811494,"-0.403113835694466",-0.0243323532687902,0.83349619832291
"330286",0.322526166329922,0.854516752106077,0.489766155003466,-0.555219297401856,0.705777992046566,0.897691454480485,-2.22597269495294,-0.25283463552027,8,0.125,0.0295314865114313,"0.0646239777561094",-0.0243323532687902,0.83349619832291
"330304",0.59912423897522,0.398690193098498,0.0402104213844145,1.12011645862327,-0.712793040458062,0.62069171356735,1.16824947394738,1.9427604699214,8,0.125,0.647131241132433,"0.805598868659852",-0.0243323532687902,0.83349619832291
"330307",0.881367170245933,-1.88401771220612,0.242080989665581,NA,-0.0375997940373364,0.0783308763172619,0.191124910173049,-3.82067668186298,7,0.142857142857143,-0.621341463100659,"-0.716270945246204",-0.0243323532687902,0.83349619832291
"330331",0.881367170245933,0.947469619040956,1.19846070322458,NA,1.14814598108083,0.71845632800728,0.345407736032154,-0.115609941430166,7,0.142857142857143,0.731956799457367,"0.907369648773322",-0.0243323532687902,0.83349619832291
"330332",-1.1507819349032,0.3647266455646,0.140429852445987,NA,-0.579750036237229,0.941918303869977,-0.631716827742182,0.0216147526599381,7,0.142857142857143,-0.127651320620301,"-0.123958534615275",-0.0243323532687902,0.83349619832291
"330350",0.566666301879088,-1.21904720259506,0.336573596095063,NA,-1.95840816747561,-0.235912527239656,-0.271723567404269,0.158839446750041,7,0.142857142857143,-0.374716017141486,"-0.420378238770265",-0.0243323532687902,0.83349619832291
"330386",NA,NA,NA,NA,NA,-0.822500213879236,0.396835344651856,NA,2,0.5,-0.21283243461369,"-0.226155898160284",-0.0243323532687902,0.83349619832291
"330393",0.30982523442274,0.2824991094299,-0.824540098061149,-1.4224759311542,-0.253794675896189,0.0294485690972969,-0.32315117602397,1.66831108174119,8,0.125,-0.0667347358055486,"-0.050872916543683",-0.0243323532687902,0.83349619832291
"330394",0.134834617034898,-0.402134506648149,-1.50889564159588,NA,-0.0326106813790552,-0.403509009136679,-2.99738682424847,1.11941230538077,7,0.142857142857143,-0.584327105798938,"-0.671862395601709",-0.0243323532687902,0.83349619832291
"330395",-5.03021102521914,-2.08243633200942,NA,NA,-0.0143172682986907,-1.09717222587713,-1.35170334841801,NA,5,0.2,-1.91516803996448,"-2.2685594613392",-0.0243323532687902,0.83349619832291
"330396",0.484815851810582,-2.1074621038765,1.19846070322458,NA,-0.441717919358116,-0.33134941276435,-2.07168986909383,NA,6,0.166666666666667,-0.544823791676273,"-0.624467681382076",-0.0243323532687902,0.83349619832291
"330399",0.175759842069151,0.947469619040956,-0.793042562584655,NA,-0.348587816403533,0.797599111125319,-1.45455856565741,NA,6,0.166666666666667,-0.112560062068362,"-0.105852562947613",-0.0243323532687902,0.83349619832291
"330401",0.380385967240418,0.947469619040956,0.58569046759097,NA,-1.59919205607936,0.941918303869977,1.5282427342853,-1.213407494151,7,0.142857142857143,0.224443934542466,"0.298473212369561",-0.0243323532687902,0.83349619832291
"330405",NA,NA,NA,NA,NA,NA,NA,NA,0,NA,NA,"NaN",-0.0243323532687902,0.83349619832291
"330406",NA,NA,NA,NA,NA,NA,NA,NA,0,NA,NA,"NaN",-0.0243323532687902,0.83349619832291
"331301",NA,NA,NA,NA,NA,NA,NA,NA,0,NA,NA,"NaN",-0.0243323532687902,0.83349619832291
"331302",NA,NA,NA,NA,NA,0.941918303869977,NA,NA,1,1,0.941918303869977,"1.15927422234555",-0.0243323532687902,0.83349619832291
"331303",NA,NA,NA,NA,NA,NA,NA,NA,0,NA,NA,"NaN",-0.0243323532687902,0.83349619832291
"331304",NA,NA,NA,NA,NA,NA,NA,NA,0,NA,NA,"NaN",-0.0243323532687902,0.83349619832291
"331305",NA,NA,NA,NA,NA,NA,NA,NA,0,NA,NA,"NaN",-0.0243323532687902,0.83349619832291
"331309",NA,NA,NA,NA,NA,NA,NA,NA,0,NA,NA,"NaN",-0.0243323532687902,0.83349619832291
"331310",NA,NA,NA,NA,NA,NA,NA,NA,0,NA,NA,"NaN",-0.0243323532687902,0.83349619832291
"331311",NA,NA,NA,NA,NA,NA,NA,NA,0,NA,NA,"NaN",-0.0243323532687902,0.83349619832291
"331312",NA,NA,NA,NA,NA,-5.51520170699588,NA,NA,1,1,-5.51520170699588,"-6.58775572675118",-0.0243323532687902,0.83349619832291
"331313",NA,NA,NA,NA,NA,NA,NA,NA,0,NA,NA,"NaN",-0.0243323532687902,0.83349619832291
"331314",NA,NA,NA,NA,NA,NA,NA,NA,0,NA,NA,"NaN",-0.0243323532687902,0.83349619832291
"331315",NA,NA,NA,NA,NA,0.941918303869977,NA,NA,1,1,0.941918303869977,"1.15927422234555",-0.0243323532687902,0.83349619832291
"331316",NA,NA,NA,NA,NA,NA,NA,1.39386169356098,1,1,1.39386169356098,"1.70150031839778",-0.0243323532687902,0.83349619832291
"331317",NA,NA,NA,NA,NA,NA,NA,NA,0,NA,NA,"NaN",-0.0243323532687902,0.83349619832291
"331318",NA,NA,NA,NA,NA,NA,NA,NA,0,NA,NA,"NaN",-0.0243323532687902,0.83349619832291
"331319",NA,NA,NA,NA,NA,NA,NA,NA,0,NA,NA,"NaN",-0.0243323532687902,0.83349619832291
"331320",NA,NA,NA,NA,NA,0.941918303869977,NA,NA,1,1,0.941918303869977,"1.15927422234555",-0.0243323532687902,0.83349619832291
"331321",NA,NA,NA,NA,NA,-4.37694226744526,NA,NA,1,1,-4.37694226744526,"-5.22211129808921",-0.0243323532687902,0.83349619832291
"331322",NA,NA,NA,NA,NA,NA,NA,NA,0,NA,NA,"NaN",-0.0243323532687902,0.83349619832291
"331323",NA,NA,NA,NA,NA,NA,NA,NA,0,NA,NA,"NaN",-0.0243323532687902,0.83349619832291
"340001",-0.320987716967302,0.189546242495021,0.19483468645084,NA,0.409757307655213,0.634658087058768,0.0368420843139429,-0.664508717790581,7,0.142857142857143,0.0685917104594146,"0.111487087661802",-0.0243323532687902,0.83349619832291
"340002",-0.226436334991614,0.42907863036567,-0.0886431328376065,-0.420539443689727,0.0139543700982361,0.299465123264723,1.6310979515247,0.570513529020354,8,0.125,0.276061336594342,"0.360401991595833",-0.0243323532687902,0.83349619832291
"340003",0.881367170245933,0.04832938695934,-0.721457254683532,NA,NA,-0.198668864595873,-0.683144436361883,NA,5,0.2,-0.134714799687203,"-0.13243305325269",-0.0243323532687902,0.83349619832291
"340004",-0.311109214372828,-0.330632301313627,-1.02068384171023,1.12011645862327,-0.634630275478323,0.215666882316211,0.345407736032154,NA,7,0.142857142857143,-0.0879806508433387,"-0.0763630328519989",-0.0243323532687902,0.83349619832291
"340008",NA,-0.207290997111577,0.42247596557641,NA,1.14814598108083,-0.0171060092074316,0.191124910173049,-0.25283463552027,6,0.166666666666667,0.214085869165169,"0.286045962673476",-0.0243323532687902,0.83349619832291
"340010",0.652750395916656,-1.23513519879533,-1.58763948028712,NA,-3.36866401221643,0.590431237669276,0.293980127412452,NA,6,0.166666666666667,-0.77571282171675,"-0.90148037862659",-0.0243323532687902,0.83349619832291
"340013",NA,-0.277005647312736,-0.14304796684246,NA,NA,-1.2996846415027,-0.32315117602397,1.9427604699214,5,0.2,-0.0200257923520948,"0.00516686329866967",-0.0243323532687902,0.83349619832291
"340014",0.398731757773014,0.180608466828206,0.00441776743385327,0.396722395881603,0.0788128346558921,0.266876918451413,0.345407736032154,2.49165924628181,8,0.125,0.520404640417243,"0.653556662624385",-0.0243323532687902,0.83349619832291
"340015",0.881367170245933,-1.16363299346081,1.19846070322458,NA,1.14814598108083,0.941918303869977,1.11682186532768,-0.390059329610375,7,0.142857142857143,0.533288814382546,"0.669014650304746",-0.0243323532687902,0.83349619832291
"340016",0.881367170245933,-0.627366453451894,1.19846070322458,NA,NA,-0.736374244015488,-0.168868350164865,0.707738223110458,6,0.166666666666667,0.209159508158121,"0.280135484596959",-0.0243323532687902,0.83349619832291
"340017",-0.438118533444648,0.405840413631951,-0.831698628851261,NA,-1.00382461219113,0.252910544959994,1.16824947394738,-0.115609941430166,7,0.142857142857143,-0.0803216119111258,"-0.0671739820229444",-0.0243323532687902,0.83349619832291
"340020",NA,NA,NA,NA,NA,0.103935894384863,0.396835344651856,NA,2,0.5,0.250385619518359,"0.329597151540599",-0.0243323532687902,0.83349619832291
"340021",-0.189744753926421,0.634647470702421,1.19846070322458,NA,-0.591391299106552,0.0876417919782077,-0.168868350164865,0.43328883493025,7,0.142857142857143,0.20057634251966,"0.269837698409414",-0.0243323532687902,0.83349619832291
"340023",NA,-0.196565666311398,0.418180847102343,NA,NA,0.574137135262621,-0.117440741545163,NA,4,0.25,0.169577893627101,"0.23264682824716",-0.0243323532687902,0.83349619832291
"340024",NA,0.947469619040956,NA,NA,NA,-1.62323896072057,0.191124910173049,NA,3,0.333333333333333,-0.161548143835521,"-0.16462677435461",-0.0243323532687902,0.83349619832291
"340027",0.881367170245933,-0.475424267116034,NA,NA,-0.997172461980092,0.716128599092043,0.756828604989769,NA,5,0.2,0.176345529046324,"0.240766403876707",-0.0243323532687902,0.83349619832291
"340028",-1.04494083567668,-0.350295407780621,-0.568264695775129,-1.57041970985313,-0.608021674634157,-0.329021683849113,-0.32315117602397,0.158839446750041,8,0.125,-0.579409467105345,"-0.665962382256133",-0.0243323532687902,0.83349619832291
"340030",-0.359090512688849,-0.0374732594420866,-0.150206497632572,0.353869715155016,0.31662720470063,0.0108267377754054,-0.528861610502778,-1.48785688233121,8,0.125,-0.235270638120805,"-0.253076481064277",-0.0243323532687902,0.83349619832291
"340032",0.596301809662513,0.707937231170306,0.482607624213354,NA,0.399779082338651,0.632330358143532,-0.220295958784567,0.43328883493025,7,0.142857142857143,0.433135568810577,"0.548854239527241",-0.0243323532687902,0.83349619832291
"340039",0.110843967876887,-0.234104324112022,-1.21110076072721,NA,-0.0375997940373364,0.525254828042656,0.0882696929336448,-1.62508157642131,7,0.142857142857143,-0.340502566634956,"-0.379330120524049",-0.0243323532687902,0.83349619832291
"340040",-0.392959664441334,-0.289518533246277,-0.490952563241916,0.020230986640878,-0.218870887288221,0.322742412417087,0.602545779130663,-2.44842974096194,8,0.125,-0.361901526373882,"-0.405003854587843",-0.0243323532687902,0.83349619832291
"340041",-2.40535176440151,-0.496874928716391,NA,NA,1.14814598108083,0.215666882316211,-0.426006393263374,0.707738223110458,6,0.166666666666667,-0.209446999978963,"-0.222094170414507",-0.0243323532687902,0.83349619832291
"340042",-0.350623224750727,0.947469619040956,1.19846070322458,NA,-2.39911311895712,0.462406147331273,-0.991710088080094,NA,6,0.166666666666667,-0.188851660365188,"-0.197384592068242",-0.0243323532687902,0.83349619832291
"340047",-0.497389549011498,0.277136444029811,-0.405050193760569,-0.0991443382403275,-0.839183894467853,0.0341040269277697,-0.426006393263374,0.296064140840146,8,0.125,-0.207433719618237,"-0.21967870605513",-0.0243323532687902,0.83349619832291
"340049",NA,NA,NA,NA,NA,NA,0.345407736032154,-1.3506321882411,2,0.5,-0.502612226104475,"-0.57382370045363",-0.0243323532687902,0.83349619832291
"340050",-0.0726139374490756,0.604259033435249,NA,NA,1.14814598108083,0.471717062992218,0.49969056189126,NA,5,0.2,0.530239740390097,"0.665356476459941",-0.0243323532687902,0.83349619832291
"340051",-0.175632607362886,-0.1626021187775,NA,NA,-2.57539509954972,0.26222146062094,0.191124910173049,0.43328883493025,6,0.166666666666667,-0.337832436660978,"-0.376126590646707",-0.0243323532687902,0.83349619832291
"340053",-0.462109182602659,0.286074219696626,-0.123004080630145,0.39468179203748,0.127040923685944,0.581120322008331,1.579670342905,1.53108638765108,8,0.125,0.489320090593957,"0.616262491534185",-0.0243323532687902,0.83349619832291
"340060",NA,NA,NA,NA,NA,0.250582816044758,0.242552518792751,NA,2,0.5,0.246567667418754,"0.32501650425356",-0.0243323532687902,0.83349619832291
"340061",-0.621576438770611,0.0268787253589834,-0.037101711148798,-0.504204201298777,-0.2155448121827,-0.522223183813737,0.396835344651856,0.158839446750041,8,0.125,-0.164762103806718,"-0.168482772711487",-0.0243323532687902,0.83349619832291
"340064",-0.296997067809292,0.947469619040956,NA,NA,-0.411783243408428,-0.489634979000427,0.345407736032154,NA,5,0.2,0.0188924129709925,"0.0518595841549798",-0.0243323532687902,0.83349619832291
"340068",-0.0429784296656508,-3.69838617256962,1.19846070322458,NA,-1.65906140797873,-0.166080659782563,-0.374578784643672,-0.25283463552027,7,0.142857142857143,-0.713637055276561,"-0.827004014409102",-0.0243323532687902,0.83349619832291
"340069",0.510217715624946,0.681123904169861,-0.5281769233505,-0.786827833709836,0.858777446900523,0.259893731705703,0.0368420843139429,-0.527284023700479,8,0.125,0.0630707627442701,"0.104863244954117",-0.0243323532687902,0.83349619832291
"340070",0.24632057488683,0.559570155101173,-1.19392028683094,NA,0.687484578966201,0.767338635227245,-1.40313095703771,0.296064140840146,7,0.142857142857143,-0.00575330840672246,"0.0222904974245244",-0.0243323532687902,0.83349619832291
"340071",-0.769753977687735,-0.798971746254747,NA,NA,NA,-1.45564247882355,0.705400996370067,NA,4,0.25,-0.57974180159899,"-0.666361105722795",-0.0243323532687902,0.83349619832291
"340075",0.366273820676882,-0.328844746180264,0.680183074020453,NA,1.14814598108083,0.941918303869977,0.49969056189126,NA,6,0.166666666666667,0.551227832559857,"0.690537265780864",-0.0243323532687902,0.83349619832291
"340084",NA,NA,NA,NA,NA,NA,NA,NA,0,NA,NA,"NaN",-0.0243323532687902,0.83349619832291
"340085",NA,6.53983585375735e-05,-3.63784269857528,NA,NA,0.68586812319397,0.242552518792751,NA,4,0.25,-0.677339164557504,"-0.783455056666892",-0.0243323532687902,0.83349619832291
"340087",NA,NA,NA,NA,NA,-0.0962487923254703,0.293980127412452,NA,2,0.5,0.0988656675434911,"0.14780873753254",-0.0243323532687902,0.83349619832291
"340090",0.12354489978407,-0.0356857043087235,-0.95912047691526,NA,-0.526532834548896,0.541548930449311,1.01396664808828,0.296064140840146,7,0.142857142857143,0.0648265147698465,"0.106969735696497",-0.0243323532687902,0.83349619832291
"340091",0.271722438701194,0.593533702635071,-0.412208724550681,NA,0.892038197955732,0.648624460550187,-0.426006393263374,-0.938958105970791,7,0.142857142857143,0.0898207965796196,"0.136957013215056",-0.0243323532687902,0.83349619832291
"340096",NA,0.947469619040956,-1.89545630426195,NA,-0.425087543830511,-0.808533840387818,0.242552518792751,-1.07618280006089,6,0.166666666666667,-0.502539725117911,"-0.573736716269767",-0.0243323532687902,0.83349619832291
"340097",NA,0.947469619040956,NA,NA,NA,-1.99334785824316,0.139697301553347,-0.527284023700479,4,0.25,-0.358366240337334,"-0.400762340297003",-0.0243323532687902,0.83349619832291
"340098",0.227974784354233,0.0376040561591617,-0.0728943650993594,NA,0.025595632967559,0.145835014859118,-0.220295958784567,-1.07618280006089,7,0.142857142857143,-0.133194805086393,"-0.130609416139685",-0.0243323532687902,0.83349619832291
"340099",-2.88798717687443,-1.16363299346081,NA,NA,-0.406794130750147,0.660263105126369,-0.32315117602397,NA,5,0.2,-0.824260474396598,"-0.95972617840052",-0.0243323532687902,0.83349619832291
"340107",0.881367170245933,-1.67487376160264,NA,NA,NA,-0.212635238087292,-0.117440741545163,NA,4,0.25,-0.280895642747291,"-0.307815788475983",-0.0243323532687902,0.83349619832291
"340109",-1.28484732725679,-0.972364594190963,1.19846070322458,NA,-2.11473369743509,0.727767243668226,-0.528861610502778,NA,6,0.166666666666667,-0.495763213748801,"-0.565606491581586",-0.0243323532687902,0.83349619832291
"340113",-0.556660564578347,0.345063539097607,-0.124435786788168,0.297753109441629,0.406431232549692,0.101608165469626,0.602545779130663,0.844962917200563,8,0.125,0.239658548940408,"0.316727182127979",-0.0243323532687902,0.83349619832291
"340114",0.673918615761959,-0.092887468576341,-0.0628724219932022,-0.297082911120275,-0.617999899950719,-0.0171060092074316,-0.991710088080094,1.53108638765108,8,0.125,0.0156682755606224,"0.0479913752574978",-0.0243323532687902,0.83349619832291
"340115",0.881367170245933,0.345063539097607,0.529853927428095,-0.0624134690461104,0.0122913325454757,0.674229478617788,0.345407736032154,-0.25283463552027,8,0.125,0.309120634925084,"0.400065397856427",-0.0243323532687902,0.83349619832291
"340116",-0.175632607362886,-0.554076692984009,-1.26407388857404,NA,1.14814598108083,0.180750948587665,-0.168868350164865,NA,6,0.166666666666667,-0.13895910156955,"-0.137525220308626",-0.0243323532687902,0.83349619832291
"340119",NA,0.947469619040956,NA,NA,NA,0.660263105126369,-0.426006393263374,NA,3,0.333333333333333,0.393908776967983,"0.501791287204816",-0.0243323532687902,0.83349619832291
"340120",NA,NA,NA,NA,NA,-0.359282159747187,0.191124910173049,NA,2,0.5,-0.0840786247870691,"-0.0716815165306037",-0.0243323532687902,0.83349619832291
"340123",NA,NA,NA,NA,1.14814598108083,-1.83273456309185,0.139697301553347,NA,3,0.333333333333333,-0.181630426819222,"-0.188720805046182",-0.0243323532687902,0.83349619832291
"340126",-1.47253887655181,-5.07659118039253,0.167632269448413,NA,-8.22473366627683,0.057381316080134,0.345407736032154,-0.115609941430166,7,0.142857142857143,-2.0455789061558,"-2.42502192206035",-0.0243323532687902,0.83349619832291
"340127",NA,NA,NA,NA,NA,0.941918303869977,-1.91740704323473,NA,2,0.5,-0.487744369682376,"-0.555985758958498",-0.0243323532687902,0.83349619832291
"340129",NA,-0.305606529446544,1.19846070322458,0.142667217288268,NA,0.290154207603777,0.705400996370067,-1.76230627051142,6,0.166666666666667,0.0447950540881223,"0.0829366798504957",-0.0243323532687902,0.83349619832291
"34012F",0.642871893322181,-0.788246415454569,NA,NA,NA,NA,-2.63739356391055,-0.801733411880687,4,0.25,-0.896125374480907,"-1.04594720763726",-0.0243323532687902,0.83349619832291
"340130",0.0162925859011989,0.318250212097161,-0.0685992466252921,NA,-0.701151777588739,0.322742412417087,-0.940282479460392,-0.115609941430166,7,0.142857142857143,-0.166908319241306,"-0.171057727988916",-0.0243323532687902,0.83349619832291
"340131",0.0713299574989879,0.280711554296537,-0.480930620135759,NA,1.14814598108083,-0.32436622601864,0.705400996370067,-2.86010382323225,7,0.142857142857143,-0.208544597162889,"-0.221011498630414",-0.0243323532687902,0.83349619832291
"340132",0.881367170245933,-0.475424267116034,1.19846070322458,NA,-0.17396887336369,0.941918303869977,0.139697301553347,NA,6,0.166666666666667,0.418675056402352,"0.531505015334832",-0.0243323532687902,0.83349619832291
"34013F",NA,NA,NA,NA,NA,NA,0.345407736032154,NA,1,1,0.345407736032154,"0.443601410594198",-0.0243323532687902,0.83349619832291
"340141",-0.1417634556104,-0.319906970513449,-0.238972279429964,-0.0869007151755885,0.11041054815834,0.304120581095196,-0.0660131329254609,1.80553577583129,8,0.125,0.170813793928746,"0.234129618815529",-0.0243323532687902,0.83349619832291
"340142",NA,NA,1.19846070322458,NA,NA,-0.901642996997275,-0.477434001883076,0.0216147526599381,4,0.25,-0.0397503857489579,"-0.018498023759665",-0.0243323532687902,0.83349619832291
"340143",0.460825202652571,-0.0303230389086343,0.542739282850297,0.208986842222271,1.14814598108083,0.348347430484688,0.345407736032154,0.707738223110458,8,0.125,0.46648345744058,"0.588863886478364",-0.0243323532687902,0.83349619832291
"340145",0.881367170245933,-0.434310499048684,-0.721457254683532,NA,1.14814598108083,0.571809406347385,0.49969056189126,NA,6,0.166666666666667,0.324207560972199,"0.418166171534186",-0.0243323532687902,0.83349619832291
"340147",0.442479412119975,0.014365839425442,-2.94632862425043,NA,-0.0558932071177009,0.557843032855966,0.191124910173049,0.158839446750041,7,0.142857142857143,-0.233938455720522,"-0.251478174553746",-0.0243323532687902,0.83349619832291
"340148",NA,NA,1.19846070322458,0.602823384138043,NA,NA,0.653973387750365,NA,3,0.333333333333333,0.818419158370997,"1.01110420579662",-0.0243323532687902,0.83349619832291
"340151",0.0600402402481594,-1.98054568940772,NA,NA,-0.0758496577508258,0.259893731705703,0.396835344651856,0.707738223110458,6,0.166666666666667,-0.105314634573729,"-0.0971597488601441",-0.0243323532687902,0.83349619832291
"340155",-0.394370879097688,0.491643060033377,0.758926912711687,NA,0.652560790358233,0.648624460550187,0.0882696929336448,0.158839446750041,7,0.142857142857143,0.343499069177069,"0.44131145791184",-0.0243323532687902,0.83349619832291
"340156",NA,NA,NA,NA,NA,-0.78060109340498,NA,NA,1,1,-0.78060109340498,"-0.9073451584517",-0.0243323532687902,0.83349619832291
"340158",0.881367170245933,0.221722234895556,0.210583454189087,NA,1.14814598108083,-0.191685677850164,0.602545779130663,-0.25283463552027,7,0.142857142857143,0.374263472310234,"0.478221528041814",-0.0243323532687902,0.83349619832291
"340159",NA,NA,NA,NA,NA,0.941918303869977,-0.88885487084069,NA,2,0.5,0.0265317165146434,"0.061024957145309",-0.0243323532687902,0.83349619832291
"340166",-1.33423984022916,-0.518325590316748,0.0359153029103472,NA,0.19356242579636,0.488011165398873,-0.0660131329254609,NA,6,0.166666666666667,-0.200181611560965,"-0.210977876858951",-0.0243323532687902,0.83349619832291
"340168",NA,NA,NA,NA,NA,NA,NA,NA,0,NA,NA,"NaN",-0.0243323532687902,0.83349619832291
"340171",0.195516847258101,0.239597786229187,0.451110088736859,-0.327691968782123,-1.16680229236165,0.467061605161746,0.448262953271558,-0.938958105970791,8,0.125,-0.0789878858071395,"-0.0655738234299359",-0.0243323532687902,0.83349619832291
"340173",0.881367170245933,-0.169752339310952,0.0373470090683696,NA,-0.168979760705409,0.467061605161746,-0.220295958784567,0.570513529020354,7,0.142857142857143,0.199608750670782,"0.268676815071463",-0.0243323532687902,0.83349619832291
"34017F",NA,NA,NA,NA,NA,NA,-1.96883465185443,NA,1,1,-1.96883465185443,"-2.33294681187293",-0.0243323532687902,0.83349619832291
"340183",-0.0387447856965901,-1.81072795173823,0.788992742030159,NA,1.14814598108083,0.536893472618838,0.602545779130663,-0.938958105970791,7,0.142857142857143,0.0411638759221258,"0.0785801174890803",-0.0243323532687902,0.83349619832291
"340184",0.881367170245933,0.947469619040956,1.19846070322458,NA,-0.145697234966763,0.674229478617788,0.293980127412452,0.570513529020354,7,0.142857142857143,0.631474770370757,"0.786814774871328",-0.0243323532687902,0.83349619832291
"340188",NA,NA,NA,NA,NA,0.941918303869977,0.293980127412452,-0.527284023700479,3,0.333333333333333,0.236204802527317,"0.312583496265895",-0.0243323532687902,0.83349619832291
"340190",NA,NA,NA,NA,NA,0.941918303869977,0.242552518792751,NA,2,0.5,0.592235411331364,"0.739736744859496",-0.0243323532687902,0.83349619832291
"340195",NA,NA,NA,NA,NA,0.0643645028258433,0.139697301553347,NA,2,0.5,0.102030902189595,"0.151606276924409",-0.0243323532687902,0.83349619832291
"34036F",NA,-1.77140173880425,NA,NA,NA,NA,-0.528861610502778,0.982187611290668,3,0.333333333333333,-0.439358579338786,"-0.497934156034636",-0.0243323532687902,0.83349619832291
"341303",NA,NA,NA,NA,NA,NA,NA,NA,0,NA,NA,"NaN",-0.0243323532687902,0.83349619832291
"341304",NA,NA,NA,NA,NA,NA,NA,NA,0,NA,NA,"NaN",-0.0243323532687902,0.83349619832291
"341305",NA,NA,NA,NA,NA,0.941918303869977,NA,NA,1,1,0.941918303869977,"1.15927422234555",-0.0243323532687902,0.83349619832291
"341307",NA,NA,NA,NA,NA,NA,NA,NA,0,NA,NA,"NaN",-0.0243323532687902,0.83349619832291
"341311",NA,NA,NA,NA,NA,NA,NA,NA,0,NA,NA,"NaN",-0.0243323532687902,0.83349619832291
"341314",NA,NA,NA,NA,NA,NA,NA,NA,0,NA,NA,"NaN",-0.0243323532687902,0.83349619832291
"341315",NA,NA,NA,NA,NA,-2.57993554488274,NA,NA,1,1,-2.57993554488274,"-3.06612459271694",-0.0243323532687902,0.83349619832291
"341316",NA,NA,NA,NA,NA,-0.424458569373807,NA,NA,1,1,-0.424458569373807,"-0.480057637827403",-0.0243323532687902,0.83349619832291
"341317",NA,NA,NA,NA,NA,NA,NA,NA,0,NA,NA,"NaN",-0.0243323532687902,0.83349619832291
"341318",NA,-0.164389673910863,NA,NA,NA,-0.284794834459621,NA,NA,2,0.5,-0.224592254185242,"-0.240264924206491",-0.0243323532687902,0.83349619832291
"341319",NA,0.150220029561034,NA,NA,NA,-1.02966808733528,NA,NA,2,0.5,-0.439724028887122,"-0.498372609802118",-0.0243323532687902,0.83349619832291
"341320",NA,NA,NA,NA,NA,NA,NA,NA,0,NA,NA,"NaN",-0.0243323532687902,0.83349619832291
"341322",NA,NA,NA,NA,NA,NA,NA,NA,0,NA,NA,"NaN",-0.0243323532687902,0.83349619832291
"341323",NA,NA,NA,NA,NA,NA,NA,NA,0,NA,NA,"NaN",-0.0243323532687902,0.83349619832291
"341324",NA,NA,NA,NA,NA,0.941918303869977,NA,NA,1,1,0.941918303869977,"1.15927422234555",-0.0243323532687902,0.83349619832291
"341325",NA,NA,NA,NA,NA,NA,NA,NA,0,NA,NA,"NaN",-0.0243323532687902,0.83349619832291
"341326",NA,NA,NA,NA,NA,-1.89325551488799,NA,0.844962917200563,2,0.5,-0.524146298843716,"-0.599659538436538",-0.0243323532687902,0.83349619832291
"341327",NA,NA,NA,NA,NA,NA,NA,-0.664508717790581,1,1,-0.664508717790581,"-0.768061529026647",-0.0243323532687902,0.83349619832291
"341328",NA,0.947469619040956,NA,NA,NA,-0.403509009136679,NA,NA,2,0.5,0.271980304952138,"0.355505710544504",-0.0243323532687902,0.83349619832291
"341329",NA,NA,NA,NA,NA,0.103935894384863,NA,NA,1,1,0.103935894384863,"0.15389182087662",-0.0243323532687902,0.83349619832291
"350002",0.208217779165283,0.947469619040956,0.0158714166980329,NA,0.137019149002506,-0.126509268223544,-0.88885487084069,-1.3506321882411,7,0.142857142857143,-0.151059766199794,"-0.152043180503995",-0.0243323532687902,0.83349619832291
"350006",-1.03082868911314,0.450529291966027,0.310802885250659,NA,0.215181913982245,0.376280177467525,-0.168868350164865,NA,6,0.166666666666667,0.0255162048980745,"0.0598065813223452",-0.0243323532687902,0.83349619832291
"350011",0.507395286312239,0.947469619040956,-0.107255312891898,NA,0.566082837614692,0.215666882316211,-0.374578784643672,-0.801733411880687,7,0.142857142857143,0.13614958798112,"0.192540699733026",-0.0243323532687902,0.83349619832291
"350015",0.545498082033785,0.144857364160945,0.496924685793578,NA,0.47627880976563,0.213339153400975,-0.32315117602397,NA,6,0.166666666666667,0.258957819855157,"0.33988178193729",-0.0243323532687902,0.83349619832291
"350019",0.019115015213906,0.0429667215592509,-0.734342610105734,NA,0.541137274323286,0.0294485690972969,0.448262953271558,-0.664508717790581,7,0.142857142857143,-0.0454172563472884,"-0.0252969397112109",-0.0243323532687902,0.83349619832291
"35002F",NA,NA,NA,NA,NA,NA,1.16824947394738,0.570513529020354,2,0.5,0.869381501483869,"1.07224706789415",-0.0243323532687902,0.83349619832291
"350063",NA,NA,NA,NA,NA,NA,NA,NA,0,NA,NA,"NaN",-0.0243323532687902,0.83349619832291
"350070",0.45235791471445,-0.446823384982226,0.12468108470774,NA,0.00397614478167382,0.478700249737928,1.16824947394738,-0.801733411880687,7,0.142857142857143,0.139915438718037,"0.197058837601555",-0.0243323532687902,0.83349619832291
"351300",NA,NA,NA,NA,NA,NA,NA,NA,0,NA,NA,"NaN",-0.0243323532687902,0.83349619832291
"351301",NA,NA,NA,NA,NA,NA,NA,NA,0,NA,NA,"NaN",-0.0243323532687902,0.83349619832291
"351302",NA,NA,NA,NA,NA,NA,NA,-0.527284023700479,1,1,-0.527284023700479,"-0.603424072531687",-0.0243323532687902,0.83349619832291
"351303",NA,NA,NA,NA,NA,NA,NA,NA,0,NA,NA,"NaN",-0.0243323532687902,0.83349619832291
"351304",NA,NA,NA,NA,NA,NA,NA,NA,0,NA,NA,"NaN",-0.0243323532687902,0.83349619832291
"351305",NA,NA,NA,NA,NA,NA,NA,NA,0,NA,NA,"NaN",-0.0243323532687902,0.83349619832291
"351306",NA,NA,NA,NA,NA,NA,NA,NA,0,NA,NA,"NaN",-0.0243323532687902,0.83349619832291
"351307",NA,NA,NA,NA,NA,NA,NA,NA,0,NA,NA,"NaN",-0.0243323532687902,0.83349619832291
"351308",NA,NA,NA,NA,NA,NA,NA,NA,0,NA,NA,"NaN",-0.0243323532687902,0.83349619832291
"351309",NA,NA,NA,NA,NA,NA,NA,NA,0,NA,NA,"NaN",-0.0243323532687902,0.83349619832291
"351310",NA,NA,NA,NA,NA,NA,NA,NA,0,NA,NA,"NaN",-0.0243323532687902,0.83349619832291
"351311",NA,NA,NA,NA,NA,NA,NA,NA,0,NA,NA,"NaN",-0.0243323532687902,0.83349619832291
"351312",NA,NA,NA,NA,NA,NA,NA,NA,0,NA,NA,"NaN",-0.0243323532687902,0.83349619832291
"351313",NA,NA,NA,NA,NA,NA,NA,NA,0,NA,NA,"NaN",-0.0243323532687902,0.83349619832291
"351314",NA,NA,NA,NA,NA,NA,NA,NA,0,NA,NA,"NaN",-0.0243323532687902,0.83349619832291
"351315",NA,NA,NA,NA,NA,NA,NA,NA,0,NA,NA,"NaN",-0.0243323532687902,0.83349619832291
"351316",NA,NA,NA,NA,NA,NA,NA,NA,0,NA,NA,"NaN",-0.0243323532687902,0.83349619832291
"351318",NA,NA,NA,NA,NA,NA,NA,NA,0,NA,NA,"NaN",-0.0243323532687902,0.83349619832291
"351319",NA,NA,NA,NA,NA,NA,NA,NA,0,NA,NA,"NaN",-0.0243323532687902,0.83349619832291
"351320",NA,NA,NA,NA,NA,NA,NA,NA,0,NA,NA,"NaN",-0.0243323532687902,0.83349619832291
"351321",NA,NA,NA,NA,NA,NA,NA,NA,0,NA,NA,"NaN",-0.0243323532687902,0.83349619832291
"351322",NA,NA,NA,NA,NA,NA,NA,NA,0,NA,NA,"NaN",-0.0243323532687902,0.83349619832291
"351323",NA,NA,NA,NA,NA,NA,NA,NA,0,NA,NA,"NaN",-0.0243323532687902,0.83349619832291
"351324",NA,NA,NA,NA,NA,NA,NA,NA,0,NA,NA,"NaN",-0.0243323532687902,0.83349619832291
"351325",NA,NA,NA,NA,NA,NA,NA,NA,0,NA,NA,"NaN",-0.0243323532687902,0.83349619832291
"351326",NA,NA,NA,NA,NA,NA,NA,NA,0,NA,NA,"NaN",-0.0243323532687902,0.83349619832291
"351327",NA,NA,NA,NA,NA,NA,NA,NA,0,NA,NA,"NaN",-0.0243323532687902,0.83349619832291
"351328",NA,NA,NA,NA,NA,NA,NA,NA,0,NA,NA,"NaN",-0.0243323532687902,0.83349619832291
"351329",NA,NA,NA,NA,NA,NA,NA,NA,0,NA,NA,"NaN",-0.0243323532687902,0.83349619832291
"351330",NA,NA,NA,NA,NA,NA,NA,NA,0,NA,NA,"NaN",-0.0243323532687902,0.83349619832291
"351331",NA,NA,NA,NA,NA,NA,NA,NA,0,NA,NA,"NaN",-0.0243323532687902,0.83349619832291
"351332",NA,NA,NA,NA,NA,NA,NA,NA,0,NA,NA,"NaN",-0.0243323532687902,0.83349619832291
"351333",NA,NA,NA,NA,NA,NA,NA,NA,0,NA,NA,"NaN",-0.0243323532687902,0.83349619832291
"351334",NA,NA,NA,NA,NA,0.941918303869977,NA,NA,1,1,0.941918303869977,"1.15927422234555",-0.0243323532687902,0.83349619832291
"351335",NA,NA,NA,NA,NA,NA,NA,0.296064140840146,1,1,0.296064140840146,"0.384400666438084",-0.0243323532687902,0.83349619832291
"351336",NA,NA,NA,NA,NA,-2.14465023773353,NA,NA,1,1,-2.14465023773353,"-2.54388428973169",-0.0243323532687902,0.83349619832291
"351364",NA,NA,NA,NA,NA,NA,NA,NA,0,NA,NA,"NaN",-0.0243323532687902,0.83349619832291
"360001",0.0755636014680486,0.0965933755601425,-0.14304796684246,NA,-1.06369396409051,0.546204388279784,1.11682186532768,0.844962917200563,7,0.142857142857143,0.210486316700464,"0.281727343738024",-0.0243323532687902,0.83349619832291
"360002",NA,NA,NA,NA,NA,0.941918303869977,0.448262953271558,NA,2,0.5,0.695090628570767,"0.863138888080257",-0.0243323532687902,0.83349619832291
"360003",-0.116361591796036,0.269986223496359,-0.725752373157599,-0.597051676206381,-0.198914436655096,0.0294485690972969,0.602545779130663,0.707738223110458,8,0.125,-0.00354516037254192,"0.0249397572995228",-0.0243323532687902,0.83349619832291
"360006",0.160236480849262,0.396902637965135,-0.762976733266183,0.680366330214724,0.130366998791465,-0.550155930796574,-0.58028921912248,-0.25283463552027,8,0.125,-0.0972980088606152,"-0.0875416777408707",-0.0243323532687902,0.83349619832291
"360008",0.881367170245933,0.430866185499033,0.652980657018026,0.343666695934401,1.14814598108083,-0.936558930725821,0.756828604989769,-0.25283463552027,8,0.125,0.378057716065238,"0.482773730874458",-0.0243323532687902,0.83349619832291
"360009",0.881367170245933,-1.04922946492557,1.19846070322458,NA,1.14814598108083,-1.0180294427591,-0.014585524305759,NA,6,0.166666666666667,0.19102157042682,"0.258374212298661",-0.0243323532687902,0.83349619832291
"360010",NA,NA,0.279305349774165,NA,NA,0.55551530394073,-0.117440741545163,NA,3,0.333333333333333,0.239126637389911,"0.316089012989874",-0.0243323532687902,0.83349619832291
"360011",0.0445168790282702,0.0322413907590725,0.615756296909442,NA,-1.24496505734139,-0.268500732052966,0.911111430848875,NA,6,0.166666666666667,0.0150267013585501,"0.0472216366511752",-0.0243323532687902,0.83349619832291
"360012",-0.469165255884427,0.0948058204267794,0.222037103453266,-1.67551080782548,-0.955596523161082,0.564826219601676,0.808256213609471,0.43328883493025,8,0.125,-0.122132299356193,"-0.11733700319712",-0.0243323532687902,0.83349619832291
"360013",NA,NA,NA,NA,NA,-0.727063328354543,0.293980127412452,NA,2,0.5,-0.216541600471045,"-0.230606027464795",-0.0243323532687902,0.83349619832291
"360014",NA,NA,NA,NA,NA,0.564826219601676,-0.168868350164865,NA,2,0.5,0.197978934718405,"0.266721418087463",-0.0243323532687902,0.83349619832291
"360016",0.881367170245933,-1.57119556386759,0.617188003067464,NA,-0.0375997940373364,-0.268500732052966,1.01396664808828,0.296064140840146,7,0.142857142857143,0.133041410326276,"0.18881161535196",-0.0243323532687902,0.83349619832291
"360017",-0.273006418651281,0.321825322363887,-0.478067207819715,1.12011645862327,-2.66519912739878,-0.275483918798675,-0.683144436361883,0.0216147526599381,8,0.125,-0.363918071922905,"-0.407423236407557",-0.0243323532687902,0.83349619832291
"36001F",0.449535485401743,-0.0321105940419974,NA,NA,NA,NA,-0.014585524305759,1.11941230538077,4,0.25,0.38056291810869,"0.485779385907429",-0.0243323532687902,0.83349619832291
"360020",0.405787831054782,0.566720375634625,-0.744364553211891,-1.2286185659625,0.0838019473141733,-0.180047033273982,-1.66026900013622,-0.527284023700479,8,0.125,-0.410534127785187,"-0.463351572920763",-0.0243323532687902,0.83349619832291
"360025",0.881367170245933,0.423715964965581,1.19846070322458,NA,0.261746965459537,-0.566450033203229,0.551118170510961,NA,6,0.166666666666667,0.458326490200561,"0.579077438434052",-0.0243323532687902,0.83349619832291
"360026",NA,NA,NA,NA,NA,NA,NA,NA,0,NA,NA,"NaN",-0.0243323532687902,0.83349619832291
"360027",0.514451359594006,0.0536920523594292,-0.757249908634094,1.12011645862327,0.946918437196825,0.245927358214285,0.242552518792751,-0.390059329610375,8,0.125,0.247043618317012,"0.325587533730618",-0.0243323532687902,0.83349619832291
"360029",NA,NA,NA,NA,NA,0.941918303869977,-0.0660131329254609,-0.115609941430166,3,0.333333333333333,0.25343174317145,"0.333251785669969",-0.0243323532687902,0.83349619832291
"360032",NA,NA,NA,NA,NA,-0.152114286291145,-0.0660131329254609,NA,2,0.5,-0.109063709608303,"-0.101657759819423",-0.0243323532687902,0.83349619832291
"360035",-1.02236140117502,-1.82324083767178,-2.08730492943696,NA,-1.38798628687879,0.655607647295896,-0.734572044981585,-1.213407494151,7,0.142857142857143,-1.0876093352856,"-1.27568306148996",-0.0243323532687902,0.83349619832291
"360036",0.881367170245933,0.947469619040956,NA,NA,NA,0.257566002790467,0.139697301553347,0.570513529020354,5,0.2,0.559322724530211,"0.700249238056973",-0.0243323532687902,0.83349619832291
"360039",0.198339276570808,0.0590547177595184,0.0845933122831107,0.292651599831321,-0.105784333700513,-0.401181280221442,-0.631716827742182,NA,7,0.142857142857143,-0.0720062193170541,"-0.0571974607013076",-0.0243323532687902,0.83349619832291
"36003F",-0.246193340180564,-0.700656213919779,NA,NA,NA,NA,-0.426006393263374,1.53108638765108,4,0.25,0.0395576100718415,"0.0766529751055681",-0.0243323532687902,0.83349619832291
"360040",0.881367170245933,0.947469619040956,NA,NA,NA,-1.56737346675489,-0.426006393263374,NA,4,0.25,-0.041135767682845,"-0.020160157236308",-0.0243323532687902,0.83349619832291
"360041",0.881367170245933,0.661460797702867,-1.29127630557647,NA,-0.864129457759259,-0.384887177814787,1.16824947394738,NA,6,0.166666666666667,0.0284640834576112,"0.0633433443759359",-0.0243323532687902,0.83349619832291
"360046",NA,NA,NA,NA,NA,-3.14790140020043,0.293980127412452,0.158839446750041,3,0.333333333333333,-0.898360608679312,"-1.04862896455817",-0.0243323532687902,0.83349619832291
"360048",-0.459286753289952,-0.310969194846633,-0.174545502318954,NA,0.15364952453011,0.243599629299048,-2.79167638976966,NA,6,0.166666666666667,-0.55653811439934,"-0.638522121878191",-0.0243323532687902,0.83349619832291
"360051",0.74165691926693,0.379027086631505,0.141861558604009,0.359991526687386,-0.292044539609679,0.432145671433199,1.42538751704589,-0.115609941430166,8,0.125,0.384051974828635,"0.489965435858185",-0.0243323532687902,0.83349619832291
"360054",-1.15783800818497,-0.552289137850646,NA,NA,-0.248805563237908,-0.652576003066977,0.396835344651856,NA,5,0.2,-0.442934673537728,"-0.502224630551662",-0.0243323532687902,0.83349619832291
"360055",0.189871988632687,0.947469619040956,NA,NA,1.14814598108083,0.231960984722866,0.808256213609471,NA,5,0.2,0.665140957417363,"0.827206305287838",-0.0243323532687902,0.83349619832291
"360056",0.3535728887697,0.128769367960677,-1.17960322525072,NA,0.659212940569274,0.52292709912742,0.705400996370067,-1.07618280006089,7,0.142857142857143,0.0162996096407895,"0.0487488281186355",-0.0243323532687902,0.83349619832291
"360058",NA,NA,NA,NA,NA,0.325070141332323,0.345407736032154,NA,2,0.5,0.335238938682239,"0.431401238151449",-0.0243323532687902,0.83349619832291
"360059",0.256199077481304,-0.164389673910863,-0.403618487602547,0.320199751726984,-1.37301894890394,-0.000811906800776736,-1.91740704323473,NA,7,0.142857142857143,-0.468978175892082,"-0.533470726702737",-0.0243323532687902,0.83349619832291
"360064",-0.145997099579461,0.49343061516674,-2.92771644419614,NA,-0.17396887336369,0.455422960585563,0.49969056189126,NA,6,0.166666666666667,-0.299856379915954,"-0.330564227169302",-0.0243323532687902,0.83349619832291
"360065",NA,0.947469619040956,NA,NA,NA,0.504305267805528,0.396835344651856,0.982187611290668,4,0.25,0.707699460697252,"0.878266530116123",-0.0243323532687902,0.83349619832291
"360066",0.216685067103405,0.486280394633288,-2.08157810480487,NA,0.754006081076618,0.520599370212183,0.653973387750365,-0.390059329610375,7,0.142857142857143,0.0228438380515171,"0.0566003677224098",-0.0243323532687902,0.83349619832291
"360068",0.0374608057465023,0.205634238695289,-0.80163279953279,0.621188818735152,0.288355566303703,-0.133492454969253,-1.1974205225589,-0.938958105970791,8,0.125,-0.239858056693886,"-0.258580307695174",-0.0243323532687902,0.83349619832291
"360070",0.601946668287927,-0.439673164448773,-2.40084857804387,NA,0.133693073896986,-0.198668864595873,0.242552518792751,-1.07618280006089,7,0.142857142857143,-0.448168735167393,"-0.508504277225751",-0.0243323532687902,0.83349619832291
"360071",NA,NA,NA,NA,NA,0.941918303869977,0.345407736032154,0.296064140840146,3,0.333333333333333,0.527796726914092,"0.662425433125945",-0.0243323532687902,0.83349619832291
"360072",0.493283139748703,0.30037466076353,0.167632269448413,NA,1.14814598108083,-1.94679327993843,-2.99738682424847,-1.76230627051142,7,0.142857142857143,-0.656721474808119,"-0.758718663398548",-0.0243323532687902,0.83349619832291
"360075",-0.217969047053493,-0.965214373657511,1.19846070322458,NA,-0.280403276740356,-0.219618424833001,0.859683822229173,NA,6,0.166666666666667,0.0624899005282323,"0.104166346495304",-0.0243323532687902,0.83349619832291
"360076",0.463647631965278,0.277136444029811,0.621483121541532,NA,0.47627880976563,0.199372779909556,0.396835344651856,NA,6,0.166666666666667,0.40579235531061,"0.516048794757386",-0.0243323532687902,0.83349619832291
"360077",-0.0514457176037722,0.641797691235873,0.4282027902085,NA,-0.0176433434042115,-0.571105491033702,1.37395990842619,-1.48785688233121,7,0.142857142857143,0.0451298507853817,"0.0833383573841582",-0.0243323532687902,0.83349619832291
"360078",-2.08500603740926,0.103743596093595,-1.04072772792254,NA,-0.212218737077179,0.299465123264723,0.705400996370067,NA,6,0.166666666666667,-0.371557131113432,"-0.416588316231433",-0.0243323532687902,0.83349619832291
"360079",-0.318165287654595,-0.0124474875750038,0.4282027902085,-0.239946003484826,0.0671715717865692,0.0457426715039519,1.16824947394738,NA,7,0.142857142857143,0.162686818390283,"0.224379153780638",-0.0243323532687902,0.83349619832291
"36007F",NA,NA,NA,NA,NA,NA,0.756828604989769,0.844962917200563,2,0.5,0.800895761095166,"0.990080237947588",-0.0243323532687902,0.83349619832291
"360080",NA,NA,NA,NA,NA,0.941918303869977,0.191124910173049,NA,2,0.5,0.566521607021513,"0.708886209054306",-0.0243323532687902,0.83349619832291
"360082",0.0572178109354522,0.947469619040956,NA,NA,1.14814598108083,-0.22660161157871,0.653973387750365,0.570513529020354,6,0.166666666666667,0.525119786041542,"0.659213731767335",-0.0243323532687902,0.83349619832291
"360084",-0.350623224750727,0.126981812827314,-0.913305879858541,0.18858080378104,0.451333246474224,-0.00546736463124947,-2.48311073805145,NA,7,0.142857142857143,-0.426515906315627,"-0.482525959753717",-0.0243323532687902,0.83349619832291
"360085",-0.380258732534152,0.484492839499925,-0.243267397904032,-3.22943063512527,-0.679532289402854,-0.0380555694445595,0.191124910173049,-0.115609941430166,8,0.125,-0.501317102021008,"-0.572269855233852",-0.0243323532687902,0.83349619832291
"360086",0.16729255413103,-0.659542445852429,-0.572559814249197,NA,0.434702870946619,0.823204129192919,0.705400996370067,NA,6,0.166666666666667,0.149749715089835,"0.208857663308961",-0.0243323532687902,0.83349619832291
"360087",0.881367170245933,0.947469619040956,NA,NA,-0.242153413026867,0.634658087058768,0.448262953271558,-0.25283463552027,6,0.166666666666667,0.40279496351168,"0.512452627426375",-0.0243323532687902,0.83349619832291
"360089",NA,NA,NA,NA,NA,0.348347430484688,0.49969056189126,NA,2,0.5,0.424018996187974,"0.537916490031866",-0.0243323532687902,0.83349619832291
"36008F",NA,NA,NA,NA,NA,NA,NA,NA,0,NA,NA,"NaN",-0.0243323532687902,0.83349619832291
"360091",-0.137529811641339,-0.691718438252964,1.19846070322458,NA,-0.632967237925563,-1.79083544261759,-0.117440741545163,1.25663699947087,7,0.142857142857143,-0.130770567041023,"-0.127700898919994",-0.0243323532687902,0.83349619832291
"360092",NA,NA,1.19846070322458,NA,NA,0.183078677502901,0.0882696929336448,NA,3,0.333333333333333,0.489936357887043,"0.617001867783681",-0.0243323532687902,0.83349619832291
"360095",-1.22698752634629,-2.16287631301076,0.813331746716541,NA,1.14814598108083,-0.0147782802921952,-0.117440741545163,-1.213407494151,7,0.142857142857143,-0.396287518221147,"-0.446258981985489",-0.0243323532687902,0.83349619832291
"360096",NA,0.947469619040956,NA,NA,NA,-1.89325551488799,0.49969056189126,NA,3,0.333333333333333,-0.148698444651926,"-0.149210148328661",-0.0243323532687902,0.83349619832291
"360098",0.463647631965278,0.947469619040956,0.499788098109623,-1.4224759311542,-0.235501262815825,-0.254534358561547,1.579670342905,-0.390059329610375,8,0.125,0.148500601234863,"0.20735901957491",-0.0243323532687902,0.83349619832291
"360107",NA,NA,NA,NA,NA,0.941918303869977,0.191124910173049,NA,2,0.5,0.566521607021513,"0.708886209054306",-0.0243323532687902,0.83349619832291
"360109",NA,NA,NA,NA,NA,0.366969261806579,-0.117440741545163,NA,2,0.5,0.124764260130708,"0.178880975941459",-0.0243323532687902,0.83349619832291
"360112",-0.0641466495109542,-0.137576346910417,-1.17387640061863,-0.270555061146674,-0.0658714324342634,0.497322081059819,0.242552518792751,-2.03675565869162,8,0.125,-0.376113368682499,"-0.422054732968828",-0.0243323532687902,0.83349619832291
"360118",-1.04494083567668,-0.246617210045564,0.711680609496946,NA,0.669191165885837,-0.801550653642108,-0.426006393263374,NA,6,0.166666666666667,-0.189707219540824,"-0.198411062467696",-0.0243323532687902,0.83349619832291
"360121",NA,NA,NA,NA,NA,-1.08553358130095,0.0882696929336448,NA,2,0.5,-0.498631944183654,"-0.569048295444189",-0.0243323532687902,0.83349619832291
"360123",0.148946763598434,0.947469619040956,1.19846070322458,NA,-0.212218737077179,-0.247551171815838,0.705400996370067,-1.89953096460152,7,0.142857142857143,0.0915681726770714,"0.139053454807673",-0.0243323532687902,0.83349619832291
"360125",0.881367170245933,0.947469619040956,NA,NA,NA,0.569481677432149,-0.0660131329254609,0.43328883493025,5,0.2,0.553118833744765,"0.692806023801253",-0.0243323532687902,0.83349619832291
"360131",NA,NA,NA,NA,NA,0.541548930449311,0.293980127412452,NA,2,0.5,0.417764528930882,"0.53041259586933",-0.0243323532687902,0.83349619832291
"360132",0.242086930917769,0.947469619040956,NA,NA,-2.17792912443998,0.52292709912742,-0.426006393263374,NA,5,0.2,-0.178290373723442,"-0.184713524506091",-0.0243323532687902,0.83349619832291
"360133",0.165881339474676,0.589958592368345,-0.220360099375672,-1.01129425656338,-0.476641707966084,0.0527258582496612,0.705400996370067,0.707738223110458,8,0.125,0.0641761182085084,"0.10618941232772",-0.0243323532687902,0.83349619832291
"360134",0.301357946484618,-0.0374732594420866,-0.532472041824568,1.12011645862327,0.902016423272294,0.420507026857017,0.602545779130663,-0.390059329610375,8,0.125,0.298317375436354,"0.387104019615629",-0.0243323532687902,0.83349619832291
"360137",-0.315342858341888,0.396902637965135,-0.870354695117867,-0.759279681814173,0.125377886133184,-0.182374762189218,0.0882696929336448,0.158839446750041,8,0.125,-0.169745291710143,"-0.1744614297389",-0.0243323532687902,0.83349619832291
"360143",0.0487505229973309,0.327187987763976,0.267851700509985,NA,1.14814598108083,0.211011424485738,0.962539039468576,0.296064140840146,7,0.142857142857143,0.465935828163798,"0.588206859754207",-0.0243323532687902,0.83349619832291
"360144",-0.165754104768411,-0.092887468576341,1.19846070322458,NA,0.571071950272973,0.320414683501851,-0.014585524305759,NA,6,0.166666666666667,0.302786706558149,"0.3924661689941",-0.0243323532687902,0.83349619832291
"360145",-1.13666978833966,-0.643454449652161,-0.492384269399939,NA,1.14814598108083,0.643969002719714,0.602545779130663,-0.115609941430166,7,0.142857142857143,0.000934616301326292,"0.0303144388912109",-0.0243323532687902,0.83349619832291
"360147",0.112255182533241,-0.934825936390339,-1.00636678013,NA,-0.183947098680252,-1.21355867163896,-0.785999653601287,NA,6,0.166666666666667,-0.668740492984599,"-0.773138666993841",-0.0243323532687902,0.83349619832291
"360148",NA,NA,NA,NA,NA,NA,0.139697301553347,NA,1,1,0.139697301553347,"0.196797124152676",-0.0243323532687902,0.83349619832291
"360150",NA,-1.86256705060576,1.19846070322458,NA,NA,-0.78060109340498,-0.168868350164865,NA,4,0.25,-0.403393947737757,"-0.454785031091542",-0.0243323532687902,0.83349619832291
"360152",0.028993517808381,0.64001013610251,1.19846070322458,NA,-0.992183349321811,-0.20099659351111,0.396835344651856,NA,6,0.166666666666667,0.178519959825735,"0.243375210951996",-0.0243323532687902,0.83349619832291
"360155",0.0797972454371093,0.126981812827314,1.19846070322458,NA,1.14814598108083,-0.10323197907118,-2.07168986909383,1.9427604699214,7,0.142857142857143,0.331603480618032,"0.42703954091573",-0.0243323532687902,0.83349619832291
"360156",NA,NA,NA,NA,NA,0.941918303869977,0.293980127412452,NA,2,0.5,0.617949215641215,"0.770587280664686",-0.0243323532687902,0.83349619832291
"360159",-0.0951933719507325,-0.706018879319868,-2.08157810480487,-1.07761388149739,0.536148161665004,0.0527258582496612,-1.86597943461503,0.0216147526599381,8,0.125,-0.651986862451659,"-0.753038238741559",-0.0243323532687902,0.83349619832291
"360161",0.404376616398428,-0.110763019909972,-1.15240080824829,NA,0.265073040565058,0.362313803976106,0.859683822229173,-0.390059329610375,7,0.142857142857143,0.034032017914304,"0.0700235601560392",-0.0243323532687902,0.83349619832291
"360163",0.318292522360861,0.0697800485596967,0.844829282193035,-0.293001703432029,0.564419800061931,0.304120581095196,1.32253229980649,-0.115609941430166,8,0.125,0.376920361151877,"0.48140917166513",-0.0243323532687902,0.83349619832291
"360170",NA,NA,-0.145911379158505,NA,NA,-0.394198093475733,0.551118170510961,NA,3,0.333333333333333,0.00366956595890793,"0.033595737189973",-0.0243323532687902,0.83349619832291
"360172",0.12354489978407,-0.455761160649041,0.140429852445987,NA,NA,0.518271641296947,-0.528861610502778,-0.25283463552027,6,0.166666666666667,-0.0758685021908477,"-0.0618312945227035",-0.0243323532687902,0.83349619832291
"360174",-0.0458008589783579,0.216359569495467,0.461132031843017,NA,1.14814598108083,-0.457046774187117,0.756828604989769,NA,6,0.166666666666667,0.346603092373935,"0.445035557917469",-0.0243323532687902,0.83349619832291
"360175",NA,NA,1.19846070322458,NA,NA,-1.49986932821304,0.396835344651856,NA,3,0.333333333333333,0.0318089065544667,"0.0673563477988497",-0.0243323532687902,0.83349619832291
"360179",0.277367297326608,0.307524881296983,-1.03786431560649,0.496711984243638,-0.187273173785773,0.453095231670327,0.911111430848875,0.570513529020354,8,0.125,0.223898358126815,"0.297818648597406",-0.0243323532687902,0.83349619832291
"360180",0.0134701565884918,0.339700873697518,-0.0413968296228654,-0.456250010961882,-0.739401641302229,-0.107887436901652,-2.63739356391055,0.296064140840146,8,0.125,-0.416636788946628,"-0.470673335363976",-0.0243323532687902,0.83349619832291
"360185",NA,0.947469619040956,-0.14877479147455,NA,NA,-0.322038497103404,-0.477434001883076,NA,4,0.25,-0.000194417855018537,"0.0289598626392537",-0.0243323532687902,0.83349619832291
"360189",NA,NA,NA,NA,NA,-0.720080141608833,-0.014585524305759,NA,2,0.5,-0.367332832957296,"-0.411520148956483",-0.0243323532687902,0.83349619832291
"360197",NA,NA,NA,NA,NA,NA,-0.785999653601287,NA,1,1,-0.785999653601287,"-0.913822164834175",-0.0243323532687902,0.83349619832291
"360203",-0.453641894664537,0.947469619040956,-0.14877479147455,1.12011645862327,NA,0.336708785908506,-0.0660131329254609,NA,6,0.166666666666667,0.289310840751363,"0.376298289843721",-0.0243323532687902,0.83349619832291
"360210",NA,NA,1.19846070322458,NA,NA,-0.647920545236504,0.551118170510961,NA,3,0.333333333333333,0.367219442833013,"0.46977034435148",-0.0243323532687902,0.83349619832291
"360211",-0.778221265625857,0.947469619040956,NA,NA,-1.5892138307628,-0.403509009136679,0.139697301553347,0.43328883493025,6,0.166666666666667,-0.20841472500013,"-0.220855682487496",-0.0243323532687902,0.83349619832291
"360218",-1.78159488629324,-2.84035970855535,-2.22618042676513,NA,-2.27438530250008,-2.51941459308659,-0.014585524305759,0.43328883493025,7,0.142857142857143,-1.60331880093942,"-1.89441349684345",-0.0243323532687902,0.83349619832291
"360230",0.350750459456993,0.341488428830881,-0.23038204248183,NA,0.659212940569274,-0.0543496718512145,2.09394642910202,0.982187611290668,7,0.142857142857143,0.591836307845256,"0.739257914257855",-0.0243323532687902,0.83349619832291
"360234",0.390264469834893,-0.257342540845742,-0.29480881959284,NA,0.544463349428806,0.315759225671378,-0.168868350164865,0.43328883493025,7,0.142857142857143,0.13753659560884,"0.194204783661076",-0.0243323532687902,0.83349619832291
"360236",0.041694449715563,-1.9287065905402,-2.18036582970841,NA,0.0954432101834962,0.334381056993269,0.756828604989769,NA,6,0.166666666666667,-0.480120849727752,"-0.546839322574069",-0.0243323532687902,0.83349619832291
"360239",NA,0.947469619040956,NA,NA,NA,-0.382559448899551,-0.168868350164865,NA,3,0.333333333333333,0.13201393999218,"0.187578891872041",-0.0243323532687902,0.83349619832291
"360245",NA,NA,NA,NA,NA,0.941918303869977,NA,NA,1,1,0.941918303869977,"1.15927422234555",-0.0243323532687902,0.83349619832291
"360259",NA,NA,-1.39722256127013,NA,NA,0.941918303869977,0.396835344651856,NA,3,0.333333333333333,-0.0194896375827661,"0.00581012330442317",-0.0243323532687902,0.83349619832291
"360263",NA,NA,NA,NA,NA,NA,-0.117440741545163,0.296064140840146,2,0.5,0.0893116996474914,"0.136346216269428",-0.0243323532687902,0.83349619832291
"360266",NA,NA,NA,NA,NA,NA,0.705400996370067,-1.07618280006089,2,0.5,-0.185390901845414,"-0.193232493322335",-0.0243323532687902,0.83349619832291
"360270",NA,NA,NA,NA,NA,NA,0.0368420843139429,NA,1,1,0.0368420843139429,"0.0733949809319144",-0.0243323532687902,0.83349619832291
"360276",-0.649800731897683,-0.766795753854212,-2.54831431232019,NA,0.165290787399433,0.0201376534363511,1.11682186532768,-0.527284023700479,7,0.142857142857143,-0.455706359372728,"-0.517547658851848",-0.0243323532687902,0.83349619832291
"360348",-0.488922261073376,-0.180477670111131,0.27071511282603,NA,0.160301674741152,-0.35695443083195,0.808256213609471,NA,6,0.166666666666667,0.0354864398600326,"0.0717685254584065",-0.0243323532687902,0.83349619832291
"360351",NA,NA,NA,NA,NA,0.941918303869977,1.21967708256709,2.0799851640115,3,0.333333333333333,1.41386018348285,"1.72549381706294",-0.0243323532687902,0.83349619832291
"360352",NA,NA,-2.3321266824588,1.12011645862327,NA,NA,0.345407736032154,-0.664508717790581,4,0.25,-0.382777801398489,"-0.43005048955344",-0.0243323532687902,0.83349619832291
"360354",0.384619611209479,-0.854385955389002,0.737451320341351,NA,-0.393489830328064,0.220322340146684,0.859683822229173,0.296064140840146,7,0.142857142857143,0.178609349864252,"0.243482458038063",-0.0243323532687902,0.83349619832291
"360355",NA,NA,NA,-0.855188062487962,NA,NA,0.293980127412452,NA,2,0.5,-0.280603967537755,"-0.307465846616472",-0.0243323532687902,0.83349619832291
"360358",NA,NA,NA,NA,NA,NA,NA,NA,0,NA,NA,"NaN",-0.0243323532687902,0.83349619832291
"360359",0.881367170245933,0.473767508699747,0.963660893308899,NA,-0.849162119784416,-0.133492454969253,0.808256213609471,0.296064140840146,7,0.142857142857143,0.348637335992932,"0.447476173271312",-0.0243323532687902,0.83349619832291
"360360",0.881367170245933,0.121619147427225,1.19846070322458,NA,-2.35920021769087,-0.505929081407082,-0.426006393263374,NA,6,0.166666666666667,-0.181614778577264,"-0.188702030825028",-0.0243323532687902,0.83349619832291
"360361",NA,NA,NA,NA,NA,NA,0.0368420843139429,NA,1,1,0.0368420843139429,"0.0733949809319144",-0.0243323532687902,0.83349619832291
"360364",0.881367170245933,-0.0142350427083669,-2.17607071123435,NA,-0.375196417247699,-0.342988057340532,0.49969056189126,0.296064140840146,7,0.142857142857143,-0.175909765079087,"-0.181857352337405",-0.0243323532687902,0.83349619832291
"360365",NA,NA,NA,NA,NA,-0.317383039272931,0.396835344651856,NA,2,0.5,0.0397261526894623,"0.0768551867268808",-0.0243323532687902,0.83349619832291
"360367",NA,NA,NA,NA,NA,NA,0.139697301553347,NA,1,1,0.139697301553347,"0.196797124152676",-0.0243323532687902,0.83349619832291
"360368",NA,NA,NA,NA,NA,0.941918303869977,0.191124910173049,NA,2,0.5,0.566521607021513,"0.708886209054306",-0.0243323532687902,0.83349619832291
"360374",NA,NA,NA,NA,NA,0.455422960585563,NA,NA,1,1,0.455422960585563,"0.575593883714979",-0.0243323532687902,0.83349619832291
"361300",NA,NA,NA,NA,NA,NA,NA,NA,0,NA,NA,"NaN",-0.0243323532687902,0.83349619832291
"361302",NA,NA,NA,NA,NA,NA,NA,NA,0,NA,NA,"NaN",-0.0243323532687902,0.83349619832291
"361303",NA,NA,NA,NA,NA,0.941918303869977,NA,NA,1,1,0.941918303869977,"1.15927422234555",-0.0243323532687902,0.83349619832291
"361304",NA,NA,NA,NA,NA,NA,NA,NA,0,NA,NA,"NaN",-0.0243323532687902,0.83349619832291
"361306",NA,NA,NA,NA,NA,0.941918303869977,NA,NA,1,1,0.941918303869977,"1.15927422234555",-0.0243323532687902,0.83349619832291
"361307",NA,NA,NA,NA,NA,0.171440032926719,NA,NA,1,1,0.171440032926719,"0.234880958772728",-0.0243323532687902,0.83349619832291
"361308",NA,NA,NA,NA,NA,NA,NA,NA,0,NA,NA,"NaN",-0.0243323532687902,0.83349619832291
"361309",NA,NA,NA,NA,NA,NA,NA,NA,0,NA,NA,"NaN",-0.0243323532687902,0.83349619832291
"361310",NA,NA,NA,NA,NA,NA,NA,NA,0,NA,NA,"NaN",-0.0243323532687902,0.83349619832291
"361311",NA,NA,NA,NA,NA,NA,NA,NA,0,NA,NA,"NaN",-0.0243323532687902,0.83349619832291
"361312",NA,NA,NA,NA,NA,0.941918303869977,NA,NA,1,1,0.941918303869977,"1.15927422234555",-0.0243323532687902,0.83349619832291
"361313",NA,NA,NA,NA,NA,NA,NA,NA,0,NA,NA,"NaN",-0.0243323532687902,0.83349619832291
"361314",NA,0.947469619040956,NA,NA,NA,NA,NA,NA,1,1,0.947469619040956,"1.16593449887969",-0.0243323532687902,0.83349619832291
"361315",NA,NA,NA,NA,NA,NA,NA,NA,0,NA,NA,"NaN",-0.0243323532687902,0.83349619832291
"361316",NA,NA,NA,NA,NA,0.941918303869977,NA,NA,1,1,0.941918303869977,"1.15927422234555",-0.0243323532687902,0.83349619832291
"361318",NA,0.947469619040956,NA,NA,NA,-1.29037372584176,NA,NA,2,0.5,-0.171452053400401,"-0.176509143566141",-0.0243323532687902,0.83349619832291
"361319",NA,NA,NA,NA,NA,0.941918303869977,NA,0.844962917200563,2,0.5,0.89344061053527,"1.10111235738174",-0.0243323532687902,0.83349619832291
"361320",NA,NA,NA,NA,NA,-1.18562592465612,NA,NA,1,1,-1.18562592465612,"-1.39327998582835",-0.0243323532687902,0.83349619832291
"361321",NA,NA,NA,NA,NA,NA,NA,NA,0,NA,NA,"NaN",-0.0243323532687902,0.83349619832291
"361322",NA,NA,NA,NA,NA,NA,NA,NA,0,NA,NA,"NaN",-0.0243323532687902,0.83349619832291
"361323",NA,NA,NA,NA,NA,0.941918303869977,NA,NA,1,1,0.941918303869977,"1.15927422234555",-0.0243323532687902,0.83349619832291
"361324",NA,NA,NA,NA,NA,0.941918303869977,NA,NA,1,1,0.941918303869977,"1.15927422234555",-0.0243323532687902,0.83349619832291
"361325",NA,NA,NA,NA,NA,0.941918303869977,NA,NA,1,1,0.941918303869977,"1.15927422234555",-0.0243323532687902,0.83349619832291
"361326",NA,NA,NA,NA,NA,0.941918303869977,NA,NA,1,1,0.941918303869977,"1.15927422234555",-0.0243323532687902,0.83349619832291
"361327",NA,NA,NA,NA,NA,NA,NA,NA,0,NA,NA,"NaN",-0.0243323532687902,0.83349619832291
"361328",NA,NA,NA,NA,NA,0.941918303869977,NA,NA,1,1,0.941918303869977,"1.15927422234555",-0.0243323532687902,0.83349619832291
"361329",NA,NA,NA,NA,NA,NA,NA,0.570513529020354,1,1,0.570513529020354,"0.713675579428008",-0.0243323532687902,0.83349619832291
"361330",NA,NA,NA,NA,NA,NA,NA,NA,0,NA,NA,"NaN",-0.0243323532687902,0.83349619832291
"361331",NA,NA,NA,NA,NA,-0.631626442829849,NA,NA,1,1,-0.631626442829849,"-0.728610509301668",-0.0243323532687902,0.83349619832291
"361332",NA,NA,NA,NA,NA,-1.74195313539763,NA,NA,1,1,-1.74195313539763,"-2.06074219124801",-0.0243323532687902,0.83349619832291
"361333",NA,0.947469619040956,NA,NA,NA,0.941918303869977,NA,NA,2,0.5,0.944693961455466,"1.16260436061262",-0.0243323532687902,0.83349619832291
"361334",NA,NA,NA,NA,NA,0.941918303869977,NA,NA,1,1,0.941918303869977,"1.15927422234555",-0.0243323532687902,0.83349619832291
"370001",0.288657014577436,0.468404843299657,0.196266392608862,0.754848370525219,-0.182284061127492,0.494994352144583,0.345407736032154,-0.25283463552027,8,0.125,0.264182501567519,"0.346150174910016",-0.0243323532687902,0.83349619832291
"370002",NA,NA,NA,NA,NA,0.941918303869977,-0.991710088080094,0.296064140840146,3,0.333333333333333,0.0820907855433429,"0.127682812502647",-0.0243323532687902,0.83349619832291
"370004",NA,NA,NA,NA,NA,0.941918303869977,0.139697301553347,NA,2,0.5,0.540807802711662,"0.678035673249115",-0.0243323532687902,0.83349619832291
"370006",NA,0.947469619040956,0.179085918712593,NA,NA,-0.645592816321268,-0.426006393263374,-0.527284023700479,5,0.2,-0.0944655391063145,"-0.0841433781925345",-0.0243323532687902,0.83349619832291
"370008",0.181404700694566,0.391539972565046,0.595712410697128,0.893609431925595,-1.77880011177748,0.297137394349486,0.139697301553347,0.158839446750041,8,0.125,0.109892568344716,"0.16103843290897",-0.0243323532687902,0.83349619832291
"370013",0.0769748161244021,-0.529050921116926,0.589985586065038,0.810964976238607,-0.716119115563583,0.646296731634951,1.16824947394738,0.43328883493025,8,0.125,0.310073797782515,"0.401208969787948",-0.0243323532687902,0.83349619832291
"370014",NA,0.947469619040956,NA,1.12011645862327,NA,0.941918303869977,0.859683822229173,-1.07618280006089,5,0.2,0.558601080740496,"0.699383434720176",-0.0243323532687902,0.83349619832291
"370015",NA,NA,NA,NA,NA,NA,0.0368420843139429,NA,1,1,0.0368420843139429,"0.0733949809319144",-0.0243323532687902,0.83349619832291
"370016",NA,-1.13681966646036,NA,NA,NA,0.941918303869977,0.448262953271558,NA,3,0.333333333333333,0.0844538635603904,"0.130517952029141",-0.0243323532687902,0.83349619832291
"370018",NA,NA,NA,NA,NA,-0.491962707915663,0.49969056189126,-0.938958105970791,3,0.333333333333333,-0.310410083998398,"-0.343226197438248",-0.0243323532687902,0.83349619832291
"370019",NA,NA,NA,NA,NA,-0.794567466896399,0.396835344651856,-3.40900259959267,3,0.333333333333333,-1.26891157394574,"-1.49320323617694",-0.0243323532687902,0.83349619832291
"370020",-0.127651309046864,0.947469619040956,-0.85460592737962,NA,NA,0.250582816044758,0.808256213609471,-0.801733411880687,6,0.166666666666667,0.0370530000646687,"0.073648030377311",-0.0243323532687902,0.83349619832291
"370022",NA,-2.26119184534572,NA,NA,NA,0.941918303869977,0.191124910173049,-1.3506321882411,4,0.25,-0.61969520488595,"-0.714295821402784",-0.0243323532687902,0.83349619832291
"370023",-0.0274550684457616,-2.64909130928551,NA,NA,NA,-1.70005401492337,0.345407736032154,0.707738223110458,5,0.2,-0.664690886702405,"-0.768280089005913",-0.0243323532687902,0.83349619832291
"370025",0.562432657910028,0.00900317402535284,1.19846070322458,NA,0.552778537192608,0.411196111196071,-0.631716827742182,-0.664508717790581,7,0.142857142857143,0.205377948287983,"0.275598499452039",-0.0243323532687902,0.83349619832291
"370026",NA,-0.627366453451894,-0.0227846495685734,NA,NA,-0.643265087406031,0.0368420843139429,-0.664508717790581,5,0.2,-0.384216564780627,"-0.431776668251116",-0.0243323532687902,0.83349619832291
"370028",0.483404637154228,0.613196809102065,0.66729771859825,-1.0959793160945,-1.80041959996337,0.369296990721816,0.808256213609471,0.707738223110458,8,0.125,0.0940989595298028,"0.14208980561266",-0.0243323532687902,0.83349619832291
"370034",-0.337922292843545,-0.369958514247614,NA,NA,NA,-0.296433479035803,-0.58028921912248,0.982187611290668,5,0.2,-0.120483178791755,"-0.115358445205187",-0.0243323532687902,0.83349619832291
"370037",-0.443763392070062,0.0912307101600533,0.163337150974346,NA,-1.12522635354264,0.669574020787315,-1.40313095703771,1.25663699947087,7,0.142857142857143,-0.113048831608261,"-0.106438971788928",-0.0243323532687902,0.83349619832291
"370039",NA,NA,NA,NA,NA,0.941918303869977,0.345407736032154,NA,2,0.5,0.643663019951065,"0.801437816469876",-0.0243323532687902,0.83349619832291
"370047",NA,NA,NA,NA,NA,0.183078677502901,0.962539039468576,NA,2,0.5,0.572808858485739,"0.71642943657817",-0.0243323532687902,0.83349619832291
"370049",0.881367170245933,0.947469619040956,1.19846070322458,1.12011645862327,NA,0.695179038854916,-0.32315117602397,0.982187611290668,7,0.142857142857143,0.785947060750907,"0.972145302702127",-0.0243323532687902,0.83349619832291
"370054",NA,NA,NA,NA,NA,-1.17864273791041,0.0368420843139429,-0.664508717790581,3,0.333333333333333,-0.602103123795683,"-0.693189449081392",-0.0243323532687902,0.83349619832291
"370056",-0.693548386244643,-0.739982426853766,0.143293264762031,NA,-0.70447785269426,0.546204388279784,-0.734572044981585,-1.213407494151,7,0.142857142857143,-0.485212935983348,"-0.552948632089628",-0.0243323532687902,0.83349619832291
"370057",NA,NA,NA,NA,NA,NA,NA,NA,0,NA,NA,"NaN",-0.0243323532687902,0.83349619832291
"370078",0.672507401105605,0.0608422728928814,-1.16099104519643,NA,0.47960488487115,0.499649809975056,0.808256213609471,NA,6,0.166666666666667,0.22664492287629,"0.301113882282937",-0.0243323532687902,0.83349619832291
"370083",NA,NA,NA,NA,NA,NA,NA,NA,0,NA,NA,"NaN",-0.0243323532687902,0.83349619832291
"370089",-1.58120240509103,-3.75022527143715,NA,NA,NA,0.0317762980125333,-0.940282479460392,-0.115609941430166,5,0.2,-1.27110875988124,"-1.49583934410392",-0.0243323532687902,0.83349619832291
"370091",0.10802153856418,0.261048447829543,-0.644145122150319,-0.112408263227128,0.777288606815264,0.378607906382761,0.448262953271558,0.296064140840146,8,0.125,0.189092526040751,"0.25605981135724",-0.0243323532687902,0.83349619832291
"370093",0.113666397189595,-0.058923921042443,-0.692823131523083,-2.38870185134652,-0.0475780193538989,0.0876417919782077,-2.58596595529085,-0.664508717790581,8,0.125,-0.779649175897448,"-0.906203080648048",-0.0243323532687902,0.83349619832291
"370094",-1.32718376694739,0.947469619040956,0.293622411354389,NA,-2.64524267676566,0.844153689430047,0.705400996370067,0.0216147526599381,7,0.142857142857143,-0.165737853551093,"-0.169653443611173",-0.0243323532687902,0.83349619832291
"370097",NA,NA,NA,NA,NA,-0.792239737981163,0.396835344651856,NA,2,0.5,-0.197702196664653,"-0.208003160355984",-0.0243323532687902,0.83349619832291
"370099",NA,NA,NA,NA,NA,NA,NA,NA,0,NA,NA,"NaN",-0.0243323532687902,0.83349619832291
"370100",NA,NA,NA,NA,NA,NA,NA,NA,0,NA,NA,"NaN",-0.0243323532687902,0.83349619832291
"370106",0.655572825229363,0.547057269167632,0.00871288590792064,NA,-1.33975819784874,0.606725340075931,0.345407736032154,NA,6,0.166666666666667,0.137286309760711,"0.193904499330286",-0.0243323532687902,0.83349619832291
"370112",NA,NA,NA,NA,NA,NA,NA,NA,0,NA,NA,"NaN",-0.0243323532687902,0.83349619832291
"370113",NA,NA,NA,NA,NA,0.941918303869977,0.345407736032154,NA,2,0.5,0.643663019951065,"0.801437816469876",-0.0243323532687902,0.83349619832291
"370114",-0.0274550684457616,-0.058923921042443,-2.21615848365898,0.403864509336034,0.730723555337972,0.169112304011483,-0.58028921912248,NA,7,0.142857142857143,-0.225589474797739,"-0.241461355113438",-0.0243323532687902,0.83349619832291
"37012F",0.881367170245933,-0.811484632188288,NA,NA,NA,NA,-0.220295958784567,0.0216147526599381,4,0.25,-0.0321996670167461,"-0.00943893177171751",-0.0243323532687902,0.83349619832291
"370149",-0.291352209183878,-1.52293157526678,-0.761545027108161,NA,NA,0.941918303869977,0.49969056189126,-0.115609941430166,6,0.166666666666667,-0.208304981204625,"-0.220724015665589",-0.0243323532687902,0.83349619832291
"37014F",-2.97971612953741,-0.175115004711042,NA,NA,NA,NA,-3.25452486734698,NA,3,0.333333333333333,-2.13645200053181,"-2.53404832741031",-0.0243323532687902,0.83349619832291
"370158",NA,NA,NA,NA,NA,NA,NA,NA,0,NA,NA,"NaN",-0.0243323532687902,0.83349619832291
"370166",NA,NA,NA,NA,NA,NA,0.139697301553347,NA,1,1,0.139697301553347,"0.196797124152676",-0.0243323532687902,0.83349619832291
"370170",NA,NA,NA,NA,NA,NA,0.0368420843139429,NA,1,1,0.0368420843139429,"0.0733949809319144",-0.0243323532687902,0.83349619832291
"370171",NA,-2.5042993434831,NA,NA,NA,-0.603693695847012,-0.014585524305759,NA,3,0.333333333333333,-1.04085952121196,"-1.21959424648671",-0.0243323532687902,0.83349619832291
"370172",NA,NA,NA,NA,NA,NA,NA,NA,0,NA,NA,"NaN",-0.0243323532687902,0.83349619832291
"370173",NA,NA,NA,NA,NA,NA,NA,NA,0,NA,NA,"NaN",-0.0243323532687902,0.83349619832291
"370178",NA,NA,NA,NA,NA,NA,0.0368420843139429,NA,1,1,0.0368420843139429,"0.0733949809319144",-0.0243323532687902,0.83349619832291
"370180",NA,NA,NA,1.12011645862327,NA,-0.0264169248683774,0.242552518792751,NA,3,0.333333333333333,0.445417350849213,"0.563589498144315",-0.0243323532687902,0.83349619832291
"370183",NA,NA,NA,NA,NA,NA,0.0368420843139429,NA,1,1,0.0368420843139429,"0.0733949809319144",-0.0243323532687902,0.83349619832291
"370192",NA,NA,NA,NA,NA,NA,0.242552518792751,NA,1,1,0.242552518792751,"0.320199267373437",-0.0243323532687902,0.83349619832291
"370199",NA,NA,NA,-0.0746570921108494,NA,NA,NA,NA,1,1,-0.0746570921108494,"-0.0603778864778489",-0.0243323532687902,0.83349619832291
"370201",NA,NA,NA,NA,NA,NA,0.242552518792751,0.296064140840146,2,0.5,0.269308329816448,"0.35229996690576",-0.0243323532687902,0.83349619832291
"370202",0.431189694869146,0.0876555998933272,0.296485823670434,1.12011645862327,1.14814598108083,0.841825960514811,-0.014585524305759,-2.58565443505204,8,0.125,0.165647444911753,"0.227931211399409",-0.0243323532687902,0.83349619832291
"370203",NA,NA,0.310802885250659,NA,NA,0.941918303869977,0.396835344651856,-0.390059329610375,4,0.25,0.314874301040529,"0.406968448076719",-0.0243323532687902,0.83349619832291
"370206",NA,NA,NA,NA,NA,0.941918303869977,1.579670342905,NA,2,0.5,1.26079432338749,"1.54185067579444",-0.0243323532687902,0.83349619832291
"370210",NA,NA,0.3580491884654,1.12011645862327,NA,0.941918303869977,1.16824947394738,1.80553577583129,5,0.2,1.07877384014746,"1.32346877602541",-0.0243323532687902,0.83349619832291
"370211",NA,0.947469619040956,-2.23763407602931,-0.362382234132216,NA,0.681212665363497,0.551118170510961,NA,5,0.2,-0.0840431710492231,"-0.0716389803583723",-0.0243323532687902,0.83349619832291
"370212",NA,NA,NA,NA,NA,NA,0.191124910173049,-0.527284023700479,2,0.5,-0.168079556763715,"-0.172462938384315",-0.0243323532687902,0.83349619832291
"370214",NA,NA,NA,NA,NA,-2.12602840641164,NA,NA,1,1,-2.12602840641164,"-2.52154245858793",-0.0243323532687902,0.83349619832291
"370215",-0.0980158012634396,0.947469619040956,NA,NA,NA,0.206355966655266,0.191124910173049,NA,4,0.25,0.311733673651457,"0.403200431623385",-0.0243323532687902,0.83349619832291
"370216",NA,NA,NA,NA,NA,NA,0.911111430848875,0.43328883493025,2,0.5,0.672200132889562,"0.835675660620716",-0.0243323532687902,0.83349619832291
"370218",0.881367170245933,0.947469619040956,NA,NA,NA,0.492666623229346,0.396835344651856,-1.213407494151,5,0.2,0.300986252603418,"0.390306046418432",-0.0243323532687902,0.83349619832291
"370220",NA,NA,NA,NA,NA,NA,-0.0660131329254609,-0.664508717790581,2,0.5,-0.365260925358021,"-0.409034345657747",-0.0243323532687902,0.83349619832291
"370222",NA,NA,NA,NA,NA,NA,0.0368420843139429,0.296064140840146,2,0.5,0.166453112577044,"0.228897823684999",-0.0243323532687902,0.83349619832291
"370225",NA,NA,NA,NA,NA,NA,0.0882696929336448,NA,1,1,0.0882696929336448,"0.135096052542295",-0.0243323532687902,0.83349619832291
"370227",NA,NA,NA,NA,NA,NA,NA,NA,0,NA,NA,"NaN",-0.0243323532687902,0.83349619832291
"370228",NA,NA,NA,NA,NA,0.941918303869977,0.242552518792751,-0.801733411880687,3,0.333333333333333,0.127579136927347,"0.182258168065794",-0.0243323532687902,0.83349619832291
"370234",NA,NA,NA,NA,NA,0.941918303869977,-0.0660131329254609,NA,2,0.5,0.437952585472258,"0.554633530028354",-0.0243323532687902,0.83349619832291
"370235",NA,NA,NA,NA,NA,NA,0.49969056189126,0.982187611290668,2,0.5,0.740939086590964,"0.918146287169117",-0.0243323532687902,0.83349619832291
"370236",0.881367170245933,0.947469619040956,NA,NA,NA,0.676557207533024,0.602545779130663,NA,4,0.25,0.776984943987644,"0.961392864021188",-0.0243323532687902,0.83349619832291
"370237",NA,NA,NA,NA,NA,-0.794567466896399,NA,NA,1,1,-0.794567466896399,"-0.924101531809516",-0.0243323532687902,0.83349619832291
"370240",NA,NA,NA,NA,NA,NA,NA,NA,0,NA,NA,"NaN",-0.0243323532687902,0.83349619832291
"370243",NA,NA,NA,NA,NA,NA,0.0368420843139429,NA,1,1,0.0368420843139429,"0.0733949809319144",-0.0243323532687902,0.83349619832291
"370244",NA,NA,NA,NA,NA,NA,NA,NA,0,NA,NA,"NaN",-0.0243323532687902,0.83349619832291
"370245",NA,NA,NA,NA,NA,NA,NA,NA,0,NA,NA,"NaN",-0.0243323532687902,0.83349619832291
"370246",NA,NA,NA,NA,NA,NA,NA,NA,0,NA,NA,"NaN",-0.0243323532687902,0.83349619832291
"371300",NA,NA,NA,NA,NA,NA,NA,NA,0,NA,NA,"NaN",-0.0243323532687902,0.83349619832291
"371301",NA,NA,NA,NA,NA,NA,NA,NA,0,NA,NA,"NaN",-0.0243323532687902,0.83349619832291
"371302",NA,NA,NA,NA,NA,NA,NA,NA,0,NA,NA,"NaN",-0.0243323532687902,0.83349619832291
"371303",NA,NA,NA,NA,NA,NA,NA,NA,0,NA,NA,"NaN",-0.0243323532687902,0.83349619832291
"371304",NA,NA,NA,NA,NA,NA,NA,NA,0,NA,NA,"NaN",-0.0243323532687902,0.83349619832291
"371305",NA,NA,NA,NA,NA,NA,NA,NA,0,NA,NA,"NaN",-0.0243323532687902,0.83349619832291
"371306",NA,NA,NA,NA,NA,NA,NA,NA,0,NA,NA,"NaN",-0.0243323532687902,0.83349619832291
"371307",NA,NA,NA,NA,NA,NA,NA,NA,0,NA,NA,"NaN",-0.0243323532687902,0.83349619832291
"371309",NA,NA,NA,NA,NA,NA,NA,NA,0,NA,NA,"NaN",-0.0243323532687902,0.83349619832291
"371310",NA,NA,NA,NA,NA,NA,NA,NA,0,NA,NA,"NaN",-0.0243323532687902,0.83349619832291
"371311",NA,NA,NA,NA,NA,NA,NA,NA,0,NA,NA,"NaN",-0.0243323532687902,0.83349619832291
"371312",NA,NA,NA,NA,NA,NA,NA,NA,0,NA,NA,"NaN",-0.0243323532687902,0.83349619832291
"371313",NA,-3.42667779229843,NA,NA,NA,-4.3280599602253,NA,NA,2,0.5,-3.87736887626187,"-4.62274036851737",-0.0243323532687902,0.83349619832291
"371314",NA,NA,NA,NA,NA,NA,NA,NA,0,NA,NA,"NaN",-0.0243323532687902,0.83349619832291
"371316",NA,NA,NA,NA,NA,NA,NA,NA,0,NA,NA,"NaN",-0.0243323532687902,0.83349619832291
"371317",NA,NA,NA,NA,NA,0.941918303869977,NA,NA,1,1,0.941918303869977,"1.15927422234555",-0.0243323532687902,0.83349619832291
"371318",NA,NA,NA,NA,NA,NA,NA,NA,0,NA,NA,"NaN",-0.0243323532687902,0.83349619832291
"371319",NA,NA,NA,NA,NA,NA,NA,NA,0,NA,NA,"NaN",-0.0243323532687902,0.83349619832291
"371320",NA,NA,NA,NA,NA,NA,NA,NA,0,NA,NA,"NaN",-0.0243323532687902,0.83349619832291
"371321",NA,NA,NA,NA,NA,NA,NA,NA,0,NA,NA,"NaN",-0.0243323532687902,0.83349619832291
"371322",NA,NA,NA,NA,NA,NA,NA,NA,0,NA,NA,"NaN",-0.0243323532687902,0.83349619832291
"371323",NA,NA,NA,NA,NA,NA,NA,NA,0,NA,NA,"NaN",-0.0243323532687902,0.83349619832291
"371325",NA,NA,NA,NA,NA,NA,NA,NA,0,NA,NA,"NaN",-0.0243323532687902,0.83349619832291
"371326",NA,NA,NA,NA,NA,NA,NA,NA,0,NA,NA,"NaN",-0.0243323532687902,0.83349619832291
"371327",NA,NA,NA,NA,NA,NA,NA,NA,0,NA,NA,"NaN",-0.0243323532687902,0.83349619832291
"371328",NA,NA,NA,NA,NA,NA,NA,NA,0,NA,NA,"NaN",-0.0243323532687902,0.83349619832291
"371329",NA,NA,NA,NA,NA,NA,NA,NA,0,NA,NA,"NaN",-0.0243323532687902,0.83349619832291
"371330",NA,NA,NA,NA,NA,NA,NA,NA,0,NA,NA,"NaN",-0.0243323532687902,0.83349619832291
"371331",NA,NA,NA,NA,NA,NA,NA,NA,0,NA,NA,"NaN",-0.0243323532687902,0.83349619832291
"371332",NA,NA,NA,NA,NA,NA,NA,NA,0,NA,NA,"NaN",-0.0243323532687902,0.83349619832291
"371333",NA,NA,NA,NA,NA,NA,NA,NA,0,NA,NA,"NaN",-0.0243323532687902,0.83349619832291
"371334",NA,NA,NA,NA,NA,NA,NA,NA,0,NA,NA,"NaN",-0.0243323532687902,0.83349619832291
"371335",NA,NA,NA,NA,NA,NA,NA,NA,0,NA,NA,"NaN",-0.0243323532687902,0.83349619832291
"371336",NA,NA,NA,NA,NA,NA,NA,NA,0,NA,NA,"NaN",-0.0243323532687902,0.83349619832291
"371337",NA,NA,NA,NA,NA,NA,NA,NA,0,NA,NA,"NaN",-0.0243323532687902,0.83349619832291
"371338",NA,NA,NA,NA,NA,NA,NA,NA,0,NA,NA,"NaN",-0.0243323532687902,0.83349619832291
"371340",NA,NA,NA,NA,NA,NA,NA,NA,0,NA,NA,"NaN",-0.0243323532687902,0.83349619832291
"371341",NA,NA,NA,NA,NA,NA,NA,NA,0,NA,NA,"NaN",-0.0243323532687902,0.83349619832291
"371342",NA,NA,NA,NA,NA,0.941918303869977,NA,NA,1,1,0.941918303869977,"1.15927422234555",-0.0243323532687902,0.83349619832291
"380001",NA,NA,NA,NA,NA,0.941918303869977,0.653973387750365,NA,2,0.5,0.797945845810171,"0.986541031301018",-0.0243323532687902,0.83349619832291
"380002",0.0939093920006447,-4.17030072777746,0.4282027902085,NA,-0.187273173785773,0.383263364213234,0.962539039468576,NA,6,0.166666666666667,-0.414943219278714,"-0.468641448870286",-0.0243323532687902,0.83349619832291
"380004",0.202572920539869,-0.571952244317639,0.191971274134795,1.12011645862327,0.837157958714638,0.0480704004191883,1.21967708256709,-1.3506321882411,8,0.125,0.212122707805013,"0.28369062936289",-0.0243323532687902,0.83349619832291
"380005",NA,NA,NA,NA,NA,-1.42538200292547,0.396835344651856,NA,2,0.5,-0.514273329136808,"-0.587814289799804",-0.0243323532687902,0.83349619832291
"380007",-0.120595235765097,-0.750707757653944,0.154746914026211,NA,0.0472151211534443,0.113246810045808,-0.477434001883076,NA,6,0.166666666666667,-0.172254691679442,"-0.17747212129856",-0.0243323532687902,0.83349619832291
"380009",-0.00628684860045812,-0.398559396381423,-0.94194000301899,-0.539914768570932,-0.305348840031762,-0.857416147607783,-1.60884139151652,1.25663699947087,8,0.125,-0.425208799532124,"-0.480957738103597",-0.0243323532687902,0.83349619832291
"380014",-0.232081193617028,-1.29591207332968,-1.4272883905886,NA,-0.0143172682986907,-0.138147912799726,1.16824947394738,0.570513529020354,7,0.142857142857143,-0.195569119380855,"-0.205443967778873",-0.0243323532687902,0.83349619832291
"380017",0.534208364782956,-0.664905111252518,0.368071131571557,-0.000175051800353771,-1.03209625058806,0.238944171468576,0.139697301553347,-0.664508717790581,8,0.125,-0.135095520256885,"-0.132889828665041",-0.0243323532687902,0.83349619832291
"380018",0.227974784354233,-1.78033951447106,-0.20174791932138,NA,0.915320723694377,0.553187575025493,-0.32315117602397,NA,6,0.166666666666667,-0.101459254457052,"-0.0925341967287309",-0.0243323532687902,0.83349619832291
"380020",0.881367170245933,0.47555506383311,0.648685538543958,NA,-0.17563191091645,-1.80247408719377,0.551118170510961,1.25663699947087,7,0.142857142857143,0.26217956349923,"0.343747118876505",-0.0243323532687902,0.83349619832291
"380021",-1.14513707627778,-2.82963437775517,0.297917529828457,-0.868451987474763,0.223497101746048,-0.0147782802921952,-0.014585524305759,NA,7,0.142857142857143,-0.621596087790167,"-0.716576435169279",-0.0243323532687902,0.83349619832291
"380022",NA,NA,-1.60338824802536,NA,NA,-0.301088936866276,-0.58028921912248,1.39386169356098,4,0.25,-0.272726177613285,"-0.29801434588939",-0.0243323532687902,0.83349619832291
"380025",0.881367170245933,-2.41134647654822,0.704522078706834,NA,NA,0.217994611231448,-0.837427262220988,NA,5,0.2,-0.288977975716999,"-0.317512692896148",-0.0243323532687902,0.83349619832291
"380027",0.881367170245933,-0.393196730981334,1.19846070322458,NA,1.14814598108083,0.0666922317410798,0.49969056189126,NA,6,0.166666666666667,0.566859986200392,"0.709292184725893",-0.0243323532687902,0.83349619832291
"380029",NA,NA,NA,NA,NA,-0.329021683849113,-0.220295958784567,NA,2,0.5,-0.27465882131684,"-0.300333065167826",-0.0243323532687902,0.83349619832291
"380037",NA,NA,NA,NA,NA,0.941918303869977,0.448262953271558,NA,2,0.5,0.695090628570767,"0.863138888080257",-0.0243323532687902,0.83349619832291
"380038",NA,-0.984877480124504,NA,NA,NA,-1.23683596079132,0.345407736032154,-0.390059329610375,4,0.25,-0.566591258623511,"-0.650583537688365",-0.0243323532687902,0.83349619832291
"38003F",0.589245736380745,0.720450117103848,NA,NA,NA,NA,-2.38025552081204,1.11941230538077,4,0.25,0.0122131595133301,"0.0438460461555243",-0.0243323532687902,0.83349619832291
"380047",0.402965401742075,-0.6077033469849,-1.18103493140874,0.549767684190841,0.758995193734899,0.185406406418138,0.139697301553347,0.844962917200563,8,0.125,0.136632078305778,"0.1931195749884",-0.0243323532687902,0.83349619832291
"38004F",NA,NA,NA,NA,NA,NA,NA,NA,0,NA,NA,"NaN",-0.0243323532687902,0.83349619832291
"380050",0.881367170245933,0.947469619040956,1.19846070322458,NA,NA,-0.12883699713878,-1.55741378289682,0.707738223110458,6,0.166666666666667,0.341464155931055,"0.43887003916259",-0.0243323532687902,0.83349619832291
"380051",0.398731757773014,-1.20117165126143,-1.02927407865836,0.265103447935658,0.349887955755839,-0.0613328585969238,-2.22597269495294,-0.527284023700479,8,0.125,-0.503914018213203,"-0.575385545740204",-0.0243323532687902,0.83349619832291
"380052",NA,NA,NA,NA,NA,-4.14882483375209,0.242552518792751,NA,2,0.5,-1.95313615747967,"-2.31411229960239",-0.0243323532687902,0.83349619832291
"380056",NA,NA,NA,NA,NA,0.941918303869977,0.139697301553347,NA,2,0.5,0.540807802711662,"0.678035673249115",-0.0243323532687902,0.83349619832291
"380060",0.425544836243732,-0.527263365983563,1.19846070322458,NA,-0.330294403323168,-0.0962487923254703,1.42538751704589,NA,6,0.166666666666667,0.349264415813668,"0.44822852201867",-0.0243323532687902,0.83349619832291
"380061",0.188460773976334,-0.67205533178597,0.27644193745812,0.164093557651561,-0.00766511808764905,-0.275483918798675,0.396835344651856,-0.25283463552027,8,0.125,-0.0227759238068368,"0.00186735040313932",-0.0243323532687902,0.83349619832291
"380071",NA,NA,NA,NA,NA,0.00617127994493256,0.49969056189126,NA,2,0.5,0.252930920918096,"0.332650916398625",-0.0243323532687902,0.83349619832291
"380075",0.881367170245933,-1.46215470073244,-0.625532942096027,NA,-2.20453772528415,-0.391870364560497,0.962539039468576,-0.25283463552027,7,0.142857142857143,-0.44186059406841,"-0.500935987038375",-0.0243323532687902,0.83349619832291
"380082",NA,-0.836510404055371,NA,NA,NA,0.941918303869977,-0.117440741545163,NA,3,0.333333333333333,-0.00401094724351888,"0.0243809222719436",-0.0243323532687902,0.83349619832291
"380089",0.881367170245933,0.225297345162282,-2.41373393346608,NA,NA,-0.443080400695698,0.293980127412452,-1.213407494151,6,0.166666666666667,-0.444929530915351,"-0.504617991651133",-0.0243323532687902,0.83349619832291
"380090",0.881367170245933,-0.0160225978417299,-0.440842847711131,NA,-0.292044539609679,0.094624978723917,-0.785999653601287,0.158839446750041,7,0.142857142857143,-0.0571540061491336,"-0.0393782874431633",-0.0243323532687902,0.83349619832291
"380091",0.668273757136545,-0.182265225244494,-1.21110076072721,NA,0.747353930865576,-0.282467105544385,-1.86597943461503,NA,6,0.166666666666667,-0.354364139688166,"-0.395960757929596",-0.0243323532687902,0.83349619832291
"380102",-0.277240062620342,0.947469619040956,-0.0170578249364836,1.12011645862327,-0.98885727421629,-0.0985765212407067,1.7339531687641,1.53108638765108,8,0.125,0.493861743883198,"0.621711410555507",-0.0243323532687902,0.83349619832291
"380103",-0.0712027227927221,0.947469619040956,-0.657030477572522,NA,NA,-1.94912100885367,0.345407736032154,NA,5,0.2,-0.27689537082916,"-0.303016400157021",-0.0243323532687902,0.83349619832291
"381301",NA,NA,NA,NA,NA,NA,NA,NA,0,NA,NA,"NaN",-0.0243323532687902,0.83349619832291
"381302",NA,NA,NA,NA,NA,NA,NA,NA,0,NA,NA,"NaN",-0.0243323532687902,0.83349619832291
"381303",NA,NA,NA,NA,NA,0.941918303869977,NA,NA,1,1,0.941918303869977,"1.15927422234555",-0.0243323532687902,0.83349619832291
"381304",NA,NA,NA,NA,NA,NA,NA,NA,0,NA,NA,"NaN",-0.0243323532687902,0.83349619832291
"381305",NA,NA,NA,NA,NA,NA,NA,NA,0,NA,NA,"NaN",-0.0243323532687902,0.83349619832291
"381306",NA,NA,NA,NA,NA,NA,NA,NA,0,NA,NA,"NaN",-0.0243323532687902,0.83349619832291
"381307",NA,NA,NA,NA,NA,NA,NA,NA,0,NA,NA,"NaN",-0.0243323532687902,0.83349619832291
"381308",NA,NA,NA,NA,NA,-0.0101228224617223,NA,NA,1,1,-0.0101228224617223,"0.017048105121126",-0.0243323532687902,0.83349619832291
"381309",NA,NA,NA,NA,NA,NA,NA,NA,0,NA,NA,"NaN",-0.0243323532687902,0.83349619832291
"381310",NA,NA,NA,NA,NA,NA,NA,NA,0,NA,NA,"NaN",-0.0243323532687902,0.83349619832291
"381311",NA,NA,NA,NA,NA,NA,NA,NA,0,NA,NA,"NaN",-0.0243323532687902,0.83349619832291
"381312",NA,NA,NA,NA,NA,NA,NA,-0.527284023700479,1,1,-0.527284023700479,"-0.603424072531687",-0.0243323532687902,0.83349619832291
"381313",NA,NA,NA,NA,NA,NA,NA,NA,0,NA,NA,"NaN",-0.0243323532687902,0.83349619832291
"381314",NA,NA,NA,NA,NA,-1.45331474990831,NA,NA,1,1,-1.45331474990831,"-1.71444380851982",-0.0243323532687902,0.83349619832291
"381315",NA,NA,NA,NA,NA,NA,NA,NA,0,NA,NA,"NaN",-0.0243323532687902,0.83349619832291
"381316",NA,NA,NA,NA,NA,0.941918303869977,NA,NA,1,1,0.941918303869977,"1.15927422234555",-0.0243323532687902,0.83349619832291
"381317",NA,NA,NA,NA,NA,NA,NA,0.570513529020354,1,1,0.570513529020354,"0.713675579428008",-0.0243323532687902,0.83349619832291
"381318",NA,NA,NA,NA,NA,0.941918303869977,NA,NA,1,1,0.941918303869977,"1.15927422234555",-0.0243323532687902,0.83349619832291
"381319",NA,-0.176902559844405,NA,NA,NA,0.941918303869977,NA,NA,2,0.5,0.382507872012786,"0.488112874540023",-0.0243323532687902,0.83349619832291
"381320",NA,NA,NA,NA,NA,NA,NA,NA,0,NA,NA,"NaN",-0.0243323532687902,0.83349619832291
"381321",NA,0.947469619040956,NA,NA,NA,0.941918303869977,NA,0.296064140840146,3,0.333333333333333,0.728484021250359,"0.903203129221108",-0.0243323532687902,0.83349619832291
"381322",NA,NA,NA,NA,NA,NA,NA,NA,0,NA,NA,"NaN",-0.0243323532687902,0.83349619832291
"381323",NA,NA,NA,NA,NA,-0.692147394625996,NA,NA,1,1,-0.692147394625996,"-0.801221460518868",-0.0243323532687902,0.83349619832291
"381324",NA,NA,NA,NA,NA,NA,NA,NA,0,NA,NA,"NaN",-0.0243323532687902,0.83349619832291
"381325",NA,NA,-2.64280691874967,NA,NA,0.332053328078033,NA,NA,2,0.5,-1.15537679533582,"-1.35698812345254",-0.0243323532687902,0.83349619832291
"390001",0.266077580075779,0.0107907291587159,-0.857469339695665,NA,-3.76280391222065,0.22963325580763,-0.014585524305759,0.43328883493025,7,0.142857142857143,-0.527866910892814,"-0.604123400487241",-0.0243323532687902,0.83349619832291
"390002",-0.124828879734157,NA,NA,NA,-1.63577888224009,0.127213183537227,0.191124910173049,NA,4,0.25,-0.360567417065993,"-0.403403236240005",-0.0243323532687902,0.83349619832291
"390003",NA,NA,NA,NA,NA,0.941918303869977,0.191124910173049,NA,2,0.5,0.566521607021513,"0.708886209054306",-0.0243323532687902,0.83349619832291
"390004",0.261843936106719,-0.512962924916658,1.19846070322458,NA,-0.0425889066956176,0.618363984652114,0.0882696929336448,0.158839446750041,7,0.142857142857143,0.252889418864975,"0.332601123666271",-0.0243323532687902,0.83349619832291
"390006",0.14753554894208,-0.017810152975093,-1.36286161347759,-0.207296341978855,0.404768194996932,-1.12510497285997,0.139697301553347,0.158839446750041,8,0.125,-0.232779073631139,"-0.250087187898118",-0.0243323532687902,0.83349619832291
"390009",0.748712992548698,-0.416434947715054,-1.43731033369476,1.12011645862327,1.14814598108083,-0.270828460968203,0.345407736032154,0.158839446750041,8,0.125,0.174581109082122,"0.238649513640433",-0.0243323532687902,0.83349619832291
"390012",0.881367170245933,0.947469619040956,NA,NA,NA,-0.207979780256819,0.756828604989769,-0.664508717790581,5,0.2,0.342635379245851,"0.440275232512185",-0.0243323532687902,0.83349619832291
"390013",NA,-0.112550575043335,-0.114413843682011,NA,NA,-0.699130581371705,-3.10024204148787,-0.390059329610375,5,0.2,-0.883279274239059,"-1.03053489949753",-0.0243323532687902,0.83349619832291
"390016",-0.457875538633598,-0.564802023784187,-0.503837918664119,NA,-0.330294403323168,-0.906298454827748,0.293980127412452,0.158839446750041,7,0.142857142857143,-0.330041252152904,"-0.366778996112082",-0.0243323532687902,0.83349619832291
"39001F",NA,NA,NA,NA,NA,NA,NA,NA,0,NA,NA,"NaN",-0.0243323532687902,0.83349619832291
"390025",NA,NA,NA,NA,NA,NA,NA,NA,0,NA,NA,"NaN",-0.0243323532687902,0.83349619832291
"390026",-1.10844549521259,-1.75888885287071,0.0645494260707963,NA,0.270062153223339,-0.426786298289043,-0.271723567404269,0.158839446750041,7,0.142857142857143,-0.438913312533204,"-0.497399940273992",-0.0243323532687902,0.83349619832291
"390027",-0.0232214244767009,0.0626298280262445,0.650117244701981,0.417128434322835,-0.268762013871033,0.0853140630629712,0.0368420843139429,-1.62508157642131,8,0.125,-0.083129170042634,"-0.0705423934652009",-0.0243323532687902,0.83349619832291
"390028",0.730367202016102,-0.210866107378303,0.850556106825125,NA,-0.983868161558009,0.311103767840905,0.0368420843139429,NA,6,0.166666666666667,0.122355815343294,"0.175991406928115",-0.0243323532687902,0.83349619832291
"390030",0.881367170245933,0.0697800485596967,NA,NA,1.14814598108083,0.220322340146684,0.808256213609471,0.158839446750041,6,0.166666666666667,0.547785200065443,"0.686406914015205",-0.0243323532687902,0.83349619832291
"390032",NA,0.947469619040956,NA,NA,NA,0.0620367739106069,0.396835344651856,NA,3,0.333333333333333,0.468780579201139,"0.591619893962479",-0.0243323532687902,0.83349619832291
"390035",0.881367170245933,0.947469619040956,NA,NA,1.14814598108083,0.276187834112358,0.756828604989769,0.296064140840146,6,0.166666666666667,0.717677225051666,"0.890237507757642",-0.0243323532687902,0.83349619832291
"390036",-0.730239967309835,-0.0624990313091691,-1.11231303582366,NA,-1.0221180252715,-0.838794316285891,1.11682186532768,-1.07618280006089,7,0.142857142857143,-0.532189330104753,"-0.609309290021753",-0.0243323532687902,0.83349619832291
"390037",NA,0.141282253894219,-1.53180294012424,NA,NA,-2.12137294858116,0.602545779130663,1.80553577583129,5,0.2,-0.220762415969847,"-0.235670016367557",-0.0243323532687902,0.83349619832291
"390039",NA,NA,0.466858856475106,NA,NA,-0.29876120795104,0.293980127412452,NA,3,0.333333333333333,0.154025925312173,"0.213988112891025",-0.0243323532687902,0.83349619832291
"390041",-1.34411834282364,-0.548714027583919,1.19846070322458,NA,-3.2522513835232,-1.13674361743615,0.345407736032154,NA,6,0.166666666666667,-0.789659822018363,"-0.91821350869926",-0.0243323532687902,0.83349619832291
"390042",0.505984071655885,-0.132213681510328,1.19846070322458,NA,0.333257580228235,-0.0357278405293231,0.0882696929336448,0.158839446750041,7,0.142857142857143,0.302409996107534,"0.392014204784338",-0.0243323532687902,0.83349619832291
"390044",0.0642738842172201,-0.577314909717728,-1.85823194415336,-0.462371822494252,0.338246692886516,0.0224653823515876,-0.88885487084069,1.25663699947087,8,0.125,-0.263143823534979,"-0.286517767863495",-0.0243323532687902,0.83349619832291
"390045",0.679563474387373,-0.0982501339764302,-0.760113320950138,NA,1.14814598108083,0.173767761841955,-1.96883465185443,-0.938958105970791,7,0.142857142857143,-0.252096999348804,"-0.273264169096754",-0.0243323532687902,0.83349619832291
"390046",0.0543953816227451,-0.310969194846633,-0.657030477572522,-0.427681557144158,0.373170481494484,0.183078677502901,-0.117440741545163,NA,7,0.142857142857143,-0.128925347212621,"-0.125487067792611",-0.0243323532687902,0.83349619832291
"390048",-0.642744658615915,-0.738194871720403,NA,NA,0.102095360394538,0.346019701569451,0.808256213609471,NA,5,0.2,-0.0249136509525716,"-0.000697420917997008",-0.0243323532687902,0.83349619832291
"390049",0.431189694869146,0.530969272967364,-0.160228440738729,0.539564664970225,0.604332701328181,0.401885195535126,1.99109121186261,0.844962917200563,8,0.125,0.647970902249311,"0.806606265116569",-0.0243323532687902,0.83349619832291
"39004F",NA,NA,NA,NA,NA,NA,NA,NA,0,NA,NA,"NaN",-0.0243323532687902,0.83349619832291
"390050",0.157414051536555,0.246748006762639,-0.480930620135759,NA,-0.035936756484576,0.0527258582496612,-0.271723567404269,-1.48785688233121,7,0.142857142857143,-0.259937129972422,"-0.28267048749316",-0.0243323532687902,0.83349619832291
"390056",NA,NA,NA,NA,NA,-1.32063420173983,0.242552518792751,NA,2,0.5,-0.539040841473541,"-0.617529497123566",-0.0243323532687902,0.83349619832291
"390057",-1.61224912753081,-0.949126377457243,1.19846070322458,NA,-0.772662392357437,-1.00173534035244,1.06539425670798,0.43328883493025,7,0.142857142857143,-0.234089920405017,"-0.251659896659737",-0.0243323532687902,0.83349619832291
"390058",0.881367170245933,-0.863323731055817,1.19846070322458,NA,NA,-0.566450033203229,-0.271723567404269,-1.213407494151,6,0.166666666666667,-0.1391794920573,"-0.137789637216817",-0.0243323532687902,0.83349619832291
"39005F",NA,NA,NA,NA,NA,NA,NA,NA,0,NA,NA,"NaN",-0.0243323532687902,0.83349619832291
"390062",NA,NA,1.19846070322458,NA,NA,0.941918303869977,0.448262953271558,NA,3,0.333333333333333,0.862880653455372,"1.06444757457723",-0.0243323532687902,0.83349619832291
"390063",-0.137529811641339,-0.167964784177589,-0.521018392560388,1.12011645862327,-0.348587816403533,-0.00546736463124947,-0.168868350164865,-0.390059329610375,8,0.125,-0.077422423820759,"-0.0636956361154282",-0.0243323532687902,0.83349619832291
"390065",0.881367170245933,-1.41210315699827,0.443951557946747,NA,NA,-0.668870105473632,0.242552518792751,NA,5,0.2,-0.102620403097295,"-0.09392730283117",-0.0243323532687902,0.83349619832291
"390066",-0.271595203994928,-0.00529726704155159,1.19846070322458,NA,0.230149251957089,-0.398853551306206,1.01396664808828,NA,6,0.166666666666667,0.294471763487877,"0.382490186995619",-0.0243323532687902,0.83349619832291
"390067",0.388853255178539,-0.493299818449665,0.479744211897309,-0.0450683363710633,0.632604339725108,-1.05061764757241,-0.837427262220988,0.844962917200563,8,0.125,-0.0100310425765756,"0.0171582194627768",-0.0243323532687902,0.83349619832291
"390068",NA,-0.37353362451434,NA,1.12011645862327,NA,0.574137135262621,0.551118170510961,0.707738223110458,5,0.2,0.515915272598593,"0.648170473907888",-0.0243323532687902,0.83349619832291
"39006F",NA,NA,NA,NA,NA,NA,0.756828604989769,-0.664508717790581,2,0.5,0.046159943599594,"0.0845742272252984",-0.0243323532687902,0.83349619832291
"390070",NA,NA,NA,NA,NA,0.478700249737928,0.396835344651856,NA,2,0.5,0.437767797194892,"0.554411827424625",-0.0243323532687902,0.83349619832291
"390073",0.600535453631574,0.334338208297428,0.92357312088427,NA,0.522843861242921,-1.00406306926768,-0.271723567404269,-0.25283463552027,7,0.142857142857143,0.121809910266282,"0.175336448839392",-0.0243323532687902,0.83349619832291
"390079",-0.178455036675593,-0.709593989586594,-1.04788625871265,NA,0.31662720470063,0.583448050923567,0.756828604989769,-0.390059329610375,7,0.142857142857143,-0.0955843934244638,"-0.0854857410256231",-0.0243323532687902,0.83349619832291
"390086",-0.823380134629171,-0.706018879319868,-0.396459956812435,NA,0.542800311876046,0.804582297871028,-1.81455182599532,0.158839446750041,7,0.142857142857143,-0.319169820037098,"-0.353735826703894",-0.0243323532687902,0.83349619832291
"390090",-0.285707350558463,-0.100037689109793,-1.31132019178878,0.735462634006049,0.369844406388963,-0.557139117542283,-0.32315117602397,NA,7,0.142857142857143,-0.210292640661183,"-0.223108740947549",-0.0243323532687902,0.83349619832291
"390091",NA,0.132344478227403,NA,NA,1.14814598108083,0.0527258582496612,0.242552518792751,0.570513529020354,5,0.2,0.429256473074201,"0.544200234213022",-0.0243323532687902,0.83349619832291
"390093",NA,NA,NA,NA,NA,0.941918303869977,0.191124910173049,NA,2,0.5,0.566521607021513,"0.708886209054306",-0.0243323532687902,0.83349619832291
"390096",0.0783860307807557,-0.305606529446544,1.19846070322458,NA,0.0605194215755276,-2.15861661122495,0.859683822229173,NA,6,0.166666666666667,-0.0445288604769089,"-0.024231072977605",-0.0243323532687902,0.83349619832291
"390097",0.480582207841521,0.25926089269618,1.19846070322458,NA,1.14814598108083,0.697506767770152,-0.734572044981585,0.296064140840146,7,0.142857142857143,0.477921235495976,"0.6025865382174",-0.0243323532687902,0.83349619832291
"39009F",-1.35823048938717,0.947469619040956,NA,NA,NA,NA,1.37395990842619,0.570513529020354,4,0.25,0.383428141775083,"0.489216982470147",-0.0243323532687902,0.83349619832291
"390100",0.426956050900086,-0.39677184124806,-0.662757302204611,0.403864509336034,0.76398430639318,0.357658346145633,0.653973387750365,1.11941230538077,8,0.125,0.333289970306675,"0.429062933094407",-0.0243323532687902,0.83349619832291
"390101",-0.0175765658512866,-1.17972098966108,-1.90834165968415,0.190621407625163,0.0738237219976108,0.1574736594353,-1.40313095703771,-0.664508717790581,8,0.125,-0.593920012620841,"-0.683371634445516",-0.0243323532687902,0.83349619832291
"390102",-0.662501663804865,-1.09749345352638,0.897802410039866,NA,0.544463349428806,-0.62464325608414,0.242552518792751,-0.25283463552027,7,0.142857142857143,-0.136093532953461,"-0.134087209887157",-0.0243323532687902,0.83349619832291
"390107",0.201161705883516,0.0519044972260661,0.275010231300097,NA,-0.914020584342072,-0.477996334424245,1.06539425670798,0.982187611290668,7,0.142857142857143,0.169091626234573,"0.232063421395988",-0.0243323532687902,0.83349619832291
"390110",0.881367170245933,-0.56658957891755,-1.51891758470204,NA,0.178595087821517,-0.638609629575558,-0.528861610502778,NA,6,0.166666666666667,-0.365502690938413,"-0.409324407665082",-0.0243323532687902,0.83349619832291
"390111",-0.477632543822548,-0.866898841322543,0.292190705196367,-1.38472476003792,-0.170642798258169,-0.210307509172055,1.7339531687641,NA,7,0.142857142857143,-0.154866082664681,"-0.156609867757693",-0.0243323532687902,0.83349619832291
"390112",NA,NA,NA,NA,NA,-0.32436622601864,0.0882696929336448,0.982187611290668,3,0.333333333333333,0.248697026068557,"0.327571235341822",-0.0243323532687902,0.83349619832291
"390113",0.881367170245933,-0.350295407780621,NA,NA,0.1918993882436,-0.522223183813737,-0.271723567404269,1.9427604699214,6,0.166666666666667,0.31196414490205,"0.403476943083253",-0.0243323532687902,0.83349619832291
"390114",-0.0232214244767009,6.53983585375735e-05,-1.3184787225789,-0.021601392163647,0.281703416092662,-1.3439114908922,-1.0945653053195,-0.938958105970791,8,0.125,-0.557370953368816,"-0.639521333357682",-0.0243323532687902,0.83349619832291
"390115",-0.138941026297693,0.266411113229632,0.356617482307377,NA,-1.38466021177327,0.0806586052324984,0.705400996370067,0.844962917200563,7,0.142857142857143,0.104349982324168,"0.154388629308547",-0.0243323532687902,0.83349619832291
"390116",NA,NA,NA,NA,NA,0.941918303869977,0.49969056189126,NA,2,0.5,0.720804432880618,"0.893989423885447",-0.0243323532687902,0.83349619832291
"390117",NA,NA,NA,NA,NA,-0.0706437742578696,NA,NA,1,1,-0.0706437742578696,"-0.0555628460960749",-0.0243323532687902,0.83349619832291
"390123",0.881367170245933,-0.50223759411648,0.169063975606436,NA,-2.40742830672092,-0.405836738051915,-1.86597943461503,-1.07618280006089,7,0.142857142857143,-0.743890532530409,"-0.863301093285672",-0.0243323532687902,0.83349619832291
"390125",NA,0.947469619040956,NA,NA,NA,-2.02360833414123,-0.477434001883076,-1.48785688233121,4,0.25,-0.76035739982864,"-0.883057472896478",-0.0243323532687902,0.83349619832291
"390127",-1.67010892844131,-2.69914285301967,-0.496679387874006,NA,0.299996829173026,-0.289450292290094,0.448262953271558,NA,6,0.166666666666667,-0.734520279863416,"-0.852058987219865",-0.0243323532687902,0.83349619832291
"39012F",0.484815851810582,0.497005725433466,NA,NA,NA,NA,-1.86597943461503,0.296064140840146,4,0.25,-0.147023429132708,"-0.147200522462834",-0.0243323532687902,0.83349619832291
"390133",0.0558065962790987,0.166308025761302,0.680183074020453,-0.0440480344490019,-0.343598703745252,0.136524099198173,-0.220295958784567,0.982187611290668,8,0.125,0.176633338696359,"0.241111707971213",-0.0243323532687902,0.83349619832291
"390137",0.546909296690138,0.713299896570396,0.472585681107196,NA,0.514528673479119,0.201700508824793,-0.58028921912248,0.158839446750041,7,0.142857142857143,0.2896534691856,"0.376709363625373",-0.0243323532687902,0.83349619832291
"390138",NA,NA,NA,NA,NA,-0.815517027133527,0.242552518792751,NA,2,0.5,-0.286482254170388,"-0.314518412236401",-0.0243323532687902,0.83349619832291
"390139",0.881367170245933,-1.06531746112584,0.8362390452449,NA,0.679169391202399,0.415851569026544,0.911111430848875,0.982187611290668,7,0.142857142857143,0.52008696524764,"0.653175526909258",-0.0243323532687902,0.83349619832291
"39013F",NA,0.947469619040956,NA,NA,NA,NA,0.859683822229173,1.80553577583129,3,0.333333333333333,1.20422973903381,"1.47398643782012",-0.0243323532687902,0.83349619832291
"390142",-0.590529716330833,-0.514750480050021,1.19846070322458,NA,-0.937303110080717,0.269204647366649,-0.374578784643672,-0.390059329610375,7,0.142857142857143,-0.191365152874913,"-0.200400193716794",-0.0243323532687902,0.83349619832291
"390145",0.0529841669663915,0.729387892770663,0.0344835967523249,NA,-0.598043449317594,-0.0939210634102339,-0.991710088080094,1.11941230538077,7,0.142857142857143,0.0360847658660328,"0.0724863763702692",-0.0243323532687902,0.83349619832291
"390146",NA,NA,NA,NA,NA,-0.764306990998325,0.139697301553347,-0.115609941430166,3,0.333333333333333,-0.246739876958382,"-0.266836878365014",-0.0243323532687902,0.83349619832291
"390147",-0.265950345369514,0.947469619040956,-1.39006403048002,NA,-0.385174642564262,-0.668870105473632,-1.86597943461503,0.570513529020354,7,0.142857142857143,-0.436865058634449,"-0.494942515869565",-0.0243323532687902,0.83349619832291
"390150",NA,NA,NA,NA,NA,NA,NA,NA,0,NA,NA,"NaN",-0.0243323532687902,0.83349619832291
"390151",-0.257483057431392,-0.647029559918887,1.19846070322458,NA,-0.0226324560624927,0.315759225671378,0.808256213609471,NA,6,0.166666666666667,0.23255517818211,"0.308204802814682",-0.0243323532687902,0.83349619832291
"390153",-0.0387447856965901,-0.927675715856887,-0.0814846020474942,0.175316878794239,-2.21451595060071,0.28782647868854,0.859683822229173,0.982187611290668,8,0.125,-0.119675782899883,"-0.114389759452934",-0.0243323532687902,0.83349619832291
"390156",-0.841725925161767,-2.13070032061022,-0.30053564422493,NA,-0.0226324560624927,0.0015158221144597,-1.86597943461503,NA,6,0.166666666666667,-0.860009659759996,"-1.00261681837624",-0.0243323532687902,0.83349619832291
"390160",NA,-0.64881711505225,NA,NA,NA,-1.43934837641689,0.293980127412452,NA,3,0.333333333333333,-0.598061788018896,"-0.688340793760686",-0.0243323532687902,0.83349619832291
"390162",NA,NA,NA,NA,NA,0.941918303869977,0.139697301553347,NA,2,0.5,0.540807802711662,"0.678035673249115",-0.0243323532687902,0.83349619832291
"390163",NA,0.947469619040956,NA,NA,NA,0.941918303869977,-1.1974205225589,NA,3,0.333333333333333,0.230655800117344,"0.305925994502674",-0.0243323532687902,0.83349619832291
"390164",-0.582062428392711,-0.344932742380531,0.469722268791151,NA,-0.263772901212752,-0.978458051200077,-2.07168986909383,0.296064140840146,7,0.142857142857143,-0.496447083235515,"-0.566426974612091",-0.0243323532687902,0.83349619832291
"390168",-1.98904344077721,0.293224440230078,-0.843152278115441,NA,-1.10028079025124,0.625347171397823,-1.30027573979831,-0.115609941430166,7,0.142857142857143,-0.632827225534923,"-0.730051166988517",-0.0243323532687902,0.83349619832291
"390173",0.284423370608376,-1.14396988699382,-1.61770530960559,NA,-0.58141307378999,-0.322038497103404,-1.0431376966998,0.707738223110458,7,0.142857142857143,-0.530871838639109,"-0.607728609188062",-0.0243323532687902,0.83349619832291
"390174",0.0755636014680486,-0.198353221444761,0.378093074677714,1.12011645862327,-0.534848022312698,-0.473340876593772,-2.38025552081204,-1.07618280006089,8,0.125,-0.386150913306893,"-0.434097432917058",-0.0243323532687902,0.83349619832291
"390178",NA,-0.169752339310952,NA,NA,NA,-0.0752992320883424,0.191124910173049,0.0216147526599381,4,0.25,-0.00807797714157701,"0.0195014400304631",-0.0243323532687902,0.83349619832291
"390179",-0.243370910867857,-0.881199282389447,-0.655598771414499,-0.478696653247237,0.451333246474224,0.26222146062094,0.859683822229173,0.707738223110458,8,0.125,0.00276389181446937,"0.0325091405789016",-0.0243323532687902,0.83349619832291
"390180",-0.964501600264527,0.146644919294308,-3.46460625345456,NA,-0.468326520202282,-0.594382780186066,-2.94595921562877,NA,6,0.166666666666667,-1.38185524174032,"-1.62870915452646",-0.0243323532687902,0.83349619832291
"390183",NA,NA,NA,NA,NA,0.283171020858068,0.448262953271558,NA,2,0.5,0.365716987064813,"0.467967749725106",-0.0243323532687902,0.83349619832291
"390184",NA,NA,NA,NA,NA,NA,NA,NA,0,NA,NA,"NaN",-0.0243323532687902,0.83349619832291
"390185",0.881367170245933,0.947469619040956,-0.0900748389956289,NA,NA,0.117902267876281,-0.271723567404269,-2.03675565869162,6,0.166666666666667,-0.075302501321392,"-0.061152226195104",-0.0243323532687902,0.83349619832291
"390195",0.158825266192909,-0.0553488107757171,0.320824828356816,0.527321041905486,0.677506353649639,0.271532376281886,0.345407736032154,-0.25283463552027,8,0.125,0.249154269515363,"0.328119820263655",-0.0243323532687902,0.83349619832291
"390198",NA,-0.734619761453677,NA,NA,NA,0.941918303869977,-0.837427262220988,NA,3,0.333333333333333,-0.210042906601563,"-0.222809118633587",-0.0243323532687902,0.83349619832291
"390199",NA,NA,NA,NA,NA,-3.01754858094719,0.0368420843139429,NA,2,0.5,-1.49035324831662,"-1.75888132183162",-0.0243323532687902,0.83349619832291
"390201",0.881367170245933,-0.571952244317639,0.816195159032586,NA,-1.68234393371738,0.767338635227245,0.705400996370067,-0.801733411880687,7,0.142857142857143,0.0163246244228749,"0.0487788399916779",-0.0243323532687902,0.83349619832291
"390203",0.0953206066569983,-0.153664343110685,-0.0986650759437637,NA,-0.691173552272177,-0.496618165746136,1.37395990842619,0.707738223110458,7,0.142857142857143,0.105271085874412,"0.155493737588701",-0.0243323532687902,0.83349619832291
"390204",-0.145997099579461,-0.806121966788199,NA,NA,-2.95789373668461,0.418179297941781,0.602545779130663,NA,5,0.2,-0.577857545195966,"-0.664100439859152",-0.0243323532687902,0.83349619832291
"390211",0.881367170245933,-1.55510756766732,NA,NA,-0.441717919358116,0.941918303869977,-0.014585524305759,-0.25283463552027,6,0.166666666666667,-0.0734933621225922,"-0.058981683363067",-0.0243323532687902,0.83349619832291
"390217",NA,NA,NA,NA,NA,0.941918303869977,0.191124910173049,NA,2,0.5,0.566521607021513,"0.708886209054306",-0.0243323532687902,0.83349619832291
"390219",0.0148813712448453,0.377239531498142,-1.12519839124586,NA,-0.0891539581729091,-0.443080400695698,-0.683144436361883,0.158839446750041,7,0.142857142857143,-0.255659548140475,"-0.277538392301179",-0.0243323532687902,0.83349619832291
"390222",0.881367170245933,0.361151535297874,0.811900040558518,NA,-0.41843539361947,0.0480704004191883,0.756828604989769,-0.390059329610375,7,0.142857142857143,0.29297471832592,"0.380694083828059",-0.0243323532687902,0.83349619832291
"390223",-0.182688680644653,-0.323482080780175,-0.105823606733876,NA,-0.769336317251916,-0.310399852527222,0.756828604989769,1.66831108174119,7,0.142857142857143,0.104772735541873,"0.15489583404272",-0.0243323532687902,0.83349619832291
"390225",0.0360495910901488,0.947469619040956,0.322256534514838,NA,1.14814598108083,-0.484979521169954,0.551118170510961,NA,6,0.166666666666667,0.420010062511297,"0.533106709633656",-0.0243323532687902,0.83349619832291
"390226",-0.795155841502099,-0.731044651186951,-0.280491758012615,0.14368751921033,0.205203688665683,0.0853140630629712,0.911111430848875,1.53108638765108,8,0.125,0.13371385484216,"0.189618391096392",-0.0243323532687902,0.83349619832291
"390228",0.462236417308925,-0.051773700508991,-0.415072136866726,NA,0.216844951535006,0.292481936519013,0.808256213609471,1.9427604699214,7,0.142857142857143,0.465104878788299,"0.587209915344417",-0.0243323532687902,0.83349619832291
"390231",-0.0458008589783579,0.341488428830881,-0.021352943410551,-0.102205244006512,0.388137819469328,-0.501273623576609,0.345407736032154,1.11941230538077,8,0.125,0.190476702467638,"0.25772049850815",-0.0243323532687902,0.83349619832291
"390233",0.881367170245933,-0.361020738580799,-3.27562104059559,NA,1.14814598108083,-0.920264828319166,-0.734572044981585,0.707738223110458,7,0.142857142857143,-0.36488961114856,"-0.408588855672059",-0.0243323532687902,0.83349619832291
"390237",0.881367170245933,-0.346720297513895,-0.657030477572522,NA,-0.375196417247699,-0.58507186452512,0.345407736032154,0.844962917200563,7,0.142857142857143,0.0153883952313447,"0.0476555844886367",-0.0243323532687902,0.83349619832291
"390256",0.0304047324647345,-0.0481985902422649,0.370934543887602,0.158992048041254,0.96853792538271,-0.384887177814787,0.653973387750365,-0.801733411880687,8,0.125,0.118502932198616,"0.171368850577612",-0.0243323532687902,0.83349619832291
"390258",0.508806500968592,0.175245801428117,1.19846070322458,NA,1.14814598108083,0.108591352215336,0.139697301553347,-0.25283463552027,7,0.142857142857143,0.432301857850077,"0.547853981862986",-0.0243323532687902,0.83349619832291
"390265",0.569488731191795,0.352213759631059,0.345163833043198,NA,1.14814598108083,0.206355966655266,-0.88885487084069,0.296064140840146,7,0.142857142857143,0.289796791657372,"0.37688131698528",-0.0243323532687902,0.83349619832291
"390266",NA,NA,NA,NA,NA,0.941918303869977,0.139697301553347,NA,2,0.5,0.540807802711662,"0.678035673249115",-0.0243323532687902,0.83349619832291
"390267",0.275956082670254,-0.394984286114697,1.19846070322458,NA,-2.01162536916394,-0.261517545307257,-0.426006393263374,-0.390059329610375,7,0.142857142857143,-0.287110876794972,"-0.315272611986621",-0.0243323532687902,0.83349619832291
"390268",0.881367170245933,-0.893712168322989,0.106068904653448,NA,0.295007716514745,-1.38115515353598,-0.220295958784567,0.43328883493025,7,0.142857142857143,-0.111347236328451,"-0.104397456442807",-0.0243323532687902,0.83349619832291
"390270",-0.265950345369514,0.00364050862526368,-0.939076590702945,NA,-0.904042359025509,-0.310399852527222,0.0882696929336448,0.158839446750041,7,0.142857142857143,-0.309817071330891,"-0.342514721286707",-0.0243323532687902,0.83349619832291
"390272",NA,NA,NA,NA,NA,NA,NA,NA,0,NA,NA,"NaN",-0.0243323532687902,0.83349619832291
"390278",NA,NA,NA,NA,1.14814598108083,0.941918303869977,NA,NA,2,0.5,1.04503214247541,"1.28298665056407",-0.0243323532687902,0.83349619832291
"390304",NA,NA,NA,NA,NA,-0.573433219948938,0.345407736032154,NA,2,0.5,-0.114012741958392,"-0.107595438191619",-0.0243323532687902,0.83349619832291
"390307",NA,NA,NA,NA,NA,NA,0.0882696929336448,1.11941230538077,2,0.5,0.603840999157208,"0.753660728975076",-0.0243323532687902,0.83349619832291
"390316",NA,NA,NA,NA,NA,NA,0.396835344651856,0.570513529020354,2,0.5,0.483674436836105,"0.609489030816293",-0.0243323532687902,0.83349619832291
"390322",NA,NA,NA,NA,NA,NA,0.396835344651856,1.39386169356098,2,0.5,0.895348519106417,"1.10340140030118",-0.0243323532687902,0.83349619832291
"390323",NA,NA,NA,NA,NA,NA,0.293980127412452,2.0799851640115,2,0.5,1.18698264571198,"1.4532939699282",-0.0243323532687902,0.83349619832291
"390324",NA,NA,NA,NA,NA,NA,0.345407736032154,2.2172098581016,2,0.5,1.28130879706688,"1.56646323398087",-0.0243323532687902,0.83349619832291
"390325",NA,NA,NA,NA,NA,NA,0.653973387750365,1.80553577583129,2,0.5,1.22975458179083,"1.50461026406957",-0.0243323532687902,0.83349619832291
"390326",0.649927966603948,0.625709695035606,0.180517624870615,NA,0.752343043523857,0.39257427987418,0.859683822229173,0.158839446750041,7,0.142857142857143,0.517085125555346,"0.649574023149152",-0.0243323532687902,0.83349619832291
"390327",NA,NA,NA,NA,NA,NA,0.191124910173049,NA,1,1,0.191124910173049,"0.258498195763056",-0.0243323532687902,0.83349619832291
"390328",-0.552426920609287,-0.0821621377761627,0.0273250659622126,NA,1.14814598108083,-0.973802593369604,0.602545779130663,-1.76230627051142,7,0.142857142857143,-0.227525870870394,"-0.24378457635494",-0.0243323532687902,0.83349619832291
"390329",-0.411305454973931,-2.11282476927659,0.350890657675288,-0.974563387369167,-0.346924778850772,0.350675159399924,1.7339531687641,NA,7,0.142857142857143,-0.201442772090164,"-0.212490973777373",-0.0243323532687902,0.83349619832291
"390330",0.881367170245933,0.420140854698855,-0.55108422187886,NA,1.14814598108083,0.0387594847582426,0.705400996370067,-0.25283463552027,7,0.142857142857143,0.341413661393543,"0.438809457557523",-0.0243323532687902,0.83349619832291
"390331",NA,NA,NA,NA,NA,NA,NA,NA,0,NA,NA,"NaN",-0.0243323532687902,0.83349619832291
"390332",NA,NA,NA,NA,NA,0.041087213673479,0.602545779130663,NA,2,0.5,0.321816496402071,"0.415297454706275",-0.0243323532687902,0.83349619832291
"390333",NA,NA,NA,NA,NA,NA,NA,NA,0,NA,NA,"NaN",-0.0243323532687902,0.83349619832291
"390334",-0.565127852516469,-1.15827032806072,-0.777293794846408,NA,1.14814598108083,0.553187575025493,0.139697301553347,NA,6,0.166666666666667,-0.10994351962732,"-0.102713325544603",-0.0243323532687902,0.83349619832291
"390335",0.881367170245933,0.947469619040956,NA,NA,NA,0.941918303869977,0.705400996370067,0.158839446750041,5,0.2,0.726999107255395,"0.901421580609426",-0.0243323532687902,0.83349619832291
"390336",-0.440940962757355,0.947469619040956,NA,NA,NA,0.941918303869977,0.653973387750365,NA,4,0.25,0.525605086975986,"0.659795979095422",-0.0243323532687902,0.83349619832291
"390337",NA,NA,NA,NA,NA,-0.394198093475733,0.139697301553347,NA,2,0.5,-0.127250395961193,"-0.123477519033063",-0.0243323532687902,0.83349619832291
"390338",NA,NA,NA,NA,NA,-1.84204547875279,0.345407736032154,-0.390059329610375,3,0.333333333333333,-0.628899024110338,"-0.725338246362737",-0.0243323532687902,0.83349619832291
"390339",-1.20723052115734,0.947469619040956,-2.6127410894312,NA,1.14814598108083,0.609053068991168,0.551118170510961,NA,6,0.166666666666667,-0.0940307951607695,"-0.0836217873965359",-0.0243323532687902,0.83349619832291
"391300",NA,NA,NA,NA,NA,-1.32761738848554,NA,NA,1,1,-1.32761738848554,"-1.56363644829948",-0.0243323532687902,0.83349619832291
"391301",NA,0.947469619040956,NA,NA,NA,-2.47053228586663,NA,NA,2,0.5,-0.761531333412836,"-0.88446591793385",-0.0243323532687902,0.83349619832291
"391302",NA,NA,NA,NA,NA,NA,NA,NA,0,NA,NA,"NaN",-0.0243323532687902,0.83349619832291
"391303",NA,NA,NA,NA,NA,NA,NA,NA,0,NA,NA,"NaN",-0.0243323532687902,0.83349619832291
"391304",NA,NA,NA,NA,NA,NA,NA,NA,0,NA,NA,"NaN",-0.0243323532687902,0.83349619832291
"391305",NA,NA,NA,NA,NA,0.941918303869977,NA,NA,1,1,0.941918303869977,"1.15927422234555",-0.0243323532687902,0.83349619832291
"391306",NA,NA,NA,NA,NA,NA,NA,NA,0,NA,NA,"NaN",-0.0243323532687902,0.83349619832291
"391307",NA,NA,NA,NA,NA,NA,NA,NA,0,NA,NA,"NaN",-0.0243323532687902,0.83349619832291
"391308",NA,NA,NA,NA,NA,NA,NA,NA,0,NA,NA,"NaN",-0.0243323532687902,0.83349619832291
"391309",NA,NA,NA,NA,NA,NA,NA,NA,0,NA,NA,"NaN",-0.0243323532687902,0.83349619832291
"391312",NA,NA,NA,NA,NA,0.941918303869977,NA,NA,1,1,0.941918303869977,"1.15927422234555",-0.0243323532687902,0.83349619832291
"391313",NA,0.947469619040956,NA,NA,NA,-0.931903472895348,NA,0.982187611290668,3,0.333333333333333,0.332584585812092,"0.428216637099293",-0.0243323532687902,0.83349619832291
"391314",NA,0.947469619040956,NA,NA,NA,-3.52732121338397,NA,NA,2,0.5,-1.28992579717151,"-1.51841537663787",-0.0243323532687902,0.83349619832291
"391315",NA,0.947469619040956,NA,NA,NA,NA,NA,NA,1,1,0.947469619040956,"1.16593449887969",-0.0243323532687902,0.83349619832291
"391316",NA,NA,NA,NA,NA,-0.39652582239097,NA,0.707738223110458,2,0.5,0.155606200359744,"0.215884072405599",-0.0243323532687902,0.83349619832291
"391317",NA,NA,NA,NA,NA,NA,NA,NA,0,NA,NA,"NaN",-0.0243323532687902,0.83349619832291
"400001",NA,NA,NA,NA,NA,NA,NA,-0.115609941430166,1,1,-0.115609941430166,"-0.109511703046801",-0.0243323532687902,0.83349619832291
"400003",NA,NA,NA,NA,NA,NA,NA,NA,0,NA,NA,"NaN",-0.0243323532687902,0.83349619832291
"400004",NA,0.947469619040956,NA,NA,NA,NA,NA,NA,1,1,0.947469619040956,"1.16593449887969",-0.0243323532687902,0.83349619832291
"400005",NA,NA,NA,NA,NA,NA,NA,NA,0,NA,NA,"NaN",-0.0243323532687902,0.83349619832291
"400006",NA,0.947469619040956,NA,NA,NA,0.941918303869977,NA,NA,2,0.5,0.944693961455466,"1.16260436061262",-0.0243323532687902,0.83349619832291
"400007",-0.265950345369514,0.66324835283623,NA,NA,NA,0.422834755772253,NA,NA,3,0.333333333333333,0.273377587746323,"0.357182122262993",-0.0243323532687902,0.83349619832291
"400010",NA,NA,NA,NA,NA,NA,NA,NA,0,NA,NA,"NaN",-0.0243323532687902,0.83349619832291
"400011",NA,NA,NA,NA,NA,NA,NA,NA,0,NA,NA,"NaN",-0.0243323532687902,0.83349619832291
"400012",NA,NA,NA,NA,NA,NA,NA,NA,0,NA,NA,"NaN",-0.0243323532687902,0.83349619832291
"400013",0.576544804473563,0.947469619040956,NA,NA,NA,NA,NA,NA,2,0.5,0.762007211757259,"0.943423097319766",-0.0243323532687902,0.83349619832291
"400014",-5.53683708685007,0.947469619040956,NA,NA,NA,0.941918303869977,NA,0.43328883493025,4,0.25,-0.803540082252222,"-0.934866566339819",-0.0243323532687902,0.83349619832291
"400015",-14.6264706884234,-12.5056703146494,NA,NA,NA,NA,NA,NA,2,0.5,-13.5660705015364,"-16.2469105144272",-0.0243323532687902,0.83349619832291
"400016",-0.360501727345202,-0.0732243621093474,NA,NA,1.14814598108083,0.231960984722866,NA,2.0799851640115,5,0.2,0.60527320807213,"0.755379043848981",-0.0243323532687902,0.83349619832291
"400018",NA,NA,NA,NA,NA,NA,NA,NA,0,NA,NA,"NaN",-0.0243323532687902,0.83349619832291
"400019",-3.9252299492943,-2.13248787574358,NA,NA,NA,NA,NA,NA,2,0.5,-3.02885891251894,"-3.60472737043745",-0.0243323532687902,0.83349619832291
"400021",0.881367170245933,0.343275983964244,NA,NA,1.14814598108083,-1.52081888845017,NA,-0.527284023700479,5,0.2,0.0649372446280733,"0.107102585562459",-0.0243323532687902,0.83349619832291
"400022",-3.30570671515509,-0.852598400255638,NA,NA,-2.05985345819399,0.0201376534363511,NA,NA,4,0.25,-1.54950523004209,"-1.82984982995978",-0.0243323532687902,0.83349619832291
"400032",-10.0738922070268,-0.972364594190963,NA,NA,NA,NA,NA,NA,2,0.5,-5.52312840060887,"-6.59726590043756",-0.0243323532687902,0.83349619832291
"40003F",0.00218043933766326,-0.141151457177144,NA,NA,NA,NA,-4.64307030007893,0.844962917200563,4,0.25,-0.984269600179461,"-1.15169961043875",-0.0243323532687902,0.83349619832291
"400044",NA,-10.4195934740147,NA,NA,NA,NA,NA,NA,1,1,-10.4195934740147,"-12.4718758665755",-0.0243323532687902,0.83349619832291
"400048",NA,NA,NA,NA,NA,NA,NA,NA,0,NA,NA,"NaN",-0.0243323532687902,0.83349619832291
"400061",-14.4980501546952,-4.56177530198397,NA,NA,NA,NA,NA,NA,2,0.5,-9.52991272833958,"-11.4044675838919",-0.0243323532687902,0.83349619832291
"400079",NA,NA,NA,NA,NA,NA,NA,NA,0,NA,NA,"NaN",-0.0243323532687902,0.83349619832291
"400087",-8.6598551213605,-2.3058807236798,NA,NA,NA,NA,NA,NA,2,0.5,-5.48286792252015,"-6.54896276699829",-0.0243323532687902,0.83349619832291
"400098",NA,NA,NA,NA,NA,NA,NA,NA,0,NA,NA,"NaN",-0.0243323532687902,0.83349619832291
"400102",-4.72679987410312,0.947469619040956,NA,NA,NA,0.941918303869977,NA,NA,3,0.333333333333333,-0.945803983730731,"-1.10554989010873",-0.0243323532687902,0.83349619832291
"400103",NA,NA,NA,NA,NA,NA,NA,NA,0,NA,NA,"NaN",-0.0243323532687902,0.83349619832291
"400104",0.881367170245933,0.811615428905363,NA,NA,NA,NA,NA,NA,2,0.5,0.846491299575648,"1.0447841928933",-0.0243323532687902,0.83349619832291
"400105",NA,0.947469619040956,NA,NA,NA,NA,NA,NA,1,1,0.947469619040956,"1.16593449887969",-0.0243323532687902,0.83349619832291
"400106",NA,NA,NA,NA,NA,NA,NA,NA,0,NA,NA,"NaN",-0.0243323532687902,0.83349619832291
"400109",-0.349212010094374,0.529181717834001,NA,NA,NA,NA,NA,NA,2,0.5,0.0899848538698138,"0.137153843495175",-0.0243323532687902,0.83349619832291
"400110",NA,NA,NA,NA,NA,NA,NA,NA,0,NA,NA,"NaN",-0.0243323532687902,0.83349619832291
"400111",0.881367170245933,0.504155945966918,NA,NA,NA,NA,NA,NA,2,0.5,0.692761558106425,"0.860344549642927",-0.0243323532687902,0.83349619832291
"400112",NA,NA,NA,NA,NA,NA,NA,NA,0,NA,NA,"NaN",-0.0243323532687902,0.83349619832291
"400113",NA,NA,NA,NA,NA,NA,NA,NA,0,NA,NA,"NaN",-0.0243323532687902,0.83349619832291
"400114",0.881367170245933,0.947469619040956,NA,NA,1.14814598108083,0.655607647295896,NA,NA,4,0.25,0.908147604415905,"1.11875730154613",-0.0243323532687902,0.83349619832291
"400115",-9.44731289960579,-0.698868658786416,NA,NA,NA,NA,NA,NA,2,0.5,-5.0730907791961,"-6.05732627945514",-0.0243323532687902,0.83349619832291
"400117",0.881367170245933,0.947469619040956,NA,NA,NA,NA,NA,NA,2,0.5,0.914418394643444,"1.1262807794458",-0.0243323532687902,0.83349619832291
"400118",-0.572183925798237,0.947469619040956,NA,NA,1.14814598108083,0.941918303869977,NA,NA,4,0.25,0.616337494548383,"0.768653593269261",-0.0243323532687902,0.83349619832291
"400120",NA,NA,NA,NA,NA,NA,NA,NA,0,NA,NA,"NaN",-0.0243323532687902,0.83349619832291
"400122",NA,NA,NA,NA,NA,NA,NA,NA,0,NA,NA,"NaN",-0.0243323532687902,0.83349619832291
"400123",-2.61703396285455,-4.01478343117488,NA,NA,NA,NA,NA,NA,2,0.5,-3.31590869701471,"-3.94911980446816",-0.0243323532687902,0.83349619832291
"400124",NA,NA,NA,NA,NA,NA,NA,NA,0,NA,NA,"NaN",-0.0243323532687902,0.83349619832291
"400126",NA,NA,NA,NA,NA,NA,NA,NA,0,NA,NA,"NaN",-0.0243323532687902,0.83349619832291
"400127",-9.787415631787,-2.37559537388096,NA,NA,-5.04500586539893,0.411196111196071,NA,NA,4,0.25,-4.1992051899677,"-5.00886848086319",-0.0243323532687902,0.83349619832291
"400128",NA,NA,NA,NA,NA,NA,NA,NA,0,NA,NA,"NaN",-0.0243323532687902,0.83349619832291
"400132",NA,NA,NA,NA,NA,NA,NA,NA,0,NA,NA,"NaN",-0.0243323532687902,0.83349619832291
"400135",-0.617342794801551,0.947469619040956,NA,NA,NA,NA,NA,NA,2,0.5,0.165063412119702,"0.227230508992817",-0.0243323532687902,0.83349619832291
"400137",-1.18041744268662,0.947469619040956,NA,NA,1.14814598108083,0.941918303869977,NA,NA,4,0.25,0.464279115326286,"0.586219192814819",-0.0243323532687902,0.83349619832291
"400138",NA,NA,NA,NA,NA,NA,NA,NA,0,NA,NA,"NaN",-0.0243323532687902,0.83349619832291
"410004",0.881367170245933,0.166308025761302,1.19846070322458,NA,1.14814598108083,0.227305526892393,0.653973387750365,NA,6,0.166666666666667,0.712593465825901,"0.884138188725361",-0.0243323532687902,0.83349619832291
"410005",0.881367170245933,-0.210866107378303,NA,NA,-0.474978670413324,0.941918303869977,0.602545779130663,NA,5,0.2,0.347997295090989,"0.446708274265617",-0.0243323532687902,0.83349619832291
"410006",0.881367170245933,-0.37353362451434,NA,NA,NA,0.625347171397823,-0.374578784643672,0.296064140840146,5,0.2,0.210933214665178,"0.282263516507153",-0.0243323532687902,0.83349619832291
"410007",-0.294174638496585,-0.153664343110685,0.0530957768066167,NA,0.181921162927037,0.397229737704653,1.27110469118679,NA,6,0.166666666666667,0.242585397836304,"0.320238714516231",-0.0243323532687902,0.83349619832291
"410008",NA,-0.475424267116034,NA,NA,NA,-0.659559189812686,-1.30027573979831,0.158839446750041,4,0.25,-0.569104937494246,"-0.653599362926431",-0.0243323532687902,0.83349619832291
"410009",-0.782454909594917,-1.37098938893092,-0.00130905719823656,NA,0.00896525743995486,-0.571105491033702,-0.426006393263374,0.707738223110458,7,0.142857142857143,-0.347880251352963,"-0.388181612267924",-0.0243323532687902,0.83349619832291
"410010",0.291479443890144,NA,NA,0.644655762942568,0.146997374319069,0.941918303869977,-0.014585524305759,NA,5,0.2,0.4020930721432,"0.511610522363518",-0.0243323532687902,0.83349619832291
"410011",0.881367170245933,0.0304538356257095,NA,NA,-0.328631365770408,-0.850432960862073,0.448262953271558,NA,5,0.2,0.0362039265021437,"0.0726293411928451",-0.0243323532687902,0.83349619832291
"410012",0.477759778528814,-0.706018879319868,0.405295491680141,NA,0.374833519047245,0.215666882316211,1.06539425670798,1.66831108174119,7,0.142857142857143,0.500177447243101,"0.62928877368279",-0.0243323532687902,0.83349619832291
"410013",-0.168576534081118,0.947469619040956,-1.22684952846546,NA,NA,0.578792593093094,0.756828604989769,NA,5,0.2,0.177532950915448,"0.242191031693264",-0.0243323532687902,0.83349619832291
"41005F",0.881367170245933,-0.834722848922008,NA,NA,NA,NA,0.756828604989769,1.11941230538077,4,0.25,0.480721307923616,"0.605945968570262",-0.0243323532687902,0.83349619832291
"420002",0.527152291501188,0.314675101830435,0.575668524484813,NA,0.574398025378494,0.755699990651063,-1.50598617427711,-1.76230627051142,7,0.142857142857143,-0.0743855015632195,"-0.060052041503179",-0.0243323532687902,0.83349619832291
"420004",-0.158698031486643,-0.353870518047347,-0.70857189926133,-0.939873122019074,-0.00600208053488864,-0.531534099474683,-2.48311073805145,-1.213407494151,8,0.125,-0.799383497878302,"-0.929879639726016",-0.0243323532687902,0.83349619832291
"420005",NA,NA,NA,NA,NA,0.941918303869977,-0.014585524305759,NA,2,0.5,0.463666389782109,"0.585484065833544",-0.0243323532687902,0.83349619832291
"420007",0.642871893322181,0.134132033360767,0.174790800238526,0.254900428715043,-0.436728806699834,-0.072971503173106,1.06539425670798,-2.86010382323225,8,0.125,-0.137214340095087,"-0.135431915650519",-0.0243323532687902,0.83349619832291
"420009",-1.07034269949104,-0.341357632113805,0.409590610154208,NA,0.363192256177922,0.567153948516912,-0.0660131329254609,-0.390059329610375,7,0.142857142857143,-0.0754051398988061,"-0.0612753684213321",-0.0243323532687902,0.83349619832291
"420010",NA,NA,1.19846070322458,NA,NA,-0.105559707986416,-0.631716827742182,NA,3,0.333333333333333,0.153728055831995,"0.213630739359175",-0.0243323532687902,0.83349619832291
"420011",NA,NA,NA,NA,NA,NA,0.0368420843139429,NA,1,1,0.0368420843139429,"0.0733949809319144",-0.0243323532687902,0.83349619832291
"420015",0.881367170245933,-0.239466989512111,-2.29060720387614,NA,-0.303685802479002,-0.221946153748237,0.0368420843139429,NA,6,0.166666666666667,-0.35624948250927,"-0.39822272724019",-0.0243323532687902,0.83349619832291
"420018",0.0558065962790987,-0.053561255642354,-0.649871946782409,0.529361645749609,-0.198914436655096,0.557843032855966,-0.785999653601287,NA,7,0.142857142857143,-0.077905145399496,"-0.0642747888214732",-0.0243323532687902,0.83349619832291
"420019",NA,NA,NA,NA,NA,0.941918303869977,0.242552518792751,NA,2,0.5,0.592235411331364,"0.739736744859496",-0.0243323532687902,0.83349619832291
"420020",NA,NA,NA,NA,-2.10641850967128,0.378607906382761,0.396835344651856,NA,3,0.333333333333333,-0.443658419545556,"-0.503092956057266",-0.0243323532687902,0.83349619832291
"420023",-0.0980158012634396,0.573870596168078,-0.903283936752384,0.308976430584307,-1.11192205312056,0.711473141261571,1.01396664808828,-0.25283463552027,8,0.125,0.0302787986806974,"0.0655205771296515",-0.0243323532687902,0.83349619832291
"420026",-0.744352113873371,-0.557651803250735,0.547034401324364,NA,-0.677869251850094,0.271532376281886,-1.40313095703771,0.296064140840146,7,0.142857142857143,-0.324053315366502,"-0.359594876018373",-0.0243323532687902,0.83349619832291
"420027",0.33381588358075,0.139494698760856,-1.23114464693953,0.413047226634588,0.695799766730003,-0.566450033203229,1.16824947394738,NA,7,0.142857142857143,0.136116052787261,"0.192500465363719",-0.0243323532687902,0.83349619832291
"420030",NA,0.947469619040956,NA,NA,NA,-0.78060109340498,-0.374578784643672,-0.527284023700479,4,0.25,-0.183748570677044,"-0.191262081013708",-0.0243323532687902,0.83349619832291
"420033",0.881367170245933,0.947469619040956,NA,0.145728123054453,1.14814598108083,0.227305526892393,0.139697301553347,NA,6,0.166666666666667,0.581618953644653,"0.726999484979879",-0.0243323532687902,0.83349619832291
"420036",0.881367170245933,0.947469619040956,1.19846070322458,NA,NA,0.941918303869977,0.859683822229173,NA,5,0.2,0.965779923722124,"1.18790257110126",-0.0243323532687902,0.83349619832291
"420037",NA,NA,-2.73157270054706,NA,NA,-0.1684083886978,0.0882696929336448,NA,3,0.333333333333333,-0.937237132103738,"-1.09527167690965",-0.0243323532687902,0.83349619832291
"420038",NA,NA,NA,NA,NA,0.520599370212183,0.293980127412452,NA,2,0.5,0.407289748812318,"0.517845315850968",-0.0243323532687902,0.83349619832291
"420043",NA,NA,NA,NA,NA,-0.557139117542283,0.191124910173049,NA,2,0.5,-0.183007103684617,"-0.190372494481797",-0.0243323532687902,0.83349619832291
"420048",0.881367170245933,0.947469619040956,NA,NA,NA,-1.48590295472162,-0.58028921912248,0.707738223110458,5,0.2,0.0940765677106496,"0.142062940680104",-0.0243323532687902,0.83349619832291
"420049",0.00923651261943108,0.185971132228295,0.12468108470774,1.12011645862327,0.401442119891411,0.341364243738978,-0.528861610502778,NA,7,0.142857142857143,0.236278563043763,"0.312671991590283",-0.0243323532687902,0.83349619832291
"420051",0.356395318082407,-0.119700795576787,-0.69139142536506,NA,-0.711130002905302,0.266876918451413,-0.374578784643672,0.707738223110458,7,0.142857142857143,-0.0808272212637919,"-0.0677805946909846",-0.0243323532687902,0.83349619832291
"420053",NA,NA,NA,NA,NA,0.941918303869977,0.653973387750365,1.80553577583129,3,0.333333333333333,1.13380915581721,"1.38949825016157",-0.0243323532687902,0.83349619832291
"420055",NA,NA,NA,NA,NA,NA,NA,NA,0,NA,NA,"NaN",-0.0243323532687902,0.83349619832291
"420065",-0.119184021108743,-5.32148623366327,-0.366394127493963,1.12011645862327,-1.91516919110384,0.471717062992218,1.01396664808828,NA,7,0.142857142857143,-0.730919057666579,"-0.847738364997372",-0.0243323532687902,0.83349619832291
"420067",-1.61930520081258,0.175245801428117,0.512673453531825,NA,-0.183947098680252,0.106263623300099,-0.374578784643672,0.296064140840146,7,0.142857142857143,-0.155369152148045,"-0.157213433178119",-0.0243323532687902,0.83349619832291
"420070",0.881367170245933,0.947469619040956,0.275010231300097,NA,1.14814598108083,0.774321821972954,0.705400996370067,NA,6,0.166666666666667,0.78861930333514,"0.97535136721641",-0.0243323532687902,0.83349619832291
"420071",0.59912423897522,0.636435025835784,0.153315207868189,NA,1.14814598108083,0.115574538961045,0.0882696929336448,0.43328883493025,7,0.142857142857143,0.45345050294071,"0.573227397042547",-0.0243323532687902,0.83349619832291
"420072",NA,NA,NA,NA,NA,NA,0.0882696929336448,NA,1,1,0.0882696929336448,"0.135096052542295",-0.0243323532687902,0.83349619832291
"420073",0.692264406294555,0.0626298280262445,0.443951557946747,0.732401728239864,0.729060517785212,0.387918822043707,0.602545779130663,0.0216147526599381,8,0.125,0.459048424015866,"0.579943589733552",-0.0243323532687902,0.83349619832291
"420078",-0.0415672150092972,-0.0624990313091691,0.153315207868189,-0.0695555825005414,0.228486214404329,0.166784575096246,0.345407736032154,NA,7,0.142857142857143,0.10291027208313,"0.152661314602211",-0.0243323532687902,0.83349619832291
"420079",-0.521380198169508,-0.153664343110685,0.247807814297671,0.365093036297694,-0.669554064086291,0.0876417919782077,0.962539039468576,-1.76230627051142,8,0.125,-0.180477899229469,"-0.18733804218287",-0.0243323532687902,0.83349619832291
"420080",NA,0.947469619040956,-0.634123179044162,NA,NA,0.00384355102969613,0.602545779130663,-0.115609941430166,5,0.2,0.160825165745397,"0.222145607126638",-0.0243323532687902,0.83349619832291
"420082",0.881367170245933,0.0715676036930597,-0.808791330322902,1.12011645862327,0.700788879388285,0.443784316009381,-1.0945653053195,-1.3506321882411,8,0.125,-0.00454554949044722,"0.0237395249290354",-0.0243323532687902,0.83349619832291
"420085",0.199750491227162,0.350426204497696,-0.400755075286502,NA,-0.598043449317594,0.758027719566299,0.293980127412452,-1.89953096460152,7,0.142857142857143,-0.185163563786001,"-0.192959740957213",-0.0243323532687902,0.83349619832291
"420086",-0.0782587960744899,0.155582694961123,-0.0685992466252921,-1.56837910600901,0.443018058710421,0.525254828042656,1.42538751704589,0.844962917200563,8,0.125,0.209871108406483,"0.280989238039139",-0.0243323532687902,0.83349619832291
"420087",0.627348532102291,-1.15469521779399,0.866304874563372,1.12011645862327,-1.85862591430998,-0.32436622601864,1.27110469118679,-1.48785688233121,8,0.125,-0.117583710497264,"-0.111879763118423",-0.0243323532687902,0.83349619832291
"420089",NA,NA,NA,NA,NA,-0.0799546899188153,-0.014585524305759,-1.89953096460152,3,0.333333333333333,-0.664690392942032,"-0.768279496609241",-0.0243323532687902,0.83349619832291
"420091",-0.893940867446849,-1.33523828626366,0.524127102796005,NA,-0.198914436655096,-0.203324322426346,-0.271723567404269,NA,6,0.166666666666667,-0.39650239623337,"-0.446516785215611",-0.0243323532687902,0.83349619832291
"420098",NA,NA,1.19846070322458,NA,1.14814598108083,-0.799222924726872,0.0882696929336448,-1.213407494151,5,0.2,0.084449191672238,"0.130512346858821",-0.0243323532687902,0.83349619832291
"420101",NA,NA,0.285032174406255,NA,NA,0.271532376281886,0.345407736032154,NA,3,0.333333333333333,0.300657428906765,"0.389911535084949",-0.0243323532687902,0.83349619832291
"420102",NA,NA,NA,NA,NA,0.941918303869977,0.345407736032154,0.570513529020354,3,0.333333333333333,0.619279856307495,"0.77218373745592",-0.0243323532687902,0.83349619832291
"420103",0.881367170245933,NA,0.574236818326791,NA,NA,-1.54409617760253,0.396835344651856,NA,4,0.25,0.0770857889055124,"0.121677990107654",-0.0243323532687902,0.83349619832291
"420104",NA,NA,0.863441462247327,NA,NA,-0.131164726054017,0.49969056189126,0.158839446750041,4,0.25,0.347701686208653,"0.446353612921113",-0.0243323532687902,0.83349619832291
"420105",-0.872772647601546,-0.840085514322097,0.829080514454788,NA,0.165290787399433,0.441456587094145,1.11682186532768,0.570513529020354,7,0.142857142857143,0.201472160196108,"0.270912469570039",-0.0243323532687902,0.83349619832291
"420106",-1.68139864569214,NA,NA,NA,-0.436728806699834,-0.477996334424245,1.01396664808828,NA,4,0.25,-0.395539284681984,"-0.445361277184114",-0.0243323532687902,0.83349619832291
"420107",NA,-2.46139802028239,NA,NA,NA,0.941918303869977,0.293980127412452,NA,3,0.333333333333333,-0.408499862999985,"-0.460910932172438",-0.0243323532687902,0.83349619832291
"420108",NA,NA,NA,NA,NA,NA,NA,NA,0,NA,NA,"NaN",-0.0243323532687902,0.83349619832291
"420109",NA,NA,NA,NA,NA,0.243599629299048,0.293980127412452,NA,2,0.5,0.26878987835575,"0.351677946719297",-0.0243323532687902,0.83349619832291
"420110",NA,NA,NA,NA,NA,-0.738701972930725,0.756828604989769,0.43328883493025,3,0.333333333333333,0.150471822329765,"0.209724022677345",-0.0243323532687902,0.83349619832291
"42011F",NA,0.947469619040956,NA,NA,NA,NA,0.962539039468576,0.707738223110458,3,0.333333333333333,0.87258229387333,"1.07608726824047",-0.0243323532687902,0.83349619832291
"42029F",0.362040176707822,-0.341357632113805,NA,NA,NA,NA,1.11682186532768,1.11941230538077,4,0.25,0.564229178825618,"0.706135832747241",-0.0243323532687902,0.83349619832291
"421300",NA,NA,NA,NA,NA,NA,NA,NA,0,NA,NA,"NaN",-0.0243323532687902,0.83349619832291
"421301",NA,NA,NA,NA,NA,NA,NA,NA,0,NA,NA,"NaN",-0.0243323532687902,0.83349619832291
"421304",NA,NA,NA,NA,NA,NA,NA,NA,0,NA,NA,"NaN",-0.0243323532687902,0.83349619832291
"430005",NA,NA,0.343732126885175,NA,NA,-1.42305427401023,-1.60884139151652,0.296064140840146,4,0.25,-0.598024849450358,"-0.688296476139787",-0.0243323532687902,0.83349619832291
"430008",NA,NA,NA,NA,NA,-2.41466679190095,0.0882696929336448,0.707738223110458,3,0.333333333333333,-0.53955295861895,"-0.618143917616953",-0.0243323532687902,0.83349619832291
"430012",NA,-2.53111267048354,NA,NA,NA,-0.489634979000427,0.653973387750365,-1.3506321882411,4,0.25,-0.929351612493677,"-1.08581090237231",-0.0243323532687902,0.83349619832291
"430014",NA,0.947469619040956,1.19846070322458,NA,NA,-1.38348288245122,-0.32315117602397,-0.527284023700479,5,0.2,-0.0175975519820256,"0.00808018236953667",-0.0243323532687902,0.83349619832291
"430015",NA,NA,NA,NA,NA,-0.468685418763299,-0.374578784643672,-1.213407494151,3,0.333333333333333,-0.685557232519323,"-0.793314811250482",-0.0243323532687902,0.83349619832291
"430016",-0.294174638496585,0.0554796074927923,0.329415065304951,0.630371536033706,0.439691983604901,-0.280139376629148,-0.168868350164865,-1.3506321882411,8,0.125,-0.0798570451369189,"-0.0666166108254013",-0.0243323532687902,0.83349619832291
"430027",0.442479412119975,-0.0660741415758952,0.013008004381988,0.0528806481468487,-0.0575562446704613,-0.0962487923254703,1.83680838600351,0.158839446750041,8,0.125,0.285517089853817,"0.37174667832446",-0.0243323532687902,0.83349619832291
"43002F",NA,NA,NA,NA,NA,NA,0.191124910173049,NA,1,1,0.191124910173049,"0.258498195763056",-0.0243323532687902,0.83349619832291
"430048",NA,NA,NA,NA,NA,NA,0.242552518792751,NA,1,1,0.242552518792751,"0.320199267373437",-0.0243323532687902,0.83349619832291
"43005F",NA,NA,NA,NA,NA,NA,-0.014585524305759,1.39386169356098,2,0.5,0.68963808462761,"0.856597113859656",-0.0243323532687902,0.83349619832291
"430077",0.469292490590692,-0.100037689109793,-0.196021094689291,NA,0.418072495419015,-0.124181539308307,-0.785999653601287,0.570513529020354,7,0.142857142857143,0.0359483626173406,"0.0723227244556394",-0.0243323532687902,0.83349619832291
"430084",NA,NA,NA,NA,NA,NA,NA,NA,0,NA,NA,"NaN",-0.0243323532687902,0.83349619832291
"430089",NA,NA,NA,NA,NA,NA,0.49969056189126,-2.58565443505204,2,0.5,-1.04298193658039,"-1.22214064726539",-0.0243323532687902,0.83349619832291
"430090",NA,NA,NA,NA,NA,NA,0.705400996370067,0.570513529020354,2,0.5,0.637957262695211,"0.794592245647435",-0.0243323532687902,0.83349619832291
"430091",NA,NA,NA,NA,NA,NA,1.11682186532768,1.66831108174119,2,0.5,1.39256647353443,"1.6999463580688",-0.0243323532687902,0.83349619832291
"430093",NA,NA,NA,NA,NA,NA,NA,NA,0,NA,NA,"NaN",-0.0243323532687902,0.83349619832291
"430095",NA,NA,NA,NA,NA,0.941918303869977,0.345407736032154,NA,2,0.5,0.643663019951065,"0.801437816469876",-0.0243323532687902,0.83349619832291
"430097",NA,NA,NA,NA,NA,0.941918303869977,0.242552518792751,NA,2,0.5,0.592235411331364,"0.739736744859496",-0.0243323532687902,0.83349619832291
"430098",NA,NA,NA,NA,NA,NA,NA,NA,0,NA,NA,"NaN",-0.0243323532687902,0.83349619832291
"431300",NA,NA,NA,NA,NA,NA,NA,NA,0,NA,NA,"NaN",-0.0243323532687902,0.83349619832291
"431301",NA,NA,NA,NA,NA,NA,NA,NA,0,NA,NA,"NaN",-0.0243323532687902,0.83349619832291
"431302",NA,NA,NA,NA,NA,NA,NA,NA,0,NA,NA,"NaN",-0.0243323532687902,0.83349619832291
"431305",NA,NA,NA,NA,NA,NA,NA,NA,0,NA,NA,"NaN",-0.0243323532687902,0.83349619832291
"431306",NA,NA,NA,NA,NA,NA,NA,NA,0,NA,NA,"NaN",-0.0243323532687902,0.83349619832291
"431307",NA,NA,NA,NA,NA,NA,NA,NA,0,NA,NA,"NaN",-0.0243323532687902,0.83349619832291
"431308",NA,NA,NA,NA,NA,NA,NA,NA,0,NA,NA,"NaN",-0.0243323532687902,0.83349619832291
"431309",NA,NA,NA,NA,NA,NA,NA,NA,0,NA,NA,"NaN",-0.0243323532687902,0.83349619832291
"431310",NA,NA,NA,NA,NA,NA,NA,NA,0,NA,NA,"NaN",-0.0243323532687902,0.83349619832291
"431311",NA,NA,NA,NA,NA,NA,NA,NA,0,NA,NA,"NaN",-0.0243323532687902,0.83349619832291
"431312",NA,NA,NA,NA,NA,NA,NA,NA,0,NA,NA,"NaN",-0.0243323532687902,0.83349619832291
"431313",NA,NA,NA,NA,NA,NA,NA,NA,0,NA,NA,"NaN",-0.0243323532687902,0.83349619832291
"431314",NA,NA,NA,NA,NA,NA,NA,NA,0,NA,NA,"NaN",-0.0243323532687902,0.83349619832291
"431315",NA,NA,NA,NA,NA,NA,NA,NA,0,NA,NA,"NaN",-0.0243323532687902,0.83349619832291
"431316",NA,NA,NA,NA,NA,NA,NA,NA,0,NA,NA,"NaN",-0.0243323532687902,0.83349619832291
"431317",NA,NA,NA,NA,NA,NA,NA,NA,0,NA,NA,"NaN",-0.0243323532687902,0.83349619832291
"431318",NA,NA,NA,NA,NA,NA,NA,NA,0,NA,NA,"NaN",-0.0243323532687902,0.83349619832291
"431319",NA,NA,NA,NA,NA,NA,NA,NA,0,NA,NA,"NaN",-0.0243323532687902,0.83349619832291
"431320",NA,NA,NA,NA,NA,NA,NA,NA,0,NA,NA,"NaN",-0.0243323532687902,0.83349619832291
"431321",NA,NA,NA,NA,NA,-2.40768360515524,NA,NA,1,1,-2.40768360515524,"-2.85946265463722",-0.0243323532687902,0.83349619832291
"431322",NA,NA,NA,NA,NA,NA,NA,NA,0,NA,NA,"NaN",-0.0243323532687902,0.83349619832291
"431323",NA,NA,NA,NA,NA,NA,NA,NA,0,NA,NA,"NaN",-0.0243323532687902,0.83349619832291
"431324",NA,NA,NA,NA,NA,NA,NA,NA,0,NA,NA,"NaN",-0.0243323532687902,0.83349619832291
"431325",NA,NA,NA,NA,NA,NA,NA,NA,0,NA,NA,"NaN",-0.0243323532687902,0.83349619832291
"431326",NA,NA,NA,NA,NA,NA,NA,NA,0,NA,NA,"NaN",-0.0243323532687902,0.83349619832291
"431327",NA,NA,NA,NA,NA,NA,NA,NA,0,NA,NA,"NaN",-0.0243323532687902,0.83349619832291
"431328",NA,NA,NA,NA,NA,NA,NA,NA,0,NA,NA,"NaN",-0.0243323532687902,0.83349619832291
"431329",NA,NA,NA,NA,NA,NA,NA,NA,0,NA,NA,"NaN",-0.0243323532687902,0.83349619832291
"431330",NA,NA,NA,NA,NA,NA,NA,NA,0,NA,NA,"NaN",-0.0243323532687902,0.83349619832291
"431331",NA,NA,NA,NA,NA,NA,NA,NA,0,NA,NA,"NaN",-0.0243323532687902,0.83349619832291
"431332",NA,NA,NA,NA,NA,NA,NA,NA,0,NA,NA,"NaN",-0.0243323532687902,0.83349619832291
"431333",NA,NA,NA,NA,NA,NA,NA,NA,0,NA,NA,"NaN",-0.0243323532687902,0.83349619832291
"431334",NA,NA,NA,NA,NA,NA,NA,NA,0,NA,NA,"NaN",-0.0243323532687902,0.83349619832291
"431335",NA,NA,NA,NA,NA,NA,NA,NA,0,NA,NA,"NaN",-0.0243323532687902,0.83349619832291
"431336",NA,NA,NA,NA,NA,NA,NA,NA,0,NA,NA,"NaN",-0.0243323532687902,0.83349619832291
"431337",NA,NA,NA,NA,NA,NA,NA,NA,0,NA,NA,"NaN",-0.0243323532687902,0.83349619832291
"431338",NA,NA,NA,NA,NA,NA,NA,NA,0,NA,NA,"NaN",-0.0243323532687902,0.83349619832291
"431339",NA,NA,NA,NA,NA,NA,NA,NA,0,NA,NA,"NaN",-0.0243323532687902,0.83349619832291
"431340",NA,NA,NA,NA,NA,NA,NA,1.11941230538077,1,1,1.11941230538077,"1.37222540540786",-0.0243323532687902,0.83349619832291
"431383",NA,NA,NA,NA,NA,NA,NA,NA,0,NA,NA,"NaN",-0.0243323532687902,0.83349619832291
"440002",0.419899977618318,0.484492839499925,-1.74369545151157,NA,-0.850825157337176,0.120229996791518,0.653973387750365,NA,6,0.166666666666667,-0.152654067864769,"-0.153955968670496",-0.0243323532687902,0.83349619832291
"440003",0.881367170245933,0.947469619040956,0.401000373206073,NA,-1.02544410037702,0.567153948516912,-1.40313095703771,NA,6,0.166666666666667,0.0614026755991909,"0.102861931512693",-0.0243323532687902,0.83349619832291
"440006",-0.409894240317577,0.430866185499033,0.778970798924002,NA,-1.59586598097384,0.485683436483637,0.396835344651856,-0.527284023700479,7,0.142857142857143,-0.0629554970619095,"-0.0463387162063049",-0.0243323532687902,0.83349619832291
"440007",NA,NA,NA,NA,NA,NA,0.191124910173049,NA,1,1,0.191124910173049,"0.258498195763056",-0.0243323532687902,0.83349619832291
"440008",NA,NA,NA,NA,NA,NA,NA,NA,0,NA,NA,"NaN",-0.0243323532687902,0.83349619832291
"440009",0.881367170245933,0.185971132228295,NA,NA,-0.333620478428689,0.583448050923567,0.705400996370067,0.158839446750041,6,0.166666666666667,0.363567719681536,"0.465389132824871",-0.0243323532687902,0.83349619832291
"440011",-0.178455036675593,-0.487937153049576,-3.78960355132566,NA,-0.551478397840303,0.511288454551238,-0.168868350164865,NA,6,0.166666666666667,-0.777509005750792,"-0.903635378298642",-0.0243323532687902,0.83349619832291
"440012",-0.24478212552421,-0.169752339310952,-0.185999151583133,NA,0.504550448162557,0.0434149425887155,1.06539425670798,-0.25283463552027,7,0.142857142857143,0.108570199360098,"0.15945190019619",-0.0243323532687902,0.83349619832291
"440015",0.297124302515558,0.191333797628384,0.612892884593397,-0.0134389767871543,0.00730221988719445,0.290154207603777,-2.27740030357264,-0.25283463552027,8,0.125,-0.143108312956469,"-0.142503301066844",-0.0243323532687902,0.83349619832291
"440016",NA,NA,NA,NA,NA,0.941918303869977,0.293980127412452,NA,2,0.5,0.617949215641215,"0.770587280664686",-0.0243323532687902,0.83349619832291
"440017",-0.594763360299894,-0.918737940190071,0.0387787152263921,NA,-0.890738058603426,-0.354626701916714,-0.220295958784567,-0.390059329610375,7,0.142857142857143,-0.475777519168379,"-0.541628344325923",-0.0243323532687902,0.83349619832291
"440018",NA,NA,NA,NA,NA,-1.10415541262284,0.396835344651856,-0.390059329610375,3,0.333333333333333,-0.365793132527121,"-0.409672869468858",-0.0243323532687902,0.83349619832291
"440020",NA,NA,NA,NA,NA,-0.175391575443509,0.191124910173049,0.0216147526599381,3,0.333333333333333,0.0124493624631593,"0.0441294343105086",-0.0243323532687902,0.83349619832291
"440029",-0.853015642412596,-1.17435832426099,1.19846070322458,1.12011645862327,1.14814598108083,0.790615924379609,0.396835344651856,0.43328883493025,8,0.125,0.382511160027102,"0.488116819386229",-0.0243323532687902,0.83349619832291
"440030",0.336638312893458,-0.781096194921116,0.319393122198794,NA,0.319953279806151,0.760355448481536,0.0882696929336448,NA,6,0.166666666666667,0.173918943565411,"0.23785507028479",-0.0243323532687902,0.83349619832291
"440031",NA,0.947469619040956,NA,NA,NA,0.546204388279784,0.49969056189126,NA,3,0.333333333333333,0.664454856404,"0.826383144948602",-0.0243323532687902,0.83349619832291
"440032",NA,NA,NA,NA,NA,NA,NA,NA,0,NA,NA,"NaN",-0.0243323532687902,0.83349619832291
"440033",NA,0.947469619040956,NA,NA,NA,-1.31365101499412,0.293980127412452,NA,3,0.333333333333333,-0.0240670895135715,"0.000318254307281071",-0.0243323532687902,0.83349619832291
"440034",0.212451423134344,0.352213759631059,1.19846070322458,NA,0.542800311876046,0.832515044853865,-0.271723567404269,-0.938958105970791,7,0.142857142857143,0.275394224192119,"0.359601613137521",-0.0243323532687902,0.83349619832291
"440035",-0.150230743548521,0.497005725433466,1.19846070322458,NA,-1.55262700460207,0.208683695570502,0.242552518792751,NA,6,0.166666666666667,0.0739741491451184,"0.117944752011722",-0.0243323532687902,0.83349619832291
"440039",0.051572952310038,-0.178690114977768,-0.546789103404792,-0.217499361199471,-0.250468600790669,0.166784575096246,-0.683144436361883,0.707738223110458,8,0.125,-0.11881198327723,"-0.113353402449278",-0.0243323532687902,0.83349619832291
"440046",0.881367170245933,0.947469619040956,NA,NA,-0.0492410569066593,0.941918303869977,0.242552518792751,-0.801733411880687,6,0.166666666666667,0.360388857193711,"0.461575243218391",-0.0243323532687902,0.83349619832291
"440048",0.0882645333752305,0.11268137176041,0.486902742687421,-1.17148165832705,-0.395152867880824,0.0108267377754054,-5.20877399489565,-0.25283463552027,8,0.125,-0.791195971378166,"-0.920056527735092",-0.0243323532687902,0.83349619832291
"440049",0.074152386811695,0.488067949766651,0.648685538543958,1.12011645862327,-0.479967783071605,0.464733876246509,-0.991710088080094,-0.390059329610375,8,0.125,0.116752376153751,"0.169268593793733",-0.0243323532687902,0.83349619832291
"440050",-0.226436334991614,0.947469619040956,-0.601193937409646,NA,-1.5260184037579,0.646296731634951,-1.1974205225589,NA,6,0.166666666666667,-0.32621714134036,"-0.36219095981361",-0.0243323532687902,0.83349619832291
"440053",-0.143174670266754,0.443379071432575,-0.208906450111493,NA,-0.466663482649522,0.227305526892393,0.49969056189126,-1.3506321882411,7,0.142857142857143,-0.142714518721806,"-0.142030840322025",-0.0243323532687902,0.83349619832291
"440056",NA,NA,NA,NA,NA,0.941918303869977,-1.0945653053195,NA,2,0.5,-0.0763235007247604,"-0.0623771860754523",-0.0243323532687902,0.83349619832291
"440057",NA,NA,NA,NA,NA,0.941918303869977,0.139697301553347,NA,2,0.5,0.540807802711662,"0.678035673249115",-0.0243323532687902,0.83349619832291
"440058",NA,0.947469619040956,NA,NA,NA,-0.107887436901652,-1.35170334841801,-0.390059329610375,4,0.25,-0.22554512397227,"-0.241408144522246",-0.0243323532687902,0.83349619832291
"440059",0.260432721450365,0.17703335656148,-0.624101235938005,NA,-1.30317137168801,0.215666882316211,-0.477434001883076,0.43328883493025,7,0.142857142857143,-0.188326402035826,"-0.196754405235454",-0.0243323532687902,0.83349619832291
"440060",NA,NA,NA,NA,NA,NA,0.0882696929336448,NA,1,1,0.0882696929336448,"0.135096052542295",-0.0243323532687902,0.83349619832291
"440061",NA,NA,NA,NA,NA,-1.02268490058957,0.0882696929336448,NA,2,0.5,-0.467207603827962,"-0.531346455389104",-0.0243323532687902,0.83349619832291
"440063",-0.309697999716474,0.00900317402535284,-0.181704033109066,NA,0.171942937610475,0.192389593163847,-1.1974205225589,-0.527284023700479,7,0.142857142857143,-0.263252982040749,"-0.286648732474959",-0.0243323532687902,0.83349619832291
"440065",NA,NA,NA,NA,NA,0.606725340075931,0.242552518792751,NA,2,0.5,0.424638929434341,"0.538660264565709",-0.0243323532687902,0.83349619832291
"440068",NA,0.947469619040956,-0.0299431803586857,NA,NA,0.448439773839854,0.396835344651856,NA,4,0.25,0.440700389293495,"0.557930250309461",-0.0243323532687902,0.83349619832291
"440072",NA,0.947469619040956,NA,NA,NA,-0.778273364489744,0.0882696929336448,NA,3,0.333333333333333,0.0858219824949521,"0.132159373954417",-0.0243323532687902,0.83349619832291
"440073",-2.28963216258052,0.681123904169861,-0.363530715177918,NA,1.14814598108083,0.474044791907455,0.396835344651856,0.0216147526599381,7,0.142857142857143,0.00980027095878632,"0.0409511456635978",-0.0243323532687902,0.83349619832291
"440081",NA,NA,1.19846070322458,NA,NA,0.285498749773304,0.396835344651856,NA,3,0.333333333333333,0.62693159921658,"0.781364034767992",-0.0243323532687902,0.83349619832291
"440082",0.208217779165283,0.298587105630167,-0.450864790817288,-0.361361932210155,-0.0109911931931699,-0.231257069409183,1.21967708256709,0.707738223110458,8,0.125,0.1724681506054,"0.23611445891436",-0.0243323532687902,0.83349619832291
"440084",NA,-1.39959027106473,NA,NA,NA,-0.280139376629148,-0.734572044981585,NA,3,0.333333333333333,-0.804767230891822,"-0.936338856965822",-0.0243323532687902,0.83349619832291
"440091",0.239264501605062,0.463042177899568,-0.588308581987444,1.12011645862327,0.161964712293913,0.199372779909556,0.808256213609471,1.11941230538077,8,0.125,0.440390070916771,"0.55755794102077",-0.0243323532687902,0.83349619832291
"440102",NA,NA,NA,NA,NA,0.241271900383812,0.139697301553347,NA,2,0.5,0.190484600968579,"0.257729974857241",-0.0243323532687902,0.83349619832291
"440104",-0.0641466495109542,0.303949771030257,0.698795254074744,-1.20311101791096,-1.18010659278374,0.0178099245211147,0.242552518792751,1.53108638765108,8,0.125,0.0433536994830369,"0.0812073922928734",-0.0243323532687902,0.83349619832291
"440109",NA,NA,NA,NA,NA,-1.14838226201234,0.139697301553347,NA,2,0.5,-0.504342480229495,"-0.575899599694084",-0.0243323532687902,0.83349619832291
"440110",NA,NA,-0.960552183073282,NA,NA,0.623019442482586,0.448262953271558,NA,3,0.333333333333333,0.0369100708936206,"0.0734765488860508",-0.0243323532687902,0.83349619832291
"440111",NA,NA,1.19846070322458,NA,NA,0.941918303869977,0.0368420843139429,NA,3,0.333333333333333,0.725740363802834,"0.899911383616214",-0.0243323532687902,0.83349619832291
"440120",0.249143004199537,0.754413664637746,1.19846070322458,NA,0.452996284026984,0.862775520751939,1.32253229980649,0.158839446750041,7,0.142857142857143,0.714165846199617,"0.886024676482449",-0.0243323532687902,0.83349619832291
"440125",0.683797118356434,0.160945360361212,1.05385838126431,0.337544884402031,-0.321979215559366,0.778977279803427,1.21967708256709,0.158839446750041,8,0.125,0.508957542243147,"0.639822828928288",-0.0243323532687902,0.83349619832291
"440130",NA,NA,NA,NA,NA,-0.578088677779411,0.396835344651856,NA,2,0.5,-0.0906266665637777,"-0.079537631279398",-0.0243323532687902,0.83349619832291
"440131",NA,NA,NA,NA,NA,0.941918303869977,NA,NA,1,1,0.941918303869977,"1.15927422234555",-0.0243323532687902,0.83349619832291
"440132",NA,-3.13709386069362,NA,NA,NA,-0.955180762047713,0.139697301553347,NA,3,0.333333333333333,-1.31752577372933,"-1.55152887687142",-0.0243323532687902,0.83349619832291
"440137",NA,NA,NA,NA,NA,-0.892332081336329,0.242552518792751,NA,2,0.5,-0.324889781271789,"-0.360598438970394",-0.0243323532687902,0.83349619832291
"44013F",-2.06948267618937,-1.39959027106473,NA,NA,NA,NA,-1.1459929139392,NA,3,0.333333333333333,-1.53835528706443,"-1.81647251282253",-0.0243323532687902,0.83349619832291
"440144",-0.315342858341888,0.947469619040956,NA,NA,NA,-0.100904250155943,0.242552518792751,NA,4,0.25,0.193443757333969,"0.261280268633438",-0.0243323532687902,0.83349619832291
"440148",NA,NA,NA,NA,NA,NA,NA,NA,0,NA,NA,"NaN",-0.0243323532687902,0.83349619832291
"440150",0.534208364782956,0.947469619040956,1.19846070322458,NA,0.258420890354016,0.390246550958943,0.293980127412452,-0.664508717790581,7,0.142857142857143,0.422611076854761,"0.536227316960596",-0.0243323532687902,0.83349619832291
"440151",NA,NA,NA,NA,NA,NA,0.242552518792751,NA,1,1,0.242552518792751,"0.320199267373437",-0.0243323532687902,0.83349619832291
"440152",0.139068261003959,0.455891957366116,0.506946628899735,NA,-3.22896885778456,0.187734135333374,-1.0431376966998,NA,6,0.166666666666667,-0.497077595313529,"-0.567183441263387",-0.0243323532687902,0.83349619832291
"440153",NA,0.947469619040956,NA,NA,NA,0.941918303869977,-0.631716827742182,NA,3,0.333333333333333,0.419223698389584,"0.532163257074069",-0.0243323532687902,0.83349619832291
"440156",-0.611697936176136,0.947469619040956,0.784697623556092,0.268164353701843,0.529496011453963,0.695179038854916,0.191124910173049,1.25663699947087,8,0.125,0.507633827509445,"0.638234681632156",-0.0243323532687902,0.83349619832291
"440161",0.184227130007273,0.51666883190046,0.949343831728674,0.750767162836973,-0.0808387704091071,0.681212665363497,1.01396664808828,-0.25283463552027,8,0.125,0.470314107999472,"0.593459768939016",-0.0243323532687902,0.83349619832291
"44016F",0.881367170245933,-0.723894430653499,NA,NA,NA,NA,0.653973387750365,-0.527284023700479,4,0.25,0.07104052591058,"0.114425092005544",-0.0243323532687902,0.83349619832291
"440173",-0.415539098942991,0.014365839425442,0.899234116197888,NA,-0.682858364508375,0.532238014788366,0.859683822229173,-0.115609941430166,7,0.142857142857143,0.155930626822762,"0.216273308089782",-0.0243323532687902,0.83349619832291
"440175",NA,NA,NA,NA,NA,0.941918303869977,0.293980127412452,NA,2,0.5,0.617949215641215,"0.770587280664686",-0.0243323532687902,0.83349619832291
"440176",NA,NA,NA,NA,NA,0.941918303869977,0.242552518792751,NA,2,0.5,0.592235411331364,"0.739736744859496",-0.0243323532687902,0.83349619832291
"44017F",NA,NA,NA,NA,NA,NA,0.293980127412452,NA,1,1,0.293980127412452,"0.381900338983818",-0.0243323532687902,0.83349619832291
"440183",0.881367170245933,0.947469619040956,0.800446391294339,-1.07863418341945,-1.78046314933024,0.778977279803427,-1.1974205225589,-1.07618280006089,8,0.125,-0.215555024373104,"-0.229422367479391",-0.0243323532687902,0.83349619832291
"440184",NA,-0.380683845047793,-0.0141944126204387,NA,-0.0292846062735344,0.332053328078033,0.139697301553347,NA,5,0.2,0.00951755313792276,"0.040611950570168",-0.0243323532687902,0.83349619832291
"440185",-1.07316512880375,-1.23692275392869,0.143293264762031,NA,-1.53599662907446,-0.154442015206381,1.16824947394738,-0.938958105970791,7,0.142857142857143,-0.51827741346781,"-0.592618252120278",-0.0243323532687902,0.83349619832291
"440187",NA,-2.01987190234171,NA,NA,NA,-0.717752412693597,0.191124910173049,NA,3,0.333333333333333,-0.848833134954087,"-0.989207609277987",-0.0243323532687902,0.83349619832291
"44018F",-0.0768475814181363,-0.184052780377857,NA,NA,NA,NA,-0.32315117602397,0.296064140840146,4,0.25,-0.0719968492449545,"-0.0571862188118803",-0.0243323532687902,0.83349619832291
"440192",NA,NA,NA,NA,NA,NA,0.0368420843139429,NA,1,1,0.0368420843139429,"0.0733949809319144",-0.0243323532687902,0.83349619832291
"440193",0.881367170245933,0.205634238695289,NA,NA,-0.920672734553113,0.0387594847582426,0.448262953271558,NA,5,0.2,0.130670222483582,"0.18596674593628",-0.0243323532687902,0.83349619832291
"440194",0.881367170245933,-0.210866107378303,1.19846070322458,NA,-0.182284061127492,0.799926840040555,0.808256213609471,-1.213407494151,7,0.142857142857143,0.297350466351964,"0.38594395543497",-0.0243323532687902,0.83349619832291
"440197",0.143301904973019,0.947469619040956,0.196266392608862,NA,-1.56260522991863,0.732422701498698,0.345407736032154,NA,6,0.166666666666667,0.133710520705843,"0.1896143909146",-0.0243323532687902,0.83349619832291
"440200",NA,NA,NA,NA,NA,NA,NA,NA,0,NA,NA,"NaN",-0.0243323532687902,0.83349619832291
"440227",0.881367170245933,0.947469619040956,0.496924685793578,NA,-0.218870887288221,0.494994352144583,1.01396664808828,NA,6,0.166666666666667,0.602641931337518,"0.75222212874858",-0.0243323532687902,0.83349619832291
"440228",0.174348627412798,0.947469619040956,1.19846070322458,NA,-2.65522090208222,0.813893213531974,0.962539039468576,NA,6,0.166666666666667,0.240248383432778,"0.317434845214573",-0.0243323532687902,0.83349619832291
"440238",NA,NA,NA,NA,NA,NA,NA,NA,0,NA,NA,"NaN",-0.0243323532687902,0.83349619832291
"441300",NA,NA,NA,NA,NA,NA,NA,NA,0,NA,NA,"NaN",-0.0243323532687902,0.83349619832291
"441301",NA,NA,NA,NA,NA,NA,NA,NA,0,NA,NA,"NaN",-0.0243323532687902,0.83349619832291
"441303",NA,NA,NA,NA,NA,NA,NA,NA,0,NA,NA,"NaN",-0.0243323532687902,0.83349619832291
"441304",NA,NA,NA,NA,NA,NA,NA,NA,0,NA,NA,"NaN",-0.0243323532687902,0.83349619832291
"441305",NA,NA,NA,NA,NA,NA,NA,NA,0,NA,NA,"NaN",-0.0243323532687902,0.83349619832291
"441306",NA,NA,NA,NA,NA,NA,NA,NA,0,NA,NA,"NaN",-0.0243323532687902,0.83349619832291
"441307",NA,NA,NA,NA,NA,0.941918303869977,NA,NA,1,1,0.941918303869977,"1.15927422234555",-0.0243323532687902,0.83349619832291
"441309",NA,NA,NA,NA,NA,NA,NA,NA,0,NA,NA,"NaN",-0.0243323532687902,0.83349619832291
"441310",NA,NA,NA,NA,NA,NA,NA,NA,0,NA,NA,"NaN",-0.0243323532687902,0.83349619832291
"441313",NA,NA,NA,NA,NA,NA,NA,NA,0,NA,NA,"NaN",-0.0243323532687902,0.83349619832291
"441314",NA,NA,NA,NA,NA,NA,NA,NA,0,NA,NA,"NaN",-0.0243323532687902,0.83349619832291
"441316",NA,NA,NA,NA,NA,NA,NA,NA,0,NA,NA,"NaN",-0.0243323532687902,0.83349619832291
"441320",NA,NA,NA,NA,NA,NA,NA,NA,0,NA,NA,"NaN",-0.0243323532687902,0.83349619832291
"441322",NA,NA,NA,NA,NA,NA,NA,NA,0,NA,NA,"NaN",-0.0243323532687902,0.83349619832291
"441323",NA,NA,NA,NA,NA,NA,NA,NA,0,NA,NA,"NaN",-0.0243323532687902,0.83349619832291
"450002",0.881367170245933,0.947469619040956,1.19846070322458,NA,0.278377340987141,0.266876918451413,0.49969056189126,-0.664508717790581,7,0.142857142857143,0.4868190851501,"0.61326187143671",-0.0243323532687902,0.83349619832291
"450007",0.881367170245933,0.0715676036930597,1.19846070322458,NA,NA,0.0690199606563162,-3.04881443286817,NA,5,0.2,-0.165679799009656,"-0.169583791774063",-0.0243323532687902,0.83349619832291
"450010",0.604769097600634,0.284286664563263,-0.95339365228317,NA,-0.102458258594992,0.706817683431098,-1.76312421737562,-1.213407494151,7,0.142857142857143,-0.348072882401398,"-0.388412724357965",-0.0243323532687902,0.83349619832291
"450011",-0.733062396622543,0.336125763430791,-1.60338824802536,NA,-1.8370064261241,-0.308072123611985,0.49969056189126,-0.801733411880687,7,0.142857142857143,-0.63534946870609,"-0.733077267378947",-0.0243323532687902,0.83349619832291
"450015",-0.88265115019602,-0.716744210120047,0.474017387265219,0.47222473811416,-0.569771810920667,0.681212665363497,-2.99738682424847,NA,7,0.142857142857143,-0.505585600677475,"-0.577391052745078",-0.0243323532687902,0.83349619832291
"450018",-0.337922292843545,-0.652392225318977,-0.231813748639852,-1.01843637001782,-1.15017191683405,-0.207979780256819,-0.477434001883076,NA,7,0.142857142857143,-0.582307190827733,"-0.669438971265439",-0.0243323532687902,0.83349619832291
"450021",-0.0740251521054292,0.160945360361212,-0.188862563899178,0.839533430056331,0.662539015674795,0.127213183537227,-1.91740704323473,-1.213407494151,8,0.125,-0.200433907970096,"-0.211280573391507",-0.0243323532687902,0.83349619832291
"450023",0.881367170245933,0.632859915569058,1.19846070322458,NA,1.14814598108083,-0.105559707986416,0.49969056189126,NA,6,0.166666666666667,0.709160770670875,"0.880019759436861",-0.0243323532687902,0.83349619832291
"450024",0.322526166329922,0.116256482027136,0.131839615497852,NA,0.270062153223339,-1.18795365357136,-1.60884139151652,NA,6,0.166666666666667,-0.326018438001604,"-0.361952562399014",-0.0243323532687902,0.83349619832291
"450028",0.59912423897522,0.341488428830881,0.402432079364096,1.12011645862327,0.537811199217765,0.562498490686439,0.602545779130663,NA,7,0.142857142857143,0.59514523926119,"0.743227856079536",-0.0243323532687902,0.83349619832291
"450029",-0.188333539270068,0.468404843299657,1.19846070322458,NA,1.14814598108083,0.941918303869977,0.551118170510961,NA,6,0.166666666666667,0.686619077119324,"0.852975012745865",-0.0243323532687902,0.83349619832291
"450032",NA,NA,NA,NA,0.368181368836203,0.706817683431098,0.911111430848875,NA,3,0.333333333333333,0.662036827705392,"0.823482077489059",-0.0243323532687902,0.83349619832291
"450033",-0.666735307773925,0.584595926968256,-0.124435786788168,-0.143017320888976,0.146997374319069,0.1318686413677,-0.426006393263374,-0.390059329610375,8,0.125,-0.110849024458724,"-0.103799719019733",-0.0243323532687902,0.83349619832291
"450034",0.51586257425036,0.722237672237211,0.287895586722299,-0.0236419960077701,0.0904540975252149,0.206355966655266,0.653973387750365,NA,7,0.142857142857143,0.350448184161849,"0.449648766466771",-0.0243323532687902,0.83349619832291
"450035",0.374741108615004,0.947469619040956,NA,NA,0.23513836461537,0.941918303869977,0.293980127412452,NA,5,0.2,0.558649504710752,"0.699441532130043",-0.0243323532687902,0.83349619832291
"450039",0.112255182533241,0.109106261493684,-1.57189071254887,-0.647046470387399,0.576061062931254,0.0620367739106069,-0.477434001883076,NA,7,0.142857142857143,-0.262415986278651,"-0.285644533819006",-0.0243323532687902,0.83349619832291
"450040",0.408610260367489,0.543482158900906,-0.364962421335941,NA,0.251768740142974,-1.29270145475699,1.32253229980649,NA,6,0.166666666666667,0.144788263854154,"0.202905085186032",-0.0243323532687902,0.83349619832291
"450042",0.881367170245933,-0.580890019984454,-0.171682090002909,NA,NA,0.941918303869977,-0.631716827742182,-0.115609941430166,6,0.166666666666667,0.0538977658260331,"0.0938577995343365",-0.0243323532687902,0.83349619832291
"450044",0.0402832350592095,0.00542806375862674,-0.430820904604973,-0.423600349455911,0.491246147740473,0.28782647868854,-0.683144436361883,0.570513529020354,8,0.125,-0.0177835295194454,"0.00785705293260097",-0.0243323532687902,0.83349619832291
"450046",0.411432689680196,0.623922139902243,0.787561035872137,NA,-0.315327065348325,0.804582297871028,0.139697301553347,0.158839446750041,7,0.142857142857143,0.372958263754381,"0.476655583819777",-0.0243323532687902,0.83349619832291
"450051",0.236442072292355,-0.298456308913092,0.43392961484059,1.12011645862327,-0.13405597209744,0.269204647366649,-0.220295958784567,NA,7,0.142857142857143,0.200983507618252,"0.27032620105575",-0.0243323532687902,0.83349619832291
"450054",0.137657046347605,0.393327527698409,-0.60978417435778,0.273265863312151,0.07049764689209,0.250582816044758,-0.374578784643672,0.0216147526599381,8,0.125,0.0203228367441873,"0.0535757572773924",-0.0243323532687902,0.83349619832291
"450055",NA,NA,NA,NA,NA,0.941918303869977,0.0882696929336448,NA,2,0.5,0.515093998401811,"0.647185137443925",-0.0243323532687902,0.83349619832291
"450056",0.256199077481304,-0.377108734781066,-2.09589516638509,NA,1.14814598108083,0.371624719637052,0.859683822229173,0.158839446750041,7,0.142857142857143,0.0459270208588927,"0.0842947745521249",-0.0243323532687902,0.83349619832291
"450058",0.202572920539869,0.597108812901797,0.423907671734433,-0.434823670598589,0.166953824952194,0.655607647295896,0.396835344651856,0.982187611290668,8,0.125,0.373793770346015,"0.477657995820354",-0.0243323532687902,0.83349619832291
"450064",0.273133653357547,0.947469619040956,0.160473738658301,NA,1.14814598108083,-0.310399852527222,-0.168868350164865,NA,6,0.166666666666667,0.341659131574259,"0.439103964216592",-0.0243323532687902,0.83349619832291
"450068",0.00359165399401682,0.318250212097161,-0.333464885859447,0.522219532295178,0.175269012715996,0.527582556957893,-0.271723567404269,NA,7,0.142857142857143,0.134532073542361,"0.190600061680911",-0.0243323532687902,0.83349619832291
"450072",0.881367170245933,0.947469619040956,NA,NA,NA,0.134196370282936,0.448262953271558,NA,4,0.25,0.602824028210346,"0.752440602297943",-0.0243323532687902,0.83349619832291
"450079",-0.728828752653482,0.616771919368791,-0.37068924596803,NA,0.587702325800577,0.671901749702551,0.756828604989769,NA,6,0.166666666666667,0.255614433540029,"0.335870502315553",-0.0243323532687902,0.83349619832291
"450080",NA,NA,NA,NA,NA,-0.966819406623895,0.0882696929336448,NA,2,0.5,-0.439274856845125,"-0.497833708673473",-0.0243323532687902,0.83349619832291
"450082",NA,NA,NA,NA,NA,0.941918303869977,0.0882696929336448,NA,2,0.5,0.515093998401811,"0.647185137443925",-0.0243323532687902,0.83349619832291
"450083",-0.422595172224759,-0.534413586517015,0.554192932114476,NA,0.364855293730682,0.00617127994493256,-0.785999653601287,1.39386169356098,7,0.142857142857143,0.0822961124297157,"0.127929156621295",-0.0243323532687902,0.83349619832291
"450087",0.491871925092349,-0.916950385056708,NA,NA,-2.93461121094597,0.941918303869977,-0.426006393263374,NA,5,0.2,-0.568755552060745,"-0.653180182330041",-0.0243323532687902,0.83349619832291
"450090",NA,NA,NA,NA,NA,-1.41374335834929,-1.0945653053195,0.570513529020354,3,0.333333333333333,-0.645931711549478,"-0.745773477469264",-0.0243323532687902,0.83349619832291
"450092",NA,0.947469619040956,NA,NA,NA,0.941918303869977,0.551118170510961,NA,3,0.333333333333333,0.813502031140631,"1.00520480608699",-0.0243323532687902,0.83349619832291
"450097",-0.26453913071316,0.498793280566829,0.620051415383509,1.12011645862327,-0.479967783071605,0.862775520751939,0.653973387750365,0.707738223110458,8,0.125,0.4648676715502,"0.586925322278995",-0.0243323532687902,0.83349619832291
"450101",0.881367170245933,0.464829733032931,-0.241835691746009,-1.10312142954893,-0.200577474207857,0.474044791907455,0.808256213609471,1.39386169356098,8,0.125,0.309603125856747,"0.400644273840065",-0.0243323532687902,0.83349619832291
"450102",-0.892529652790495,0.604259033435249,0.811900040558518,-0.0848601113314653,-0.137382047202961,0.366969261806579,0.859683822229173,-0.801733411880687,8,0.125,0.0907883668529889,"0.138117870667455",-0.0243323532687902,0.83349619832291
"450104",0.881367170245933,0.0393916112925248,NA,NA,NA,-1.38581061136645,0.602545779130663,-2.31120504687183,5,0.2,-0.434742219513833,"-0.49239560668763",-0.0243323532687902,0.83349619832291
"450107",0.641460678665827,0.811615428905363,-0.596898818935578,-0.259331740003996,0.366518331283443,0.904674641226194,1.01396664808828,0.570513529020354,8,0.125,0.431564837281236,"0.546969729996782",-0.0243323532687902,0.83349619832291
"450108",NA,NA,NA,NA,NA,NA,0.0882696929336448,NA,1,1,0.0882696929336448,"0.135096052542295",-0.0243323532687902,0.83349619832291
"450119",0.450946700058096,-1.02599124819185,-0.347781947439671,NA,0.754006081076618,0.224977797977157,-0.940282479460392,NA,6,0.166666666666667,-0.147354182663341,"-0.147597349144585",-0.0243323532687902,0.83349619832291
"450124",-0.737296040591603,0.947469619040956,0.164768857132368,NA,0.391463894574849,-0.498945894661373,0.345407736032154,0.158839446750041,7,0.142857142857143,0.110243945468199,"0.161460003066327",-0.0243323532687902,0.83349619832291
"450128",0.134834617034898,0.947469619040956,1.19846070322458,NA,1.14814598108083,0.108591352215336,0.653973387750365,NA,6,0.166666666666667,0.698579276724495,"0.867324447847353",-0.0243323532687902,0.83349619832291
"450132",-0.81914649066011,0.146644919294308,0.319393122198794,NA,-0.421761468724991,0.199372779909556,-1.45455856565741,NA,6,0.166666666666667,-0.338342617273309,"-0.376738687754478",-0.0243323532687902,0.83349619832291
"450133",-1.07316512880375,0.17703335656148,-0.761545027108161,NA,-0.17396887336369,0.0434149425887155,-0.631716827742182,NA,6,0.166666666666667,-0.403324592977931,"-0.454701821642039",-0.0243323532687902,0.83349619832291
"450135",0.76141392445588,0.541694603767543,0.688773310968587,1.12011645862327,-0.0675344699870238,0.418179297941781,-0.014585524305759,NA,7,0.142857142857143,0.492579657352039,"0.620173207341456",-0.0243323532687902,0.83349619832291
"450137",0.199750491227162,0.15379513982776,-0.0685992466252921,0.418148736244896,0.645908640147191,0.720784056922516,-1.1974205225589,NA,7,0.142857142857143,0.12462389931219,"0.178712575871009",-0.0243323532687902,0.83349619832291
"450143",NA,NA,NA,NA,NA,NA,NA,NA,0,NA,NA,"NaN",-0.0243323532687902,0.83349619832291
"450144",NA,NA,NA,NA,NA,NA,-0.014585524305759,NA,1,1,-0.014585524305759,"0.0116939093215337",-0.0243323532687902,0.83349619832291
"450147",-2.25294058151533,-2.46139802028239,0.262124875877895,NA,-1.44120348856712,-0.273156189883439,0.859683822229173,NA,6,0.166666666666667,-0.884481597023534,"-1.03197740491854",-0.0243323532687902,0.83349619832291
"450148",NA,NA,1.19846070322458,NA,NA,0.525254828042656,0.293980127412452,NA,3,0.333333333333333,0.672565219559897,"0.836113679019683",-0.0243323532687902,0.83349619832291
"450152",-0.325221360936363,0.947469619040956,NA,1.12011645862327,NA,-0.582744135609884,0.705400996370067,NA,5,0.2,0.373004315497608,"0.476710835113448",-0.0243323532687902,0.83349619832291
"450154",NA,NA,NA,NA,NA,0.941918303869977,0.242552518792751,NA,2,0.5,0.592235411331364,"0.739736744859496",-0.0243323532687902,0.83349619832291
"450155",NA,NA,NA,NA,NA,NA,NA,NA,0,NA,NA,"NaN",-0.0243323532687902,0.83349619832291
"450162",NA,NA,NA,-1.17046135640499,NA,NA,0.242552518792751,NA,2,0.5,-0.463954418806121,"-0.527443396168934",-0.0243323532687902,0.83349619832291
"450163",NA,NA,NA,NA,NA,0.941918303869977,-0.220295958784567,NA,2,0.5,0.360811172542705,"0.462081922612783",-0.0243323532687902,0.83349619832291
"450165",NA,NA,NA,NA,NA,0.941918303869977,0.139697301553347,NA,2,0.5,0.540807802711662,"0.678035673249115",-0.0243323532687902,0.83349619832291
"450176",-0.0937821572943789,0.316462656963798,-0.22465521784974,NA,-0.0459149818011385,0.0224653823515876,0.242552518792751,NA,6,0.166666666666667,0.0361880335271465,"0.0726102733494294",-0.0243323532687902,0.83349619832291
"450184",0.0670963135299272,0.312887546697072,0.313666297566704,-1.01639576617369,0.155312562082871,0.508960725636001,-0.117440741545163,-0.25283463552027,8,0.125,-0.00359346221581883,"0.024881806413395",-0.0243323532687902,0.83349619832291
"450193",-0.552426920609287,0.273561333763085,-0.508133037138186,0.219189861442887,0.301659866725787,0.418179297941781,-0.168868350164865,NA,7,0.142857142857143,-0.00240542114839976,"0.0263071771227151",-0.0243323532687902,0.83349619832291
"450194",NA,NA,NA,NA,NA,0.941918303869977,0.242552518792751,NA,2,0.5,0.592235411331364,"0.739736744859496",-0.0243323532687902,0.83349619832291
"450196",0.192694417945394,0.203846683561926,-0.144479673000482,NA,-1.96838639279217,0.734750430413935,1.06539425670798,-0.390059329610375,7,0.142857142857143,-0.0437485152533989,"-0.0232948416845527",-0.0243323532687902,0.83349619832291
"450200",NA,NA,NA,NA,NA,NA,NA,NA,0,NA,NA,"NaN",-0.0243323532687902,0.83349619832291
"450203",0.881367170245933,0.947469619040956,NA,NA,-0.930650959869676,0.941918303869977,0.448262953271558,-0.664508717790581,6,0.166666666666667,0.270643061461361,"0.353901331912102",-0.0243323532687902,0.83349619832291
"450209",-0.45081946535183,-0.0446234799755388,-1.02784237250034,-0.0971037343962043,-0.711130002905302,0.485683436483637,0.808256213609471,NA,7,0.142857142857143,-0.148225629290872,"-0.148642880761027",-0.0243323532687902,0.83349619832291
"450210",NA,NA,NA,NA,NA,NA,NA,NA,0,NA,NA,"NaN",-0.0243323532687902,0.83349619832291
"450211",-0.54960449129658,0.205634238695289,0.153315207868189,NA,0.196888500901881,0.343691972654215,-0.426006393263374,NA,6,0.166666666666667,-0.0126801607400634,"0.0139798988311792",-0.0243323532687902,0.83349619832291
"450213",0.192694417945394,0.375451976364779,0.549897813640409,0.697711462889771,0.51785474858464,0.0154821956058783,0.139697301553347,NA,7,0.142857142857143,0.355541416654888,"0.455759451198491",-0.0243323532687902,0.83349619832291
"450222",-1.11550156849436,0.488067949766651,-1.26980071320613,NA,0.466300584449067,0.7836327376339,-1.2488481311786,NA,6,0.166666666666667,-0.316024856838246,"-0.349962608295484",-0.0243323532687902,0.83349619832291
"450229",-0.0980158012634396,-0.46112382604913,-0.256152753326234,1.12011645862327,-0.00932815564040946,0.399557466619889,0.396835344651856,0.296064140840146,8,0.125,0.173494109306993,"0.237345368789723",-0.0243323532687902,0.83349619832291
"450231",0.0388720204028559,0.207421793828652,0.869168286879417,0.808924372394483,0.734049630443493,0.0364317558430062,-0.991710088080094,-0.938958105970791,8,0.125,0.0955249582176278,"0.143800669670221",-0.0243323532687902,0.83349619832291
"450235",NA,NA,NA,NA,NA,NA,0.0882696929336448,NA,1,1,0.0882696929336448,"0.135096052542295",-0.0243323532687902,0.83349619832291
"450236",NA,0.947469619040956,NA,NA,NA,0.941918303869977,0.293980127412452,NA,3,0.333333333333333,0.727789350107795,"0.902369686736353",-0.0243323532687902,0.83349619832291
"450237",0.283012155952022,-0.259130095979105,-0.168818677686864,-0.652147979997707,-0.0675344699870238,0.609053068991168,-1.76312421737562,-1.07618280006089,8,0.125,-0.386859127018003,"-0.434947123308611",-0.0243323532687902,0.83349619832291
"450241",NA,NA,NA,NA,NA,NA,-0.220295958784567,NA,1,1,-0.220295958784567,"-0.235110377119989",-0.0243323532687902,0.83349619832291
"450253",NA,NA,NA,NA,NA,NA,NA,NA,0,NA,NA,"NaN",-0.0243323532687902,0.83349619832291
"450272",NA,NA,1.19846070322458,NA,NA,0.941918303869977,0.756828604989769,NA,3,0.333333333333333,0.965735870694776,"1.18784971779799",-0.0243323532687902,0.83349619832291
"450289",-0.267361560025867,-0.428947833648595,-1.81384905325467,0.474265341958283,-0.749379866618791,0.373952448552288,-0.426006393263374,NA,7,0.142857142857143,-0.405332416614389,"-0.457110739211786",-0.0243323532687902,0.83349619832291
"450292",NA,NA,NA,NA,NA,0.941918303869977,0.0882696929336448,NA,2,0.5,0.515093998401811,"0.647185137443925",-0.0243323532687902,0.83349619832291
"450324",0.10378789459512,-0.486149597916213,-0.687096306890993,NA,0.569408912720213,0.401885195535126,0.345407736032154,0.844962917200563,7,0.142857142857143,0.156029535896567,"0.216391975786172",-0.0243323532687902,0.83349619832291
"450330",0.881367170245933,0.947469619040956,NA,NA,NA,0.941918303869977,-0.837427262220988,NA,4,0.25,0.483331957733969,"0.609078136198148",-0.0243323532687902,0.83349619832291
"450346",-0.0119317072258724,0.484492839499925,0.907824353146023,NA,0.215181913982245,0.194717322079083,0.0368420843139429,NA,6,0.166666666666667,0.304521134299225,"0.394547075595193",-0.0243323532687902,0.83349619832291
"450347",-1.11973521246342,0.947469619040956,NA,NA,NA,-0.482651792254717,-0.271723567404269,NA,4,0.25,-0.231660238270362,"-0.248744847809432",-0.0243323532687902,0.83349619832291
"450351",NA,NA,NA,NA,NA,0.941918303869977,-0.168868350164865,NA,2,0.5,0.386524976852556,"0.492932458417973",-0.0243323532687902,0.83349619832291
"450352",-1.66164164050319,-0.359233183447436,-1.21539587920128,NA,0.655886865463754,-1.46262566556925,-1.71169660875592,0.43328883493025,7,0.142857142857143,-0.760202468154725,"-0.882871591216121",-0.0243323532687902,0.83349619832291
"450358",0.264666365419426,0.228872455429008,0.799014685136316,0.74872655899285,0.655886865463754,0.355330617230397,1.06539425670798,0.43328883493025,8,0.125,0.568897579913748,"0.711736819407437",-0.0243323532687902,0.83349619832291
"450369",NA,NA,NA,NA,NA,NA,0.0882696929336448,0.0216147526599381,2,0.5,0.0549422227967915,"0.0951109029952281",-0.0243323532687902,0.83349619832291
"450370",NA,NA,NA,NA,NA,NA,0.139697301553347,NA,1,1,0.139697301553347,"0.196797124152676",-0.0243323532687902,0.83349619832291
"450372",NA,NA,-0.426525786130906,NA,-1.52768144131066,0.171440032926719,-0.271723567404269,NA,4,0.25,-0.513622690479779,"-0.587033675972965",-0.0243323532687902,0.83349619832291
"450379",NA,NA,NA,NA,NA,-0.426786298289043,0.293980127412452,NA,2,0.5,-0.0664030854382953,"-0.0504750138682772",-0.0243323532687902,0.83349619832291
"450388",0.195516847258101,0.648947911769326,0.283600468248232,0.176337180716301,-0.100795221042232,0.434473400348436,-0.88885487084069,0.296064140840146,8,0.125,0.130661232162202,"0.185955959658673",-0.0243323532687902,0.83349619832291
"450389",-3.77281876640812,-0.6077033469849,NA,NA,NA,0.315759225671378,0.293980127412452,0.570513529020354,5,0.2,-0.640053846257766,"-0.738721417359646",-0.0243323532687902,0.83349619832291
"450395",NA,NA,NA,NA,NA,0.941918303869977,0.242552518792751,NA,2,0.5,0.592235411331364,"0.739736744859496",-0.0243323532687902,0.83349619832291
"450399",NA,NA,NA,NA,NA,NA,NA,NA,0,NA,NA,"NaN",-0.0243323532687902,0.83349619832291
"450400",NA,NA,NA,NA,NA,NA,0.191124910173049,NA,1,1,0.191124910173049,"0.258498195763056",-0.0243323532687902,0.83349619832291
"450403",0.23079721366694,0.577445706434804,0.494061273477533,NA,-0.855814269995457,0.765010906312009,0.808256213609471,0.296064140840146,7,0.142857142857143,0.330831597763635,"0.42611346248136",-0.0243323532687902,0.83349619832291
"450411",NA,NA,NA,NA,NA,NA,NA,NA,0,NA,NA,"NaN",-0.0243323532687902,0.83349619832291
"450419",NA,NA,NA,NA,NA,0.187734135333374,0.191124910173049,NA,2,0.5,0.189429522753211,"0.256464128393285",-0.0243323532687902,0.83349619832291
"450422",NA,NA,NA,NA,NA,NA,0.293980127412452,0.158839446750041,2,0.5,0.226409787081247,"0.30083177446347",-0.0243323532687902,0.83349619832291
"450424",0.0134701565884918,0.947469619040956,-0.667052420678679,NA,0.401442119891411,0.730094972583462,1.16824947394738,NA,6,0.166666666666667,0.432278986895504,"0.547826542080275",-0.0243323532687902,0.83349619832291
"450431",-0.0655578641673078,-0.091099913442978,0.3580491884654,NA,-0.711130002905302,0.485683436483637,-0.271723567404269,1.25663699947087,7,0.142857142857143,0.137265468071436,"0.193879494190112",-0.0243323532687902,0.83349619832291
"450447",NA,0.134132033360767,NA,NA,NA,0.0620367739106069,0.448262953271558,0.570513529020354,4,0.25,0.303736322390821,"0.393605485327616",-0.0243323532687902,0.83349619832291
"450451",NA,NA,NA,NA,NA,NA,NA,NA,0,NA,NA,"NaN",-0.0243323532687902,0.83349619832291
"450460",NA,NA,NA,NA,NA,NA,NA,NA,0,NA,NA,"NaN",-0.0243323532687902,0.83349619832291
"450462",0.446713056089035,0.677548793903134,0.620051415383509,0.0804288000425116,-0.298696689820721,0.108591352215336,0.551118170510961,1.53108638765108,8,0.125,0.464605160746856,"0.586610370868451",-0.0243323532687902,0.83349619832291
"450465",NA,NA,NA,NA,NA,0.941918303869977,0.293980127412452,NA,2,0.5,0.617949215641215,"0.770587280664686",-0.0243323532687902,0.83349619832291
"450469",NA,NA,NA,NA,NA,-0.491962707915663,-0.32315117602397,NA,2,0.5,-0.407556941969817,"-0.459779648032131",-0.0243323532687902,0.83349619832291
"450475",NA,NA,NA,NA,NA,0.941918303869977,0.0882696929336448,NA,2,0.5,0.515093998401811,"0.647185137443925",-0.0243323532687902,0.83349619832291
"450484",0.881367170245933,0.243172896495913,-0.0342382988327531,NA,1.14814598108083,0.762683177396772,-0.32315117602397,-1.213407494151,7,0.142857142857143,0.209224608030247,"0.280213589178908",-0.0243323532687902,0.83349619832291
"450489",NA,NA,NA,NA,NA,NA,NA,NA,0,NA,NA,"NaN",-0.0243323532687902,0.83349619832291
"450498",NA,NA,NA,NA,NA,NA,NA,NA,0,NA,NA,"NaN",-0.0243323532687902,0.83349619832291
"450508",0.881367170245933,NA,NA,NA,NA,0.350675159399924,0.139697301553347,-0.527284023700479,4,0.25,0.211113901874681,"0.282480298791064",-0.0243323532687902,0.83349619832291
"450518",NA,0.947469619040956,NA,NA,NA,0.0480704004191883,-0.374578784643672,NA,3,0.333333333333333,0.206987078272157,"0.277529078124638",-0.0243323532687902,0.83349619832291
"450537",0.585012092411685,-0.0893123583096149,0.0817298999670658,NA,0.0655085342338088,0.0154821956058783,-0.271723567404269,NA,6,0.166666666666667,0.0644494660840923,"0.106517365683877",-0.0243323532687902,0.83349619832291
"450539",NA,NA,NA,NA,NA,0.941918303869977,0.345407736032154,NA,2,0.5,0.643663019951065,"0.801437816469876",-0.0243323532687902,0.83349619832291
"450563",0.455180344027157,0.137707143627493,-0.569696401933152,-0.61541711080349,0.664202053227556,0.136524099198173,-0.168868350164865,-2.03675565869162,8,0.125,-0.249640485189094,"-0.27031692810795",-0.0243323532687902,0.83349619832291
"450565",NA,NA,NA,NA,NA,-2.27500305698677,-0.32315117602397,-0.115609941430166,3,0.333333333333333,-0.904588058146968,"-1.05610044370851",-0.0243323532687902,0.83349619832291
"450571",0.881367170245933,-1.05637968545903,0.203424923398975,0.226331974897318,0.522843861242921,-0.117198352562598,-0.117440741545163,-0.664508717790581,8,0.125,-0.0151949459465278,"0.0109627462496505",-0.0243323532687902,0.83349619832291
"450573",NA,NA,NA,NA,NA,NA,NA,NA,0,NA,NA,"NaN",-0.0243323532687902,0.83349619832291
"450584",NA,NA,NA,NA,NA,NA,0.139697301553347,NA,1,1,0.139697301553347,"0.196797124152676",-0.0243323532687902,0.83349619832291
"450587",NA,NA,0.00298606127583081,NA,NA,-0.142803370630199,0.448262953271558,-1.48785688233121,4,0.25,-0.294852809603505,"-0.324561116030322",-0.0243323532687902,0.83349619832291
"450596",NA,0.947469619040956,NA,NA,NA,-0.759651533167853,0.396835344651856,NA,3,0.333333333333333,0.194884476841653,"0.263008794223096",-0.0243323532687902,0.83349619832291
"450597",NA,NA,NA,NA,NA,NA,0.139697301553347,NA,1,1,0.139697301553347,"0.196797124152676",-0.0243323532687902,0.83349619832291
"450604",NA,NA,1.19846070322458,NA,NA,0.583448050923567,0.448262953271558,0.707738223110458,4,0.25,0.734477482632541,"0.910393877534348",-0.0243323532687902,0.83349619832291
"45060F",NA,NA,NA,NA,NA,NA,-0.220295958784567,-0.527284023700479,2,0.5,-0.373789991242523,"-0.419267224825838",-0.0243323532687902,0.83349619832291
"450610",0.417077548305611,0.729387892770663,0.0530957768066167,0.629351234111644,-0.390163755222543,0.676557207533024,0.242552518792751,NA,7,0.142857142857143,0.336836917585395,"0.433318438141529",-0.0243323532687902,0.83349619832291
"450617",0.129189758409484,0.563145265367899,-0.181704033109066,-0.223621172731841,0.403105157444172,0.599742153330222,-0.32315117602397,0.844962917200563,8,0.125,0.226458608735933,"0.300890349001403",-0.0243323532687902,0.83349619832291
"450634",0.665451327823838,0.947469619040956,1.19846070322458,NA,0.665865090780316,0.636985815974005,0.602545779130663,0.43328883493025,7,0.142857142857143,0.735723881557801,"0.911889263989341",-0.0243323532687902,0.83349619832291
"450638",0.199750491227162,0.0822929344932381,-0.21320156858556,NA,1.14814598108083,0.941918303869977,-0.734572044981585,NA,6,0.166666666666667,0.237389016184011,"0.314004274979796",-0.0243323532687902,0.83349619832291
"450639",0.881367170245933,0.486280394633288,0.587122173748993,-0.453189105195698,0.501224373057036,0.485683436483637,0.756828604989769,NA,7,0.142857142857143,0.463616721137565,"0.585424475106384",-0.0243323532687902,0.83349619832291
"450641",NA,NA,NA,NA,NA,NA,NA,NA,0,NA,NA,"NaN",-0.0243323532687902,0.83349619832291
"450643",-0.1022494452325,0.396902637965135,0.0874567245991556,NA,1.14814598108083,0.178423219672428,0.859683822229173,NA,6,0.166666666666667,0.428060490052371,"0.542765335020637",-0.0243323532687902,0.83349619832291
"450644",-0.288529779871171,0.248535561896002,-2.55976796158437,NA,-1.20837823118066,0.511288454551238,0.551118170510961,NA,6,0.166666666666667,-0.457622297613,"-0.519846335491438",-0.0243323532687902,0.83349619832291
"450647",-0.742940899217018,-0.618428677785079,-0.397891662970457,0.567112816865888,-0.445043994463636,0.0503981293344248,1.579670342905,-0.527284023700479,8,0.125,-0.0668009961289196,"-0.0509524133950236",-0.0243323532687902,0.83349619832291
"450651",-0.429651245506527,0.58102081670153,0.295054117512412,1.12011645862327,0.368181368836203,0.485683436483637,-0.32315117602397,0.43328883493025,8,0.125,0.3163178264446,"0.408700340084115",-0.0243323532687902,0.83349619832291
"450653",NA,NA,NA,NA,NA,0.941918303869977,0.0368420843139429,NA,2,0.5,0.48938019409196,"0.616334601638735",-0.0243323532687902,0.83349619832291
"450654",NA,NA,NA,NA,NA,NA,NA,NA,0,NA,NA,"NaN",-0.0243323532687902,0.83349619832291
"450656",0.256199077481304,-0.611278457251626,0.618619709225487,NA,NA,0.543876659364548,0.293980127412452,-0.527284023700479,6,0.166666666666667,0.0956855154219477,"0.143993300667991",-0.0243323532687902,0.83349619832291
"450658",NA,NA,NA,NA,NA,NA,NA,NA,0,NA,NA,"NaN",-0.0243323532687902,0.83349619832291
"450659",-0.210912973771725,0.455891957366116,-0.141616260684437,1.12011645862327,-1.67402874595358,0.52292709912742,-0.271723567404269,NA,7,0.142857142857143,-0.0284780046710294,"-0.00497380961134645",-0.0243323532687902,0.83349619832291
"450661",-0.556660564578347,-0.618428677785079,NA,NA,NA,0.217994611231448,0.0882696929336448,NA,4,0.25,-0.217206234549583,"-0.231403432515802",-0.0243323532687902,0.83349619832291
"450662",0.284423370608376,0.405840413631951,-0.423662373814861,0.232453786429688,-0.473315632860563,0.499649809975056,-0.683144436361883,NA,7,0.142857142857143,-0.0225364374846054,"0.00215467783512199",-0.0243323532687902,0.83349619832291
"450668",-0.12200645042145,0.250323117029365,0.0488006583325493,NA,1.14814598108083,-0.275483918798675,-0.58028921912248,-0.801733411880687,7,0.142857142857143,-0.0474633205400777,"-0.0277517369819199",-0.0243323532687902,0.83349619832291
"450669",0.285834585264729,-0.13936390204378,NA,NA,-3.06931725271956,-0.110215165816889,0.49969056189126,NA,5,0.2,-0.506674234684848,"-0.578697158291286",-0.0243323532687902,0.83349619832291
"45066F",0.0967318213133519,0.691849234970039,NA,NA,NA,NA,0.345407736032154,NA,3,0.333333333333333,0.377996264105182,"0.482700002931631",-0.0243323532687902,0.83349619832291
"450670",-0.151641958204875,0.947469619040956,0.561351462904589,NA,-0.598043449317594,0.941918303869977,1.06539425670798,0.707738223110458,7,0.142857142857143,0.496312351158784,"0.624651564668407",-0.0243323532687902,0.83349619832291
"450672",-0.0839036546999041,-0.166177229044226,0.159042032500279,NA,-0.408457168302908,0.101608165469626,0.345407736032154,-0.664508717790581,7,0.142857142857143,-0.102426976547937,"-0.0936952363265512",-0.0243323532687902,0.83349619832291
"450674",-0.249015769493271,NA,0.0845933122831107,0.0467588366144792,1.14814598108083,0.941918303869977,0.191124910173049,NA,6,0.166666666666667,0.360587595754697,"0.461813682891404",-0.0243323532687902,0.83349619832291
"450675",0.156002836880202,-0.175115004711042,-0.742932847053869,-0.221580568887718,-0.611347749739677,0.299465123264723,0.448262953271558,NA,7,0.142857142857143,-0.121035036710832,"-0.116020545308567",-0.0243323532687902,0.83349619832291
"450677",0.278778511982961,-0.0875248031762519,0.693068429442655,NA,-0.351913891509054,0.222650069061921,-0.271723567404269,NA,6,0.166666666666667,0.0805557913996604,"0.125841179455284",-0.0243323532687902,0.83349619832291
"450678",NA,NA,NA,NA,NA,0.941918303869977,-0.683144436361883,NA,2,0.5,0.129386933754047,"0.18442710036607",-0.0243323532687902,0.83349619832291
"450684",0.22656356969788,-0.0481985902422649,0.0874567245991556,-2.04281949976765,0.72407140512693,0.227305526892393,-0.631716827742182,NA,7,0.142857142857143,-0.208191098776534,"-0.220587383455004",-0.0243323532687902,0.83349619832291
"450686",0.665451327823838,0.34685109423097,0.345163833043198,-0.404214612936741,-0.524869796996136,-0.0869378766645246,-0.477434001883076,NA,7,0.142857142857143,-0.0194271476260676,"0.00588509659983147",-0.0243323532687902,0.83349619832291
"450688",0.243498145574122,0.404052858498588,NA,NA,1.14814598108083,0.618363984652114,-0.683144436361883,NA,5,0.2,0.346183306688755,"0.444531913526499",-0.0243323532687902,0.83349619832291
"450690",NA,NA,NA,NA,NA,NA,NA,NA,0,NA,NA,"NaN",-0.0243323532687902,0.83349619832291
"450694",NA,NA,NA,NA,NA,NA,0.0368420843139429,NA,1,1,0.0368420843139429,"0.0733949809319144",-0.0243323532687902,0.83349619832291
"450698",NA,NA,NA,NA,NA,NA,NA,NA,0,NA,NA,"NaN",-0.0243323532687902,0.83349619832291
"450702",0.528563506157542,0.309312436430346,0.307939472934614,0.675264820604416,0.496235260398754,0.648624460550187,0.756828604989769,-0.664508717790581,8,0.125,0.382282480534381,"0.487842457615676",-0.0243323532687902,0.83349619832291
"450709",-0.0867260840126113,0.947469619040956,1.19846070322458,NA,1.14814598108083,0.616036255736877,0.808256213609471,NA,6,0.166666666666667,0.771940448113351,"0.955340651804212",-0.0243323532687902,0.83349619832291
"450711",-1.85638926307998,-0.146514122577233,-0.151638203790594,NA,0.366518331283443,0.741733617159644,-0.837427262220988,NA,6,0.166666666666667,-0.313952817204284,"-0.347476646586084",-0.0243323532687902,0.83349619832291
"450713",-0.491744690386084,0.620347029635517,0.0845933122831107,NA,-0.438391844252595,0.662590834041606,0.0882696929336448,-0.390059329610375,7,0.142857142857143,0.0193721435206893,"0.0524351483275124",-0.0243323532687902,0.83349619832291
"450718",0.511628930281299,0.530969272967364,0.442519851788725,NA,-0.719445190669104,0.564826219601676,-0.477434001883076,NA,6,0.166666666666667,0.142177513681147,"0.199772797146495",-0.0243323532687902,0.83349619832291
"450723",0.0868533187188771,0.423715964965581,1.19846070322458,-2.09893610548103,0.0355738582841214,-0.377903991069078,0.139697301553347,NA,7,0.142857142857143,-0.0846484214005149,"-0.0723651388609662",-0.0243323532687902,0.83349619832291
"450730",NA,0.947469619040956,NA,NA,NA,0.222650069061921,0.551118170510961,-0.664508717790581,4,0.25,0.264182285205814,"0.346149915326703",-0.0243323532687902,0.83349619832291
"450742",0.881367170245933,0.947469619040956,0.793287860504226,-0.921507687421965,1.14814598108083,0.818548671362446,0.602545779130663,-0.115609941430166,8,0.125,0.519280931564116,"0.652208475487613",-0.0243323532687902,0.83349619832291
"450743",0.51586257425036,0.947469619040956,0.60859776611933,NA,1.14814598108083,0.806910026786264,0.551118170510961,NA,6,0.166666666666667,0.763017356298118,"0.944635033910348",-0.0243323532687902,0.83349619832291
"450747",NA,0.947469619040956,NA,NA,1.14814598108083,0.576464864177858,-0.271723567404269,NA,4,0.25,0.600089224223845,"0.749159478770321",-0.0243323532687902,0.83349619832291
"45074F",0.354984103426054,0.236022675962461,NA,NA,NA,NA,0.0882696929336448,0.570513529020354,4,0.25,0.312447500335628,"0.404056856266481",-0.0243323532687902,0.83349619832291
"450755",NA,NA,NA,NA,NA,NA,NA,NA,0,NA,NA,"NaN",-0.0243323532687902,0.83349619832291
"450771",0.881367170245933,0.370089310964689,0.883485348459641,-0.21035724774504,-0.064208394881503,0.380935635297998,-0.117440741545163,0.158839446750041,8,0.125,0.285338815943325,"0.371532791433493",-0.0243323532687902,0.83349619832291
"450774",NA,NA,NA,NA,NA,NA,0.242552518792751,0.844962917200563,2,0.5,0.543757717996657,"0.681574879895685",-0.0243323532687902,0.83349619832291
"450775",0.256199077481304,0.643585246369236,-0.0958016636277187,NA,0.434702870946619,0.879069623158593,0.448262953271558,-0.938958105970791,7,0.142857142857143,0.232437143089829,"0.308063188380786",-0.0243323532687902,0.83349619832291
"450779",0.225152355041526,0.947469619040956,1.19846070322458,0.580376741852688,0.687484578966201,0.592758966584513,0.242552518792751,-1.07618280006089,8,0.125,0.42475908543029,"0.538804423586699",-0.0243323532687902,0.83349619832291
"450788",0.624526102789584,0.756201219771109,0.239217577349536,-1.20311101791096,0.867092634664325,0.634658087058768,-0.426006393263374,NA,7,0.142857142857143,0.213225458636998,"0.285013671788524",-0.0243323532687902,0.83349619832291
"450801",-0.260305486744099,-0.0946750237097041,0.664434306282205,-0.428701859066219,-0.240490375474106,0.199372779909556,0.808256213609471,1.39386169356098,8,0.125,0.25521903104601,"0.335396112036612",-0.0243323532687902,0.83349619832291
"450804",NA,NA,NA,NA,NA,NA,1.42538751704589,2.2172098581016,2,0.5,1.82129868757375,"2.21432448588987",-0.0243323532687902,0.83349619832291
"450808",NA,NA,NA,NA,NA,NA,0.345407736032154,NA,1,1,0.345407736032154,"0.443601410594198",-0.0243323532687902,0.83349619832291
"450809",0.55961022859732,0.320037767230524,0.0831616061250883,0.82626950506953,0.130366998791465,0.602069882245459,0.756828604989769,1.11941230538077,8,0.125,0.549719612303741,"0.688727755120647",-0.0243323532687902,0.83349619832291
"450820",0.503161642343178,0.296799550496804,-0.110118725207943,-4.02424583241125,0.416409457866255,0.788288195464373,1.83680838600351,-0.938958105970791,8,0.125,-0.153981928926983,"-0.15554909058861",-0.0243323532687902,0.83349619832291
"450822",-1.02800625980044,NA,NA,1.12011645862327,NA,0.485683436483637,-0.168868350164865,NA,4,0.25,0.1022313212854,"0.151846732845154",-0.0243323532687902,0.83349619832291
"450825",NA,NA,NA,NA,NA,NA,0.0368420843139429,NA,1,1,0.0368420843139429,"0.0733949809319144",-0.0243323532687902,0.83349619832291
"450827",NA,NA,NA,NA,NA,NA,0.705400996370067,-1.07618280006089,2,0.5,-0.185390901845414,"-0.193232493322335",-0.0243323532687902,0.83349619832291
"450828",NA,NA,-0.112982137523988,NA,NA,0.941918303869977,0.345407736032154,NA,3,0.333333333333333,0.391447967459381,"0.498838892804513",-0.0243323532687902,0.83349619832291
"450831",NA,NA,NA,NA,NA,NA,NA,NA,0,NA,NA,"NaN",-0.0243323532687902,0.83349619832291
"450833",NA,NA,NA,NA,NA,NA,0.0368420843139429,NA,1,1,0.0368420843139429,"0.0733949809319144",-0.0243323532687902,0.83349619832291
"450834",NA,NA,NA,NA,NA,NA,0.345407736032154,1.39386169356098,2,0.5,0.869634714796566,"1.07255086449599",-0.0243323532687902,0.83349619832291
"450840",NA,NA,0.339437008411108,NA,NA,0.394902008789416,0.808256213609471,0.158839446750041,4,0.25,0.425358669390009,"0.53952378374806",-0.0243323532687902,0.83349619832291
"450844",0.425544836243732,0.690061679836676,0.157610326342256,-0.340955893768923,-0.611347749739677,0.778977279803427,1.99109121186261,NA,7,0.142857142857143,0.441568812940015,"0.558972155057518",-0.0243323532687902,0.83349619832291
"450847",0.881367170245933,0.527394162700638,-0.121572374472123,-1.01129425656338,1.14814598108083,0.390246550958943,0.705400996370067,NA,7,0.142857142857143,0.359955461474415,"0.46105526997776",-0.0243323532687902,0.83349619832291
"450848",0.449535485401743,0.468404843299657,0.562783169062611,NA,0.47627880976563,0.460078418416036,0.0882696929336448,NA,6,0.166666666666667,0.417558403146554,"0.53016529326046",-0.0243323532687902,0.83349619832291
"450851",NA,NA,NA,NA,NA,-0.0194337381226681,0.859683822229173,NA,2,0.5,0.420125042053252,"0.533244658123627",-0.0243323532687902,0.83349619832291
"450853",NA,NA,0.484039330371376,NA,NA,0.941918303869977,-0.58028921912248,-1.48785688233121,4,0.25,-0.160547116803084,"-0.163425776636262",-0.0243323532687902,0.83349619832291
"450855",0.881367170245933,0.947469619040956,0.197698098766885,NA,NA,0.0736754184867891,-0.477434001883076,0.844962917200563,6,0.166666666666667,0.411289870309675,"0.522644523700272",-0.0243323532687902,0.83349619832291
"450856",NA,NA,NA,NA,NA,NA,0.962539039468576,-0.664508717790581,2,0.5,0.149015160838997,"0.207976370446059",-0.0243323532687902,0.83349619832291
"450860",NA,NA,NA,NA,NA,NA,-0.271723567404269,-0.25283463552027,2,0.5,-0.26227910146227,"-0.285480304136066",-0.0243323532687902,0.83349619832291
"450862",-0.658268019835804,-0.393196730981334,-0.291945407276795,-0.961299462382367,-1.27157365818556,0.683540394278734,0.191124910173049,NA,7,0.142857142857143,-0.385945424887154,"-0.433850894996247",-0.0243323532687902,0.83349619832291
"450864",NA,0.947469619040956,NA,NA,NA,NA,1.01396664808828,0.43328883493025,3,0.333333333333333,0.798241700686494,"0.986895987780626",-0.0243323532687902,0.83349619832291
"450865",NA,NA,NA,NA,NA,NA,0.0368420843139429,NA,1,1,0.0368420843139429,"0.0733949809319144",-0.0243323532687902,0.83349619832291
"450867",NA,NA,NA,NA,NA,0.941918303869977,0.653973387750365,-0.527284023700479,3,0.333333333333333,0.356202555973288,"0.456552663356783",-0.0243323532687902,0.83349619832291
"450869",0.881367170245933,0.432653740632396,0.734587908025306,-1.06434995651059,0.635930414830629,0.741733617159644,0.602545779130663,-0.390059329610375,8,0.125,0.321801167987951,"0.415279064203534",-0.0243323532687902,0.83349619832291
"45086F",NA,-0.0839496929095258,NA,NA,NA,NA,0.653973387750365,-1.62508157642131,3,0.333333333333333,-0.351685960526824,"-0.392747570914789",-0.0243323532687902,0.83349619832291
"450872",NA,NA,1.19846070322458,NA,NA,NA,0.0368420843139429,NA,2,0.5,0.617651393769262,"0.770229964251544",-0.0243323532687902,0.83349619832291
"450874",NA,NA,NA,NA,NA,NA,0.345407736032154,0.43328883493025,2,0.5,0.389348285481202,"0.496319766763622",-0.0243323532687902,0.83349619832291
"450875",NA,NA,NA,NA,NA,NA,0.653973387750365,-0.25283463552027,2,0.5,0.200569376115047,"0.26982934035736",-0.0243323532687902,0.83349619832291
"450876",0.881367170245933,NA,NA,NA,NA,0.941918303869977,-1.60884139151652,NA,3,0.333333333333333,0.0714813608664642,"0.114953990585731",-0.0243323532687902,0.83349619832291
"450880",NA,NA,NA,NA,NA,NA,0.191124910173049,-3.82067668186298,2,0.5,-1.81477588584496,"-2.14811241632386",-0.0243323532687902,0.83349619832291
"450883",NA,NA,NA,NA,NA,NA,0.293980127412452,0.43328883493025,2,0.5,0.363634481171351,"0.465469230958432",-0.0243323532687902,0.83349619832291
"450885",NA,NA,1.19846070322458,NA,NA,-0.0124505513769588,0.705400996370067,NA,3,0.333333333333333,0.63047038273923,"0.785609745222064",-0.0243323532687902,0.83349619832291
"450888",NA,NA,NA,NA,NA,NA,0.242552518792751,0.0216147526599381,2,0.5,0.132083635726344,"0.187662510410799",-0.0243323532687902,0.83349619832291
"450889",NA,NA,NA,NA,NA,NA,0.345407736032154,0.296064140840146,2,0.5,0.32073593843615,"0.414001038516141",-0.0243323532687902,0.83349619832291
"450890",0.0882645333752305,0.589958592368345,0.0530957768066167,NA,1.14814598108083,0.830187315938629,-0.014585524305759,-0.25283463552027,7,0.142857142857143,0.348890291391947,"0.447779660437209",-0.0243323532687902,0.83349619832291
"450891",NA,NA,NA,0.364072734375632,NA,NA,0.242552518792751,NA,2,0.5,0.303312626584191,"0.39309714970775",-0.0243323532687902,0.83349619832291
"450893",NA,NA,NA,NA,NA,NA,0.396835344651856,NA,1,1,0.396835344651856,"0.505302482204579",-0.0243323532687902,0.83349619832291
"45090F",0.362040176707822,0.947469619040956,NA,NA,NA,NA,-0.528861610502778,1.11941230538077,4,0.25,0.475015122656693,"0.599099884234898",-0.0243323532687902,0.83349619832291
"451300",NA,NA,NA,NA,NA,NA,NA,NA,0,NA,NA,"NaN",-0.0243323532687902,0.83349619832291
"451301",NA,NA,NA,NA,NA,NA,NA,NA,0,NA,NA,"NaN",-0.0243323532687902,0.83349619832291
"451303",NA,NA,NA,NA,NA,NA,NA,NA,0,NA,NA,"NaN",-0.0243323532687902,0.83349619832291
"451304",NA,NA,NA,NA,NA,NA,NA,NA,0,NA,NA,"NaN",-0.0243323532687902,0.83349619832291
"451305",NA,NA,NA,NA,NA,NA,NA,NA,0,NA,NA,"NaN",-0.0243323532687902,0.83349619832291
"451306",NA,NA,NA,NA,NA,NA,NA,NA,0,NA,NA,"NaN",-0.0243323532687902,0.83349619832291
"451307",NA,NA,NA,NA,NA,NA,NA,NA,0,NA,NA,"NaN",-0.0243323532687902,0.83349619832291
"451308",NA,NA,NA,NA,NA,NA,NA,NA,0,NA,NA,"NaN",-0.0243323532687902,0.83349619832291
"451310",NA,NA,NA,NA,NA,NA,NA,NA,0,NA,NA,"NaN",-0.0243323532687902,0.83349619832291
"451311",NA,NA,NA,NA,NA,NA,NA,NA,0,NA,NA,"NaN",-0.0243323532687902,0.83349619832291
"451312",NA,NA,NA,NA,NA,NA,NA,NA,0,NA,NA,"NaN",-0.0243323532687902,0.83349619832291
"451313",NA,NA,NA,NA,NA,NA,NA,NA,0,NA,NA,"NaN",-0.0243323532687902,0.83349619832291
"451314",NA,NA,NA,NA,NA,NA,NA,NA,0,NA,NA,"NaN",-0.0243323532687902,0.83349619832291
"451315",NA,NA,NA,NA,NA,NA,NA,NA,0,NA,NA,"NaN",-0.0243323532687902,0.83349619832291
"451316",NA,NA,NA,NA,NA,NA,NA,NA,0,NA,NA,"NaN",-0.0243323532687902,0.83349619832291
"451317",NA,NA,NA,NA,NA,NA,NA,NA,0,NA,NA,"NaN",-0.0243323532687902,0.83349619832291
"451318",NA,NA,NA,NA,NA,NA,NA,NA,0,NA,NA,"NaN",-0.0243323532687902,0.83349619832291
"451319",NA,NA,NA,NA,NA,-0.0264169248683774,NA,NA,1,1,-0.0264169248683774,"-0.00250099712965886",-0.0243323532687902,0.83349619832291
"451320",NA,NA,NA,NA,NA,NA,NA,NA,0,NA,NA,"NaN",-0.0243323532687902,0.83349619832291
"451322",NA,NA,NA,NA,NA,NA,NA,NA,0,NA,NA,"NaN",-0.0243323532687902,0.83349619832291
"451323",NA,NA,NA,NA,NA,NA,NA,NA,0,NA,NA,"NaN",-0.0243323532687902,0.83349619832291
"451324",NA,NA,NA,NA,NA,NA,NA,NA,0,NA,NA,"NaN",-0.0243323532687902,0.83349619832291
"451325",NA,NA,NA,NA,NA,NA,NA,NA,0,NA,NA,"NaN",-0.0243323532687902,0.83349619832291
"451328",NA,NA,NA,NA,NA,NA,NA,NA,0,NA,NA,"NaN",-0.0243323532687902,0.83349619832291
"451329",NA,NA,NA,NA,NA,NA,NA,NA,0,NA,NA,"NaN",-0.0243323532687902,0.83349619832291
"451330",NA,NA,NA,NA,NA,-3.69724542419623,NA,NA,1,1,-3.69724542419623,"-4.40663446134219",-0.0243323532687902,0.83349619832291
"451331",NA,NA,NA,NA,NA,NA,NA,NA,0,NA,NA,"NaN",-0.0243323532687902,0.83349619832291
"451332",NA,NA,NA,NA,NA,NA,NA,NA,0,NA,NA,"NaN",-0.0243323532687902,0.83349619832291
"451333",NA,NA,NA,NA,NA,NA,NA,NA,0,NA,NA,"NaN",-0.0243323532687902,0.83349619832291
"451334",NA,NA,NA,NA,NA,NA,NA,NA,0,NA,NA,"NaN",-0.0243323532687902,0.83349619832291
"451337",NA,NA,NA,NA,NA,NA,NA,NA,0,NA,NA,"NaN",-0.0243323532687902,0.83349619832291
"451338",NA,NA,NA,NA,NA,NA,NA,NA,0,NA,NA,"NaN",-0.0243323532687902,0.83349619832291
"451340",NA,NA,NA,NA,NA,NA,NA,NA,0,NA,NA,"NaN",-0.0243323532687902,0.83349619832291
"451341",NA,NA,NA,NA,NA,NA,NA,NA,0,NA,NA,"NaN",-0.0243323532687902,0.83349619832291
"451342",NA,NA,NA,NA,NA,NA,NA,NA,0,NA,NA,"NaN",-0.0243323532687902,0.83349619832291
"451343",NA,NA,NA,NA,NA,NA,NA,NA,0,NA,NA,"NaN",-0.0243323532687902,0.83349619832291
"451344",NA,NA,NA,NA,NA,NA,NA,NA,0,NA,NA,"NaN",-0.0243323532687902,0.83349619832291
"451346",NA,NA,NA,NA,NA,NA,NA,NA,0,NA,NA,"NaN",-0.0243323532687902,0.83349619832291
"451347",NA,NA,NA,NA,NA,NA,NA,NA,0,NA,NA,"NaN",-0.0243323532687902,0.83349619832291
"451349",NA,NA,NA,NA,NA,NA,NA,NA,0,NA,NA,"NaN",-0.0243323532687902,0.83349619832291
"451350",NA,NA,NA,NA,NA,NA,NA,NA,0,NA,NA,"NaN",-0.0243323532687902,0.83349619832291
"451351",NA,NA,NA,NA,NA,NA,NA,NA,0,NA,NA,"NaN",-0.0243323532687902,0.83349619832291
"451352",NA,NA,NA,NA,NA,NA,NA,NA,0,NA,NA,"NaN",-0.0243323532687902,0.83349619832291
"451353",NA,NA,NA,NA,NA,NA,NA,NA,0,NA,NA,"NaN",-0.0243323532687902,0.83349619832291
"451354",NA,NA,NA,NA,NA,NA,NA,NA,0,NA,NA,"NaN",-0.0243323532687902,0.83349619832291
"451355",NA,NA,NA,NA,NA,NA,NA,NA,0,NA,NA,"NaN",-0.0243323532687902,0.83349619832291
"451356",NA,NA,NA,NA,NA,NA,NA,NA,0,NA,NA,"NaN",-0.0243323532687902,0.83349619832291
"451359",NA,NA,NA,NA,NA,NA,NA,NA,0,NA,NA,"NaN",-0.0243323532687902,0.83349619832291
"451361",NA,NA,NA,NA,NA,NA,NA,NA,0,NA,NA,"NaN",-0.0243323532687902,0.83349619832291
"451362",NA,NA,NA,NA,NA,NA,NA,NA,0,NA,NA,"NaN",-0.0243323532687902,0.83349619832291
"451363",NA,NA,NA,NA,NA,NA,NA,NA,0,NA,NA,"NaN",-0.0243323532687902,0.83349619832291
"451364",NA,NA,NA,NA,NA,NA,NA,NA,0,NA,NA,"NaN",-0.0243323532687902,0.83349619832291
"451365",NA,NA,NA,NA,NA,NA,NA,0.707738223110458,1,1,0.707738223110458,"0.87831303592297",-0.0243323532687902,0.83349619832291
"451367",NA,NA,NA,NA,NA,-1.32761738848554,NA,NA,1,1,-1.32761738848554,"-1.56363644829948",-0.0243323532687902,0.83349619832291
"451369",NA,NA,NA,NA,NA,NA,NA,NA,0,NA,NA,"NaN",-0.0243323532687902,0.83349619832291
"451370",NA,NA,NA,NA,NA,-8.8391985979535,NA,NA,1,1,-8.8391985979535,"-10.5757725859113",-0.0243323532687902,0.83349619832291
"451371",NA,NA,NA,NA,NA,NA,NA,NA,0,NA,NA,"NaN",-0.0243323532687902,0.83349619832291
"451372",NA,NA,NA,NA,NA,NA,NA,NA,0,NA,NA,"NaN",-0.0243323532687902,0.83349619832291
"451373",NA,NA,NA,NA,NA,NA,NA,NA,0,NA,NA,"NaN",-0.0243323532687902,0.83349619832291
"451374",NA,NA,NA,NA,NA,NA,NA,NA,0,NA,NA,"NaN",-0.0243323532687902,0.83349619832291
"451375",NA,NA,NA,NA,NA,NA,NA,NA,0,NA,NA,"NaN",-0.0243323532687902,0.83349619832291
"451376",NA,NA,NA,NA,NA,NA,NA,NA,0,NA,NA,"NaN",-0.0243323532687902,0.83349619832291
"451377",NA,NA,NA,NA,NA,NA,NA,NA,0,NA,NA,"NaN",-0.0243323532687902,0.83349619832291
"451378",NA,NA,NA,NA,NA,NA,NA,NA,0,NA,NA,"NaN",-0.0243323532687902,0.83349619832291
"451379",NA,NA,NA,NA,NA,-0.310399852527222,NA,1.11941230538077,2,0.5,0.404506226426775,"0.514505741667974",-0.0243323532687902,0.83349619832291
"451380",NA,0.947469619040956,NA,NA,NA,-1.43469291858642,NA,NA,2,0.5,-0.243611649772731,"-0.263083739248188",-0.0243323532687902,0.83349619832291
"451381",NA,NA,NA,NA,NA,NA,NA,NA,0,NA,NA,"NaN",-0.0243323532687902,0.83349619832291
"451382",NA,NA,NA,NA,NA,NA,NA,NA,0,NA,NA,"NaN",-0.0243323532687902,0.83349619832291
"451384",NA,NA,NA,NA,NA,NA,NA,NA,0,NA,NA,"NaN",-0.0243323532687902,0.83349619832291
"451385",NA,NA,NA,NA,NA,NA,NA,NA,0,NA,NA,"NaN",-0.0243323532687902,0.83349619832291
"451386",NA,NA,NA,NA,NA,NA,NA,NA,0,NA,NA,"NaN",-0.0243323532687902,0.83349619832291
"451387",NA,NA,NA,NA,NA,-0.778273364489744,NA,0.43328883493025,2,0.5,-0.172492264779747,"-0.177757153312843",-0.0243323532687902,0.83349619832291
"451389",NA,NA,NA,NA,NA,NA,NA,NA,0,NA,NA,"NaN",-0.0243323532687902,0.83349619832291
"451390",NA,NA,NA,NA,NA,NA,NA,NA,0,NA,NA,"NaN",-0.0243323532687902,0.83349619832291
"451391",NA,NA,NA,NA,NA,NA,NA,NA,0,NA,NA,"NaN",-0.0243323532687902,0.83349619832291
"451392",NA,NA,NA,NA,NA,-0.647920545236504,NA,NA,1,1,-0.647920545236504,"-0.748159611552452",-0.0243323532687902,0.83349619832291
"451393",NA,NA,NA,NA,NA,NA,NA,NA,0,NA,NA,"NaN",-0.0243323532687902,0.83349619832291
"451394",NA,NA,NA,NA,NA,NA,NA,NA,0,NA,NA,"NaN",-0.0243323532687902,0.83349619832291
"451395",NA,NA,NA,NA,NA,-1.76290269563475,NA,NA,1,1,-1.76290269563475,"-2.08587675128473",-0.0243323532687902,0.83349619832291
"451396",NA,NA,NA,NA,NA,NA,NA,NA,0,NA,NA,"NaN",-0.0243323532687902,0.83349619832291
"451397",NA,0.947469619040956,NA,NA,NA,-2.01196968956505,NA,NA,2,0.5,-0.532250035262048,"-0.609382121976377",-0.0243323532687902,0.83349619832291
"451398",NA,NA,NA,NA,NA,NA,NA,NA,0,NA,NA,"NaN",-0.0243323532687902,0.83349619832291
"451399",NA,NA,NA,NA,NA,NA,NA,NA,0,NA,NA,"NaN",-0.0243323532687902,0.83349619832291
"460001",0.525741076844835,0.582808371834893,0.451110088736859,NA,0.868755672217086,0.460078418416036,1.16824947394738,0.707738223110458,7,0.142857142857143,0.680640189301079,"0.845801749292144",-0.0243323532687902,0.83349619832291
"460003",0.881367170245933,0.947469619040956,NA,NA,NA,-1.91886053295559,0.602545779130663,-1.89953096460152,5,0.2,-0.277401785827913,"-0.303623979411457",-0.0243323532687902,0.83349619832291
"460004",-0.160109246142996,0.947469619040956,0.482607624213354,NA,0.411420345207974,0.460078418416036,1.06539425670798,-0.938958105970791,7,0.142857142857143,0.323986130210359,"0.417900506541009",-0.0243323532687902,0.83349619832291
"460005",0.144713119629373,0.182396021961569,0.00298606127583081,NA,1.14814598108083,0.501977538890292,1.06539425670798,-0.115609941430166,7,0.142857142857143,0.418571862587959,"0.531381206954421",-0.0243323532687902,0.83349619832291
"460006",0.439656982807268,0.947469619040956,0.714544021812991,0.212047747988456,-0.426750581383272,-0.0636605875121602,0.448262953271558,0.43328883493025,8,0.125,0.338107373869506,"0.434842687786179",-0.0243323532687902,0.83349619832291
"460007",NA,NA,NA,NA,NA,0.941918303869977,0.345407736032154,NA,2,0.5,0.643663019951065,"0.801437816469876",-0.0243323532687902,0.83349619832291
"460009",0.0854421040625235,-0.282368312712825,-0.964847301547349,0.702812972500078,0.160301674741152,-0.296433479035803,0.448262953271558,0.844962917200563,8,0.125,0.0872666910599871,"0.133892685477543",-0.0243323532687902,0.83349619832291
"460010",0.395909328460307,-0.210866107378303,1.19846070322458,1.12011645862327,0.15198648697735,0.113246810045808,0.705400996370067,NA,7,0.142857142857143,0.496322096617583,"0.624663256933852",-0.0243323532687902,0.83349619832291
"460011",NA,NA,NA,NA,NA,-0.68283647896505,0.448262953271558,-1.48785688233121,3,0.333333333333333,-0.574143469341567,"-0.659644419709484",-0.0243323532687902,0.83349619832291
"460013",NA,NA,NA,NA,NA,0.941918303869977,0.551118170510961,0.707738223110458,3,0.333333333333333,0.733591565830466,"0.909330985101415",-0.0243323532687902,0.83349619832291
"460014",NA,NA,NA,NA,NA,NA,0.139697301553347,0.570513529020354,2,0.5,0.35510541528685,"0.455236351790342",-0.0243323532687902,0.83349619832291
"460015",-0.435296104131941,0.947469619040956,0.388115017783872,NA,NA,-0.182374762189218,-0.220295958784567,-0.390059329610375,6,0.166666666666667,0.0179264136847877,"0.0507006115188137",-0.0243323532687902,0.83349619832291
"460017",NA,NA,NA,NA,NA,NA,0.242552518792751,NA,1,1,0.242552518792751,"0.320199267373437",-0.0243323532687902,0.83349619832291
"460019",NA,NA,NA,NA,NA,0.941918303869977,0.0882696929336448,-0.527284023700479,3,0.333333333333333,0.167634657701048,"0.230315400785388",-0.0243323532687902,0.83349619832291
"460021",0.0134701565884918,0.747263444104294,0.10177378617938,NA,0.76232126884042,0.304120581095196,0.962539039468576,-0.801733411880687,7,0.142857142857143,0.298536409199381,"0.387366808772278",-0.0243323532687902,0.83349619832291
"460023",NA,-0.368170959114251,0.333710183779018,NA,NA,0.113246810045808,0.49969056189126,NA,4,0.25,0.144619149150459,"0.202702187195573",-0.0243323532687902,0.83349619832291
"460026",NA,NA,NA,NA,NA,NA,0.191124910173049,NA,1,1,0.191124910173049,"0.258498195763056",-0.0243323532687902,0.83349619832291
"46002F",-0.769753977687735,-1.70704975400318,NA,NA,NA,NA,0.293980127412452,0.43328883493025,4,0.25,-0.437383692337053,"-0.495564754703584",-0.0243323532687902,0.83349619832291
"460030",NA,NA,NA,NA,NA,0.941918303869977,0.0882696929336448,NA,2,0.5,0.515093998401811,"0.647185137443925",-0.0243323532687902,0.83349619832291
"460039",NA,NA,NA,NA,NA,NA,NA,NA,0,NA,NA,"NaN",-0.0243323532687902,0.83349619832291
"460041",NA,0.947469619040956,0.0717079568609086,1.12011645862327,NA,0.541548930449311,0.808256213609471,0.158839446750041,6,0.166666666666667,0.607989770888992,"0.758638282250222",-0.0243323532687902,0.83349619832291
"460042",NA,NA,NA,NA,NA,0.941918303869977,0.653973387750365,NA,2,0.5,0.797945845810171,"0.986541031301018",-0.0243323532687902,0.83349619832291
"460043",NA,NA,NA,NA,NA,NA,NA,NA,0,NA,NA,"NaN",-0.0243323532687902,0.83349619832291
"460044",NA,NA,NA,NA,NA,-0.957508490962949,0.293980127412452,NA,2,0.5,-0.331764181775248,"-0.368846107666773",-0.0243323532687902,0.83349619832291
"460047",0.377563537927711,-0.504025149249843,0.163337150974346,0.622209120657213,0.579387138036775,0.399557466619889,0.602545779130663,0.707738223110458,8,0.125,0.368539158400902,"0.471353693586359",-0.0243323532687902,0.83349619832291
"460051",0.881367170245933,0.3647266455646,NA,NA,-2.67517735271534,-0.228929340493947,0.705400996370067,0.158839446750041,6,0.166666666666667,-0.132295405713108,"-0.129530347782692",-0.0243323532687902,0.83349619832291
"460052",0.881367170245933,NA,NA,NA,NA,0.941918303869977,0.293980127412452,0.296064140840146,4,0.25,0.603332435592127,"0.75305057194484",-0.0243323532687902,0.83349619832291
"460054",NA,NA,NA,NA,NA,NA,0.191124910173049,NA,1,1,0.191124910173049,"0.258498195763056",-0.0243323532687902,0.83349619832291
"460057",NA,NA,NA,NA,NA,0.941918303869977,0.293980127412452,0.982187611290668,3,0.333333333333333,0.739362014191032,"0.916254170080756",-0.0243323532687902,0.83349619832291
"460058",NA,NA,1.19846070322458,1.12011645862327,NA,-1.29502918367223,0.293980127412452,NA,4,0.25,0.329382026397017,"0.424374316736563",-0.0243323532687902,0.83349619832291
"460060",NA,NA,NA,NA,NA,0.941918303869977,-0.117440741545163,NA,2,0.5,0.412238781162407,"0.523782994223164",-0.0243323532687902,0.83349619832291
"460061",NA,NA,NA,NA,NA,0.941918303869977,0.242552518792751,NA,2,0.5,0.592235411331364,"0.739736744859496",-0.0243323532687902,0.83349619832291
"460062",NA,NA,NA,NA,NA,-0.445408129610935,-0.014585524305759,NA,2,0.5,-0.229996826958347,"-0.246749144271296",-0.0243323532687902,0.83349619832291
"461300",NA,NA,NA,NA,NA,NA,NA,NA,0,NA,NA,"NaN",-0.0243323532687902,0.83349619832291
"461301",NA,NA,NA,NA,NA,NA,NA,NA,0,NA,NA,"NaN",-0.0243323532687902,0.83349619832291
"461302",NA,NA,NA,NA,NA,NA,NA,NA,0,NA,NA,"NaN",-0.0243323532687902,0.83349619832291
"461303",NA,NA,NA,NA,NA,NA,NA,NA,0,NA,NA,"NaN",-0.0243323532687902,0.83349619832291
"461304",NA,NA,NA,NA,NA,NA,NA,1.39386169356098,1,1,1.39386169356098,"1.70150031839778",-0.0243323532687902,0.83349619832291
"461305",NA,0.947469619040956,NA,NA,NA,NA,NA,NA,1,1,0.947469619040956,"1.16593449887969",-0.0243323532687902,0.83349619832291
"461306",NA,NA,NA,NA,NA,NA,NA,-1.07618280006089,1,1,-1.07618280006089,"-1.26197389851153",-0.0243323532687902,0.83349619832291
"461307",NA,NA,NA,NA,NA,NA,NA,NA,0,NA,NA,"NaN",-0.0243323532687902,0.83349619832291
"461308",NA,NA,NA,NA,NA,NA,NA,NA,0,NA,NA,"NaN",-0.0243323532687902,0.83349619832291
"461309",NA,NA,NA,NA,NA,NA,NA,NA,0,NA,NA,"NaN",-0.0243323532687902,0.83349619832291
"461310",NA,NA,NA,NA,NA,NA,NA,NA,0,NA,NA,"NaN",-0.0243323532687902,0.83349619832291
"461333",NA,NA,NA,NA,NA,NA,NA,NA,0,NA,NA,"NaN",-0.0243323532687902,0.83349619832291
"461335",NA,NA,NA,NA,NA,NA,NA,NA,0,NA,NA,"NaN",-0.0243323532687902,0.83349619832291
"470001",0.881367170245933,-1.24586052959551,NA,NA,NA,-1.65815489444911,-3.8202285621637,-0.115609941430166,5,0.2,-1.19169735147851,"-1.40056427438853",-0.0243323532687902,0.83349619832291
"470003",-0.295585853152938,-0.979514814724415,-1.25118853315184,0.441615680452313,0.502887410609796,-0.464029960932826,-1.76312421737562,0.0216147526599381,8,0.125,-0.47341569195195,"-0.538794705466884",-0.0243323532687902,0.83349619832291
"470005",-0.148819528892168,0.947469619040956,1.19846070322458,NA,-1.0221180252715,-1.22752504513037,-1.96883465185443,-0.938958105970791,7,0.142857142857143,-0.451475004979103,"-0.512471025746456",-0.0243323532687902,0.83349619832291
"470011",NA,NA,NA,NA,NA,0.941918303869977,0.242552518792751,0.0216147526599381,3,0.333333333333333,0.402028525107555,"0.511533081055718",-0.0243323532687902,0.83349619832291
"470012",NA,-2.1753891989443,NA,NA,NA,-0.643265087406031,0.962539039468576,0.158839446750041,4,0.25,-0.424318950032928,"-0.479890127356258",-0.0243323532687902,0.83349619832291
"47001F",NA,NA,NA,NA,NA,NA,0.859683822229173,0.570513529020354,2,0.5,0.715098675624763,"0.887143853063006",-0.0243323532687902,0.83349619832291
"470024",NA,NA,1.19846070322458,NA,NA,0.597414424414986,-0.940282479460392,NA,3,0.333333333333333,0.285197549393058,"0.37136330469732",-0.0243323532687902,0.83349619832291
"471300",NA,NA,NA,NA,NA,-1.32063420173983,NA,NA,1,1,-1.32063420173983,"-1.55525826162057",-0.0243323532687902,0.83349619832291
"471301",NA,NA,NA,NA,NA,0.941918303869977,NA,NA,1,1,0.941918303869977,"1.15927422234555",-0.0243323532687902,0.83349619832291
"471302",NA,NA,NA,NA,NA,-2.03990243654789,NA,NA,1,1,-2.03990243654789,"-2.41821148954807",-0.0243323532687902,0.83349619832291
"471303",NA,0.947469619040956,NA,NA,NA,0.941918303869977,NA,NA,2,0.5,0.944693961455466,"1.16260436061262",-0.0243323532687902,0.83349619832291
"471304",NA,NA,NA,NA,NA,-2.19586027386873,NA,NA,1,1,-2.19586027386873,"-2.60532432537701",-0.0243323532687902,0.83349619832291
"471305",NA,NA,NA,NA,NA,-2.20284346061444,NA,0.707738223110458,2,0.5,-0.74755261875199,"-0.867694738066475",-0.0243323532687902,0.83349619832291
"471306",NA,NA,NA,NA,NA,0.941918303869977,NA,NA,1,1,0.941918303869977,"1.15927422234555",-0.0243323532687902,0.83349619832291
"471307",NA,NA,NA,NA,NA,-0.910953912658221,NA,NA,1,1,-0.910953912658221,"-1.06373797645798",-0.0243323532687902,0.83349619832291
"480001",NA,-0.847235734855549,NA,NA,NA,0.271532376281886,NA,NA,2,0.5,-0.287851679286832,"-0.316161401273663",-0.0243323532687902,0.83349619832291
"480002",NA,NA,NA,NA,NA,NA,NA,NA,0,NA,NA,"NaN",-0.0243323532687902,0.83349619832291
"490002",NA,NA,NA,NA,NA,0.941918303869977,NA,NA,1,1,0.941918303869977,"1.15927422234555",-0.0243323532687902,0.83349619832291
"490004",0.881367170245933,-0.652392225318977,1.19846070322458,NA,0.329931505122714,0.557843032855966,0.705400996370067,-0.527284023700479,7,0.142857142857143,0.356189594114258,"0.456537112165241",-0.0243323532687902,0.83349619832291
"490005",-0.1812774659883,0.286074219696626,1.07103885516058,NA,-0.0558932071177009,0.0876417919782077,0.808256213609471,1.11941230538077,7,0.142857142857143,0.447893244674237,"0.566559990187357",-0.0243323532687902,0.83349619832291
"490007",0.0614514549045129,0.126981812827314,0.952207244044719,NA,-0.130729896991919,0.166784575096246,-1.96883465185443,NA,6,0.166666666666667,-0.132023243662259,"-0.129203817138165",-0.0243323532687902,0.83349619832291
"490009",-0.548193276640226,-0.348507852647258,-0.322011236595267,-0.791929343320144,-0.375196417247699,-0.198668864595873,-0.014585524305759,-1.213407494151,8,0.125,-0.476562501187903,"-0.542570138686957",-0.0243323532687902,0.83349619832291
"490013",NA,NA,NA,NA,NA,0.941918303869977,0.448262953271558,NA,2,0.5,0.695090628570767,"0.863138888080257",-0.0243323532687902,0.83349619832291
"490017",0.881367170245933,0.947469619040956,-2.40084857804387,NA,-0.381848567458741,0.865103249667175,0.911111430848875,-0.527284023700479,7,0.142857142857143,0.0421529000856922,"0.0797667145792127",-0.0243323532687902,0.83349619832291
"490018",-0.481866187791609,-0.375321179647703,0.297917529828457,0.358971224765324,1.14814598108083,0.471717062992218,0.191124910173049,1.53108638765108,8,0.125,0.392721966131457,"0.500367392484103",-0.0243323532687902,0.83349619832291
"490019",NA,NA,-0.135889436052348,NA,NA,-0.305744394696749,0.0882696929336448,NA,3,0.333333333333333,-0.117788045938484,"-0.112124917735363",-0.0243323532687902,0.83349619832291
"490020",-0.24054848155515,0.947469619040956,-1.16385445751247,NA,NA,0.595086695499749,0.293980127412452,-0.390059329610375,6,0.166666666666667,0.00701236221252705,"0.0376063088762569",-0.0243323532687902,0.83349619832291
"490021",-0.446585821382769,0.105531151226958,-0.191725976215223,NA,0.755669118629378,0.541548930449311,-3.30595247596668,-0.115609941430166,7,0.142857142857143,-0.379589287812741,"-0.42622502089244",-0.0243323532687902,0.83349619832291
"490022",0.000769224681309695,0.947469619040956,0.962229187150876,NA,-0.599706486870354,0.499649809975056,-2.07168986909383,0.570513529020354,7,0.142857142857143,0.0441764305577663,"0.0821944766687647",-0.0243323532687902,0.83349619832291
"490023",NA,NA,NA,NA,NA,0.941918303869977,-0.88885487084069,-0.938958105970791,3,0.333333333333333,-0.295298224313835,"-0.325095509241984",-0.0243323532687902,0.83349619832291
"490024",0.174348627412798,-0.411072282314964,0.275010231300097,0.413047226634588,-0.483293858177126,0.0969527076391534,-0.014585524305759,-1.48785688233121,8,0.125,-0.179681219267803,"-0.186382213034195",-0.0243323532687902,0.83349619832291
"490032",-0.281473706589403,0.439803961165849,-0.536767160298635,-1.40717140232328,-0.155675460283325,-0.398853551306206,0.808256213609471,0.570513529020354,8,0.125,-0.120170947125647,"-0.114983840417863",-0.0243323532687902,0.83349619832291
"490033",NA,NA,NA,NA,NA,-0.473340876593772,-0.477434001883076,NA,2,0.5,-0.475387439238424,"-0.541160339875825",-0.0243323532687902,0.83349619832291
"490037",NA,NA,NA,NA,NA,0.941918303869977,0.293980127412452,NA,2,0.5,0.617949215641215,"0.770587280664686",-0.0243323532687902,0.83349619832291
"490038",NA,NA,NA,NA,NA,NA,0.139697301553347,NA,1,1,0.139697301553347,"0.196797124152676",-0.0243323532687902,0.83349619832291
"490040",0.0656850988735736,0.15379513982776,0.140429852445987,NA,-0.729423415985666,0.462406147331273,0.602545779130663,0.707738223110458,7,0.142857142857143,0.200453832104864,"0.269690714637871",-0.0243323532687902,0.83349619832291
"490041",NA,0.947469619040956,NA,NA,NA,0.941918303869977,1.21967708256709,-0.25283463552027,4,0.25,0.714057592489437,"0.885894797413537",-0.0243323532687902,0.83349619832291
"490042",0.326759810298983,0.527394162700638,-0.271901521064481,NA,1.14814598108083,-0.349971244086241,-3.61451812768489,NA,6,0.166666666666667,-0.372348489792526,"-0.417537761088754",-0.0243323532687902,0.83349619832291
"490043",-0.203856900489957,0.382602196898231,0.884917054617664,NA,1.14814598108083,0.211011424485738,1.6310979515247,1.11941230538077,7,0.142857142857143,0.739047144785426,"0.91587640062453",-0.0243323532687902,0.83349619832291
"490044",0.569488731191795,-0.155451898244048,0.736019614183328,0.0498197423806641,0.391463894574849,0.823204129192919,0.808256213609471,-0.801733411880687,8,0.125,0.302633376876036,"0.392282209328272",-0.0243323532687902,0.83349619832291
"490045",0.089675748031584,0.947469619040956,NA,NA,-0.185610136233013,0.448439773839854,0.962539039468576,NA,5,0.2,0.452502808829591,"0.572090386324291",-0.0243323532687902,0.83349619832291
"490046",0.727544772703394,0.659673242569504,0.93502677014845,NA,0.820527583187034,0.429817942517963,0.242552518792751,-2.03675565869162,7,0.142857142857143,0.254055310175353,"0.333999919860812",-0.0243323532687902,0.83349619832291
"490048",0.318292522360861,0.539907048634179,-1.15669592672236,NA,-0.218870887288221,0.723111785837753,1.37395990842619,-0.25283463552027,7,0.142857142857143,0.189552830818305,"0.256612069158152",-0.0243323532687902,0.83349619832291
"490050",0.161647695505616,-0.843660624588823,-0.0900748389956289,NA,-0.102458258594992,0.35998607506087,-0.477434001883076,-0.527284023700479,7,0.142857142857143,-0.217039711028073,"-0.231203643336386",-0.0243323532687902,0.83349619832291
"490052",0.627348532102291,0.572083041034715,0.668729424756273,0.786477730109128,-0.403468055644626,0.52292709912742,0.551118170510961,NA,7,0.142857142857143,0.475030848856595,"0.599118751987305",-0.0243323532687902,0.83349619832291
"490053",-2.45192184806118,0.110893816627047,0.10177378617938,NA,0.358203143519641,0.941918303869977,0.242552518792751,NA,6,0.166666666666667,-0.116096713178731,"-0.110095715006957",-0.0243323532687902,0.83349619832291
"490057",0.627348532102291,-0.123275905843513,-0.20747474395347,-0.491960578234038,-0.37685945480046,0.404212924450362,0.345407736032154,NA,7,0.142857142857143,0.0253426442504752,"0.0595983492416848",-0.0243323532687902,0.83349619832291
"490059",-0.208090544459018,-0.394984286114697,0.675887955546385,-0.375646159119017,0.142008261660788,0.4577506895008,-0.117440741545163,0.844962917200563,8,0.125,0.12805601158383,"0.182830305836119",-0.0243323532687902,0.83349619832291
"490060",0.881367170245933,0.947469619040956,NA,NA,NA,0.941918303869977,-0.426006393263374,NA,4,0.25,0.586187174973373,"0.732480279418909",-0.0243323532687902,0.83349619832291
"490063",0.019115015213906,-0.0499861453756279,0.0888884307571781,-0.0654743748122951,0.644245602594431,-0.338332599510059,0.705400996370067,0.0216147526599381,8,0.125,0.128183959737192,"0.182983813618902",-0.0243323532687902,0.83349619832291
"490066",0.0106477272757846,-0.0356857043087235,1.19846070322458,NA,1.14814598108083,0.518271641296947,1.11682186532768,-2.58565443505204,7,0.142857142857143,0.195858254120724,"0.26417709862692",-0.0243323532687902,0.83349619832291
"490067",0.209628993821637,-0.0821621377761627,-0.608352468199758,NA,0.597680551117139,0.339036514823742,0.139697301553347,NA,6,0.166666666666667,0.0992547925566574,"0.148275596306401",-0.0243323532687902,0.83349619832291
"490069",0.4721149199034,0.0304538356257095,-2.22045360213304,NA,-0.446707032016397,0.841825960514811,0.653973387750365,0.43328883493025,7,0.142857142857143,-0.0336433850607008,"-0.0111710549018045",-0.0243323532687902,0.83349619832291
"49006F",NA,NA,NA,NA,NA,NA,0.602545779130663,0.844962917200563,2,0.5,0.723754348165613,"0.897528630532017",-0.0243323532687902,0.83349619832291
"490075",-1.30601554710209,-0.148301677710596,1.19846070322458,NA,-0.963911710924884,0.378607906382761,0.242552518792751,-1.07618280006089,7,0.142857142857143,-0.23925580105691,"-0.257857742147559",-0.0243323532687902,0.83349619832291
"490077",-1.56850147318385,-0.88298683752281,0.622914827699554,NA,-1.42789918814504,0.094624978723917,0.705400996370067,-1.62508157642131,7,0.142857142857143,-0.583075467497068,"-0.670360723123312",-0.0243323532687902,0.83349619832291
"490084",NA,NA,NA,NA,NA,-0.0287446537836138,0.345407736032154,NA,2,0.5,0.15833154112427,"0.219153842285785",-0.0243323532687902,0.83349619832291
"490088",NA,NA,NA,NA,NA,0.941918303869977,0.293980127412452,NA,2,0.5,0.617949215641215,"0.770587280664686",-0.0243323532687902,0.83349619832291
"490089",NA,NA,NA,NA,NA,-0.263845274222493,0.242552518792751,NA,2,0.5,-0.0106463777148713,"0.0164199615804567",-0.0243323532687902,0.83349619832291
"490090",NA,NA,-0.21320156858556,NA,NA,0.941918303869977,-0.374578784643672,NA,3,0.333333333333333,0.118045983546915,"0.17082061934078",-0.0243323532687902,0.83349619832291
"490092",NA,NA,NA,NA,NA,0.941918303869977,0.345407736032154,NA,2,0.5,0.643663019951065,"0.801437816469876",-0.0243323532687902,0.83349619832291
"490093",0.881367170245933,0.527394162700638,-0.160228440738729,NA,1.14814598108083,0.385591093128471,0.602545779130663,NA,6,0.166666666666667,0.564135957591302,"0.706023989124555",-0.0243323532687902,0.83349619832291
"490094",NA,NA,NA,NA,NA,0.22963325580763,NA,NA,1,1,0.22963325580763,"0.30469918109696",-0.0243323532687902,0.83349619832291
"490097",NA,NA,NA,NA,NA,0.941918303869977,NA,NA,1,1,0.941918303869977,"1.15927422234555",-0.0243323532687902,0.83349619832291
"490098",NA,0.947469619040956,NA,NA,-0.331957440875929,0.683540394278734,0.139697301553347,NA,4,0.25,0.359687468499277,"0.460733741246522",-0.0243323532687902,0.83349619832291
"490101",0.089675748031584,0.947469619040956,0.412454022470253,NA,0.175269012715996,0.348347430484688,0.653973387750365,-0.801733411880687,7,0.142857142857143,0.260779401230451,"0.342067252463681",-0.0243323532687902,0.83349619832291
"490104",NA,NA,NA,NA,NA,NA,NA,NA,0,NA,NA,"NaN",-0.0243323532687902,0.83349619832291
"490107",0.308414019766386,0.386177307164957,0.290758999038344,NA,1.14814598108083,0.529910285873129,1.579670342905,0.43328883493025,7,0.142857142857143,0.668052252965557,"0.830699177305793",-0.0243323532687902,0.83349619832291
"49010F",0.185638344663626,0.275348888896448,NA,NA,NA,NA,-0.88885487084069,1.25663699947087,4,0.25,0.207192340547565,"0.277775344725278",-0.0243323532687902,0.83349619832291
"490110",-2.02996866581147,0.00364050862526368,1.19846070322458,NA,-1.63910495734561,0.0015158221144597,1.42538751704589,-0.25283463552027,7,0.142857142857143,-0.184700529666735,"-0.192404208586223",-0.0243323532687902,0.83349619832291
"490111",NA,NA,NA,NA,NA,0.941918303869977,0.191124910173049,NA,2,0.5,0.566521607021513,"0.708886209054306",-0.0243323532687902,0.83349619832291
"490112",0.407199045711136,0.409415523898677,-0.247562516378099,0.367133640141817,-0.154012422730565,0.62069171356735,-0.528861610502778,0.844962917200563,8,0.125,0.214870786363512,"0.286987679264293",-0.0243323532687902,0.83349619832291
"490113",-0.0655578641673078,0.30573732616362,-0.0442602419389103,NA,-1.6939851965867,0.585775779838804,0.448262953271558,NA,6,0.166666666666667,-0.0773378739031567,"-0.0635941960395497",-0.0243323532687902,0.83349619832291
"490114",NA,0.947469619040956,NA,NA,NA,0.941918303869977,-0.528861610502778,NA,3,0.333333333333333,0.453508770802718,"0.573297304814323",-0.0243323532687902,0.83349619832291
"490115",NA,NA,NA,NA,NA,-0.219618424833001,-0.271723567404269,NA,2,0.5,-0.245670996118635,"-0.265554471988239",-0.0243323532687902,0.83349619832291
"490116",NA,NA,NA,NA,NA,0.941918303869977,0.191124910173049,NA,2,0.5,0.566521607021513,"0.708886209054306",-0.0243323532687902,0.83349619832291
"490117",NA,NA,NA,NA,NA,NA,NA,NA,0,NA,NA,"NaN",-0.0243323532687902,0.83349619832291
"490118",0.490460710435996,0.947469619040956,1.04526814431618,0.789538635875313,-1.46282297675301,0.737078159329171,2.04251882048232,1.39386169356098,8,0.125,0.747921600785988,"0.926523666944903",-0.0243323532687902,0.83349619832291
"490119",-0.226436334991614,0.0501169420927031,1.19846070322458,NA,0.205203688665683,0.860447791836702,0.962539039468576,-0.25283463552027,7,0.142857142857143,0.399642456396623,"0.508670358087415",-0.0243323532687902,0.83349619832291
"49011F",NA,0.947469619040956,NA,NA,NA,NA,-1.1459929139392,-1.62508157642131,3,0.333333333333333,-0.607868290439852,"-0.700106297239511",-0.0243323532687902,0.83349619832291
"490120",0.881367170245933,0.0250911702256203,0.962229187150876,-0.188930907381747,0.0472151211534443,0.618363984652114,-1.50598617427711,-2.58565443505204,8,0.125,-0.218288110410364,"-0.232701429870748",-0.0243323532687902,0.83349619832291
"490122",0.881367170245933,-0.992027700657956,-0.0385334173068205,NA,-0.135719009650201,-0.126509268223544,-0.426006393263374,0.707738223110458,7,0.142857142857143,-0.0185271993922149,"0.00696482346080988",-0.0243323532687902,0.83349619832291
"490126",NA,NA,NA,NA,NA,0.941918303869977,0.396835344651856,NA,2,0.5,0.669376824260916,"0.832288352275067",-0.0243323532687902,0.83349619832291
"490127",NA,NA,NA,NA,NA,-0.273156189883439,0.0882696929336448,NA,2,0.5,-0.092443248474897,"-0.0817171036210529",-0.0243323532687902,0.83349619832291
"490130",NA,NA,NA,NA,NA,-2.55665825573038,0.551118170510961,0.844962917200563,3,0.333333333333333,-0.386859056006284,"-0.434947038111199",-0.0243323532687902,0.83349619832291
"490136",0.0981430359697054,0.00185295349190063,-2.72011905128288,NA,0.444681096263182,0.52292709912742,0.293980127412452,-0.938958105970791,7,0.142857142857143,-0.328213263569859,"-0.36458583843875",-0.0243323532687902,0.83349619832291
"490140",NA,NA,1.19846070322458,NA,NA,0.667246291872079,0.242552518792751,NA,3,0.333333333333333,0.70275317129647,"0.872332142639931",-0.0243323532687902,0.83349619832291
"490141",0.140479475660312,0.947469619040956,NA,NA,-3.4035878008244,0.706817683431098,0.808256213609471,0.844962917200563,6,0.166666666666667,0.00739968468633281,"0.0380710050255436",-0.0243323532687902,0.83349619832291
"490143",NA,NA,NA,NA,NA,0.941918303869977,-0.220295958784567,0.707738223110458,3,0.333333333333333,0.476453522731956,"0.600825627049512",-0.0243323532687902,0.83349619832291
"490144",NA,0.947469619040956,NA,NA,NA,0.576464864177858,0.653973387750365,0.0216147526599381,4,0.25,0.549880655907279,"0.688920969683428",-0.0243323532687902,0.83349619832291
"490145",NA,NA,-0.0471236542549552,NA,NA,0.941918303869977,0.653973387750365,0.570513529020354,4,0.25,0.529820391596435,"0.664853356236351",-0.0243323532687902,0.83349619832291
"491300",NA,NA,NA,NA,NA,NA,NA,NA,0,NA,NA,"NaN",-0.0243323532687902,0.83349619832291
"491302",NA,NA,NA,NA,NA,0.941918303869977,NA,NA,1,1,0.941918303869977,"1.15927422234555",-0.0243323532687902,0.83349619832291
"491303",NA,NA,NA,NA,NA,NA,NA,NA,0,NA,NA,"NaN",-0.0243323532687902,0.83349619832291
"491304",NA,NA,NA,NA,NA,-0.412819924797625,NA,NA,1,1,-0.412819924797625,"-0.466093993362557",-0.0243323532687902,0.83349619832291
"491305",NA,NA,NA,NA,NA,0.0503981293344248,NA,NA,1,1,0.0503981293344248,"0.0896590563383268",-0.0243323532687902,0.83349619832291
"491307",NA,NA,NA,NA,NA,0.941918303869977,NA,NA,1,1,0.941918303869977,"1.15927422234555",-0.0243323532687902,0.83349619832291
"491308",NA,NA,NA,NA,NA,-0.817844756048763,NA,NA,1,1,-0.817844756048763,"-0.952028820739208",-0.0243323532687902,0.83349619832291
"491309",NA,NA,NA,NA,NA,NA,NA,NA,0,NA,NA,"NaN",-0.0243323532687902,0.83349619832291
"500002",0.881367170245933,0.0590547177595184,-1.77376128083004,NA,1.14814598108083,-0.210307509172055,0.911111430848875,0.707738223110458,7,0.142857142857143,0.246192676149075,"0.324566602657808",-0.0243323532687902,0.83349619832291
"500003",0.028993517808381,-2.06456078067579,-1.26980071320613,NA,0.411420345207974,0.0666922317410798,-0.785999653601287,NA,6,0.166666666666667,-0.602209175454296,"-0.69331668620476",-0.0243323532687902,0.83349619832291
"500005",0.706376552858091,0.575658151301441,0.442519851788725,1.12011645862327,0.787266832131826,0.604397611160695,0.756828604989769,1.39386169356098,8,0.125,0.798378219551849,"0.987059778408141",-0.0243323532687902,0.83349619832291
"500007",NA,NA,1.19846070322458,NA,NA,0.024793111266824,-0.426006393263374,-1.213407494151,4,0.25,-0.104040018230742,"-0.0956305081202923",-0.0243323532687902,0.83349619832291
"500008",-0.606053077550722,-0.972364594190963,-0.223223511691717,-0.652147979997707,0.178595087821517,-0.345315786255768,0.653973387750365,-0.664508717790581,8,0.125,-0.328880648988197,"-0.365386544452384",-0.0243323532687902,0.83349619832291
"500011",0.274544868013901,-0.891924613189625,1.19846070322458,NA,0.318290242253391,0.110919081130572,0.49969056189126,NA,6,0.166666666666667,0.251663473887347,"0.3311302771524",-0.0243323532687902,0.83349619832291
"500014",0.330993454268043,0.230660010562371,-0.267606402590413,0.494671380399515,0.80389720765943,0.141179557028646,-0.0660131329254609,1.53108638765108,8,0.125,0.399858557756652,"0.508929629048054",-0.0243323532687902,0.83349619832291
"500015",0.367685035333236,0.947469619040956,0.197698098766885,NA,1.14814598108083,-0.0822824188340517,-0.117440741545163,NA,6,0.166666666666667,0.410212595640449,"0.521352046696307",-0.0243323532687902,0.83349619832291
"500016",-0.508679266262326,0.582808371834893,-1.70217597292891,NA,1.14814598108083,-0.177719304358745,-0.014585524305759,0.570513529020354,7,0.142857142857143,-0.0145274551313805,"0.0117635787147419",-0.0243323532687902,0.83349619832291
"500019",-0.469165255884427,-0.319906970513449,-1.86539047494347,NA,1.14814598108083,-1.12743270177521,0.396835344651856,-0.115609941430166,7,0.142857142857143,-0.336074859830576,"-0.374017910566416",-0.0243323532687902,0.83349619832291
"500021",0.18704955931998,0.182396021961569,NA,NA,0.482930959976671,0.562498490686439,-0.271723567404269,-0.390059329610375,6,0.166666666666667,0.125515355821669,"0.179782114653877",-0.0243323532687902,0.83349619832291
"500024",-0.306875570403767,-0.588040240517907,-0.175977208476976,0.552828589957025,1.14814598108083,0.0271208401820604,-1.86597943461503,1.25663699947087,8,0.125,0.00598249458463987,"0.0363707092059052",-0.0243323532687902,0.83349619832291
"500025",-0.435296104131941,-1.01705347252504,NA,NA,0.311638092042349,-0.240567985070129,0.293980127412452,NA,5,0.2,-0.217459868454462,"-0.231707733729639",-0.0243323532687902,0.83349619832291
"500026",0.172937412756444,-1.23334764366197,-0.671347539152746,NA,0.705777992046566,-0.622315527168903,0.602545779130663,NA,6,0.166666666666667,-0.174291587674991,"-0.179915918882337",-0.0243323532687902,0.83349619832291
"500027",-0.311109214372828,-0.414647392581691,-0.214633274743583,-0.602153185816689,0.142008261660788,0.185406406418138,-0.168868350164865,-0.664508717790581,8,0.125,-0.256063183423914,"-0.278022659997001",-0.0243323532687902,0.83349619832291
"500030",0.648516751947595,0.236022675962461,-0.483794032451804,NA,0.431376795841099,0.150490472689591,1.16824947394738,0.43328883493025,7,0.142857142857143,0.369164424695225,"0.472103866527257",-0.0243323532687902,0.83349619832291
"500031",NA,0.947469619040956,NA,NA,NA,-1.35322240655314,0.551118170510961,0.844962917200563,4,0.25,0.247582075049834,"0.3262335555528",-0.0243323532687902,0.83349619832291
"500033",NA,NA,NA,NA,NA,0.941918303869977,-0.785999653601287,NA,2,0.5,0.0779593251343453,"0.12272602875569",-0.0243323532687902,0.83349619832291
"500036",0.191283203289041,-0.100037689109793,1.19846070322458,NA,-1.92847349152592,0.204028237740029,0.191124910173049,NA,6,0.166666666666667,-0.040602354368169,"-0.0195201863333221",-0.0243323532687902,0.83349619832291
"500037",NA,NA,NA,NA,NA,NA,0.0368420843139429,NA,1,1,0.0368420843139429,"0.0733949809319144",-0.0243323532687902,0.83349619832291
"500039",0.220918711072465,0.0161533945588051,0.604302647645262,NA,0.296670754067506,0.397229737704653,0.551118170510961,-0.25283463552027,7,0.142857142857143,0.261936968577055,"0.343456061853493",-0.0243323532687902,0.83349619832291
"500041",0.881367170245933,-0.598765571318085,0.161905444816323,NA,1.14814598108083,0.755699990651063,0.345407736032154,0.570513529020354,7,0.142857142857143,0.466324897218368,"0.588673651390873",-0.0243323532687902,0.83349619832291
"500044",-0.278651277276696,0.636435025835784,0.925004827042292,NA,0.1918993882436,0.0480704004191883,-2.74024878114996,0.158839446750041,7,0.142857142857143,-0.151235852876535,"-0.152254443227323",-0.0243323532687902,0.83349619832291
"500050",0.263255150763072,0.0751427139597858,-1.62200042807966,NA,0.201877613560162,0.420507026857017,0.293980127412452,1.66831108174119,7,0.142857142857143,0.185867612316289,"0.252190671064877",-0.0243323532687902,0.83349619832291
"500051",0.242086930917769,-0.638091784252072,-0.787315737952565,-2.06832704781919,0.130366998791465,-0.0287446537836138,0.0882696929336448,-0.527284023700479,8,0.125,-0.44862995310813,"-0.509057630608364",-0.0243323532687902,0.83349619832291
"500052",NA,NA,NA,NA,NA,NA,0.0368420843139429,NA,1,1,0.0368420843139429,"0.0733949809319144",-0.0243323532687902,0.83349619832291
"500053",NA,0.246748006762639,NA,NA,1.14814598108083,-0.412819924797625,-0.271723567404269,0.570513529020354,5,0.2,0.256172804932387,"0.336540417059593",-0.0243323532687902,0.83349619832291
"500054",0.285834585264729,-0.584465130251181,-2.28058526076999,-1.49491736762058,0.649234715252712,0.134196370282936,0.602545779130663,-2.17398035278173,8,0.125,-0.607767082686554,"-0.699984871666723",-0.0243323532687902,0.83349619832291
"500058",-0.096604586607086,-1.22083475772843,-0.0442602419389103,0.381417867050679,0.426387683182817,-0.273156189883439,-0.014585524305759,0.0216147526599381,8,0.125,-0.102502624696273,"-0.093785996366595",-0.0243323532687902,0.83349619832291
"500060",NA,NA,-0.181704033109066,NA,NA,0.208683695570502,0.345407736032154,NA,3,0.333333333333333,0.124129132831197,"0.178118972106542",-0.0243323532687902,0.83349619832291
"500064",-0.419772742912052,-0.890137058056263,-1.41583474132442,NA,-0.651260651005927,-0.645592816321268,-0.734572044981585,NA,6,0.166666666666667,-0.79286167576692,"-0.922054982427633",-0.0243323532687902,0.83349619832291
"500072",-0.222202691022553,0.947469619040956,NA,NA,NA,0.606725340075931,0.859683822229173,NA,4,0.25,0.547919022580877,"0.686567469655054",-0.0243323532687902,0.83349619832291
"500077",0.446713056089035,-1.76425151827079,-2.10448540333322,NA,-0.822553518940249,0.217994611231448,0.448262953271558,NA,6,0.166666666666667,-0.596386636658705,"-0.686331004917543",-0.0243323532687902,0.83349619832291
"500079",-0.449408250695477,0.268198668362995,0.920709708568225,NA,-0.142371159861242,0.213339153400975,-1.81455182599532,0.43328883493025,7,0.142857142857143,-0.0815421244699426,"-0.0686383109080342",-0.0243323532687902,0.83349619832291
"500084",NA,NA,NA,NA,NA,NA,0.191124910173049,NA,1,1,0.191124910173049,"0.258498195763056",-0.0243323532687902,0.83349619832291
"500088",-0.384492376503213,-1.54974490226723,1.19846070322458,NA,-0.819227443834728,-1.03432354516575,-3.56309051906519,NA,6,0.166666666666667,-1.02540301393525,"-1.20105006199276",-0.0243323532687902,0.83349619832291
"500108",0.465058846621632,0.545269714034269,0.680183074020453,1.12011645862327,0.544463349428806,0.353002888315161,0.859683822229173,NA,7,0.142857142857143,0.652539736181823,"0.812087794536505",-0.0243323532687902,0.83349619832291
"500119",0.881367170245933,-0.114338130176698,0.436793027156635,NA,1.14814598108083,0.113246810045808,-0.88885487084069,0.296064140840146,7,0.142857142857143,0.267489161193138,"0.350117391116009",-0.0243323532687902,0.83349619832291
"50011F",NA,NA,NA,NA,NA,NA,NA,NA,0,NA,NA,"NaN",-0.0243323532687902,0.83349619832291
"500124",0.185638344663626,-0.582677575117817,0.396705254732006,NA,0.15032344942459,0.0643645028258433,1.27110469118679,-0.25283463552027,7,0.142857142857143,0.176089147456395,"0.240458806085086",-0.0243323532687902,0.83349619832291
"500129",0.120722470471362,-0.920525495323434,-0.307694175015042,-0.765401493346543,0.56109372495641,-0.370920804323369,-0.991710088080094,0.158839446750041,8,0.125,-0.314449551738833,"-0.348072611553349",-0.0243323532687902,0.83349619832291
"500139",0.881367170245933,0.947469619040956,0.435361320998612,NA,1.14814598108083,-1.85601185224421,-1.50598617427711,-0.25283463552027,7,0.142857142857143,-0.0289269386678942,"-0.00551242514164893",-0.0243323532687902,0.83349619832291
"500141",0.881367170245933,-0.369958514247614,0.385251605467827,NA,0.123714848580423,0.341364243738978,0.551118170510961,NA,6,0.166666666666667,0.318809587382751,"0.411689868942393",-0.0243323532687902,0.83349619832291
"500150",0.881367170245933,-2.46854824081584,0.611461178435375,NA,0.0122913325454757,-0.0357278405293231,-0.88885487084069,0.0216147526599381,7,0.142857142857143,-0.266628074042733,"-0.290698051486581",-0.0243323532687902,0.83349619832291
"500151",0.57936723378627,0.947469619040956,NA,NA,1.14814598108083,-0.629298713914613,1.01396664808828,NA,5,0.2,0.611930153616345,"0.763365817583054",-0.0243323532687902,0.83349619832291
"500152",-0.168576534081118,0.947469619040956,0.10750061081147,NA,-2.31097212866081,-0.149786557375908,0.293980127412452,NA,6,0.166666666666667,-0.21339747714216,"-0.226833816703413",-0.0243323532687902,0.83349619832291
"500154",NA,NA,NA,NA,NA,-1.33460057523125,0.191124910173049,NA,2,0.5,-0.571737832529101,"-0.656758219607664",-0.0243323532687902,0.83349619832291
"50030F",0.881367170245933,0.947469619040956,NA,NA,NA,NA,-3.51166291044549,NA,3,0.333333333333333,-0.560942040386199,"-0.643805800430919",-0.0243323532687902,0.83349619832291
"501302",NA,NA,NA,NA,NA,NA,NA,NA,0,NA,NA,"NaN",-0.0243323532687902,0.83349619832291
"501303",NA,NA,NA,NA,NA,NA,NA,NA,0,NA,NA,"NaN",-0.0243323532687902,0.83349619832291
"501304",NA,NA,NA,NA,NA,NA,NA,NA,0,NA,NA,"NaN",-0.0243323532687902,0.83349619832291
"501305",NA,NA,NA,NA,NA,0.941918303869977,NA,NA,1,1,0.941918303869977,"1.15927422234555",-0.0243323532687902,0.83349619832291
"501307",NA,NA,NA,NA,NA,NA,NA,NA,0,NA,NA,"NaN",-0.0243323532687902,0.83349619832291
"501308",NA,0.947469619040956,NA,NA,NA,0.941918303869977,NA,NA,2,0.5,0.944693961455466,"1.16260436061262",-0.0243323532687902,0.83349619832291
"501309",NA,NA,NA,NA,NA,NA,NA,NA,0,NA,NA,"NaN",-0.0243323532687902,0.83349619832291
"501310",NA,NA,NA,NA,NA,NA,NA,NA,0,NA,NA,"NaN",-0.0243323532687902,0.83349619832291
"501311",NA,NA,NA,NA,NA,NA,NA,NA,0,NA,NA,"NaN",-0.0243323532687902,0.83349619832291
"501312",NA,NA,NA,NA,NA,-4.25357263493773,NA,0.570513529020354,2,0.5,-1.84152955295869,"-2.18021054366692",-0.0243323532687902,0.83349619832291
"501313",NA,NA,NA,NA,NA,NA,NA,NA,0,NA,NA,"NaN",-0.0243323532687902,0.83349619832291
"501314",NA,NA,NA,NA,NA,NA,NA,NA,0,NA,NA,"NaN",-0.0243323532687902,0.83349619832291
"501315",NA,NA,NA,NA,NA,NA,NA,NA,0,NA,NA,"NaN",-0.0243323532687902,0.83349619832291
"501316",NA,NA,NA,NA,NA,NA,NA,NA,0,NA,NA,"NaN",-0.0243323532687902,0.83349619832291
"501317",NA,NA,NA,NA,NA,NA,NA,NA,0,NA,NA,"NaN",-0.0243323532687902,0.83349619832291
"501318",NA,NA,NA,NA,NA,NA,NA,NA,0,NA,NA,"NaN",-0.0243323532687902,0.83349619832291
"501319",NA,NA,NA,NA,NA,NA,NA,NA,0,NA,NA,"NaN",-0.0243323532687902,0.83349619832291
"501320",NA,NA,NA,NA,NA,NA,NA,NA,0,NA,NA,"NaN",-0.0243323532687902,0.83349619832291
"501321",NA,NA,NA,NA,NA,NA,NA,NA,0,NA,NA,"NaN",-0.0243323532687902,0.83349619832291
"501322",NA,NA,NA,NA,NA,NA,NA,NA,0,NA,NA,"NaN",-0.0243323532687902,0.83349619832291
"501323",NA,NA,NA,NA,NA,0.941918303869977,NA,0.0216147526599381,2,0.5,0.481766528264958,"0.607199987896858",-0.0243323532687902,0.83349619832291
"501324",NA,NA,NA,NA,NA,NA,NA,NA,0,NA,NA,"NaN",-0.0243323532687902,0.83349619832291
"501325",NA,NA,NA,NA,NA,NA,NA,NA,0,NA,NA,"NaN",-0.0243323532687902,0.83349619832291
"501326",NA,NA,NA,NA,NA,0.941918303869977,NA,NA,1,1,0.941918303869977,"1.15927422234555",-0.0243323532687902,0.83349619832291
"501327",NA,NA,NA,NA,NA,NA,NA,NA,0,NA,NA,"NaN",-0.0243323532687902,0.83349619832291
"501328",NA,0.947469619040956,NA,NA,NA,NA,NA,NA,1,1,0.947469619040956,"1.16593449887969",-0.0243323532687902,0.83349619832291
"501329",NA,-0.37353362451434,NA,NA,NA,-1.9002387016337,NA,NA,2,0.5,-1.13688616307402,"-1.33480370041737",-0.0243323532687902,0.83349619832291
"501330",NA,0.513093721633734,NA,NA,NA,-1.30434009933318,NA,NA,2,0.5,-0.395623188849722,"-0.445461942511569",-0.0243323532687902,0.83349619832291
"501331",NA,NA,NA,NA,NA,-2.59390191837416,NA,NA,1,1,-2.59390191837416,"-3.08288096607476",-0.0243323532687902,0.83349619832291
"501332",NA,NA,NA,NA,NA,NA,NA,NA,0,NA,NA,"NaN",-0.0243323532687902,0.83349619832291
"501333",NA,NA,-1.48312493075148,NA,NA,NA,NA,NA,1,1,-1.48312493075148,"-1.75020903564761",-0.0243323532687902,0.83349619832291
"501334",NA,NA,NA,NA,NA,NA,NA,NA,0,NA,NA,"NaN",-0.0243323532687902,0.83349619832291
"501335",NA,NA,NA,NA,NA,0.941918303869977,NA,NA,1,1,0.941918303869977,"1.15927422234555",-0.0243323532687902,0.83349619832291
"501336",NA,NA,NA,NA,NA,-0.32436622601864,NA,NA,1,1,-0.32436622601864,"-0.359970295429725",-0.0243323532687902,0.83349619832291
"501337",NA,NA,NA,NA,NA,-0.773617906659271,NA,-0.390059329610375,2,0.5,-0.581838618134823,"-0.668876793904759",-0.0243323532687902,0.83349619832291
"501338",NA,NA,NA,NA,NA,-0.587399593440357,NA,NA,1,1,-0.587399593440357,"-0.675548660335251",-0.0243323532687902,0.83349619832291
"501339",NA,NA,NA,NA,NA,-1.89558324380323,NA,NA,1,1,-1.89558324380323,"-2.24506229818398",-0.0243323532687902,0.83349619832291
"501340",NA,NA,NA,NA,NA,NA,NA,NA,0,NA,NA,"NaN",-0.0243323532687902,0.83349619832291
"510001",-0.223613905678907,0.182396021961569,-0.248994222536121,-0.511346314753208,0.43802894605214,-0.187030220019691,-5.46591203799416,0.158839446750041,8,0.125,-0.732204035777292,"-0.84928003742887",-0.0243323532687902,0.83349619832291
"510002",NA,0.947469619040956,NA,NA,NA,-2.24241485217346,-0.220295958784567,NA,3,0.333333333333333,-0.50508039730569,"-0.5767849271589",-0.0243323532687902,0.83349619832291
"510006",0.12354489978407,-1.32808806573021,-0.0156261187784611,NA,0.351550993308599,-0.22660161157871,1.06539425670798,0.707738223110458,7,0.142857142857143,0.0968446538319608,"0.145383994965512",-0.0243323532687902,0.83349619832291
"510007",-0.107894303857915,-0.146514122577233,-2.78454582839389,NA,-0.212218737077179,-0.072971503173106,-1.45455856565741,0.707738223110458,7,0.142857142857143,-0.581566405375182,"-0.668550202421572",-0.0243323532687902,0.83349619832291
"510008",0.4721149199034,0.947469619040956,0.295054117512412,NA,-0.152349385177805,-0.710769225947887,-0.014585524305759,1.39386169356098,7,0.142857142857143,0.318685173512328,"0.411540601470419",-0.0243323532687902,0.83349619832291
"510012",NA,NA,NA,NA,NA,-1.89325551488799,0.0882696929336448,NA,2,0.5,-0.902492910977174,"-1.05358675837436",-0.0243323532687902,0.83349619832291
"510013",NA,NA,NA,NA,NA,0.543876659364548,0.293980127412452,NA,2,0.5,0.4189283933885,"0.531808960315814",-0.0243323532687902,0.83349619832291
"510022",-0.583473643049065,0.162732915494575,-1.04788625871265,0.0590024596792182,-0.980542086452488,-0.482651792254717,-4.74592551731833,-0.115609941430166,8,0.125,-0.966794233005453,"-1.13073326744982",-0.0243323532687902,0.83349619832291
"510023",-1.8436883311728,-2.16466386814412,1.19846070322458,NA,-0.433402731594314,-0.738701972930725,0.139697301553347,NA,6,0.166666666666667,-0.640383149844004,"-0.739116504448106",-0.0243323532687902,0.83349619832291
"510024",0.881367170245933,0.947469619040956,1.19846070322458,NA,0.554441574745369,0.115574538961045,0.756828604989769,0.707738223110458,7,0.142857142857143,0.737411490616873,"0.913913999150062",-0.0243323532687902,0.83349619832291
"510029",0.175759842069151,-0.782883750054479,0.601439235329217,NA,-1.2699106206328,-1.86997822573563,-3.51166291044549,-1.62508157642131,7,0.142857142857143,-1.18318828655591,"-1.39035539168489",-0.0243323532687902,0.83349619832291
"51002F",NA,NA,NA,NA,NA,NA,0.242552518792751,NA,1,1,0.242552518792751,"0.320199267373437",-0.0243323532687902,0.83349619832291
"510030",NA,-2.42028425221504,NA,NA,NA,0.941918303869977,0.139697301553347,NA,3,0.333333333333333,-0.446222882263904,"-0.506169710004684",-0.0243323532687902,0.83349619832291
"510038",NA,NA,NA,NA,NA,-0.775945635574508,-0.374578784643672,0.43328883493025,3,0.333333333333333,-0.23907852842931,"-0.257645056561282",-0.0243323532687902,0.83349619832291
"51003F",NA,0.947469619040956,NA,NA,NA,NA,0.602545779130663,0.0216147526599381,3,0.333333333333333,0.523876716943852,"0.65772234032465",-0.0243323532687902,0.83349619832291
"510046",-2.31926767036395,-0.425372723381869,-0.28335517032866,NA,-1.36470376114014,-1.18562592465612,-0.58028921912248,0.158839446750041,7,0.142857142857143,-0.857110717463311,"-0.999138767363506",-0.0243323532687902,0.83349619832291
"510048",-2.89927689412526,-1.88044260193939,NA,NA,-1.85862591430998,-1.22752504513037,0.396835344651856,NA,5,0.2,-1.49380702217063,"-1.76302504061637",-0.0243323532687902,0.83349619832291
"51004F",NA,NA,NA,NA,NA,NA,0.859683822229173,0.982187611290668,2,0.5,0.92093571675992,"1.13410003780545",-0.0243323532687902,0.83349619832291
"510050",0.367685035333236,0.732963003037389,-0.337760004333514,NA,0.524506898795681,-0.426786298289043,0.0882696929336448,-3.13455321141246,7,0.142857142857143,-0.31223926913358,"-0.345420790693577",-0.0243323532687902,0.83349619832291
"510055",-0.1812774659883,0.30573732616362,-1.34568113958132,0.707914482110386,0.128703961238704,0.308776038925668,-0.220295958784567,-0.115609941430166,8,0.125,-0.0514665871682471,"-0.03255471825073",-0.0243323532687902,0.83349619832291
"510058",0.202572920539869,-0.0374732594420866,0.481175918055331,NA,0.579387138036775,-0.759651533167853,0.859683822229173,-1.76230627051142,7,0.142857142857143,-0.0623730377514582,"-0.0456399016086819",-0.0243323532687902,0.83349619832291
"51005F",NA,NA,NA,NA,NA,NA,0.191124910173049,0.982187611290668,2,0.5,0.586656260731858,"0.733043072337976",-0.0243323532687902,0.83349619832291
"510062",-0.723183894028068,-0.618428677785079,NA,NA,NA,0.355330617230397,0.808256213609471,NA,4,0.25,-0.0445064352433196,"-0.0242041679555612",-0.0243323532687902,0.83349619832291
"510070",0.624526102789584,0.58102081670153,NA,NA,-0.544826247629261,0.127213183537227,-0.014585524305759,NA,5,0.2,0.154669666218664,"0.214760451034602",-0.0243323532687902,0.83349619832291
"510072",NA,NA,NA,NA,NA,NA,NA,NA,0,NA,NA,"NaN",-0.0243323532687902,0.83349619832291
"510086",NA,NA,NA,NA,NA,0.941918303869977,NA,NA,1,1,0.941918303869977,"1.15927422234555",-0.0243323532687902,0.83349619832291
"510091",NA,NA,NA,NA,NA,NA,0.0368420843139429,0.296064140840146,2,0.5,0.166453112577044,"0.228897823684999",-0.0243323532687902,0.83349619832291
"510093",NA,NA,NA,NA,NA,NA,NA,NA,0,NA,NA,"NaN",-0.0243323532687902,0.83349619832291
"511300",NA,NA,NA,NA,NA,NA,NA,NA,0,NA,NA,"NaN",-0.0243323532687902,0.83349619832291
"511301",NA,NA,NA,NA,NA,NA,NA,NA,0,NA,NA,"NaN",-0.0243323532687902,0.83349619832291
"511303",NA,NA,NA,NA,NA,NA,NA,NA,0,NA,NA,"NaN",-0.0243323532687902,0.83349619832291
"511304",NA,NA,NA,NA,NA,NA,NA,NA,0,NA,NA,"NaN",-0.0243323532687902,0.83349619832291
"511306",NA,NA,NA,NA,NA,NA,NA,NA,0,NA,NA,"NaN",-0.0243323532687902,0.83349619832291
"511307",NA,NA,NA,NA,NA,NA,NA,NA,0,NA,NA,"NaN",-0.0243323532687902,0.83349619832291
"511308",NA,NA,NA,NA,NA,NA,NA,NA,0,NA,NA,"NaN",-0.0243323532687902,0.83349619832291
"511309",NA,NA,NA,NA,NA,0.941918303869977,NA,NA,1,1,0.941918303869977,"1.15927422234555",-0.0243323532687902,0.83349619832291
"511310",NA,NA,NA,NA,NA,-3.1781618760985,NA,NA,1,1,-3.1781618760985,"-3.78385591821004",-0.0243323532687902,0.83349619832291
"511311",NA,NA,NA,NA,NA,NA,NA,NA,0,NA,NA,"NaN",-0.0243323532687902,0.83349619832291
"511312",NA,NA,NA,NA,NA,NA,NA,NA,0,NA,NA,"NaN",-0.0243323532687902,0.83349619832291
"511313",NA,0.947469619040956,NA,NA,NA,NA,NA,NA,1,1,0.947469619040956,"1.16593449887969",-0.0243323532687902,0.83349619832291
"511314",NA,NA,NA,NA,NA,NA,NA,NA,0,NA,NA,"NaN",-0.0243323532687902,0.83349619832291
"511315",NA,NA,NA,NA,NA,-4.10692571327784,NA,NA,1,1,-4.10692571327784,"-4.89815474650478",-0.0243323532687902,0.83349619832291
"511316",NA,0.947469619040956,NA,NA,NA,-1.61392804505962,NA,NA,2,0.5,-0.333229213009334,"-0.370603801627505",-0.0243323532687902,0.83349619832291
"511317",NA,NA,NA,NA,NA,-0.910953912658221,NA,0.0216147526599381,2,0.5,-0.444669579999141,"-0.504306111504909",-0.0243323532687902,0.83349619832291
"511318",NA,NA,NA,NA,NA,NA,NA,NA,0,NA,NA,"NaN",-0.0243323532687902,0.83349619832291
"511319",NA,NA,NA,NA,NA,-2.22844847868204,NA,NA,1,1,-2.22844847868204,"-2.64442252987858",-0.0243323532687902,0.83349619832291
"511320",NA,-0.214441217645029,NA,NA,NA,0.941918303869977,NA,NA,2,0.5,0.363738543112474,"0.465594080887361",-0.0243323532687902,0.83349619832291
"511321",NA,NA,NA,NA,NA,0.0992804365543898,NA,NA,1,1,0.0992804365543898,"0.148306363090681",-0.0243323532687902,0.83349619832291
"511322",NA,0.947469619040956,NA,NA,NA,0.941918303869977,NA,NA,2,0.5,0.944693961455466,"1.16260436061262",-0.0243323532687902,0.83349619832291
"520002",NA,NA,1.19846070322458,NA,NA,-0.522223183813737,-0.837427262220988,NA,3,0.333333333333333,-0.0537299142700479,"-0.0352701800684982",-0.0243323532687902,0.83349619832291
"520004",0.881367170245933,0.947469619040956,-1.12806180356191,NA,1.14814598108083,0.117902267876281,0.756828604989769,NA,6,0.166666666666667,0.453941973278644,"0.573817046208222",-0.0243323532687902,0.83349619832291
"520008",0.628759746758645,0.00721561889198979,0.631505064647689,0.243677107572365,-0.180621023574732,0.0480704004191883,0.49969056189126,NA,7,0.142857142857143,0.268328210943772,"0.351124054076586",-0.0243323532687902,0.83349619832291
"520009",NA,NA,NA,NA,NA,-0.599038238016539,-1.0431376966998,0.0216147526599381,3,0.333333333333333,-0.540187060685466,"-0.618904691412672",-0.0243323532687902,0.83349619832291
"520011",NA,NA,NA,NA,NA,-0.512912268152791,-0.683144436361883,NA,2,0.5,-0.598028352257337,"-0.688300678686824",-0.0243323532687902,0.83349619832291
"520019",NA,NA,NA,NA,NA,-1.00173534035244,-0.168868350164865,NA,2,0.5,-0.585301845258653,"-0.673031854396694",-0.0243323532687902,0.83349619832291
"520021",-0.853015642412596,-0.189415445777946,-0.20174791932138,NA,-0.729423415985666,-0.81318929821829,-0.940282479460392,NA,6,0.166666666666667,-0.621179033529379,"-0.716076067847115",-0.0243323532687902,0.83349619832291
"520028",NA,NA,0.26498828819394,NA,NA,-0.471013147678535,0.345407736032154,NA,3,0.333333333333333,0.0464609588491862,"0.084935374942826",-0.0243323532687902,0.83349619832291
"52002F",NA,NA,NA,NA,NA,NA,NA,NA,0,NA,NA,"NaN",-0.0243323532687902,0.83349619832291
"520030",0.706376552858091,0.293224440230078,-0.185999151583133,NA,0.173605975163235,-0.39652582239097,0.139697301553347,-0.390059329610375,7,0.142857142857143,0.0486171380314677,"0.0875222843811893",-0.0243323532687902,0.83349619832291
"520033",NA,-0.400346951514786,NA,NA,NA,-0.403509009136679,0.49969056189126,NA,3,0.333333333333333,-0.101388466253402,"-0.092449267482752",-0.0243323532687902,0.83349619832291
"520034",NA,NA,NA,NA,NA,0.101608165469626,0.242552518792751,NA,2,0.5,0.172080342131188,"0.235649179678544",-0.0243323532687902,0.83349619832291
"520035",0.881367170245933,-0.00350971190818853,-0.403618487602547,NA,1.14814598108083,0.543876659364548,0.653973387750365,NA,6,0.166666666666667,0.470039166488491,"0.593129903594058",-0.0243323532687902,0.83349619832291
"520037",-0.296997067809292,0.150220029561034,0.212015160347109,NA,-0.0708605450925446,-1.01570171384386,-4.07736660526221,-0.938958105970791,7,0.142857142857143,-0.862521264010079,"-1.00563015455598",-0.0243323532687902,0.83349619832291
"520038",NA,NA,NA,NA,NA,0.941918303869977,0.242552518792751,NA,2,0.5,0.592235411331364,"0.739736744859496",-0.0243323532687902,0.83349619832291
"52003F",-0.618754009457904,-1.12251922539346,NA,NA,NA,NA,-1.0431376966998,1.11941230538077,4,0.25,-0.416249656542597,"-0.470208867253851",-0.0243323532687902,0.83349619832291
"520041",NA,NA,NA,NA,NA,0.941918303869977,0.191124910173049,NA,2,0.5,0.566521607021513,"0.708886209054306",-0.0243323532687902,0.83349619832291
"520044",NA,NA,NA,NA,NA,-0.294105750120567,0.345407736032154,NA,2,0.5,0.0256509929557935,"0.0599682953865368",-0.0243323532687902,0.83349619832291
"520045",0.881367170245933,0.947469619040956,0.339437008411108,NA,1.14814598108083,-0.68283647896505,-0.426006393263374,NA,6,0.166666666666667,0.367929484425068,"0.470622227771565",-0.0243323532687902,0.83349619832291
"520049",0.450946700058096,-1.91619370460665,0.890643879249754,NA,-0.819227443834728,-0.336004870594823,-1.55741378289682,NA,6,0.166666666666667,-0.547874870437528,"-0.628128260479371",-0.0243323532687902,0.83349619832291
"52004F",0.881367170245933,0.32361287749725,NA,NA,NA,NA,0.653973387750365,0.0216147526599381,4,0.25,0.470142047038372,"0.593253336130508",-0.0243323532687902,0.83349619832291
"520051",0.881367170245933,0.947469619040956,1.19846070322458,NA,-0.0592192822232217,-0.380231719984315,0.293980127412452,NA,6,0.166666666666667,0.480304436286064,"0.60544582035316",-0.0243323532687902,0.83349619832291
"520057",NA,NA,NA,NA,NA,-0.664214647643159,0.0882696929336448,NA,2,0.5,-0.287972477354757,"-0.316306330630471",-0.0243323532687902,0.83349619832291
"520059",0.881367170245933,-2.30230561341307,NA,NA,NA,-1.63254987638151,0.242552518792751,NA,4,0.25,-0.702733950188976,"-0.81392284486145",-0.0243323532687902,0.83349619832291
"520062",NA,NA,NA,NA,NA,0.443784316009381,0.602545779130663,1.66831108174119,3,0.333333333333333,0.904880392293744,"1.11483741309465",-0.0243323532687902,0.83349619832291
"520063",NA,0.947469619040956,NA,NA,NA,0.583448050923567,-0.837427262220988,-1.213407494151,4,0.25,-0.129979271601866,"-0.126751529935769",-0.0243323532687902,0.83349619832291
"520066",-0.891118438134142,0.495218170300103,-0.250425928694144,NA,1.14814598108083,0.0364317558430062,-0.837427262220988,0.844962917200563,7,0.142857142857143,0.0779695993393189,"0.122738355392565",-0.0243323532687902,0.83349619832291
"520070",-0.137529811641339,-0.448610940115589,0.0101445920659431,NA,0.579387138036775,-0.647920545236504,1.6310979515247,0.570513529020354,7,0.142857142857143,0.222440273379191,"0.296069288791618",-0.0243323532687902,0.83349619832291
"520071",NA,NA,NA,NA,NA,0.941918303869977,0.139697301553347,NA,2,0.5,0.540807802711662,"0.678035673249115",-0.0243323532687902,0.83349619832291
"520075",0.765647568424941,0.0340289458924356,0.91211947162009,NA,0.770636456604222,0.169112304011483,-1.2488481311786,NA,6,0.166666666666667,0.233782769229095,"0.309677624225812",-0.0243323532687902,0.83349619832291
"520076",NA,NA,NA,NA,NA,-0.0683160453426331,0.242552518792751,NA,2,0.5,0.0871182367250587,"0.133714575085166",-0.0243323532687902,0.83349619832291
"520078",NA,NA,NA,NA,NA,NA,0.191124910173049,NA,1,1,0.191124910173049,"0.258498195763056",-0.0243323532687902,0.83349619832291
"520083",0.401554187085721,6.53983585375735e-05,-0.835993747325328,-0.412377028313234,0.107084473052819,0.434473400348436,0.49969056189126,0.844962917200563,8,0.125,0.129932520287347,"0.185081676277031",-0.0243323532687902,0.83349619832291
"520087",-0.395782093754041,0.947469619040956,-0.654167065256477,-1.84590122880976,-0.258783788554471,0.0992804365543898,-0.271723567404269,NA,7,0.142857142857143,-0.33994395545481,"-0.378659918090889",-0.0243323532687902,0.83349619832291
"520088",0.881367170245933,0.947469619040956,1.19846070322458,NA,1.14814598108083,0.550859846110257,-0.32315117602397,NA,6,0.166666666666667,0.733858690613098,"0.90965147220522",-0.0243323532687902,0.83349619832291
"520089",0.593479380349806,-0.300243864046455,-0.85460592737962,-0.560320807012164,0.31330112959511,-0.887676623505856,0.859683822229173,NA,7,0.142857142857143,-0.119483269967144,"-0.114158789074033",-0.0243323532687902,0.83349619832291
"520091",NA,NA,NA,NA,NA,-0.910953912658221,NA,NA,1,1,-0.910953912658221,"-1.06373797645798",-0.0243323532687902,0.83349619832291
"520095",NA,NA,NA,NA,NA,NA,-0.0660131329254609,1.39386169356098,2,0.5,0.663924280317759,"0.825746578054466",-0.0243323532687902,0.83349619832291
"520096",-3.4510618247595,-0.743557537120492,NA,NA,NA,-0.177719304358745,0.705400996370067,0.296064140840146,5,0.2,-0.674174705805706,"-0.779658448166258",-0.0243323532687902,0.83349619832291
"520097",-0.260305486744099,-0.457548715782404,NA,NA,NA,0.546204388279784,-1.86597943461503,NA,4,0.25,-0.509407312215436,"-0.581976210476632",-0.0243323532687902,0.83349619832291
"520098",0.284423370608376,-0.605915791851537,-0.634123179044162,-0.141997018966914,0.0289217080730798,-0.731718786185015,-0.220295958784567,0.844962917200563,8,0.125,-0.146967842368772,"-0.147133831380082",-0.0243323532687902,0.83349619832291
"520100",0.881367170245933,0.947469619040956,1.19846070322458,NA,1.14814598108083,-0.131164726054017,-1.50598617427711,NA,6,0.166666666666667,0.423048762210196,"0.536752436758762",-0.0243323532687902,0.83349619832291
"520102",0.881367170245933,-0.827572628388556,NA,NA,NA,-0.359282159747187,0.551118170510961,NA,4,0.25,0.0614076381552879,"0.10286788541639",-0.0243323532687902,0.83349619832291
"520103",0.881367170245933,-0.319906970513449,-1.49314687385764,NA,1.14814598108083,0.227305526892393,0.756828604989769,0.0216147526599381,7,0.142857142857143,0.174601170213969,"0.23867358229472",-0.0243323532687902,0.83349619832291
"520107",NA,NA,NA,NA,NA,0.941918303869977,0.293980127412452,NA,2,0.5,0.617949215641215,"0.770587280664686",-0.0243323532687902,0.83349619832291
"520109",NA,NA,NA,NA,NA,NA,0.139697301553347,NA,1,1,0.139697301553347,"0.196797124152676",-0.0243323532687902,0.83349619832291
"520113",NA,NA,NA,NA,NA,0.0503981293344248,0.49969056189126,NA,2,0.5,0.275044345612842,"0.359181840881833",-0.0243323532687902,0.83349619832291
"520116",NA,NA,NA,NA,NA,0.941918303869977,0.448262953271558,0.570513529020354,3,0.333333333333333,0.65356492872063,"0.813317785196174",-0.0243323532687902,0.83349619832291
"520136",-0.145997099579461,0.947469619040956,1.19846070322458,NA,NA,-0.533861828389919,0.345407736032154,0.982187611290668,6,0.166666666666667,0.465611123603163,"0.587817290418092",-0.0243323532687902,0.83349619832291
"520138",0.00782529796307751,-0.434310499048684,-0.638418297518229,-0.309326534185014,0.00563918233443404,-0.373248533238605,-0.477434001883076,0.844962917200563,8,0.125,-0.171788808546942,"-0.176913170779724",-0.0243323532687902,0.83349619832291
"520139",-0.429651245506527,-0.593402905917996,-2.8232018946605,NA,0.546126386981567,0.231960984722866,-0.168868350164865,-0.25283463552027,7,0.142857142857143,-0.498553094295103,"-0.568953694066631",-0.0243323532687902,0.83349619832291
"520160",0.364862606020529,0.643585246369236,0.876326817669529,NA,1.14814598108083,-0.142803370630199,-2.79167638976966,0.158839446750041,7,0.142857142857143,0.0367543339271873,"0.0732897010434972",-0.0243323532687902,0.83349619832291
"520177",-0.316754072998242,0.278923999163174,-0.552515928036882,-1.03884240845905,0.426387683182817,-0.370920804323369,1.11682186532768,NA,7,0.142857142857143,-0.0652713808776953,"-0.0491172337573695",-0.0243323532687902,0.83349619832291
"520189",-0.0443896443220043,-0.745345092253855,-1.33279578415912,NA,0.306648979384068,-0.289450292290094,-1.0431376966998,NA,6,0.166666666666667,-0.524744921723467,"-0.600377745527292",-0.0243323532687902,0.83349619832291
"520193",0.596301809662513,-0.159027008510774,0.396705254732006,-0.893959535526302,0.426387683182817,-0.680508750049814,-0.0660131329254609,-0.664508717790581,8,0.125,-0.130577799653199,"-0.127469623254656",-0.0243323532687902,0.83349619832291
"520194",NA,NA,NA,NA,NA,NA,0.653973387750365,1.39386169356098,2,0.5,1.02391754065567,"1.25765407932713",-0.0243323532687902,0.83349619832291
"520196",NA,NA,NA,NA,NA,NA,0.345407736032154,-0.664508717790581,2,0.5,-0.159550490879214,"-0.162230059216224",-0.0243323532687902,0.83349619832291
"520198",-0.601819433581661,-1.60515911140148,-0.0156261187784611,NA,NA,-0.694475123541233,0.911111430848875,NA,5,0.2,-0.401193671290793,"-0.452145215275476",-0.0243323532687902,0.83349619832291
"520202",0.881367170245933,-2.74740684162047,0.670161130914295,NA,NA,-0.29177802120533,-0.785999653601287,NA,5,0.2,-0.454731243053373,"-0.516377747913661",-0.0243323532687902,0.83349619832291
"520205",NA,NA,NA,NA,NA,NA,0.293980127412452,-0.938958105970791,2,0.5,-0.322488989279169,"-0.357718051516377",-0.0243323532687902,0.83349619832291
"520206",-0.0415672150092972,-0.723894430653499,-1.42585668443058,NA,1.14814598108083,0.00384355102969613,0.345407736032154,NA,6,0.166666666666667,-0.115653510325115,"-0.109563975504716",-0.0243323532687902,0.83349619832291
"520207",0.284423370608376,0.504155945966918,-1.04359114023858,NA,1.14814598108083,-0.789912009065926,-0.271723567404269,0.707738223110458,7,0.142857142857143,0.0770338291511154,"0.121615650585889",-0.0243323532687902,0.83349619832291
"520208",NA,NA,NA,NA,NA,0.136524099198173,0.602545779130663,NA,2,0.5,0.369534939164418,"0.472548397012145",-0.0243323532687902,0.83349619832291
"520210",NA,NA,0.339437008411108,NA,NA,-3.29454832186032,-0.374578784643672,NA,3,0.333333333333333,-1.1098966993643,"-1.30242267244864",-0.0243323532687902,0.83349619832291
"520212",NA,NA,1.19846070322458,NA,NA,-0.589727322355593,0.551118170510961,NA,3,0.333333333333333,0.386617183793317,"0.493043085126224",-0.0243323532687902,0.83349619832291
"520213",NA,NA,NA,NA,NA,NA,NA,NA,0,NA,NA,"NaN",-0.0243323532687902,0.83349619832291
"520214",NA,NA,NA,NA,NA,NA,NA,NA,0,NA,NA,"NaN",-0.0243323532687902,0.83349619832291
"520215",NA,NA,NA,NA,NA,NA,NA,NA,0,NA,NA,"NaN",-0.0243323532687902,0.83349619832291
"521300",NA,NA,NA,NA,NA,NA,NA,NA,0,NA,NA,"NaN",-0.0243323532687902,0.83349619832291
"521302",NA,NA,NA,NA,NA,0.941918303869977,NA,NA,1,1,0.941918303869977,"1.15927422234555",-0.0243323532687902,0.83349619832291
"521303",NA,NA,NA,NA,NA,NA,NA,NA,0,NA,NA,"NaN",-0.0243323532687902,0.83349619832291
"521304",NA,NA,NA,NA,NA,NA,NA,NA,0,NA,NA,"NaN",-0.0243323532687902,0.83349619832291
"521305",NA,NA,NA,NA,NA,-1.30434009933318,NA,NA,1,1,-1.30434009933318,"-1.53570915936978",-0.0243323532687902,0.83349619832291
"521307",NA,NA,NA,NA,NA,NA,NA,NA,0,NA,NA,"NaN",-0.0243323532687902,0.83349619832291
"521308",NA,NA,NA,NA,NA,-2.14232250881829,NA,NA,1,1,-2.14232250881829,"-2.54109156083872",-0.0243323532687902,0.83349619832291
"521309",NA,NA,NA,NA,NA,NA,NA,NA,0,NA,NA,"NaN",-0.0243323532687902,0.83349619832291
"521310",NA,NA,NA,NA,NA,NA,NA,NA,0,NA,NA,"NaN",-0.0243323532687902,0.83349619832291
"521311",NA,NA,NA,NA,NA,NA,NA,NA,0,NA,NA,"NaN",-0.0243323532687902,0.83349619832291
"521312",NA,NA,NA,NA,NA,NA,NA,0.982187611290668,1,1,0.982187611290668,"1.20758794891289",-0.0243323532687902,0.83349619832291
"521313",NA,NA,NA,NA,NA,NA,NA,NA,0,NA,NA,"NaN",-0.0243323532687902,0.83349619832291
"521314",NA,NA,NA,NA,NA,-0.159097473036854,NA,NA,1,1,-0.159097473036854,"-0.161686544028907",-0.0243323532687902,0.83349619832291
"521315",NA,NA,NA,NA,NA,0.941918303869977,NA,NA,1,1,0.941918303869977,"1.15927422234555",-0.0243323532687902,0.83349619832291
"521316",NA,NA,NA,NA,NA,-1.20192002706277,NA,NA,1,1,-1.20192002706277,"-1.41282908807914",-0.0243323532687902,0.83349619832291
"521317",NA,NA,NA,NA,NA,NA,NA,NA,0,NA,NA,"NaN",-0.0243323532687902,0.83349619832291
"521318",NA,NA,NA,NA,NA,NA,NA,NA,0,NA,NA,"NaN",-0.0243323532687902,0.83349619832291
"521319",NA,NA,NA,NA,NA,NA,NA,NA,0,NA,NA,"NaN",-0.0243323532687902,0.83349619832291
"521320",NA,0.947469619040956,NA,NA,NA,-0.636281900660322,NA,NA,2,0.5,0.155593859190317,"0.21586926589604",-0.0243323532687902,0.83349619832291
"521321",NA,NA,NA,NA,NA,NA,NA,NA,0,NA,NA,"NaN",-0.0243323532687902,0.83349619832291
"521322",NA,NA,NA,NA,NA,NA,NA,NA,0,NA,NA,"NaN",-0.0243323532687902,0.83349619832291
"521323",NA,NA,NA,NA,NA,NA,NA,NA,0,NA,NA,"NaN",-0.0243323532687902,0.83349619832291
"521324",NA,NA,NA,NA,NA,0.941918303869977,NA,NA,1,1,0.941918303869977,"1.15927422234555",-0.0243323532687902,0.83349619832291
"521325",NA,NA,NA,NA,NA,NA,NA,NA,0,NA,NA,"NaN",-0.0243323532687902,0.83349619832291
"521326",NA,NA,NA,NA,NA,-1.01337398492862,NA,NA,1,1,-1.01337398492862,"-1.18661804774863",-0.0243323532687902,0.83349619832291
"521327",NA,NA,1.19846070322458,NA,NA,NA,NA,NA,1,1,1.19846070322458,"1.46706494757117",-0.0243323532687902,0.83349619832291
"521328",NA,NA,NA,NA,NA,NA,NA,NA,0,NA,NA,"NaN",-0.0243323532687902,0.83349619832291
"521329",NA,NA,NA,NA,NA,0.941918303869977,NA,NA,1,1,0.941918303869977,"1.15927422234555",-0.0243323532687902,0.83349619832291
"521330",NA,NA,NA,NA,NA,NA,NA,NA,0,NA,NA,"NaN",-0.0243323532687902,0.83349619832291
"521331",NA,NA,NA,NA,NA,NA,NA,NA,0,NA,NA,"NaN",-0.0243323532687902,0.83349619832291
"521332",NA,NA,NA,NA,NA,NA,NA,NA,0,NA,NA,"NaN",-0.0243323532687902,0.83349619832291
"521333",NA,NA,NA,NA,NA,-2.26103668349535,NA,NA,1,1,-2.26103668349535,"-2.68352073438015",-0.0243323532687902,0.83349619832291
"521334",NA,NA,NA,NA,NA,-0.685164207880287,NA,NA,1,1,-0.685164207880287,"-0.79284327383996",-0.0243323532687902,0.83349619832291
"521335",NA,NA,NA,NA,NA,0.941918303869977,NA,NA,1,1,0.941918303869977,"1.15927422234555",-0.0243323532687902,0.83349619832291
"521336",NA,NA,NA,NA,NA,-0.361609888662423,NA,NA,1,1,-0.361609888662423,"-0.404653957717233",-0.0243323532687902,0.83349619832291
"521337",NA,NA,NA,NA,NA,-1.47426431014544,NA,0.570513529020354,2,0.5,-0.451875390562541,"-0.512951394564267",-0.0243323532687902,0.83349619832291
"521338",NA,NA,NA,NA,NA,NA,NA,0.844962917200563,1,1,0.844962917200563,"1.04295049241793",-0.0243323532687902,0.83349619832291
"521339",NA,NA,NA,NA,NA,-2.9989267496253,NA,NA,1,1,-2.9989267496253,"-3.56881579345141",-0.0243323532687902,0.83349619832291
"521340",NA,NA,NA,NA,NA,-1.12510497285997,NA,NA,1,1,-1.12510497285997,"-1.32066903461115",-0.0243323532687902,0.83349619832291
"521341",NA,NA,NA,NA,NA,-11.4974650191535,NA,NA,1,1,-11.4974650191535,"-13.7650689816822",-0.0243323532687902,0.83349619832291
"521342",NA,NA,NA,NA,NA,NA,NA,NA,0,NA,NA,"NaN",-0.0243323532687902,0.83349619832291
"521343",NA,NA,NA,NA,NA,NA,NA,NA,0,NA,NA,"NaN",-0.0243323532687902,0.83349619832291
"521344",NA,NA,NA,NA,NA,NA,NA,NA,0,NA,NA,"NaN",-0.0243323532687902,0.83349619832291
"521345",NA,NA,NA,NA,NA,0.941918303869977,NA,NA,1,1,0.941918303869977,"1.15927422234555",-0.0243323532687902,0.83349619832291
"521346",NA,NA,NA,NA,NA,0.941918303869977,NA,NA,1,1,0.941918303869977,"1.15927422234555",-0.0243323532687902,0.83349619832291
"521347",NA,NA,NA,NA,NA,NA,NA,NA,0,NA,NA,"NaN",-0.0243323532687902,0.83349619832291
"521348",NA,NA,NA,NA,NA,0.941918303869977,NA,0.570513529020354,2,0.5,0.756215916445166,"0.936474900886781",-0.0243323532687902,0.83349619832291
"521349",NA,0.947469619040956,NA,NA,NA,0.941918303869977,NA,NA,2,0.5,0.944693961455466,"1.16260436061262",-0.0243323532687902,0.83349619832291
"521350",NA,NA,NA,NA,NA,0.941918303869977,NA,NA,1,1,0.941918303869977,"1.15927422234555",-0.0243323532687902,0.83349619832291
"521351",NA,NA,NA,NA,NA,0.941918303869977,NA,NA,1,1,0.941918303869977,"1.15927422234555",-0.0243323532687902,0.83349619832291
"521352",NA,0.947469619040956,NA,NA,NA,-1.96774284017556,NA,NA,2,0.5,-0.510136610567302,"-0.582851197493169",-0.0243323532687902,0.83349619832291
"521353",NA,NA,NA,NA,NA,NA,NA,NA,0,NA,NA,"NaN",-0.0243323532687902,0.83349619832291
"521354",NA,NA,NA,NA,NA,NA,NA,2.35443455219171,1,1,2.35443455219171,"2.85396251386251",-0.0243323532687902,0.83349619832291
"521355",NA,NA,NA,NA,NA,NA,NA,NA,0,NA,NA,"NaN",-0.0243323532687902,0.83349619832291
"521356",NA,NA,NA,NA,NA,NA,NA,NA,0,NA,NA,"NaN",-0.0243323532687902,0.83349619832291
"521357",NA,NA,NA,NA,NA,0.941918303869977,NA,-0.527284023700479,2,0.5,0.207317140084749,"0.277925074906934",-0.0243323532687902,0.83349619832291
"521358",NA,NA,NA,NA,NA,-0.436097213949989,NA,NA,1,1,-0.436097213949989,"-0.494021282292249",-0.0243323532687902,0.83349619832291
"521359",NA,NA,NA,NA,NA,0.941918303869977,NA,NA,1,1,0.941918303869977,"1.15927422234555",-0.0243323532687902,0.83349619832291
"530002",NA,NA,1.19846070322458,NA,NA,0.941918303869977,-0.785999653601287,NA,3,0.333333333333333,0.451459784497757,"0.570839001694184",-0.0243323532687902,0.83349619832291
"530006",NA,NA,NA,NA,NA,0.941918303869977,-0.374578784643672,0.158839446750041,3,0.333333333333333,0.242059655325449,"0.319607946779182",-0.0243323532687902,0.83349619832291
"530008",NA,NA,NA,NA,NA,0.057381316080134,0.191124910173049,0.570513529020354,3,0.333333333333333,0.273006585091179,"0.356737006069433",-0.0243323532687902,0.83349619832291
"530012",-0.294174638496585,0.690061679836676,0.283600468248232,NA,-0.275414164082075,0.0317762980125333,-1.0945653053195,0.43328883493025,7,0.142857142857143,-0.0322038324100666,"-0.00944392926700175",-0.0243323532687902,0.83349619832291
"530014",0.881367170245933,-0.0231728183751821,0.383819899309804,NA,-0.100795221042232,-0.191685677850164,0.396835344651856,-1.213407494151,7,0.142857142857143,0.0189944575412879,"0.0519820137119481",-0.0243323532687902,0.83349619832291
"530015",NA,NA,NA,NA,NA,0.220322340146684,-1.0431376966998,0.158839446750041,3,0.333333333333333,-0.22132530326769,"-0.236345349139291",-0.0243323532687902,0.83349619832291
"530025",NA,NA,NA,NA,NA,-1.00173534035244,0.448262953271558,NA,2,0.5,-0.276736193540442,"-0.302825424734411",-0.0243323532687902,0.83349619832291
"530034",NA,NA,NA,NA,NA,NA,0.139697301553347,-1.213407494151,2,0.5,-0.536855096298826,"-0.61490711542691",-0.0243323532687902,0.83349619832291
"53004F",NA,NA,NA,NA,NA,NA,0.139697301553347,NA,1,1,0.139697301553347,"0.196797124152676",-0.0243323532687902,0.83349619832291
"53005F",NA,NA,NA,NA,NA,NA,NA,NA,0,NA,NA,"NaN",-0.0243323532687902,0.83349619832291
"531301",NA,NA,NA,NA,NA,NA,NA,NA,0,NA,NA,"NaN",-0.0243323532687902,0.83349619832291
"531302",NA,NA,NA,NA,NA,NA,NA,0.707738223110458,1,1,0.707738223110458,"0.87831303592297",-0.0243323532687902,0.83349619832291
"531303",NA,NA,NA,NA,NA,NA,NA,NA,0,NA,NA,"NaN",-0.0243323532687902,0.83349619832291
"531304",NA,NA,NA,NA,NA,NA,NA,NA,0,NA,NA,"NaN",-0.0243323532687902,0.83349619832291
"531305",NA,NA,NA,NA,NA,NA,NA,NA,0,NA,NA,"NaN",-0.0243323532687902,0.83349619832291
"531306",NA,NA,NA,NA,NA,NA,NA,NA,0,NA,NA,"NaN",-0.0243323532687902,0.83349619832291
"531307",NA,NA,NA,NA,NA,NA,NA,NA,0,NA,NA,"NaN",-0.0243323532687902,0.83349619832291
"531308",NA,NA,NA,NA,NA,NA,NA,NA,0,NA,NA,"NaN",-0.0243323532687902,0.83349619832291
"531309",NA,NA,NA,NA,NA,NA,NA,NA,0,NA,NA,"NaN",-0.0243323532687902,0.83349619832291
"531310",NA,NA,NA,NA,NA,NA,NA,0.707738223110458,1,1,0.707738223110458,"0.87831303592297",-0.0243323532687902,0.83349619832291
"531311",NA,NA,NA,NA,NA,NA,NA,NA,0,NA,NA,"NaN",-0.0243323532687902,0.83349619832291
"531312",NA,0.947469619040956,NA,NA,NA,-0.808533840387818,NA,NA,2,0.5,0.0694678893265689,"0.112538296856178",-0.0243323532687902,0.83349619832291
"531313",NA,NA,NA,NA,NA,NA,NA,0.570513529020354,1,1,0.570513529020354,"0.713675579428008",-0.0243323532687902,0.83349619832291
"531314",NA,NA,NA,NA,NA,NA,NA,NA,0,NA,NA,"NaN",-0.0243323532687902,0.83349619832291
"531315",NA,NA,NA,NA,NA,NA,NA,NA,0,NA,NA,"NaN",-0.0243323532687902,0.83349619832291
"531316",NA,NA,NA,NA,NA,NA,NA,NA,0,NA,NA,"NaN",-0.0243323532687902,0.83349619832291
"531318",NA,NA,NA,NA,NA,NA,NA,NA,0,NA,NA,"NaN",-0.0243323532687902,0.83349619832291
"650001",NA,NA,NA,NA,NA,NA,NA,NA,0,NA,NA,"NaN",-0.0243323532687902,0.83349619832291
"660001",NA,NA,NA,NA,NA,NA,NA,NA,0,NA,NA,"NaN",-0.0243323532687902,0.83349619832291
"670005",NA,NA,NA,NA,NA,NA,0.139697301553347,-0.527284023700479,2,0.5,-0.193793361073566,"-0.203313474189506",-0.0243323532687902,0.83349619832291
"670006",NA,NA,NA,NA,NA,NA,0.49969056189126,-0.664508717790581,2,0.5,-0.0824090779496608,"-0.0696784518006533",-0.0243323532687902,0.83349619832291
"670008",NA,NA,NA,NA,NA,NA,0.49969056189126,1.25663699947087,2,0.5,0.878163780681067,"1.08278374366408",-0.0243323532687902,0.83349619832291
"670023",0.387442040522186,0.684699014436587,0.219173691137222,0.60690459182629,0.253431777695735,0.313431496756141,1.11682186532768,0.296064140840146,8,0.125,0.484746077317748,"0.610774748116264",-0.0243323532687902,0.83349619832291
"670025",NA,NA,NA,NA,-3.94906411812982,0.0550535871648976,1.7339531687641,NA,3,0.333333333333333,-0.720019120733605,"-0.834660996492385",-0.0243323532687902,0.83349619832291
"670031",0.0586290255918058,0.947469619040956,-1.27839095015427,NA,NA,0.941918303869977,0.448262953271558,NA,5,0.2,0.223577790324006,"0.297434042400697",-0.0243323532687902,0.83349619832291
"670034",0.881367170245933,0.0304538356257095,-0.868922988959845,NA,1.14814598108083,-0.10323197907118,0.242552518792751,-0.801733411880687,7,0.142857142857143,0.0755187322619308,"0.11979788957842",-0.0243323532687902,0.83349619832291
"670041",-0.703426888839118,-0.0356857043087235,NA,NA,NA,0.941918303869977,1.11682186532768,NA,4,0.25,0.329906894012454,"0.425004034804256",-0.0243323532687902,0.83349619832291
"670043",0.881367170245933,0.947469619040956,1.19846070322458,NA,NA,0.259893731705703,1.06539425670798,0.158839446750041,6,0.166666666666667,0.751904154612532,"0.931301797708496",-0.0243323532687902,0.83349619832291
"670044",0.881367170245933,0.947469619040956,1.19846070322458,NA,NA,0.720784056922516,0.49969056189126,NA,5,0.2,0.849554422265049,"1.04845922188032",-0.0243323532687902,0.83349619832291
"670047",-0.648389517241329,-0.173327449577678,1.19846070322458,NA,-0.534848022312698,-0.405836738051915,0.448262953271558,NA,6,0.166666666666667,-0.0192796784479137,"0.00606202503507882",-0.0243323532687902,0.83349619832291
"670049",NA,NA,NA,NA,NA,NA,0.808256213609471,0.982187611290668,2,0.5,0.895221912450069,"1.10324950200026",-0.0243323532687902,0.83349619832291
"670053",-1.05199690895845,0.947469619040956,-0.228950336323807,NA,-0.450033107121918,0.329725599162796,0.0882696929336448,NA,6,0.166666666666667,-0.0609192402111294,"-0.0438956854463838",-0.0243323532687902,0.83349619832291
"670054",NA,NA,NA,NA,NA,NA,0.396835344651856,0.0216147526599381,2,0.5,0.209225048655897,"0.28021411782637",-0.0243323532687902,0.83349619832291
"670055",-0.0980158012634396,-0.017810152975093,-0.823108391903126,-0.381767970651387,0.536148161665004,0.238944171468576,1.579670342905,1.25663699947087,8,0.125,0.286337169839551,"0.372730582015184",-0.0243323532687902,0.83349619832291
"670056",0.881367170245933,-2.03953500880871,NA,NA,NA,0.4577506895008,1.06539425670798,NA,4,0.25,0.0912442769115018,"0.13866485583599",-0.0243323532687902,0.83349619832291
"670059",NA,NA,NA,NA,NA,NA,0.551118170510961,NA,1,1,0.551118170510961,"0.690405697035721",-0.0243323532687902,0.83349619832291
"670060",0.148946763598434,-1.16005788319408,0.176222506396548,NA,1.14814598108083,-0.908626183742984,0.653973387750365,NA,6,0.166666666666667,0.00976742864818563,"0.0409117425917341",-0.0243323532687902,0.83349619832291
"670062",NA,NA,NA,NA,NA,NA,NA,NA,0,NA,NA,"NaN",-0.0243323532687902,0.83349619832291
"670067",NA,NA,NA,NA,NA,NA,0.962539039468576,0.158839446750041,2,0.5,0.560689243109309,"0.701888739930944",-0.0243323532687902,0.83349619832291
"670068",0.881367170245933,0.947469619040956,0.83051222061281,-1.64388144824157,NA,0.155145930520064,1.06539425670798,0.570513529020354,7,0.142857142857143,0.400931611129504,"0.510217041486181",-0.0243323532687902,0.83349619832291
"670069",NA,NA,NA,NA,NA,NA,0.242552518792751,-1.48785688233121,2,0.5,-0.622652181769229,"-0.717843500311491",-0.0243323532687902,0.83349619832291
"670071",-1.7858285302623,NA,NA,NA,NA,0.941918303869977,-0.940282479460392,NA,3,0.333333333333333,-0.594730901950905,"-0.684344511504459",-0.0243323532687902,0.83349619832291
"670073",NA,NA,NA,NA,NA,0.941918303869977,0.191124910173049,-1.89953096460152,3,0.333333333333333,-0.255495916852832,"-0.277342073124232",-0.0243323532687902,0.83349619832291
"670075",-0.213735403084432,0.947469619040956,-0.0471236542549552,NA,NA,0.941918303869977,0.49969056189126,NA,5,0.2,0.425643885492561,"0.539865976193719",-0.0243323532687902,0.83349619832291
"670076",NA,NA,1.19846070322458,NA,NA,NA,0.448262953271558,-1.89953096460152,3,0.333333333333333,-0.0842691027017937,"-0.0719100453650577",-0.0243323532687902,0.83349619832291
"670077",-0.0415672150092972,0.498793280566829,0.181949331028638,1.12011645862327,0.326605430017193,0.578792593093094,1.11682186532768,-1.62508157642131,8,0.125,0.269553770903262,"0.35259443865897",-0.0243323532687902,0.83349619832291
"670078",NA,NA,NA,NA,NA,0.941918303869977,NA,NA,1,1,0.941918303869977,"1.15927422234555",-0.0243323532687902,0.83349619832291
"670080",0.881367170245933,0.947469619040956,1.19846070322458,NA,NA,0.941918303869977,0.602545779130663,NA,5,0.2,0.914352315102422,"1.12620149949088",-0.0243323532687902,0.83349619832291
"670082",0.881367170245933,-1.68559909240282,0.320824828356816,NA,0.0887910599724545,0.180750948587665,1.16824947394738,-0.527284023700479,7,0.142857142857143,0.061014337858136,"0.102396017280767",-0.0243323532687902,0.83349619832291
"670085",0.881367170245933,0.947469619040956,0.778970798924002,1.12011645862327,1.14814598108083,0.941918303869977,0.448262953271558,NA,7,0.142857142857143,0.895178755008075,"1.10319772318941",-0.0243323532687902,0.83349619832291
"670088",-0.354856868719788,-1.20832187179489,-1.50746393543786,1.12011645862327,-2.27272226494732,0.574137135262621,0.705400996370067,1.25663699947087,8,0.125,-0.210884168896629,"-0.223818436128686",-0.0243323532687902,0.83349619832291
"670090",NA,NA,NA,NA,NA,0.941918303869977,-0.88885487084069,-0.801733411880687,3,0.333333333333333,-0.249556659617134,"-0.270216357076998",-0.0243323532687902,0.83349619832291
"670093",NA,NA,NA,NA,NA,NA,NA,NA,0,NA,NA,"NaN",-0.0243323532687902,0.83349619832291
"670098",NA,NA,1.19846070322458,NA,NA,0.941918303869977,0.49969056189126,0.158839446750041,4,0.25,0.699727253933965,"0.868701751321297",-0.0243323532687902,0.83349619832291
"670102",NA,NA,NA,NA,NA,0.941918303869977,-0.271723567404269,NA,2,0.5,0.335097368232854,"0.431231386807592",-0.0243323532687902,0.83349619832291
"670103",0.271722438701194,0.947469619040956,0.244944401981626,NA,NA,0.692851309939679,-0.0660131329254609,0.43328883493025,6,0.166666666666667,0.420710578611374,"0.533947164696902",-0.0243323532687902,0.83349619832291
"670106",-0.158698031486643,0.947469619040956,0.574236818326791,NA,NA,0.941918303869977,-0.014585524305759,NA,5,0.2,0.458068237089064,"0.578767595255383",-0.0243323532687902,0.83349619832291
"670107",NA,NA,NA,NA,NA,NA,NA,NA,0,NA,NA,"NaN",-0.0243323532687902,0.83349619832291
"670108",NA,NA,NA,NA,NA,-0.855088418692546,0.49969056189126,0.296064140840146,3,0.333333333333333,-0.0197779053203804,"0.00546426961223567",-0.0243323532687902,0.83349619832291
"670109",NA,NA,NA,NA,NA,NA,-0.014585524305759,NA,1,1,-0.014585524305759,"0.0116939093215337",-0.0243323532687902,0.83349619832291
"670112",NA,NA,NA,NA,NA,NA,0.653973387750365,1.39386169356098,2,0.5,1.02391754065567,"1.25765407932713",-0.0243323532687902,0.83349619832291
"670115",NA,NA,NA,NA,NA,NA,NA,NA,0,NA,NA,"NaN",-0.0243323532687902,0.83349619832291
"670120",0.881367170245933,-0.123275905843513,1.19846070322458,NA,-0.275414164082075,0.0503981293344248,-0.220295958784567,NA,6,0.166666666666667,0.251873329015797,"0.331382054099761",-0.0243323532687902,0.83349619832291
"670122",0.689441976981848,0.947469619040956,-0.0786211897314493,-0.697041264568416,0.705777992046566,0.806910026786264,2.29965686358082,-0.390059329610375,8,0.125,0.535441836815777,"0.671597772384442",-0.0243323532687902,0.83349619832291
"670124",NA,NA,NA,NA,NA,NA,NA,NA,0,NA,NA,"NaN",-0.0243323532687902,0.83349619832291
"670128",NA,NA,NA,NA,NA,0.941918303869977,0.139697301553347,NA,2,0.5,0.540807802711662,"0.678035673249115",-0.0243323532687902,0.83349619832291
"670131",NA,NA,NA,NA,NA,NA,-0.0660131329254609,NA,1,1,-0.0660131329254609,"-0.050007162288847",-0.0243323532687902,0.83349619832291
"670132",NA,NA,NA,NA,NA,0.941918303869977,0.139697301553347,NA,2,0.5,0.540807802711662,"0.678035673249115",-0.0243323532687902,0.83349619832291
"670134",NA,NA,NA,NA,NA,NA,NA,NA,0,NA,NA,"NaN",-0.0243323532687902,0.83349619832291
"670135",NA,NA,NA,NA,NA,NA,NA,NA,0,NA,NA,"NaN",-0.0243323532687902,0.83349619832291
"670136",NA,NA,NA,NA,NA,NA,-0.0660131329254609,NA,1,1,-0.0660131329254609,"-0.050007162288847",-0.0243323532687902,0.83349619832291
"670260",0.881367170245933,0.947469619040956,NA,NA,NA,0.941918303869977,0.551118170510961,NA,4,0.25,0.830468315916957,"1.02556036956822",-0.0243323532687902,0.83349619832291
"670265",NA,NA,NA,NA,NA,NA,0.242552518792751,NA,1,1,0.242552518792751,"0.320199267373437",-0.0243323532687902,0.83349619832291
"670266",NA,NA,NA,NA,NA,NA,0.0882696929336448,NA,1,1,0.0882696929336448,"0.135096052542295",-0.0243323532687902,0.83349619832291
"670267",NA,NA,NA,NA,NA,NA,0.0368420843139429,NA,1,1,0.0368420843139429,"0.0733949809319144",-0.0243323532687902,0.83349619832291
"670285",NA,NA,NA,NA,NA,NA,NA,NA,0,NA,NA,"NaN",-0.0243323532687902,0.83349619832291
"670300",NA,NA,NA,NA,NA,0.478700249737928,-0.117440741545163,NA,2,0.5,0.180629754096382,"0.245906469372722",-0.0243323532687902,0.83349619832291
"670309",NA,NA,NA,NA,NA,0.941918303869977,0.242552518792751,NA,2,0.5,0.592235411331364,"0.739736744859496",-0.0243323532687902,0.83349619832291
"670314",NA,NA,NA,NA,NA,NA,NA,NA,0,NA,NA,"NaN",-0.0243323532687902,0.83349619832291
"670320",NA,NA,NA,NA,NA,NA,NA,NA,0,NA,NA,"NaN",-0.0243323532687902,0.83349619832291
"670321",NA,NA,NA,NA,NA,NA,NA,NA,0,NA,NA,"NaN",-0.0243323532687902,0.83349619832291
"670322",NA,NA,NA,NA,NA,NA,NA,NA,0,NA,NA,"NaN",-0.0243323532687902,0.83349619832291
"670326",NA,NA,NA,NA,NA,NA,NA,NA,0,NA,NA,"NaN",-0.0243323532687902,0.83349619832291
"670333",NA,NA,NA,NA,NA,0.941918303869977,NA,NA,1,1,0.941918303869977,"1.15927422234555",-0.0243323532687902,0.83349619832291
"670335",NA,NA,NA,NA,NA,NA,NA,NA,0,NA,NA,"NaN",-0.0243323532687902,0.83349619832291
"671300",NA,NA,NA,NA,NA,NA,NA,0.844962917200563,1,1,0.844962917200563,"1.04295049241793",-0.0243323532687902,0.83349619832291
"671301",NA,NA,NA,NA,NA,NA,NA,NA,0,NA,NA,"NaN",-0.0243323532687902,0.83349619832291
