"PROVIDER_ID","std_EDAC_30_AMI","std_EDAC_30_HF","std_EDAC_30_PN","std_OP_32","std_OP_35_ADM","std_OP_35_ED","std_OP_36","std_READM_30_CABG","std_READM_30_COPD","std_READM_30_HIP_KNEE","std_Hybrid_HWR","total_cnt","measure_wt","score_before_std","grp_score","mean","sd"
10001,0.930228658853519,0.192982992399819,-0.370577385584474,0.362101261512963,0.617873227542334,0.415288785555766,-0.735719064206513,0.523981892187183,0.26696087730654,0.0792848044708086,-0.169533338124351,11,0.0909090909090909,0.192079337446691,"0.328216314855939",0.00485066056720181,0.570442931703951
10005,NA,-0.216986397247489,0.772701442866487,-0.0052168120678136,1.1374104101086,0.831221144611397,0.825818824799667,NA,1.31731578681941,0.927832382506361,2.37457435602522,9,0.111111111111111,0.884963459824649,"1.54285862851958",0.00485066056720181,0.570442931703951
10006,1.02839698633378,0.303952150499843,0.234104769347681,2.3211309872771,NA,NA,-1.5164880087096,0.0353258740585582,-1.01680623432031,-0.344988984546967,-1.3002478688575,9,0.111111111111111,-0.0284022587686008,"-0.0582931569271513",0.00485066056720181,0.570442931703951
10007,NA,-2.24217353257292,-0.780307370347247,0.60697997723348,NA,NA,NA,NA,-0.433275729035377,NA,-0.593551287149281,5,0.2,-0.688465588374268,"-1.21539984178696",0.00485066056720181,0.570442931703951
10011,1.25745641712105,-0.494409292497548,-0.393707304079147,0.117222545792445,NA,NA,-0.735719064206513,-1.23517977307587,0.033548675192569,NA,0.537163243583865,8,0.125,-0.114203069021143,"-0.208704013971605",0.00485066056720181,0.570442931703951
10012,-1.38899807786764,-1.07391489590878,0.128367999086321,-1.2296103906704,NA,NA,0.0450498802965776,NA,0.150254776249555,0.503558593488585,-0.169533338124351,8,0.125,-0.379353181681266,"-0.673518455388388",0.00485066056720181,0.570442931703951
10016,-0.660916315722372,0.149828319805366,-0.770394548135244,NA,NA,NA,-0.735719064206513,-0.844254958572969,0.26696087730654,-0.627838177225485,1.38519914163372,8,0.125,-0.22964184063962,"-0.411070920813019",0.00485066056720181,0.570442931703951
10018,NA,NA,NA,NA,NA,NA,0.825818824799667,NA,NA,NA,NA,1,1,0.825818824799667,"1.43917667939224",0.00485066056720181,0.570442931703951
10019,NA,0.65535448448325,-0.449879963280495,-0.617413601369107,NA,NA,0.825818824799667,NA,-0.666687931149345,-1.33496115892178,-1.44158718519914,7,0.142857142857143,-0.432765218662421,"-0.767151024069025",0.00485066056720181,0.570442931703951
10021,NA,NA,-1.10743050334333,0.362101261512963,NA,NA,NA,NA,NA,NA,0.254484610900575,3,0.333333333333333,-0.163614876976598,"-0.29532408621592",0.00485066056720181,0.570442931703951
10022,NA,NA,0.39601419881039,NA,NA,NA,NA,NA,NA,NA,-0.169533338124351,2,0.5,0.113240430343019,"0.190009839287605",0.00485066056720181,0.570442931703951
10023,0.296224877210169,-0.562223778003117,-1.18012453289802,0.729419335093738,0.543653630032868,1.52444174303745,0.825818824799667,-0.844254958572969,-0.900100133263316,0.362133997149326,-0.0281940217827077,11,0.0909090909090909,0.0697086348002809,"0.113697568377864",0.00485066056720181,0.570442931703951
10024,0.26759244836176,0.152910796419255,-0.132669652496413,1.09673740867451,0.469434032523402,-0.693864171925916,0.825818824799667,0.719444299438634,0.967197483648454,NA,-1.15890855251585,10,0.1,0.25136929169275,"0.432153012027305",0.00485066056720181,0.570442931703951
10029,-1.44217258858611,-0.972193167650426,0.465403954294408,1.58649484011555,0.395214435013935,0.553932905240976,0.0450498802965776,0.621713095812908,1.31731578681941,0.0792848044708086,0.819841876267148,11,0.0909090909090909,0.315444165645016,"0.544477787024289",0.00485066056720181,0.570442931703951
10033,-1.31946217923579,-0.0197078939585588,-1.06117066635399,-1.35204974853066,0.6920928250518,1.24715350366703,-0.735719064206513,-2.8966102347132,0.73378528153448,-2.46635792963585,-0.876229919832567,11,0.0909090909090909,-0.732206911473983,"-1.29207941947768",0.00485066056720181,0.570442931703951
10034,NA,NA,NA,1.34161612439503,NA,NA,NA,NA,NA,NA,-0.876229919832567,2,0.5,0.232693102281232,"0.399413208668306",0.00485066056720181,0.570442931703951
10035,NA,1.29342714355838,0.161410739792996,-0.984731674949884,NA,NA,0.825818824799667,NA,-1.48363063854824,0.786407786167103,-2.289623083249,7,0.142857142857143,-0.241560128918425,"-0.431963963072663",0.00485066056720181,0.570442931703951
10036,NA,-1.1263169983449,0.614096287474446,-1.47448910639092,NA,NA,0.825818824799667,NA,0.850491382591465,-0.910687369904002,0.113145294558936,7,0.142857142857143,-0.158277383602187,"-0.285967333633383",0.00485066056720181,0.570442931703951
10039,0.627542982456049,-0.334120508575292,0.00280558440095512,1.46405548225529,1.21163000761807,0.415288785555766,2.38735671380585,1.50129392844444,0.73378528153448,-0.344988984546967,0.961181192608791,11,0.0909090909090909,0.784166405959766,"1.36615900045373",0.00485066056720181,0.570442931703951
10040,0.795247208568161,-0.457419573130873,-0.0599756229417277,-0.127656169928072,NA,NA,0.0450498802965776,-1.72383579120449,0.150254776249555,-0.769262773564744,-1.3002478688575,9,0.111111111111111,-0.383093992723679,"-0.68007618594215",0.00485066056720181,0.570442931703951
10044,NA,1.31192200324172,0.647139028181121,-0.494974243508849,NA,NA,NA,NA,NA,NA,0.254484610900575,4,0.25,0.429642849703642,"0.744670790937068",0.00485066056720181,0.570442931703951
10045,NA,0.929694903119419,1.46990327177733,-0.739852959229365,NA,NA,NA,NA,-0.199863526921402,NA,0.113145294558936,5,0.2,0.314605396660984,"0.543007405085246",0.00485066056720181,0.570442931703951
10046,-0.926788869314744,-0.266306023069722,-0.393707304079147,-0.494974243508849,NA,NA,0.825818824799667,NA,-1.36692453749126,-0.203564388207709,-1.01756923617421,8,0.125,-0.480501972130747,"-0.850834686036284",0.00485066056720181,0.570442931703951
10049,NA,1.06532387413056,-0.278057711605784,1.09673740867451,NA,NA,-1.5164880087096,NA,-0.433275729035377,1.21068157518488,0.113145294558936,7,0.142857142857143,0.179723814742589,"0.306556790270027",0.00485066056720181,0.570442931703951
10051,NA,NA,NA,NA,NA,NA,NA,NA,NA,NA,NA,0,NA,NA,"NaN",0.00485066056720181,0.570442931703951
10052,NA,NA,0.528185161637091,NA,NA,NA,NA,NA,NA,NA,0.961181192608791,2,0.5,0.744683177122941,"1.29694396308113",0.00485066056720181,0.570442931703951
10055,-0.423676190978409,0.11900355366647,0.0556739695316354,-0.37253488564859,NA,NA,0.825818824799667,-1.23517977307587,1.20060968576243,-2.46635792963585,-1.3002478688575,9,0.111111111111111,-0.399654512715113,"-0.709107170587654",0.00485066056720181,0.570442931703951
10056,-0.0759966978191522,-0.488244339269769,-0.866218496184602,1.83137355583607,NA,NA,1.60658776930276,-0.844254958572969,0.26696087730654,-0.769262773564744,-0.452211970807637,9,0.111111111111111,0.0231925518029433,"0.0321537707215568",0.00485066056720181,0.570442931703951
10058,NA,NA,1.21547416833593,NA,NA,NA,NA,NA,NA,NA,0.395823927242222,2,0.5,0.805649047789078,"1.40381858151847",0.00485066056720181,0.570442931703951
10061,NA,1.81128321469183,-0.228493600545771,1.09673740867451,NA,NA,-0.735719064206513,NA,-0.199863526921402,NA,0.395823927242222,6,0.166666666666667,0.356628059822479,"0.616674131108077",0.00485066056720181,0.570442931703951
10062,NA,NA,NA,-0.37253488564859,NA,NA,NA,NA,NA,NA,0.113145294558936,2,0.5,-0.129694795544827,"-0.235861378297971",0.00485066056720181,0.570442931703951
10065,NA,1.39823134843063,0.237409043418349,0.239661903652703,0.395214435013935,-1.52572889003718,0.0450498802965776,NA,-0.433275729035377,1.21068157518488,1.10252050895044,9,0.111111111111111,0.296640452874995,"0.511514432190786",0.00485066056720181,0.570442931703951
10073,NA,NA,1.3311237608093,0.484540619373221,NA,NA,NA,NA,NA,NA,0.395823927242222,3,0.333333333333333,0.73716276914158,"1.28376050937631",0.00485066056720181,0.570442931703951
10078,-1.83484589850716,0.399508925530418,-0.00710723781104746,-1.47448910639092,0.172555642485536,0.692577024926186,0.825818824799667,NA,0.850491382591465,-2.18350873695733,-1.01756923617421,10,0.1,-0.357656841550739,"-0.635484256129017",0.00485066056720181,0.570442931703951
10079,NA,0.491983223947104,-1.53698613253011,-0.0052168120678136,NA,NA,0.0450498802965776,NA,-0.316569627978388,-0.344988984546967,0.819841876267148,7,0.142857142857143,-0.120983796658921,"-0.220590790476178",0.00485066056720181,0.570442931703951
10083,1.45379307208158,0.680014297394366,0.47531677650641,-4.04571562145635,NA,NA,0.0450498802965776,NA,1.08390358470544,-1.75923494793955,0.537163243583865,8,0.125,-0.191213714353459,"-0.343705503256922",0.00485066056720181,0.570442931703951
10085,NA,0.371766636005413,0.34314581367971,0.484540619373221,NA,NA,0.825818824799667,NA,0.383666978363526,0.220709400810067,0.254484610900575,7,0.142857142857143,0.412018983418883,"0.71377573499849",0.00485066056720181,0.570442931703951
10086,NA,0.550550279611006,1.08991175365057,0.362101261512963,NA,NA,NA,NA,1.90084629210434,NA,1.66787777431701,5,0.2,1.11425747223918,"1.9448164750821",0.00485066056720181,0.570442931703951
10087,NA,-3.30562796436481,-0.182233763556426,-1.10717103281014,0.617873227542334,1.10850938398182,1.60658776930276,NA,NA,NA,-1.01756923617421,7,0.142857142857143,-0.325661659439811,"-0.579395942412242",0.00485066056720181,0.570442931703951
10089,NA,-0.0351202770280064,0.498446695001083,0.362101261512963,NA,NA,0.825818824799667,NA,-0.549981830092359,NA,-0.593551287149281,6,0.166666666666667,0.0846188978406778,"0.139835613415707",0.00485066056720181,0.570442931703951
10090,-1.11903517729692,0.381014065847081,-1.21977582174603,0.974298050814256,NA,NA,0.0450498802965776,-0.257867736818618,1.31731578681941,0.927832382506361,0.819841876267148,9,0.111111111111111,0.207630367409918,"0.355477639519523",0.00485066056720181,0.570442931703951
10091,NA,NA,NA,NA,NA,NA,NA,NA,NA,NA,NA,0,NA,NA,"NaN",0.00485066056720181,0.570442931703951
10092,-1.57715403887147,-0.509821675566995,-0.833175755477927,-0.0052168120678136,0.9147516175802,1.52444174303745,0.0450498802965776,NA,-3.70104655863097,NA,0.254484610900575,9,0.111111111111111,-0.431965220977819,"-0.765748609138207",0.00485066056720181,0.570442931703951
10095,NA,NA,NA,NA,NA,NA,NA,NA,NA,NA,-0.310872654465994,1,1,-0.310872654465994,"-0.553470465643442",0.00485066056720181,0.570442931703951
10097,NA,NA,-1.00169373308197,0.239661903652703,NA,NA,NA,NA,NA,NA,-0.310872654465994,3,0.333333333333333,-0.357634827965087,"-0.635445665790829",0.00485066056720181,0.570442931703951
10099,NA,-2.67988521174523,0.842091198350505,-0.37253488564859,0.469434032523402,0.276644665870556,NA,NA,NA,NA,-0.734890603490924,6,0.166666666666667,-0.366523467356714,"-0.651027661635839",0.00485066056720181,0.570442931703951
10100,1.30654058086119,-0.460502049744763,-0.628310763096541,-1.10717103281014,NA,NA,1.60658776930276,-0.160136533192892,-1.48363063854824,1.06925697884562,-0.310872654465994,9,0.111111111111111,-0.0186931492054458,"-0.0412728573957797",0.00485066056720181,0.570442931703951
10101,NA,0.368684159391523,-3.62528734519198,-1.47448910639092,NA,NA,NA,NA,NA,NA,-0.0281940217827077,4,0.25,-1.18982157849352,"-2.09428879325782",0.00485066056720181,0.570442931703951
10103,-1.13130621823195,1.4352210677973,0.653747576322456,-0.127656169928072,NA,NA,0.0450498802965776,-0.551061347695793,0.850491382591465,0.503558593488585,0.819841876267148,9,0.111111111111111,0.277542960100857,"0.478036074036549",0.00485066056720181,0.570442931703951
10104,-0.615922498960586,-0.294048312594728,0.759484346583817,-0.862292317089623,-0.792299125137527,0.276644665870556,0.825818824799667,-1.52837338395304,1.43402188787639,0.220709400810067,-1.15890855251585,11,0.0909090909090909,-0.157742278573715,"-0.285029281816571",0.00485066056720181,0.570442931703951
10108,NA,0.753993736127715,0.263843235983689,-0.127656169928072,NA,NA,NA,NA,0.617079180477497,NA,-0.734890603490924,5,0.2,0.154473875833981,"0.262293048000165",0.00485066056720181,0.570442931703951
10112,NA,-1.66266792916168,0.898263857551853,-0.37253488564859,NA,NA,NA,NA,NA,NA,0.113145294558936,4,0.25,-0.255948415674871,"-0.45718697129448",0.00485066056720181,0.570442931703951
10113,-0.685458397592437,-0.966028214422647,-0.373881659655142,1.21917676653477,-1.01495791766593,0.138000546185346,0.0450498802965776,0.133057077684283,-1.95045504277619,0.362133997149326,0.113145294558936,11,0.0909090909090909,-0.270928879063918,"-0.483448079209866",0.00485066056720181,0.570442931703951
10114,NA,-0.460502049744763,-0.549008185400521,0.117222545792445,NA,NA,-0.735719064206513,NA,1.66743408999036,NA,0.395823927242222,6,0.166666666666667,0.0725418772788725,"0.118664309696103",0.00485066056720181,0.570442931703951
10118,NA,0.861880417613849,-0.823262933265925,0.851858692953996,NA,NA,0.0450498802965776,NA,-0.0831574258644167,NA,-1.15890855251585,6,0.166666666666667,-0.051089986796962,"-0.0980652827042058",0.00485066056720181,0.570442931703951
10120,NA,-1.89693615181729,-0.182233763556426,-1.2296103906704,NA,NA,NA,NA,NA,NA,-1.3002478688575,4,0.25,-1.1522570437254,"-2.02843727213211",0.00485066056720181,0.570442931703951
10125,NA,0.926612426505529,-0.0335414303763876,NA,NA,NA,NA,NA,0.500373079420508,NA,0.113145294558936,4,0.25,0.376647342527146,"0.651768408891251",0.00485066056720181,0.570442931703951
10126,NA,-0.457419573130873,-0.598572296460533,0.60697997723348,NA,NA,NA,NA,NA,NA,0.395823927242222,4,0.25,-0.0132969912789263,"-0.0318132644608635",0.00485066056720181,0.570442931703951
10128,NA,NA,NA,NA,NA,NA,NA,NA,0.73378528153448,NA,0.395823927242222,2,0.5,0.564804604388351,"0.981612555262153",0.00485066056720181,0.570442931703951
10129,NA,-0.149171911741919,-0.486226978057838,0.851858692953996,0.469434032523402,0.138000546185346,0.0450498802965776,NA,NA,NA,0.113145294558936,7,0.142857142857143,0.140298508102643,"0.237443291883466",0.00485066056720181,0.570442931703951
10130,NA,-1.9215959647284,-1.21316727360469,0.729419335093738,NA,NA,NA,NA,0.73378528153448,NA,-1.15890855251585,5,0.2,-0.566093434844146,"-1.0008785518753",0.00485066056720181,0.570442931703951
10131,0.349399387928644,-1.70890507837003,-0.555616733541855,0.362101261512963,NA,NA,0.0450498802965776,NA,0.150254776249555,0.503558593488585,0.395823927242222,8,0.125,-0.0572917481491668,"-0.108937117567125",0.00485066056720181,0.570442931703951
10138,NA,NA,NA,NA,NA,NA,NA,NA,NA,NA,NA,0,NA,NA,"NaN",0.00485066056720181,0.570442931703951
10139,0.868873454178356,0.0542715447747901,0.224191947135679,-0.25009552778833,NA,NA,0.825818824799667,0.817175503064359,0.73378528153448,NA,0.678502559925508,8,0.125,0.494065448453064,"0.857605135757481",0.00485066056720181,0.570442931703951
10144,-0.337778904433181,-1.53628638799221,-0.734047533357902,-0.127656169928072,NA,NA,0.0450498802965776,0.133057077684283,-1.36692453749126,0.0792848044708086,-0.876229919832567,9,0.111111111111111,-0.524614632287058,"-0.928165226401723",0.00485066056720181,0.570442931703951
10148,NA,0.969767099099983,0.115150902803651,NA,NA,NA,NA,NA,0.73378528153448,NA,-0.876229919832567,4,0.25,0.235618340901387,"0.404541221406437",0.00485066056720181,0.570442931703951
10149,NA,-1.05850251283933,-0.251623519040444,2.19869162941684,NA,NA,-1.5164880087096,NA,0.26696087730654,NA,0.254484610900575,6,0.166666666666667,-0.0177461538275701,"-0.0396127520193364",0.00485066056720181,0.570442931703951
10150,NA,NA,NA,0.239661903652703,NA,NA,NA,NA,NA,NA,0.395823927242222,2,0.5,0.317742915447462,"0.548507549993881",0.00485066056720181,0.570442931703951
10157,NA,NA,NA,0.484540619373221,NA,NA,NA,NA,NA,NA,-0.593551287149281,2,0.5,-0.0545053338880296,"-0.104052467225654",0.00485066056720181,0.570442931703951
10158,NA,NA,-0.258232067181779,-0.25009552778833,NA,NA,0.0450498802965776,NA,0.150254776249555,-1.75923494793955,-1.86560513422407,6,0.166666666666667,-0.656310503431267,"-1.15903121460991",0.00485066056720181,0.570442931703951
10164,NA,-0.962945737808757,-1.7517639471235,0.362101261512963,0.320994837504468,-0.555220052240705,-1.5164880087096,NA,0.383666978363526,NA,-0.169533338124351,8,0.125,-0.486148500828244,"-0.860733184875829",0.00485066056720181,0.570442931703951
10168,NA,NA,NA,0.239661903652703,NA,NA,-1.5164880087096,NA,NA,-0.0621397918684502,-0.310872654465994,4,0.25,-0.412459637847836,"-0.731554858903246",0.00485066056720181,0.570442931703951
10169,NA,-1.14789433464213,NA,-0.127656169928072,NA,NA,NA,NA,NA,NA,-0.734890603490924,3,0.333333333333333,-0.670147036020375,"-1.18328698467928",0.00485066056720181,0.570442931703951
10173,NA,NA,0.90156813162252,-0.127656169928072,NA,NA,NA,NA,NA,NA,0.254484610900575,3,0.333333333333333,0.342798857531674,"0.592431211225633",0.00485066056720181,0.570442931703951
11300,NA,NA,NA,NA,NA,NA,NA,NA,NA,NA,0.113145294558936,1,1,0.113145294558936,"0.189843063999847",0.00485066056720181,0.570442931703951
11302,NA,NA,1.24190836090127,NA,NA,NA,NA,NA,NA,NA,-0.0281940217827077,2,0.5,0.606857169559283,"1.05533170021732",0.00485066056720181,0.570442931703951
11304,NA,NA,NA,NA,NA,NA,NA,NA,NA,NA,NA,0,NA,NA,"NaN",0.00485066056720181,0.570442931703951
11305,NA,NA,-0.552312459471188,-0.617413601369107,NA,NA,NA,NA,NA,NA,1.10252050895044,3,0.333333333333333,-0.0224018506299521,"-0.0477742990271593",0.00485066056720181,0.570442931703951
11306,NA,NA,-2.09540845047292,0.362101261512963,NA,NA,NA,NA,NA,NA,0.537163243583865,3,0.333333333333333,-0.398714648458697,"-0.707459566236402",0.00485066056720181,0.570442931703951
11307,NA,NA,NA,NA,NA,NA,NA,NA,NA,NA,NA,0,NA,NA,"NaN",0.00485066056720181,0.570442931703951
11308,NA,NA,NA,NA,NA,NA,NA,NA,NA,NA,NA,0,NA,NA,"NaN",0.00485066056720181,0.570442931703951
11309,NA,NA,NA,NA,NA,NA,NA,NA,NA,NA,NA,0,NA,NA,"NaN",0.00485066056720181,0.570442931703951
20001,0.18987585577322,0.211477852083157,-0.324317548595129,-0.739852959229365,0.617873227542334,-2.63488184751886,-1.5164880087096,0.426250688561459,1.55072798893338,0.503558593488585,1.80921709065865,11,0.0909090909090909,0.0084946302716216,"0.0063879653895176",0.00485066056720181,0.570442931703951
20006,-0.844981929747861,0.140580889963697,0.584357820838438,-0.984731674949884,0.9147516175802,0.692577024926186,-2.29725695321269,NA,2.25096459527529,-0.203564388207709,-0.0281940217827077,10,0.1,0.0224502980682962,"0.0308525823056884",0.00485066056720181,0.570442931703951
20008,NA,0.353271776322075,1.37407932372798,-1.10717103281014,-0.643859930118594,-1.10979653098155,-1.5164880087096,NA,-0.666687931149345,NA,0.819841876267148,8,0.125,-0.312101307181504,"-0.555624323018517",0.00485066056720181,0.570442931703951
20012,-1.27855870945234,1.79895330823627,0.828874102067835,-0.984731674949884,0.6920928250518,0.553932905240976,-3.07802589771578,NA,1.43402188787639,-0.203564388207709,0.395823927242222,10,0.1,0.0158818285389777,"0.0193378993036605",0.00485066056720181,0.570442931703951
20017,0.3453090409503,-1.15097681125602,-1.6295058065088,-0.127656169928072,NA,NA,-0.735719064206513,-0.844254958572969,-2.18386724489016,-1.19353656258252,-1.15890855251585,9,0.111111111111111,-0.964346236612289,"-1.69902516678476",0.00485066056720181,0.570442931703951
20018,NA,0.501230653788773,2.26953759687887,NA,NA,NA,NA,NA,NA,NA,0.678502559925508,3,0.333333333333333,1.14975693686438,"2.00704787922829",0.00485066056720181,0.570442931703951
20024,NA,-1.9524207308673,-0.889348414679275,-0.862292317089623,-0.792299125137527,-0.555220052240705,0.0450498802965776,NA,-2.53398554806111,1.63495536420266,-1.15890855251585,9,0.111111111111111,-0.784941055121351,"-1.38452362505289",0.00485066056720181,0.570442931703951
20026,NA,-0.599213497369792,0.201062028641006,NA,-0.272761942571262,0.831221144611397,NA,NA,0.73378528153448,0.220709400810067,-0.0281940217827077,7,0.142857142857143,0.155229770553313,"0.263618149385984",0.00485066056720181,0.570442931703951
21301,NA,NA,NA,NA,NA,NA,NA,NA,NA,NA,NA,0,NA,NA,"NaN",0.00485066056720181,0.570442931703951
21302,NA,NA,NA,NA,NA,NA,NA,NA,NA,NA,NA,0,NA,NA,"NaN",0.00485066056720181,0.570442931703951
21304,NA,NA,NA,NA,NA,NA,NA,NA,NA,NA,0.537163243583865,1,1,0.537163243583865,"0.933156593643137",0.00485066056720181,0.570442931703951
21305,NA,NA,NA,NA,NA,NA,NA,NA,NA,NA,0.395823927242222,1,1,0.395823927242222,"0.685385417095374",0.00485066056720181,0.570442931703951
21306,NA,NA,1.16921433134659,NA,NA,NA,NA,NA,NA,NA,0.254484610900575,2,0.5,0.711849471123582,"1.23938569708372",0.00485066056720181,0.570442931703951
21307,NA,NA,NA,NA,NA,NA,NA,NA,NA,NA,NA,0,NA,NA,"NaN",0.00485066056720181,0.570442931703951
21308,NA,2.42161358424196,0.84869974649184,NA,NA,NA,NA,NA,0.033548675192569,NA,-0.169533338124351,4,0.25,0.783582166950503,"1.36513481560229",0.00485066056720181,0.570442931703951
21309,NA,NA,NA,NA,NA,NA,NA,NA,NA,NA,0.113145294558936,1,1,0.113145294558936,"0.189843063999847",0.00485066056720181,0.570442931703951
21310,NA,NA,NA,NA,NA,NA,NA,NA,NA,NA,NA,0,NA,NA,"NaN",0.00485066056720181,0.570442931703951
21311,NA,-0.697852749014257,1.23860408683061,0.362101261512963,-0.12432274755233,-0.555220052240705,0.0450498802965776,NA,NA,-0.0621397918684502,0.395823927242222,8,0.125,0.0752554769008285,"0.123421314246673",0.00485066056720181,0.570442931703951
21312,NA,NA,0.207670576782341,NA,NA,NA,NA,NA,-1.8337489417192,NA,-1.86560513422407,3,0.333333333333333,-1.16389449972031,"-2.0488380087319",0.00485066056720181,0.570442931703951
21313,NA,NA,0.663660398534459,NA,0.172555642485536,-0.971152411296336,NA,NA,NA,NA,-0.0281940217827077,4,0.25,-0.0407825980147621,"-0.0799961855003696",0.00485066056720181,0.570442931703951
21314,NA,1.23794256450837,-0.476314155845835,NA,NA,NA,NA,NA,-0.666687931149345,NA,0.537163243583865,4,0.25,0.158025930274264,"0.26851988374984",0.00485066056720181,0.570442931703951
30002,2.01826095509308,-1.52395648153665,-1.99958450242356,-0.0052168120678136,0.617873227542334,-2.21894948846323,-1.5164880087096,1.79448753932161,0.150254776249555,NA,0.113145294558936,10,0.1,-0.257017350043535,"-0.459060838616266",0.00485066056720181,0.570442931703951
30006,-1.20902281082049,-0.651615599805914,-0.169016667273756,0.239661903652703,0.172555642485536,0.831221144611397,0.825818824799667,0.621713095812908,0.033548675192569,-1.05211196624326,0.537163243583865,11,0.0909090909090909,0.0163559532722929,"0.0201690512155599",0.00485066056720181,0.570442931703951
30007,-0.967692339098186,0.926612426505529,0.779309991007822,1.58649484011555,0.543653630032868,-0.693864171925916,-0.735719064206513,NA,2.36767069633228,NA,-0.452211970807637,9,0.111111111111111,0.372694893106199,"0.644839671236214",0.00485066056720181,0.570442931703951
30010,0.386212510733742,-0.290965835980838,-0.41683722257382,-0.0052168120678136,NA,NA,-3.85879484221887,0.133057077684283,-0.549981830092359,NA,0.961181192608791,8,0.125,-0.455168220238361,"-0.806424017616374",0.00485066056720181,0.570442931703951
30011,-0.051454615949087,0.630694671572134,0.161410739792996,-0.494974243508849,NA,NA,0.0450498802965776,NA,-0.0831574258644167,-0.0621397918684502,0.395823927242222,8,0.125,0.0676566427141408,"0.110100377542296",0.00485066056720181,0.570442931703951
30012,0.304405571166858,-0.571471207844786,-0.245014970899109,0.117222545792445,0.9147516175802,0.415288785555766,0.0450498802965776,-0.551061347695793,1.55072798893338,0.503558593488585,-0.734890603490924,11,0.0909090909090909,0.158960622989382,"0.270158422266437",0.00485066056720181,0.570442931703951
30013,0.185785508794876,-1.00610041040321,0.121759450944986,-1.2296103906704,-1.31183630770379,-0.971152411296336,-1.5164880087096,1.11036911394153,0.500373079420508,-0.0621397918684502,0.254484610900575,11,0.0909090909090909,-0.35677777787721,"-0.633943236642803",0.00485066056720181,0.570442931703951
30014,1.06930045611722,-0.124512098830803,0.779309991007822,0.484540619373221,-0.94073832015646,0.276644665870556,-0.735719064206513,NA,0.500373079420508,-0.0621397918684502,1.52653845797536,10,0.1,0.277359799470247,"0.477714989103366",0.00485066056720181,0.570442931703951
30016,-0.513663824501981,-0.685522842558699,-1.3750767030674,0.117222545792445,NA,NA,0.0450498802965776,NA,-0.0831574258644167,NA,-2.289623083249,7,0.142857142857143,-0.683538779021782,"-1.20676302804335",0.00485066056720181,0.570442931703951
30022,NA,-4.0145975855594,-1.19003735511002,NA,NA,NA,NA,NA,NA,NA,-0.452211970807637,3,0.333333333333333,-1.88561563715902,"-3.31403229430729",0.00485066056720181,0.570442931703951
30023,1.14701704870576,0.106673647210912,-0.459792785492498,0.239661903652703,-0.0501031500428634,-0.000643573499865181,-0.735719064206513,-0.453330144070068,0.967197483648454,0.644983189827844,-0.0281940217827077,11,0.0909090909090909,0.125250048541015,"0.211062985063505",0.00485066056720181,0.570442931703951
30024,0.177604814838188,0.960519669258314,-0.886044140608607,-0.25009552778833,0.6920928250518,1.66308586272266,0.825818824799667,-0.648792551321519,-0.316569627978388,NA,-0.169533338124351,10,0.1,0.204808681084943,"0.350531156412884",0.00485066056720181,0.570442931703951
30030,NA,2.33530423905305,-0.565529555753858,-0.0052168120678136,NA,NA,1.60658776930276,NA,NA,NA,-0.593551287149281,5,0.2,0.55551887067697,"0.965334443648704",0.00485066056720181,0.570442931703951
30036,-0.435947231913441,0.729333923216599,0.505055243142418,-1.59692846425118,0.0241164474666027,0.553932905240976,-0.735719064206513,0.0353258740585582,1.20060968576243,NA,-0.310872654465994,10,0.1,-0.00310933359495459,"-0.0139540587143036",0.00485066056720181,0.570442931703951
30037,NA,NA,NA,NA,NA,NA,0.0450498802965776,NA,NA,NA,-0.0281940217827077,2,0.5,0.00842792925693494,"0.00627103692747596",0.00485066056720181,0.570442931703951
30038,-0.722271520397535,-0.380357657783635,0.171323562004999,-1.2296103906704,NA,NA,0.0450498802965776,NA,0.73378528153448,0.927832382506361,-0.310872654465994,8,0.125,-0.0956401396218934,"-0.17616275810259",0.00485066056720181,0.570442931703951
30043,-1.28673940340903,-0.389605087625303,-0.582050926107196,-0.494974243508849,NA,NA,-1.5164880087096,NA,-0.549981830092359,0.362133997149326,-0.452211970807637,8,0.125,-0.613739684138832,"-1.08440355787785",0.00485066056720181,0.570442931703951
30055,1.52332897071343,0.177570609330372,-0.502748348411175,1.46405548225529,0.6920928250518,-2.91217008688928,0.0450498802965776,NA,1.08390358470544,NA,0.678502559925508,9,0.111111111111111,0.24995394188644,"0.429671870220389",0.00485066056720181,0.570442931703951
30061,-1.04131858470838,-0.235481256930826,-0.261536341252446,0.484540619373221,NA,NA,0.825818824799667,-0.257867736818618,0.500373079420508,0.644983189827844,0.961181192608791,9,0.111111111111111,0.180076998479973,"0.307175929745258",0.00485066056720181,0.570442931703951
30062,-0.153713290407692,0.747828782899936,0.164715013863664,-1.35204974853066,0.988971215089666,-0.277931812870285,-1.5164880087096,NA,1.31731578681941,-0.203564388207709,1.38519914163372,10,0.1,0.110028269158045,"0.184378844482603",0.00485066056720181,0.570442931703951
30064,0.169424120881499,0.818725745019395,0.323320169255704,-2.33156461141273,0.766312422561267,0.553932905240976,0.0450498802965776,0.817175503064359,0.617079180477497,NA,0.537163243583865,10,0.1,0.231661855896841,"0.397605409277558",0.00485066056720181,0.570442931703951
30065,0.324857306058579,-0.0412852302557855,-1.03143219971798,-0.127656169928072,NA,NA,-1.5164880087096,-0.160136533192892,-0.316569627978388,NA,-0.169533338124351,8,0.125,-0.379780475231061,"-0.674267511123934",0.00485066056720181,0.570442931703951
30069,-0.104629126667562,-1.31126559517828,-0.0533670748003927,-0.0052168120678136,0.766312422561267,-0.416575932555496,-1.5164880087096,-0.355598940444343,0.033548675192569,0.927832382506361,-0.734890603490924,11,0.0909090909090909,-0.251848964877655,"-0.450000536737441",0.00485066056720181,0.570442931703951
30071,NA,0.294704720658174,0.220887673065011,NA,NA,NA,NA,NA,NA,NA,-2.14828376690736,3,0.333333333333333,-0.544230457728057,"-0.962552234024738",0.00485066056720181,0.570442931703951
30073,NA,NA,1.94902301202412,NA,NA,NA,NA,NA,NA,NA,-0.310872654465994,2,0.5,0.819075178779065,"1.42735490784279",0.00485066056720181,0.570442931703951
30078,NA,NA,NA,NA,NA,NA,NA,NA,NA,NA,0.819841876267148,1,1,0.819841876267148,"1.42869894673866",0.00485066056720181,0.570442931703951
30083,NA,0.313199580341511,0.657051850393124,NA,NA,NA,2.38735671380585,NA,1.08390358470544,0.220709400810067,0.678502559925508,6,0.166666666666667,0.890120614996916,"1.55189924395304",0.00485066056720181,0.570442931703951
30084,NA,0.0296117318636738,-0.532486815047183,NA,NA,NA,NA,NA,NA,NA,-2.57230171593229,3,0.333333333333333,-1.0250589330386,"-1.80545596477003",0.00485066056720181,0.570442931703951
30085,-0.215068495082855,0.251550048063721,0.908176679763855,-0.984731674949884,0.172555642485536,0.138000546185346,0.0450498802965776,-0.257867736818618,-0.549981830092359,0.503558593488585,0.395823927242222,11,0.0909090909090909,0.0370059618711025,"0.0563690064628388",0.00485066056720181,0.570442931703951
30087,0.938409352810208,0.211477852083157,0.0556739695316354,0.362101261512963,-0.198542345061796,0.553932905240976,0.825818824799667,-2.01702940208167,-1.36692453749126,-0.203564388207709,-0.593551287149281,11,0.0909090909090909,-0.130199799455737,"-0.236746662141179",0.00485066056720181,0.570442931703951
30088,NA,-0.750254851450379,0.154802191651661,-1.96424653783195,0.0983360449760701,0.692577024926186,-2.29725695321269,NA,2.13425849421831,-0.203564388207709,1.52653845797536,9,0.111111111111111,-0.0676456129950156,"-0.127087688413749",0.00485066056720181,0.570442931703951
30089,-0.62001284593893,0.405673878758197,-0.506052622481843,0.484540619373221,1.43428880014646,-1.94166124909281,0.0450498802965776,0.523981892187183,-0.316569627978388,NA,1.38519914163372,10,0.1,0.0894437866903396,"0.148293758098558",0.00485066056720181,0.570442931703951
30092,0.668446452239491,-0.799574477272612,0.290277428549029,0.974298050814256,NA,NA,0.825818824799667,-1.62610458757877,-0.433275729035377,-1.33496115892178,0.537163243583865,9,0.111111111111111,-0.0997679947580252,"-0.183398986139988",0.00485066056720181,0.570442931703951
30093,-0.959511645141498,0.883457753911076,-0.466401333633833,0.239661903652703,NA,NA,-0.735719064206513,NA,-0.549981830092359,0.927832382506361,-0.169533338124351,8,0.125,-0.103774396391052,"-0.190422303303476",0.00485066056720181,0.570442931703951
30094,-0.23961057695292,-0.47591443281421,-0.542399637259185,-1.59692846425118,NA,NA,-0.735719064206513,-0.160136533192892,-0.316569627978388,0.362133997149326,1.10252050895044,9,0.111111111111111,-0.28918042561728,"-0.515443473558681",0.00485066056720181,0.570442931703951
30101,0.288044183253481,0.0666014512303483,-0.955433896092625,-0.862292317089623,NA,NA,0.825818824799667,NA,-0.900100133263316,0.503558593488585,0.113145294558936,8,0.125,-0.115082249889318,"-0.210245238902817",0.00485066056720181,0.570442931703951
30103,-0.11280982062425,0.485818270719325,0.597574917121109,-3.3110794742948,0.9147516175802,-1.24844065066676,0.0450498802965776,-0.844254958572969,1.66743408999036,-1.05211196624326,1.24385982529208,11,0.0909090909090909,-0.146746206309307,"-0.265752906121001",0.00485066056720181,0.570442931703951
30105,-0.100538779689217,0.636859624799913,0.46209968022374,NA,NA,NA,0.0450498802965776,-0.941986162198694,NA,NA,0.819841876267148,6,0.166666666666667,0.153554353283244,"0.260681103141825",0.00485066056720181,0.570442931703951
30107,NA,NA,NA,NA,NA,NA,0.825818824799667,NA,NA,1.35210617152414,0.254484610900575,3,0.333333333333333,0.810803202408126,"1.4128539369109",0.00485066056720181,0.570442931703951
30108,NA,NA,NA,NA,NA,NA,-0.735719064206513,NA,NA,-0.0621397918684502,0.961181192608791,3,0.333333333333333,0.0544407788446093,"0.0869326544712869",0.00485066056720181,0.570442931703951
30110,0.750253391806375,0.837220604702733,-0.122756830284411,-0.25009552778833,NA,NA,0.0450498802965776,NA,0.383666978363526,NA,0.113145294558936,7,0.142857142857143,0.250926255950772,"0.431376359855186",0.00485066056720181,0.570442931703951
30111,NA,0.266962431133168,0.362971458103715,0.974298050814256,NA,NA,0.825818824799667,NA,0.26696087730654,NA,0.678502559925508,6,0.166666666666667,0.562585700347143,"0.977722763807327",0.00485066056720181,0.570442931703951
30112,NA,NA,NA,NA,NA,NA,-0.735719064206513,NA,NA,-1.75923494793955,1.38519914163372,3,0.333333333333333,-0.369918290170782,"-0.656978866612519",0.00485066056720181,0.570442931703951
30113,NA,NA,0.313407347043702,NA,NA,NA,NA,NA,NA,NA,-0.452211970807637,2,0.5,-0.0694023118819678,"-0.130167223261705",0.00485066056720181,0.570442931703951
30114,-0.153713290407692,0.0727664044581274,0.346450087750377,-0.127656169928072,NA,NA,-0.735719064206513,NA,1.43402188787639,1.35210617152414,0.819841876267148,8,0.125,0.376012237916738,"0.650655055433595",0.00485066056720181,0.570442931703951
30115,0.611181594542672,-0.232398780316937,-0.836480029548595,-0.127656169928072,NA,NA,0.0450498802965776,-0.160136533192892,-0.433275729035377,NA,1.52653845797536,8,0.125,0.0491028363490927,"0.0775751145687908",0.00485066056720181,0.570442931703951
30117,NA,1.34582924599451,1.04365191666122,0.484540619373221,NA,NA,0.0450498802965776,NA,0.033548675192569,NA,-0.310872654465994,6,0.166666666666667,0.440291280508684,"0.763337742902331",0.00485066056720181,0.570442931703951
30119,0.787066514611473,0.414921308599866,0.4356654876584,-0.127656169928072,0.0983360449760701,0.415288785555766,0.0450498802965776,NA,0.383666978363526,0.0792848044708086,0.254484610900575,10,0.1,0.278610824550499,"0.479908065764892",0.00485066056720181,0.570442931703951
30121,0.545736042889165,0.510478083630442,-0.238406422757774,-1.2296103906704,NA,NA,0.0450498802965776,NA,0.383666978363526,-0.769262773564744,1.38519914163372,8,0.125,0.0791063174775642,"0.130171929185897",0.00485066056720181,0.570442931703951
30122,NA,0.442663598124872,-0.0963226377190704,-1.47448910639092,0.543653630032868,-0.416575932555496,0.0450498802965776,NA,-0.433275729035377,NA,-0.452211970807637,8,0.125,-0.230188533506772,"-0.412029286386101",0.00485066056720181,0.570442931703951
30123,0.353489734906988,0.347106823094296,0.105238080591648,1.21917676653477,NA,NA,-0.735719064206513,NA,0.500373079420508,-1.05211196624326,0.961181192608791,8,0.125,0.212341830838404,"0.363736946746649",0.00485066056720181,0.570442931703951
30130,NA,1.19478789191392,-0.0467585266590577,0.362101261512963,NA,NA,0.0450498802965776,NA,-1.8337489417192,NA,-0.452211970807637,6,0.166666666666667,-0.121796734243739,"-0.222015889359234",0.00485066056720181,0.570442931703951
30134,NA,0.263879954519279,0.518272339425088,NA,NA,NA,NA,NA,NA,NA,-0.452211970807637,3,0.333333333333333,0.109980107712243,"0.184294416324895",0.00485066056720181,0.570442931703951
30136,NA,NA,1.44016480514133,NA,NA,NA,NA,NA,NA,NA,-0.0281940217827077,2,0.5,0.705985391679309,"1.22910582662103",0.00485066056720181,0.570442931703951
30138,NA,NA,NA,-0.617413601369107,1.65694759267486,0.553932905240976,0.825818824799667,NA,NA,NA,-0.452211970807637,5,0.2,0.393414750107753,"0.681162072391509",0.00485066056720181,0.570442931703951
30139,NA,1.12697340640835,0.277060332266359,NA,NA,NA,0.0450498802965776,NA,-0.0831574258644167,NA,0.537163243583865,5,0.2,0.380617887338147,"0.658728868194586",0.00485066056720181,0.570442931703951
30146,NA,-1.90618358165896,0.429056939517065,NA,NA,NA,-2.29725695321269,NA,0.26696087730654,-0.344988984546967,-0.310872654465994,6,0.166666666666667,-0.693880726176834,"-1.22489270689511",0.00485066056720181,0.570442931703951
30147,NA,-1.25269853951437,-0.97525954051663,-0.984731674949884,NA,NA,0.825818824799667,NA,NA,NA,-0.452211970807637,5,0.2,-0.567816580197772,"-1.00389926658286",0.00485066056720181,0.570442931703951
30148,NA,0.528972943313779,0.138280821298323,0.60697997723348,NA,NA,-1.5164880087096,NA,0.617079180477497,NA,0.961181192608791,6,0.166666666666667,0.222667684370378,"0.381838413095141",0.00485066056720181,0.570442931703951
30152,NA,NA,NA,NA,NA,NA,NA,NA,NA,NA,-0.452211970807637,1,1,-0.452211970807637,"-0.801241642191206",0.00485066056720181,0.570442931703951
30153,NA,NA,NA,NA,NA,NA,NA,NA,NA,NA,NA,0,NA,NA,"NaN",0.00485066056720181,0.570442931703951
30154,NA,NA,0.078803888026308,NA,NA,NA,NA,NA,NA,NA,-0.452211970807637,2,0.5,-0.186704041390665,"-0.335799939506096",0.00485066056720181,0.570442931703951
30155,NA,NA,NA,NA,NA,NA,NA,NA,NA,NA,NA,0,NA,NA,"NaN",0.00485066056720181,0.570442931703951
31300,NA,NA,-0.330926096736464,NA,NA,NA,NA,NA,NA,NA,0.537163243583865,2,0.5,0.1031185734237,"0.172265983843407",0.00485066056720181,0.570442931703951
31301,NA,NA,NA,NA,NA,NA,NA,NA,NA,NA,NA,0,NA,NA,"NaN",0.00485066056720181,0.570442931703951
31302,NA,NA,NA,0.239661903652703,NA,NA,NA,NA,NA,NA,-0.0281940217827077,2,0.5,0.105733940934998,"0.176850785172236",0.00485066056720181,0.570442931703951
31304,NA,NA,NA,NA,NA,NA,NA,NA,NA,NA,NA,0,NA,NA,"NaN",0.00485066056720181,0.570442931703951
31305,NA,NA,NA,NA,NA,NA,NA,NA,NA,NA,0.113145294558936,1,1,0.113145294558936,"0.189843063999847",0.00485066056720181,0.570442931703951
31308,NA,NA,NA,NA,NA,NA,NA,NA,NA,NA,NA,0,NA,NA,"NaN",0.00485066056720181,0.570442931703951
31309,NA,NA,-3.50963775271862,NA,NA,NA,NA,NA,NA,NA,-1.01756923617421,2,0.5,-2.26360349444641,"-3.97665398050878",0.00485066056720181,0.570442931703951
31311,NA,NA,-1.3750767030674,0.239661903652703,NA,NA,NA,NA,NA,NA,-0.169533338124351,3,0.333333333333333,-0.434982712513016,"-0.771038343426233",0.00485066056720181,0.570442931703951
31312,NA,NA,NA,NA,NA,NA,NA,NA,NA,NA,0.395823927242222,1,1,0.395823927242222,"0.685385417095374",0.00485066056720181,0.570442931703951
31313,NA,NA,NA,NA,NA,NA,NA,NA,NA,NA,NA,0,NA,NA,"NaN",0.00485066056720181,0.570442931703951
31314,-1.55670230397975,-2.43328708263407,-0.902565510961945,-0.0052168120678136,-0.198542345061796,-0.416575932555496,0.0450498802965776,NA,0.617079180477497,NA,-1.15890855251585,9,0.111111111111111,-0.667741053222516,"-1.17906923972332",0.00485066056720181,0.570442931703951
31315,NA,NA,-1.30238267351271,0.239661903652703,NA,NA,NA,NA,NA,NA,0.113145294558936,3,0.333333333333333,-0.316525158433692,"-0.563379439273484",0.00485066056720181,0.570442931703951
31317,NA,NA,0.624009109686449,-0.494974243508849,NA,NA,NA,NA,0.383666978363526,NA,-0.0281940217827077,4,0.25,0.121126955689605,"0.203835105424267",0.00485066056720181,0.570442931703951
31318,NA,-0.765667234519827,1.05356473887323,-1.59692846425118,0.172555642485536,0.553932905240976,0.0450498802965776,NA,0.033548675192569,NA,0.819841876267148,8,0.125,0.0394872524481286,"0.0607187677432781",0.00485066056720181,0.570442931703951
31319,NA,NA,0.567836450485101,NA,NA,NA,NA,NA,NA,-0.486413580886226,0.537163243583865,3,0.333333333333333,0.206195371060913,"0.352962056856909",0.00485066056720181,0.570442931703951
31320,NA,NA,NA,NA,NA,NA,NA,NA,NA,NA,-0.452211970807637,1,1,-0.452211970807637,"-0.801241642191206",0.00485066056720181,0.570442931703951
40001,NA,0.569045139294343,-0.268144889393781,-0.0052168120678136,NA,NA,0.0450498802965776,NA,NA,NA,0.254484610900575,5,0.2,0.11904358580598,"0.200182908564887",0.00485066056720181,0.570442931703951
40002,NA,1.87601522358351,-0.0798012673657328,-0.0052168120678136,NA,NA,NA,NA,-0.316569627978388,NA,-0.734890603490924,5,0.2,0.14790738253613,"0.250781829378809",0.00485066056720181,0.570442931703951
40004,1.59695521632362,1.34582924599451,1.25182118311328,-2.6988826849935,0.469434032523402,0.415288785555766,0.825818824799667,1.30583152119298,2.25096459527529,-0.0621397918684502,2.37457435602522,11,0.0909090909090909,0.82504502581289,"1.43782019140059",0.00485066056720181,0.570442931703951
40007,0.967041781658617,0.627612194958244,-0.357360289301804,-0.37253488564859,-1.01495791766593,0.276644665870556,0.0450498802965776,1.30583152119298,0.617079180477497,NA,0.395823927242222,10,0.1,0.249023005908038,"0.428039917352428",0.00485066056720181,0.570442931703951
40010,0.312586265123546,0.877292800683297,0.187844932358336,-3.06620075857428,NA,NA,0.0450498802965776,-0.160136533192892,1.55072798893338,NA,1.38519914163372,8,0.125,0.141545464657711,"0.239629236323768",0.00485066056720181,0.570442931703951
40011,NA,1.74346872918626,0.934610872329195,-0.25009552778833,NA,NA,NA,NA,-0.433275729035377,NA,0.113145294558936,5,0.2,0.421570727850136,"0.73052016971823",0.00485066056720181,0.570442931703951
40014,0.811608596481538,0.689261727236035,-0.155799570991086,0.117222545792445,0.320994837504468,0.276644665870556,-1.5164880087096,NA,-2.53398554806111,0.786407786167103,-2.71364103227392,10,0.1,-0.391777400098358,"-0.695298405189816",0.00485066056720181,0.570442931703951
40016,-2.91060715381168,0.18990051578593,-0.0731927192243978,-0.984731674949884,-1.01495791766593,-0.832508291611126,0.0450498802965776,NA,0.26696087730654,NA,0.395823927242222,9,0.111111111111111,-0.546473617403527,"-0.966484546182187",0.00485066056720181,0.570442931703951
40017,NA,1.39206639520285,0.379492828457052,-1.47448910639092,0.988971215089666,-0.416575932555496,0.825818824799667,NA,0.383666978363526,-0.203564388207709,-0.169533338124351,9,0.111111111111111,0.189539275181588,"0.323763525411225",0.00485066056720181,0.570442931703951
40018,NA,NA,NA,NA,NA,NA,NA,NA,NA,NA,NA,0,NA,NA,"NaN",0.00485066056720181,0.570442931703951
40019,NA,NA,0.726441605877142,0.60697997723348,NA,NA,0.0450498802965776,NA,NA,NA,0.254484610900575,4,0.25,0.408239018576943,"0.707149366904756",0.00485066056720181,0.570442931703951
40020,-0.513663824501981,-0.827316766797618,-0.549008185400521,-0.127656169928072,0.320994837504468,0.969865264296607,1.60658776930276,-2.1147606057074,-1.8337489417192,NA,-0.593551287149281,10,0.1,-0.366225791010024,"-0.650505827934086",0.00485066056720181,0.570442931703951
40022,0.97931282259365,0.646107054641581,1.75737511592541,-0.127656169928072,NA,NA,-3.07802589771578,NA,0.383666978363526,NA,0.113145294558936,7,0.142857142857143,0.096275028348464,"0.160269086879859",0.00485066056720181,0.570442931703951
40026,0.72571130993631,-0.189244107722483,-0.0798012673657328,1.21917676653477,0.9147516175802,0.692577024926186,0.0450498802965776,-0.160136533192892,-2.06716114383317,0.220709400810067,-0.593551287149281,11,0.0909090909090909,0.0661892418927774,"0.107527989070446",0.00485066056720181,0.570442931703951
40027,-0.0146414931439893,0.639942101413802,0.214279124923676,-1.35204974853066,0.617873227542334,0.415288785555766,0.0450498802965776,-2.01702940208167,-1.8337489417192,-1.05211196624326,-1.01756923617421,11,0.0909090909090909,-0.486792515287348,"-0.861862157509744",0.00485066056720181,0.570442931703951
40029,-0.722271520397535,-0.0412852302557855,-0.552312459471188,1.70893419797581,NA,NA,0.0450498802965776,NA,0.500373079420508,NA,-1.58292650154078,7,0.142857142857143,-0.0920626505674854,"-0.169891334870608",0.00485066056720181,0.570442931703951
40036,-0.341869251411525,-0.401934994080861,0.108542354662316,0.484540619373221,NA,NA,0.825818824799667,0.328519484935734,0.500373079420508,-1.75923494793955,-1.15890855251585,9,0.111111111111111,-0.157128153639594,"-0.283952706229446",0.00485066056720181,0.570442931703951
40039,NA,-0.694770272400367,-0.0731927192243978,-0.617413601369107,0.840532020070734,0.138000546185346,-0.735719064206513,NA,0.967197483648454,NA,-0.734890603490924,8,0.125,-0.113782026348347,"-0.207965916171816",0.00485066056720181,0.570442931703951
40041,-0.186436066234445,1.26260237741949,1.55581439761469,-0.37253488564859,NA,NA,0.0450498802965776,NA,0.617079180477497,0.644983189827844,0.961181192608791,8,0.125,0.565967408295232,"0.983650978112634",0.00485066056720181,0.570442931703951
40050,NA,-0.790327047430943,-2.0260186949889,0.239661903652703,NA,NA,NA,NA,NA,NA,0.113145294558936,4,0.25,-0.615884636052052,"-1.08816370949689",0.00485066056720181,0.570442931703951
40051,NA,-0.556058824775338,0.194453480499671,-0.739852959229365,NA,NA,NA,NA,-0.666687931149345,NA,-4.40971282837364,5,0.2,-1.2355718126056,"-2.17449003963917",0.00485066056720181,0.570442931703951
40055,-0.141442249472659,-0.907461158758746,0.201062028641006,-1.35204974853066,0.0241164474666027,0.138000546185346,0.0450498802965776,-0.355598940444343,-0.549981830092359,NA,-0.310872654465994,10,0.1,-0.320917767917523,"-0.571079787966927",0.00485066056720181,0.570442931703951
40062,0.582549165694263,0.334776916638738,0.666964672605126,1.58649484011555,0.469434032523402,-0.832508291611126,0.825818824799667,-0.355598940444343,-1.36692453749126,1.77637996054191,0.395823927242222,11,0.0909090909090909,0.371200960964923,"0.642220772730778",0.00485066056720181,0.570442931703951
40067,NA,1.34274676938062,-0.446575689209827,-0.127656169928072,NA,NA,0.0450498802965776,NA,NA,NA,-0.169533338124351,5,0.2,0.128806290482989,"0.217297161603043",0.00485066056720181,0.570442931703951
40069,NA,NA,-2.61748375363839,0.239661903652703,NA,NA,NA,NA,1.20060968576243,NA,-0.169533338124351,4,0.25,-0.336686375586903,"-0.598722531514083",0.00485066056720181,0.570442931703951
40071,-0.734542561332567,-0.910543635372635,-1.34203396236072,2.07625227155658,-0.421201137590195,1.10850938398182,-1.5164880087096,NA,0.73378528153448,0.927832382506361,-0.452211970807637,10,0.1,-0.0530641956594122,"-0.101526117702289",0.00485066056720181,0.570442931703951
40072,NA,0.0943437407553541,0.108542354662316,0.117222545792445,NA,NA,-0.735719064206513,NA,NA,NA,-0.0281940217827077,5,0.2,-0.0887608889558212,"-0.164103268390756",0.00485066056720181,0.570442931703951
40076,NA,NA,0.657051850393124,NA,NA,NA,NA,NA,NA,NA,-0.0281940217827077,2,0.5,0.314428914305208,"0.542698027326372",0.00485066056720181,0.570442931703951
40078,-1.70395479520014,0.966684622486093,-0.099626911789738,-3.3110794742948,0.0983360449760701,0.415288785555766,0.825818824799667,0.719444299438634,0.617079180477497,0.0792848044708086,-1.15890855251585,11,0.0909090909090909,-0.231966651963272,"-0.415146370247914",0.00485066056720181,0.570442931703951
40084,NA,1.08690121042779,-0.413532948503152,-1.10717103281014,NA,NA,0.825818824799667,NA,1.20060968576243,0.0792848044708086,0.113145294558936,7,0.142857142857143,0.255007976958047,"0.438531713669602",0.00485066056720181,0.570442931703951
40088,0.300315224188514,0.658436961097139,1.05686901294389,0.117222545792445,NA,NA,-0.735719064206513,NA,0.617079180477497,NA,-0.0281940217827077,7,0.142857142857143,0.283715691215753,"0.488857018204367",0.00485066056720181,0.570442931703951
40114,-0.534115559393702,-0.589966067528123,-0.777003096276579,-0.127656169928072,-0.198542345061796,0.969865264296607,0.0450498802965776,1.01263791031581,1.31731578681941,-0.486413580886226,-1.58292650154078,11,0.0909090909090909,-0.0865231344442618,"-0.160180431613946",0.00485066056720181,0.570442931703951
40118,0.586639512672607,-0.713265132083705,-0.578746652036528,-0.0052168120678136,-1.16339711268486,-0.971152411296336,-0.735719064206513,-0.355598940444343,-0.316569627978388,NA,-0.452211970807637,10,0.1,-0.470523821093352,"-0.833342750414276",0.00485066056720181,0.570442931703951
40119,0.44347736843056,0.803313361949948,-0.182233763556426,0.60697997723348,-1.97981268528899,-0.277931812870285,0.825818824799667,NA,0.967197483648454,1.4935307678634,0.395823927242222,10,0.1,0.309616344945203,"0.534261479001319",0.00485066056720181,0.570442931703951
40132,NA,NA,NA,NA,NA,NA,NA,NA,NA,NA,NA,0,NA,NA,"NaN",0.00485066056720181,0.570442931703951
40134,-0.558657641263767,-0.485161862655879,-0.902565510961945,NA,NA,NA,-0.735719064206513,0.230788281310009,0.033548675192569,NA,-0.734890603490924,7,0.142857142857143,-0.450379675153779,"-0.798029584416407",0.00485066056720181,0.570442931703951
40137,NA,0.901952613594413,0.286973154478362,0.362101261512963,NA,NA,NA,NA,NA,NA,-0.0281940217827077,4,0.25,0.380708251950758,"0.658887279505497",0.00485066056720181,0.570442931703951
40147,NA,NA,NA,NA,NA,NA,0.825818824799667,NA,NA,1.63495536420266,0.961181192608791,3,0.333333333333333,1.14065179387037,"1.9910863474291",0.00485066056720181,0.570442931703951
40153,NA,NA,1.63842124938138,NA,NA,NA,NA,NA,NA,NA,0.395823927242222,2,0.5,1.0171225883118,"1.77453671784638",0.00485066056720181,0.570442931703951
40154,0.153062732968123,-0.765667234519827,-0.552312459471188,0.729419335093738,NA,NA,0.0450498802965776,NA,-1.25021843643427,NA,-0.876229919832567,7,0.142857142857143,-0.359556585985631,"-0.638814553218013",0.00485066056720181,0.570442931703951
40156,NA,-0.962945737808757,1.30138529417329,0.484540619373221,NA,NA,NA,NA,NA,NA,0.395823927242222,4,0.25,0.304701025744994,"0.525644807767395",0.00485066056720181,0.570442931703951
40161,-0.264152658822985,-1.8938536752034,-1.55681177695411,0.851858692953996,NA,NA,NA,NA,-1.48363063854824,NA,-0.452211970807637,6,0.166666666666667,-0.799800337897064,"-1.41057230047661",0.00485066056720181,0.570442931703951
40164,NA,NA,NA,NA,NA,NA,NA,NA,NA,NA,-0.310872654465994,1,1,-0.310872654465994,"-0.553470465643442",0.00485066056720181,0.570442931703951
41300,NA,1.30575705001394,1.15930150913459,NA,NA,NA,NA,NA,NA,NA,0.819841876267148,3,0.333333333333333,1.09496681180523,"1.91099948943495",0.00485066056720181,0.570442931703951
41302,NA,NA,NA,0.484540619373221,NA,NA,NA,NA,NA,NA,0.113145294558936,2,0.5,0.298842956966078,"0.515375474143754",0.00485066056720181,0.570442931703951
41303,NA,NA,NA,NA,NA,NA,NA,NA,NA,NA,0.254484610900575,1,1,0.254484610900575,"0.437614240547604",0.00485066056720181,0.570442931703951
41305,NA,NA,0.88835103533985,NA,NA,NA,NA,NA,NA,NA,-0.593551287149281,2,0.5,0.147399874095285,"0.249892155035174",0.00485066056720181,0.570442931703951
41306,NA,NA,NA,0.117222545792445,NA,NA,NA,NA,NA,NA,-1.44158718519914,2,0.5,-0.662182319703348,"-1.1693246479154",0.00485066056720181,0.570442931703951
41307,NA,NA,0.538097983849093,0.362101261512963,NA,NA,NA,NA,-0.549981830092359,NA,0.537163243583865,4,0.25,0.221845164713391,"0.380396516612121",0.00485066056720181,0.570442931703951
41308,NA,NA,NA,NA,NA,NA,NA,NA,NA,NA,0.113145294558936,1,1,0.113145294558936,"0.189843063999847",0.00485066056720181,0.570442931703951
41309,NA,NA,NA,NA,NA,NA,NA,NA,NA,NA,-0.0281940217827077,1,1,-0.0281940217827077,"-0.0579281125479159",0.00485066056720181,0.570442931703951
41310,NA,NA,-0.284666259747119,-0.25009552778833,NA,NA,0.825818824799667,NA,NA,-0.344988984546967,-0.310872654465994,5,0.2,-0.0729609203497486,"-0.136405548377157",0.00485066056720181,0.570442931703951
41311,NA,NA,-0.515965444693845,0.117222545792445,NA,NA,NA,NA,NA,NA,-0.593551287149281,3,0.333333333333333,-0.33076472868356,"-0.588341743929155",0.00485066056720181,0.570442931703951
41312,NA,0.864962894227739,-0.747264629640572,-0.494974243508849,NA,NA,0.825818824799667,NA,NA,NA,-0.310872654465994,5,0.2,0.0275340382823983,"0.0397644995748123",0.00485066056720181,0.570442931703951
41313,NA,NA,1.26834255346661,-0.0052168120678136,NA,NA,0.0450498802965776,NA,0.150254776249555,NA,0.395823927242222,5,0.2,0.370850865037431,"0.641607046259584",0.00485066056720181,0.570442931703951
41317,NA,NA,NA,NA,NA,NA,NA,NA,NA,NA,-0.452211970807637,1,1,-0.452211970807637,"-0.801241642191206",0.00485066056720181,0.570442931703951
41318,NA,1.45988088070842,0.320015895185037,NA,NA,NA,NA,NA,NA,NA,-0.452211970807637,3,0.333333333333333,0.442561601695273,"0.76731766983351",0.00485066056720181,0.570442931703951
41320,NA,NA,NA,NA,NA,NA,NA,NA,NA,NA,0.113145294558936,1,1,0.113145294558936,"0.189843063999847",0.00485066056720181,0.570442931703951
41321,NA,1.2595199008056,0.0887167102383106,0.60697997723348,NA,NA,NA,NA,NA,NA,-0.310872654465994,4,0.25,0.411085983452849,"0.712140163911218",0.00485066056720181,0.570442931703951
41322,NA,NA,0.620704835615781,-0.127656169928072,NA,NA,NA,NA,NA,NA,0.113145294558936,3,0.333333333333333,0.202064653415548,"0.345720810772877",0.00485066056720181,0.570442931703951
41323,NA,0.421086261827645,-0.912478333173947,NA,NA,NA,NA,NA,-0.0831574258644167,NA,-0.169533338124351,4,0.25,-0.186020708833767,"-0.334602041313447",0.00485066056720181,0.570442931703951
41324,NA,NA,1.65494261973471,0.729419335093738,NA,NA,NA,NA,NA,NA,-0.0281940217827077,3,0.333333333333333,0.785389311015248,"1.36830278204434",0.00485066056720181,0.570442931703951
41326,NA,NA,0.990783531530543,NA,NA,NA,NA,NA,NA,NA,-0.0281940217827077,2,0.5,0.481294754873918,"0.835217806772618",0.00485066056720181,0.570442931703951
41327,NA,NA,-1.24621001431137,NA,NA,NA,NA,NA,NA,NA,0.395823927242222,2,0.5,-0.425193043534572,"-0.753876821327605",0.00485066056720181,0.570442931703951
41328,NA,NA,0.257234687842354,NA,NA,NA,NA,NA,NA,NA,0.113145294558936,2,0.5,0.185189991200645,"0.31613912735277",0.00485066056720181,0.570442931703951
41329,NA,NA,1.85319906397477,0.117222545792445,NA,NA,NA,NA,NA,NA,-0.310872654465994,3,0.333333333333333,0.553182985100405,"0.961239580785581",0.00485066056720181,0.570442931703951
41330,NA,0.236137664994273,-0.45648851142183,NA,NA,NA,NA,NA,-0.433275729035377,NA,-1.72426581788243,4,0.25,-0.59447309833634,"-1.05062877563111",0.00485066056720181,0.570442931703951
41331,NA,NA,NA,NA,NA,NA,NA,NA,NA,NA,-0.169533338124351,1,1,-0.169533338124351,"-0.305699289095679",0.00485066056720181,0.570442931703951
41332,NA,NA,-0.714221888933897,NA,NA,NA,NA,NA,0.150254776249555,NA,-0.593551287149281,3,0.333333333333333,-0.385839466611208,"-0.684889066836874",0.00485066056720181,0.570442931703951
41334,NA,NA,NA,-0.984731674949884,NA,NA,NA,NA,NA,NA,NA,1,1,-0.984731674949884,"-1.73476132408397",0.00485066056720181,0.570442931703951
50002,NA,-0.74717237483649,-0.872827044325937,NA,NA,NA,NA,NA,-2.06716114383317,-1.33496115892178,-2.14828376690736,5,0.2,-1.43408109776495,"-2.52248152857984",0.00485066056720181,0.570442931703951
50006,0.905686576983454,0.972849575713872,0.505055243142418,1.34161612439503,0.172555642485536,0.692577024926186,-3.07802589771578,-0.160136533192892,0.850491382591465,0.362133997149326,3.50528888675837,11,0.0909090909090909,0.551826547566999,"0.958861713591479",0.00485066056720181,0.570442931703951
50007,0.243050366491695,0.414921308599866,-0.215276504263101,-0.0052168120678136,0.9147516175802,1.24715350366703,0.825818824799667,-0.257867736818618,0.500373079420508,1.4935307678634,1.24385982529208,11,0.0909090909090909,0.582281658233174,"1.0122502455086",0.00485066056720181,0.570442931703951
50008,NA,-1.08316232575045,0.44888258394107,NA,NA,NA,0.0450498802965776,NA,NA,0.503558593488585,-0.310872654465994,5,0.2,-0.079308784498042,"-0.147533504909692",0.00485066056720181,0.570442931703951
50009,-0.280514046736362,1.00983929508055,1.10973739807457,0.729419335093738,-1.90559308777952,0.138000546185346,-0.735719064206513,-0.355598940444343,0.383666978363526,0.644983189827844,0.678502559925508,11,0.0909090909090909,0.128793105762213,"0.217274048474554",0.00485066056720181,0.570442931703951
50013,-0.685458397592437,0.32552948679707,1.16260578320525,-0.617413601369107,-0.272761942571262,-0.139287693185075,0.825818824799667,NA,0.73378528153448,0.927832382506361,-0.169533338124351,10,0.1,0.20911167860006,"0.358074413198034",0.00485066056720181,0.570442931703951
50014,NA,-0.648533123192024,0.673573220746461,-0.862292317089623,0.543653630032868,0.415288785555766,NA,NA,1.55072798893338,-0.627838177225485,1.38519914163372,8,0.125,0.303722393674383,"0.52392924251762",0.00485066056720181,0.570442931703951
50017,-0.54229625335039,-0.303295742436396,-0.135973926567081,0.851858692953996,NA,NA,0.0450498802965776,0.719444299438634,-0.0831574258644167,-1.90065954427881,0.395823927242222,9,0.111111111111111,-0.105911788062852,"-0.194169201639854",0.00485066056720181,0.570442931703951
50022,-0.456398966805162,-1.35133779115884,-2.05906143569558,-0.984731674949884,NA,NA,-1.5164880087096,-0.0624053295671671,-1.01680623432031,-0.627838177225485,-2.43096239959064,9,0.111111111111111,-1.16733666866918,"-2.05487221260676",0.00485066056720181,0.570442931703951
50024,NA,0.32244701018318,0.633921931898451,NA,NA,NA,NA,NA,-0.316569627978388,NA,-1.44158718519914,4,0.25,-0.200446967773974,"-0.35989161567475",0.00485066056720181,0.570442931703951
50025,0.00581024174773168,-0.691687795786478,-0.367273111513807,3.17820649229891,-1.08917751517539,-0.693864171925916,0.825818824799667,0.230788281310009,-1.25021843643427,-1.47638575526104,0.961181192608791,11,0.0909090909090909,-0.0333456139392541,"-0.0669589758827604",0.00485066056720181,0.570442931703951
50026,-0.955421298163154,0.0511890681609006,-0.489531252128505,-0.494974243508849,0.6920928250518,1.10850938398182,0.0450498802965776,-1.03971736582442,0.150254776249555,-0.0621397918684502,0.537163243583865,11,0.0909090909090909,-0.0415931612880783,"-0.0814171221590026",0.00485066056720181,0.570442931703951
50028,NA,-0.374192704555856,0.637226205969119,0.484540619373221,NA,NA,0.0450498802965776,NA,-0.0831574258644167,-0.0621397918684502,0.113145294558936,7,0.142857142857143,0.108638868272733,"0.181943191750153",0.00485066056720181,0.570442931703951
50030,-0.378682374216622,-1.38832751052551,-1.68237419163948,-1.2296103906704,-2.87044785540259,1.38579762335224,-0.735719064206513,NA,-5.45163807448575,-0.627838177225485,-6.10578462447336,10,0.1,-1.90846246394935,"-3.35408332399064",0.00485066056720181,0.570442931703951
50036,0.558007083824198,0.0481065915470111,-0.621702214955206,-0.739852959229365,-1.01495791766593,-0.000643573499865181,0.825818824799667,0.426250688561459,0.033548675192569,0.0792848044708086,-0.310872654465994,11,0.0909090909090909,-0.0651829683109675,"-0.122770613826302",0.00485066056720181,0.570442931703951
50038,-0.280514046736362,-0.155336864969698,-0.01702006002305,-0.25009552778833,-1.31183630770379,-0.416575932555496,0.0450498802965776,0.328519484935734,-0.316569627978388,-0.0621397918684502,0.113145294558936,11,0.0909090909090909,-0.211215772712029,"-0.378769586352532",0.00485066056720181,0.570442931703951
50039,0.238960019513351,-0.038202753641896,-0.618397940884538,-2.33156461141273,-1.16339711268486,-2.08030536877802,0.0450498802965776,1.01263791031581,-0.316569627978388,1.35210617152414,-0.593551287149281,11,0.0909090909090909,-0.408475883716349,"-0.724571243347545",0.00485066056720181,0.570442931703951
50040,NA,1.19170541530003,0.280364606337027,NA,1.21163000761807,0.138000546185346,NA,NA,-1.01680623432031,NA,-0.452211970807637,6,0.166666666666667,0.225447061718754,"0.386710727561505",0.00485066056720181,0.570442931703951
50042,NA,0.131333460122029,0.280364606337027,0.239661903652703,-0.643859930118594,-1.94166124909281,0.0450498802965776,NA,1.20060968576243,NA,-0.169533338124351,8,0.125,-0.107254372645624,"-0.196522784282664",0.00485066056720181,0.570442931703951
50043,1.09384253798729,0.750911259513826,0.574444998626436,-2.20912525355247,0.0241164474666027,0.415288785555766,-1.5164880087096,1.30583152119298,-0.0831574258644167,0.220709400810067,2.23323503968358,11,0.0909090909090909,0.255419027519097,"0.439252295060315",0.00485066056720181,0.570442931703951
50045,NA,-0.395770040853082,-0.724134711145899,0.60697997723348,1.21163000761807,-0.416575932555496,0.0450498802965776,NA,-0.433275729035377,NA,-0.452211970807637,8,0.125,-0.069788564906171,"-0.130844333981702",0.00485066056720181,0.570442931703951
50047,-0.628193539895618,-0.115264668989134,-1.68567846571015,0.60697997723348,0.469434032523402,0.276644665870556,0.825818824799667,0.133057077684283,0.033548675192569,NA,-0.0281940217827077,10,0.1,-0.0111847443073651,"-0.0281104453808694",0.00485066056720181,0.570442931703951
50054,NA,0.643024578027692,0.105238080591648,NA,NA,NA,NA,NA,NA,NA,0.537163243583865,3,0.333333333333333,0.428475300734402,"0.742624049879635",0.00485066056720181,0.570442931703951
50055,NA,-0.457419573130873,-0.813350111053922,NA,NA,NA,0.0450498802965776,NA,-0.666687931149345,1.21068157518488,-1.01756923617421,6,0.166666666666667,-0.283215899337816,"-0.504987517409575",0.00485066056720181,0.570442931703951
50056,-0.538205906372046,-0.0721099963946809,-0.773698822205912,-0.0052168120678136,NA,NA,-0.735719064206513,NA,-0.549981830092359,NA,-0.593551287149281,7,0.142857142857143,-0.466926245498372,"-0.827036114999874",0.00485066056720181,0.570442931703951
50057,1.1224749668357,-0.195409060950262,-0.215276504263101,2.68844906085788,1.43428880014646,0.138000546185346,0.825818824799667,-0.844254958572969,-0.199863526921402,0.786407786167103,0.819841876267148,11,0.0909090909090909,0.578225255504688,"1.00513927523789",0.00485066056720181,0.570442931703951
50058,1.19201086546755,-0.0289553238002274,-0.466401333633833,0.60697997723348,NA,NA,-0.735719064206513,NA,0.500373079420508,0.927832382506361,-1.44158718519914,8,0.125,0.0693166747235229,"0.113010453059269",0.00485066056720181,0.570442931703951
50060,-0.693639091549125,-0.673192936103141,-0.562225281683191,1.34161612439503,-0.421201137590195,-0.000643573499865181,0.825818824799667,0.133057077684283,-2.30057334594714,NA,-1.3002478688575,10,0.1,-0.365123120835118,"-0.648572820943163",0.00485066056720181,0.570442931703951
50063,1.26972745805609,-0.827316766797618,-1.74185112491149,0.60697997723348,NA,NA,1.60658776930276,NA,0.617079180477497,1.4935307678634,-1.58292650154078,8,0.125,0.180226344960415,"0.307437737670541",0.00485066056720181,0.570442931703951
50067,NA,-2.75694712709247,-1.7715895915475,0.117222545792445,NA,NA,NA,NA,NA,NA,-1.3002478688575,4,0.25,-1.42789051042626,"-2.51162928202785",0.00485066056720181,0.570442931703951
50069,0.631633329434393,0.082013834299796,-0.268144889393781,0.362101261512963,0.0983360449760701,0.276644665870556,-1.5164880087096,0.719444299438634,0.150254776249555,-0.203564388207709,0.254484610900575,11,0.0909090909090909,0.0533377760337681,"0.0849990643616743",0.00485066056720181,0.570442931703951
50070,NA,NA,NA,NA,NA,NA,NA,NA,NA,NA,0.113145294558936,1,1,0.113145294558936,"0.189843063999847",0.00485066056720181,0.570442931703951
50071,NA,-2.51343147459519,NA,NA,NA,NA,NA,NA,NA,NA,0.113145294558936,2,0.5,-1.20014309001813,"-2.11238264796434",0.00485066056720181,0.570442931703951
50072,NA,NA,NA,NA,NA,NA,NA,NA,NA,NA,-0.310872654465994,1,1,-0.310872654465994,"-0.553470465643442",0.00485066056720181,0.570442931703951
50073,NA,NA,-0.40362012629115,NA,NA,NA,NA,NA,NA,NA,0.537163243583865,2,0.5,0.0667715586463578,"0.108548804162047",0.00485066056720181,0.570442931703951
50075,NA,-1.47155437910053,-0.611789392743203,NA,NA,NA,NA,NA,-1.48363063854824,NA,-1.44158718519914,4,0.25,-1.25214039889778,"-2.20353516470134",0.00485066056720181,0.570442931703951
50076,NA,NA,NA,NA,NA,NA,NA,NA,NA,NA,0.395823927242222,1,1,0.395823927242222,"0.685385417095374",0.00485066056720181,0.570442931703951
50077,1.09793288496563,0.45807598119432,-0.40362012629115,-2.45400396927299,-1.31183630770379,-2.49623772783365,0.0450498802965776,-0.160136533192892,-0.199863526921402,1.21068157518488,-0.452211970807637,11,0.0909090909090909,-0.424197258216555,"-0.752131186027956",0.00485066056720181,0.570442931703951
50078,NA,0.159075749647034,0.210974850853009,0.239661903652703,NA,NA,0.0450498802965776,NA,0.033548675192569,NA,-0.452211970807637,6,0.166666666666667,0.0393498481390425,"0.0604778947278554",0.00485066056720181,0.570442931703951
50082,0.259411754405072,0.00803439556644707,-0.152495296920418,-1.2296103906704,0.0241164474666027,-1.94166124909281,0.825818824799667,-0.257867736818618,2.48437679738926,0.220709400810067,1.52653845797536,11,0.0909090909090909,0.160670127719113,"0.273155224636526",0.00485066056720181,0.570442931703951
50084,-0.243700923931264,-0.0166254173446692,-0.724134711145899,-0.0052168120678136,NA,NA,0.0450498802965776,-2.31022301295885,1.78414019104735,NA,1.52653845797536,8,0.125,0.00697845648384989,"0.00373007674982001",0.00485066056720181,0.570442931703951
50089,NA,-1.20954386691992,-0.238406422757774,NA,NA,NA,NA,NA,NA,NA,-1.58292650154078,3,0.333333333333333,-1.01029226373949,"-1.77956964296918",0.00485066056720181,0.570442931703951
50090,NA,-0.54681139493367,0.4356654876584,-0.739852959229365,NA,NA,0.825818824799667,NA,-0.0831574258644167,NA,-0.0281940217827077,6,0.166666666666667,-0.0227552482253486,"-0.0483938134005619",0.00485066056720181,0.570442931703951
50091,NA,-0.771832187747606,-0.965346718304628,NA,NA,NA,NA,NA,-0.783394032206331,NA,-1.15890855251585,4,0.25,-0.919870372693604,"-1.62105792160244",0.00485066056720181,0.570442931703951
50093,-1.40126911880267,-0.790327047430943,-0.453184237351162,0.851858692953996,NA,NA,0.825818824799667,0.426250688561459,-1.01680623432031,0.503558593488585,-1.3002478688575,9,0.111111111111111,-0.261594189662097,"-0.467084147109002",0.00485066056720181,0.570442931703951
50099,0.586639512672607,-0.2139039206336,-0.436662866997825,1.21917676653477,NA,NA,0.0450498802965776,0.914906706690084,0.033548675192569,NA,-0.734890603490924,8,0.125,0.176733018783033,"0.301313853959777",0.00485066056720181,0.570442931703951
50100,-0.853162623704549,0.0542715447747901,0.187844932358336,-0.37253488564859,-1.08917751517539,-1.10979653098155,0.0450498802965776,-0.257867736818618,0.033548675192569,-1.19353656258252,-0.593551287149281,11,0.0909090909090909,-0.468082919039839,"-0.829063791174266",0.00485066056720181,0.570442931703951
50101,NA,0.485818270719325,-1.12395187369667,-1.47448910639092,0.617873227542334,-0.139287693185075,-1.5164880087096,NA,0.26696087730654,1.35210617152414,0.961181192608791,9,0.111111111111111,-0.0633641046979037,"-0.119582102737856",0.00485066056720181,0.570442931703951
50102,NA,-2.13736932770067,-0.00380296374037992,NA,NA,NA,NA,NA,-0.199863526921402,NA,-0.310872654465994,4,0.25,-0.662977118207112,"-1.17071794855879",0.00485066056720181,0.570442931703951
50103,1.47833515395164,0.303952150499843,-1.27594848094737,0.851858692953996,NA,NA,0.0450498802965776,NA,-0.199863526921402,NA,0.254484610900575,7,0.142857142857143,0.208266925819122,"0.356593541520977",0.00485066056720181,0.570442931703951
50104,2.92222763730714,0.11900355366647,0.438969761729068,NA,NA,NA,NA,NA,-0.0831574258644167,NA,0.113145294558936,5,0.2,0.70203776427944,"1.2221855420834",0.00485066056720181,0.570442931703951
50107,-0.431856884935097,-0.109099715761355,0.366275732174382,0.729419335093738,-0.0501031500428634,-1.66437300972239,-0.735719064206513,-0.941986162198694,0.967197483648454,1.06925697884562,1.80921709065865,11,0.0909090909090909,0.0916571485049037,"0.15217383389852",0.00485066056720181,0.570442931703951
50108,0.47210979727897,0.152910796419255,-0.202059407980431,2.07625227155658,-2.27669107532685,0.692577024926186,0.0450498802965776,0.133057077684283,-0.666687931149345,1.77637996054191,0.113145294558936,11,0.0909090909090909,0.210549426255098,"0.360594818965431",0.00485066056720181,0.570442931703951
50110,NA,-1.56711115413111,-2.17471102816894,0.239661903652703,0.0241164474666027,0.553932905240976,0.0450498802965776,NA,0.500373079420508,-0.627838177225485,-1.3002478688575,9,0.111111111111111,-0.47853044581174,"-0.847378553600534",0.00485066056720181,0.570442931703951
50112,-0.804078459964419,0.109756123824802,-1.16029888847401,0.974298050814256,0.246775239995002,0.969865264296607,1.60658776930276,NA,0.617079180477497,-0.0621397918684502,0.961181192608791,10,0.1,0.345902568101283,"0.597872089527583",0.00485066056720181,0.570442931703951
50113,NA,-0.716347608697594,NA,-1.2296103906704,NA,NA,NA,NA,NA,NA,0.819841876267148,3,0.333333333333333,-0.375372041033615,"-0.666539421331889",0.00485066056720181,0.570442931703951
50115,-0.0310028810573661,-0.642368169964245,0.805744183573162,-0.0052168120678136,0.840532020070734,0.692577024926186,0.825818824799667,0.426250688561459,0.850491382591465,-0.910687369904002,1.38519914163372,11,0.0909090909090909,0.385212548469361,"0.666783418222035",0.00485066056720181,0.570442931703951
50116,-0.186436066234445,-0.204656490791931,-1.09751768113133,NA,0.6920928250518,0.692577024926186,0.0450498802965776,0.133057077684283,-0.900100133263316,0.503558593488585,-0.876229919832567,10,0.1,-0.119860488980616,"-0.21862160545192",0.00485066056720181,0.570442931703951
50118,NA,-0.519069105408664,-2.41592303532767,0.60697997723348,NA,NA,0.0450498802965776,NA,-0.316569627978388,NA,-1.58292650154078,6,0.166666666666667,-0.697076402120908,"-1.2304948026815",0.00485066056720181,0.570442931703951
50121,NA,-0.327955555347513,-0.4697056077045,-0.0052168120678136,NA,NA,0.825818824799667,NA,1.78414019104735,0.362133997149326,-0.169533338124351,7,0.142857142857143,0.285668814250309,"0.492280889245635",0.00485066056720181,0.570442931703951
50122,-0.215068495082855,-0.149171911741919,-0.314404726383127,0.239661903652703,NA,NA,-1.5164880087096,0.523981892187183,0.150254776249555,NA,0.254484610900575,8,0.125,-0.128343744865936,"-0.233492954387702",0.00485066056720181,0.570442931703951
50124,NA,-0.722512561925373,-0.747264629640572,2.19869162941684,NA,NA,2.38735671380585,NA,1.08390358470544,0.362133997149326,-1.15890855251585,7,0.142857142857143,0.486200025856522,"0.843816863242566",0.00485066056720181,0.570442931703951
50125,-1.28673940340903,-1.48696676216998,-1.44777073262209,NA,NA,NA,0.0450498802965776,NA,-0.433275729035377,-0.203564388207709,-0.593551287149281,7,0.142857142857143,-0.772402631756698,"-1.36254347126748",0.00485066056720181,0.570442931703951
50126,-4.18270506407672,-0.892048775689298,-0.0897140895777354,0.484540619373221,NA,NA,-0.735719064206513,NA,-1.13351233537729,0.362133997149326,-1.01756923617421,8,0.125,-0.900574243572402,"-1.58723134921672",0.00485066056720181,0.570442931703951
50127,NA,1.583179945264,-0.178929489485758,1.46405548225529,-0.569640332609128,-0.277931812870285,-2.29725695321269,NA,1.55072798893338,NA,0.254484610900575,8,0.125,0.191086179896923,"0.326475286096408",0.00485066056720181,0.570442931703951
50128,0.987493516550338,-0.0258728471863378,-0.327621822665797,-0.127656169928072,0.0983360449760701,-0.277931812870285,0.825818824799667,NA,0.150254776249555,-0.769262773564744,-0.452211970807637,10,0.1,0.0081345765552758,"0.00575678267809316",0.00485066056720181,0.570442931703951
50129,0.247140713470039,-0.392687564239193,-0.92239115538595,NA,NA,NA,0.0450498802965776,-1.03971736582442,-1.48363063854824,-0.344988984546967,-1.01756923617421,8,0.125,-0.613599293869046,"-1.08415745040244",0.00485066056720181,0.570442931703951
50131,NA,-0.0474501834835646,-0.264840615323114,0.60697997723348,NA,NA,0.0450498802965776,NA,-0.666687931149345,0.644983189827844,0.819841876267148,7,0.142857142857143,0.162553741952718,"0.27645724509978",0.00485066056720181,0.570442931703951
50132,NA,-0.818069336955949,0.138280821298323,NA,NA,NA,0.0450498802965776,NA,0.617079180477497,0.927832382506361,0.254484610900575,6,0.166666666666667,0.194109589753897,"0.331775395342996",0.00485066056720181,0.570442931703951
50133,-1.76940034685365,-1.29585321210883,-1.43785791041008,-0.984731674949884,-0.792299125137527,-1.38708477035197,-0.735719064206513,1.20810031756726,-1.25021843643427,NA,-0.0281940217827077,10,0.1,-0.847325824466817,"-1.49388560655579",0.00485066056720181,0.570442931703951
50135,0.300315224188514,-1.67808031223113,-0.132669652496413,NA,NA,NA,NA,NA,1.43402188787639,NA,0.678502559925508,5,0.2,0.120417941452574,"0.202592186636734",0.00485066056720181,0.570442931703951
50136,NA,-0.0751924730085704,-0.601876570531201,-0.37253488564859,NA,NA,-0.735719064206513,NA,0.383666978363526,0.362133997149326,0.678502559925508,7,0.142857142857143,-0.051574208279502,"-0.0989141344571647",0.00485066056720181,0.570442931703951
50137,NA,NA,NA,NA,NA,NA,NA,NA,NA,NA,0.113145294558936,1,1,0.113145294558936,"0.189843063999847",0.00485066056720181,0.570442931703951
50138,-2.02300185951099,2.8223355440476,NA,NA,NA,NA,NA,NA,NA,NA,-0.310872654465994,3,0.333333333333333,0.162820343356871,"0.276924603689633",0.00485066056720181,0.570442931703951
50139,NA,NA,NA,NA,NA,NA,NA,NA,NA,NA,-0.310872654465994,1,1,-0.310872654465994,"-0.553470465643442",0.00485066056720181,0.570442931703951
50140,NA,-1.75205975096448,-0.278057711605784,NA,NA,NA,NA,NA,NA,NA,-0.734890603490924,3,0.333333333333333,-0.921669355353729,"-1.62421158090846",0.00485066056720181,0.570442931703951
50145,0.582549165694263,0.0141993487942261,0.105238080591648,-1.47448910639092,-1.97981268528899,1.94037410209308,-1.5164880087096,0.719444299438634,0.500373079420508,-0.769262773564744,1.24385982529208,11,0.0909090909090909,-0.0576376975118011,"-0.109543575011695",0.00485066056720181,0.570442931703951
50149,NA,-1.46847190248664,0.0754996139556405,-0.0052168120678136,NA,NA,NA,NA,-0.666687931149345,-0.486413580886226,-0.593551287149281,6,0.166666666666667,-0.524140316630611,"-0.927333739797042",0.00485066056720181,0.570442931703951
50150,NA,0.593704952205459,0.148193643510326,-0.37253488564859,0.0241164474666027,0.831221144611397,-2.29725695321269,NA,-0.433275729035377,-1.6178103516003,0.961181192608791,9,0.111111111111111,-0.240273393232709,"-0.429708284872089",0.00485066056720181,0.570442931703951
50152,NA,-1.2157088201477,-1.66254854721547,-0.739852959229365,NA,NA,-0.735719064206513,NA,-1.25021843643427,-0.0621397918684502,0.395823927242222,7,0.142857142857143,-0.752909098837079,"-1.32837084533733",0.00485066056720181,0.570442931703951
50158,NA,0.18681803917204,0.359667184033047,NA,NA,NA,NA,NA,-1.01680623432031,NA,-0.876229919832567,4,0.25,-0.336637732736946,"-0.598637259443464",0.00485066056720181,0.570442931703951
50159,NA,0.0974262173692437,-0.44327141513916,-0.494974243508849,0.172555642485536,-1.24844065066676,0.0450498802965776,NA,-0.433275729035377,0.927832382506361,-2.43096239959064,9,0.111111111111111,-0.42311781280923,"-0.750238892605894",0.00485066056720181,0.570442931703951
50167,NA,-0.294048312594728,-0.519269718764513,0.239661903652703,NA,NA,0.0450498802965776,NA,-1.13351233537729,NA,-0.310872654465994,6,0.166666666666667,-0.32883187287554,"-0.584953401817094",0.00485066056720181,0.570442931703951
50168,-0.120990514580938,0.199147945627598,-0.783611644417914,0.239661903652703,-1.60871469774166,0.138000546185346,0.825818824799667,-0.0624053295671671,-0.0831574258644167,0.786407786167103,1.24385982529208,11,0.0909090909090909,0.0703652017774914,"0.114848545873981",0.00485066056720181,0.570442931703951
50169,0.308495918145202,-0.192326584336373,-1.20325445139269,-0.127656169928072,-2.27669107532685,0.553932905240976,0.825818824799667,0.621713095812908,0.617079180477497,0.927832382506361,-1.86560513422407,11,0.0909090909090909,-0.164605555293222,"-0.297060768820901",0.00485066056720181,0.570442931703951
50174,0.320766959080235,0.0881787875275751,-0.707613340792561,-0.617413601369107,0.395214435013935,-1.38708477035197,-1.5164880087096,-0.160136533192892,0.383666978363526,-0.203564388207709,2.09189572334194,11,0.0909090909090909,-0.119325250845148,"-0.217683320295386",0.00485066056720181,0.570442931703951
50179,-0.174165025299413,0.0696839278442378,-0.753873177781907,-1.47448910639092,0.840532020070734,-0.139287693185075,0.825818824799667,NA,-0.666687931149345,-0.627838177225485,-0.593551287149281,10,0.1,-0.269385762546678,"-0.480742959325866",0.00485066056720181,0.570442931703951
50180,0.930228658853519,0.485818270719325,-0.942216799809955,-0.25009552778833,0.0241164474666027,0.138000546185346,-0.735719064206513,NA,-0.0831574258644167,2.05922915322043,2.79859230505015,10,0.1,0.442479656382616,"0.767174017755269",0.00485066056720181,0.570442931703951
50191,1.25745641712105,1.65099443076957,-0.919086881315283,NA,NA,NA,0.0450498802965776,NA,-0.0831574258644167,NA,1.38519914163372,6,0.166666666666667,0.556075927106871,"0.966310976793284",0.00485066056720181,0.570442931703951
50192,NA,NA,0.980870709318541,NA,NA,NA,NA,NA,NA,NA,0.395823927242222,2,0.5,0.688347318280381,"1.19818586527408",0.00485066056720181,0.570442931703951
50194,NA,-1.62259573318112,-0.562225281683191,0.239661903652703,NA,NA,0.0450498802965776,NA,-0.666687931149345,NA,-0.876229919832567,6,0.166666666666667,-0.573837846982823,"-1.01445469018512",0.00485066056720181,0.570442931703951
50195,-2.12935088094794,-1.07699737252267,-1.35855533271406,-0.862292317089623,-0.421201137590195,0.969865264296607,0.825818824799667,-1.23517977307587,-0.316569627978388,0.644983189827844,-1.72426581788243,11,0.0909090909090909,-0.607613180079732,"-1.07366365083614",0.00485066056720181,0.570442931703951
50197,1.49878688884336,0.772488595811052,0.607487739333111,-0.127656169928072,NA,NA,0.825818824799667,-0.551061347695793,0.500373079420508,2.90777673125598,0.395823927242222,9,0.111111111111111,0.758870918786894,"1.32181541099542",0.00485066056720181,0.570442931703951
50204,1.86691811689434,-0.707100178855926,-0.102931185860406,NA,NA,NA,-2.29725695321269,NA,-0.666687931149345,0.362133997149326,-0.0281940217827077,7,0.142857142857143,-0.22473116525963,"-0.402462390306171",0.00485066056720181,0.570442931703951
50211,NA,-0.121429622216914,0.590966368979773,NA,NA,NA,NA,NA,-0.0831574258644167,NA,0.254484610900575,4,0.25,0.160215982949755,"0.272359098075712",0.00485066056720181,0.570442931703951
50222,0.263502101383416,0.479653317491546,-0.159103845061753,-0.37253488564859,0.246775239995002,0.553932905240976,0.0450498802965776,-1.43064218032732,0.150254776249555,NA,0.961181192608791,10,0.1,0.0738068502228201,"0.12088183729377",0.00485066056720181,0.570442931703951
50224,0.496651879149035,0.630694671572134,0.34314581367971,-1.59692846425118,0.6920928250518,0.276644665870556,0.825818824799667,1.11036911394153,0.383666978363526,NA,0.113145294558936,10,0.1,0.327530160273572,"0.565664822495925",0.00485066056720181,0.570442931703951
50226,1.00385490446371,-0.589966067528123,-0.618397940884538,NA,NA,NA,0.0450498802965776,-0.160136533192892,0.967197483648454,NA,0.113145294558936,7,0.142857142857143,0.108678145908875,"0.182012046378652",0.00485066056720181,0.570442931703951
50228,NA,-0.870471439392071,-1.47420492518743,-0.739852959229365,-0.346981540080729,-1.94166124909281,-1.5164880087096,NA,-1.13351233537729,-1.19353656258252,-0.310872654465994,9,0.111111111111111,-1.05862018601309,"-1.86428963788478",0.00485066056720181,0.570442931703951
50230,NA,1.66024186061124,-1.46759637704609,0.484540619373221,NA,NA,NA,NA,0.033548675192569,NA,-2.289623083249,5,0.2,-0.315777661023612,"-0.562069058570111",0.00485066056720181,0.570442931703951
50231,1.85873742293765,1.052993967675,-0.235102148687106,-0.617413601369107,-1.83137349027006,0.415288785555766,0.825818824799667,0.621713095812908,0.73378528153448,-0.910687369904002,0.395823927242222,11,0.0909090909090909,0.209962245029766,"0.359565476339381",0.00485066056720181,0.570442931703951
50232,0.21850828462163,0.294704720658174,0.858612568703842,1.58649484011555,0.840532020070734,0.415288785555766,0.825818824799667,0.914906706690084,0.500373079420508,1.4935307678634,2.37457435602522,11,0.0909090909090909,0.93848590495678,"1.63668474530966",0.00485066056720181,0.570442931703951
50234,NA,1.08998368704167,0.87513393905718,0.974298050814256,NA,NA,-0.735719064206513,NA,0.26696087730654,0.786407786167103,1.10252050895044,7,0.142857142857143,0.622797969304383,"1.08327630056057",0.00485066056720181,0.570442931703951
50235,0.198056549729909,-1.47771933232831,-1.37838097713807,0.117222545792445,-1.97981268528899,0.969865264296607,0.0450498802965776,-0.941986162198694,-1.01680623432031,0.0792848044708086,-2.14828376690736,11,0.0909090909090909,-0.684864555781398,"-1.20908714617319",0.00485066056720181,0.570442931703951
50236,-0.550476947307079,-1.43148218311997,-1.04795357007132,-1.10717103281014,NA,NA,0.0450498802965776,NA,1.20060968576243,-0.910687369904002,0.113145294558936,8,0.125,-0.461120780324321,"-0.816858996744223",0.00485066056720181,0.570442931703951
50238,0.562097430802542,0.488900747333215,-0.49613980026984,0.484540619373221,NA,NA,0.825818824799667,NA,0.26696087730654,-0.203564388207709,1.38519914163372,8,0.125,0.41422668159642,"0.717645882308305",0.00485066056720181,0.570442931703951
50239,-0.644554927808995,-0.269388499683611,-0.902565510961945,-0.25009552778833,-0.0501031500428634,0.138000546185346,-0.735719064206513,0.621713095812908,0.033548675192569,-0.486413580886226,-1.01756923617421,11,0.0909090909090909,-0.323922470941988,"-0.576347103692078",0.00485066056720181,0.570442931703951
50242,-1.01677650283832,0.532055419927668,-0.383794481867145,1.09673740867451,-1.60871469774166,0.276644665870556,0.0450498802965776,-0.746523754947244,0.73378528153448,-0.0621397918684502,1.10252050895044,11,0.0909090909090909,-0.00283236945532534,"-0.0134685340031779",0.00485066056720181,0.570442931703951
50243,-1.45853397649949,0.146745843191476,-0.387098755937812,NA,0.0983360449760701,1.24715350366703,0.0450498802965776,-0.355598940444343,0.26696087730654,NA,-1.15890855251585,9,0.111111111111111,-0.17287711955109,"-0.31156101730879",0.00485066056720181,0.570442931703951
50245,NA,-0.981440597492095,0.227496221206346,-0.739852959229365,-1.01495791766593,0.553932905240976,NA,NA,NA,NA,-1.72426581788243,6,0.166666666666667,-0.613181360970415,"-1.08342480411058",0.00485066056720181,0.570442931703951
50248,NA,-0.315625648891954,-0.317709000453794,-0.0052168120678136,NA,NA,-0.735719064206513,NA,-0.316569627978388,NA,-1.01756923617421,6,0.166666666666667,-0.451401564962112,"-0.799820981507227",0.00485066056720181,0.570442931703951
50254,NA,0.649189531255471,0.131672273156988,1.46405548225529,-0.421201137590195,-2.35759360814844,-1.5164880087096,NA,1.20060968576243,0.927832382506361,1.80921709065865,9,0.111111111111111,0.209699299016328,"0.359104525736221",0.00485066056720181,0.570442931703951
50257,NA,NA,1.57894431610936,NA,NA,NA,NA,NA,NA,NA,0.961181192608791,2,0.5,1.27006275435908,"2.21794683302079",0.00485066056720181,0.570442931703951
50261,1.02839698633378,-0.189244107722483,0.419144117305062,-0.127656169928072,0.617873227542334,-0.555220052240705,0.0450498802965776,NA,-1.71704284066222,0.786407786167103,0.113145294558936,10,0.1,0.0420854121650317,"0.0652734034000688",0.00485066056720181,0.570442931703951
50262,0.85251206626498,0.205312898855377,-0.4697056077045,2.68844906085788,-1.08917751517539,0.692577024926186,0.825818824799667,-0.0624053295671671,0.73378528153448,NA,0.678502559925508,10,0.1,0.505566926471701,"0.877767499737138",0.00485066056720181,0.570442931703951
50272,NA,1.36124162906395,-0.539095363188518,-0.862292317089623,0.0983360449760701,-0.416575932555496,0.825818824799667,NA,0.500373079420508,0.220709400810067,0.961181192608791,9,0.111111111111111,0.238855173205047,"0.410215465268117",0.00485066056720181,0.570442931703951
50276,NA,-1.14481185802824,1.89615462689344,NA,-1.31183630770379,-0.416575932555496,NA,NA,0.617079180477497,NA,1.10252050895044,6,0.166666666666667,0.123755036338975,"0.208442193185913",0.00485066056720181,0.570442931703951
50278,1.17564947755417,-0.260141069841943,-0.337534644877799,-0.127656169928072,0.320994837504468,0.276644665870556,-2.29725695321269,NA,0.500373079420508,-0.910687369904002,-0.310872654465994,10,0.1,-0.19704868018808,"-0.353934336870816",0.00485066056720181,0.570442931703951
50279,NA,1.28417971371672,-1.03143219971798,NA,NA,NA,NA,NA,NA,NA,-0.310872654465994,3,0.333333333333333,-0.0193750468224188,"-0.0424682401046795",0.00485066056720181,0.570442931703951
50280,-0.0105511461656451,0.294704720658174,-0.307796178241792,-3.43351883215506,-2.27669107532685,0.138000546185346,-0.735719064206513,-2.5056854202103,0.850491382591465,-0.203564388207709,2.09189572334194,11,0.0909090909090909,-0.55440306652154,"-0.980385058709054",0.00485066056720181,0.570442931703951
50281,NA,0.831055651474954,-0.50935689655251,NA,NA,NA,NA,NA,NA,NA,0.395823927242222,3,0.333333333333333,0.239174227388222,"0.410774774824679",0.00485066056720181,0.570442931703951
50283,0.423025633538839,0.58753999897768,-0.149191022849751,0.729419335093738,0.543653630032868,-1.94166124909281,0.0450498802965776,0.523981892187183,0.967197483648454,-0.627838177225485,1.38519914163372,11,0.0909090909090909,0.226034231476456,"0.387740050084527",0.00485066056720181,0.570442931703951
50289,-0.82453019485614,-0.383440134397524,-0.545703911329853,-0.0052168120678136,NA,NA,NA,NA,0.73378528153448,NA,-1.15890855251585,6,0.166666666666667,-0.364002387272117,"-0.646608148404137",0.00485066056720181,0.570442931703951
50290,0.157153079946467,0.162158226260924,-1.62620153243813,1.34161612439503,0.172555642485536,1.10850938398182,0.825818824799667,0.426250688561459,-1.36692453749126,3.47347511661302,-0.169533338124351,11,0.0909090909090909,0.409534334453653,"0.709420086383811",0.00485066056720181,0.570442931703951
50291,0.95068039374524,0.362519206163744,0.280364606337027,-1.2296103906704,-0.569640332609128,-2.49623772783365,-0.735719064206513,NA,0.383666978363526,-0.0621397918684502,0.819841876267148,10,0.1,-0.229627424631145,"-0.411045649207969",0.00485066056720181,0.570442931703951
50292,NA,-2.27916325193959,0.138280821298323,0.484540619373221,-0.792299125137527,-0.832508291611126,NA,NA,-0.0831574258644167,NA,-0.452211970807637,7,0.142857142857143,-0.545216946384107,"-0.964281572055282",0.00485066056720181,0.570442931703951
50295,NA,-0.454337096516984,-0.654744955661881,1.58649484011555,NA,NA,0.0450498802965776,NA,1.08390358470544,NA,-0.452211970807637,6,0.166666666666667,0.192359047021844,"0.328706652380708",0.00485066056720181,0.570442931703951
50298,NA,1.46912831055009,-0.01702006002305,0.117222545792445,NA,NA,NA,NA,NA,NA,0.537163243583865,4,0.25,0.526623509975837,"0.914680190444407",0.00485066056720181,0.570442931703951
50300,-0.677277703635749,-0.978358120878205,-0.86952277025527,0.239661903652703,NA,NA,0.825818824799667,NA,0.617079180477497,-2.60778252597511,1.10252050895044,8,0.125,-0.293482587858003,"-0.522985266087992",0.00485066056720181,0.570442931703951
50301,NA,0.405673878758197,0.065586791743638,-0.617413601369107,0.320994837504468,-3.46674656563012,-0.735719064206513,NA,0.26696087730654,NA,0.819841876267148,8,0.125,-0.367602621203219,"-0.652919443944862",0.00485066056720181,0.570442931703951
50305,NA,1.85443788728628,0.495142420930415,-0.494974243508849,-1.01495791766593,-0.000643573499865181,1.60658776930276,NA,0.150254776249555,1.21068157518488,2.79859230505015,9,0.111111111111111,0.733902333258822,"1.27804488788019",0.00485066056720181,0.570442931703951
50308,0.103978569227992,0.476570840877657,-0.39040303000848,0.239661903652703,-1.90559308777952,-0.971152411296336,0.825818824799667,0.230788281310009,-0.900100133263316,-0.203564388207709,0.678502559925508,11,0.0909090909090909,-0.165044733705621,"-0.297830659002705",0.00485066056720181,0.570442931703951
50309,0.832060331373259,0.159075749647034,-0.0566713488710602,-0.25009552778833,0.469434032523402,-0.139287693185075,1.60658776930276,NA,-0.900100133263316,-0.486413580886226,0.537163243583865,10,0.1,0.177175284243631,"0.302089155810353",0.00485066056720181,0.570442931703951
50313,NA,2.0239741010502,1.25182118311328,0.729419335093738,NA,NA,-0.735719064206513,NA,1.31731578681941,-0.203564388207709,1.52653845797536,7,0.142857142857143,0.844255058805396,"1.47149583522902",0.00485066056720181,0.570442931703951
50315,NA,0.525890466699889,0.92800232418786,-0.494974243508849,0.172555642485536,-0.000643573499865181,0.0450498802965776,NA,NA,NA,-0.452211970807637,7,0.142857142857143,0.103381217979073,"0.172726405983424",0.00485066056720181,0.570442931703951
50320,-1.93710457296576,-0.531399011864222,-0.625006489025873,-1.71936782211143,-1.97981268528899,0.553932905240976,0.0450498802965776,NA,1.78414019104735,NA,0.678502559925508,9,0.111111111111111,-0.414562782749541,"-0.735241721838725",0.00485066056720181,0.570442931703951
50324,0.791156861589817,0.38717901907486,0.458795406153073,0.239661903652703,NA,NA,-1.5164880087096,-0.551061347695793,-0.199863526921402,-0.486413580886226,1.66787777431701,9,0.111111111111111,0.0878716111749374,"0.145537697100999",0.00485066056720181,0.570442931703951
50327,0.255321407426727,-0.321790602119733,-0.558921007612523,-0.739852959229365,-1.31183630770379,-0.000643573499865181,0.825818824799667,1.11036911394153,0.617079180477497,NA,0.113145294558936,10,0.1,-0.00113106289609161,"-0.0104861032205722",0.00485066056720181,0.570442931703951
50329,NA,0.849550511158291,-2.06236570976624,0.729419335093738,NA,NA,-0.735719064206513,NA,0.500373079420508,NA,0.254484610900575,6,0.166666666666667,-0.0773762062332742,"-0.14414564933754",0.00485066056720181,0.570442931703951
50334,-0.759084643202632,0.0850963109136855,-0.0401499785177226,-0.494974243508849,-0.12432274755233,-0.693864171925916,-1.5164880087096,1.11036911394153,1.43402188787639,NA,-1.3002478688575,10,0.1,-0.229964434954293,"-0.411636436304131",0.00485066056720181,0.570442931703951
50335,-0.971782686076531,0.393343972302639,0.544706531990428,0.239661903652703,-0.643859930118594,-0.832508291611126,-2.29725695321269,NA,1.08390358470544,NA,-0.0281940217827077,9,0.111111111111111,-0.279109543350049,"-0.49778897788959",0.00485066056720181,0.570442931703951
50336,NA,-1.25578101612826,-0.400315852220482,1.70893419797581,NA,NA,0.825818824799667,NA,0.617079180477497,NA,-0.0281940217827077,6,0.166666666666667,0.244590218853586,"0.420269136423983",0.00485066056720181,0.570442931703951
50342,NA,-1.30818311856439,0.0622825176729705,-0.494974243508849,NA,NA,-0.735719064206513,NA,-0.0831574258644167,NA,-0.0281940217827077,6,0.166666666666667,-0.431324226042317,"-0.76462492980084",0.00485066056720181,0.570442931703951
50348,-3.3564549744512,0.337859393252628,0.078803888026308,2.68844906085788,-0.718079527628061,0.276644665870556,1.60658776930276,0.817175503064359,0.150254776249555,-0.0621397918684502,0.395823927242222,11,0.0909090909090909,0.201356789992596,"0.344479909389739",0.00485066056720181,0.570442931703951
50350,NA,-0.463584526358652,-0.126061104355078,NA,NA,NA,NA,NA,-0.316569627978388,0.786407786167103,-1.01756923617421,5,0.2,-0.227475341739845,"-0.407272996815078",0.00485066056720181,0.570442931703951
50351,-0.497302436588604,-0.392687564239193,-0.810045836983254,0.851858692953996,0.246775239995002,0.138000546185346,0.825818824799667,-0.844254958572969,-0.433275729035377,1.77637996054191,0.395823927242222,11,0.0909090909090909,0.114280969663523,"0.191833929415946",0.00485066056720181,0.570442931703951
50352,NA,-1.78288451710337,1.29147247196129,0.729419335093738,NA,NA,-0.735719064206513,NA,NA,NA,-0.0281940217827077,5,0.2,-0.105181159207514,"-0.192888391913357",0.00485066056720181,0.570442931703951
50353,-0.513663824501981,0.328611963410959,0.399318472881057,1.46405548225529,NA,NA,0.0450498802965776,0.817175503064359,1.31731578681941,0.644983189827844,-0.169533338124351,9,0.111111111111111,0.48147923510324,"0.835541204993666",0.00485066056720181,0.570442931703951
50357,NA,0.914282520049971,1.50955456062534,NA,NA,NA,-0.735719064206513,NA,NA,0.0792848044708086,0.819841876267148,5,0.2,0.517448939441352,"0.898596950518757",0.00485066056720181,0.570442931703951
50360,0.77479547367644,0.667684390938808,0.42244839137573,-0.0052168120678136,-0.272761942571262,-0.139287693185075,-0.735719064206513,-0.0624053295671671,0.150254776249555,0.503558593488585,1.80921709065865,11,0.0909090909090909,0.282960715889995,"0.487533528537307",0.00485066056720181,0.570442931703951
50367,-0.628193539895618,-0.124512098830803,-0.301187630100457,-1.35204974853066,-2.79622825789312,-0.139287693185075,0.825818824799667,-0.257867736818618,-0.783394032206331,0.0792848044708086,-0.734890603490924,11,0.0909090909090909,-0.564773428334648,"-0.998564549130875",0.00485066056720181,0.570442931703951
50373,-0.333688557454836,0.488900747333215,0.0424568732489653,NA,-0.495420735099661,-0.693864171925916,NA,NA,-0.900100133263316,NA,-2.14828376690736,7,0.142857142857143,-0.577142820581272,"-1.02024838735405",0.00485066056720181,0.570442931703951
50376,NA,-0.318708125505844,-1.14047324405001,NA,-1.31183630770379,-2.77352596720407,NA,NA,0.500373079420508,0.644983189827844,-1.86560513422407,7,0.142857142857143,-0.894970358491347,"-1.57740760564904",0.00485066056720181,0.570442931703951
50378,NA,NA,NA,NA,NA,NA,NA,NA,NA,NA,-0.452211970807637,1,1,-0.452211970807637,"-0.801241642191206",0.00485066056720181,0.570442931703951
50380,-2.32568753590846,-0.707100178855926,-0.235102148687106,-0.984731674949884,NA,NA,-1.5164880087096,-1.33291097670159,-1.13351233537729,-0.344988984546967,-0.876229919832567,9,0.111111111111111,-1.05075019595215,"-1.85049335849637",0.00485066056720181,0.570442931703951
50382,-1.22538419873387,0.313199580341511,-0.4697056077045,-0.127656169928072,-1.01495791766593,-0.000643573499865181,-0.735719064206513,-1.52837338395304,-0.433275729035377,-1.19353656258252,-1.15890855251585,11,0.0909090909090909,-0.688632834498548,"-1.21569302821278",0.00485066056720181,0.570442931703951
50390,NA,0.479653317491546,-0.955433896092625,NA,NA,NA,0.825818824799667,NA,0.150254776249555,NA,0.537163243583865,5,0.2,0.207491253206402,"0.355233769018575",0.00485066056720181,0.570442931703951
50393,NA,0.31936453356929,-0.879435592467272,0.484540619373221,NA,NA,0.0450498802965776,NA,-0.549981830092359,NA,-2.14828376690736,6,0.166666666666667,-0.454791026037983,"-0.805762787229574",0.00485066056720181,0.570442931703951
50394,-0.145532596451003,0.532055419927668,0.303494524831699,2.19869162941684,1.360069202637,0.276644665870556,-0.735719064206513,0.621713095812908,0.617079180477497,0.220709400810067,-0.310872654465994,11,0.0909090909090909,0.448939345878248,"0.77849800677611",0.00485066056720181,0.570442931703951
50396,-0.480941048675227,0.602952382047128,-0.010411511881715,-3.80083690573583,-0.12432274755233,0.831221144611397,-0.735719064206513,0.621713095812908,1.78414019104735,0.220709400810067,1.10252050895044,11,0.0909090909090909,0.00100231320251557,"-0.00674624427931989",0.00485066056720181,0.570442931703951
50407,NA,-1.12015204511712,0.0622825176729705,-0.0052168120678136,NA,NA,0.0450498802965776,NA,-0.549981830092359,NA,0.395823927242222,6,0.166666666666667,-0.195365727010921,"-0.350984080002645",0.00485066056720181,0.570442931703951
50411,NA,NA,NA,NA,NA,NA,NA,NA,NA,NA,-0.452211970807637,1,1,-0.452211970807637,"-0.801241642191206",0.00485066056720181,0.570442931703951
50414,NA,-0.284800882753059,0.346450087750377,-0.37253488564859,NA,NA,0.825818824799667,NA,-0.549981830092359,0.220709400810067,0.113145294558936,7,0.142857142857143,0.0426865727750055,"0.0663272522192278",0.00485066056720181,0.570442931703951
50417,NA,-0.589966067528123,-0.780307370347247,-0.617413601369107,0.0983360449760701,-1.24844065066676,-1.5164880087096,NA,0.150254776249555,0.362133997149326,1.52653845797536,9,0.111111111111111,-0.290594713585613,"-0.517922753938418",0.00485066056720181,0.570442931703951
50424,NA,1.35815915245006,1.44677335328266,2.3211309872771,0.617873227542334,-0.277931812870285,1.60658776930276,NA,0.500373079420508,1.91780455688117,1.52653845797536,9,0.111111111111111,1.22414541902908,"2.13745265423793",0.00485066056720181,0.570442931703951
50425,NA,0.630694671572134,1.07008610922656,NA,NA,NA,NA,NA,NA,NA,-1.15890855251585,3,0.333333333333333,0.180624076094281,"0.308134969789235",0.00485066056720181,0.570442931703951
50426,-1.00450546190328,-0.673192936103141,-0.714221888933897,NA,NA,NA,NA,NA,0.617079180477497,NA,-2.289623083249,5,0.2,-0.812892837942365,"-1.43352376383543",0.00485066056720181,0.570442931703951
50438,-0.178255372277757,-0.855059056322623,-0.714221888933897,1.46405548225529,0.543653630032868,0.276644665870556,1.60658776930276,0.0353258740585582,0.383666978363526,0.786407786167103,-1.3002478688575,11,0.0909090909090909,0.186232545423535,"0.317966749652824",0.00485066056720181,0.570442931703951
50441,-0.710000479462502,-0.552976348161449,-0.53579108911785,0.362101261512963,-2.42513027034579,0.276644665870556,2.38735671380585,1.59902513207016,0.850491382591465,2.20065374955969,0.395823927242222,11,0.0909090909090909,0.349836240505938,"0.604767910627346",0.00485066056720181,0.570442931703951
50444,-0.714090826440846,-1.22495624998937,-0.410228674432485,-1.10717103281014,0.0983360449760701,-0.416575932555496,0.0450498802965776,NA,0.033548675192569,NA,-0.169533338124351,9,0.111111111111111,-0.429513494876386,"-0.761450675085259",0.00485066056720181,0.570442931703951
50454,-1.35627530204088,0.680014297394366,-0.796828740700585,-1.10717103281014,-1.46027550272272,-0.416575932555496,1.60658776930276,0.523981892187183,0.73378528153448,0.503558593488585,1.38519914163372,11,0.0909090909090909,0.0269091331555691,"0.0386690260539774",0.00485066056720181,0.570442931703951
50455,-1.51170848721796,-0.81190438372817,-0.426750044785822,-0.0052168120678136,-0.421201137590195,-1.24844065066676,0.825818824799667,NA,-0.0831574258644167,NA,-0.593551287149281,9,0.111111111111111,-0.475123489363417,"-0.841406078074987",0.00485066056720181,0.570442931703951
50457,NA,0.0881787875275751,-0.360664563372472,-0.127656169928072,-0.866518722646993,-0.416575932555496,0.0450498802965776,NA,-1.01680623432031,1.35210617152414,-0.310872654465994,9,0.111111111111111,-0.179306604215671,"-0.322832056543822",0.00485066056720181,0.570442931703951
50464,-1.03313789075169,-1.45614199603108,-0.651440681591213,0.60697997723348,NA,NA,-2.29725695321269,-2.79887903108747,-1.60033673960523,NA,-1.44158718519914,8,0.125,-1.33397506253063,"-2.34699327257623",0.00485066056720181,0.570442931703951
50468,NA,-2.15278171077012,-0.129365378425746,NA,NA,NA,NA,NA,0.033548675192569,NA,-1.86560513422407,4,0.25,-1.02855088705684,"-1.81157744305325",0.00485066056720181,0.570442931703951
50471,-2.87788437798493,-1.19104900723658,-1.74515539898216,0.729419335093738,NA,NA,0.825818824799667,-0.844254958572969,-1.13351233537729,0.220709400810067,-1.3002478688575,9,0.111111111111111,-0.812906265145328,"-1.43354730204095",0.00485066056720181,0.570442931703951
50481,-0.689548744570781,-1.10165718543379,-2.11523409489692,0.362101261512963,NA,NA,0.0450498802965776,-0.648792551321519,-2.18386724489016,0.0792848044708086,-1.44158718519914,9,0.111111111111111,-0.854916784447995,"-1.507192739591",0.00485066056720181,0.570442931703951
50485,-0.906337134423023,0.307034627113732,0.604183465262443,-0.37253488564859,-1.53449510023219,0.553932905240976,0.825818824799667,-0.257867736818618,-1.25021843643427,-1.90065954427881,-0.452211970807637,11,0.0909090909090909,-0.398486816929666,"-0.707060172157927",0.00485066056720181,0.570442931703951
50488,NA,0.359436729549854,0.376188554386385,0.117222545792445,NA,NA,1.60658776930276,NA,0.383666978363526,-0.344988984546967,0.113145294558936,7,0.142857142857143,0.373036983915276,"0.645439364544807",0.00485066056720181,0.570442931703951
50492,0.480290491235658,-1.34517283793106,0.0854124361676431,0.729419335093738,-2.87044785540259,-0.139287693185075,1.60658776930276,0.719444299438634,-1.36692453749126,0.220709400810067,-0.593551287149281,11,0.0909090909090909,-0.224865498100978,"-0.402697878965741",0.00485066056720181,0.570442931703951
50496,0.378031816777053,0.393343972302639,-1.11734332555533,-0.494974243508849,-1.53449510023219,-1.8030171294076,0.0450498802965776,0.817175503064359,-3.35092825546001,-0.344988984546967,1.38519914163372,11,0.0909090909090909,-0.5115406113306,"-0.905246157324287",0.00485066056720181,0.570442931703951
50498,NA,0.775571072424942,0.657051850393124,1.58649484011555,-0.569640332609128,-0.139287693185075,0.0450498802965776,NA,1.43402188787639,0.220709400810067,2.37457435602522,9,0.111111111111111,0.709393918016408,"1.23508105419886",0.00485066056720181,0.570442931703951
50503,1.80147256524083,1.25027247096393,1.03704336851989,0.117222545792445,NA,NA,-0.735719064206513,NA,-0.199863526921402,-1.90065954427881,0.678502559925508,8,0.125,0.256033921879484,"0.440330219469951",0.00485066056720181,0.570442931703951
50506,NA,-1.43148218311997,0.87513393905718,0.851858692953996,NA,NA,-2.29725695321269,NA,0.26696087730654,-0.910687369904002,0.819841876267148,7,0.142857142857143,-0.2608044458074,"-0.465699707385403",0.00485066056720181,0.570442931703951
50510,NA,NA,NA,NA,NA,NA,NA,NA,NA,NA,0.537163243583865,1,1,0.537163243583865,"0.933156593643137",0.00485066056720181,0.570442931703951
50512,NA,NA,NA,NA,NA,NA,NA,NA,NA,NA,0.819841876267148,1,1,0.819841876267148,"1.42869894673866",0.00485066056720181,0.570442931703951
50515,NA,0.0573540213886797,NA,NA,NA,NA,NA,NA,NA,NA,1.80921709065865,2,0.5,0.933285556023667,"1.62756841018815",0.00485066056720181,0.570442931703951
50516,-0.276423699758018,0.507395607016552,-0.340838918948467,0.239661903652703,0.617873227542334,0.692577024926186,-0.735719064206513,-0.160136533192892,-1.25021843643427,-0.769262773564744,0.254484610900575,11,0.0909090909090909,-0.110964277460596,"-0.203026335486095",0.00485066056720181,0.570442931703951
50517,NA,-1.40990484682274,-0.90917405910328,NA,NA,NA,0.0450498802965776,NA,-0.549981830092359,0.362133997149326,-1.86560513422407,6,0.166666666666667,-0.721246998799424,"-1.27286643240144",0.00485066056720181,0.570442931703951
50523,-0.783626725072698,0.00186944233866801,-0.52257399283518,0.117222545792445,NA,NA,0.825818824799667,NA,-0.199863526921402,NA,1.24385982529208,7,0.142857142857143,0.0975294847705115,"0.162468178765003",0.00485066056720181,0.570442931703951
50526,NA,-1.3328429314755,-0.529182540976515,NA,NA,NA,NA,NA,NA,NA,0.254484610900575,3,0.333333333333333,-0.535846953850481,"-0.947855752726365",0.00485066056720181,0.570442931703951
50528,NA,-0.438924713447536,-0.0731927192243978,-0.617413601369107,NA,NA,NA,NA,NA,NA,-0.452211970807637,4,0.25,-0.395435751212169,"-0.701711581531371",0.00485066056720181,0.570442931703951
50534,0.320766959080235,-0.525234058636443,0.191149206429004,0.484540619373221,NA,NA,0.825818824799667,NA,-0.549981830092359,NA,-1.3002478688575,7,0.142857142857143,-0.0790268782720246,"-0.147039316603816",0.00485066056720181,0.570442931703951
50537,NA,0.0450241149331215,0.947827968611866,0.60697997723348,NA,NA,-0.735719064206513,NA,0.850491382591465,NA,1.52653845797536,6,0.166666666666667,0.540190472856464,"0.938463398415976",0.00485066056720181,0.570442931703951
50541,NA,NA,NA,NA,NA,NA,NA,NA,NA,NA,0.254484610900575,1,1,0.254484610900575,"0.437614240547604",0.00485066056720181,0.570442931703951
50543,NA,NA,NA,NA,NA,NA,NA,NA,NA,NA,NA,0,NA,NA,"NaN",0.00485066056720181,0.570442931703951
50549,-0.36641133328159,0.331694440024849,-0.971955266445963,0.239661903652703,NA,NA,-0.735719064206513,-1.13744856945014,-1.25021843643427,0.786407786167103,-0.593551287149281,9,0.111111111111111,-0.410837758569234,"-0.728711666028971",0.00485066056720181,0.570442931703951
50551,0.198056549729909,0.485818270719325,-0.367273111513807,0.729419335093738,0.6920928250518,0.553932905240976,0.825818824799667,NA,-0.900100133263316,-3.03205631499288,-0.593551287149281,10,0.1,-0.140784213628387,"-0.255301391430284",0.00485066056720181,0.570442931703951
50557,-0.153713290407692,-0.463584526358652,-1.21647154767536,0.117222545792445,-0.12432274755233,0.831221144611397,0.0450498802965776,-0.355598940444343,1.08390358470544,-0.0621397918684502,0.395823927242222,11,0.0909090909090909,0.00885365803102317,"0.00701734957406543",0.00485066056720181,0.570442931703951
50561,NA,-2.62748310930911,0.604183465262443,NA,NA,NA,NA,NA,NA,NA,-0.876229919832567,3,0.333333333333333,-0.96650985462641,"-1.70281804052177",0.00485066056720181,0.570442931703951
50567,0.153062732968123,-0.14608943512803,0.0589782436023029,3.17820649229891,-0.198542345061796,0.831221144611397,0.825818824799667,1.40356272481871,-0.316569627978388,-0.0621397918684502,1.38519914163372,11,0.0909090909090909,0.646609827699652,"1.12501905355453",0.00485066056720181,0.570442931703951
50570,1.53560001164846,-1.57635858397278,-0.135973926567081,NA,NA,NA,0.0450498802965776,0.230788281310009,-1.60033673960523,-0.344988984546967,-1.01756923617421,8,0.125,-0.357973662201402,"-0.636039650250068",0.00485066056720181,0.570442931703951
50573,0.423025633538839,0.0789313576859064,0.50175096907175,4.28016071304124,0.0983360449760701,-0.555220052240705,3.16812565830894,0.328519484935734,0.850491382591465,2.20065374955969,0.254484610900575,11,0.0909090909090909,1.05720541385177,"1.84480286247236",0.00485066056720181,0.570442931703951
50580,NA,0.0388591617053425,1.02052199816655,0.239661903652703,NA,NA,NA,NA,-0.0831574258644167,NA,-2.14828376690736,5,0.2,-0.186479625849435,"-0.335406533735322",0.00485066056720181,0.570442931703951
50581,-1.43808224160777,-0.355697844872518,-0.988476636799301,0.117222545792445,NA,NA,0.825818824799667,-0.648792551321519,-0.666687931149345,NA,-0.876229919832567,8,0.125,-0.503865719373863,"-0.891791889543615",0.00485066056720181,0.570442931703951
50586,NA,0.612199811888796,-0.155799570991086,NA,NA,NA,NA,NA,NA,NA,-1.58292650154078,3,0.333333333333333,-0.375508753547691,"-0.666779081614236",0.00485066056720181,0.570442931703951
50588,NA,-2.3346478309896,-1.42133654005675,NA,NA,NA,NA,NA,0.150254776249555,-0.344988984546967,-0.734890603490924,5,0.2,-0.937121836566937,"-1.65130014727399",0.00485066056720181,0.570442931703951
50590,NA,0.871127847455518,-1.92689047286888,0.362101261512963,NA,NA,-1.5164880087096,NA,-0.433275729035377,NA,-0.310872654465994,6,0.166666666666667,-0.492382959351895,"-0.871662338656431",0.00485066056720181,0.570442931703951
50597,NA,0.128250983508139,0.80904845764383,1.09673740867451,NA,NA,0.825818824799667,NA,1.31731578681941,NA,-0.310872654465994,6,0.166666666666667,0.644383134496594,"1.12111560751409",0.00485066056720181,0.570442931703951
50599,0.198056549729909,-0.152254388355809,-1.06447494042465,1.46405548225529,-1.31183630770379,-1.8030171294076,1.60658776930276,0.719444299438634,0.73378528153448,-0.627838177225485,-0.310872654465994,11,0.0909090909090909,-0.0498512923020239,"-0.0958938218514293",0.00485066056720181,0.570442931703951
50603,0.762524432741407,1.19170541530003,-0.116148282143076,NA,NA,NA,0.0450498802965776,-0.160136533192892,0.150254776249555,NA,1.95055640700029,7,0.142857142857143,0.546258013750271,"0.949099941629305",0.00485066056720181,0.570442931703951
50604,NA,0.797148408722169,NA,NA,NA,NA,NA,NA,NA,NA,0.254484610900575,2,0.5,0.525816509811372,"0.913265500000168",0.00485066056720181,0.570442931703951
50608,NA,1.052993967675,-3.88962927084538,-0.0052168120678136,NA,NA,NA,NA,NA,NA,-0.0281940217827077,4,0.25,-0.717511534255226,"-1.26631807438596",0.00485066056720181,0.570442931703951
50609,NA,NA,0.564532176414433,NA,NA,NA,NA,NA,NA,NA,-0.310872654465994,2,0.5,0.12682976097422,"0.213832258456877",0.00485066056720181,0.570442931703951
50624,-1.9411949199441,-0.756419804678158,-0.879435592467272,-1.59692846425118,NA,NA,0.825818824799667,NA,-0.900100133263316,NA,-0.169533338124351,7,0.142857142857143,-0.773970489704102,"-1.36529196346585",0.00485066056720181,0.570442931703951
50625,-0.129171208537627,0.25463252467761,-0.595268022389866,-1.10717103281014,-1.46027550272272,2.2176623414635,2.38735671380585,0.621713095812908,0.967197483648454,1.63495536420266,0.961181192608791,11,0.0909090909090909,0.522982995432673,"0.908298282034587",0.00485066056720181,0.570442931703951
50633,NA,-1.18796653062269,-0.221885052404436,-1.10717103281014,NA,NA,0.0450498802965776,NA,1.08390358470544,-0.203564388207709,-0.593551287149281,7,0.142857142857143,-0.312169260884606,"-0.555743447473087",0.00485066056720181,0.570442931703951
50636,NA,1.7897058783946,0.333232991467707,-0.25009552778833,NA,NA,0.0450498802965776,NA,0.617079180477497,NA,-0.310872654465994,6,0.166666666666667,0.37068329139701,"0.641313285690195",0.00485066056720181,0.570442931703951
50641,NA,0.103591170597023,1.80693922698542,NA,NA,NA,NA,NA,NA,NA,0.113145294558936,3,0.333333333333333,0.674558564047126,"1.17401385179664",0.00485066056720181,0.570442931703951
50663,NA,0.45807598119432,-0.0335414303763876,NA,NA,NA,NA,NA,2.95120120161721,NA,1.80921709065865,4,0.25,1.29623821077345,"2.26383302944746",0.00485066056720181,0.570442931703951
50668,NA,NA,-4.29605498153749,NA,NA,NA,NA,NA,NA,NA,-0.593551287149281,2,0.5,-2.44480313434338,"-4.29430125042186",0.00485066056720181,0.570442931703951
50674,NA,-1.75514222757837,0.250626139701019,NA,NA,NA,NA,NA,NA,NA,-1.15890855251585,3,0.333333333333333,-0.887808213464401,"-1.56485219540747",0.00485066056720181,0.570442931703951
50677,NA,NA,NA,NA,NA,NA,NA,NA,NA,NA,0.113145294558936,1,1,0.113145294558936,"0.189843063999847",0.00485066056720181,0.570442931703951
50678,0.766614779719752,-0.118347145603024,0.161410739792996,0.484540619373221,-0.643859930118594,-0.693864171925916,0.0450498802965776,-0.941986162198694,1.66743408999036,0.644983189827844,0.254484610900575,11,0.0909090909090909,0.147860045459555,"0.250698846359923",0.00485066056720181,0.570442931703951
50684,NA,NA,-4.27622933711348,NA,NA,NA,NA,NA,NA,NA,-1.72426581788243,2,0.5,-3.00024757749795,"-5.26800854397254",0.00485066056720181,0.570442931703951
50686,NA,NA,NA,NA,NA,NA,NA,NA,NA,NA,0.395823927242222,1,1,0.395823927242222,"0.685385417095374",0.00485066056720181,0.570442931703951
50689,-3.26646734092762,0.482735794105436,0.353058635891712,0.239661903652703,NA,NA,-0.735719064206513,NA,0.850491382591465,0.644983189827844,0.395823927242222,8,0.125,-0.129428946477844,"-0.235395338573035",0.00485066056720181,0.570442931703951
50690,NA,NA,NA,NA,NA,NA,NA,NA,NA,NA,-0.169533338124351,1,1,-0.169533338124351,"-0.305699289095679",0.00485066056720181,0.570442931703951
50696,1.47015445999495,-0.565306254617007,1.16921433134659,2.07625227155658,0.0983360449760701,1.66308586272266,1.60658776930276,-0.746523754947244,NA,0.927832382506361,-1.15890855251585,10,0.1,0.654072456032587,"1.13810121816413",0.00485066056720181,0.570442931703951
50697,NA,NA,NA,NA,NA,NA,0.0450498802965776,NA,NA,-0.203564388207709,0.113145294558936,3,0.333333333333333,-0.0151230711173987,"-0.035014425763744",0.00485066056720181,0.570442931703951
50701,NA,-2.39629736326739,1.23860408683061,NA,NA,NA,0.0450498802965776,NA,0.617079180477497,NA,0.254484610900575,5,0.2,-0.0482159209524272,"-0.0930269770564352",0.00485066056720181,0.570442931703951
50704,NA,0.399508925530418,-0.380490207796477,NA,NA,NA,NA,NA,0.850491382591465,0.644983189827844,-0.169533338124351,5,0.2,0.26899199040578,"0.463046021184925",0.00485066056720181,0.570442931703951
50708,NA,NA,NA,NA,NA,NA,2.38735671380585,NA,NA,1.21068157518488,0.819841876267148,3,0.333333333333333,1.47262672175262,"2.57304627616487",0.00485066056720181,0.570442931703951
50709,1.86691811689434,-0.494409292497548,-0.0500628007297252,0.362101261512963,NA,NA,0.825818824799667,NA,-0.433275729035377,-2.32493333329659,-1.15890855251585,8,0.125,-0.175843938108515,"-0.316761920663949",0.00485066056720181,0.570442931703951
50710,NA,NA,NA,NA,NA,NA,NA,NA,NA,NA,0.537163243583865,1,1,0.537163243583865,"0.933156593643137",0.00485066056720181,0.570442931703951
50714,NA,NA,NA,1.58649484011555,NA,NA,0.825818824799667,NA,NA,0.0792848044708086,0.961181192608791,4,0.25,0.863194915498704,"1.50469785359172",0.00485066056720181,0.570442931703951
50717,NA,NA,NA,NA,NA,NA,NA,NA,NA,NA,0.113145294558936,1,1,0.113145294558936,"0.189843063999847",0.00485066056720181,0.570442931703951
50723,NA,-1.42531722989219,NA,NA,NA,NA,NA,NA,NA,NA,0.537163243583865,2,0.5,-0.444076993154161,"-0.786980833262999",0.00485066056720181,0.570442931703951
50726,NA,NA,NA,-0.0052168120678136,NA,NA,0.0450498802965776,NA,NA,1.4935307678634,NA,3,0.333333333333333,0.511121278697387,"0.887504411033583",0.00485066056720181,0.570442931703951
50735,NA,0.430333691669314,-0.816654385124589,-0.25009552778833,NA,NA,NA,NA,0.617079180477497,NA,-0.593551287149281,5,0.2,-0.122577665583078,"-0.223384880534224",0.00485066056720181,0.570442931703951
50736,NA,-1.28352330565327,-0.727438985216567,0.729419335093738,NA,NA,NA,NA,NA,NA,-1.3002478688575,4,0.25,-0.645447706158399,"-1.13998847313809",0.00485066056720181,0.570442931703951
50737,-1.7653099998753,-0.515986628794774,-1.12395187369667,NA,NA,NA,0.0450498802965776,-1.43064218032732,0.73378528153448,NA,-1.44158718519914,7,0.142857142857143,-0.785520386580307,"-1.38553920685215",0.00485066056720181,0.570442931703951
50738,NA,-1.43764713634775,-0.304491904171124,NA,NA,NA,NA,NA,0.617079180477497,NA,-0.452211970807637,4,0.25,-0.394317957712253,"-0.69975206299272",0.00485066056720181,0.570442931703951
50739,-2.57110835460911,-0.139924481900251,-2.07558280604891,NA,NA,NA,NA,NA,-1.36692453749126,NA,-3.2789982976405,5,0.2,-1.88650769553801,"-3.31559609382063",0.00485066056720181,0.570442931703951
50740,NA,-0.895131252303188,-1.41803226598608,0.117222545792445,NA,NA,-0.735719064206513,NA,0.033548675192569,0.362133997149326,-0.169533338124351,7,0.142857142857143,-0.386501528926541,"-0.686049677791166",0.00485066056720181,0.570442931703951
50744,NA,NA,0.666964672605126,NA,NA,NA,NA,NA,NA,NA,0.395823927242222,2,0.5,0.531394299923674,"0.923043498468202",0.00485066056720181,0.570442931703951
50745,NA,NA,0.253930413771687,NA,NA,NA,NA,NA,NA,0.644983189827844,-0.310872654465994,3,0.333333333333333,0.196013649711179,"0.335113257645179",0.00485066056720181,0.570442931703951
50746,NA,0.834138128088843,-1.62289725836746,NA,NA,NA,NA,NA,NA,NA,0.678502559925508,3,0.333333333333333,-0.0367521901177041,"-0.0729307847861932",0.00485066056720181,0.570442931703951
50747,NA,NA,-0.231797874616439,NA,NA,NA,NA,NA,NA,NA,-1.58292650154078,2,0.5,-0.907362188078611,"-1.59913077706296",0.00485066056720181,0.570442931703951
50748,NA,NA,NA,NA,NA,NA,NA,NA,NA,NA,0.819841876267148,1,1,0.819841876267148,"1.42869894673866",0.00485066056720181,0.570442931703951
50755,NA,-1.07699737252267,-2.24079650958229,NA,NA,NA,NA,NA,-1.25021843643427,0.644983189827844,-1.15890855251585,5,0.2,-1.01638753624545,"-1.79025480035688",0.00485066056720181,0.570442931703951
50758,NA,0.0357766850914529,-3.43363944909326,0.239661903652703,NA,NA,NA,NA,NA,NA,-0.452211970807637,4,0.25,-0.902603207789186,"-1.59078817165069",0.00485066056720181,0.570442931703951
50760,NA,NA,-4.53726698869622,NA,NA,NA,NA,NA,NA,NA,-0.734890603490924,2,0.5,-2.63607879609357,"-4.62961202582026",0.00485066056720181,0.570442931703951
50761,-1.49125675232624,-0.152254388355809,-0.806741562912587,NA,NA,NA,0.825818824799667,-0.844254958572969,1.31731578681941,0.220709400810067,-1.01756923617421,8,0.125,-0.243529110739085,"-0.435415634942412",0.00485066056720181,0.570442931703951
50763,NA,-1.06466746606711,-0.796828740700585,NA,NA,NA,NA,NA,-0.199863526921402,NA,-5.82310599179008,4,0.25,-1.97111643136979,"-3.46391721610899",0.00485066056720181,0.570442931703951
50764,1.02430663935544,0.757076212741605,-0.701004792651226,-2.08668589569221,NA,NA,-2.29725695321269,0.621713095812908,-0.316569627978388,-2.60778252597511,-1.3002478688575,9,0.111111111111111,-0.767383524050797,"-1.35374485631943",0.00485066056720181,0.570442931703951
50765,NA,NA,NA,NA,NA,NA,NA,NA,NA,NA,0.113145294558936,1,1,0.113145294558936,"0.189843063999847",0.00485066056720181,0.570442931703951
50766,NA,NA,NA,NA,NA,NA,1.60658776930276,NA,NA,-1.19353656258252,0.537163243583865,3,0.333333333333333,0.316738150101367,"0.546746172491851",0.00485066056720181,0.570442931703951
50767,NA,NA,NA,NA,NA,NA,NA,NA,NA,NA,-0.0281940217827077,1,1,-0.0281940217827077,"-0.0579281125479159",0.00485066056720181,0.570442931703951
50769,NA,NA,NA,NA,NA,NA,0.825818824799667,NA,NA,1.21068157518488,3.08127093773344,3,0.333333333333333,1.70592377923933,"2.98202155576003",0.00485066056720181,0.570442931703951
50770,0.259411754405072,-1.77980204048948,-0.406924400361817,-0.862292317089623,NA,NA,0.0450498802965776,0.621713095812908,-0.199863526921402,NA,-2.00694445056571,8,0.125,-0.541206500614185,"-0.957251165423819",0.00485066056720181,0.570442931703951
50771,NA,-0.559141301389228,0.590966368979773,NA,NA,NA,NA,NA,NA,NA,-0.310872654465994,3,0.333333333333333,-0.0930158622918162,"-0.171562337649946",0.00485066056720181,0.570442931703951
50772,NA,NA,NA,NA,NA,NA,NA,NA,NA,NA,0.395823927242222,1,1,0.395823927242222,"0.685385417095374",0.00485066056720181,0.570442931703951
50775,0.353489734906988,0.686179250622145,-0.185538037627093,-0.739852959229365,NA,NA,0.825818824799667,0.719444299438634,0.033548675192569,-0.627838177225485,-0.452211970807637,9,0.111111111111111,0.0681155155633803,"0.110904792539373",0.00485066056720181,0.570442931703951
50776,NA,-0.0936873326919076,0.47531677650641,-0.984731674949884,NA,NA,NA,NA,-0.199863526921402,NA,-0.310872654465994,5,0.2,-0.222767682504555,"-0.399020358428925",0.00485066056720181,0.570442931703951
50777,NA,-4.37832982599836,NA,NA,NA,NA,NA,NA,NA,NA,-0.452211970807637,2,0.5,-2.415270898403,"-4.24253053980552",0.00485066056720181,0.570442931703951
50778,NA,NA,NA,NA,NA,NA,NA,NA,NA,NA,NA,0,NA,NA,"NaN",0.00485066056720181,0.570442931703951
50779,NA,0.975932052327762,-2.02932296905957,NA,NA,NA,NA,NA,-0.199863526921402,NA,0.113145294558936,4,0.25,-0.285027287273568,"-0.508162923458243",0.00485066056720181,0.570442931703951
50780,NA,0.800230885336058,1.35755795337464,NA,NA,NA,NA,NA,NA,NA,0.113145294558936,3,0.333333333333333,0.75697804442321,"1.31849715730433",0.00485066056720181,0.570442931703951
50782,NA,NA,1.32781948673863,0.851858692953996,NA,NA,0.0450498802965776,NA,NA,0.362133997149326,-0.0281940217827077,5,0.2,0.511733607071164,"0.888577837207781",0.00485066056720181,0.570442931703951
50783,NA,0.979014528941651,0.885046761269183,NA,NA,NA,NA,NA,-0.316569627978388,NA,1.38519914163372,4,0.25,0.733172700966542,"1.27676582515238",0.00485066056720181,0.570442931703951
50784,NA,-1.38524503391162,-0.211972230192434,NA,NA,NA,0.825818824799667,NA,NA,NA,-0.0281940217827077,4,0.25,-0.199898115271775,"-0.358929464210168",0.00485066056720181,0.570442931703951
50785,NA,NA,NA,NA,NA,NA,NA,NA,NA,1.4935307678634,0.678502559925508,2,0.5,1.08601666389445,"1.89530966769583",0.00485066056720181,0.570442931703951
50855,NA,NA,NA,NA,NA,NA,NA,NA,NA,NA,-0.310872654465994,1,1,-0.310872654465994,"-0.553470465643442",0.00485066056720181,0.570442931703951
51300,NA,NA,NA,NA,NA,NA,NA,NA,NA,NA,NA,0,NA,NA,"NaN",0.00485066056720181,0.570442931703951
51301,NA,-0.457419573130873,-0.750568903711239,-1.35204974853066,NA,NA,NA,NA,NA,NA,-0.876229919832567,4,0.25,-0.859067036301334,"-1.5144682296053",0.00485066056720181,0.570442931703951
51302,NA,NA,NA,NA,NA,NA,NA,NA,NA,NA,0.113145294558936,1,1,0.113145294558936,"0.189843063999847",0.00485066056720181,0.570442931703951
51303,NA,NA,NA,NA,NA,NA,NA,NA,NA,-0.203564388207709,-0.169533338124351,2,0.5,-0.18654886316603,"-0.335527908394813",0.00485066056720181,0.570442931703951
51304,NA,NA,-1.69559128792215,NA,NA,NA,NA,NA,NA,NA,-0.310872654465994,2,0.5,-1.00323197119407,"-1.76719278254542",0.00485066056720181,0.570442931703951
51305,NA,NA,0.832178376138502,NA,NA,NA,NA,NA,NA,NA,0.113145294558936,2,0.5,0.472661835348719,"0.820084093923531",0.00485066056720181,0.570442931703951
51306,NA,NA,1.93250164167079,NA,NA,NA,NA,NA,NA,NA,-0.593551287149281,2,0.5,0.669475177260753,"1.16510255409472",0.00485066056720181,0.570442931703951
51307,NA,NA,NA,NA,NA,NA,NA,NA,NA,NA,NA,0,NA,NA,"NaN",0.00485066056720181,0.570442931703951
51309,NA,NA,NA,NA,NA,NA,NA,NA,NA,NA,NA,0,NA,NA,"NaN",0.00485066056720181,0.570442931703951
51310,NA,0.233055188380383,1.02382627223722,0.729419335093738,NA,NA,-0.735719064206513,NA,NA,0.786407786167103,0.678502559925508,6,0.166666666666667,0.452582012932906,"0.784883688589675",0.00485066056720181,0.570442931703951
51311,NA,NA,-0.0632798970123953,0.239661903652703,NA,NA,NA,NA,NA,NA,0.113145294558936,3,0.333333333333333,0.0965091003997477,"0.160679420741977",0.00485066056720181,0.570442931703951
51312,NA,NA,NA,NA,NA,NA,NA,NA,NA,NA,-0.452211970807637,1,1,-0.452211970807637,"-0.801241642191206",0.00485066056720181,0.570442931703951
51314,NA,NA,0.00941413254229014,NA,NA,NA,NA,NA,-0.0831574258644167,NA,0.254484610900575,3,0.333333333333333,0.0602471058594828,"0.0971112835543568",0.00485066056720181,0.570442931703951
51315,NA,NA,NA,-0.0052168120678136,NA,NA,NA,NA,NA,NA,0.678502559925508,2,0.5,0.336642873928847,"0.581639625844009",0.00485066056720181,0.570442931703951
51316,NA,0.149828319805366,1.05026046480256,-0.127656169928072,NA,NA,-0.735719064206513,NA,1.08390358470544,0.362133997149326,-0.593551287149281,7,0.142857142857143,0.169885692168404,"0.28931032786791",0.00485066056720181,0.570442931703951
51317,NA,0.328611963410959,-0.221885052404436,-1.71936782211143,NA,NA,0.0450498802965776,NA,0.850491382591465,NA,0.395823927242222,6,0.166666666666667,-0.0535459534957745,"-0.102370650625018",0.00485066056720181,0.570442931703951
51318,NA,1.74346872918626,1.0667818351559,-0.0052168120678136,0.766312422561267,0.831221144611397,0.0450498802965776,NA,0.617079180477497,NA,0.819841876267148,8,0.125,0.735567282061028,"1.28096358265169",0.00485066056720181,0.570442931703951
51319,NA,1.77429349532515,1.40051351629332,0.60697997723348,NA,NA,-1.5164880087096,NA,NA,NA,0.395823927242222,5,0.2,0.532224581476914,"0.924499001739598",0.00485066056720181,0.570442931703951
51320,NA,-0.0967698093057972,-0.122756830284411,-0.25009552778833,NA,NA,0.0450498802965776,NA,0.617079180477497,NA,0.678502559925508,6,0.166666666666667,0.145168242220174,"0.245980051385394",0.00485066056720181,0.570442931703951
51321,NA,0.0450241149331215,-0.790220192559249,NA,NA,NA,NA,NA,NA,NA,-0.169533338124351,3,0.333333333333333,-0.30490980525016,"-0.543017449426688",0.00485066056720181,0.570442931703951
51323,NA,NA,NA,NA,NA,NA,NA,NA,NA,NA,-0.0281940217827077,1,1,-0.0281940217827077,"-0.0579281125479159",0.00485066056720181,0.570442931703951
51324,NA,1.42597363795563,-2.6769606869104,NA,0.320994837504468,-1.38708477035197,NA,NA,NA,NA,-0.0281940217827077,5,0.2,-0.469054200716995,"-0.830766471009837",0.00485066056720181,0.570442931703951
51325,NA,0.337859393252628,-0.139278200637748,-0.127656169928072,0.246775239995002,-3.1894583262597,0.0450498802965776,NA,NA,NA,0.678502559925508,7,0.142857142857143,-0.306886517622258,"-0.54648267313661",0.00485066056720181,0.570442931703951
51326,NA,-1.81370928324227,-0.0963226377190704,NA,NA,NA,NA,NA,NA,NA,-0.169533338124351,3,0.333333333333333,-0.69318841969523,"-1.22367907719944",0.00485066056720181,0.570442931703951
51327,NA,NA,NA,NA,NA,NA,NA,NA,NA,NA,NA,0,NA,NA,"NaN",0.00485066056720181,0.570442931703951
51328,NA,1.4074787782723,-0.585355200177863,NA,0.246775239995002,-0.555220052240705,-0.735719064206513,NA,NA,0.503558593488585,0.113145294558936,7,0.142857142857143,0.0563805128128199,"0.0903330541614303",0.00485066056720181,0.570442931703951
51329,NA,0.0388591617053425,1.25842973125461,-0.25009552778833,NA,NA,0.825818824799667,NA,0.383666978363526,NA,1.66787777431701,6,0.166666666666667,0.654092823775304,"1.13813692330059",0.00485066056720181,0.570442931703951
51330,NA,NA,1.29147247196129,NA,NA,NA,NA,NA,0.383666978363526,NA,-0.0281940217827077,3,0.333333333333333,0.548981809514035,"0.953874820258492",0.00485066056720181,0.570442931703951
51331,NA,NA,0.865221116845178,0.239661903652703,NA,NA,NA,NA,NA,NA,-0.593551287149281,3,0.333333333333333,0.1704439111162,"0.290288898933957",0.00485066056720181,0.570442931703951
51332,NA,-0.741007421608711,0.148193643510326,-0.127656169928072,0.395214435013935,-0.971152411296336,-0.735719064206513,NA,0.73378528153448,NA,-0.310872654465994,8,0.125,-0.201151795180861,"-0.361127194849658",0.00485066056720181,0.570442931703951
51333,NA,NA,NA,0.974298050814256,NA,NA,-0.735719064206513,NA,NA,NA,NA,2,0.5,0.119289493303872,"0.200613990245849",0.00485066056720181,0.570442931703951
51334,NA,NA,NA,NA,NA,NA,NA,NA,NA,NA,-0.0281940217827077,1,1,-0.0281940217827077,"-0.0579281125479159",0.00485066056720181,0.570442931703951
51335,NA,NA,NA,NA,NA,NA,NA,NA,NA,NA,NA,0,NA,NA,"NaN",0.00485066056720181,0.570442931703951
51336,NA,NA,NA,NA,NA,NA,NA,NA,NA,NA,-0.169533338124351,1,1,-0.169533338124351,"-0.305699289095679",0.00485066056720181,0.570442931703951
51337,NA,NA,NA,0.239661903652703,NA,NA,0.0450498802965776,NA,NA,NA,NA,2,0.5,0.14235589197464,"0.241049934647628",0.00485066056720181,0.570442931703951
51339,NA,NA,NA,NA,NA,NA,NA,NA,NA,NA,NA,0,NA,NA,"NaN",0.00485066056720181,0.570442931703951
60001,1.17564947755417,0.864962894227739,-0.0897140895777354,-0.25009552778833,0.617873227542334,-1.66437300972239,0.825818824799667,0.328519484935734,0.500373079420508,0.786407786167103,0.537163243583865,11,0.0909090909090909,0.330235035558424,"0.570406533076461",0.00485066056720181,0.570442931703951
60003,NA,1.10847854672501,-0.985172362728633,0.484540619373221,NA,NA,-0.735719064206513,NA,NA,NA,0.961181192608791,5,0.2,0.166661786354376,"0.283658744449394",0.00485066056720181,0.570442931703951
60004,NA,1.20403532175559,0.614096287474446,-2.08668589569221,NA,NA,-1.5164880087096,NA,NA,NA,-0.0281940217827077,5,0.2,-0.362647263390897,"-0.644232584073499",0.00485066056720181,0.570442931703951
60006,1.07748115007391,1.03449910799166,0.541402257919761,-0.0052168120678136,0.840532020070734,-1.52572889003718,-1.5164880087096,NA,-0.433275729035377,NA,0.395823927242222,9,0.111111111111111,0.0454476692720357,"0.0711675199192458",0.00485066056720181,0.570442931703951
60008,NA,NA,-1.07108348856599,-0.37253488564859,0.320994837504468,-0.416575932555496,0.0450498802965776,NA,NA,-0.0621397918684502,-0.734890603490924,7,0.142857142857143,-0.327311426332629,"-0.582288022936213",0.00485066056720181,0.570442931703951
60009,0.754343738784719,1.12697340640835,0.871829664986512,0.117222545792445,0.320994837504468,-0.971152411296336,0.0450498802965776,NA,1.08390358470544,NA,2.23323503968358,9,0.111111111111111,0.62026669854064,"1.07883892282642",0.00485066056720181,0.570442931703951
60010,1.02839698633378,1.21636522821115,0.00941413254229014,-0.25009552778833,1.360069202637,-3.1894583262597,0.0450498802965776,NA,1.43402188787639,0.927832382506361,3.08127093773344,10,0.1,0.566286678408895,"0.984210666200469",0.00485066056720181,0.570442931703951
60011,NA,0.100508693983133,-2.02932296905957,0.239661903652703,-0.569640332609128,0.553932905240976,0.0450498802965776,NA,1.20060968576243,NA,0.678502559925508,8,0.125,0.0274127908990784,"0.0395519500337782",0.00485066056720181,0.570442931703951
60012,NA,0.45499350458043,NA,-0.739852959229365,0.543653630032868,-1.38708477035197,-1.5164880087096,NA,NA,0.0792848044708086,0.254484610900575,7,0.142857142857143,-0.330144169758036,"-0.587253889402374",0.00485066056720181,0.570442931703951
60013,1.40470890834145,0.794065932108279,1.01060917595455,0.117222545792445,0.320994837504468,-2.08030536877802,-0.735719064206513,NA,0.617079180477497,NA,1.80921709065865,9,0.111111111111111,0.361985915316978,"0.626066578970468",0.00485066056720181,0.570442931703951
60014,NA,0.65227200786936,-0.767090274064577,0.117222545792445,-1.31183630770379,0.831221144611397,-0.735719064206513,NA,NA,-0.486413580886226,-0.593551287149281,8,0.125,-0.286736851967148,"-0.511159830946382",0.00485066056720181,0.570442931703951
60015,0.848421719286635,0.528972943313779,-0.363968837443139,0.729419335093738,NA,NA,-1.5164880087096,1.30583152119298,-0.199863526921402,NA,-0.0281940217827077,8,0.125,0.163016390503786,"0.277268278991787",0.00485066056720181,0.570442931703951
60020,0.165333773903155,0.877292800683297,0.604183465262443,-2.20912525355247,NA,NA,0.0450498802965776,-0.844254958572969,0.500373079420508,0.0792848044708086,1.66787777431701,9,0.111111111111111,0.0984461518031509,"0.164075117832336",0.00485066056720181,0.570442931703951
60022,1.02021629237709,0.750911259513826,0.336537265538374,-3.3110794742948,1.1374104101086,-1.10979653098155,0.0450498802965776,0.328519484935734,0.150254776249555,0.220709400810067,1.80921709065865,11,0.0909090909090909,0.125268168655649,"0.211094750054579",0.00485066056720181,0.570442931703951
60023,1.31881162179622,0.775571072424942,0.577749272697103,-0.617413601369107,0.0983360449760701,-0.139287693185075,-0.735719064206513,1.20810031756726,0.500373079420508,0.503558593488585,1.52653845797536,11,0.0909090909090909,0.456056191053214,"0.790974005301866",0.00485066056720181,0.570442931703951
60024,0.705259575044589,-0.0197078939585588,0.323320169255704,1.21917676653477,1.360069202637,-0.416575932555496,0.0450498802965776,-0.355598940444343,1.43402188787639,0.786407786167103,0.961181192608791,11,0.0909090909090909,0.549327608496594,"0.95448101408322",0.00485066056720181,0.570442931703951
60027,-0.309146475584771,1.56776756219455,1.06347756108523,0.729419335093738,NA,NA,0.0450498802965776,-0.453330144070068,0.500373079420508,-0.0621397918684502,1.95055640700029,9,0.111111111111111,0.559114157063068,"0.971637066025596",0.00485066056720181,0.570442931703951
60028,NA,-0.432759760219757,0.141585095368991,0.362101261512963,-0.12432274755233,0.276644665870556,-0.735719064206513,NA,-0.0831574258644167,NA,0.961181192608791,8,0.125,0.0456941521897856,"0.0715996103248778",0.00485066056720181,0.570442931703951
60030,NA,1.03141663137777,0.359667184033047,-0.127656169928072,NA,NA,-2.29725695321269,NA,NA,NA,0.961181192608791,5,0.2,-0.0145296230242304,"-0.0339740971696188",0.00485066056720181,0.570442931703951
60031,0.742072697849687,1.19478789191392,1.35755795337464,-0.25009552778833,0.172555642485536,-0.277931812870285,-1.5164880087096,-0.551061347695793,-0.316569627978388,-2.18350873695733,1.66787777431701,11,0.0909090909090909,0.003563354358278,"-0.0022566783412997",0.00485066056720181,0.570442931703951
60032,-0.0800870447974964,0.159075749647034,-0.601876570531201,NA,NA,NA,-2.29725695321269,NA,NA,-1.05211196624326,0.537163243583865,6,0.166666666666667,-0.555848923592291,"-0.982919680474691",0.00485066056720181,0.570442931703951
60034,0.312586265123546,0.541302849769337,-0.743960355569904,0.362101261512963,0.988971215089666,-0.971152411296336,-3.07802589771578,0.133057077684283,0.383666978363526,1.06925697884562,-0.593551287149281,11,0.0909090909090909,-0.145067938667487,"-0.262810863107502",0.00485066056720181,0.570442931703951
60044,NA,1.82977807437516,0.657051850393124,-0.25009552778833,NA,NA,0.0450498802965776,NA,NA,0.0792848044708086,0.537163243583865,6,0.166666666666667,0.483038720888535,"0.838275020593127",0.00485066056720181,0.570442931703951
60049,NA,NA,1.72433237521873,0.484540619373221,1.28584960512753,-0.555220052240705,-1.5164880087096,NA,NA,NA,1.38519914163372,6,0.166666666666667,0.468035613400483,"0.811974217034678",0.00485066056720181,0.570442931703951
60054,NA,1.21636522821115,0.244017591559684,0.60697997723348,0.0983360449760701,0.415288785555766,0.0450498802965776,NA,NA,0.786407786167103,1.38519914163372,8,0.125,0.599705554454193,"1.04279474917871",0.00485066056720181,0.570442931703951
60064,NA,0.935859856347198,-0.221885052404436,0.239661903652703,NA,NA,0.0450498802965776,0.719444299438634,0.383666978363526,-0.910687369904002,0.819841876267148,8,0.125,0.251369046507168,"0.43215258221116",0.00485066056720181,0.570442931703951
60065,NA,0.65535448448325,-0.803437288841919,-0.0052168120678136,NA,NA,NA,NA,0.73378528153448,NA,-0.169533338124351,5,0.2,0.0821904653967291,"0.135578513697257",0.00485066056720181,0.570442931703951
60071,NA,-0.7440898982226,-0.720830437075231,0.729419335093738,-0.272761942571262,-0.832508291611126,0.0450498802965776,NA,NA,NA,0.254484610900575,7,0.142857142857143,-0.220176677598476,"-0.394478265325343",0.00485066056720181,0.570442931703951
60075,1.20428190640258,0.683096774008256,2.19353929325352,-0.617413601369107,1.28584960512753,1.24715350366703,0.0450498802965776,-0.257867736818618,0.850491382591465,NA,1.10252050895044,10,0.1,0.773670151610967,"1.3477588174285",0.00485066056720181,0.570442931703951
60076,NA,-1.80137937678671,-0.529182540976515,0.60697997723348,0.840532020070734,-0.555220052240705,0.0450498802965776,NA,NA,NA,-0.0281940217827077,7,0.142857142857143,-0.203059159169407,"-0.364470849197077",0.00485066056720181,0.570442931703951
60096,NA,0.248467571449831,0.683486042958464,-0.25009552778833,1.1374104101086,-0.000643573499865181,-1.5164880087096,NA,NA,1.06925697884562,1.10252050895044,8,0.125,0.309239300289395,"0.533600510769699",0.00485066056720181,0.570442931703951
60100,0.574368471737575,1.59859232833345,0.128367999086321,0.362101261512963,NA,NA,-3.07802589771578,0.133057077684283,-0.549981830092359,0.220709400810067,2.09189572334194,9,0.111111111111111,0.164564948299828,"0.279982937566689",0.00485066056720181,0.570442931703951
60103,NA,1.69414910336402,1.47981609398934,0.362101261512963,-2.12825188030792,0.553932905240976,0.0450498802965776,NA,NA,NA,1.66787777431701,7,0.142857142857143,0.524953591201852,"0.9117527831944",0.00485066056720181,0.570442931703951
60104,0.803427902524849,1.01600424830833,1.05356473887323,-0.0052168120678136,NA,NA,-0.735719064206513,NA,-0.316569627978388,NA,-0.0281940217827077,7,0.142857142857143,0.25532819481014,"0.439093063165399",0.00485066056720181,0.570442931703951
60107,NA,NA,NA,-1.59692846425118,0.9147516175802,0.692577024926186,NA,NA,NA,NA,NA,3,0.333333333333333,0.00346672608506974,"-0.00242606999791928",0.00485066056720181,0.570442931703951
60112,1.08975219100894,-0.27863592952528,0.323320169255704,-0.984731674949884,-2.42513027034579,0.692577024926186,-0.735719064206513,NA,0.850491382591465,-2.18350873695733,-0.310872654465994,10,0.1,-0.396245756266849,"-0.703131539619484",0.00485066056720181,0.570442931703951
60113,0.827969984394915,0.525890466699889,0.154802191651661,0.484540619373221,NA,NA,-1.5164880087096,NA,-0.316569627978388,-0.627838177225485,-0.169533338124351,8,0.125,-0.0796532362397673,"-0.148137336989259",0.00485066056720181,0.570442931703951
60114,2.29231420264214,0.470405887649878,0.947827968611866,0.239661903652703,NA,NA,-0.735719064206513,NA,1.31731578681941,0.786407786167103,1.80921709065865,8,0.125,0.890928945249404,"1.55331626607315",0.00485066056720181,0.570442931703951
60116,NA,0.0172818254081157,0.161410739792996,-0.862292317089623,0.617873227542334,-1.24844065066676,0.825818824799667,NA,-0.199863526921402,NA,0.678502559925508,8,0.125,-0.00121366465114503,"-0.0106309060579159",0.00485066056720181,0.570442931703951
60117,NA,NA,NA,NA,NA,NA,-1.5164880087096,NA,NA,1.21068157518488,0.678502559925508,3,0.333333333333333,0.124232042133595,"0.209278395666668",0.00485066056720181,0.570442931703951
60118,NA,NA,NA,NA,NA,NA,-0.735719064206513,NA,NA,NA,-0.0281940217827077,2,0.5,-0.38195654299461,"-0.67808220956721",0.00485066056720181,0.570442931703951
60119,0.566187777780886,1.21328275159726,-0.307796178241792,-1.10717103281014,1.1374104101086,-0.000643573499865181,0.825818824799667,1.01263791031581,1.08390358470544,0.644983189827844,2.65725298870851,11,0.0909090909090909,0.702351513935656,"1.22273555267829",0.00485066056720181,0.570442931703951
60124,NA,NA,NA,NA,NA,NA,0.825818824799667,NA,NA,NA,1.38519914163372,2,0.5,1.10550898321669,"1.92948016616097",0.00485066056720181,0.570442931703951
60125,NA,0.562880186066564,0.521576613495756,0.974298050814256,NA,NA,-0.735719064206513,NA,0.967197483648454,NA,0.819841876267148,6,0.166666666666667,0.518345857680944,"0.900169269483099",0.00485066056720181,0.570442931703951
60126,NA,NA,NA,0.239661903652703,NA,NA,-0.735719064206513,NA,NA,NA,-0.0281940217827077,3,0.333333333333333,-0.174750394112173,"-0.314844912080678",0.00485066056720181,0.570442931703951
60128,1.46197376603826,1.18245798545836,0.984174983389208,-0.494974243508849,NA,NA,0.0450498802965776,NA,0.617079180477497,NA,1.52653845797536,7,0.142857142857143,0.760328572875203,"1.32437071321287",0.00485066056720181,0.570442931703951
60129,NA,NA,NA,NA,NA,NA,-0.735719064206513,NA,NA,NA,0.395823927242222,2,0.5,-0.169947568482145,"-0.306425444745565",0.00485066056720181,0.570442931703951
60130,NA,NA,1.14938868692258,NA,NA,NA,0.0450498802965776,NA,NA,0.786407786167103,0.395823927242222,4,0.25,0.594167570157122,"1.03308653124966",0.00485066056720181,0.570442931703951
60131,1.20837225338092,1.10539607011112,0.306798798902367,-1.35204974853066,-0.346981540080729,0.415288785555766,0.0450498802965776,NA,0.617079180477497,NA,1.10252050895044,9,0.111111111111111,0.344608243229256,"0.59560310730326",0.00485066056720181,0.570442931703951
60132,NA,1.28417971371672,-0.0335414303763876,0.484540619373221,0.840532020070734,0.276644665870556,-0.735719064206513,NA,0.73378528153448,NA,1.10252050895044,8,0.125,0.494117789366655,"0.857696890621434",0.00485066056720181,0.570442931703951
60133,NA,NA,NA,NA,NA,NA,-0.735719064206513,NA,NA,NA,0.254484610900575,2,0.5,-0.240617226652969,"-0.430311033019451",0.00485066056720181,0.570442931703951
61300,NA,NA,NA,NA,NA,NA,NA,NA,NA,NA,NA,0,NA,NA,"NaN",0.00485066056720181,0.570442931703951
61301,NA,0.174488132716482,-0.278057711605784,NA,NA,NA,NA,NA,0.967197483648454,NA,-0.593551287149281,4,0.25,0.0675191544024679,"0.109859357268344",0.00485066056720181,0.570442931703951
61302,NA,NA,1.10312884993324,NA,NA,NA,NA,NA,NA,NA,-0.310872654465994,2,0.5,0.396128097733622,"0.685918635186958",0.00485066056720181,0.570442931703951
61303,NA,NA,0.832178376138502,-0.862292317089623,NA,NA,NA,NA,NA,NA,0.254484610900575,3,0.333333333333333,0.0747902233164847,"0.122605713669497",0.00485066056720181,0.570442931703951
61304,NA,NA,NA,NA,NA,NA,NA,NA,NA,NA,-0.169533338124351,1,1,-0.169533338124351,"-0.305699289095679",0.00485066056720181,0.570442931703951
61305,NA,NA,NA,NA,NA,NA,NA,NA,NA,NA,-0.452211970807637,1,1,-0.452211970807637,"-0.801241642191206",0.00485066056720181,0.570442931703951
61306,NA,NA,-2.21436231701695,NA,NA,NA,NA,NA,NA,NA,0.395823927242222,2,0.5,-0.909269194887364,"-1.60247380526573",0.00485066056720181,0.570442931703951
61307,NA,NA,NA,0.239661903652703,NA,NA,NA,NA,NA,NA,NA,1,1,0.239661903652703,"0.411629682892387",0.00485066056720181,0.570442931703951
61308,NA,NA,NA,NA,NA,NA,NA,NA,NA,NA,-0.310872654465994,1,1,-0.310872654465994,"-0.553470465643442",0.00485066056720181,0.570442931703951
61309,NA,NA,NA,0.974298050814256,NA,NA,0.825818824799667,NA,NA,0.644983189827844,0.113145294558936,4,0.25,0.639561340000176,"1.11266288730592",0.00485066056720181,0.570442931703951
61310,NA,NA,NA,-0.494974243508849,NA,NA,NA,NA,NA,NA,-0.452211970807637,2,0.5,-0.473593107158243,"-0.838723281742315",0.00485066056720181,0.570442931703951
61311,NA,NA,0.306798798902367,NA,NA,NA,NA,NA,NA,NA,-0.593551287149281,2,0.5,-0.143376244123457,"-0.25984528241571",0.00485066056720181,0.570442931703951
61312,NA,NA,NA,0.484540619373221,0.617873227542334,-0.277931812870285,NA,NA,NA,NA,0.113145294558936,4,0.25,0.234406832151052,"0.402417417809263",0.00485066056720181,0.570442931703951
61313,NA,NA,NA,NA,NA,NA,NA,NA,NA,NA,-0.169533338124351,1,1,-0.169533338124351,"-0.305699289095679",0.00485066056720181,0.570442931703951
61314,NA,NA,0.323320169255704,-0.0052168120678136,NA,NA,NA,NA,NA,NA,0.254484610900575,3,0.333333333333333,0.190862656029489,"0.326083443450963",0.00485066056720181,0.570442931703951
61315,NA,NA,NA,NA,NA,NA,NA,NA,NA,NA,0.395823927242222,1,1,0.395823927242222,"0.685385417095374",0.00485066056720181,0.570442931703951
61316,NA,NA,NA,-0.862292317089623,NA,NA,NA,NA,NA,NA,-0.0281940217827077,2,0.5,-0.445243169436165,"-0.789025167967122",0.00485066056720181,0.570442931703951
61317,NA,NA,0.911480953834523,NA,NA,NA,NA,NA,NA,NA,0.819841876267148,2,0.5,0.865661415050835,"1.50902168585442",0.00485066056720181,0.570442931703951
61318,NA,NA,NA,-0.0052168120678136,NA,NA,NA,NA,NA,NA,0.113145294558936,2,0.5,0.053964241245561,"0.0860972727484827",0.00485066056720181,0.570442931703951
61319,NA,NA,NA,NA,NA,NA,NA,NA,NA,NA,0.113145294558936,1,1,0.113145294558936,"0.189843063999847",0.00485066056720181,0.570442931703951
61320,NA,NA,NA,-1.47448910639092,0.246775239995002,-0.277931812870285,-2.29725695321269,NA,NA,NA,-0.0281940217827077,5,0.2,-0.76621933085232,"-1.3517039980078",0.00485066056720181,0.570442931703951
61321,NA,NA,1.32451521266796,NA,NA,NA,NA,NA,0.850491382591465,NA,0.113145294558936,3,0.333333333333333,0.762717296606121,"1.3285582026148",0.00485066056720181,0.570442931703951
61322,NA,1.0838187338139,1.89945890096411,NA,1.21163000761807,-0.971152411296336,NA,NA,1.08390358470544,NA,0.537163243583865,6,0.166666666666667,0.807470343231507,"1.40701135566152",0.00485066056720181,0.570442931703951
61323,NA,NA,NA,NA,NA,NA,NA,NA,NA,NA,NA,0,NA,NA,"NaN",0.00485066056720181,0.570442931703951
61324,NA,NA,1.07339038329723,0.362101261512963,NA,NA,-0.735719064206513,NA,NA,NA,-0.0281940217827077,4,0.25,0.167894639705243,"0.285819965637962",0.00485066056720181,0.570442931703951
61325,NA,NA,0.534793709778426,NA,NA,NA,0.0450498802965776,NA,NA,1.06925697884562,0.395823927242222,4,0.25,0.511231124040712,"0.887696972527853",0.00485066056720181,0.570442931703951
61326,NA,NA,-0.446575689209827,-0.37253488564859,NA,NA,-0.735719064206513,NA,NA,NA,-0.0281940217827077,4,0.25,-0.39575591521191,"-0.702272836622716",0.00485066056720181,0.570442931703951
61327,NA,0.143663366577587,1.12956304249858,0.117222545792445,NA,NA,0.825818824799667,NA,NA,NA,0.254484610900575,5,0.2,0.49415047811377,"0.857754194771067",0.00485066056720181,0.570442931703951
61328,NA,NA,NA,NA,0.988971215089666,-0.693864171925916,NA,NA,NA,NA,NA,2,0.5,0.147553521581875,"0.250161502726329",0.00485066056720181,0.570442931703951
61336,NA,NA,NA,-0.739852959229365,NA,NA,NA,NA,NA,NA,NA,1,1,-0.739852959229365,"-1.30548312268869",0.00485066056720181,0.570442931703951
61343,NA,NA,NA,NA,NA,NA,NA,NA,NA,NA,NA,0,NA,NA,"NaN",0.00485066056720181,0.570442931703951
61344,NA,0.0666014512303483,1.24521263497194,-0.127656169928072,NA,NA,-1.5164880087096,NA,0.617079180477497,NA,0.678502559925508,6,0.166666666666667,0.160541941327937,"0.272930510850008",0.00485066056720181,0.570442931703951
70002,-1.22947454571221,0.914282520049971,-0.0203243340937175,-0.127656169928072,-0.0501031500428634,1.66308586272266,0.825818824799667,-0.551061347695793,1.90084629210434,0.927832382506361,0.254484610900575,11,0.0909090909090909,0.409793722328264,"0.709874799485149",0.00485066056720181,0.570442931703951
70003,NA,-1.05542003622544,-1.17021171068601,-0.984731674949884,0.320994837504468,0.553932905240976,0.0450498802965776,NA,-0.900100133263316,NA,-0.310872654465994,8,0.125,-0.437669823318579,"-0.775748912452894",0.00485066056720181,0.570442931703951
70004,NA,-0.697852749014257,-0.8563056739726,1.34161612439503,NA,NA,-0.735719064206513,NA,-0.0831574258644167,0.644983189827844,0.961181192608791,7,0.142857142857143,0.0821065133962685,"0.135431343847663",0.00485066056720181,0.570442931703951
70005,1.02839698633378,0.0696839278442378,-0.0930183636484029,0.117222545792445,NA,NA,0.825818824799667,1.01263791031581,1.55072798893338,NA,0.254484610900575,8,0.125,0.595744303908937,"1.03585058294385",0.00485066056720181,0.570442931703951
70006,1.15519774266245,0.165240702874814,-0.0401499785177226,0.974298050814256,0.543653630032868,-0.416575932555496,0.825818824799667,-0.257867736818618,-1.48363063854824,0.786407786167103,1.24385982529208,11,0.0909090909090909,0.317841116018469,"0.548679697925863",0.00485066056720181,0.570442931703951
70007,-1.96164665483583,-0.334120508575292,-0.687787696368556,-1.10717103281014,-1.01495791766593,-1.8030171294076,0.825818824799667,NA,0.617079180477497,NA,0.961181192608791,9,0.111111111111111,-0.500513526864154,"-0.8859154165024",0.00485066056720181,0.570442931703951
70008,NA,-0.383440134397524,-0.793524466629917,-0.37253488564859,-0.198542345061796,0.276644665870556,0.0450498802965776,NA,-0.316569627978388,NA,-1.44158718519914,8,0.125,-0.398063012343528,"-0.706317232658489",0.00485066056720181,0.570442931703951
70010,0.758434085763063,0.109756123824802,-1.22308009581669,-0.25009552778833,0.320994837504468,0.692577024926186,1.60658776930276,0.426250688561459,-1.13351233537729,0.220709400810067,-0.876229919832567,11,0.0909090909090909,0.0593083683525386,"0.0954656544216755",0.00485066056720181,0.570442931703951
70011,NA,-0.167666771425257,-1.8938477321622,-0.617413601369107,0.469434032523402,0.138000546185346,0.0450498802965776,NA,-0.549981830092359,NA,-1.58292650154078,8,0.125,-0.519918997198048,"-0.919933666629417",0.00485066056720181,0.570442931703951
70016,0.590729859650951,0.513560560244331,-0.00710723781104746,-0.494974243508849,-0.718079527628061,0.138000546185346,0.0450498802965776,NA,2.25096459527529,NA,-0.734890603490924,9,0.111111111111111,0.175917092134846,"0.299883515177685",0.00485066056720181,0.570442931703951
70017,NA,0.303952150499843,-0.109539734001741,0.239661903652703,NA,NA,0.825818824799667,NA,-1.36692453749126,-1.90065954427881,0.113145294558936,7,0.142857142857143,-0.270649377465809,"-0.482958106273794",0.00485066056720181,0.570442931703951
70018,-2.60792147741421,-0.956780784580978,-0.539095363188518,1.95381291369632,0.246775239995002,1.52444174303745,1.60658776930276,NA,-0.0831574258644167,1.63495536420266,0.395823927242222,10,0.1,0.317544190642829,"0.548159180694186",0.00485066056720181,0.570442931703951
70020,NA,0.0912612641414646,-1.18012453289802,-2.20912525355247,NA,NA,0.0450498802965776,NA,0.73378528153448,-0.769262773564744,0.395823927242222,7,0.142857142857143,-0.413227458114355,"-0.732900866056365",0.00485066056720181,0.570442931703951
70021,NA,-0.115264668989134,-0.106235459931073,-2.20912525355247,NA,NA,-0.735719064206513,NA,-0.433275729035377,NA,-0.310872654465994,6,0.166666666666667,-0.651748805030094,"-1.15103444903067",0.00485066056720181,0.570442931703951
70022,-0.689548744570781,-0.364945274714187,-0.278057711605784,-0.37253488564859,-0.272761942571262,2.35630646114871,1.60658776930276,-0.0624053295671671,0.150254776249555,-0.627838177225485,1.10252050895044,11,0.0909090909090909,0.231597949977109,"0.39749338068332",0.00485066056720181,0.570442931703951
70024,NA,-0.235481256930826,0.187844932358336,-0.739852959229365,1.43428880014646,-0.139287693185075,-0.735719064206513,NA,-1.8337489417192,0.362133997149326,0.819841876267148,9,0.111111111111111,-0.0977755899277451,"-0.179906253178378",0.00485066056720181,0.570442931703951
70025,-0.268243005801329,-0.645450646578135,-0.654744955661881,0.239661903652703,-0.346981540080729,0.692577024926186,1.60658776930276,0.523981892187183,0.383666978363526,-0.344988984546967,-0.734890603490924,11,0.0909090909090909,0.0410159847520354,"0.0633986717598645",0.00485066056720181,0.570442931703951
70027,NA,-0.321790602119733,0.333232991467707,-2.94376140071402,0.172555642485536,0.138000546185346,0.825818824799667,NA,0.383666978363526,0.362133997149326,0.113145294558936,9,0.111111111111111,-0.104110858647079,"-0.191012129624966",0.00485066056720181,0.570442931703951
70028,0.410754592603807,0.294704720658174,-0.86952277025527,0.484540619373221,0.543653630032868,-0.139287693185075,0.825818824799667,-0.648792551321519,1.08390358470544,0.503558593488585,1.38519914163372,11,0.0909090909090909,0.352230062957602,"0.608964338207776",0.00485066056720181,0.570442931703951
70029,NA,-0.0844399028502391,-0.254927793111111,-0.37253488564859,-1.46027550272272,-0.000643573499865181,0.0450498802965776,NA,-2.53398554806111,NA,-1.44158718519914,8,0.125,-0.762918063849526,"-1.34591679858904",0.00485066056720181,0.570442931703951
70031,NA,-1.40373989359496,-2.63070084992106,-0.494974243508849,NA,NA,0.825818824799667,NA,2.01755239316132,0.927832382506361,1.95055640700029,7,0.142857142857143,0.170335002920397,"0.290097980281537",0.00485066056720181,0.570442931703951
70033,-0.255971964866297,0.45807598119432,-0.0269328822350526,0.484540619373221,-1.83137349027006,0.415288785555766,0.0450498802965776,0.621713095812908,0.850491382591465,1.63495536420266,-0.593551287149281,11,0.0909090909090909,0.163844134955112,"0.278719334663304",0.00485066056720181,0.570442931703951
70034,0.72571130993631,-0.910543635372635,0.125063725015653,-0.617413601369107,-1.90559308777952,0.415288785555766,0.825818824799667,NA,-0.549981830092359,NA,0.395823927242222,9,0.111111111111111,-0.166202842451556,"-0.299860851124599",0.00485066056720181,0.570442931703951
70035,NA,-0.257058593228053,-0.839784303619262,-1.35204974853066,-0.569640332609128,-1.94166124909281,0.0450498802965776,NA,-0.0831574258644167,NA,0.537163243583865,8,0.125,-0.557642316132985,"-0.986063540168661",0.00485066056720181,0.570442931703951
70036,-0.889975746509647,-0.537563965092001,0.429056939517065,-1.2296103906704,-1.60871469774166,-2.35759360814844,0.0450498802965776,NA,-0.666687931149345,NA,0.254484610900575,9,0.111111111111111,-0.729061656510808,"-1.28656571286766",0.00485066056720181,0.570442931703951
70038,NA,NA,NA,NA,NA,NA,NA,NA,NA,NA,NA,0,NA,NA,"NaN",0.00485066056720181,0.570442931703951
80001,0.120339957141369,-0.340285461803071,0.376188554386385,0.362101261512963,-0.12432274755233,1.80172998240787,0.0450498802965776,2.18541235382451,0.033548675192569,0.927832382506361,0.678502559925508,11,0.0909090909090909,0.551463399803519,"0.958225106941985",0.00485066056720181,0.570442931703951
80003,NA,0.00803439556644707,1.75076656778407,0.851858692953996,NA,NA,0.825818824799667,NA,0.73378528153448,NA,0.254484610900575,6,0.166666666666667,0.73745806225654,"1.28427816521627",0.00485066056720181,0.570442931703951
80004,-1.39717877182433,-0.990688027333763,-0.862914222113935,0.60697997723348,-1.16339711268486,0.553932905240976,0.0450498802965776,-0.160136533192892,0.033548675192569,-0.627838177225485,-0.0281940217827077,11,0.0909090909090909,-0.362803220744942,"-0.644505981017133",0.00485066056720181,0.570442931703951
80006,0.31667661210189,0.273127384360947,0.865221116845178,0.362101261512963,-0.718079527628061,-0.832508291611126,-0.735719064206513,NA,0.617079180477497,NA,-0.593551287149281,9,0.111111111111111,-0.0495169572551672,"-0.0953077245781088",0.00485066056720181,0.570442931703951
80007,0.484380838214002,0.689261727236035,-0.00380296374037992,1.58649484011555,1.06319081259913,1.38579762335224,2.38735671380585,-0.453330144070068,0.850491382591465,-1.33496115892178,0.113145294558936,11,0.0909090909090909,0.615274996885544,"1.07008835133598",0.00485066056720181,0.570442931703951
80009,NA,-0.235481256930826,0.0457611473196329,-0.25009552778833,-0.718079527628061,-1.52572889003718,0.0450498802965776,NA,0.383666978363526,0.503558593488585,-0.0281940217827077,9,0.111111111111111,-0.197726958299865,"-0.355123374501203",0.00485066056720181,0.570442931703951
90001,-0.41549549702172,0.0511890681609006,-0.519269718764513,-0.494974243508849,NA,NA,0.0450498802965776,-0.0624053295671671,0.850491382591465,0.220709400810067,-0.452211970807637,9,0.111111111111111,-0.0863241142012083,"-0.159831544403688",0.00485066056720181,0.570442931703951
90003,NA,-3.71251487739822,-1.98306313207022,0.239661903652703,NA,NA,-1.5164880087096,NA,-1.25021843643427,NA,0.113145294558936,6,0.166666666666667,-1.35157954273345,"-2.37785434425299",0.00485066056720181,0.570442931703951
90004,NA,0.245385094835941,-0.0864098155070679,-0.127656169928072,0.617873227542334,-0.555220052240705,-0.735719064206513,NA,0.500373079420508,-0.203564388207709,0.395823927242222,9,0.111111111111111,0.00565398210565988,"0.00140824172552808",0.00485066056720181,0.570442931703951
90005,NA,0.350189299708186,0.227496221206346,1.95381291369632,-1.68293429525112,0.138000546185346,0.825818824799667,NA,0.500373079420508,-0.344988984546967,0.254484610900575,9,0.111111111111111,0.246916912902096,"0.424347886320243",0.00485066056720181,0.570442931703951
90008,NA,0.596787428819349,0.614096287474446,-0.494974243508849,NA,NA,NA,NA,0.500373079420508,NA,0.395823927242222,5,0.2,0.322421295889535,"0.556708861960528",0.00485066056720181,0.570442931703951
90011,-0.296875434649739,-0.0227903705724483,-1.17021171068601,-1.35204974853066,-0.0501031500428634,-0.000643573499865181,-1.5164880087096,1.20810031756726,-0.666687931149345,-0.344988984546967,0.819841876267148,11,0.0909090909090909,-0.308445156232099,"-0.549215003617393",0.00485066056720181,0.570442931703951
100001,0.983403169571994,0.405673878758197,0.521576613495756,-0.739852959229365,0.766312422561267,-0.971152411296336,-0.735719064206513,-0.257867736818618,-0.666687931149345,NA,0.113145294558936,10,0.1,-0.0581168723754027,"-0.110383579921862",0.00485066056720181,0.570442931703951
100002,-0.714090826440846,-0.226233827089158,0.121759450944986,1.95381291369632,NA,NA,0.825818824799667,0.523981892187183,-0.199863526921402,-1.19353656258252,-1.3002478688575,9,0.111111111111111,-0.0231777255848071,"-0.0491344262401258",0.00485066056720181,0.570442931703951
100006,1.04066802726881,-0.734842468380932,0.0259355028956277,0.851858692953996,-3.76108302551618,2.07901822177829,0.825818824799667,0.817175503064359,-2.30057334594714,0.220709400810067,-1.15890855251585,11,0.0909090909090909,-0.190383928980845,"-0.342250869801942",0.00485066056720181,0.570442931703951
100007,-0.779536378094353,-0.790327047430943,-0.988476636799301,-4.90279112647816,-3.16732624544045,1.10850938398182,-0.735719064206513,-2.21249180933312,-2.41727944700413,-0.486413580886226,-1.44158718519914,11,0.0909090909090909,-1.52849446699005,"-2.6879904059413",0.00485066056720181,0.570442931703951
100008,-0.967692339098186,-0.636203216736466,-0.94882534795129,-0.0052168120678136,-0.272761942571262,0.831221144611397,0.0450498802965776,1.11036911394153,0.383666978363526,NA,-0.169533338124351,10,0.1,-0.0629925879336334,"-0.118930825031319",0.00485066056720181,0.570442931703951
100012,0.365760775842021,-0.158419341583588,0.0292397769662953,1.70893419797581,-0.421201137590195,0.138000546185346,1.60658776930276,0.817175503064359,0.500373079420508,0.503558593488585,1.24385982529208,11,0.0909090909090909,0.575806326214907,"1.00089883477427",0.00485066056720181,0.570442931703951
100014,1.58059382841025,0.661519437711029,1.01060917595455,-0.25009552778833,-0.198542345061796,-0.000643573499865181,-2.29725695321269,NA,-0.316569627978388,0.503558593488585,-0.310872654465994,10,0.1,0.0382300353557344,"0.0585148363374864",0.00485066056720181,0.570442931703951
100017,1.25336607014271,-0.21082144401971,-1.28255702908871,0.117222545792445,-1.16339711268486,0.969865264296607,0.825818824799667,-1.33291097670159,0.033548675192569,1.06925697884562,-1.15890855251585,11,0.0909090909090909,-0.0799560687219188,"-0.148668209518869",0.00485066056720181,0.570442931703951
100018,0.594820206629295,0.251550048063721,0.111846628732983,1.70893419797581,NA,NA,-0.735719064206513,0.133057077684283,-1.71704284066222,-0.910687369904002,-0.0281940217827077,9,0.111111111111111,-0.065715015274372,"-0.12370330478246",0.00485066056720181,0.570442931703951
100019,0.656175411304458,0.562880186066564,0.908176679763855,-1.2296103906704,NA,NA,-1.5164880087096,1.01263791031581,2.13425849421831,1.63495536420266,0.254484610900575,9,0.111111111111111,0.490830028599136,"0.851933367953709",0.00485066056720181,0.570442931703951
100022,-0.476850701696883,-2.55042119396187,-1.10412622927266,-1.10717103281014,-0.643859930118594,-0.416575932555496,0.0450498802965776,NA,0.150254776249555,NA,-2.57230171593229,9,0.111111111111111,-0.964000231089089,"-1.69841861088938",0.00485066056720181,0.570442931703951
100023,0.0180812826827643,0.32244701018318,0.35636290996238,-0.0052168120678136,NA,NA,-0.735719064206513,0.914906706690084,-0.783394032206331,-0.344988984546967,-2.57230171593229,9,0.111111111111111,-0.314424744382389,"-0.559697363583583",0.00485066056720181,0.570442931703951
100025,-0.611832151982242,0.112838600438691,0.0358483251076303,0.60697997723348,1.95382598271273,1.94037410209308,-0.735719064206513,0.133057077684283,-0.0831574258644167,0.0792848044708086,1.24385982529208,11,0.0909090909090909,0.425032732089056,"0.736589145327373",0.00485066056720181,0.570442931703951
100026,0.97931282259365,0.427251215055424,0.286973154478362,NA,NA,NA,0.0450498802965776,-0.160136533192892,-0.0831574258644167,NA,-0.169533338124351,7,0.142857142857143,0.18939425360605,"0.323509299146901",0.00485066056720181,0.570442931703951
100028,-0.624103192917274,-0.700935225628147,1.17582287948792,0.362101261512963,0.320994837504468,0.138000546185346,0.0450498802965776,NA,1.20060968576243,0.644983189827844,0.678502559925508,10,0.1,0.324102642195764,"0.559656301945815",0.00485066056720181,0.570442931703951
100029,NA,-1.94009082441174,-0.641527859379211,0.362101261512963,NA,NA,NA,NA,0.26696087730654,0.786407786167103,-3.56167693032379,6,0.166666666666667,-0.787970948188022,"-1.38983509951997",0.00485066056720181,0.570442931703951
100030,-0.0759966978191522,-0.0289553238002274,1.02382627223722,-0.862292317089623,NA,NA,0.825818824799667,NA,-0.316569627978388,-0.486413580886226,-1.3002478688575,8,0.125,-0.152603789924278,"-0.276021389240732",0.00485066056720181,0.570442931703951
100032,1.03248733331212,-0.0536151367113437,-0.397011578149815,0.362101261512963,NA,NA,-0.735719064206513,NA,-1.60033673960523,-0.344988984546967,-1.15890855251585,8,0.125,-0.361998932613829,"-0.643096044831737",0.00485066056720181,0.570442931703951
100034,0.193966202751565,-0.192326584336373,-0.595268022389866,0.362101261512963,1.06319081259913,-0.139287693185075,-1.5164880087096,-0.0624053295671671,0.850491382591465,-0.769262773564744,-0.452211970807637,11,0.0909090909090909,-0.114318247555031,"-0.208905924675527",0.00485066056720181,0.570442931703951
100035,0.954770740723585,0.359436729549854,-0.37718593372581,-0.0052168120678136,NA,NA,-0.735719064206513,-2.01702940208167,0.26696087730654,0.503558593488585,0.537163243583865,9,0.111111111111111,-0.0570290030477086,"-0.108476519167433",0.00485066056720181,0.570442931703951
100038,-0.628193539895618,-0.54372891831978,-0.839784303619262,-0.0052168120678136,0.0983360449760701,1.38579762335224,-1.5164880087096,-1.03971736582442,-1.13351233537729,-0.486413580886226,-2.289623083249,11,0.0909090909090909,-0.636231298147336,"-1.12383189112289",0.00485066056720181,0.570442931703951
100039,0.324857306058579,-1.42839970650608,-0.859609948043267,0.484540619373221,0.543653630032868,-1.38708477035197,0.0450498802965776,0.426250688561459,0.033548675192569,NA,-1.72426581788243,10,0.1,-0.354145944326846,"-0.629329569956633",0.00485066056720181,0.570442931703951
100040,-0.231429882996232,0.421086261827645,0.00941413254229014,0.974298050814256,NA,NA,0.0450498802965776,-0.648792551321519,-3.00080995228905,-0.0621397918684502,0.537163243583865,9,0.111111111111111,-0.217351178823402,"-0.389525098903185",0.00485066056720181,0.570442931703951
100043,NA,0.0357766850914529,0.491838146859748,NA,NA,NA,-0.735719064206513,NA,-1.36692453749126,-0.344988984546967,0.537163243583865,6,0.166666666666667,-0.230475751784945,"-0.412532786845499",0.00485066056720181,0.570442931703951
100044,0.733892003892998,-0.349532891644739,-0.135973926567081,0.974298050814256,0.9147516175802,1.24715350366703,0.0450498802965776,-0.355598940444343,-2.53398554806111,-0.910687369904002,-1.44158718519914,11,0.0909090909090909,-0.164747345960851,"-0.297309331226968",0.00485066056720181,0.570442931703951
100045,0.750253391806375,0.0265292552497843,-0.473009881775168,0.851858692953996,NA,NA,-2.29725695321269,NA,-0.900100133263316,NA,-0.169533338124351,7,0.142857142857143,-0.315894138052196,"-0.562273245566058",0.00485066056720181,0.570442931703951
100046,1.07748115007391,0.843385557930512,0.86191684277451,0.484540619373221,NA,NA,0.0450498802965776,NA,0.617079180477497,NA,0.395823927242222,7,0.142857142857143,0.617896736881207,"1.07468432378116",0.00485066056720181,0.570442931703951
100049,NA,0.572127615908232,-0.436662866997825,-0.25009552778833,NA,NA,0.0450498802965776,NA,-1.01680623432031,NA,-1.3002478688575,6,0.166666666666667,-0.397772500293191,"-0.705807958138303",0.00485066056720181,0.570442931703951
100050,NA,0.661519437711029,0.812352731714497,NA,NA,NA,NA,NA,0.033548675192569,NA,0.395823927242222,4,0.25,0.475811192965079,"0.82560499258197",0.00485066056720181,0.570442931703951
100051,1.07748115007391,0.624529718344355,-0.0930183636484029,-1.10717103281014,NA,NA,0.0450498802965776,NA,0.150254776249555,-2.32493333329659,-1.3002478688575,8,0.125,-0.366006884206029,"-0.650122079110447",0.00485066056720181,0.570442931703951
100052,-0.660916315722372,-0.978358120878205,-1.22968864395803,0.729419335093738,0.320994837504468,-0.139287693185075,1.60658776930276,0.328519484935734,-0.666687931149345,NA,0.254484610900575,10,0.1,-0.0434932667155754,"-0.0847480520766043",0.00485066056720181,0.570442931703951
100053,NA,-2.15278171077012,-0.231797874616439,NA,NA,NA,NA,NA,0.73378528153448,NA,-1.15890855251585,4,0.25,-0.702425714091983,"-1.23987227354453",0.00485066056720181,0.570442931703951
100054,NA,-0.398852517466972,-1.55681177695411,0.484540619373221,NA,NA,1.60658776930276,NA,0.033548675192569,NA,-0.876229919832567,6,0.166666666666667,-0.117869525064184,"-0.215131398446489",0.00485066056720181,0.570442931703951
100055,-1.07404136053514,-0.364945274714187,-0.664657777873884,0.117222545792445,NA,NA,0.0450498802965776,NA,0.73378528153448,NA,0.113145294558936,7,0.142857142857143,-0.156348772991538,"-0.282586433453083",0.00485066056720181,0.570442931703951
100057,0.832060331373259,1.07457130397223,0.548010806061096,-1.35204974853066,NA,NA,0.0450498802965776,-2.21249180933312,1.31731578681941,0.362133997149326,0.254484610900575,9,0.111111111111111,0.0965650176342988,"0.160777444981464",0.00485066056720181,0.570442931703951
100062,0.574368471737575,0.445746074738761,0.293581702619697,-0.127656169928072,NA,NA,-1.5164880087096,-1.13744856945014,0.850491382591465,0.644983189827844,-0.593551287149281,9,0.111111111111111,-0.0628859126357506,"-0.118743820701957",0.00485066056720181,0.570442931703951
100063,-0.0432739219923986,-0.522151582022554,-0.644832133449879,-0.0052168120678136,NA,NA,-1.5164880087096,NA,-0.666687931149345,NA,-1.44158718519914,7,0.142857142857143,-0.691462510655819,"-1.22065351768509",0.00485066056720181,0.570442931703951
100067,-2.17025435073138,0.199147945627598,0.201062028641006,-0.25009552778833,-1.31183630770379,0.831221144611397,1.60658776930276,NA,0.033548675192569,NA,-0.876229919832567,9,0.111111111111111,-0.192983171408971,"-0.346807403477207",0.00485066056720181,0.570442931703951
100068,0.64799471734777,1.03449910799166,-0.010411511881715,1.34161612439503,NA,NA,-0.735719064206513,1.40356272481871,0.500373079420508,-0.910687369904002,1.10252050895044,9,0.111111111111111,0.485972035214654,"0.84341719023551",0.00485066056720181,0.570442931703951
100069,NA,0.59062247559157,0.306798798902367,-1.84180717997169,NA,NA,-0.735719064206513,NA,-0.199863526921402,-1.47638575526104,-0.0281940217827077,7,0.142857142857143,-0.483506896235631,"-0.856102389320658",0.00485066056720181,0.570442931703951
100071,-1.20493246384215,-1.42839970650608,-0.0269328822350526,-0.25009552778833,NA,NA,-0.735719064206513,NA,0.150254776249555,NA,-2.57230171593229,7,0.142857142857143,-0.866875226322979,"-1.52815617205788",0.00485066056720181,0.570442931703951
100072,-1.71213548915683,0.621447241730465,0.336537265538374,-1.2296103906704,NA,NA,0.0450498802965776,NA,-1.01680623432031,NA,0.537163243583865,7,0.142857142857143,-0.345479211856893,"-0.614136582212767",0.00485066056720181,0.570442931703951
100073,0.623452635477705,0.667684390938808,-0.578746652036528,1.83137355583607,0.6920928250518,1.10850938398182,1.60658776930276,0.328519484935734,-0.316569627978388,0.786407786167103,0.254484610900575,11,0.0909090909090909,0.636708742052495,"1.10766221539093",0.00485066056720181,0.570442931703951
100075,-0.517754171480325,-0.183079154494704,0.270451784125024,0.60697997723348,1.43428880014646,0.969865264296607,0.0450498802965776,1.89221874294734,1.20060968576243,NA,-2.289623083249,10,0.1,0.342900772558389,"0.592609870686641",0.00485066056720181,0.570442931703951
100077,-0.219158842061199,-0.790327047430943,-0.499444074340508,0.729419335093738,NA,NA,-2.29725695321269,-1.33291097670159,-0.783394032206331,NA,-1.58292650154078,8,0.125,-0.846999886550039,"-1.49331422965082",0.00485066056720181,0.570442931703951
100080,-0.898156440466335,-0.038202753641896,-0.317709000453794,0.729419335093738,NA,NA,0.0450498802965776,-1.91929819845595,0.500373079420508,-0.910687369904002,-1.58292650154078,9,0.111111111111111,-0.488015329961326,"-0.864005780659433",0.00485066056720181,0.570442931703951
100084,0.868873454178356,-0.633120740122577,-0.387098755937812,0.60697997723348,NA,NA,2.38735671380585,0.817175503064359,1.31731578681941,-0.627838177225485,-0.169533338124351,9,0.111111111111111,0.464456713743469,"0.805700320982844",0.00485066056720181,0.570442931703951
100086,-0.235520229974576,-2.97580296667863,-0.94882534795129,0.484540619373221,0.469434032523402,-0.555220052240705,0.825818824799667,NA,-0.0831574258644167,-1.6178103516003,-1.01756923617421,10,0.1,-0.565411213378783,"-0.99968260145248",0.00485066056720181,0.570442931703951
100087,0.480290491235658,0.599869905433238,0.349754361821045,1.46405548225529,1.95382598271273,0.553932905240976,-0.735719064206513,2.77179957557886,1.78414019104735,0.0792848044708086,-1.01756923617421,11,0.0909090909090909,0.75306049085593,"1.3116295929091",0.00485066056720181,0.570442931703951
100088,-0.632283886873963,0.377931589233192,-0.112844008072408,-0.617413601369107,-0.718079527628061,-0.416575932555496,0.825818824799667,-0.257867736818618,0.26696087730654,-1.19353656258252,-0.0281940217827077,11,0.0909090909090909,-0.227825816940316,"-0.407887388160807",0.00485066056720181,0.570442931703951
100090,-0.0187318401223335,0.667684390938808,-0.710917614863229,0.851858692953996,NA,NA,2.38735671380585,1.79448753932161,-1.71704284066222,-0.0621397918684502,-1.3002478688575,9,0.111111111111111,0.210256375627393,"0.360081094258861",0.00485066056720181,0.570442931703951
100093,0.210327590664941,0.294704720658174,-0.370577385584474,1.58649484011555,0.469434032523402,0.415288785555766,0.825818824799667,-0.746523754947244,1.20060968576243,-0.344988984546967,0.254484610900575,11,0.0909090909090909,0.345006633263801,"0.596301494490485",0.00485066056720181,0.570442931703951
100099,NA,0.99134443539721,-3.0437351087545,-0.37253488564859,NA,NA,-0.735719064206513,NA,0.033548675192569,NA,-0.0281940217827077,6,0.166666666666667,-0.525881661633755,"-0.930386358922223",0.00485066056720181,0.570442931703951
100105,1.71148493171726,0.58753999897768,0.776005716937154,2.56600970299762,0.246775239995002,0.553932905240976,0.825818824799667,1.69675633569588,-0.549981830092359,-0.203564388207709,2.09189572334194,11,0.0909090909090909,0.936606651036646,"1.63339036857943",0.00485066056720181,0.570442931703951
100107,NA,-1.6873277420728,0.201062028641006,0.362101261512963,NA,NA,NA,NA,-2.53398554806111,NA,-0.169533338124351,5,0.2,-0.765536667620858,"-1.35050727315853",0.00485066056720181,0.570442931703951
100109,0.0794364873579271,-0.121429622216914,0.442274035799735,-1.10717103281014,-0.198542345061796,0.138000546185346,-0.735719064206513,NA,-1.25021843643427,0.0792848044708086,0.678502559925508,10,0.1,-0.199558206699031,"-0.358333596413668",0.00485066056720181,0.570442931703951
100110,-1.90029145016066,-1.64109059286446,-0.644832133449879,-0.127656169928072,NA,NA,-0.735719064206513,0.230788281310009,-0.0831574258644167,NA,-2.99631966495722,8,0.125,-0.987284777515151,"-1.73923697348441",0.00485066056720181,0.570442931703951
100113,0.897505883026766,0.356354252935965,-1.52376903624744,-2.20912525355247,-1.08917751517539,-0.416575932555496,0.825818824799667,0.0353258740585582,2.36767069633228,0.220709400810067,-1.01756923617421,11,0.0909090909090909,-0.141166549249246,"-0.25597163484923",0.00485066056720181,0.570442931703951
100117,-0.816349500899451,0.932777379733308,-0.211972230192434,0.851858692953996,NA,NA,0.825818824799667,NA,-0.199863526921402,0.503558593488585,-0.734890603490924,8,0.125,0.143867203683918,"0.243699299948314",0.00485066056720181,0.570442931703951
100118,-0.693639091549125,-0.420429853764199,-0.116148282143076,0.117222545792445,NA,NA,-1.5164880087096,NA,0.033548675192569,0.362133997149326,1.66787777431701,8,0.125,-0.0707402804643318,"-0.132512713946229",0.00485066056720181,0.570442931703951
100121,NA,-1.20646139030603,-0.648136407520546,0.974298050814256,NA,NA,-1.5164880087096,NA,-0.316569627978388,NA,1.24385982529208,6,0.166666666666667,-0.244916259734705,"-0.437847340058779",0.00485066056720181,0.570442931703951
100122,-0.0064607991873009,0.411838831985976,1.14938868692258,1.34161612439503,NA,NA,0.0450498802965776,NA,-0.316569627978388,NA,-2.14828376690736,7,0.142857142857143,0.0680827613610178,"0.110847373645138",0.00485066056720181,0.570442931703951
100124,NA,0.32244701018318,0.131672273156988,0.484540619373221,NA,NA,-0.735719064206513,NA,1.08390358470544,0.220709400810067,-0.452211970807637,7,0.142857142857143,0.150763121887821,"0.255788008249605",0.00485066056720181,0.570442931703951
100125,NA,-0.331038031961402,0.296885976690364,-0.0052168120678136,NA,NA,0.0450498802965776,NA,0.73378528153448,NA,-0.0281940217827077,6,0.166666666666667,0.118545378784916,"0.199309539830919",0.00485066056720181,0.570442931703951
100126,NA,0.365601682777633,0.76939716879582,0.484540619373221,NA,NA,0.825818824799667,NA,-0.433275729035377,-2.74920712231437,0.113145294558936,7,0.142857142857143,-0.0891398944349238,"-0.164767673992155",0.00485066056720181,0.570442931703951
100127,-0.0105511461656451,-0.389605087625303,-0.301187630100457,0.239661903652703,0.840532020070734,0.692577024926186,1.60658776930276,1.69675633569588,0.967197483648454,1.35210617152414,-1.15890855251585,11,0.0909090909090909,0.503196935673963,"0.873612849611737",0.00485066056720181,0.570442931703951
100128,-1.00041511492494,-0.27555345291139,0.141585095368991,0.729419335093738,-3.38998503796885,1.66308586272266,0.825818824799667,0.719444299438634,-1.8337489417192,-1.6178103516003,-1.15890855251585,11,0.0909090909090909,-0.472460730383349,"-0.836738198376463",0.00485066056720181,0.570442931703951
100130,NA,NA,NA,NA,NA,NA,NA,NA,NA,NA,0.395823927242222,1,1,0.395823927242222,"0.685385417095374",0.00485066056720181,0.570442931703951
100131,-1.37263668995426,-0.398852517466972,0.187844932358336,0.851858692953996,NA,NA,0.0450498802965776,NA,0.73378528153448,0.503558593488585,-0.593551287149281,8,0.125,-0.00536788924231748,"-0.0179133603759377",0.00485066056720181,0.570442931703951
100132,2.51319293947272,0.827973174861064,0.128367999086321,0.239661903652703,0.0241164474666027,-0.693864171925916,-0.735719064206513,NA,0.850491382591465,NA,-1.01756923617421,9,0.111111111111111,0.237405708313804,"0.407674518907518",0.00485066056720181,0.570442931703951
100134,NA,-1.56094620090333,0.640530480039786,-0.984731674949884,NA,NA,NA,NA,NA,NA,-0.0281940217827077,4,0.25,-0.483335354399033,"-0.855801672409177",0.00485066056720181,0.570442931703951
100135,1.66649111495547,1.13930331286391,1.01391345002522,0.729419335093738,-0.569640332609128,0.276644665870556,-0.735719064206513,0.523981892187183,-0.549981830092359,-1.33496115892178,0.961181192608791,11,0.0909090909090909,0.283693870706826,"0.488818766334261",0.00485066056720181,0.570442931703951
100137,-1.74485826498358,0.297787197272064,-1.88723918402087,-1.96424653783195,NA,NA,0.0450498802965776,NA,0.73378528153448,0.220709400810067,-0.734890603490924,8,0.125,-0.629237853801767,"-1.11157221718026",0.00485066056720181,0.570442931703951
100140,NA,0.134415936735918,0.630617657827784,0.851858692953996,NA,NA,0.0450498802965776,NA,0.500373079420508,NA,1.24385982529208,6,0.166666666666667,0.567695845421144,"0.986680969422632",0.00485066056720181,0.570442931703951
100142,NA,0.125168506894249,-2.07888708011958,-0.617413601369107,0.0983360449760701,-0.555220052240705,0.0450498802965776,NA,-1.13351233537729,0.220709400810067,-1.01756923617421,9,0.111111111111111,-0.545926496922658,"-0.965525430992111",0.00485066056720181,0.570442931703951
100150,NA,0.433416168283203,-0.691091970439224,-0.494974243508849,NA,NA,-0.735719064206513,NA,0.150254776249555,0.644983189827844,-0.593551287149281,7,0.142857142857143,-0.183811775849038,"-0.330729729357313",0.00485066056720181,0.570442931703951
100151,-0.951330951184809,0.0450241149331215,0.187844932358336,-0.862292317089623,0.9147516175802,0.415288785555766,0.0450498802965776,1.98994994657306,0.500373079420508,-0.486413580886226,0.678502559925508,11,0.0909090909090909,0.225158915225675,"0.386205599919343",0.00485066056720181,0.570442931703951
100154,1.84237603502427,-1.72431746143947,-0.89595696282061,0.239661903652703,NA,NA,-0.735719064206513,0.426250688561459,-0.0831574258644167,NA,-0.452211970807637,8,0.125,-0.172884282237527,"-0.311573573668136",0.00485066056720181,0.570442931703951
100156,1.22064329431596,-0.451254619903094,-0.625006489025873,-0.37253488564859,NA,NA,0.825818824799667,NA,-0.900100133263316,NA,-1.72426581788243,7,0.142857142857143,-0.289528546658239,"-0.516053738006905",0.00485066056720181,0.570442931703951
100157,0.292134530231825,-0.383440134397524,-1.46098782890476,-1.47448910639092,-0.718079527628061,0.969865264296607,-2.29725695321269,-0.160136533192892,-2.76739775017508,0.503558593488585,-2.43096239959064,11,0.0909090909090909,-0.902471985952323,"-1.59055813665583",0.00485066056720181,0.570442931703951
100161,1.26563711107774,-0.454337096516984,-0.0500628007297252,NA,NA,NA,-0.735719064206513,-0.648792551321519,0.73378528153448,-0.203564388207709,-1.01756923617421,8,0.125,-0.138827843068055,"-0.251871827399244",0.00485066056720181,0.570442931703951
100166,0.558007083824198,-0.386522611011414,0.0953252583796456,0.974298050814256,NA,NA,0.825818824799667,NA,0.383666978363526,-0.344988984546967,-0.876229919832567,8,0.125,0.153671835098793,"0.260887051553172",0.00485066056720181,0.570442931703951
100167,-2.77971605050466,-1.27735835242549,-0.202059407980431,NA,NA,NA,0.825818824799667,NA,0.73378528153448,-1.90065954427881,-1.58292650154078,7,0.142857142857143,-0.883302250056576,"-1.55695313459456",0.00485066056720181,0.570442931703951
100168,-0.902246787444679,0.236137664994273,0.187844932358336,-0.25009552778833,0.469434032523402,3.74274765800081,1.60658776930276,-2.1147606057074,-0.666687931149345,-0.769262773564744,-1.01756923617421,11,0.0909090909090909,0.0474662904864432,"0.0747062108245354",0.00485066056720181,0.570442931703951
100173,-1.6630513254167,-1.12015204511712,0.115150902803651,-1.10717103281014,NA,NA,-0.735719064206513,-1.13744856945014,1.43402188787639,-0.0621397918684502,-0.452211970807637,9,0.111111111111111,-0.525413445444074,"-0.929565564827566",0.00485066056720181,0.570442931703951
100175,NA,0.797148408722169,0.458795406153073,-0.862292317089623,NA,NA,NA,NA,-0.0831574258644167,NA,-0.169533338124351,5,0.2,0.0281921467593701,"0.0409181793566023",0.00485066056720181,0.570442931703951
100176,0.492561532170691,-0.395770040853082,-1.04464929600065,0.974298050814256,NA,NA,-1.5164880087096,0.817175503064359,-1.95045504277619,-1.19353656258252,-1.3002478688575,9,0.111111111111111,-0.56856797041447,"-1.00521647146864",0.00485066056720181,0.570442931703951
100177,-0.828620541834484,0.979014528941651,1.35755795337464,-0.984731674949884,NA,NA,-1.5164880087096,NA,1.08390358470544,-0.0621397918684502,0.113145294558936,8,0.125,0.0177051680272807,"0.0225342567076457",0.00485066056720181,0.570442931703951
100179,0.930228658853519,0.935859856347198,0.125063725015653,0.851858692953996,NA,NA,0.825818824799667,-0.746523754947244,-0.433275729035377,-0.203564388207709,-0.734890603490924,9,0.111111111111111,0.172286142476531,"0.293518374238048",0.00485066056720181,0.570442931703951
100180,NA,-0.885883822461519,-2.22427513922895,NA,NA,NA,-0.735719064206513,NA,0.150254776249555,NA,-1.86560513422407,5,0.2,-1.1122456767743,"-1.95829639610865",0.00485066056720181,0.570442931703951
100181,NA,-2.63364806253689,-2.89834704964513,NA,NA,NA,NA,NA,NA,NA,-3.84435556300707,3,0.333333333333333,-3.12545022506303,"-5.4874917571155",0.00485066056720181,0.570442931703951
100183,NA,-1.70582260175614,1.35755795337464,NA,NA,NA,NA,NA,0.850491382591465,NA,-1.15890855251585,4,0.25,-0.164170454576472,"-0.29629802693636",0.00485066056720181,0.570442931703951
100187,0.222598631599974,1.03449910799166,1.48642464213067,NA,NA,NA,NA,NA,0.500373079420508,0.0792848044708086,-0.452211970807637,6,0.166666666666667,0.478494715800998,"0.830309271812678",0.00485066056720181,0.570442931703951
100189,0.14079169203309,-0.355697844872518,-0.687787696368556,-0.862292317089623,NA,NA,0.0450498802965776,NA,-1.60033673960523,NA,-2.43096239959064,7,0.142857142857143,-0.821605060742415,"-1.44879649720777",0.00485066056720181,0.570442931703951
100191,-2.9310588887034,-0.700935225628147,-0.340838918948467,-0.617413601369107,NA,NA,-3.07802589771578,NA,-1.13351233537729,-2.32493333329659,-1.01756923617421,8,0.125,-1.51803592965162,"-2.66965634173056",0.00485066056720181,0.570442931703951
100200,NA,0.421086261827645,-0.575442377965861,-0.984731674949884,NA,NA,0.0450498802965776,NA,0.383666978363526,NA,0.395823927242222,6,0.166666666666667,-0.0524245008642956,"-0.100404717541881",0.00485066056720181,0.570442931703951
100204,0.480290491235658,0.0696839278442378,0.128367999086321,-0.617413601369107,NA,NA,-1.5164880087096,0.230788281310009,-0.783394032206331,0.786407786167103,-2.71364103227392,9,0.111111111111111,-0.437266465435071,"-0.775041816508515",0.00485066056720181,0.570442931703951
100206,NA,-0.469749479586431,-0.350751741160469,0.851858692953996,NA,NA,0.0450498802965776,NA,-0.549981830092359,NA,1.52653845797536,6,0.166666666666667,0.175493996731113,"0.299141818891836",0.00485066056720181,0.570442931703951
100209,-2.2275192084282,1.16088064916113,-0.268144889393781,0.362101261512963,NA,NA,-0.735719064206513,NA,0.500373079420508,NA,-1.01756923617421,7,0.142857142857143,-0.317942486872585,"-0.565864049670285",0.00485066056720181,0.570442931703951
100211,NA,-0.577636161072565,2.08119397485082,0.484540619373221,NA,NA,0.825818824799667,NA,-1.60033673960523,NA,0.254484610900575,6,0.166666666666667,0.244677521541082,"0.420422180107485",0.00485066056720181,0.570442931703951
100212,0.0139909357044201,0.202230422241488,-0.400315852220482,0.60697997723348,NA,NA,-0.735719064206513,-0.453330144070068,-0.199863526921402,0.220709400810067,-2.85498034861557,9,0.111111111111111,-0.400033133338287,"-0.709770901527475",0.00485066056720181,0.570442931703951
100213,0.758434085763063,-0.525234058636443,-1.30899122165405,0.851858692953996,NA,NA,-0.735719064206513,-2.21249180933312,0.383666978363526,1.06925697884562,-2.00694445056571,9,0.111111111111111,-0.414018207607736,"-0.734287068688448",0.00485066056720181,0.570442931703951
100217,2.0018995671797,1.4074787782723,0.323320169255704,0.851858692953996,NA,NA,0.0450498802965776,NA,0.617079180477497,NA,1.66787777431701,7,0.142857142857143,0.987794863250397,"1.72312451965541",0.00485066056720181,0.570442931703951
100220,-0.182345719256101,-0.170749248039146,-0.258232067181779,0.484540619373221,0.617873227542334,-0.416575932555496,-1.5164880087096,NA,-0.900100133263316,0.220709400810067,0.537163243583865,10,0.1,-0.158420461769595,"-0.286218153057126",0.00485066056720181,0.570442931703951
100223,-0.456398966805162,-0.309460695664175,-0.608485118672536,2.07625227155658,NA,NA,-1.5164880087096,-1.33291097670159,0.150254776249555,-0.203564388207709,-2.85498034861557,9,0.111111111111111,-0.561753495063357,"-0.993270534421515",0.00485066056720181,0.570442931703951
100224,NA,-2.48568918507019,-1.17682025882735,NA,NA,NA,-1.5164880087096,NA,0.033548675192569,-0.203564388207709,-1.86560513422407,6,0.166666666666667,-1.20243638330772,"-2.11640284553738",0.00485066056720181,0.570442931703951
100226,1.00385490446371,-0.491326815883658,1.05356473887323,0.974298050814256,NA,NA,0.0450498802965776,-0.0624053295671671,0.500373079420508,-2.46635792963585,1.80921709065865,9,0.111111111111111,0.262918629937807,"0.452399276119943",0.00485066056720181,0.570442931703951
100228,0.0835268343362714,-0.155336864969698,0.557923628273098,-0.739852959229365,NA,NA,0.0450498802965776,0.0353258740585582,-0.549981830092359,NA,-2.85498034861557,8,0.125,-0.447290723242811,"-0.792614578393385",0.00485066056720181,0.570442931703951
100230,NA,0.643024578027692,-1.28586130315938,-0.862292317089623,NA,NA,-0.735719064206513,NA,-0.900100133263316,NA,-0.876229919832567,6,0.166666666666667,-0.669529693253951,"-1.18220476815575",0.00485066056720181,0.570442931703951
100231,-0.497302436588604,0.115921077052581,0.0556739695316354,-1.2296103906704,NA,NA,0.0450498802965776,-0.453330144070068,0.500373079420508,-0.0621397918684502,-0.734890603490924,9,0.111111111111111,-0.25113948448746,"-0.448756800772345",0.00485066056720181,0.570442931703951
100232,-1.76121965289696,-0.0505326600974541,-0.506052622481843,0.239661903652703,NA,NA,0.0450498802965776,NA,0.850491382591465,-1.19353656258252,-1.58292650154078,8,0.125,-0.494883104132352,"-0.876045151803031",0.00485066056720181,0.570442931703951
100236,-1.3480946080842,0.297787197272064,-1.93019474693954,0.362101261512963,NA,NA,-0.735719064206513,-0.941986162198694,-0.316569627978388,0.644983189827844,-2.289623083249,9,0.111111111111111,-0.695257293782607,"-1.22730586258391",0.00485066056720181,0.570442931703951
100238,-0.0964484327108732,-0.895131252303188,-1.88723918402087,-0.0052168120678136,NA,NA,0.0450498802965776,-1.23517977307587,-3.467634356517,-1.19353656258252,-2.43096239959064,9,0.111111111111111,-1.24069987695247,"-2.18347965816515",0.00485066056720181,0.570442931703951
100242,-0.149622943429348,0.815643268405506,0.452186858011738,-1.59692846425118,NA,NA,-0.735719064206513,NA,0.26696087730654,-1.47638575526104,1.24385982529208,8,0.125,-0.147500674766526,"-0.267075507235482",0.00485066056720181,0.570442931703951
100243,-0.832710888812828,0.233055188380383,-0.902565510961945,0.362101261512963,NA,NA,-0.735719064206513,-0.648792551321519,1.20060968576243,0.220709400810067,-2.43096239959064,9,0.111111111111111,-0.392697208714179,"-0.696910851527038",0.00485066056720181,0.570442931703951
100244,NA,-0.229316303703047,-0.615093666813871,-1.59692846425118,NA,NA,0.825818824799667,NA,1.66743408999036,-1.6178103516003,-0.876229919832567,7,0.142857142857143,-0.348875113058704,"-0.620089677628757",0.00485066056720181,0.570442931703951
100246,0.157153079946467,-0.821151813569839,-1.100821955202,NA,NA,NA,0.0450498802965776,-1.52837338395304,-0.0831574258644167,NA,-2.14828376690736,7,0.142857142857143,-0.782797912179087,"-1.38076664460287",0.00485066056720181,0.570442931703951
100248,0.815698943459882,-1.01226536363099,-0.135973926567081,-0.37253488564859,NA,NA,0.825818824799667,0.817175503064359,0.150254776249555,NA,-0.876229919832567,8,0.125,0.0264929939867793,"0.0379395242131065",0.00485066056720181,0.570442931703951
100249,-0.538205906372046,0.578292569136012,-0.00380296374037992,-0.0052168120678136,NA,NA,0.0450498802965776,NA,0.150254776249555,1.21068157518488,-0.734890603490924,8,0.125,0.0877703143994824,"0.145360121449124",0.00485066056720181,0.570442931703951
100252,NA,-2.43328708263407,-0.340838918948467,-0.37253488564859,NA,NA,-0.735719064206513,NA,-0.900100133263316,NA,-1.72426581788243,6,0.166666666666667,-1.08445765043056,"-1.9095833263179",0.00485066056720181,0.570442931703951
100253,-0.206887801126166,0.174488132716482,-0.387098755937812,0.60697997723348,1.1374104101086,1.38579762335224,-0.735719064206513,-1.03971736582442,-1.48363063854824,0.220709400810067,-1.44158718519914,11,0.0909090909090909,-0.160841387874676,"-0.29046209398536",0.00485066056720181,0.570442931703951
100254,0.0957978752713039,-0.756419804678158,-1.11734332555533,-0.25009552778833,NA,NA,-2.29725695321269,-1.03971736582442,0.617079180477497,0.362133997149326,-1.72426581788243,9,0.111111111111111,-0.678898638004804,"-1.19862875069659",0.00485066056720181,0.570442931703951
100256,-0.615922498960586,0.384096542460971,-1.23960146617003,NA,NA,NA,-1.5164880087096,-2.60341662383602,0.967197483648454,0.927832382506361,-2.14828376690736,8,0.125,-0.730573244495976,"-1.28921556248654",0.00485066056720181,0.570442931703951
100258,-0.309146475584771,0.334776916638738,-0.152495296920418,-0.494974243508849,NA,NA,0.825818824799667,-0.746523754947244,-0.666687931149345,-1.90065954427881,-1.44158718519914,9,0.111111111111111,-0.505719854461131,"-0.895042232363586",0.00485066056720181,0.570442931703951
100259,-0.840891582769516,0.0758488810720169,-0.492835526199173,0.239661903652703,NA,NA,0.0450498802965776,NA,-0.666687931149345,-1.05211196624326,-1.3002478688575,8,0.125,-0.499026776274687,"-0.883309107427755",0.00485066056720181,0.570442931703951
100260,-2.07617637022946,-1.35133779115884,-1.10412622927266,NA,0.617873227542334,0.415288785555766,-2.29725695321269,NA,-1.71704284066222,-2.18350873695733,-3.56167693032379,9,0.111111111111111,-1.47310709319099,"-2.5908950249299",0.00485066056720181,0.570442931703951
100264,-0.710000479462502,-0.429677283605867,-0.281361985676451,0.239661903652703,NA,NA,-0.735719064206513,0.133057077684283,-0.900100133263316,-3.3149055076714,-2.00694445056571,9,0.111111111111111,-0.889554435901642,"-1.5679133647904",0.00485066056720181,0.570442931703951
100265,0.251231060448383,0.288539767430395,0.402622746951725,0.851858692953996,0.246775239995002,0.276644665870556,0.0450498802965776,NA,0.967197483648454,NA,-0.452211970807637,9,0.111111111111111,0.319745285198606,"0.552017751698304",0.00485066056720181,0.570442931703951
100266,NA,-1.28968825888105,0.247321865630351,-0.37253488564859,NA,NA,0.0450498802965776,NA,-0.0831574258644167,0.362133997149326,0.254484610900575,7,0.142857142857143,-0.119484316631032,"-0.217962166393818",0.00485066056720181,0.570442931703951
100267,0.603000900585984,0.2577150012915,0.118455176874318,0.362101261512963,NA,NA,0.0450498802965776,NA,1.78414019104735,0.0792848044708086,-0.452211970807637,8,0.125,0.349691905658983,"0.604514888214528",0.00485066056720181,0.570442931703951
100268,NA,0.584457522363791,0.247321865630351,0.60697997723348,NA,NA,0.825818824799667,NA,0.500373079420508,NA,-1.44158718519914,6,0.166666666666667,0.22056068070811,"0.378144785660798",0.00485066056720181,0.570442931703951
100269,NA,-0.509821675566995,-1.61298443615546,-1.84180717997169,NA,NA,-0.735719064206513,NA,-0.0831574258644167,NA,-3.42033761398214,6,0.166666666666667,-1.36730456595787,"-2.40542068323356",0.00485066056720181,0.570442931703951
100275,-1.51170848721796,-0.485161862655879,-0.853001399901932,0.239661903652703,NA,NA,0.0450498802965776,NA,0.383666978363526,0.220709400810067,-2.00694445056571,8,0.125,-0.495966004652326,"-0.877943502119582",0.00485066056720181,0.570442931703951
100276,0.202146896708253,0.137498413349808,-1.02482365157664,-0.127656169928072,NA,NA,0.0450498802965776,NA,-1.25021843643427,NA,-0.310872654465994,7,0.142857142857143,-0.332696531721478,"-0.591728240510236",0.00485066056720181,0.570442931703951
100277,NA,NA,NA,NA,NA,NA,NA,NA,NA,NA,NA,0,NA,NA,"NaN",0.00485066056720181,0.570442931703951
100281,-1.09449309542686,-0.759502281292048,-3.3179898566199,0.851858692953996,0.0983360449760701,0.692577024926186,1.60658776930276,NA,-1.8337489417192,-0.910687369904002,-1.44158718519914,10,0.1,-0.610864919800214,"-1.07936402775337",0.00485066056720181,0.570442931703951
100284,NA,NA,-1.32551259200739,NA,NA,NA,NA,NA,-1.13351233537729,NA,-1.86560513422407,3,0.333333333333333,-1.44154335386958,"-2.5355630406644",0.00485066056720181,0.570442931703951
100285,NA,-0.651615599805914,0.35636290996238,NA,NA,NA,0.825818824799667,NA,0.73378528153448,NA,0.395823927242222,5,0.2,0.332035068746567,"0.573562033983038",0.00485066056720181,0.570442931703951
100286,-0.734542561332567,-0.321790602119733,-0.0500628007297252,0.484540619373221,NA,NA,0.825818824799667,-0.355598940444343,-1.60033673960523,0.220709400810067,-1.58292650154078,9,0.111111111111111,-0.346021033421047,"-0.615086408276061",0.00485066056720181,0.570442931703951
100287,-0.354140292346557,-0.725595038539263,-1.13386469590867,0.729419335093738,NA,NA,0.825818824799667,NA,-3.11751605334604,-3.17348091133214,-1.15890855251585,8,0.125,-1.01353342301189,"-1.78525147210977",0.00485066056720181,0.570442931703951
100288,NA,-0.870471439392071,-0.165712393203088,NA,NA,NA,0.0450498802965776,NA,NA,NA,-0.310872654465994,4,0.25,-0.325501651691144,"-0.579115445030692",0.00485066056720181,0.570442931703951
100289,1.53150966467012,-0.361862798100297,-1.51055193996477,-1.47448910639092,-0.198542345061796,0.969865264296607,-1.5164880087096,0.328519484935734,-0.433275729035377,1.21068157518488,-1.3002478688575,11,0.0909090909090909,-0.250443800639356,"-0.447537250473026",0.00485066056720181,0.570442931703951
100290,0.611181594542672,0.168323179488703,-0.208667956121766,0.484540619373221,NA,NA,0.825818824799667,NA,-0.316569627978388,-0.0621397918684502,1.52653845797536,8,0.125,0.378628162526378,"0.655240833369042",0.00485066056720181,0.570442931703951
100291,NA,0.00495191895255754,-0.39040303000848,0.239661903652703,NA,NA,0.0450498802965776,NA,0.967197483648454,-0.0621397918684502,-1.01756923617421,7,0.142857142857143,-0.0304644102144069,"-0.0619081573613688",0.00485066056720181,0.570442931703951
100292,0.811608596481538,0.381014065847081,-0.119452556213743,-0.862292317089623,NA,NA,0.825818824799667,NA,1.08390358470544,NA,0.537163243583865,7,0.142857142857143,0.379680491730604,"0.657085591443408",0.00485066056720181,0.570442931703951
100296,NA,0.310117103727622,-0.826567207336592,-0.0052168120678136,NA,NA,2.38735671380585,NA,-0.549981830092359,0.503558593488585,-0.876229919832567,7,0.142857142857143,0.134719520241817,"0.227663193733839",0.00485066056720181,0.570442931703951
100299,1.73193666660898,0.498148177174884,0.597574917121109,1.58649484011555,NA,NA,0.0450498802965776,NA,0.383666978363526,-1.33496115892178,-0.0281940217827077,8,0.125,0.434964534872018,"0.753999831359182",0.00485066056720181,0.570442931703951
100302,NA,0.106673647210912,-0.281361985676451,0.729419335093738,NA,NA,0.825818824799667,NA,-1.01680623432031,NA,-3.13765898129885,6,0.166666666666667,-0.462319232365216,"-0.818959911619818",0.00485066056720181,0.570442931703951
100307,1.02839698633378,0.501230653788773,-0.281361985676451,-1.10717103281014,NA,NA,-1.5164880087096,NA,-0.549981830092359,0.786407786167103,0.678502559925508,8,0.125,-0.0575581088841737,"-0.109404054258252",0.00485066056720181,0.570442931703951
100313,NA,0.0696839278442378,-0.866218496184602,-1.10717103281014,NA,NA,NA,NA,NA,NA,-0.593551287149281,4,0.25,-0.624314222074947,"-1.10294097388987",0.00485066056720181,0.570442931703951
100314,NA,-1.35750274438662,0.858612568703842,0.362101261512963,NA,NA,0.825818824799667,NA,0.150254776249555,NA,-0.0281940217827077,6,0.166666666666667,0.135181777516117,"0.228473541708383",0.00485066056720181,0.570442931703951
100315,NA,1.38898391858896,0.828874102067835,0.729419335093738,NA,NA,-1.5164880087096,NA,2.01755239316132,0.362133997149326,0.678502559925508,7,0.142857142857143,0.641282613896727,"1.11568032130482",0.00485066056720181,0.570442931703951
100316,1.29426953992615,-0.14300695851414,0.138280821298323,-0.25009552778833,NA,NA,0.825818824799667,NA,1.90084629210434,1.06925697884562,-0.452211970807637,8,0.125,0.547894749982999,"0.951969179096827",0.00485066056720181,0.570442931703951
100319,0.729801656914654,0.467323411035988,0.818961279855832,-0.984731674949884,NA,NA,0.825818824799667,NA,-0.0831574258644167,-1.33496115892178,-0.310872654465994,8,0.125,0.0160227823005088,"0.0195849945934733",0.00485066056720181,0.570442931703951
100320,NA,-0.663945506261472,-1.81124088039551,-0.37253488564859,NA,NA,NA,NA,0.73378528153448,NA,-1.44158718519914,5,0.2,-0.711104635194047,"-1.25508662824981",0.00485066056720181,0.570442931703951
100321,0.607091247564328,-0.395770040853082,0.230800495277014,-3.43351883215506,NA,NA,0.0450498802965776,NA,-1.01680623432031,0.0792848044708086,0.961181192608791,8,0.125,-0.365335935888866,"-0.648945890784019",0.00485066056720181,0.570442931703951
100329,NA,-1.58868849042833,0.551315080131763,0.362101261512963,NA,NA,-0.735719064206513,NA,-0.900100133263316,0.0792848044708086,-1.3002478688575,7,0.142857142857143,-0.504579201520018,"-0.893042640681898",0.00485066056720181,0.570442931703951
100330,NA,NA,1.34764513116264,NA,NA,NA,0.0450498802965776,NA,NA,NA,-0.452211970807637,3,0.333333333333333,0.313494346883859,"0.541059708452724",0.00485066056720181,0.570442931703951
100350,NA,0.0542715447747901,-0.0566713488710602,NA,NA,NA,-0.735719064206513,NA,NA,NA,0.395823927242222,4,0.25,-0.0855737352651403,"-0.15851611231686",0.00485066056720181,0.570442931703951
100359,0.508922920084067,0.868045370841628,1.01391345002522,-0.862292317089623,0.320994837504468,0.415288785555766,0.0450498802965776,NA,0.617079180477497,0.362133997149326,-0.593551287149281,10,0.1,0.269558481769564,"0.464039093992563",0.00485066056720181,0.570442931703951
100360,NA,0.630694671572134,0.908176679763855,NA,NA,NA,0.0450498802965776,NA,NA,NA,-2.00694445056571,4,0.25,-0.105755804733286,"-0.193895759160515",0.00485066056720181,0.570442931703951
100361,NA,-0.580718637686455,0.653747576322456,0.362101261512963,NA,NA,0.825818824799667,NA,NA,NA,-0.310872654465994,5,0.2,0.190015274096528,"0.324597962808001",0.00485066056720181,0.570442931703951
100362,NA,NA,0.990783531530543,NA,NA,NA,0.825818824799667,NA,NA,NA,-1.86560513422407,3,0.333333333333333,-0.0163342592979531,"-0.0371376673944826",0.00485066056720181,0.570442931703951
100363,NA,-1.91234853488673,0.802439909502495,-0.494974243508849,NA,NA,-1.5164880087096,NA,NA,NA,0.537163243583865,5,0.2,-0.516841526803765,"-0.914538787977683",0.00485066056720181,0.570442931703951
100364,NA,NA,NA,NA,NA,NA,NA,NA,NA,NA,NA,0,NA,NA,"NaN",0.00485066056720181,0.570442931703951
101300,NA,NA,NA,NA,NA,NA,NA,NA,NA,NA,NA,0,NA,NA,"NaN",0.00485066056720181,0.570442931703951
101303,NA,NA,NA,NA,NA,NA,NA,NA,NA,NA,NA,0,NA,NA,"NaN",0.00485066056720181,0.570442931703951
101304,NA,NA,1.3509494052333,NA,NA,NA,NA,NA,NA,NA,0.537163243583865,2,0.5,0.944056324408584,"1.64644982283489",0.00485066056720181,0.570442931703951
101307,NA,NA,NA,-0.25009552778833,NA,NA,0.0450498802965776,NA,0.033548675192569,NA,-0.452211970807637,4,0.25,-0.155927235776705,"-0.281847468709364",0.00485066056720181,0.570442931703951
101308,NA,-0.0998522859196868,-0.380490207796477,-0.127656169928072,NA,NA,NA,NA,0.033548675192569,NA,0.961181192608791,5,0.2,0.0773462408314249,"0.127086473045908",0.00485066056720181,0.570442931703951
101309,NA,NA,NA,-0.127656169928072,NA,NA,NA,NA,NA,NA,0.254484610900575,2,0.5,0.0634142204862515,"0.102663310673544",0.00485066056720181,0.570442931703951
101311,NA,NA,NA,NA,NA,NA,NA,NA,NA,NA,0.395823927242222,1,1,0.395823927242222,"0.685385417095374",0.00485066056720181,0.570442931703951
101312,NA,NA,NA,-0.617413601369107,0.246775239995002,-1.94166124909281,0.0450498802965776,NA,NA,NA,-0.0281940217827077,5,0.2,-0.459088750390608,"-0.813296800035707",0.00485066056720181,0.570442931703951
101313,NA,NA,1.17912715355859,-0.739852959229365,-0.569640332609128,0.831221144611397,0.0450498802965776,NA,-0.549981830092359,NA,-1.01756923617421,7,0.142857142857143,-0.117378025662642,"-0.214269788328762",0.00485066056720181,0.570442931703951
101314,NA,NA,NA,0.484540619373221,NA,NA,0.0450498802965776,NA,NA,NA,NA,2,0.5,0.264795249834899,"0.455689035345264",0.00485066056720181,0.570442931703951
101315,NA,NA,NA,NA,NA,NA,NA,NA,NA,NA,0.395823927242222,1,1,0.395823927242222,"0.685385417095374",0.00485066056720181,0.570442931703951
110001,0.500742226127379,0.168323179488703,-0.195450859839096,-1.10717103281014,-0.718079527628061,0.276644665870556,0.825818824799667,-1.23517977307587,-0.783394032206331,NA,-0.452211970807637,10,0.1,-0.271995830008083,"-0.485318469541425",0.00485066056720181,0.570442931703951
110002,NA,-2.07263731880899,-0.0434542525883902,0.362101261512963,NA,NA,0.825818824799667,NA,-0.549981830092359,NA,-2.00694445056571,6,0.166666666666667,-0.580849627623803,"-1.02674650808886",0.00485066056720181,0.570442931703951
110003,-1.02904754377335,-0.0721099963946809,0.0688910658143055,-0.37253488564859,0.320994837504468,0.553932905240976,0.0450498802965776,NA,-1.8337489417192,NA,-2.43096239959064,9,0.111111111111111,-0.527726119807793,"-0.9336197378836",0.00485066056720181,0.570442931703951
110005,1.0120355984204,0.159075749647034,0.690094591099799,-0.127656169928072,0.617873227542334,0.969865264296607,0.825818824799667,NA,1.31731578681941,-0.0621397918684502,0.961181192608791,10,0.1,0.636346427343752,"1.10702706910616",0.00485066056720181,0.570442931703951
110006,0.586639512672607,-0.978358120878205,-0.211972230192434,-0.739852959229365,NA,NA,0.825818824799667,NA,-0.783394032206331,-3.3149055076714,0.113145294558936,8,0.125,-0.562859902268316,"-0.995210092514827",0.00485066056720181,0.570442931703951
110007,-0.202797454147822,-0.0628625665530123,0.485229598718413,1.21917676653477,0.840532020070734,-0.416575932555496,0.825818824799667,-0.453330144070068,-1.60033673960523,-0.769262773564744,-1.44158718519914,11,0.0909090909090909,-0.143272325961084,"-0.259663111410344",0.00485066056720181,0.570442931703951
110008,0.962951434680273,0.92044747327775,-0.0930183636484029,-2.57644332713324,1.28584960512753,-0.555220052240705,0.825818824799667,NA,-0.549981830092359,0.786407786167103,0.254484610900575,10,0.1,0.126129616183819,"0.212604888019821",0.00485066056720181,0.570442931703951
110010,-1.33582356714916,0.00803439556644707,-0.41683722257382,0.484540619373221,0.320994837504468,0.415288785555766,0.825818824799667,-0.648792551321519,0.967197483648454,0.644983189827844,0.819841876267148,11,0.0909090909090909,0.189567879227138,"0.323813668982055",0.00485066056720181,0.570442931703951
110011,-0.750903949245944,-1.94009082441174,-1.24621001431137,-2.33156461141273,0.9147516175802,0.138000546185346,-1.5164880087096,NA,1.20060968576243,NA,-0.876229919832567,9,0.111111111111111,-0.712013942043997,"-1.25668066474218",0.00485066056720181,0.570442931703951
110015,-2.08435706418615,-3.43817445876206,-0.806741562912587,-0.0052168120678136,-0.866518722646993,-0.416575932555496,-0.735719064206513,NA,-1.13351233537729,NA,-1.3002478688575,9,0.111111111111111,-1.19856264684138,"-2.10961209356018",0.00485066056720181,0.570442931703951
110016,0.292134530231825,-0.0690275197807914,0.078803888026308,-2.82132204285376,0.172555642485536,-0.277931812870285,0.0450498802965776,NA,0.73378528153448,NA,0.254484610900575,9,0.111111111111111,-0.176829726892171,"-0.318490031801571",0.00485066056720181,0.570442931703951
110018,NA,-0.102934762533576,-0.109539734001741,0.851858692953996,-0.346981540080729,-1.10979653098155,0.825818824799667,NA,0.967197483648454,-0.0621397918684502,0.254484610900575,9,0.111111111111111,0.129774139204072,"0.218993823385129",0.00485066056720181,0.570442931703951
110023,NA,0.99134443539721,0.792527087290492,-0.984731674949884,-0.94073832015646,-0.277931812870285,0.0450498802965776,NA,0.73378528153448,NA,1.10252050895044,8,0.125,0.182728173186571,"0.311823501937411",0.00485066056720181,0.570442931703951
110024,NA,-0.269388499683611,-0.347447467089802,-0.862292317089623,1.43428880014646,-0.416575932555496,-0.735719064206513,NA,-0.0831574258644167,NA,0.395823927242222,8,0.125,-0.110558497387597,"-0.202314993386041",0.00485066056720181,0.570442931703951
110025,0.922047964896831,0.473488364263767,-1.07438776263666,-0.984731674949884,-0.198542345061796,1.66308586272266,0.825818824799667,NA,-0.783394032206331,0.220709400810067,0.395823927242222,10,0.1,0.145991852988055,"0.247423860611709",0.00485066056720181,0.570442931703951
110027,NA,-2.05105998251176,0.865221116845178,0.851858692953996,NA,NA,NA,NA,0.967197483648454,NA,0.395823927242222,5,0.2,0.205808247635617,"0.352283420303135",0.00485066056720181,0.570442931703951
110028,0.226688978578318,-0.790327047430943,-0.155799570991086,0.117222545792445,NA,NA,1.60658776930276,-1.03971736582442,0.617079180477497,-0.203564388207709,-0.0281940217827077,9,0.111111111111111,0.0388862311015723,"0.0596651630561957",0.00485066056720181,0.570442931703951
110029,0.361670428863677,-0.0443677068696751,-0.162408119132421,0.362101261512963,0.320994837504468,0.831221144611397,-0.735719064206513,-1.03971736582442,1.20060968576243,-0.344988984546967,0.395823927242222,11,0.0909090909090909,0.104110913174287,"0.174005578981561",0.00485066056720181,0.570442931703951
110030,-0.00237045220895672,-0.509821675566995,-0.112844008072408,-0.127656169928072,NA,NA,0.825818824799667,NA,1.20060968576243,NA,-0.876229919832567,7,0.142857142857143,0.0567866121361562,"0.0910449559149034",0.00485066056720181,0.570442931703951
110031,-0.79589776600773,0.821808221633285,-0.0930183636484029,-1.10717103281014,NA,NA,-0.735719064206513,NA,0.850491382591465,NA,-0.593551287149281,7,0.142857142857143,-0.236151129942474,"-0.422481859473283",0.00485066056720181,0.570442931703951
110032,NA,1.82361312114738,-2.34322900577298,0.117222545792445,NA,NA,0.0450498802965776,NA,-0.199863526921402,NA,-0.452211970807637,6,0.166666666666667,-0.168236492710936,"-0.303425888302472",0.00485066056720181,0.570442931703951
110034,1.03657768029047,-0.469749479586431,-0.777003096276579,0.851858692953996,0.172555642485536,-1.10979653098155,0.825818824799667,0.0353258740585582,-1.48363063854824,NA,-1.01756923617421,10,0.1,-0.193561226697879,"-0.347820748120081",0.00485066056720181,0.570442931703951
110035,0.656175411304458,0.328611963410959,-0.188842311697761,1.09673740867451,0.9147516175802,0.415288785555766,0.825818824799667,-0.844254958572969,-0.199863526921402,0.0792848044708086,1.24385982529208,11,0.0909090909090909,0.393415258536029,"0.681162963678347",0.00485066056720181,0.570442931703951
110036,-2.43612690432375,0.38717901907486,-0.387098755937812,0.484540619373221,NA,NA,-1.5164880087096,-1.33291097670159,-0.666687931149345,-1.19353656258252,-1.01756923617421,9,0.111111111111111,-0.853188748570084,"-1.50416345167827",0.00485066056720181,0.570442931703951
110038,1.12656531381404,-0.568388731230897,0.0259355028956277,0.117222545792445,0.988971215089666,0.276644665870556,1.60658776930276,NA,-0.316569627978388,-0.769262773564744,1.10252050895044,10,0.1,0.35902263889415,"0.620871885061339",0.00485066056720181,0.570442931703951
110041,NA,1.23486008789448,-0.129365378425746,0.117222545792445,NA,NA,0.0450498802965776,NA,0.26696087730654,NA,-0.593551287149281,6,0.166666666666667,0.15686278761917,"0.266480867065699",0.00485066056720181,0.570442931703951
110042,0.635723676412737,-0.0351202770280064,-0.370577385584474,0.117222545792445,NA,NA,0.825818824799667,NA,-0.549981830092359,NA,-1.01756923617421,7,0.142857142857143,-0.0563548116963145,"-0.107294645725018",0.00485066056720181,0.570442931703951
110043,0.308495918145202,0.331694440024849,-0.397011578149815,-0.862292317089623,NA,NA,1.60658776930276,1.20810031756726,1.20060968576243,-0.486413580886226,0.395823927242222,9,0.111111111111111,0.367288286879895,"0.635361762183761",0.00485066056720181,0.570442931703951
110044,NA,-1.8630289090645,-0.0203243340937175,-0.984731674949884,0.988971215089666,0.276644665870556,0.0450498802965776,NA,-0.900100133263316,NA,-0.734890603490924,8,0.125,-0.399051236700693,"-0.708049613414287",0.00485066056720181,0.570442931703951
110045,NA,-0.2139039206336,1.55911867168536,NA,NA,NA,0.825818824799667,NA,-0.666687931149345,NA,0.113145294558936,5,0.2,0.323498187852203,"0.558596679133494",0.00485066056720181,0.570442931703951
110046,NA,0.0974262173692437,0.366275732174382,1.21917676653477,NA,NA,-1.5164880087096,NA,0.150254776249555,NA,-0.734890603490924,6,0.166666666666667,-0.069707519978762,"-0.130702260300173",0.00485066056720181,0.570442931703951
110050,NA,1.27184980726116,1.43355625699999,0.239661903652703,NA,NA,NA,NA,NA,NA,0.537163243583865,4,0.25,0.870557802874429,"1.51760516993576",0.00485066056720181,0.570442931703951
110051,NA,-1.02767774670044,-1.4874220214701,-1.84180717997169,NA,NA,0.825818824799667,NA,0.033548675192569,0.220709400810067,0.395823927242222,7,0.142857142857143,-0.4115723028711,"-0.729999339626173",0.00485066056720181,0.570442931703951
110054,-0.861343317661237,-0.380357657783635,-0.0864098155070679,-0.127656169928072,0.988971215089666,0.831221144611397,-0.735719064206513,NA,-2.76739775017508,-0.203564388207709,-0.310872654465994,10,0.1,-0.365312845823425,"-0.648905413351207",0.00485066056720181,0.570442931703951
110064,1.81374360617587,-0.685522842558699,-0.932303977597953,-0.37253488564859,-3.01888705042152,0.138000546185346,-0.735719064206513,NA,0.150254776249555,NA,0.254484610900575,9,0.111111111111111,-0.37649825343577,"-0.668513698406005",0.00485066056720181,0.570442931703951
110069,-0.276423699758018,0.137498413349808,-0.981868088657965,-1.84180717997169,0.840532020070734,0.138000546185346,-0.735719064206513,NA,-0.316569627978388,-0.203564388207709,-0.452211970807637,10,0.1,-0.369213303998204,"-0.655743009117585",0.00485066056720181,0.570442931703951
110071,NA,NA,-1.98636740614089,NA,NA,NA,NA,NA,NA,NA,-0.452211970807637,2,0.5,-1.21928968847426,"-2.14594708954475",0.00485066056720181,0.570442931703951
110073,NA,NA,1.23199553868927,-0.494974243508849,NA,NA,NA,NA,-0.0831574258644167,NA,-0.876229919832567,4,0.25,-0.05559151262914,"-0.105956564341672",0.00485066056720181,0.570442931703951
110074,0.39439320469043,0.818725745019395,0.911480953834523,0.60697997723348,0.172555642485536,0.415288785555766,0.0450498802965776,0.0353258740585582,-0.666687931149345,NA,-0.734890603490924,10,0.1,0.1998221528534,"0.341789654056726",0.00485066056720181,0.570442931703951
110075,-0.501392783566948,0.908117566822192,-0.605180844601868,2.44357034513736,NA,NA,0.0450498802965776,NA,-0.316569627978388,0.220709400810067,-0.876229919832567,8,0.125,0.164759252135803,"0.280323556803384",0.00485066056720181,0.570442931703951
110076,-2.53020488482567,-0.793409524044833,0.0325440510369628,0.851858692953996,0.543653630032868,0.138000546185346,0.825818824799667,NA,-1.01680623432031,-1.05211196624326,0.395823927242222,10,0.1,-0.2604832937183,"-0.465136720149958",0.00485066056720181,0.570442931703951
110078,1.17973982453252,-1.09549223220601,0.283668880407694,0.117222545792445,-0.198542345061796,0.415288785555766,0.825818824799667,0.328519484935734,-0.549981830092359,NA,-0.452211970807637,10,0.1,0.0854029967856022,"0.141210157478479",0.00485066056720181,0.570442931703951
110079,NA,-1.29893568872272,-0.261536341252446,0.239661903652703,0.766312422561267,0.276644665870556,-0.735719064206513,NA,-0.433275729035377,NA,-0.734890603490924,8,0.125,-0.272717304327932,"-0.486583231149906",0.00485066056720181,0.570442931703951
110082,-0.210978148104511,-0.488244339269769,-0.261536341252446,0.60697997723348,NA,NA,1.60658776930276,-0.648792551321519,-0.433275729035377,NA,-0.452211970807637,8,0.125,-0.0351839166568777,"-0.07018156418293",0.00485066056720181,0.570442931703951
110083,0.0017198947693875,0.0141993487942261,0.554619354202431,1.58649484011555,-1.46027550272272,1.80172998240787,-1.5164880087096,-0.746523754947244,0.150254776249555,-0.0621397918684502,0.254484610900575,11,0.0909090909090909,0.0525523408355974,"0.0836221778152418",0.00485066056720181,0.570442931703951
110086,NA,NA,-0.211972230192434,0.239661903652703,NA,NA,NA,NA,NA,NA,-0.310872654465994,3,0.333333333333333,-0.0943943270019083,"-0.173978819007642",0.00485066056720181,0.570442931703951
110087,1.00794525144206,-1.067749942681,-0.53579108911785,-0.617413601369107,1.06319081259913,-0.416575932555496,0.0450498802965776,1.20810031756726,-0.900100133263316,0.786407786167103,0.678502559925508,11,0.0909090909090909,0.113778719000988,"0.190953472082494",0.00485066056720181,0.570442931703951
110089,NA,0.276209860974837,-0.819958659195257,0.60697997723348,0.0983360449760701,0.276644665870556,0.825818824799667,NA,-0.783394032206331,NA,-0.734890603490924,8,0.125,-0.0317817401297378,"-0.064217467972679",0.00485066056720181,0.570442931703951
110091,0.827969984394915,0.159075749647034,-0.631615037167209,-0.25009552778833,0.0983360449760701,0.831221144611397,-0.735719064206513,NA,-0.0831574258644167,NA,-1.01756923617421,9,0.111111111111111,-0.0890614852856958,"-0.164630220892344",0.00485066056720181,0.570442931703951
110092,NA,NA,0.0490654213903004,0.484540619373221,NA,NA,NA,NA,NA,NA,0.537163243583865,3,0.333333333333333,0.356923094782462,"0.617191334396233",0.00485066056720181,0.570442931703951
110095,1.06930045611722,-0.395770040853082,-0.525878266905848,-1.59692846425118,0.246775239995002,1.10850938398182,1.60658776930276,NA,-0.0831574258644167,NA,-1.01756923617421,9,0.111111111111111,0.0457632683720072,"0.0717207726329376",0.00485066056720181,0.570442931703951
110100,NA,NA,-0.697700518580559,NA,NA,NA,NA,NA,NA,NA,-0.310872654465994,2,0.5,-0.504286586523277,"-0.892529679646747",0.00485066056720181,0.570442931703951
110101,NA,NA,NA,1.21917676653477,NA,NA,0.825818824799667,NA,NA,NA,-0.0281940217827077,3,0.333333333333333,0.672267189850577,"1.16999701843927",0.00485066056720181,0.570442931703951
110104,NA,0.408756355372087,-0.862914222113935,-1.2296103906704,NA,NA,0.825818824799667,NA,-0.433275729035377,NA,-0.734890603490924,6,0.166666666666667,-0.33768596085648,"-0.600474828219017",0.00485066056720181,0.570442931703951
110105,NA,-0.768749711133716,-1.8740220877382,-0.37253488564859,1.06319081259913,-0.416575932555496,0.825818824799667,NA,-1.48363063854824,0.220709400810067,-1.86560513422407,9,0.111111111111111,-0.519044372404383,"-0.918400428604971",0.00485066056720181,0.570442931703951
110107,-0.44412792587013,0.0635189746164588,-1.67576564349814,1.46405548225529,-0.0501031500428634,-1.38708477035197,-0.735719064206513,-0.648792551321519,-0.316569627978388,0.362133997149326,-0.0281940217827077,11,0.0909090909090909,-0.308786209184651,"-0.54981287753886",0.00485066056720181,0.570442931703951
110109,NA,1.13313835963613,1.77720076034941,-0.494974243508849,NA,NA,NA,NA,0.73378528153448,NA,0.395823927242222,5,0.2,0.708994817050679,"1.2343814207324",0.00485066056720181,0.570442931703951
110111,NA,-1.14789433464213,-3.41711807873993,0.60697997723348,NA,NA,0.0450498802965776,NA,NA,NA,0.254484610900575,5,0.2,-0.731699588990285,"-1.29119007112133",0.00485066056720181,0.570442931703951
110113,NA,NA,NA,0.239661903652703,NA,NA,1.60658776930276,NA,NA,NA,0.395823927242222,3,0.333333333333333,0.747357866732561,"1.30163275745646",0.00485066056720181,0.570442931703951
110121,NA,NA,0.445578309870403,0.851858692953996,NA,NA,NA,NA,NA,NA,0.819841876267148,3,0.333333333333333,0.705759626363849,"1.22871005466399",0.00485066056720181,0.570442931703951
110122,0.492561532170691,-0.512904152180885,-0.806741562912587,-0.127656169928072,0.172555642485536,1.52444174303745,0.825818824799667,1.40356272481871,-0.900100133263316,NA,-2.43096239959064,10,0.1,-0.035942395056345,"-0.0715111948213562",0.00485066056720181,0.570442931703951
110124,NA,-0.0135429407307797,-1.06447494042465,-0.0052168120678136,0.0983360449760701,0.831221144611397,1.60658776930276,NA,-0.666687931149345,NA,-0.593551287149281,8,0.125,0.0240838809210439,"0.0337162918232526",0.00485066056720181,0.570442931703951
110125,2.08370650674658,-1.04617260638377,-1.11734332555533,-0.739852959229365,NA,NA,0.0450498802965776,NA,-0.666687931149345,NA,-0.452211970807637,7,0.142857142857143,-0.270501772297471,"-0.482699350909962",0.00485066056720181,0.570442931703951
110128,1.4374316841682,0.297787197272064,0.181236384217001,-0.0052168120678136,NA,NA,0.0450498802965776,NA,-0.900100133263316,NA,-0.310872654465994,7,0.142857142857143,0.10647364945096,"0.178147511759333",0.00485066056720181,0.570442931703951
110129,0.480290491235658,0.442663598124872,-0.192146585768428,0.729419335093738,0.543653630032868,-0.000643573499865181,0.825818824799667,0.0353258740585582,0.617079180477497,NA,0.537163243583865,10,0.1,0.401862401813843,"0.695971006355957",0.00485066056720181,0.570442931703951
110132,NA,-1.68116278884502,-0.591963748319198,-0.617413601369107,NA,NA,NA,NA,NA,NA,-0.593551287149281,4,0.25,-0.871022856420651,"-1.53542706607226",0.00485066056720181,0.570442931703951
110142,NA,NA,-1.11734332555533,0.117222545792445,NA,NA,NA,NA,NA,NA,0.395823927242222,3,0.333333333333333,-0.201432284173556,"-0.361618898711878",0.00485066056720181,0.570442931703951
110143,0.373941469798709,0.0666014512303483,-0.106235459931073,1.09673740867451,-2.20247147781739,1.38579762335224,0.0450498802965776,NA,0.033548675192569,NA,0.678502559925508,9,0.111111111111111,0.152385792302445,"0.258632588004107",0.00485066056720181,0.570442931703951
110146,NA,-0.442007190061425,1.473207545848,0.117222545792445,-0.0501031500428634,-0.555220052240705,0.825818824799667,NA,NA,NA,-0.169533338124351,7,0.142857142857143,0.171340740852967,"0.291861062750744",0.00485066056720181,0.570442931703951
110150,NA,1.07457130397223,-0.175625215415091,-0.37253488564859,NA,NA,0.0450498802965776,NA,0.383666978363526,NA,0.254484610900575,6,0.166666666666667,0.201602112078204,"0.344909964829072",0.00485066056720181,0.570442931703951
110161,-1.63032854958995,-0.398852517466972,-0.582050926107196,0.851858692953996,-1.31183630770379,1.66308586272266,1.60658776930276,NA,-1.71704284066222,0.0792848044708086,-0.169533338124351,10,0.1,-0.160882735020425,"-0.290534576513325",0.00485066056720181,0.570442931703951
110164,1.17973982453252,-1.64417306947834,-0.575442377965861,0.117222545792445,NA,NA,0.0450498802965776,-0.355598940444343,-0.0831574258644167,NA,-0.310872654465994,8,0.125,-0.203404027199678,"-0.365075411040346",0.00485066056720181,0.570442931703951
110165,NA,-1.32976045486161,-2.63730939806239,-0.617413601369107,NA,NA,-0.735719064206513,NA,NA,NA,-0.734890603490924,5,0.2,-1.21101862439811,"-2.13144771788727",0.00485066056720181,0.570442931703951
110168,0.234869672535007,-0.204656490791931,-0.307796178241792,-0.739852959229365,NA,NA,0.0450498802965776,-0.355598940444343,1.08390358470544,0.362133997149326,0.537163243583865,9,0.111111111111111,0.0728017566180872,"0.119119884346557",0.00485066056720181,0.570442931703951
110177,1.76874978941408,0.11900355366647,-0.0269328822350526,2.44357034513736,NA,NA,0.0450498802965776,NA,-0.433275729035377,-0.203564388207709,0.113145294558936,8,0.125,0.47821823294941,"0.829824590810913",0.00485066056720181,0.570442931703951
110184,NA,0.621447241730465,0.128367999086321,0.851858692953996,NA,NA,-0.735719064206513,NA,0.617079180477497,NA,0.961181192608791,6,0.166666666666667,0.407369207108426,"0.705624566753549",0.00485066056720181,0.570442931703951
110190,NA,NA,NA,NA,NA,NA,NA,NA,NA,NA,NA,0,NA,NA,"NaN",0.00485066056720181,0.570442931703951
110191,0.165333773903155,0.45191102796654,-1.26603565873537,0.974298050814256,NA,NA,0.825818824799667,NA,-0.316569627978388,1.06925697884562,0.395823927242222,8,0.125,0.287479662107213,"0.49545534852326",0.00485066056720181,0.570442931703951
110192,0.705259575044589,-0.0227903705724483,-1.100821955202,0.60697997723348,NA,NA,0.0450498802965776,NA,0.033548675192569,-0.769262773564744,0.113145294558936,8,0.125,-0.0486114621266297,"-0.0937203701238556",0.00485066056720181,0.570442931703951
110194,NA,NA,1.19234424984126,-0.127656169928072,NA,NA,NA,NA,NA,NA,0.254484610900575,3,0.333333333333333,0.439724230271255,"0.762343690375928",0.00485066056720181,0.570442931703951
110198,-0.341869251411525,-0.377275181169745,0.921393776046525,1.46405548225529,NA,NA,-1.5164880087096,NA,-0.433275729035377,NA,0.678502559925508,7,0.142857142857143,0.0564348068430107,"0.0904282328851435",0.00485066056720181,0.570442931703951
110200,NA,1.1701280790028,0.716528783665139,1.21917676653477,NA,NA,-0.735719064206513,NA,0.383666978363526,0.0792848044708086,0.395823927242222,7,0.142857142857143,0.461270039296108,"0.800114005033863",0.00485066056720181,0.570442931703951
110201,NA,-0.253976116614164,0.802439909502495,-0.25009552778833,NA,NA,-1.5164880087096,NA,NA,NA,-0.0281940217827077,5,0.2,-0.249262753078462,"-0.445466846064005",0.00485066056720181,0.570442931703951
110209,NA,NA,NA,NA,NA,NA,NA,NA,NA,NA,2.37457435602522,1,1,2.37457435602522,"4.15418188876405",0.00485066056720181,0.570442931703951
110215,0.872963801156701,0.0203643020220052,-0.876131318396605,0.117222545792445,-0.198542345061796,0.276644665870556,2.38735671380585,NA,-0.199863526921402,-0.203564388207709,-0.452211970807637,10,0.1,0.17442384792524,"0.297265822632796",0.00485066056720181,0.570442931703951
110225,NA,-0.457419573130873,0.855308294633175,1.21917676653477,NA,NA,0.825818824799667,NA,-0.783394032206331,NA,0.678502559925508,6,0.166666666666667,0.389665473425987,"0.674589501371009",0.00485066056720181,0.570442931703951
110226,NA,-3.94061814682605,-2.38618456869166,-0.127656169928072,NA,NA,0.0450498802965776,NA,NA,NA,-0.876229919832567,5,0.2,-1.45712778499635,"-2.56288291836053",0.00485066056720181,0.570442931703951
110229,1.38834752042807,0.0635189746164588,0.210974850853009,1.09673740867451,-0.346981540080729,0.415288785555766,0.825818824799667,NA,-0.0831574258644167,-0.627838177225485,0.819841876267148,10,0.1,0.3762551098024,"0.651080815614261",0.00485066056720181,0.570442931703951
110230,1.51514827675674,-0.204656490791931,0.723137331806474,0.484540619373221,NA,NA,0.0450498802965776,NA,-0.900100133263316,0.220709400810067,0.678502559925508,8,0.125,0.320291430614168,"0.552975157575752",0.00485066056720181,0.570442931703951
110233,NA,NA,NA,-0.25009552778833,2.17648477524113,0.553932905240976,0.825818824799667,NA,NA,NA,-1.01756923617421,5,0.2,0.457714348263846,"0.793880794252128",0.00485066056720181,0.570442931703951
110234,NA,NA,NA,NA,NA,NA,NA,NA,NA,NA,NA,0,NA,NA,"NaN",0.00485066056720181,0.570442931703951
110236,NA,-1.20029643707825,0.898263857551853,-0.494974243508849,NA,NA,NA,NA,NA,NA,0.254484610900575,4,0.25,-0.135630553033668,"-0.246266902074224",0.00485066056720181,0.570442931703951
110237,NA,-0.710182655469815,0.828874102067835,NA,NA,NA,0.0450498802965776,NA,0.26696087730654,NA,0.395823927242222,5,0.2,0.165305226288672,"0.281280662453265",0.00485066056720181,0.570442931703951
110252,NA,0.242302618222052,-0.641527859379211,0.362101261512963,NA,NA,-0.735719064206513,NA,-1.95045504277619,NA,0.537163243583865,6,0.166666666666667,-0.364355807173838,"-0.647227701881056",0.00485066056720181,0.570442931703951
111302,NA,NA,NA,NA,NA,NA,NA,NA,NA,NA,0.113145294558936,1,1,0.113145294558936,"0.189843063999847",0.00485066056720181,0.570442931703951
111303,NA,NA,NA,NA,NA,NA,NA,NA,NA,NA,NA,0,NA,NA,"NaN",0.00485066056720181,0.570442931703951
111304,NA,NA,NA,-0.25009552778833,NA,NA,NA,NA,NA,NA,-0.310872654465994,2,0.5,-0.280484091127162,"-0.500198592770797",0.00485066056720181,0.570442931703951
111305,NA,NA,NA,NA,NA,NA,NA,NA,NA,NA,-0.169533338124351,1,1,-0.169533338124351,"-0.305699289095679",0.00485066056720181,0.570442931703951
111306,NA,NA,1.72102810114806,-0.37253488564859,0.469434032523402,-1.52572889003718,0.0450498802965776,NA,NA,NA,0.113145294558936,6,0.166666666666667,0.0750655888068688,"0.123088435910548",0.00485066056720181,0.570442931703951
111308,NA,NA,NA,NA,NA,NA,NA,NA,NA,NA,NA,0,NA,NA,"NaN",0.00485066056720181,0.570442931703951
111310,NA,-0.176914201266925,0.227496221206346,NA,NA,NA,NA,NA,-1.25021843643427,NA,-1.15890855251585,4,0.25,-0.589636242252676,"-1.04214965210298",0.00485066056720181,0.570442931703951
111311,NA,NA,NA,NA,NA,NA,NA,NA,NA,NA,NA,0,NA,NA,"NaN",0.00485066056720181,0.570442931703951
111312,NA,NA,NA,-0.617413601369107,NA,NA,NA,NA,NA,NA,NA,1,1,-0.617413601369107,"-1.09084402199106",0.00485066056720181,0.570442931703951
111313,NA,NA,-0.89595696282061,-0.127656169928072,NA,NA,0.0450498802965776,NA,NA,NA,-0.593551287149281,4,0.25,-0.393028634900346,"-0.697491849498523",0.00485066056720181,0.570442931703951
111314,NA,NA,NA,NA,NA,NA,NA,NA,NA,NA,NA,0,NA,NA,"NaN",0.00485066056720181,0.570442931703951
111316,NA,NA,NA,NA,NA,NA,NA,NA,NA,NA,NA,0,NA,NA,"NaN",0.00485066056720181,0.570442931703951
111318,NA,NA,NA,NA,NA,NA,NA,NA,NA,NA,-0.310872654465994,1,1,-0.310872654465994,"-0.553470465643442",0.00485066056720181,0.570442931703951
111319,NA,NA,NA,NA,NA,NA,NA,NA,NA,NA,NA,0,NA,NA,"NaN",0.00485066056720181,0.570442931703951
111320,NA,NA,NA,-0.37253488564859,NA,NA,0.825818824799667,NA,NA,NA,NA,2,0.5,0.226641969575538,"0.388805429398225",0.00485066056720181,0.570442931703951
111323,NA,NA,NA,NA,NA,NA,0.825818824799667,NA,NA,0.362133997149326,-0.310872654465994,3,0.333333333333333,0.292360055827666,"0.50401079456214",0.00485066056720181,0.570442931703951
111324,NA,NA,-1.46759637704609,NA,NA,NA,NA,NA,NA,NA,-0.169533338124351,2,0.5,-0.818564857585221,"-1.44346694890728",0.00485066056720181,0.570442931703951
111325,NA,NA,NA,NA,NA,NA,NA,NA,NA,NA,0.395823927242222,1,1,0.395823927242222,"0.685385417095374",0.00485066056720181,0.570442931703951
111326,NA,NA,NA,NA,NA,NA,NA,NA,NA,NA,NA,0,NA,NA,"NaN",0.00485066056720181,0.570442931703951
111327,NA,NA,-1.31229549572472,-0.617413601369107,NA,NA,NA,NA,NA,NA,-0.452211970807637,3,0.333333333333333,-0.793973689300487,"-1.40035804717844",0.00485066056720181,0.570442931703951
111328,NA,NA,NA,NA,NA,NA,NA,NA,NA,NA,-1.01756923617421,1,1,-1.01756923617421,"-1.79232634838226",0.00485066056720181,0.570442931703951
111329,NA,-1.17255414755325,0.257234687842354,0.362101261512963,NA,NA,0.0450498802965776,NA,-0.199863526921402,NA,-0.876229919832567,6,0.166666666666667,-0.264043627442553,"-0.471378069680959",0.00485066056720181,0.570442931703951
111330,NA,NA,NA,NA,NA,NA,NA,NA,NA,NA,-0.169533338124351,1,1,-0.169533338124351,"-0.305699289095679",0.00485066056720181,0.570442931703951
111331,NA,NA,NA,NA,NA,NA,NA,NA,NA,NA,NA,0,NA,NA,"NaN",0.00485066056720181,0.570442931703951
111332,NA,NA,NA,NA,NA,NA,NA,NA,NA,NA,NA,0,NA,NA,"NaN",0.00485066056720181,0.570442931703951
111333,NA,NA,-0.231797874616439,NA,NA,NA,NA,NA,NA,NA,-0.0281940217827077,2,0.5,-0.129995948199573,"-0.236389306050264",0.00485066056720181,0.570442931703951
111334,NA,NA,NA,-1.10717103281014,NA,NA,NA,NA,NA,NA,-1.15890855251585,2,0.5,-1.133039792663,"-1.99474897485581",0.00485066056720181,0.570442931703951
111335,NA,NA,1.54920584947335,0.362101261512963,NA,NA,NA,NA,NA,NA,0.254484610900575,3,0.333333333333333,0.721930573962297,"1.25705810965723",0.00485066056720181,0.570442931703951
111336,NA,NA,NA,0.729419335093738,NA,NA,NA,NA,NA,NA,-0.310872654465994,2,0.5,0.209273340313872,"0.358357810019744",0.00485066056720181,0.570442931703951
111337,NA,NA,0.121759450944986,0.362101261512963,NA,NA,NA,NA,NA,NA,-0.0281940217827077,3,0.333333333333333,0.151888896891747,"0.257761518554244",0.00485066056720181,0.570442931703951
120001,-0.0637256568841196,0.347106823094296,-0.221885052404436,0.484540619373221,-0.272761942571262,-1.66437300972239,0.0450498802965776,-0.160136533192892,0.850491382591465,-0.910687369904002,0.961181192608791,11,0.0909090909090909,-0.0550181515195225,"-0.10495144870652",0.00485066056720181,0.570442931703951
120002,-0.615922498960586,0.757076212741605,-0.363968837443139,0.239661903652703,1.28584960512753,-1.66437300972239,-0.735719064206513,NA,1.08390358470544,NA,1.24385982529208,9,0.111111111111111,0.136707524576304,"0.231148212521868",0.00485066056720181,0.570442931703951
120005,-1.90029145016066,-0.94753335473931,-0.317709000453794,0.117222545792445,0.766312422561267,-2.91217008688928,-3.85879484221887,NA,-0.433275729035377,NA,1.24385982529208,9,0.111111111111111,-0.915819963316833,"-1.61395745781954",0.00485066056720181,0.570442931703951
120006,1.58059382841025,-0.784162094203164,0.128367999086321,0.974298050814256,0.395214435013935,-0.832508291611126,-2.29725695321269,NA,-0.900100133263316,0.220709400810067,-0.169533338124351,10,0.1,-0.168437709627982,"-0.303778626334383",0.00485066056720181,0.570442931703951
120007,NA,-0.494409292497548,0.690094591099799,0.362101261512963,NA,NA,1.60658776930276,NA,NA,1.63495536420266,1.24385982529208,6,0.166666666666667,0.840531586485451,"1.46496849986731",0.00485066056720181,0.570442931703951
120011,NA,-0.833481720025397,-3.79380532279602,-0.37253488564859,NA,NA,0.0450498802965776,NA,NA,NA,-0.452211970807637,5,0.2,-1.08139680379621,"-1.90421758951193",0.00485066056720181,0.570442931703951
120014,NA,-3.67244268141766,0.815657005785165,-0.984731674949884,0.543653630032868,-0.693864171925916,-0.735719064206513,NA,NA,NA,0.819841876267148,7,0.142857142857143,-0.558229297202113,"-0.987092531916135",0.00485066056720181,0.570442931703951
120019,NA,0.550550279611006,0.0457611473196329,0.239661903652703,1.28584960512753,-0.971152411296336,-1.5164880087096,NA,0.26696087730654,NA,0.537163243583865,8,0.125,0.0547883295744177,"0.0875419191505253",0.00485066056720181,0.570442931703951
120022,-0.575019029177144,1.03758158460555,-0.862914222113935,-1.71936782211143,-0.198542345061796,0.692577024926186,0.0450498802965776,0.817175503064359,-0.199863526921402,0.220709400810067,1.66787777431701,11,0.0909090909090909,0.0841149293303671,"0.138952144654326",0.00485066056720181,0.570442931703951
120026,-1.56079265095809,-1.12939947495879,0.293581702619697,1.09673740867451,-0.569640332609128,-1.8030171294076,-0.735719064206513,NA,0.383666978363526,NA,1.52653845797536,9,0.111111111111111,-0.277560456056336,"-0.495073391092703",0.00485066056720181,0.570442931703951
120028,NA,1.00367434185277,2.87091547774036,-0.494974243508849,0.988971215089666,-0.416575932555496,-1.5164880087096,NA,NA,NA,0.819841876267148,7,0.142857142857143,0.465052103739428,"0.806744053778657",0.00485066056720181,0.570442931703951
121300,NA,NA,NA,0.117222545792445,NA,NA,NA,NA,NA,NA,0.537163243583865,2,0.5,0.327192894688155,"0.565073587918945",0.00485066056720181,0.570442931703951
121301,NA,NA,NA,NA,NA,NA,NA,NA,NA,NA,NA,0,NA,NA,"NaN",0.00485066056720181,0.570442931703951
121302,NA,NA,NA,NA,NA,NA,NA,NA,NA,NA,NA,0,NA,NA,"NaN",0.00485066056720181,0.570442931703951
121303,NA,NA,NA,NA,NA,NA,NA,NA,NA,NA,NA,0,NA,NA,"NaN",0.00485066056720181,0.570442931703951
121304,NA,NA,NA,NA,NA,NA,NA,NA,NA,NA,NA,0,NA,NA,"NaN",0.00485066056720181,0.570442931703951
121305,NA,NA,NA,NA,NA,NA,NA,NA,NA,NA,NA,0,NA,NA,"NaN",0.00485066056720181,0.570442931703951
121306,NA,NA,NA,NA,NA,NA,NA,NA,NA,NA,NA,0,NA,NA,"NaN",0.00485066056720181,0.570442931703951
121307,NA,NA,NA,NA,NA,NA,NA,NA,NA,NA,NA,0,NA,NA,"NaN",0.00485066056720181,0.570442931703951
121308,NA,NA,NA,NA,NA,NA,NA,NA,NA,NA,NA,0,NA,NA,"NaN",0.00485066056720181,0.570442931703951
130002,1.59286486934528,1.08073625720001,0.514968065354421,2.56600970299762,NA,NA,0.0450498802965776,NA,1.43402188787639,NA,0.961181192608791,7,0.142857142857143,1.17069026509701,"2.04374450051887",0.00485066056720181,0.570442931703951
130003,0.836150678351603,0.612199811888796,0.0986295324503132,-0.0052168120678136,1.06319081259913,-2.49623772783365,-1.5164880087096,NA,1.66743408999036,NA,1.24385982529208,9,0.111111111111111,0.167058022440136,"0.284353355713271",0.00485066056720181,0.570442931703951
130006,0.198056549729909,1.73730377595848,0.627313383757116,-0.739852959229365,2.0280455802222,0.276644665870556,0.0450498802965776,0.719444299438634,1.08390358470544,-0.203564388207709,3.64662820310001,11,0.0909090909090909,0.856270234149258,"1.49255872281353",0.00485066056720181,0.570442931703951
130007,0.185785508794876,0.572127615908232,0.756180072513149,-1.2296103906704,0.6920928250518,0.692577024926186,-0.735719064206513,-0.160136533192892,1.08390358470544,-0.203564388207709,1.66787777431701,11,0.0909090909090909,0.301955820903562,"0.520832398516863",0.00485066056720181,0.570442931703951
130013,-0.337778904433181,0.979014528941651,0.0127184066129577,-0.127656169928072,0.246775239995002,-0.693864171925916,-3.85879484221887,NA,0.617079180477497,-0.486413580886226,1.52653845797536,10,0.1,-0.212238185538979,"-0.380561900307402",0.00485066056720181,0.570442931703951
130014,NA,0.954354716030535,0.947827968611866,0.484540619373221,NA,NA,0.0450498802965776,NA,NA,NA,-0.169533338124351,5,0.2,0.45244796923757,"0.784648706809926",0.00485066056720181,0.570442931703951
130018,0.455748409365593,0.929694903119419,0.842091198350505,0.117222545792445,0.0241164474666027,-0.971152411296336,-2.29725695321269,-0.355598940444343,0.850491382591465,-0.910687369904002,2.9399316213918,11,0.0909090909090909,0.147690984838223,"0.250402479077701",0.00485066056720181,0.570442931703951
130025,NA,-0.494409292497548,-0.354056015231137,-0.37253488564859,NA,NA,-0.735719064206513,NA,NA,NA,0.678502559925508,5,0.2,-0.255643339531656,"-0.456652165573767",0.00485066056720181,0.570442931703951
130028,-0.587290070112176,1.12080845318057,0.207670576782341,0.60697997723348,-0.272761942571262,1.38579762335224,0.0450498802965776,-0.551061347695793,0.150254776249555,0.786407786167103,1.66787777431701,11,0.0909090909090909,0.414521226109058,"0.718162225830625",0.00485066056720181,0.570442931703951
130049,0.292134530231825,0.880375277297186,1.10973739807457,1.34161612439503,2.10226517773166,-1.10979653098155,-1.5164880087096,1.20810031756726,0.967197483648454,0.0792848044708086,1.38519914163372,11,0.0909090909090909,0.612693246850852,"1.06556248224162",0.00485066056720181,0.570442931703951
130063,NA,NA,NA,NA,NA,NA,0.0450498802965776,NA,NA,NA,0.254484610900575,2,0.5,0.149767245598576,"0.254042213475236",0.00485066056720181,0.570442931703951
130065,NA,NA,NA,0.974298050814256,2.0280455802222,0.553932905240976,0.0450498802965776,NA,NA,0.362133997149326,0.254484610900575,6,0.166666666666667,0.702990837437318,"1.22385630195246",0.00485066056720181,0.570442931703951
130066,NA,NA,NA,-0.617413601369107,0.543653630032868,0.692577024926186,0.825818824799667,NA,NA,0.927832382506361,1.80921709065865,6,0.166666666666667,0.696947558592438,"1.21326229068681",0.00485066056720181,0.570442931703951
130071,NA,0.38717901907486,0.551315080131763,-1.10717103281014,0.840532020070734,0.692577024926186,0.0450498802965776,NA,-0.199863526921402,NA,1.52653845797536,8,0.125,0.342019615342993,"0.59106518117184",0.00485066056720181,0.570442931703951
130073,NA,NA,NA,NA,NA,NA,NA,NA,NA,NA,NA,0,NA,NA,"NaN",0.00485066056720181,0.570442931703951
130074,NA,1.65715938399735,0.168019287934331,-0.0052168120678136,NA,NA,-1.5164880087096,NA,0.617079180477497,NA,0.537163243583865,6,0.166666666666667,0.242952712535938,"0.417398548979316",0.00485066056720181,0.570442931703951
131301,NA,NA,NA,-0.617413601369107,NA,NA,NA,NA,NA,NA,0.395823927242222,2,0.5,-0.110794837063442,"-0.202729302447843",0.00485066056720181,0.570442931703951
131302,NA,NA,1.70781100486539,NA,NA,NA,NA,NA,NA,NA,0.113145294558936,2,0.5,0.910478149712165,"1.58758648553992",0.00485066056720181,0.570442931703951
131303,NA,NA,0.825569827997167,NA,NA,NA,NA,NA,NA,NA,0.395823927242222,2,0.5,0.610696877619695,"1.06206279959117",0.00485066056720181,0.570442931703951
131304,NA,NA,NA,NA,NA,NA,NA,NA,NA,NA,NA,0,NA,NA,"NaN",0.00485066056720181,0.570442931703951
131305,NA,1.21944770482504,0.164715013863664,NA,0.6920928250518,-0.555220052240705,NA,NA,NA,0.220709400810067,0.113145294558936,6,0.166666666666667,0.309148364478133,"0.533441098133995",0.00485066056720181,0.570442931703951
131307,NA,NA,NA,0.484540619373221,NA,NA,NA,NA,NA,NA,0.113145294558936,2,0.5,0.298842956966078,"0.515375474143754",0.00485066056720181,0.570442931703951
131309,NA,NA,NA,NA,NA,NA,NA,NA,NA,NA,-0.0281940217827077,1,1,-0.0281940217827077,"-0.0579281125479159",0.00485066056720181,0.570442931703951
131310,NA,NA,NA,NA,NA,NA,NA,NA,NA,NA,0.254484610900575,1,1,0.254484610900575,"0.437614240547604",0.00485066056720181,0.570442931703951
131311,NA,NA,0.412535569163727,-0.127656169928072,NA,NA,NA,NA,0.850491382591465,NA,-0.169533338124351,4,0.25,0.241459360925692,"0.414780668158557",0.00485066056720181,0.570442931703951
131312,NA,NA,0.34314581367971,1.09673740867451,NA,NA,0.0450498802965776,NA,NA,NA,0.254484610900575,4,0.25,0.434854428387844,"0.753806812078805",0.00485066056720181,0.570442931703951
131313,NA,NA,NA,NA,NA,NA,NA,NA,NA,NA,0.395823927242222,1,1,0.395823927242222,"0.685385417095374",0.00485066056720181,0.570442931703951
131314,NA,NA,1.36747077558664,0.239661903652703,NA,NA,NA,NA,0.150254776249555,NA,0.537163243583865,4,0.25,0.573637674768191,"0.997097137310449",0.00485066056720181,0.570442931703951
131315,NA,NA,0.643834754110454,NA,NA,NA,NA,NA,NA,NA,-0.593551287149281,2,0.5,0.0251417334805866,"0.0355707324705979",0.00485066056720181,0.570442931703951
131316,NA,NA,1.65163834566405,NA,NA,NA,NA,NA,NA,NA,0.254484610900575,2,0.5,0.953061478282311,"1.66223607133275",0.00485066056720181,0.570442931703951
131317,NA,NA,NA,NA,NA,NA,NA,NA,NA,NA,0.537163243583865,1,1,0.537163243583865,"0.933156593643137",0.00485066056720181,0.570442931703951
131318,NA,NA,NA,NA,NA,NA,NA,NA,NA,NA,NA,0,NA,NA,"NaN",0.00485066056720181,0.570442931703951
131319,NA,0.00803439556644707,NA,NA,NA,NA,NA,NA,NA,NA,0.254484610900575,2,0.5,0.131259503233511,"0.221597701787132",0.00485066056720181,0.570442931703951
131320,NA,-0.392687564239193,0.937915146399863,NA,NA,NA,NA,NA,0.617079180477497,NA,-0.593551287149281,4,0.25,0.142188868872222,"0.240757139184426",0.00485066056720181,0.570442931703951
131321,NA,NA,-0.783611644417914,NA,NA,NA,NA,NA,NA,NA,-0.169533338124351,2,0.5,-0.476572491271133,"-0.843946212814473",0.00485066056720181,0.570442931703951
131322,NA,-1.29585321210883,1.42364343478799,NA,NA,NA,NA,NA,NA,NA,0.819841876267148,3,0.333333333333333,0.315877366315436,"0.54523719808251",0.00485066056720181,0.570442931703951
131323,NA,0.0450241149331215,0.250626139701019,-0.0052168120678136,0.469434032523402,-0.000643573499865181,0.0450498802965776,NA,NA,NA,0.113145294558936,7,0.142857142857143,0.131059868063625,"0.22124773659554",0.00485066056720181,0.570442931703951
131324,NA,NA,NA,NA,NA,NA,NA,NA,NA,NA,NA,0,NA,NA,"NaN",0.00485066056720181,0.570442931703951
131325,NA,1.15471569593336,1.59216141239203,NA,NA,NA,NA,NA,NA,0.503558593488585,0.395823927242222,4,0.25,0.911564907264048,"1.58949159732496",0.00485066056720181,0.570442931703951
131326,NA,0.276209860974837,0.736354428089144,-1.10717103281014,NA,NA,0.0450498802965776,NA,NA,NA,1.10252050895044,5,0.2,0.210592729100171,"0.360670729880734",0.00485066056720181,0.570442931703951
131327,NA,-0.272470976297501,1.56572721982669,-0.37253488564859,1.65694759267486,0.138000546185346,0.825818824799667,NA,NA,NA,-0.169533338124351,7,0.142857142857143,0.481707854773732,"0.835941980702832",0.00485066056720181,0.570442931703951
131328,NA,NA,1.26834255346661,0.362101261512963,NA,NA,0.0450498802965776,NA,NA,NA,-0.169533338124351,4,0.25,0.376490089287951,"0.651492740230189",0.00485066056720181,0.570442931703951
140001,NA,-0.710182655469815,0.201062028641006,-2.45400396927299,NA,NA,-2.29725695321269,NA,0.033548675192569,0.786407786167103,-0.310872654465994,7,0.142857142857143,-0.67875682034583,"-1.19838014097405",0.00485066056720181,0.570442931703951
140002,0.357580081885332,-1.13248195157268,-0.245014970899109,-0.25009552778833,NA,NA,1.60658776930276,NA,0.033548675192569,-0.769262773564744,-0.169533338124351,8,0.125,-0.0710840044460696,"-0.133115270245263",0.00485066056720181,0.570442931703951
140007,-0.423676190978409,-0.300213265822507,-0.767090274064577,-0.0052168120678136,0.6920928250518,0.138000546185346,0.0450498802965776,0.230788281310009,-0.0831574258644167,-0.203564388207709,-0.876229919832567,11,0.0909090909090909,-0.141201522181297,"-0.256032943229275",0.00485066056720181,0.570442931703951
140008,-2.64473460021931,-0.781079617589275,-1.41142371784474,1.95381291369632,NA,NA,1.60658776930276,NA,0.500373079420508,NA,-0.169533338124351,7,0.142857142857143,-0.135142501622584,"-0.245411336365614",0.00485066056720181,0.570442931703951
140010,0.304405571166858,-0.389605087625303,-0.0335414303763876,3.42308520801943,2.91868075033579,2.91088293988955,1.60658776930276,0.230788281310009,1.43402188787639,0.786407786167103,-0.0281940217827077,11,0.0909090909090909,1.19668360493486,"2.08931144226396",0.00485066056720181,0.570442931703951
140011,NA,-0.972193167650426,-0.740656081499237,0.362101261512963,NA,NA,-0.735719064206513,NA,-1.60033673960523,-2.18350873695733,-2.85498034861557,7,0.142857142857143,-1.24647041100305,"-2.19359554133219",0.00485066056720181,0.570442931703951
140012,0.782976167633128,-0.253976116614164,0.653747576322456,0.239661903652703,NA,NA,0.825818824799667,NA,0.850491382591465,NA,0.537163243583865,7,0.142857142857143,0.519411854567017,"0.902037987328176",0.00485066056720181,0.570442931703951
140013,NA,0.908117566822192,0.577749272697103,NA,NA,NA,-1.5164880087096,NA,0.617079180477497,0.220709400810067,2.37457435602522,6,0.166666666666667,0.53029029468708,"0.92110815108245",0.00485066056720181,0.570442931703951
140015,0.431206327495528,0.32244701018318,0.296885976690364,-1.35204974853066,-0.866518722646993,-1.94166124909281,-0.735719064206513,0.426250688561459,0.033548675192569,-0.769262773564744,-0.452211970807637,11,0.0909090909090909,-0.418825895520568,"-0.742715059720734",0.00485066056720181,0.570442931703951
140018,NA,-1.08932727897823,0.184540658287669,-0.984731674949884,-1.38605590521326,-0.000643573499865181,NA,NA,-0.900100133263316,NA,-1.86560513422407,7,0.142857142857143,-0.863131863120136,"-1.5215939675063",0.00485066056720181,0.570442931703951
140029,-0.435947231913441,0.00186944233866801,-0.188842311697761,0.729419335093738,-0.12432274755233,-0.555220052240705,-1.5164880087096,-0.160136533192892,1.31731578681941,0.362133997149326,0.678502559925508,11,0.0909090909090909,0.00984402145635612,"0.0087534801671375",0.00485066056720181,0.570442931703951
140030,-0.251881617887953,0.239220141608162,0.072195339884973,0.484540619373221,NA,NA,0.825818824799667,-1.52837338395304,0.150254776249555,NA,-0.593551287149281,8,0.125,-0.0752220733843374,"-0.140369403320253",0.00485066056720181,0.570442931703951
140032,NA,0.32552948679707,-0.268144889393781,0.484540619373221,NA,NA,-2.29725695321269,NA,1.43402188787639,NA,-0.452211970807637,6,0.166666666666667,-0.128920303227904,"-0.234503674882119",0.00485066056720181,0.570442931703951
140034,NA,1.55235517912511,-0.502748348411175,0.60697997723348,NA,NA,0.825818824799667,NA,-1.95045504277619,NA,1.38519914163372,6,0.166666666666667,0.319524955267435,"0.551631508098944",0.00485066056720181,0.570442931703951
140043,-2.35841031173521,0.196065469013709,-1.33212114014872,-1.2296103906704,-1.46027550272272,-0.832508291611126,0.825818824799667,NA,0.850491382591465,0.0792848044708086,-0.876229919832567,10,0.1,-0.61374950758451,"-1.0844207786113",0.00485066056720181,0.570442931703951
140046,-0.276423699758018,-0.238563733544716,0.432361213587733,0.239661903652703,-0.421201137590195,0.276644665870556,-0.735719064206513,NA,-0.549981830092359,0.0792848044708086,-0.593551287149281,10,0.1,-0.178748816475928,"-0.321854241395728",0.00485066056720181,0.570442931703951
140048,0.136701345054746,-0.571471207844786,-0.4697056077045,-1.35204974853066,0.469434032523402,0.138000546185346,-0.735719064206513,NA,-2.88410385123207,-0.0621397918684502,-1.44158718519914,10,0.1,-0.677264053282262,"-1.19576328487749",0.00485066056720181,0.570442931703951
140049,NA,-1.16330671771158,-0.126061104355078,0.239661903652703,NA,NA,0.0450498802965776,NA,-0.0831574258644167,NA,-1.44158718519914,6,0.166666666666667,-0.421566774863489,"-0.747519886269698",0.00485066056720181,0.570442931703951
140052,NA,-0.127594575444693,0.789222813219824,0.851858692953996,-1.38605590521326,0.831221144611397,-0.735719064206513,NA,1.31731578681941,NA,-0.310872654465994,8,0.125,0.153672029784271,"0.260887392841436",0.00485066056720181,0.570442931703951
140053,-0.325507863498148,-0.485161862655879,-0.453184237351162,-1.84180717997169,0.0241164474666027,0.969865264296607,0.0450498802965776,0.328519484935734,0.26696087730654,NA,0.113145294558936,10,0.1,-0.135800389461589,"-0.246564629363811",0.00485066056720181,0.570442931703951
140054,-1.26219732153897,-0.67935788933092,-0.542399637259185,1.09673740867451,-0.569640332609128,0.138000546185346,0.825818824799667,NA,-1.48363063854824,NA,-1.3002478688575,9,0.111111111111111,-0.419657434276046,"-0.744172766897495",0.00485066056720181,0.570442931703951
140059,NA,0.226890235152604,0.0424568732489653,-0.0052168120678136,NA,NA,-0.735719064206513,NA,0.150254776249555,-0.344988984546967,0.254484610900575,7,0.142857142857143,-0.0588340521813706,"-0.111640813145571",0.00485066056720181,0.570442931703951
140062,-0.247791270909608,-0.349532891644739,-0.317709000453794,1.58649484011555,1.1374104101086,0.831221144611397,-0.735719064206513,0.230788281310009,-0.549981830092359,-1.90065954427881,-0.734890603490924,11,0.0909090909090909,-0.0954881389937453,"-0.175896297393376",0.00485066056720181,0.570442931703951
140063,NA,-0.916708588600414,-0.601876570531201,-0.862292317089623,1.1374104101086,0.969865264296607,0.0450498802965776,NA,0.850491382591465,NA,0.113145294558936,8,0.125,0.0918855944538682,"0.152574305069724",0.00485066056720181,0.570442931703951
140064,NA,-0.395770040853082,-0.53579108911785,-0.37253488564859,NA,NA,-0.735719064206513,NA,0.500373079420508,NA,0.254484610900575,6,0.166666666666667,-0.214159564917492,"-0.383930123966119",0.00485066056720181,0.570442931703951
140065,1.72784631963064,0.98826195878332,0.706615961453137,NA,0.172555642485536,0.415288785555766,1.60658776930276,NA,0.73378528153448,-0.627838177225485,-0.0281940217827077,9,0.111111111111111,0.632767724415271,"1.10075351792412",0.00485066056720181,0.570442931703951
140067,-0.170074678321069,-0.352615368258629,-1.32220831793672,-1.47448910639092,0.320994837504468,-0.416575932555496,-0.735719064206513,-0.844254958572969,1.90084629210434,0.220709400810067,-1.44158718519914,11,0.0909090909090909,-0.392270371002053,"-0.696162594885746",0.00485066056720181,0.570442931703951
140068,NA,-0.179996677880815,-1.53698613253011,NA,NA,NA,NA,NA,-0.433275729035377,NA,-1.3002478688575,4,0.25,-0.862626602075949,"-1.52070823290235",0.00485066056720181,0.570442931703951
140077,NA,NA,NA,NA,NA,NA,NA,NA,NA,NA,NA,0,NA,NA,"NaN",0.00485066056720181,0.570442931703951
140080,NA,-1.98016302039231,-0.707613340792561,0.117222545792445,-1.08917751517539,1.10850938398182,0.825818824799667,NA,-1.36692453749126,0.0792848044708086,-1.3002478688575,9,0.111111111111111,-0.479254524851586,"-0.848647881345",0.00485066056720181,0.570442931703951
140082,NA,-0.266306023069722,-0.324317548595129,-0.617413601369107,NA,NA,NA,NA,-0.900100133263316,-2.74920712231437,-1.58292650154078,6,0.166666666666667,-1.07337848835874,"-1.89016129221761",0.00485066056720181,0.570442931703951
140083,NA,0.165240702874814,NA,NA,NA,NA,NA,NA,NA,NA,-0.452211970807637,2,0.5,-0.143485633966412,"-0.26003704540702",0.00485066056720181,0.570442931703951
140084,2.06734511883321,0.307034627113732,-1.42133654005675,0.117222545792445,NA,NA,NA,NA,-0.316569627978388,NA,-0.593551287149281,6,0.166666666666667,0.0266908060924946,"0.0382862935299327",0.00485066056720181,0.570442931703951
140088,-1.15584830010202,-0.589966067528123,-1.84758789517286,-0.25009552778833,-1.46027550272272,1.10850938398182,1.60658776930276,1.20810031756726,-0.0831574258644167,NA,-1.44158718519914,10,0.1,-0.290532043352578,"-0.51781289153229",0.00485066056720181,0.570442931703951
140089,NA,0.260797477905389,-0.608485118672536,-0.739852959229365,NA,NA,-0.735719064206513,NA,0.033548675192569,NA,-0.169533338124351,6,0.166666666666667,-0.326540721189134,"-0.580936958525278",0.00485066056720181,0.570442931703951
140091,-0.0432739219923986,-1.04309012976989,-0.595268022389866,0.974298050814256,0.395214435013935,1.24715350366703,0.0450498802965776,-0.453330144070068,-0.900100133263316,0.0792848044708086,-1.3002478688575,11,0.0909090909090909,-0.144937231461857,"-0.262581730273408",0.00485066056720181,0.570442931703951
140093,NA,-1.05233755961155,-0.172320941344423,-0.127656169928072,-0.569640332609128,0.276644665870556,NA,NA,-1.95045504277619,-0.0621397918684502,-1.72426581788243,8,0.125,-0.672771373768711,"-1.18788751104657",0.00485066056720181,0.570442931703951
140095,NA,-0.867388962778182,NA,-0.25009552778833,NA,NA,NA,NA,NA,NA,-2.14828376690736,3,0.333333333333333,-1.08858941915796,"-1.91682641497368",0.00485066056720181,0.570442931703951
140100,NA,NA,NA,-0.617413601369107,0.320994837504468,-1.94166124909281,0.825818824799667,NA,NA,NA,-0.0281940217827077,5,0.2,-0.288091041988097,"-0.513533758197797",0.00485066056720181,0.570442931703951
140101,2.07143546581155,0.0666014512303483,-0.225189326475104,-2.20912525355247,NA,NA,0.0450498802965776,NA,0.73378528153448,-0.910687369904002,-0.0281940217827077,8,0.125,-0.0570404866051661,"-0.108496650116244",0.00485066056720181,0.570442931703951
140103,NA,-4.64034033817898,-0.598572296460533,NA,NA,NA,NA,NA,-2.06716114383317,NA,-1.15890855251585,4,0.25,-2.11624558274713,"-3.71833206343443",0.00485066056720181,0.570442931703951
140110,NA,0.553632756224895,0.614096287474446,-2.08668589569221,NA,NA,0.825818824799667,NA,1.08390358470544,NA,0.819841876267148,6,0.166666666666667,0.301767905629898,"0.520502978581546",0.00485066056720181,0.570442931703951
140113,0.410754592603807,-0.586883590914234,-0.182233763556426,-0.494974243508849,NA,NA,0.0450498802965776,-0.844254958572969,-0.316569627978388,NA,0.113145294558936,8,0.125,-0.231995802133943,"-0.415197471189044",0.00485066056720181,0.570442931703951
140114,-1.27037801549566,0.849550511158291,-0.519269718764513,0.484540619373221,-1.38605590521326,2.49495058083392,0.825818824799667,NA,1.08390358470544,NA,0.395823927242222,9,0.111111111111111,0.328764934293259,"0.567829410662525",0.00485066056720181,0.570442931703951
140115,NA,NA,-1.42133654005675,0.362101261512963,-1.08917751517539,-0.416575932555496,NA,NA,NA,NA,-2.00694445056571,5,0.2,-0.914386635368076,"-1.61144479990217",0.00485066056720181,0.570442931703951
140116,0.206237243686597,0.2577150012915,0.273756058195692,0.851858692953996,-2.57356946536472,0.692577024926186,0.825818824799667,-1.52837338395304,0.150254776249555,-0.486413580886226,-0.0281940217827077,11,0.0909090909090909,-0.123484802716682,"-0.224975113462337",0.00485066056720181,0.570442931703951
140117,-0.575019029177144,0.488900747333215,0.250626139701019,-0.739852959229365,NA,NA,-0.735719064206513,-0.355598940444343,0.617079180477497,-0.344988984546967,1.38519914163372,9,0.111111111111111,-0.00104152982876442,"-0.0103291496282825",0.00485066056720181,0.570442931703951
140119,-0.0678160038624638,-0.358780321486408,0.429056939517065,1.21917676653477,-2.12825188030792,2.2176623414635,0.0450498802965776,0.426250688561459,1.90084629210434,0.503558593488585,-2.00694445056571,11,0.0909090909090909,0.198164440522163,"0.338883644990604",0.00485066056720181,0.570442931703951
140120,NA,-0.349532891644739,1.16260578320525,-0.37253488564859,NA,NA,0.0450498802965776,NA,0.500373079420508,NA,0.395823927242222,6,0.166666666666667,0.230297482145205,"0.395213629704516",0.00485066056720181,0.570442931703951
140122,-0.534115559393702,0.615282288502686,0.627313383757116,2.93332777657839,-0.792299125137527,0.415288785555766,-0.735719064206513,0.719444299438634,0.033548675192569,NA,0.678502559925508,10,0.1,0.396057402021293,"0.685794703925126",0.00485066056720181,0.570442931703951
140124,NA,0.556715232838785,-2.84878293858511,-0.0052168120678136,-0.346981540080729,0.831221144611397,0.0450498802965776,NA,-0.666687931149345,NA,-0.0281940217827077,8,0.125,-0.307859623239869,"-0.548188550383093",0.00485066056720181,0.570442931703951
140125,NA,1.36432410567784,0.0754996139556405,-0.494974243508849,NA,NA,NA,NA,-0.0831574258644167,NA,-0.593551287149281,5,0.2,0.0536281526221877,"0.0855081014139036",0.00485066056720181,0.570442931703951
140127,0.353489734906988,0.584457522363791,0.300190250761032,-0.25009552778833,NA,NA,-0.735719064206513,-1.82156699483022,0.033548675192569,-4.16345308570695,0.395823927242222,9,0.111111111111111,-0.589258284673935,"-1.04148708349579",0.00485066056720181,0.570442931703951
140130,-0.885885399531303,1.01600424830833,0.673573220746461,1.46405548225529,-2.49934986785525,0.276644665870556,-0.735719064206513,NA,1.08390358470544,1.06925697884562,0.395823927242222,10,0.1,0.185830777638085,"0.317262441188084",0.00485066056720181,0.570442931703951
140133,NA,-0.109099715761355,-0.876131318396605,-0.25009552778833,NA,NA,NA,NA,-1.36692453749126,NA,-1.01756923617421,5,0.2,-0.723964067122352,"-1.27762951766715",0.00485066056720181,0.570442931703951
140135,-0.967692339098186,-0.802656953886501,0.574444998626436,-0.25009552778833,0.469434032523402,0.692577024926186,0.825818824799667,NA,-0.316569627978388,NA,0.113145294558936,9,0.111111111111111,0.0376006362981356,"0.0574114848493389",0.00485066056720181,0.570442931703951
140137,NA,-1.21879129676159,0.108542354662316,0.484540619373221,NA,NA,NA,NA,NA,NA,0.819841876267148,4,0.25,0.0485333883852739,"0.0765768587711113",0.00485066056720181,0.570442931703951
140145,NA,0.143663366577587,0.00280558440095512,1.21917676653477,NA,NA,0.0450498802965776,NA,0.26696087730654,NA,0.678502559925508,6,0.166666666666667,0.39269317250699,"0.679897129729134",0.00485066056720181,0.570442931703951
140148,-0.853162623704549,-0.463584526358652,0.38279710252772,-2.57644332713324,-0.272761942571262,0.692577024926186,0.0450498802965776,0.230788281310009,0.150254776249555,NA,0.254484610900575,10,0.1,-0.241000074355709,"-0.430982174130089",0.00485066056720181,0.570442931703951
140150,NA,-0.109099715761355,-0.099626911789738,-0.862292317089623,0.246775239995002,0.415288785555766,0.825818824799667,NA,0.850491382591465,-0.769262773564744,-1.3002478688575,9,0.111111111111111,-0.0891283726801173,"-0.164747476082485",0.00485066056720181,0.570442931703951
140155,0.594820206629295,-0.00429551088911107,1.30799384231463,-0.617413601369107,0.395214435013935,0.138000546185346,0.0450498802965776,NA,0.73378528153448,1.06925697884562,1.38519914163372,10,0.1,0.504761120019538,"0.8763549018989",0.00485066056720181,0.570442931703951
140158,NA,-0.0566976133252332,-1.15038606626201,0.362101261512963,NA,NA,NA,NA,NA,NA,-0.169533338124351,4,0.25,-0.253628939049657,"-0.453120873712579",0.00485066056720181,0.570442931703951
140160,NA,0.794065932108279,0.491838146859748,-1.47448910639092,0.172555642485536,-0.000643573499865181,0.0450498802965776,NA,0.033548675192569,NA,-0.452211970807637,8,0.125,-0.0487857967194636,"-0.09402598280331",0.00485066056720181,0.570442931703951
140161,NA,-0.130677052058582,0.752875798442482,-1.47448910639092,NA,NA,0.0450498802965776,NA,0.617079180477497,-0.203564388207709,0.819841876267148,7,0.142857142857143,0.0608737412609281,"0.0982097902876659",0.00485066056720181,0.570442931703951
140162,0.337128346993611,-0.522151582022554,-0.886044140608607,-0.0052168120678136,NA,NA,-0.735719064206513,0.914906706690084,-0.0831574258644167,-0.627838177225485,-0.0281940217827077,9,0.111111111111111,-0.181809574454933,"-0.327219822786775",0.00485066056720181,0.570442931703951
140164,-0.395043762129999,-0.223151350475268,-0.512661170623178,-0.862292317089623,-1.53449510023219,-2.35759360814844,0.0450498802965776,-0.355598940444343,-0.199863526921402,NA,-1.58292650154078,10,0.1,-0.797857639730865,"-1.40716670447704",0.00485066056720181,0.570442931703951
140166,-0.787717072051042,0.0234467786358948,-2.44235722789301,0.60697997723348,0.543653630032868,0.138000546185346,0.825818824799667,NA,-1.01680623432031,NA,-0.169533338124351,9,0.111111111111111,-0.253168235055717,"-0.452313248675374",0.00485066056720181,0.570442931703951
140172,0.480290491235658,-0.61154340382535,-0.45648851142183,0.484540619373221,0.0241164474666027,0.553932905240976,0.0450498802965776,NA,-1.13351233537729,-0.0621397918684502,-1.72426581788243,10,0.1,-0.240001951676231,"-0.429232441380318",0.00485066056720181,0.570442931703951
140174,-0.656825968744028,0.112838600438691,0.739658702159812,-0.0052168120678136,-0.569640332609128,-0.000643573499865181,0.0450498802965776,NA,-1.8337489417192,NA,0.819841876267148,9,0.111111111111111,-0.149854063275312,"-0.271201053154258",0.00485066056720181,0.570442931703951
140177,NA,-4.26119571467056,NA,NA,NA,NA,NA,NA,-0.900100133263316,NA,-1.86560513422407,3,0.333333333333333,-2.34230032738598,"-4.114611396695",0.00485066056720181,0.570442931703951
140179,-1.65896097843836,-1.01843031685877,-1.80793660632484,-1.47448910639092,-1.83137349027006,1.10850938398182,0.0450498802965776,NA,-1.8337489417192,NA,-2.14828376690736,9,0.111111111111111,-1.17996266029234,"-2.07700587562796",0.00485066056720181,0.570442931703951
140180,NA,-0.257058593228053,0.432361213587733,-0.862292317089623,0.395214435013935,0.553932905240976,NA,NA,-1.25021843643427,NA,1.10252050895044,7,0.142857142857143,0.016351388005876,"0.0201610481951644",0.00485066056720181,0.570442931703951
140181,NA,NA,-6.25218523137266,NA,NA,NA,NA,NA,NA,NA,-2.43096239959064,2,0.5,-4.34157381548165,"-7.61938527849893",0.00485066056720181,0.570442931703951
140182,0.954770740723585,-0.0566976133252332,-0.00710723781104746,0.484540619373221,-2.64778906287419,1.80172998240787,0.825818824799667,NA,-1.48363063854824,NA,-1.72426581788243,9,0.111111111111111,-0.205847800348533,"-0.369359403378642",0.00485066056720181,0.570442931703951
140184,1.10202323194398,-0.559141301389228,-0.0897140895777354,1.46405548225529,NA,NA,-0.735719064206513,NA,-1.25021843643427,NA,-2.289623083249,7,0.142857142857143,-0.336905322951069,"-0.599106351440666",0.00485066056720181,0.570442931703951
140185,0.157153079946467,-0.133759528672472,-0.208667956121766,-0.127656169928072,0.172555642485536,-0.693864171925916,1.60658776930276,-0.746523754947244,0.500373079420508,-0.344988984546967,0.254484610900575,11,0.0909090909090909,0.0396085105375824,"0.0609313360524191",0.00485066056720181,0.570442931703951
140186,0.206237243686597,0.291622244044285,0.293581702619697,-1.35204974853066,-0.272761942571262,-0.139287693185075,-1.5164880087096,-0.160136533192892,0.150254776249555,NA,-0.0281940217827077,10,0.1,-0.252722198137206,"-0.451531335369554",0.00485066056720181,0.570442931703951
140187,-0.411405150043376,-0.864306486164292,0.881742487198515,1.09673740867451,0.766312422561267,0.415288785555766,0.825818824799667,-0.746523754947244,-0.199863526921402,-0.344988984546967,-0.169533338124351,11,0.0909090909090909,0.113570789822009,"0.190588967296085",0.00485066056720181,0.570442931703951
140189,2.0387126899848,-0.300213265822507,-0.0831055414364004,-1.59692846425118,-0.198542345061796,-0.832508291611126,-2.29725695321269,NA,0.967197483648454,-1.75923494793955,0.113145294558936,10,0.1,-0.394873434114307,"-0.70072582631098",0.00485066056720181,0.570442931703951
140191,NA,-1.58868849042833,-1.29907839944205,0.239661903652703,0.395214435013935,0.415288785555766,-0.735719064206513,NA,-0.433275729035377,-0.344988984546967,-1.58292650154078,9,0.111111111111111,-0.548279116108624,"-0.969649628269722",0.00485066056720181,0.570442931703951
140197,NA,NA,NA,0.239661903652703,NA,NA,NA,NA,NA,NA,NA,1,1,0.239661903652703,"0.411629682892387",0.00485066056720181,0.570442931703951
140200,-0.681368050614093,-0.312543172278065,-0.591963748319198,1.34161612439503,-0.12432274755233,1.52444174303745,0.825818824799667,-0.551061347695793,0.150254776249555,-0.486413580886226,-1.01756923617421,11,0.0909090909090909,0.00698996226925324,"0.00375024666474732",0.00485066056720181,0.570442931703951
140202,0.942499699788552,0.233055188380383,-1.03473647378865,1.46405548225529,NA,NA,0.825818824799667,0.817175503064359,-0.549981830092359,1.06925697884562,0.254484610900575,9,0.111111111111111,0.446847553794827,"0.774831045600567",0.00485066056720181,0.570442931703951
140206,NA,-2.48568918507019,-1.02482365157664,-0.984731674949884,NA,NA,NA,NA,-1.60033673960523,NA,-0.734890603490924,5,0.2,-1.36609437093857,"-2.40329918263808",0.00485066056720181,0.570442931703951
140208,-0.251881617887953,0.248467571449831,-0.968650992375295,0.974298050814256,-0.198542345061796,0.415288785555766,-1.5164880087096,-1.62610458757877,-1.13351233537729,-2.32493333329659,-1.15890855251585,11,0.0909090909090909,-0.685542487725754,"-1.21027557696386",0.00485066056720181,0.570442931703951
140209,0.288044183253481,-1.32667797824772,0.0127184066129577,0.729419335093738,1.21163000761807,0.692577024926186,0.825818824799667,-0.257867736818618,-0.666687931149345,NA,0.395823927242222,10,0.1,0.190479806333063,"0.325412298845346",0.00485066056720181,0.570442931703951
140210,NA,-0.768749711133716,0.0622825176729705,-0.25009552778833,NA,NA,-0.735719064206513,NA,0.617079180477497,NA,-0.169533338124351,6,0.166666666666667,-0.207455990517074,"-0.37217859891804",0.00485066056720181,0.570442931703951
140211,0.0221716296611085,0.72008649337493,0.0821081620969756,2.44357034513736,-1.83137349027006,1.66308586272266,-0.735719064206513,NA,-0.0831574258644167,-0.486413580886226,1.38519914163372,10,0.1,0.317955807339954,"0.548880754534878",0.00485066056720181,0.570442931703951
140213,0.737982350871342,0.245385094835941,-0.0269328822350526,0.974298050814256,NA,NA,0.825818824799667,1.30583152119298,-0.199863526921402,0.786407786167103,0.113145294558936,9,0.111111111111111,0.529119168231531,"0.919055138606599",0.00485066056720181,0.570442931703951
140217,NA,0.945107286188867,0.647139028181121,-0.0052168120678136,NA,NA,0.0450498802965776,NA,0.500373079420508,-0.203564388207709,0.961181192608791,7,0.142857142857143,0.412867038060049,"0.715262394914905",0.00485066056720181,0.570442931703951
140223,-0.174165025299413,0.236137664994273,-0.796828740700585,-0.37253488564859,-1.97981268528899,1.38579762335224,0.0450498802965776,-1.03971736582442,-0.0831574258644167,-0.910687369904002,1.24385982529208,11,0.0909090909090909,-0.222368954963204,"-0.398321379584258",0.00485066056720181,0.570442931703951
140224,NA,-0.355697844872518,0.101933806520981,-0.494974243508849,NA,NA,-0.735719064206513,NA,0.26696087730654,0.503558593488585,0.113145294558936,7,0.142857142857143,-0.0858275115304055,"-0.15896098813381",0.00485066056720181,0.570442931703951
140228,-1.59351542678485,-1.55169877106166,-0.578746652036528,0.239661903652703,0.0983360449760701,1.10850938398182,0.0450498802965776,-1.13744856945014,-0.433275729035377,NA,-0.169533338124351,10,0.1,-0.397266127358574,"-0.704920274364039",0.00485066056720181,0.570442931703951
140231,-0.951330951184809,-0.229316303703047,-0.0698884451537303,1.21917676653477,-0.272761942571262,0.831221144611397,-0.735719064206513,-0.746523754947244,-1.36692453749126,-1.05211196624326,-1.01756923617421,11,0.0909090909090909,-0.39924984459356,"-0.708397777764881",0.00485066056720181,0.570442931703951
140233,-0.272333352779674,-0.263223546455832,-0.84308857768993,-0.494974243508849,-1.08917751517539,-1.38708477035197,-1.5164880087096,-1.91929819845595,0.383666978363526,-2.32493333329659,0.395823927242222,11,0.0909090909090909,-0.848282785528912,"-1.49556318201323",0.00485066056720181,0.570442931703951
140239,0.476200144257314,1.15163321931947,-0.165712393203088,0.60697997723348,0.469434032523402,-0.139287693185075,-0.735719064206513,0.133057077684283,0.150254776249555,NA,0.537163243583865,10,0.1,0.248400332025669,"0.426948355256096",0.00485066056720181,0.570442931703951
140242,-0.260062311844641,0.578292569136012,-0.172320941344423,1.34161612439503,-0.866518722646993,-0.277931812870285,0.0450498802965776,1.40356272481871,-0.199863526921402,0.644983189827844,-0.169533338124351,11,0.0909090909090909,0.187933984974734,"0.320949413573503",0.00485066056720181,0.570442931703951
140251,1.02021629237709,-1.34825531454495,-0.347447467089802,-1.10717103281014,NA,NA,NA,NA,0.383666978363526,NA,-1.01756923617421,6,0.166666666666667,-0.402759963313081,"-0.714551099200621",0.00485066056720181,0.570442931703951
140252,-0.116900167602594,0.59062247559157,0.333232991467707,1.46405548225529,0.9147516175802,0.553932905240976,0.825818824799667,-0.648792551321519,-0.316569627978388,0.362133997149326,-1.01756923617421,11,0.0909090909090909,0.267701519182548,"0.460783794498414",0.00485066056720181,0.570442931703951
140258,-0.182345719256101,-0.472831956200321,0.0854124361676431,-0.862292317089623,NA,NA,0.0450498802965776,0.719444299438634,-1.71704284066222,-0.486413580886226,0.395823927242222,9,0.111111111111111,-0.275021763438823,"-0.490623002672726",0.00485066056720181,0.570442931703951
140275,NA,1.18862293868614,0.491838146859748,-0.617413601369107,0.617873227542334,0.831221144611397,0.0450498802965776,NA,1.08390358470544,0.220709400810067,0.113145294558936,9,0.111111111111111,0.441661112966837,"0.765739091717472",0.00485066056720181,0.570442931703951
140276,-1.28264905643069,-0.617708357053129,-2.21436231701695,1.70893419797581,0.543653630032868,0.831221144611397,0.0450498802965776,-0.551061347695793,-2.18386724489016,-0.0621397918684502,-1.44158718519914,11,0.0909090909090909,-0.474956040657969,"-0.841112536519572",0.00485066056720181,0.570442931703951
140280,0.177604814838188,0.806395838563837,-1.00499800715264,-0.127656169928072,-0.0501031500428634,-1.24844065066676,0.0450498802965776,0.621713095812908,-0.0831574258644167,-0.627838177225485,-0.593551287149281,11,0.0909090909090909,-0.189543748956182,"-0.340778014275179",0.00485066056720181,0.570442931703951
140281,-1.14766760614533,-0.136842005286361,-0.182233763556426,2.19869162941684,0.9147516175802,1.38579762335224,0.825818824799667,0.523981892187183,-1.71704284066222,-0.203564388207709,-0.0281940217827077,11,0.0909090909090909,0.221226996517762,"0.379312853091596",0.00485066056720181,0.570442931703951
140286,-0.333688557454836,1.3766540121334,0.131672273156988,-0.0052168120678136,0.172555642485536,-1.38708477035197,-1.5164880087096,NA,-0.666687931149345,NA,1.10252050895044,9,0.111111111111111,-0.125084849223022,"-0.227780032968588",0.00485066056720181,0.570442931703951
140288,0.3453090409503,-0.0536151367113437,-0.0599756229417277,0.851858692953996,0.246775239995002,0.553932905240976,-2.29725695321269,-0.551061347695793,0.383666978363526,-0.344988984546967,0.113145294558936,11,0.0909090909090909,-0.0738372630041625,"-0.137941797852273",0.00485066056720181,0.570442931703951
140289,-0.202797454147822,-0.0566976133252332,-0.340838918948467,0.239661903652703,-0.0501031500428634,-0.139287693185075,1.60658776930276,NA,-1.36692453749126,-0.0621397918684502,-1.15890855251585,10,0.1,-0.153144803856956,"-0.276969799506877",0.00485066056720181,0.570442931703951
140290,1.20837225338092,0.65227200786936,-0.701004792651226,-0.127656169928072,0.395214435013935,0.692577024926186,0.825818824799667,NA,1.43402188787639,0.644983189827844,2.23323503968358,10,0.1,0.725783370079859,"1.26381215270594",0.00485066056720181,0.570442931703951
140291,0.251231060448383,0.51972551347211,-0.53579108911785,1.70893419797581,0.617873227542334,-0.416575932555496,1.60658776930276,-1.03971736582442,-0.783394032206331,-1.19353656258252,-0.0281940217827077,11,0.0909090909090909,0.0642857058792789,"0.104191045254151",0.00485066056720181,0.570442931703951
140292,NA,-0.207738967405821,-0.611789392743203,0.117222545792445,NA,NA,-0.735719064206513,NA,-0.549981830092359,NA,-0.310872654465994,6,0.166666666666667,-0.383146560520241,"-0.680168338537335",0.00485066056720181,0.570442931703951
140294,NA,NA,-1.98306313207022,0.362101261512963,NA,NA,-0.735719064206513,NA,NA,0.0792848044708086,-0.876229919832567,5,0.2,-0.630725210025106,"-1.11417958794546",0.00485066056720181,0.570442931703951
140300,NA,NA,NA,NA,NA,NA,NA,NA,NA,NA,-0.734890603490924,1,1,-0.734890603490924,"-1.29678399528673",0.00485066056720181,0.570442931703951
140304,NA,0.615282288502686,0.151497917580993,-1.2296103906704,-0.569640332609128,1.10850938398182,0.0450498802965776,NA,-1.25021843643427,NA,-0.452211970807637,8,0.125,-0.19766770751992,"-0.355019506477513",0.00485066056720181,0.570442931703951
140308,NA,NA,NA,-0.617413601369107,NA,NA,0.0450498802965776,NA,NA,NA,0.537163243583865,3,0.333333333333333,-0.0117334924962213,"-0.0290724139816847",0.00485066056720181,0.570442931703951
141300,NA,NA,0.0325440510369628,NA,NA,NA,NA,NA,NA,NA,-0.593551287149281,2,0.5,-0.280503618056159,"-0.500232823940843",0.00485066056720181,0.570442931703951
141301,NA,NA,-1.21316727360469,0.60697997723348,NA,NA,0.0450498802965776,NA,NA,NA,0.254484610900575,4,0.25,-0.0766632012935149,"-0.142895734753395",0.00485066056720181,0.570442931703951
141302,NA,NA,NA,NA,NA,NA,NA,NA,NA,0.503558593488585,0.254484610900575,2,0.5,0.37902160219458,"0.65593054244656",0.00485066056720181,0.570442931703951
141303,NA,NA,NA,0.484540619373221,NA,NA,NA,NA,NA,NA,NA,1,1,0.484540619373221,"0.840907884287661",0.00485066056720181,0.570442931703951
141304,NA,NA,NA,0.362101261512963,NA,NA,NA,NA,NA,NA,0.537163243583865,2,0.5,0.449632252548414,"0.779712688616582",0.00485066056720181,0.570442931703951
141305,NA,-0.781079617589275,-0.651440681591213,0.851858692953996,NA,NA,NA,NA,0.967197483648454,0.927832382506361,-0.452211970807637,6,0.166666666666667,0.143692714853448,"0.243393416886621",0.00485066056720181,0.570442931703951
141306,NA,NA,NA,NA,NA,NA,NA,NA,NA,NA,0.254484610900575,1,1,0.254484610900575,"0.437614240547604",0.00485066056720181,0.570442931703951
141307,NA,NA,0.670268946675794,NA,NA,NA,NA,NA,NA,NA,0.254484610900575,2,0.5,0.462376778788184,"0.802054145634379",0.00485066056720181,0.570442931703951
141308,NA,NA,NA,NA,NA,NA,NA,NA,NA,NA,NA,0,NA,NA,"NaN",0.00485066056720181,0.570442931703951
141309,NA,NA,NA,0.729419335093738,NA,NA,NA,NA,NA,NA,0.113145294558936,2,0.5,0.421282314826337,"0.730014574841389",0.00485066056720181,0.570442931703951
141310,NA,1.82977807437516,-1.09090913298999,-1.10717103281014,NA,NA,0.0450498802965776,NA,0.26696087730654,NA,-1.58292650154078,6,0.166666666666667,-0.273202972560439,"-0.4874346190899",0.00485066056720181,0.570442931703951
141311,NA,-1.067749942681,1.25842973125461,0.729419335093738,NA,NA,-1.5164880087096,NA,-1.48363063854824,NA,-0.169533338124351,6,0.166666666666667,-0.374925476952475,"-0.665756583897464",0.00485066056720181,0.570442931703951
141312,NA,0.18990051578593,0.339841539609042,0.362101261512963,NA,NA,NA,NA,-0.199863526921402,NA,0.537163243583865,5,0.2,0.24582860671408,"0.422440059739299",0.00485066056720181,0.570442931703951
141313,NA,NA,-1.43455363633942,0.60697997723348,NA,NA,NA,NA,NA,NA,-0.169533338124351,3,0.333333333333333,-0.332368999076762,"-0.591154068009339",0.00485066056720181,0.570442931703951
141315,NA,1.72805634611681,0.465403954294408,0.117222545792445,NA,NA,NA,NA,-0.0831574258644167,NA,-0.452211970807637,5,0.2,0.355062689906322,"0.613930000487539",0.00485066056720181,0.570442931703951
141316,NA,2.42777853746973,1.04365191666122,NA,NA,NA,NA,NA,NA,NA,-0.734890603490924,3,0.333333333333333,0.912179950213345,"1.59056978221448",0.00485066056720181,0.570442931703951
141317,NA,1.2286951346667,0.967653613035871,-0.0052168120678136,NA,NA,0.0450498802965776,NA,-0.316569627978388,0.0792848044708086,-0.452211970807637,7,0.142857142857143,0.220955003088017,"0.378836042152889",0.00485066056720181,0.570442931703951
141318,NA,0.513560560244331,-0.568833829824526,-0.862292317089623,NA,NA,NA,NA,NA,NA,0.395823927242222,4,0.25,-0.130435414856899,"-0.237159701532268",0.00485066056720181,0.570442931703951
141319,NA,-0.87971886923374,-0.0930183636484029,NA,NA,NA,-1.5164880087096,NA,-0.783394032206331,NA,0.537163243583865,5,0.2,-0.547091206042842,"-0.967567193726736",0.00485066056720181,0.570442931703951
141320,NA,-0.503656722339216,-2.422531583469,NA,NA,NA,NA,NA,-0.433275729035377,0.644983189827844,-1.44158718519914,5,0.2,-0.831213606042978,"-1.46564050519971",0.00485066056720181,0.570442931703951
141321,NA,NA,-2.37627174647966,NA,NA,NA,NA,NA,NA,NA,-0.452211970807637,2,0.5,-1.41424185864365,"-2.48770287147205",0.00485066056720181,0.570442931703951
141322,NA,0.858797940999959,0.911480953834523,0.484540619373221,NA,NA,0.0450498802965776,NA,1.43402188787639,NA,0.537163243583865,6,0.166666666666667,0.71184242099409,"1.23937333803937",0.00485066056720181,0.570442931703951
141323,NA,-4.08857702429275,1.08330320550923,-1.2296103906704,NA,NA,NA,NA,-0.199863526921402,NA,-0.0281940217827077,5,0.2,-0.892588351631605,"-1.57323189108172",0.00485066056720181,0.570442931703951
141324,NA,-0.429677283605867,-0.0864098155070679,0.239661903652703,-0.198542345061796,-0.971152411296336,NA,NA,0.150254776249555,NA,-0.452211970807637,7,0.142857142857143,-0.249725306625207,"-0.446277713411179",0.00485066056720181,0.570442931703951
141325,NA,1.62941709447234,0.329928717397039,-0.127656169928072,NA,NA,NA,NA,NA,NA,-0.0281940217827077,4,0.25,0.450873905039651,"0.781889334907084",0.00485066056720181,0.570442931703951
141326,NA,0.0265292552497843,-0.449879963280495,-0.984731674949884,NA,NA,NA,NA,0.150254776249555,NA,-0.310872654465994,5,0.2,-0.313740052239407,"-0.558497082004254",0.00485066056720181,0.570442931703951
141327,NA,NA,-0.119452556213743,NA,-0.94073832015646,-0.277931812870285,NA,NA,0.500373079420508,0.220709400810067,0.254484610900575,6,0.166666666666667,-0.0604259330182228,"-0.114431418039381",0.00485066056720181,0.570442931703951
141328,NA,NA,-0.466401333633833,NA,NA,NA,NA,NA,0.150254776249555,NA,-1.3002478688575,3,0.333333333333333,-0.538798142080592,"-0.953029255746721",0.00485066056720181,0.570442931703951
141329,NA,NA,NA,NA,NA,NA,NA,NA,NA,NA,-0.169533338124351,1,1,-0.169533338124351,"-0.305699289095679",0.00485066056720181,0.570442931703951
141330,NA,NA,NA,-0.739852959229365,NA,NA,0.0450498802965776,NA,NA,NA,0.113145294558936,3,0.333333333333333,-0.193885928124617,"-0.34838995742866",0.00485066056720181,0.570442931703951
141331,NA,-0.67935788933092,0.987479257459876,-0.0052168120678136,NA,NA,NA,NA,NA,NA,-0.452211970807637,4,0.25,-0.0373268536866238,"-0.0739381836634185",0.00485066056720181,0.570442931703951
141332,NA,NA,-0.651440681591213,-0.37253488564859,NA,NA,NA,NA,NA,NA,0.113145294558936,3,0.333333333333333,-0.303610090893623,"-0.540739019308088",0.00485066056720181,0.570442931703951
141333,NA,NA,-0.793524466629917,NA,NA,NA,NA,NA,NA,NA,0.395823927242222,2,0.5,-0.198850269693847,"-0.357092566039132",0.00485066056720181,0.570442931703951
141334,NA,NA,NA,-0.25009552778833,NA,NA,0.0450498802965776,NA,NA,NA,-0.452211970807637,3,0.333333333333333,-0.219085872766463,"-0.392566058562163",0.00485066056720181,0.570442931703951
141335,NA,NA,NA,NA,NA,NA,NA,NA,NA,NA,-0.310872654465994,1,1,-0.310872654465994,"-0.553470465643442",0.00485066056720181,0.570442931703951
141336,NA,0.45807598119432,-0.106235459931073,-0.37253488564859,NA,NA,-2.29725695321269,NA,-0.433275729035377,NA,-0.593551287149281,6,0.166666666666667,-0.557463055630449,"-0.985749292252571",0.00485066056720181,0.570442931703951
141337,NA,-2.47027680200074,0.263843235983689,0.362101261512963,NA,NA,0.0450498802965776,NA,0.26696087730654,NA,-1.01756923617421,6,0.166666666666667,-0.424981797179197,"-0.753506501452233",0.00485066056720181,0.570442931703951
141338,NA,NA,0.957740790823868,-0.617413601369107,NA,NA,NA,NA,NA,NA,0.113145294558936,3,0.333333333333333,0.151157494671232,"0.256479353100234",0.00485066056720181,0.570442931703951
141339,NA,-0.904378682144856,-1.19334162918069,-0.127656169928072,NA,NA,0.0450498802965776,NA,0.73378528153448,NA,-0.593551287149281,6,0.166666666666667,-0.34001543442864,"-0.604558450686213",0.00485066056720181,0.570442931703951
141340,NA,0.550550279611006,0.673573220746461,-0.494974243508849,NA,NA,0.825818824799667,NA,-0.0831574258644167,NA,0.678502559925508,6,0.166666666666667,0.358385535951563,"0.619755028479938",0.00485066056720181,0.570442931703951
141341,NA,NA,1.68137681230005,NA,NA,NA,NA,NA,0.26696087730654,NA,0.254484610900575,3,0.333333333333333,0.734274100169057,"1.27869660409854",0.00485066056720181,0.570442931703951
141342,NA,NA,-1.39820662156207,-0.617413601369107,NA,NA,NA,NA,NA,NA,-0.0281940217827077,3,0.333333333333333,-0.681271414904629,"-1.20278828492508",0.00485066056720181,0.570442931703951
141343,NA,2.27365470677526,-0.245014970899109,NA,NA,NA,NA,NA,NA,-0.203564388207709,0.961181192608791,4,0.25,0.696564135069307,"1.21259014014936",0.00485066056720181,0.570442931703951
141344,NA,NA,1.26503827939595,NA,NA,NA,NA,NA,NA,NA,0.113145294558936,2,0.5,0.689091786977441,"1.19949093657163",0.00485066056720181,0.570442931703951
141345,NA,NA,-0.172320941344423,NA,NA,NA,NA,NA,-0.316569627978388,NA,0.113145294558936,3,0.333333333333333,-0.125248424921292,"-0.228066785050486",0.00485066056720181,0.570442931703951
141346,NA,NA,0.997392079671878,NA,NA,NA,NA,NA,NA,NA,-0.169533338124351,2,0.5,0.413929370773764,"0.71712468937886",0.00485066056720181,0.570442931703951
141347,NA,-0.109099715761355,1.2286912646186,NA,NA,NA,NA,NA,NA,NA,-0.0281940217827077,3,0.333333333333333,0.363799175691514,"0.629245267448769",0.00485066056720181,0.570442931703951
141348,NA,-0.0443677068696751,-0.413532948503152,0.362101261512963,NA,NA,NA,NA,NA,NA,-0.876229919832567,4,0.25,-0.243007328423108,"-0.434500938156849",0.00485066056720181,0.570442931703951
141349,NA,0.479653317491546,1.3311237608093,0.974298050814256,NA,NA,0.0450498802965776,NA,NA,NA,-0.452211970807637,5,0.2,0.475582607720808,"0.825204277222787",0.00485066056720181,0.570442931703951
141350,NA,0.467323411035988,-0.611789392743203,-0.127656169928072,0.395214435013935,-1.10979653098155,NA,NA,-1.01680623432031,NA,-2.00694445056571,7,0.142857142857143,-0.572922133212702,"-1.01284942220961",0.00485066056720181,0.570442931703951
141351,NA,-1.56402867751722,0.134976547227656,-0.37253488564859,NA,NA,NA,NA,NA,NA,-0.310872654465994,4,0.25,-0.528114917601036,"-0.93430130964413",0.00485066056720181,0.570442931703951
141352,NA,NA,NA,-1.2296103906704,-0.569640332609128,-0.139287693185075,-1.5164880087096,NA,NA,NA,NA,4,0.25,-0.863756606293551,"-1.52268915711895",0.00485066056720181,0.570442931703951
141353,NA,NA,NA,0.362101261512963,NA,NA,NA,NA,NA,NA,0.537163243583865,2,0.5,0.449632252548414,"0.779712688616582",0.00485066056720181,0.570442931703951
141354,NA,NA,NA,NA,NA,NA,NA,NA,NA,NA,-1.01756923617421,1,1,-1.01756923617421,"-1.79232634838226",0.00485066056720181,0.570442931703951
141355,NA,0.510478083630442,1.27495110160795,1.34161612439503,0.6920928250518,0.553932905240976,0.825818824799667,NA,-1.36692453749126,NA,-0.310872654465994,8,0.125,0.440136584096077,"0.763066556418969",0.00485066056720181,0.570442931703951
150001,NA,0.424168738441535,0.455491132082405,0.117222545792445,NA,NA,-0.735719064206513,NA,0.850491382591465,NA,0.113145294558936,6,0.166666666666667,0.204133338210045,"0.349347264322433",0.00485066056720181,0.570442931703951
150002,-4.09271743055315,-1.78904947033115,-1.60307161394346,-0.494974243508849,-1.01495791766593,0.831221144611397,0.0450498802965776,NA,-1.01680623432031,NA,-1.44158718519914,9,0.111111111111111,-1.17521034117933,"-2.06867494741607",0.00485066056720181,0.570442931703951
150005,0.639814023391082,0.300869673885953,0.597574917121109,0.974298050814256,-0.643859930118594,0.138000546185346,0.0450498802965776,NA,-0.0831574258644167,-0.203564388207709,1.10252050895044,10,0.1,0.286754585645404,"0.494184272274418",0.00485066056720181,0.570442931703951
150006,0.635723676412737,-0.734842468380932,-0.591963748319198,-0.0052168120678136,0.469434032523402,0.138000546185346,-0.735719064206513,NA,-0.900100133263316,NA,-0.876229919832567,9,0.111111111111111,-0.28899043232765,"-0.51511041081205",0.00485066056720181,0.570442931703951
150007,1.06111976216053,0.442663598124872,0.931306598258528,-0.0052168120678136,0.0983360449760701,0.138000546185346,-0.735719064206513,NA,0.26696087730654,0.927832382506361,1.66787777431701,10,0.1,0.479316170756093,"0.831749301848007",0.00485066056720181,0.570442931703951
150008,NA,1.37048905890562,-0.0302371563057201,0.239661903652703,0.320994837504468,-1.66437300972239,0.0450498802965776,NA,-1.71704284066222,NA,-0.310872654465994,8,0.125,-0.218291247599618,"-0.3911730617825",0.00485066056720181,0.570442931703951
150009,-0.28869474069305,0.729333923216599,0.8222655539265,0.117222545792445,NA,NA,0.0450498802965776,NA,-0.316569627978388,NA,-0.876229919832567,7,0.142857142857143,0.0331968021040165,"0.0496914589723163",0.00485066056720181,0.570442931703951
150010,NA,1.08690121042779,-0.588659474248531,0.729419335093738,1.1374104101086,0.276644665870556,NA,NA,0.967197483648454,-0.627838177225485,0.678502559925508,8,0.125,0.457447251700078,"0.793412567635715",0.00485066056720181,0.570442931703951
150011,NA,0.778653549038832,0.858612568703842,0.974298050814256,0.9147516175802,1.38579762335224,-0.735719064206513,NA,-1.71704284066222,NA,0.537163243583865,8,0.125,0.374564343525563,"0.648116862196893",0.00485066056720181,0.570442931703951
150012,0.181695161816532,-0.127594575444693,0.00280558440095512,-0.494974243508849,0.395214435013935,0.415288785555766,-1.5164880087096,NA,1.08390358470544,-0.203564388207709,0.113145294558936,10,0.1,-0.0150568369819288,"-0.0348983157520519",0.00485066056720181,0.570442931703951
150015,-0.550476947307079,0.510478083630442,0.168019287934331,0.60697997723348,0.0241164474666027,1.38579762335224,-0.735719064206513,NA,-0.549981830092359,-0.769262773564744,-0.452211970807637,10,0.1,-0.036226116636124,"-0.0720085654854671",0.00485066056720181,0.570442931703951
150017,0.611181594542672,-0.420429853764199,0.072195339884973,1.09673740867451,NA,NA,0.0450498802965776,-0.844254958572969,0.500373079420508,NA,-0.452211970807637,8,0.125,0.0760800649593051,"0.124866836686601",0.00485066056720181,0.570442931703951
150018,0.075346140379583,-0.139924481900251,1.00730490188388,0.239661903652703,0.172555642485536,0.553932905240976,-0.735719064206513,-0.257867736818618,1.31731578681941,-0.0621397918684502,0.254484610900575,11,0.0909090909090909,0.22045007423353,"0.377950889885371",0.00485066056720181,0.570442931703951
150021,0.431206327495528,0.202230422241488,0.9544365167532,-1.59692846425118,-2.35091067283632,-0.277931812870285,-2.29725695321269,-0.355598940444343,-1.60033673960523,NA,-0.734890603490924,10,0.1,-0.762598092022076,"-1.34535588038028",0.00485066056720181,0.570442931703951
150022,NA,0.794065932108279,0.240713317489016,0.239661903652703,NA,NA,NA,NA,0.967197483648454,NA,0.113145294558936,5,0.2,0.470956786291478,"0.817095102453082",0.00485066056720181,0.570442931703951
150023,1.37607647949304,0.165240702874814,-0.023628608164385,0.484540619373221,-0.643859930118594,1.10850938398182,0.825818824799667,0.328519484935734,0.150254776249555,-2.18350873695733,-2.14828376690736,11,0.0909090909090909,-0.0509382518581656,"-0.0977992877547317",0.00485066056720181,0.570442931703951
150024,NA,-0.303295742436396,-1.84758789517286,0.60697997723348,0.617873227542334,-0.832508291611126,0.0450498802965776,NA,-0.433275729035377,NA,-0.0281940217827077,8,0.125,-0.271869824370759,"-0.485097578668173",0.00485066056720181,0.570442931703951
150026,-0.7468136022676,0.7879009788805,0.0589782436023029,-0.617413601369107,1.28584960512753,0.138000546185346,0.0450498802965776,NA,0.500373079420508,NA,0.819841876267148,9,0.111111111111111,0.252418556238134,"0.433992397681975",0.00485066056720181,0.570442931703951
150030,NA,0.162158226260924,-0.48292270398717,1.34161612439503,NA,NA,0.0450498802965776,NA,-1.25021843643427,1.63495536420266,0.113145294558936,7,0.142857142857143,0.223397678470383,"0.383118110080471",0.00485066056720181,0.570442931703951
150034,-0.309146475584771,0.229972711766494,-0.0963226377190704,1.09673740867451,NA,NA,-2.29725695321269,-1.82156699483022,0.26696087730654,0.362133997149326,0.254484610900575,9,0.111111111111111,-0.257111495061034,"-0.459225877066681",0.00485066056720181,0.570442931703951
150035,-0.808168806942763,-0.482079386041989,0.47531677650641,0.484540619373221,-0.643859930118594,0.969865264296607,-1.5164880087096,0.523981892187183,0.26696087730654,-1.33496115892178,0.113145294558936,11,0.0909090909090909,-0.177431506045984,"-0.319544964942764",0.00485066056720181,0.570442931703951
150037,NA,-1.36675017422829,0.273756058195692,0.117222545792445,-0.272761942571262,-0.277931812870285,0.0450498802965776,NA,-0.900100133263316,0.220709400810067,0.678502559925508,9,0.111111111111111,-0.164700401990318,"-0.297227037332305",0.00485066056720181,0.570442931703951
150042,0.623452635477705,0.334776916638738,-0.532486815047183,-1.96424653783195,0.0983360449760701,-1.8030171294076,-1.5164880087096,NA,0.500373079420508,0.220709400810067,1.10252050895044,10,0.1,-0.293606990472281,"-0.523203346823792",0.00485066056720181,0.570442931703951
150044,0.251231060448383,0.421086261827645,-0.132669652496413,1.09673740867451,NA,NA,-0.735719064206513,0.719444299438634,-0.549981830092359,0.0792848044708086,-0.0281940217827077,9,0.111111111111111,0.124579918475777,"0.209888231152126",0.00485066056720181,0.570442931703951
150045,NA,-0.392687564239193,0.138280821298323,0.484540619373221,NA,NA,0.0450498802965776,NA,-0.900100133263316,NA,-0.593551287149281,6,0.166666666666667,-0.203077943947278,"-0.364503779358582",0.00485066056720181,0.570442931703951
150046,0.0262619766394526,-0.497491769111437,-0.00710723781104746,0.729419335093738,0.0983360449760701,0.831221144611397,0.0450498802965776,-0.551061347695793,-1.95045504277619,NA,-0.734890603490924,10,0.1,-0.201071761926815,"-0.36098689465555",0.00485066056720181,0.570442931703951
150047,NA,0.0974262173692437,-0.92239115538595,-0.127656169928072,NA,NA,NA,NA,NA,NA,0.254484610900575,4,0.25,-0.174534124261051,"-0.314465785898019",0.00485066056720181,0.570442931703951
150048,-0.673187356657404,1.05607644428889,-0.0302371563057201,-0.0052168120678136,-0.569640332609128,1.94037410209308,0.825818824799667,0.133057077684283,0.150254776249555,-1.6178103516003,0.678502559925508,11,0.0909090909090909,0.171635615981875,"0.292377985851232",0.00485066056720181,0.570442931703951
150051,1.0120355984204,0.612199811888796,0.726441605877142,-0.494974243508849,0.0241164474666027,-0.971152411296336,-0.735719064206513,0.426250688561459,0.850491382591465,-0.627838177225485,2.09189572334194,11,0.0909090909090909,0.264886123810057,"0.455848339580809",0.00485066056720181,0.570442931703951
150056,1.42107029625482,-0.318708125505844,0.0887167102383106,-0.0052168120678136,1.06319081259913,0.553932905240976,0.825818824799667,-1.13744856945014,0.033548675192569,0.503558593488585,-0.452211970807637,11,0.0909090909090909,0.234204667271148,"0.402063017975962",0.00485066056720181,0.570442931703951
150057,NA,0.673849344166587,-0.241710696828441,NA,NA,NA,0.0450498802965776,NA,-0.316569627978388,1.35210617152414,0.819841876267148,6,0.166666666666667,0.388761157907937,"0.673004214801942",0.00485066056720181,0.570442931703951
150058,1.53150966467012,0.279292337588726,-0.155799570991086,1.09673740867451,0.0983360449760701,0.969865264296607,-0.735719064206513,0.523981892187183,-2.18386724489016,0.220709400810067,0.395823927242222,11,0.0909090909090909,0.185533641850704,"0.316741555099632",0.00485066056720181,0.570442931703951
150059,1.11429427287901,0.766323642583273,-0.370577385584474,-0.25009552778833,0.766312422561267,-2.91217008688928,0.0450498802965776,NA,-0.900100133263316,NA,0.819841876267148,9,0.111111111111111,-0.102346782104236,"-0.18791966157111",0.00485066056720181,0.570442931703951
150061,NA,0.32552948679707,1.2187784424066,-1.47448910639092,-1.38605590521326,-0.277931812870285,0.0450498802965776,NA,0.967197483648454,NA,0.537163243583865,8,0.125,-0.00559478596773627,"-0.0183111157214918",0.00485066056720181,0.570442931703951
150065,NA,0.858797940999959,1.10312884993324,1.34161612439503,0.469434032523402,-0.971152411296336,0.825818824799667,NA,0.967197483648454,NA,1.38519914163372,8,0.125,0.747504998329642,"1.30189068263863",0.00485066056720181,0.570442931703951
150069,NA,-0.469749479586431,0.359667184033047,-1.35204974853066,0.469434032523402,0.553932905240976,0.825818824799667,NA,-1.25021843643427,NA,-0.452211970807637,8,0.125,-0.164422086095238,"-0.296739142961788",0.00485066056720181,0.570442931703951
150072,NA,1.7003140565918,0.386101376598387,0.974298050814256,0.543653630032868,-0.139287693185075,0.0450498802965776,NA,0.383666978363526,NA,1.10252050895044,8,0.125,0.624539598557848,"1.08632941798331",0.00485066056720181,0.570442931703951
150074,-0.714090826440846,-0.34645041503085,0.567836450485101,0.117222545792445,1.360069202637,0.969865264296607,0.825818824799667,0.621713095812908,-0.199863526921402,0.0792848044708086,0.678502559925508,11,0.0909090909090909,0.359991634529722,"0.622570557411748",0.00485066056720181,0.570442931703951
150075,NA,0.553632756224895,0.9544365167532,0.974298050814256,NA,NA,NA,NA,-0.316569627978388,NA,-0.169533338124351,5,0.2,0.399252871537923,"0.691396437839304",0.00485066056720181,0.570442931703951
150076,NA,1.99931428813909,1.53598875319068,-1.2296103906704,0.469434032523402,0.553932905240976,0.825818824799667,NA,0.033548675192569,NA,1.80921709065865,8,0.125,0.74970552238433,"1.3057482535408",0.00485066056720181,0.570442931703951
150082,0.185785508794876,-0.472831956200321,0.174627836075666,1.21917676653477,-0.718079527628061,-0.832508291611126,-0.735719064206513,-1.13744856945014,1.08390358470544,-1.6178103516003,-0.452211970807637,11,0.0909090909090909,-0.300283275944849,"-0.534907033733587",0.00485066056720181,0.570442931703951
150084,-0.926788869314744,-0.312543172278065,0.0457611473196329,-2.57644332713324,-0.421201137590195,-0.416575932555496,0.825818824799667,-0.0624053295671671,0.967197483648454,-0.486413580886226,1.52653845797536,11,0.0909090909090909,-0.167005039598365,"-0.301267121764877",0.00485066056720181,0.570442931703951
150086,NA,0.695426680463814,0.663660398534459,-0.617413601369107,NA,NA,0.825818824799667,NA,-1.01680623432031,0.644983189827844,0.537163243583865,7,0.142857142857143,0.247547500217177,"0.425453320851962",0.00485066056720181,0.570442931703951
150088,NA,-1.76747213403393,-1.61628871022613,-0.127656169928072,NA,NA,-0.735719064206513,NA,-0.433275729035377,0.362133997149326,-1.15890855251585,7,0.142857142857143,-0.782455194685221,"-1.38016585270097",0.00485066056720181,0.570442931703951
150089,-0.341869251411525,-0.626955786894798,0.48853387278908,-0.984731674949884,0.9147516175802,0.415288785555766,0.0450498802965776,0.621713095812908,0.033548675192569,0.786407786167103,-0.310872654465994,11,0.0909090909090909,0.0946240314247277,"0.157374850082491",0.00485066056720181,0.570442931703951
150090,-1.32764287319248,-0.241646210158605,0.191149206429004,NA,NA,NA,0.0450498802965776,NA,-0.199863526921402,NA,-0.0281940217827077,6,0.166666666666667,-0.260191257554935,"-0.464624773823455",0.00485066056720181,0.570442931703951
150091,NA,1.86985027035573,-2.392793116833,0.484540619373221,NA,NA,0.0450498802965776,NA,-0.0831574258644167,NA,-0.310872654465994,6,0.166666666666667,-0.0645637378563133,"-0.121685088140491",0.00485066056720181,0.570442931703951
150097,NA,0.473488364263767,0.842091198350505,-0.494974243508849,0.246775239995002,-0.555220052240705,-0.735719064206513,NA,-0.549981830092359,NA,1.24385982529208,8,0.125,0.0587899297316162,"0.0945568192129128",0.00485066056720181,0.570442931703951
150100,0.075346140379583,0.245385094835941,-0.297883356029789,1.21917676653477,2.10226517773166,0.692577024926186,0.825818824799667,0.817175503064359,0.383666978363526,2.48350294223821,1.24385982529208,11,0.0909090909090909,0.890080992921472,"1.55182978551427",0.00485066056720181,0.570442931703951
150101,NA,0.7879009788805,1.59876996053337,0.60697997723348,NA,NA,0.0450498802965776,NA,NA,NA,0.537163243583865,5,0.2,0.715172808105558,"1.24521158569986",0.00485066056720181,0.570442931703951
150102,NA,-3.5738034297732,-2.86860858300912,-0.739852959229365,NA,NA,NA,NA,-0.316569627978388,NA,-0.734890603490924,5,0.2,-1.6467450406962,"-2.89528646858674",0.00485066056720181,0.570442931703951
150104,NA,0.997509388624989,-0.631615037167209,0.851858692953996,0.988971215089666,-1.8030171294076,0.0450498802965776,NA,1.55072798893338,-1.05211196624326,1.52653845797536,9,0.111111111111111,0.274879054561768,"0.473366184392842",0.00485066056720181,0.570442931703951
150109,1.44970272510323,-0.0751924730085704,0.38279710252772,1.34161612439503,-0.94073832015646,0.553932905240976,-0.735719064206513,-0.551061347695793,-0.783394032206331,0.0792848044708086,1.24385982529208,11,0.0909090909090909,0.178644386341471,"0.30466452666025",0.00485066056720181,0.570442931703951
150112,0.410754592603807,0.528972943313779,0.742962976230479,-0.127656169928072,-1.46027550272272,-0.416575932555496,0.0450498802965776,-0.453330144070068,-1.48363063854824,-0.344988984546967,-0.0281940217827077,11,0.0909090909090909,-0.235173727428149,"-0.420768449664863",0.00485066056720181,0.570442931703951
150113,NA,1.51536545975843,0.818961279855832,-0.0052168120678136,1.06319081259913,-0.832508291611126,0.0450498802965776,NA,-0.666687931149345,0.786407786167103,0.961181192608791,9,0.111111111111111,0.40952704182862,"0.709407302239022",0.00485066056720181,0.570442931703951
150115,0.463929103322281,0.627612194958244,0.630617657827784,-1.71936782211143,2.77024155531686,-1.24844065066676,-0.735719064206513,NA,0.26696087730654,1.63495536420266,1.80921709065865,10,0.1,0.450000630660831,"0.780358464191917",0.00485066056720181,0.570442931703951
150125,-0.247791270909608,-0.589966067528123,-0.479618429916503,2.81088841871814,NA,NA,0.825818824799667,1.11036911394153,-1.25021843643427,-0.910687369904002,-0.593551287149281,9,0.111111111111111,0.0750270550686164,"0.123020885352708",0.00485066056720181,0.570442931703951
150126,0.31667661210189,0.704674110305483,0.663660398534459,-1.35204974853066,NA,NA,0.0450498802965776,0.523981892187183,1.43402188787639,-1.33496115892178,-0.593551287149281,9,0.111111111111111,0.0452780651889189,"0.0708701999356145",0.00485066056720181,0.570442931703951
150128,-0.791807419029386,0.362519206163744,-0.549008185400521,0.851858692953996,NA,NA,0.825818824799667,NA,-0.316569627978388,0.220709400810067,-0.593551287149281,8,0.125,0.00124620064623742,"-0.00631870380126832",0.00485066056720181,0.570442931703951
150133,NA,0.664601914324919,0.349754361821045,-0.25009552778833,1.06319081259913,0.415288785555766,0.0450498802965776,NA,-0.783394032206331,NA,0.678502559925508,8,0.125,0.272862344316036,"0.469830843461003",0.00485066056720181,0.570442931703951
150146,NA,0.128250983508139,-1.84758789517286,-0.25009552778833,NA,NA,NA,NA,0.500373079420508,NA,0.113145294558936,5,0.2,-0.271182813094721,"-0.483893231593548",0.00485066056720181,0.570442931703951
150149,NA,NA,NA,NA,NA,NA,0.825818824799667,NA,NA,NA,NA,1,1,0.825818824799667,"1.43917667939224",0.00485066056720181,0.570442931703951
150150,NA,1.23794256450837,-2.0061930505649,1.95381291369632,NA,NA,-2.29725695321269,NA,0.150254776249555,NA,-0.593551287149281,6,0.166666666666667,-0.259165172745436,"-0.462826022796015",0.00485066056720181,0.570442931703951
150153,0.607091247564328,0.757076212741605,NA,NA,NA,NA,NA,0.817175503064359,NA,NA,-0.0281940217827077,4,0.25,0.538287235396896,"0.935126977971809",0.00485066056720181,0.570442931703951
150157,NA,-0.315625648891954,-0.568833829824526,0.729419335093738,NA,NA,0.0450498802965776,NA,0.26696087730654,NA,1.24385982529208,6,0.166666666666667,0.233471739878743,"0.400778178859426",0.00485066056720181,0.570442931703951
150158,1.41288960229813,0.757076212741605,0.452186858011738,-0.37253488564859,-2.57356946536472,-0.139287693185075,1.60658776930276,NA,1.66743408999036,-1.75923494793955,1.80921709065865,10,0.1,0.286076463086531,"0.492995507331977",0.00485066056720181,0.570442931703951
150160,NA,NA,NA,NA,NA,NA,2.38735671380585,NA,NA,2.20065374955969,2.79859230505015,3,0.333333333333333,2.46220092280523,"4.30779334033952",0.00485066056720181,0.570442931703951
150161,NA,0.350189299708186,1.71441955300673,1.58649484011555,0.172555642485536,0.138000546185346,0.825818824799667,NA,-0.0831574258644167,NA,0.395823927242222,8,0.125,0.637518150959852,"1.10908112841863",0.00485066056720181,0.570442931703951
150162,-0.313236822563115,1.00059186523888,-0.135973926567081,1.58649484011555,-0.421201137590195,0.692577024926186,-1.5164880087096,-0.746523754947244,-0.0831574258644167,NA,0.537163243583865,10,0.1,0.0600245897622825,"0.0967212075540537",0.00485066056720181,0.570442931703951
150165,NA,-0.873553916005961,-0.354056015231137,1.46405548225529,NA,NA,0.0450498802965776,NA,0.033548675192569,0.0792848044708086,-0.452211970807637,7,0.142857142857143,-0.0082690085470701,"-0.0229990913816437",0.00485066056720181,0.570442931703951
150166,NA,NA,NA,0.974298050814256,NA,NA,-0.735719064206513,NA,NA,0.786407786167103,-0.452211970807637,4,0.25,0.143193700491802,"0.242518632865448",0.00485066056720181,0.570442931703951
150167,NA,NA,NA,NA,NA,NA,0.0450498802965776,NA,NA,NA,1.24385982529208,2,0.5,0.644454852794329,"1.12124133139241",0.00485066056720181,0.570442931703951
150168,NA,NA,NA,NA,NA,NA,0.825818824799667,NA,NA,0.220709400810067,1.52653845797536,3,0.333333333333333,0.857688894528366,"1.49504566813315",0.00485066056720181,0.570442931703951
150169,NA,-0.401934994080861,0.937915146399863,0.239661903652703,1.1374104101086,-1.52572889003718,-0.735719064206513,NA,0.617079180477497,1.35210617152414,0.678502559925508,9,0.111111111111111,0.255476935973751,"0.439353809955909",0.00485066056720181,0.570442931703951
150172,NA,NA,NA,-2.20912525355247,NA,NA,0.0450498802965776,NA,NA,NA,-0.452211970807637,3,0.333333333333333,-0.87209578135451,"-1.53730792894955",0.00485066056720181,0.570442931703951
150173,0.529374654975788,0.0789313576859064,0.947827968611866,-0.0052168120678136,0.543653630032868,-0.139287693185075,1.60658776930276,0.426250688561459,1.08390358470544,-0.344988984546967,0.961181192608791,11,0.0909090909090909,0.517110668789547,"0.898003954036543",0.00485066056720181,0.570442931703951
150177,NA,NA,NA,NA,-0.643859930118594,-1.38708477035197,0.0450498802965776,NA,NA,0.362133997149326,0.254484610900575,5,0.2,-0.273855242424816,"-0.488578063645219",0.00485066056720181,0.570442931703951
150179,NA,NA,NA,NA,NA,NA,NA,NA,NA,NA,NA,0,NA,NA,"NaN",0.00485066056720181,0.570442931703951
150181,NA,-0.192326584336373,0.293581702619697,0.362101261512963,NA,NA,0.0450498802965776,NA,NA,0.362133997149326,-0.310872654465994,6,0.166666666666667,0.0932779337960328,"0.155015108986788",0.00485066056720181,0.570442931703951
150183,NA,1.17629303223058,0.564532176414433,0.117222545792445,NA,NA,-0.735719064206513,NA,0.617079180477497,NA,-0.169533338124351,6,0.166666666666667,0.261645755430682,"0.450167896894465",0.00485066056720181,0.570442931703951
150193,NA,NA,NA,NA,NA,NA,1.60658776930276,NA,NA,NA,1.38519914163372,2,0.5,1.49589345546824,"2.61383341265566",0.00485066056720181,0.570442931703951
150195,NA,NA,NA,NA,NA,NA,NA,NA,NA,NA,NA,0,NA,NA,"NaN",0.00485066056720181,0.570442931703951
151300,NA,NA,NA,-0.862292317089623,NA,NA,NA,NA,NA,NA,0.537163243583865,2,0.5,-0.162564536752879,"-0.293482814871596",0.00485066056720181,0.570442931703951
151301,NA,NA,NA,-0.127656169928072,NA,NA,NA,NA,NA,NA,-0.310872654465994,2,0.5,-0.219264412197033,"-0.39287904242198",0.00485066056720181,0.570442931703951
151303,NA,NA,-1.52707331031811,-0.127656169928072,NA,NA,NA,NA,NA,NA,-0.310872654465994,3,0.333333333333333,-0.655200711570724,"-1.15708572313502",0.00485066056720181,0.570442931703951
151304,NA,1.78662340178071,1.33773230895063,-0.127656169928072,NA,NA,0.825818824799667,NA,NA,NA,-0.593551287149281,5,0.2,0.645793415690732,"1.12358786392355",0.00485066056720181,0.570442931703951
151305,NA,NA,0.693398865170466,NA,NA,NA,NA,NA,NA,NA,0.254484610900575,2,0.5,0.473941738035521,"0.822327793714812",0.00485066056720181,0.570442931703951
151306,NA,NA,1.05686901294389,-0.617413601369107,NA,NA,NA,NA,NA,NA,-0.169533338124351,3,0.333333333333333,0.0899740244834786,"0.149223277536296",0.00485066056720181,0.570442931703951
151307,NA,-0.435842236833646,-1.26603565873537,0.60697997723348,NA,NA,NA,NA,0.26696087730654,NA,-0.593551287149281,5,0.2,-0.284297665635656,"-0.506883879407801",0.00485066056720181,0.570442931703951
151308,NA,NA,NA,0.239661903652703,NA,NA,NA,NA,NA,NA,-0.0281940217827077,2,0.5,0.105733940934998,"0.176850785172236",0.00485066056720181,0.570442931703951
151309,NA,NA,NA,0.362101261512963,NA,NA,NA,NA,NA,NA,-0.452211970807637,2,0.5,-0.0450553546473371,"-0.0874864293005899",0.00485066056720181,0.570442931703951
151310,NA,1.32733438631117,-0.0930183636484029,0.239661903652703,NA,NA,-0.735719064206513,NA,NA,NA,0.395823927242222,5,0.2,0.226816557870236,"0.389111486823068",0.00485066056720181,0.570442931703951
151311,NA,0.547467802997116,-0.506052622481843,-0.37253488564859,NA,NA,-0.735719064206513,NA,NA,NA,-0.169533338124351,5,0.2,-0.247274421492836,"-0.441981253596962",0.00485066056720181,0.570442931703951
151312,NA,0.359436729549854,0.832178376138502,-0.984731674949884,0.0983360449760701,0.276644665870556,NA,NA,0.500373079420508,NA,1.95055640700029,7,0.142857142857143,0.433256232572272,"0.751005136877398",0.00485066056720181,0.570442931703951
151313,NA,NA,-0.529182540976515,0.729419335093738,NA,NA,NA,NA,NA,0.220709400810067,-0.0281940217827077,4,0.25,0.0981880432861455,"0.16362264747525",0.00485066056720181,0.570442931703951
151314,NA,NA,NA,-0.127656169928072,NA,NA,NA,NA,NA,NA,0.254484610900575,2,0.5,0.0634142204862515,"0.102663310673544",0.00485066056720181,0.570442931703951
151315,NA,-1.01843031685877,-0.367273111513807,-0.739852959229365,NA,NA,NA,NA,0.617079180477497,NA,0.961181192608791,5,0.2,-0.109459202903131,"-0.200387904060589",0.00485066056720181,0.570442931703951
151316,NA,NA,1.07339038329723,0.362101261512963,NA,NA,NA,NA,NA,NA,0.819841876267148,3,0.333333333333333,0.751777840359114,"1.30938107614164",0.00485066056720181,0.570442931703951
151317,NA,1.06840635074445,0.561227902343766,-0.127656169928072,NA,NA,0.0450498802965776,NA,-0.316569627978388,NA,0.254484610900575,6,0.166666666666667,0.247490491063151,"0.425353382451717",0.00485066056720181,0.570442931703951
151318,NA,-0.28171840613917,-0.710917614863229,0.484540619373221,NA,NA,0.0450498802965776,NA,-0.199863526921402,NA,-0.310872654465994,6,0.166666666666667,-0.162296950453333,"-0.293013729736739",0.00485066056720181,0.570442931703951
151319,NA,NA,NA,-0.127656169928072,-0.346981540080729,0.138000546185346,NA,NA,NA,NA,NA,3,0.333333333333333,-0.112212387941152,"-0.205214302785168",0.00485066056720181,0.570442931703951
151320,NA,1.87293274696962,2.11754098962817,-0.617413601369107,NA,NA,NA,NA,NA,NA,1.10252050895044,4,0.25,1.11889516104478,"1.95294645364411",0.00485066056720181,0.570442931703951
151322,NA,-0.799574477272612,-0.565529555753858,-0.0052168120678136,NA,NA,NA,NA,0.383666978363526,NA,-0.0281940217827077,5,0.2,-0.202969577702693,"-0.364313810759513",0.00485066056720181,0.570442931703951
151323,NA,0.763241165969384,0.392709924739722,-0.0052168120678136,NA,NA,NA,NA,NA,NA,-0.0281940217827077,4,0.25,0.280635064214646,"0.483456605945941",0.00485066056720181,0.570442931703951
151324,NA,-0.725595038539263,0.247321865630351,-0.37253488564859,0.543653630032868,-1.10979653098155,0.825818824799667,NA,NA,NA,1.24385982529208,7,0.142857142857143,0.0932468129407955,"0.154960553388835",0.00485066056720181,0.570442931703951
151325,NA,NA,NA,NA,NA,NA,NA,NA,NA,NA,-0.0281940217827077,1,1,-0.0281940217827077,"-0.0579281125479159",0.00485066056720181,0.570442931703951
151326,NA,-0.861224009550403,-3.15608042715719,-0.984731674949884,NA,NA,NA,NA,-0.199863526921402,NA,-0.593551287149281,5,0.2,-1.15909018514563,"-2.04041593124148",0.00485066056720181,0.570442931703951
151327,NA,NA,0.78261426507849,0.60697997723348,NA,NA,0.0450498802965776,NA,NA,NA,0.395823927242222,4,0.25,0.457617012462692,"0.793710162282224",0.00485066056720181,0.570442931703951
151328,NA,0.109756123824802,0.756180072513149,-0.617413601369107,-0.198542345061796,-3.32810244594491,0.0450498802965776,NA,-0.433275729035377,NA,0.537163243583865,8,0.125,-0.391148100149099,"-0.694195227440941",0.00485066056720181,0.570442931703951
151329,NA,-0.855059056322623,-2.0061930505649,NA,0.469434032523402,-0.971152411296336,NA,NA,-1.01680623432031,0.220709400810067,-0.169533338124351,7,0.142857142857143,-0.61837152247072,"-1.09252328042056",0.00485066056720181,0.570442931703951
151330,NA,1.7311388227307,0.828874102067835,-0.494974243508849,NA,NA,0.0450498802965776,NA,NA,NA,-0.310872654465994,5,0.2,0.359843181424054,"0.622310315593649",0.00485066056720181,0.570442931703951
151331,NA,-1.64725554609223,0.0821081620969756,-0.862292317089623,NA,NA,NA,NA,0.73378528153448,NA,0.113145294558936,5,0.2,-0.316101824998293,"-0.562637325712476",0.00485066056720181,0.570442931703951
151332,NA,1.18554046207225,1.27825537567862,0.484540619373221,0.469434032523402,-1.52572889003718,0.0450498802965776,NA,0.73378528153448,NA,0.395823927242222,8,0.125,0.383337586085449,"0.663496564656664",0.00485066056720181,0.570442931703951
151333,NA,0.25463252467761,1.59216141239203,-0.25009552778833,NA,NA,NA,NA,NA,NA,0.537163243583865,4,0.25,0.533465413216294,"0.926674209232614",0.00485066056720181,0.570442931703951
151334,NA,-1.82603918969783,1.53268447912002,0.484540619373221,NA,NA,NA,NA,-0.199863526921402,NA,-0.310872654465994,5,0.2,-0.0639100545183973,"-0.120539165732506",0.00485066056720181,0.570442931703951
160001,NA,0.32244701018318,0.772701442866487,-0.37253488564859,NA,NA,0.0450498802965776,NA,0.850491382591465,NA,-0.310872654465994,6,0.166666666666667,0.217880362637187,"0.373446124459202",0.00485066056720181,0.570442931703951
160013,NA,0.889622707138855,0.541402257919761,1.58649484011555,NA,NA,0.0450498802965776,NA,0.850491382591465,NA,1.52653845797536,6,0.166666666666667,0.906599921006262,"1.58078785856015",0.00485066056720181,0.570442931703951
160016,1.77284013639242,0.310117103727622,0.191149206429004,-0.37253488564859,NA,NA,0.0450498802965776,NA,0.73378528153448,NA,-0.310872654465994,7,0.142857142857143,0.338504866895074,"0.584903743712321",0.00485066056720181,0.570442931703951
160028,-0.603651458025553,0.430333691669314,0.746267250301147,0.974298050814256,NA,NA,0.0450498802965776,NA,NA,NA,-0.169533338124351,6,0.166666666666667,0.237127346155232,"0.407186543436",0.00485066056720181,0.570442931703951
160029,-0.41549549702172,-0.241646210158605,-0.311100452312459,0.60697997723348,1.73116719018433,1.24715350366703,0.825818824799667,NA,-0.199863526921402,0.786407786167103,-0.0281940217827077,10,0.1,0.400122757385471,"0.692921368378719",0.00485066056720181,0.570442931703951
160030,0.431206327495528,0.0111168721803366,0.42244839137573,0.362101261512963,0.0983360449760701,-0.000643573499865181,-0.735719064206513,NA,1.08390358470544,0.786407786167103,-0.310872654465994,10,0.1,0.21482849762408,"0.368096132648467",0.00485066056720181,0.570442931703951
160032,NA,2.0547988671891,2.2364948561722,-0.494974243508849,0.840532020070734,0.553932905240976,0.0450498802965776,NA,NA,NA,2.23323503968358,7,0.142857142857143,1.06700990359205,"1.86199036571827",0.00485066056720181,0.570442931703951
160033,-0.137351902494315,-0.932120971669862,0.164715013863664,-1.47448910639092,-1.53449510023219,-1.10979653098155,-1.5164880087096,-0.844254958572969,-3.35092825546001,-0.486413580886226,-1.01756923617421,11,0.0909090909090909,-1.11265387615529,"-1.95901197931304",0.00485066056720181,0.570442931703951
160040,NA,NA,NA,-0.0052168120678136,NA,NA,0.0450498802965776,NA,NA,1.06925697884562,0.961181192608791,4,0.25,0.517567809920794,"0.898805333290873",0.00485066056720181,0.570442931703951
160045,-0.100538779689217,0.85571546438607,-0.816654385124589,1.58649484011555,NA,NA,-0.735719064206513,-0.160136533192892,-1.71704284066222,-0.203564388207709,-0.169533338124351,9,0.111111111111111,-0.162331002745096,"-0.293073424212507",0.00485066056720181,0.570442931703951
160047,0.103978569227992,0.109756123824802,0.148193643510326,1.46405548225529,NA,NA,-0.735719064206513,NA,0.150254776249555,-0.203564388207709,-1.15890855251585,8,0.125,-0.015244176232764,"-0.0352267259056768",0.00485066056720181,0.570442931703951
160057,0.558007083824198,-0.136842005286361,0.253930413771687,0.117222545792445,0.617873227542334,-0.971152411296336,-1.5164880087096,NA,1.78414019104735,-0.627838177225485,2.23323503968358,10,0.1,0.231208789914381,"0.396811173855784",0.00485066056720181,0.570442931703951
160058,-0.431856884935097,-0.0474501834835646,0.313407347043702,-0.494974243508849,0.320994837504468,-2.77352596720407,1.60658776930276,0.426250688561459,0.73378528153448,0.220709400810067,2.09189572334194,11,0.0909090909090909,0.178711251724299,"0.304781743263545",0.00485066056720181,0.570442931703951
160064,-1.04949927866507,-0.127594575444693,0.759484346583817,0.729419335093738,1.21163000761807,-0.277931812870285,-0.735719064206513,0.914906706690084,-0.0831574258644167,-0.627838177225485,0.961181192608791,11,0.0909090909090909,0.15226193221073,"0.258415458323239",0.00485066056720181,0.570442931703951
160067,1.14701704870576,1.1423857894778,0.00610985847162263,-0.0052168120678136,1.21163000761807,-0.555220052240705,0.0450498802965776,NA,1.78414019104735,0.927832382506361,1.52653845797536,10,0.1,0.723026675179038,"1.25897960110856",0.00485066056720181,0.570442931703951
160069,1.85873742293765,-0.830399243411507,1.26834255346661,-2.20912525355247,NA,NA,-1.5164880087096,NA,0.500373079420508,NA,-0.876229919832567,7,0.142857142857143,-0.257827052811624,"-0.46048026678881",0.00485066056720181,0.570442931703951
160079,-0.591380417090521,0.760158689355494,0.138280821298323,0.117222545792445,1.21163000761807,-0.971152411296336,0.0450498802965776,1.30583152119298,1.43402188787639,1.06925697884562,-0.169533338124351,11,0.0909090909090909,0.395398742342245,"0.684640057873012",0.00485066056720181,0.570442931703951
160080,1.87509881085103,1.21328275159726,1.04365191666122,0.729419335093738,-0.569640332609128,-0.971152411296336,0.825818824799667,NA,-0.316569627978388,NA,0.678502559925508,9,0.111111111111111,0.500934647449397,"0.869647004653663",0.00485066056720181,0.570442931703951
160082,-0.0882677387541848,0.248467571449831,0.105238080591648,1.70893419797581,0.988971215089666,1.24715350366703,0.0450498802965776,1.69675633569588,0.850491382591465,0.503558593488585,2.09189572334194,11,0.0909090909090909,0.854386249584931,"1.48925605315173",0.00485066056720181,0.570442931703951
160083,0.39439320469043,0.202230422241488,0.686790317029132,1.95381291369632,0.543653630032868,-0.000643573499865181,1.60658776930276,-1.33291097670159,0.383666978363526,0.220709400810067,1.95055640700029,11,0.0909090909090909,0.600804226633221,"1.04472074758796",0.00485066056720181,0.570442931703951
160089,NA,0.772488595811052,0.964349338965203,-0.25009552778833,NA,NA,-1.5164880087096,NA,NA,NA,0.537163243583865,5,0.2,0.101483528372438,"0.169399711057138",0.00485066056720181,0.570442931703951
160101,NA,NA,NA,-0.25009552778833,-0.198542345061796,-0.139287693185075,0.825818824799667,NA,NA,NA,0.537163243583865,5,0.2,0.155011300469666,"0.263235166143482",0.00485066056720181,0.570442931703951
160104,NA,0.646107054641581,-0.39040303000848,NA,NA,NA,-0.735719064206513,NA,0.73378528153448,-0.344988984546967,-0.310872654465994,6,0.166666666666667,-0.0670152328419821,"-0.125982617042016",0.00485066056720181,0.570442931703951
160110,-0.255971964866297,-0.109099715761355,0.478621050577078,0.484540619373221,1.06319081259913,-2.35759360814844,0.0450498802965776,1.11036911394153,0.26696087730654,-0.486413580886226,-0.876229919832567,11,0.0909090909090909,-0.0578705850364363,"-0.10995183237048",0.00485066056720181,0.570442931703951
160112,NA,-0.602295973983681,0.0688910658143055,0.60697997723348,1.43428880014646,-1.52572889003718,-0.735719064206513,NA,0.500373079420508,0.220709400810067,0.819841876267148,9,0.111111111111111,0.0874822523849557,"0.14485514189987",0.00485066056720181,0.570442931703951
160117,NA,0.818725745019395,-0.0434542525883902,-0.127656169928072,NA,NA,-0.735719064206513,NA,0.033548675192569,-0.0621397918684502,-1.44158718519914,7,0.142857142857143,-0.222611720511229,"-0.398746953352521",0.00485066056720181,0.570442931703951
160124,NA,-2.96963801345085,-0.988476636799301,-1.10717103281014,NA,NA,0.825818824799667,NA,0.73378528153448,-1.19353656258252,0.819841876267148,7,0.142857142857143,-0.554196609005931,"-0.980023133783465",0.00485066056720181,0.570442931703951
160146,-0.145532596451003,0.92352994989164,-0.132669652496413,NA,NA,NA,0.0450498802965776,NA,1.78414019104735,NA,-0.876229919832567,6,0.166666666666667,0.266381308742597,"0.45846943425907",0.00485066056720181,0.570442931703951
160147,NA,-0.198491537564152,0.511663791283753,-1.10717103281014,NA,NA,-0.735719064206513,NA,0.500373079420508,NA,0.113145294558936,6,0.166666666666667,-0.152699911552935,"-0.276189892737426",0.00485066056720181,0.570442931703951
160153,0.431206327495528,-0.0536151367113437,-0.327621822665797,-1.10717103281014,NA,NA,0.0450498802965776,-0.257867736818618,1.08390358470544,0.927832382506361,-0.169533338124351,9,0.111111111111111,0.0635759008748506,"0.102946740232599",0.00485066056720181,0.570442931703951
161301,NA,NA,NA,NA,NA,NA,NA,NA,NA,NA,0.395823927242222,1,1,0.395823927242222,"0.685385417095374",0.00485066056720181,0.570442931703951
161302,NA,NA,0.237409043418349,NA,NA,NA,NA,NA,NA,1.06925697884562,0.254484610900575,3,0.333333333333333,0.520383544388182,"0.903741382649881",0.00485066056720181,0.570442931703951
161303,NA,NA,0.858612568703842,0.362101261512963,NA,NA,-0.735719064206513,NA,NA,NA,-0.0281940217827077,4,0.25,0.114200186056896,"0.191692313835952",0.00485066056720181,0.570442931703951
161304,NA,1.94074723247519,0.970957887106538,0.484540619373221,NA,NA,NA,NA,NA,NA,0.254484610900575,4,0.25,0.91268258746388,"1.59145091724588",0.00485066056720181,0.570442931703951
161305,NA,NA,NA,0.851858692953996,NA,NA,NA,NA,NA,NA,NA,1,1,0.851858692953996,"1.48482518638056",0.00485066056720181,0.570442931703951
161306,NA,0.803313361949948,1.29477674603196,0.362101261512963,NA,NA,NA,NA,NA,NA,0.395823927242222,4,0.25,0.714003824184272,"1.24316232913744",0.00485066056720181,0.570442931703951
161307,NA,NA,0.253930413771687,0.974298050814256,NA,NA,NA,NA,NA,NA,0.678502559925508,3,0.333333333333333,0.635577008170484,"1.10567825903156",0.00485066056720181,0.570442931703951
161308,NA,NA,2.01841276750814,-0.862292317089623,NA,NA,NA,NA,NA,NA,0.678502559925508,3,0.333333333333333,0.611541003448009,"1.0635425722054",0.00485066056720181,0.570442931703951
161309,NA,0.753993736127715,-1.22968864395803,0.362101261512963,NA,NA,NA,NA,NA,NA,0.113145294558936,4,0.25,-0.00011208793960385,"-0.00869981593422783",0.00485066056720181,0.570442931703951
161310,NA,NA,NA,NA,NA,NA,NA,NA,NA,NA,0.254484610900575,1,1,0.254484610900575,"0.437614240547604",0.00485066056720181,0.570442931703951
161311,NA,NA,0.990783531530543,0.60697997723348,NA,NA,NA,NA,NA,NA,-0.0281940217827077,3,0.333333333333333,0.523189828993772,"0.908660866176844",0.00485066056720181,0.570442931703951
161312,NA,NA,NA,NA,NA,NA,NA,NA,NA,NA,0.537163243583865,1,1,0.537163243583865,"0.933156593643137",0.00485066056720181,0.570442931703951
161313,NA,NA,0.386101376598387,-0.37253488564859,NA,NA,NA,NA,NA,NA,0.395823927242222,3,0.333333333333333,0.136463472730673,"0.230720383843367",0.00485066056720181,0.570442931703951
161314,NA,NA,0.607487739333111,NA,NA,NA,NA,NA,NA,NA,0.395823927242222,2,0.5,0.501655833287666,"0.870911260547089",0.00485066056720181,0.570442931703951
161315,NA,NA,NA,NA,NA,NA,NA,NA,NA,NA,-0.0281940217827077,1,1,-0.0281940217827077,"-0.0579281125479159",0.00485066056720181,0.570442931703951
161316,NA,1.58934489849178,1.45668617549466,NA,NA,NA,NA,NA,NA,NA,0.819841876267148,3,0.333333333333333,1.2886243167512,"2.25048569249386",0.00485066056720181,0.570442931703951
161317,NA,-0.790327047430943,0.108542354662316,NA,NA,NA,NA,NA,NA,NA,0.395823927242222,3,0.333333333333333,-0.0953202551754685,"-0.175601993074843",0.00485066056720181,0.570442931703951
161318,NA,0.368684159391523,-0.235102148687106,0.117222545792445,NA,NA,NA,NA,NA,NA,0.113145294558936,4,0.25,0.0909874627639492,"0.150999858898157",0.00485066056720181,0.570442931703951
161319,NA,NA,NA,NA,NA,NA,NA,NA,NA,NA,-0.734890603490924,1,1,-0.734890603490924,"-1.29678399528673",0.00485066056720181,0.570442931703951
161320,NA,NA,0.548010806061096,-0.494974243508849,NA,NA,NA,NA,NA,NA,0.395823927242222,3,0.333333333333333,0.149620163264823,"0.253784374652842",0.00485066056720181,0.570442931703951
161321,NA,NA,NA,NA,NA,NA,NA,NA,NA,NA,0.113145294558936,1,1,0.113145294558936,"0.189843063999847",0.00485066056720181,0.570442931703951
161322,NA,NA,NA,NA,NA,NA,NA,NA,NA,NA,-0.169533338124351,1,1,-0.169533338124351,"-0.305699289095679",0.00485066056720181,0.570442931703951
161323,NA,0.233055188380383,-1.37177242899673,NA,NA,NA,0.0450498802965776,NA,NA,NA,0.113145294558936,4,0.25,-0.245130516440209,"-0.438222937149384",0.00485066056720181,0.570442931703951
161324,NA,NA,NA,0.362101261512963,NA,NA,NA,NA,NA,NA,0.537163243583865,2,0.5,0.449632252548414,"0.779712688616582",0.00485066056720181,0.570442931703951
161325,NA,NA,NA,-0.127656169928072,NA,NA,NA,NA,NA,NA,-0.0281940217827077,2,0.5,-0.0779250958553898,"-0.145107865874216",0.00485066056720181,0.570442931703951
161326,NA,NA,-0.245014970899109,NA,NA,NA,NA,NA,NA,NA,-0.0281940217827077,2,0.5,-0.136604496340908,"-0.247974247810511",0.00485066056720181,0.570442931703951
161327,NA,NA,NA,NA,NA,NA,NA,NA,NA,NA,0.113145294558936,1,1,0.113145294558936,"0.189843063999847",0.00485066056720181,0.570442931703951
161328,NA,1.61708718801679,0.947827968611866,0.362101261512963,NA,NA,NA,NA,NA,NA,0.395823927242222,4,0.25,0.830710086345959,"1.44775117698779",0.00485066056720181,0.570442931703951
161329,NA,NA,0.944523694541198,NA,NA,NA,NA,NA,NA,NA,-0.169533338124351,2,0.5,0.387495178208424,"0.670784922337871",0.00485066056720181,0.570442931703951
161330,NA,NA,NA,NA,NA,NA,NA,NA,NA,NA,0.395823927242222,1,1,0.395823927242222,"0.685385417095374",0.00485066056720181,0.570442931703951
161331,NA,NA,-0.786915918488582,0.60697997723348,NA,NA,NA,NA,NA,NA,-0.734890603490924,3,0.333333333333333,-0.304942181582009,"-0.543074205904943",0.00485066056720181,0.570442931703951
161332,NA,NA,NA,NA,NA,NA,NA,NA,NA,NA,-0.169533338124351,1,1,-0.169533338124351,"-0.305699289095679",0.00485066056720181,0.570442931703951
161333,NA,NA,NA,0.239661903652703,NA,NA,NA,NA,NA,NA,-0.310872654465994,2,0.5,-0.0356053754066457,"-0.0709203913755275",0.00485066056720181,0.570442931703951
161334,NA,NA,-0.806741562912587,-0.0052168120678136,NA,NA,NA,NA,NA,NA,0.254484610900575,3,0.333333333333333,-0.185824588026609,"-0.334258236883137",0.00485066056720181,0.570442931703951
161335,NA,NA,-0.271449163464449,NA,NA,NA,0.825818824799667,NA,NA,NA,-0.0281940217827077,3,0.333333333333333,0.175391879850837,"0.298962805576742",0.00485066056720181,0.570442931703951
161336,NA,NA,1.30468956824396,0.239661903652703,NA,NA,NA,NA,NA,NA,0.678502559925508,3,0.333333333333333,0.740951343940723,"1.2904019709294",0.00485066056720181,0.570442931703951
161337,NA,NA,1.04695619073189,NA,NA,NA,NA,NA,NA,NA,-0.876229919832567,2,0.5,0.0853631354496621,"0.14114027961038",0.00485066056720181,0.570442931703951
161338,NA,NA,NA,NA,NA,NA,NA,NA,NA,NA,0.395823927242222,1,1,0.395823927242222,"0.685385417095374",0.00485066056720181,0.570442931703951
161339,NA,0.766323642583273,1.03704336851989,NA,NA,NA,0.825818824799667,NA,NA,NA,1.10252050895044,4,0.25,0.932926586213317,"1.62693912758966",0.00485066056720181,0.570442931703951
161340,NA,NA,-2.93469406442247,NA,NA,NA,NA,NA,NA,NA,0.395823927242222,2,0.5,-1.26943506859012,"-2.23385313119921",0.00485066056720181,0.570442931703951
161341,NA,NA,0.789222813219824,NA,NA,NA,NA,NA,NA,NA,0.113145294558936,2,0.5,0.45118405388938,"0.782433033202727",0.00485066056720181,0.570442931703951
161342,NA,NA,-3.84336943385604,NA,NA,NA,NA,NA,NA,NA,0.537163243583865,2,0.5,-1.65310309513609,"-2.90643228894233",0.00485066056720181,0.570442931703951
161343,NA,1.42289116134174,-0.532486815047183,-0.25009552778833,NA,NA,0.0450498802965776,NA,NA,NA,0.961181192608791,5,0.2,0.32930797828232,"0.568781379665698",0.00485066056720181,0.570442931703951
161344,NA,NA,1.93580591574145,NA,NA,NA,0.0450498802965776,NA,NA,NA,-0.734890603490924,3,0.333333333333333,0.415321730849036,"0.719565529641554",0.00485066056720181,0.570442931703951
161345,NA,NA,NA,NA,NA,NA,NA,NA,NA,NA,0.537163243583865,1,1,0.537163243583865,"0.933156593643137",0.00485066056720181,0.570442931703951
161346,NA,NA,1.29477674603196,-0.862292317089623,NA,NA,0.825818824799667,NA,NA,NA,0.254484610900575,4,0.25,0.378196966160643,"0.654484935904511",0.00485066056720181,0.570442931703951
161347,NA,0.917364996663861,0.703311687382469,-0.127656169928072,NA,NA,NA,NA,NA,NA,0.395823927242222,4,0.25,0.47221111034012,"0.819293962284504",0.00485066056720181,0.570442931703951
161348,NA,1.56468508558066,2.13075808591084,NA,NA,NA,NA,NA,NA,NA,0.254484610900575,3,0.333333333333333,1.31664259413069,"2.29960239781582",0.00485066056720181,0.570442931703951
161349,NA,-1.03076022331433,0.0754996139556405,0.239661903652703,NA,NA,NA,NA,NA,NA,0.254484610900575,4,0.25,-0.115278523701352,"-0.210589311554304",0.00485066056720181,0.570442931703951
161350,NA,NA,-1.16029888847401,-1.47448910639092,NA,NA,NA,NA,NA,NA,-0.0281940217827077,3,0.333333333333333,-0.887660672215878,"-1.5645935520966",0.00485066056720181,0.570442931703951
161351,NA,1.66332433722513,-1.59315879173146,0.484540619373221,NA,NA,NA,NA,NA,0.0792848044708086,-0.452211970807637,5,0.2,0.036355799706013,"0.0552292567544019",0.00485066056720181,0.570442931703951
161352,NA,0.602952382047128,0.987479257459876,NA,NA,NA,NA,NA,0.033548675192569,NA,0.678502559925508,4,0.25,0.57562071865627,"1.00057346031818",0.00485066056720181,0.570442931703951
161353,NA,-0.426594806991978,0.0490654213903004,-0.617413601369107,NA,NA,NA,NA,-0.316569627978388,NA,-0.593551287149281,5,0.2,-0.381012780419691,"-0.676427771371087",0.00485066056720181,0.570442931703951
161354,NA,NA,0.39601419881039,-0.617413601369107,NA,NA,NA,NA,NA,NA,0.113145294558936,3,0.333333333333333,-0.0360847026665938,"-0.0717606634401078",0.00485066056720181,0.570442931703951
161355,NA,NA,-1.03143219971798,NA,0.172555642485536,-0.277931812870285,NA,NA,NA,NA,0.537163243583865,4,0.25,-0.149911281629715,"-0.271301358287731",0.00485066056720181,0.570442931703951
161356,NA,NA,1.7375494715014,NA,NA,NA,NA,NA,NA,NA,0.395823927242222,2,0.5,1.06668669937181,"1.86142378104824",0.00485066056720181,0.570442931703951
161357,NA,NA,0.885046761269183,-1.10717103281014,NA,NA,NA,NA,NA,NA,0.254484610900575,3,0.333333333333333,0.0107867797865386,"0.0104061578983988",0.00485066056720181,0.570442931703951
161358,NA,0.834138128088843,0.670268946675794,0.239661903652703,NA,NA,0.825818824799667,NA,NA,0.786407786167103,-0.310872654465994,6,0.166666666666667,0.507570489153019,"0.881279792676474",0.00485066056720181,0.570442931703951
161359,NA,0.485818270719325,-0.710917614863229,0.484540619373221,NA,NA,NA,NA,NA,NA,0.678502559925508,4,0.25,0.234485958788707,"0.402556128683318",0.00485066056720181,0.570442931703951
161360,NA,-0.787244570817054,-0.710917614863229,NA,NA,NA,-2.29725695321269,NA,NA,NA,-0.169533338124351,4,0.25,-0.991238119254331,"-1.74616727539449",0.00485066056720181,0.570442931703951
161361,NA,1.2595199008056,2.1241495377695,NA,NA,NA,NA,NA,NA,NA,0.819841876267148,3,0.333333333333333,1.40117043828075,"2.44778171506596",0.00485066056720181,0.570442931703951
161362,NA,-0.707100178855926,0.554619354202431,1.46405548225529,NA,NA,0.0450498802965776,NA,NA,NA,0.254484610900575,5,0.2,0.322221829759789,"0.556359193100314",0.00485066056720181,0.570442931703951
161363,NA,NA,-1.31229549572472,0.60697997723348,0.988971215089666,0.276644665870556,NA,NA,NA,NA,-0.310872654465994,5,0.2,0.049885541600598,"0.0789472154539176",0.00485066056720181,0.570442931703951
161364,NA,-3.25630833854257,-1.32881686607805,NA,-0.272761942571262,-0.277931812870285,NA,NA,NA,NA,-0.0281940217827077,5,0.2,-1.03280259636898,"-1.81903079040114",0.00485066056720181,0.570442931703951
161365,NA,0.199147945627598,-0.0401499785177226,NA,1.28584960512753,-0.277931812870285,NA,NA,-0.0831574258644167,0.362133997149326,0.678502559925508,7,0.142857142857143,0.30348498436822,"0.523513058368482",0.00485066056720181,0.570442931703951
161366,NA,NA,-1.16690743661535,NA,0.246775239995002,-2.49623772783365,NA,NA,NA,NA,-0.734890603490924,4,0.25,-1.03781513198623,"-1.82781788432178",0.00485066056720181,0.570442931703951
161367,NA,0.982097005555541,1.16591005727592,NA,1.50850839765593,-0.693864171925916,-1.5164880087096,NA,0.73378528153448,NA,1.10252050895044,7,0.142857142857143,0.468924152905256,"0.813531847877992",0.00485066056720181,0.570442931703951
161368,NA,NA,1.74085374557207,0.239661903652703,NA,NA,0.0450498802965776,NA,NA,NA,-0.0281940217827077,4,0.25,0.499342876934661,"0.866856593157142",0.00485066056720181,0.570442931703951
161369,NA,-0.580718637686455,0.828874102067835,NA,NA,NA,NA,NA,0.500373079420508,NA,-0.310872654465994,4,0.25,0.109413972333974,"0.183301967568314",0.00485066056720181,0.570442931703951
161370,NA,NA,1.50294601248401,1.21917676653477,NA,NA,NA,NA,NA,NA,0.537163243583865,3,0.333333333333333,1.08642867420088,"1.89603193154298",0.00485066056720181,0.570442931703951
161371,NA,0.501230653788773,0.604183465262443,0.729419335093738,0.988971215089666,-0.971152411296336,NA,NA,0.617079180477497,NA,0.678502559925508,7,0.142857142857143,0.449747714048756,"0.779915095367414",0.00485066056720181,0.570442931703951
161372,NA,NA,-0.122756830284411,NA,NA,NA,NA,NA,NA,NA,0.113145294558936,2,0.5,-0.00480576786273755,"-0.0169279482543415",0.00485066056720181,0.570442931703951
161373,NA,NA,0.597574917121109,NA,NA,NA,NA,NA,NA,NA,0.395823927242222,2,0.5,0.496699422181665,"0.862222554226904",0.00485066056720181,0.570442931703951
161374,NA,0.51972551347211,0.0821081620969756,NA,0.840532020070734,-1.10979653098155,0.0450498802965776,NA,0.033548675192569,NA,0.537163243583865,7,0.142857142857143,0.135475851961612,"0.228989061191843",0.00485066056720181,0.570442931703951
161375,NA,0.310117103727622,-0.0864098155070679,NA,-0.272761942571262,-0.139287693185075,NA,NA,NA,-0.344988984546967,-0.0281940217827077,6,0.166666666666667,-0.0935875589775763,"-0.172564535510567",0.00485066056720181,0.570442931703951
161376,NA,1.01292177169444,1.2286912646186,NA,0.840532020070734,-0.277931812870285,NA,NA,NA,0.644983189827844,1.38519914163372,6,0.166666666666667,0.805732595829176,"1.40396504321596",0.00485066056720181,0.570442931703951
161377,NA,NA,1.27164682753728,-0.862292317089623,NA,NA,0.825818824799667,NA,NA,NA,0.113145294558936,4,0.25,0.337079657451565,"0.582405317727356",0.00485066056720181,0.570442931703951
161378,NA,NA,NA,-0.127656169928072,NA,NA,NA,NA,NA,NA,NA,1,1,-0.127656169928072,"-0.232287619200517",0.00485066056720181,0.570442931703951
161379,NA,1.32733438631117,0.653747576322456,NA,0.0241164474666027,-0.971152411296336,NA,NA,0.150254776249555,NA,0.819841876267148,6,0.166666666666667,0.334023775220099,"0.577048283637481",0.00485066056720181,0.570442931703951
161380,NA,NA,2.19684356732419,0.239661903652703,NA,NA,NA,NA,NA,NA,0.537163243583865,3,0.333333333333333,0.991222904853585,"1.72913395795794",0.00485066056720181,0.570442931703951
161381,NA,NA,-0.023628608164385,NA,NA,NA,NA,NA,NA,NA,0.819841876267148,2,0.5,0.398106634051381,"0.689387056316919",0.00485066056720181,0.570442931703951
161382,NA,-0.115264668989134,0.191149206429004,0.851858692953996,-0.0501031500428634,-2.21894948846323,-1.5164880087096,NA,NA,-0.344988984546967,0.395823927242222,8,0.125,-0.350870309265822,"-0.623587303940223",0.00485066056720181,0.570442931703951
170006,1.37607647949304,0.717004016761041,0.640530480039786,-0.25009552778833,0.617873227542334,0.692577024926186,NA,NA,0.150254776249555,-0.203564388207709,0.254484610900575,9,0.111111111111111,0.443904522212942,"0.769671841378167",0.00485066056720181,0.570442931703951
170009,NA,-0.183079154494704,0.83548265020917,0.239661903652703,NA,NA,NA,NA,NA,NA,-0.734890603490924,4,0.25,0.0392936989690612,"0.0603794639000534",0.00485066056720181,0.570442931703951
170012,0.255321407426727,0.763241165969384,1.38068787186931,-1.96424653783195,0.0241164474666027,-0.416575932555496,-0.735719064206513,0.328519484935734,1.08390358470544,-0.0621397918684502,2.51591367236687,11,0.0909090909090909,0.288456573479787,"0.497167897348531",0.00485066056720181,0.570442931703951
170013,0.525284307997444,0.602952382047128,-0.810045836983254,1.95381291369632,-0.569640332609128,0.415288785555766,-1.5164880087096,0.230788281310009,1.20060968576243,0.220709400810067,0.113145294558936,11,0.0909090909090909,0.215128806676011,"0.368622581545001",0.00485066056720181,0.570442931703951
170014,NA,-1.19104900723658,-0.155799570991086,-0.494974243508849,0.617873227542334,-0.555220052240705,-0.735719064206513,NA,0.500373079420508,NA,0.395823927242222,8,0.125,-0.202336462997334,"-0.363203945652642",0.00485066056720181,0.570442931703951
170016,0.811608596481538,0.997509388624989,0.445578309870403,-1.2296103906704,0.320994837504468,-0.277931812870285,-0.735719064206513,-1.52837338395304,-1.01680623432031,-0.203564388207709,0.113145294558936,11,0.0909090909090909,-0.209378986107993,"-0.375549655835469",0.00485066056720181,0.570442931703951
170017,NA,NA,0.379492828457052,-0.984731674949884,NA,NA,0.0450498802965776,NA,NA,NA,-0.169533338124351,4,0.25,-0.182430576080151,"-0.328308453376627",0.00485066056720181,0.570442931703951
170020,0.729801656914654,0.806395838563837,0.34314581367971,-0.25009552778833,-1.75715389276059,-0.416575932555496,-0.735719064206513,-0.0624053295671671,-0.549981830092359,-1.6178103516003,1.24385982529208,11,0.0909090909090909,-0.206048981283679,"-0.369712078333427",0.00485066056720181,0.570442931703951
170023,NA,-1.26502844596993,0.0424568732489653,-1.84180717997169,NA,NA,0.825818824799667,NA,0.617079180477497,NA,-0.0281940217827077,6,0.166666666666667,-0.274945794866367,"-0.490489827961929",0.00485066056720181,0.570442931703951
170027,NA,1.00983929508055,0.359667184033047,-0.25009552778833,NA,NA,0.0450498802965776,NA,1.31731578681941,1.77637996054191,1.10252050895044,7,0.142857142857143,0.765811012561943,"1.33398156012154",0.00485066056720181,0.570442931703951
170040,1.60513591028031,0.448828551352651,-0.539095363188518,1.21917676653477,-0.272761942571262,1.38579762335224,1.60658776930276,1.69675633569588,-0.316569627978388,NA,1.24385982529208,10,0.1,0.807771584807253,"1.40753943929443",0.00485066056720181,0.570442931703951
170049,0.390302857712086,0.750911259513826,0.538097983849093,-0.739852959229365,0.766312422561267,-0.277931812870285,0.0450498802965776,-0.257867736818618,0.500373079420508,NA,0.819841876267148,10,0.1,0.253523685070224,"0.435929714757301",0.00485066056720181,0.570442931703951
170068,NA,0.65227200786936,-1.02482365157664,-1.96424653783195,NA,NA,-0.735719064206513,NA,0.033548675192569,-2.32493333329659,0.113145294558936,7,0.142857142857143,-0.750108087041548,"-1.32346060517156",0.00485066056720181,0.570442931703951
170074,NA,1.51844793637232,-1.49403056961143,0.851858692953996,NA,NA,0.825818824799667,NA,-0.0831574258644167,NA,1.24385982529208,6,0.166666666666667,0.477132880657036,"0.827921942479148",0.00485066056720181,0.570442931703951
170086,0.578458818715919,0.72316896998882,0.481925324647745,1.21917676653477,-2.94466745291205,0.831221144611397,0.825818824799667,0.914906706690084,-0.316569627978388,-0.0621397918684502,0.961181192608791,11,0.0909090909090909,0.2920437159853,"0.503456243309447",0.00485066056720181,0.570442931703951
170103,NA,0.701591633691593,-0.625006489025873,0.117222545792445,NA,NA,0.0450498802965776,NA,1.78414019104735,1.06925697884562,1.24385982529208,7,0.142857142857143,0.619444937991399,"1.0773983570773",0.00485066056720181,0.570442931703951
170104,1.69103319682554,0.65535448448325,0.237409043418349,-0.862292317089623,-0.346981540080729,0.831221144611397,-0.735719064206513,-0.355598940444343,1.08390358470544,-1.19353656258252,0.678502559925508,11,0.0909090909090909,0.153026871778705,"0.259756415543429",0.00485066056720181,0.570442931703951
170105,NA,1.85135541067239,1.95893583423613,-0.25009552778833,NA,NA,0.0450498802965776,NA,0.850491382591465,NA,0.113145294558936,6,0.166666666666667,0.761480379094527,"1.32638985685601",0.00485066056720181,0.570442931703951
170109,NA,NA,1.15269296099325,0.60697997723348,NA,NA,-0.735719064206513,NA,NA,NA,0.537163243583865,4,0.25,0.390279279401021,"0.675665517815285",0.00485066056720181,0.570442931703951
170120,NA,1.53386031944177,1.25512545718394,-1.47448910639092,NA,NA,1.60658776930276,NA,0.500373079420508,0.362133997149326,0.395823927242222,7,0.142857142857143,0.597059349049944,"1.03815588829154",0.00485066056720181,0.570442931703951
170122,0.549826389867509,0.0727664044581274,0.164715013863664,-1.47448910639092,NA,NA,0.0450498802965776,1.20810031756726,-1.13351233537729,0.786407786167103,1.38519914163372,9,0.111111111111111,0.178229276898418,"0.303936829953037",0.00485066056720181,0.570442931703951
170123,1.03657768029047,0.504313130402663,1.03373909444922,-0.862292317089623,1.06319081259913,0.969865264296607,-1.5164880087096,1.59902513207016,0.967197483648454,0.786407786167103,2.37457435602522,11,0.0909090909090909,0.72328276492271,"1.25942853250807",0.00485066056720181,0.570442931703951
170137,0.611181594542672,0.547467802997116,1.01721772409588,-0.127656169928072,-0.569640332609128,-0.416575932555496,0.825818824799667,NA,1.20060968576243,0.362133997149326,1.52653845797536,10,0.1,0.497709565222976,"0.863993358956298",0.00485066056720181,0.570442931703951
170142,NA,1.71572643966125,1.25842973125461,-0.862292317089623,NA,NA,-1.5164880087096,NA,0.500373079420508,0.362133997149326,0.537163243583865,7,0.142857142857143,0.28500659503862,"0.491120003248307",0.00485066056720181,0.570442931703951
170146,0.337128346993611,0.467323411035988,-0.258232067181779,-0.617413601369107,NA,NA,-0.735719064206513,NA,-0.549981830092359,0.220709400810067,0.395823927242222,8,0.125,-0.0925451845959836,"-0.170737228476576",0.00485066056720181,0.570442931703951
170175,NA,1.39823134843063,-0.436662866997825,-0.494974243508849,NA,NA,-1.5164880087096,NA,0.500373079420508,NA,1.24385982529208,6,0.166666666666667,0.115723188987824,"0.194362174125707",0.00485066056720181,0.570442931703951
170176,-0.591380417090521,1.33658181615284,-0.334230370807132,0.362101261512963,0.0241164474666027,0.138000546185346,-2.29725695321269,0.230788281310009,0.500373079420508,-1.90065954427881,-0.310872654465994,11,0.0909090909090909,-0.258403500709717,"-0.46149079363743",0.00485066056720181,0.570442931703951
170182,NA,0.72008649337493,0.531489435707758,-0.617413601369107,-0.346981540080729,-0.971152411296336,-6.20110167572814,NA,-0.199863526921402,-1.47638575526104,-1.3002478688575,9,0.111111111111111,-1.09573005004795,"-1.92934411042249",0.00485066056720181,0.570442931703951
170183,NA,NA,NA,NA,NA,NA,1.60658776930276,NA,NA,1.91780455688117,0.961181192608791,3,0.333333333333333,1.49519117293091,"2.61260229469749",0.00485066056720181,0.570442931703951
170185,0.72571130993631,0.538220373155448,0.263843235983689,-1.2296103906704,NA,NA,0.0450498802965776,NA,-0.433275729035377,-2.60778252597511,0.537163243583865,8,0.125,-0.270085075340624,"-0.481968871253387",0.00485066056720181,0.570442931703951
170186,0.304405571166858,0.794065932108279,NA,NA,NA,NA,0.0450498802965776,1.98994994657306,NA,NA,0.537163243583865,5,0.2,0.734126914745728,"1.27843858455767",0.00485066056720181,0.570442931703951
170187,NA,NA,NA,-2.57644332713324,NA,NA,-0.735719064206513,NA,NA,1.77637996054191,1.24385982529208,4,0.25,-0.0729806513764405,"-0.136440137335307",0.00485066056720181,0.570442931703951
170188,NA,NA,NA,NA,NA,NA,1.60658776930276,NA,NA,2.90777673125598,2.9399316213918,3,0.333333333333333,2.48476537398351,"4.34734935887214",0.00485066056720181,0.570442931703951
170190,NA,NA,NA,0.974298050814256,NA,NA,2.38735671380585,NA,NA,-0.627838177225485,0.678502559925508,4,0.25,0.853079786830032,"1.48696579293062",0.00485066056720181,0.570442931703951
170191,NA,-0.0875223794641286,-0.112844008072408,0.239661903652703,NA,NA,-1.5164880087096,NA,NA,0.503558593488585,0.678502559925508,6,0.166666666666667,-0.0491885565298903,"-0.0947320303113817",0.00485066056720181,0.570442931703951
170194,NA,NA,NA,NA,NA,NA,-1.5164880087096,NA,NA,NA,0.537163243583865,2,0.5,-0.489662382562868,"-0.866893102966369",0.00485066056720181,0.570442931703951
170196,NA,NA,NA,NA,NA,NA,-6.98187062023123,NA,NA,0.503558593488585,2.9399316213918,3,0.333333333333333,-1.17946013511695,"-2.07612493706695",0.00485066056720181,0.570442931703951
170197,-0.861343317661237,1.00983929508055,0.666964672605126,-1.59692846425118,NA,NA,-0.735719064206513,-0.941986162198694,NA,0.503558593488585,-0.169533338124351,8,0.125,-0.265643473158464,"-0.474182637196822",0.00485066056720181,0.570442931703951
170198,NA,NA,NA,-0.25009552778833,NA,NA,0.0450498802965776,NA,NA,1.77637996054191,1.52653845797536,4,0.25,0.774468192756381,"1.34915780249968",0.00485066056720181,0.570442931703951
170199,NA,NA,NA,NA,NA,NA,NA,NA,NA,NA,NA,0,NA,NA,"NaN",0.00485066056720181,0.570442931703951
170200,NA,0.85263298777218,0.217583398994344,-0.37253488564859,NA,NA,0.0450498802965776,NA,NA,0.0792848044708086,-0.876229919832567,6,0.166666666666667,-0.00903562232454117,"-0.0243429835308218",0.00485066056720181,0.570442931703951
170203,NA,NA,NA,-0.0052168120678136,NA,NA,0.0450498802965776,NA,NA,-0.486413580886226,0.961181192608791,4,0.25,0.128650169987832,"0.217023478669169",0.00485066056720181,0.570442931703951
170204,NA,0.45807598119432,0.868525390915845,-0.494974243508849,NA,NA,0.825818824799667,NA,0.26696087730654,NA,0.961181192608791,6,0.166666666666667,0.480931337219386,"0.834580726997703",0.00485066056720181,0.570442931703951
170208,NA,0.236137664994273,-0.998389459011303,0.729419335093738,NA,NA,-1.5164880087096,NA,NA,NA,-0.0281940217827077,5,0.2,-0.31550289788312,"-0.561587392262719",0.00485066056720181,0.570442931703951
171300,NA,NA,NA,NA,NA,NA,NA,NA,NA,NA,NA,0,NA,NA,"NaN",0.00485066056720181,0.570442931703951
171301,NA,NA,NA,NA,NA,NA,NA,NA,NA,NA,-1.3002478688575,1,1,-1.3002478688575,"-2.28786870147779",0.00485066056720181,0.570442931703951
171303,NA,NA,NA,NA,NA,NA,NA,NA,NA,NA,NA,0,NA,NA,"NaN",0.00485066056720181,0.570442931703951
171304,NA,NA,NA,NA,NA,NA,NA,NA,NA,NA,NA,0,NA,NA,"NaN",0.00485066056720181,0.570442931703951
171306,NA,NA,NA,NA,NA,NA,NA,NA,NA,NA,-0.0281940217827077,1,1,-0.0281940217827077,"-0.0579281125479159",0.00485066056720181,0.570442931703951
171307,NA,NA,NA,NA,NA,NA,NA,NA,NA,NA,-2.14828376690736,1,1,-2.14828376690736,"-3.77449576076437",0.00485066056720181,0.570442931703951
171308,NA,NA,NA,NA,NA,NA,NA,NA,NA,NA,NA,0,NA,NA,"NaN",0.00485066056720181,0.570442931703951
171309,NA,NA,NA,NA,NA,NA,NA,NA,NA,NA,0.254484610900575,1,1,0.254484610900575,"0.437614240547604",0.00485066056720181,0.570442931703951
171310,NA,NA,-0.763785999993909,NA,NA,NA,NA,NA,NA,NA,0.113145294558936,2,0.5,-0.325320352717487,"-0.578797623626339",0.00485066056720181,0.570442931703951
171311,NA,NA,1.37077504965731,0.729419335093738,NA,NA,NA,NA,NA,NA,-0.0281940217827077,3,0.333333333333333,0.690666787656113,"1.20225195014746",0.00485066056720181,0.570442931703951
171312,NA,NA,NA,NA,NA,NA,NA,NA,NA,NA,-0.0281940217827077,1,1,-0.0281940217827077,"-0.0579281125479159",0.00485066056720181,0.570442931703951
171313,NA,NA,1.81024350105609,NA,NA,NA,NA,NA,NA,NA,0.678502559925508,2,0.5,1.2443730304908,"2.17291213727736",0.00485066056720181,0.570442931703951
171314,NA,NA,NA,NA,NA,NA,NA,NA,NA,NA,NA,0,NA,NA,"NaN",0.00485066056720181,0.570442931703951
171315,NA,NA,1.81685204919742,0.117222545792445,NA,NA,NA,NA,NA,NA,0.254484610900575,3,0.333333333333333,0.729519735296814,"1.27036208962214",0.00485066056720181,0.570442931703951
171316,NA,0.578292569136012,NA,NA,NA,NA,NA,NA,NA,NA,-0.452211970807637,2,0.5,0.0630402991641871,"0.102007817720116",0.00485066056720181,0.570442931703951
171317,NA,NA,NA,0.117222545792445,NA,NA,NA,NA,NA,NA,NA,1,1,0.117222545792445,"0.196990582194753",0.00485066056720181,0.570442931703951
171318,NA,NA,1.83006914548009,NA,NA,NA,NA,NA,NA,NA,0.395823927242222,2,0.5,1.11294653636116,"1.94251837336997",0.00485066056720181,0.570442931703951
171319,NA,NA,-0.291274807888454,NA,NA,NA,NA,NA,NA,NA,-0.310872654465994,2,0.5,-0.301073731177224,"-0.536292720519141",0.00485066056720181,0.570442931703951
171321,NA,NA,NA,NA,NA,NA,NA,NA,NA,NA,0.395823927242222,1,1,0.395823927242222,"0.685385417095374",0.00485066056720181,0.570442931703951
171322,NA,NA,NA,NA,NA,NA,NA,NA,NA,NA,0.113145294558936,1,1,0.113145294558936,"0.189843063999847",0.00485066056720181,0.570442931703951
171323,NA,NA,NA,NA,NA,NA,NA,NA,NA,NA,0.113145294558936,1,1,0.113145294558936,"0.189843063999847",0.00485066056720181,0.570442931703951
171324,NA,NA,NA,NA,NA,NA,NA,NA,NA,NA,-0.734890603490924,1,1,-0.734890603490924,"-1.29678399528673",0.00485066056720181,0.570442931703951
171325,NA,NA,-0.175625215415091,0.239661903652703,NA,NA,NA,NA,NA,NA,-0.593551287149281,3,0.333333333333333,-0.17650486630389,"-0.31792054347903",0.00485066056720181,0.570442931703951
171326,NA,NA,-0.175625215415091,NA,NA,NA,NA,NA,NA,NA,-0.593551287149281,2,0.5,-0.384588251282186,"-0.682695656664739",0.00485066056720181,0.570442931703951
171327,NA,-0.519069105408664,0.86191684277451,-0.25009552778833,NA,NA,NA,NA,0.500373079420508,NA,-1.58292650154078,5,0.2,-0.197960242508552,"-0.355532327256548",0.00485066056720181,0.570442931703951
171328,NA,NA,NA,NA,NA,NA,NA,NA,NA,NA,0.254484610900575,1,1,0.254484610900575,"0.437614240547604",0.00485066056720181,0.570442931703951
171329,NA,NA,-0.202059407980431,0.239661903652703,NA,NA,NA,NA,NA,NA,0.537163243583865,3,0.333333333333333,0.191588579752046,"0.327356004968009",0.00485066056720181,0.570442931703951
171330,NA,NA,0.825569827997167,-0.37253488564859,NA,NA,NA,NA,NA,NA,-0.169533338124351,3,0.333333333333333,0.0945005347414087,"0.157158357465166",0.00485066056720181,0.570442931703951
171331,NA,NA,0.749571524371814,0.239661903652703,NA,NA,NA,NA,NA,NA,0.395823927242222,3,0.333333333333333,0.461685785088913,"0.800842817277295",0.00485066056720181,0.570442931703951
171332,NA,NA,NA,NA,NA,NA,NA,NA,NA,NA,-0.452211970807637,1,1,-0.452211970807637,"-0.801241642191206",0.00485066056720181,0.570442931703951
171333,NA,-1.08007984913656,-0.529182540976515,NA,NA,NA,NA,NA,NA,0.503558593488585,-0.310872654465994,4,0.25,-0.354144112772621,"-0.6293263591986",0.00485066056720181,0.570442931703951
171334,NA,NA,-1.64602717686214,-0.127656169928072,NA,NA,NA,NA,NA,NA,-0.169533338124351,3,0.333333333333333,-0.64773889497152,"-1.14400498151392",0.00485066056720181,0.570442931703951
171335,NA,0.233055188380383,0.425752665446398,0.239661903652703,NA,NA,NA,NA,NA,NA,0.537163243583865,4,0.25,0.358908250265837,"0.620671359080639",0.00485066056720181,0.570442931703951
171336,NA,NA,0.134976547227656,0.239661903652703,NA,NA,NA,NA,NA,NA,-0.310872654465994,3,0.333333333333333,0.0212552654714548,"0.0287576617966873",0.00485066056720181,0.570442931703951
171337,NA,NA,0.961045064894536,0.60697997723348,NA,NA,NA,NA,NA,NA,0.113145294558936,3,0.333333333333333,0.560390112228983,"0.97387384571906",0.00485066056720181,0.570442931703951
171338,NA,NA,1.18573570169993,NA,NA,NA,NA,NA,NA,NA,-0.169533338124351,2,0.5,0.508101181787788,"0.882210109462385",0.00485066056720181,0.570442931703951
171339,NA,NA,-2.85869576079712,NA,NA,NA,NA,NA,0.150254776249555,NA,-0.310872654465994,3,0.333333333333333,-1.00643787967119,"-1.77281281620512",0.00485066056720181,0.570442931703951
171341,NA,0.834138128088843,-0.178929489485758,0.60697997723348,NA,NA,NA,NA,-0.433275729035377,NA,-0.593551287149281,5,0.2,0.0470723199303814,"0.0740155710879977",0.00485066056720181,0.570442931703951
171343,NA,NA,NA,NA,NA,NA,NA,NA,NA,NA,-0.169533338124351,1,1,-0.169533338124351,"-0.305699289095679",0.00485066056720181,0.570442931703951
171344,NA,NA,-1.31559976979538,-0.127656169928072,NA,NA,0.0450498802965776,NA,NA,NA,0.113145294558936,4,0.25,-0.321265191216986,"-0.571688829257746",0.00485066056720181,0.570442931703951
171345,NA,NA,-2.13175546525026,-0.37253488564859,NA,NA,NA,NA,NA,NA,-0.734890603490924,3,0.333333333333333,-1.07972698479659,"-1.90129035716875",0.00485066056720181,0.570442931703951
171346,NA,-0.380357657783635,NA,-0.25009552778833,NA,NA,NA,NA,NA,NA,-0.0281940217827077,3,0.333333333333333,-0.219549069118224,"-0.393378052761788",0.00485066056720181,0.570442931703951
171347,NA,NA,1.03704336851989,-0.127656169928072,NA,NA,NA,NA,NA,NA,0.254484610900575,3,0.333333333333333,0.387957269830797,"0.671594979920657",0.00485066056720181,0.570442931703951
171348,NA,NA,1.84659051583343,NA,NA,NA,NA,NA,NA,NA,-0.593551287149281,2,0.5,0.626519614342075,"1.08980043265311",0.00485066056720181,0.570442931703951
171349,NA,NA,0.303494524831699,-0.0052168120678136,NA,NA,NA,NA,NA,NA,0.395823927242222,3,0.333333333333333,0.231367213335369,"0.397088893873306",0.00485066056720181,0.570442931703951
171350,NA,-0.608460927211461,0.392709924739722,-0.0052168120678136,NA,NA,NA,NA,NA,NA,-1.44158718519914,4,0.25,-0.415638749934673,"-0.737127917854719",0.00485066056720181,0.570442931703951
171351,NA,NA,NA,-0.862292317089623,NA,NA,NA,NA,NA,NA,0.254484610900575,2,0.5,-0.303903853094524,"-0.541253991419362",0.00485066056720181,0.570442931703951
171352,NA,NA,NA,-0.127656169928072,NA,NA,NA,NA,NA,NA,NA,1,1,-0.127656169928072,"-0.232287619200517",0.00485066056720181,0.570442931703951
171353,NA,NA,0.84869974649184,0.362101261512963,NA,NA,NA,NA,NA,NA,0.254484610900575,3,0.333333333333333,0.488428539635126,"0.847723500795155",0.00485066056720181,0.570442931703951
171354,NA,NA,0.858612568703842,NA,NA,NA,NA,NA,NA,NA,-0.310872654465994,2,0.5,0.273869957118924,"0.471597212622381",0.00485066056720181,0.570442931703951
171355,NA,NA,1.56242294575602,0.239661903652703,NA,NA,NA,NA,NA,NA,0.537163243583865,3,0.333333333333333,0.779749364330864,"1.35841582163003",0.00485066056720181,0.570442931703951
171356,NA,NA,NA,0.362101261512963,NA,NA,NA,NA,NA,NA,0.395823927242222,2,0.5,0.378962594377593,"0.6558271003427",0.00485066056720181,0.570442931703951
171357,NA,NA,NA,NA,NA,NA,NA,NA,NA,NA,0.537163243583865,1,1,0.537163243583865,"0.933156593643137",0.00485066056720181,0.570442931703951
171358,NA,NA,0.336537265538374,0.362101261512963,NA,NA,NA,NA,NA,NA,0.819841876267148,3,0.333333333333333,0.506160134439495,"0.878807407385782",0.00485066056720181,0.570442931703951
171359,NA,NA,1.07008610922656,-0.127656169928072,NA,NA,NA,NA,NA,NA,0.254484610900575,3,0.333333333333333,0.398971516733022,"0.690903216187736",0.00485066056720181,0.570442931703951
171360,NA,NA,NA,NA,NA,NA,NA,NA,NA,NA,0.537163243583865,1,1,0.537163243583865,"0.933156593643137",0.00485066056720181,0.570442931703951
171361,NA,NA,0.792527087290492,-0.0052168120678136,NA,NA,NA,NA,-3.00080995228905,-0.627838177225485,-1.44158718519914,5,0.2,-0.8565850078982,"-1.51011717489817",0.00485066056720181,0.570442931703951
171362,NA,1.62016966463068,-1.07108348856599,NA,0.543653630032868,-0.139287693185075,0.825818824799667,NA,-0.316569627978388,-0.769262773564744,-0.452211970807637,8,0.125,0.0301533206701723,"0.0443561637750331",0.00485066056720181,0.570442931703951
171363,NA,0.609117335274907,-0.694396244509891,NA,NA,NA,NA,NA,0.967197483648454,0.220709400810067,-0.452211970807637,5,0.2,0.13008320088318,"0.219535615844867",0.00485066056720181,0.570442931703951
171364,NA,NA,-0.413532948503152,-0.127656169928072,NA,NA,NA,NA,NA,NA,0.961181192608791,3,0.333333333333333,0.139997358059189,"0.23691536870883",0.00485066056720181,0.570442931703951
171365,NA,NA,NA,NA,NA,NA,NA,NA,NA,NA,0.395823927242222,1,1,0.395823927242222,"0.685385417095374",0.00485066056720181,0.570442931703951
171367,NA,NA,0.921393776046525,-0.494974243508849,NA,NA,NA,NA,NA,NA,0.113145294558936,3,0.333333333333333,0.179854942365537,"0.306786660105659",0.00485066056720181,0.570442931703951
171368,NA,NA,0.35636290996238,NA,NA,NA,NA,NA,NA,NA,0.395823927242222,2,0.5,0.376093418602301,"0.650797367102389",0.00485066056720181,0.570442931703951
171369,NA,NA,1.56572721982669,-0.127656169928072,NA,NA,NA,NA,NA,NA,-0.0281940217827077,3,0.333333333333333,0.469959009371971,"0.815345975828747",0.00485066056720181,0.570442931703951
171370,NA,-4.23037094853167,-0.44327141513916,-0.0052168120678136,NA,NA,NA,NA,0.967197483648454,NA,-0.593551287149281,5,0.2,-0.861042595847893,"-1.51793143238468",0.00485066056720181,0.570442931703951
171371,NA,-0.531399011864222,1.22208271647727,0.484540619373221,NA,NA,NA,NA,0.033548675192569,NA,-1.01756923617421,5,0.2,0.0382407526009255,"0.0585336239227038",0.00485066056720181,0.570442931703951
171372,NA,0.544385326383227,1.31460239045596,NA,NA,NA,NA,NA,0.383666978363526,NA,-0.734890603490924,4,0.25,0.376941022927947,"0.652283237605008",0.00485066056720181,0.570442931703951
171373,NA,0.880375277297186,0.445578309870403,0.239661903652703,NA,NA,NA,NA,NA,NA,0.537163243583865,4,0.25,0.525694683601039,"0.913051935761641",0.00485066056720181,0.570442931703951
171374,NA,NA,0.733050154018477,0.484540619373221,NA,NA,NA,NA,NA,NA,0.395823927242222,3,0.333333333333333,0.537804900211307,"0.93428143294218",0.00485066056720181,0.570442931703951
171375,NA,0.177570609330372,0.974262161177206,-0.37253488564859,NA,NA,NA,NA,-0.199863526921402,NA,-0.452211970807637,5,0.2,0.0254444774259894,"0.0361014497931853",0.00485066056720181,0.570442931703951
171376,NA,NA,0.76939716879582,-0.0052168120678136,NA,NA,NA,NA,0.033548675192569,NA,0.678502559925508,4,0.25,0.369057897961521,"0.638463932415479",0.00485066056720181,0.570442931703951
171377,NA,0.510478083630442,-0.149191022849751,0.117222545792445,NA,NA,NA,NA,NA,NA,-2.14828376690736,4,0.25,-0.417443540083555,"-0.74029175782639",0.00485066056720181,0.570442931703951
171378,NA,NA,1.45668617549466,NA,NA,NA,NA,NA,NA,NA,0.395823927242222,2,0.5,0.926255051368443,"1.61524376864298",0.00485066056720181,0.570442931703951
171379,NA,NA,-0.565529555753858,-0.127656169928072,NA,NA,NA,NA,0.150254776249555,NA,-0.0281940217827077,4,0.25,-0.142781242803771,"-0.25880223097863",0.00485066056720181,0.570442931703951
171380,NA,-0.515986628794774,-0.0467585266590577,-0.37253488564859,NA,NA,-0.735719064206513,NA,-0.0831574258644167,NA,-1.15890855251585,6,0.166666666666667,-0.485510847281534,"-0.85961536307233",0.00485066056720181,0.570442931703951
171381,NA,0.473488364263767,0.921393776046525,-0.25009552778833,NA,NA,NA,NA,NA,NA,0.537163243583865,4,0.25,0.420487464026457,"0.72862118252166",0.00485066056720181,0.570442931703951
171382,NA,NA,0.647139028181121,NA,NA,NA,NA,NA,NA,-1.05211196624326,0.819841876267148,3,0.333333333333333,0.138289646068336,"0.233921709052549",0.00485066056720181,0.570442931703951
171383,NA,1.08690121042779,0.818961279855832,0.239661903652703,NA,NA,NA,NA,0.500373079420508,NA,0.537163243583865,5,0.2,0.636612143388139,"1.10749287563933",0.00485066056720181,0.570442931703951
171384,NA,1.64482947754179,0.346450087750377,NA,NA,NA,NA,NA,0.500373079420508,0.362133997149326,1.52653845797536,5,0.2,0.876065019967473,"1.52725945222583",0.00485066056720181,0.570442931703951
171385,NA,1.15471569593336,0.392709924739722,0.239661903652703,NA,NA,NA,NA,NA,NA,0.395823927242222,4,0.25,0.545727862892001,"0.948170574590456",0.00485066056720181,0.570442931703951
171386,NA,NA,NA,NA,NA,NA,NA,NA,NA,NA,NA,0,NA,NA,"NaN",0.00485066056720181,0.570442931703951
171388,NA,NA,1.16591005727592,NA,NA,NA,NA,NA,NA,NA,0.678502559925508,2,0.5,0.922206308600715,"1.6081462264653",0.00485066056720181,0.570442931703951
180001,NA,-0.972193167650426,0.161410739792996,-0.25009552778833,NA,NA,-0.735719064206513,NA,-1.8337489417192,NA,-1.3002478688575,6,0.166666666666667,-0.821765638404829,"-1.44907799366165",0.00485066056720181,0.570442931703951
180002,NA,0.0203643020220052,-0.763785999993909,1.09673740867451,NA,NA,NA,NA,-0.900100133263316,NA,0.113145294558936,5,0.2,-0.086727825600354,"-0.160539260069373",0.00485066056720181,0.570442931703951
180004,NA,-0.528316535250333,1.0667818351559,1.21917676653477,NA,NA,NA,NA,-0.433275729035377,NA,0.395823927242222,5,0.2,0.344038052929436,"0.59460355017295",0.00485066056720181,0.570442931703951
180005,NA,-1.28968825888105,-1.64602717686214,0.484540619373221,NA,NA,-1.5164880087096,NA,0.033548675192569,NA,-0.169533338124351,6,0.166666666666667,-0.683941248001891,"-1.20746856571897",0.00485066056720181,0.570442931703951
180009,0.0180812826827643,0.353271776322075,-1.08760485891933,-0.37253488564859,-0.718079527628061,0.831221144611397,0.0450498802965776,0.0353258740585582,-0.316569627978388,-0.769262773564744,-0.310872654465994,11,0.0909090909090909,-0.208361306384885,"-0.373765639123984",0.00485066056720181,0.570442931703951
180010,-0.362320986303246,-0.364945274714187,-1.3552510586434,-1.35204974853066,NA,NA,-0.735719064206513,0.133057077684283,-0.199863526921402,-0.486413580886226,-0.310872654465994,9,0.111111111111111,-0.559375424109704,"-0.989101719590995",0.00485066056720181,0.570442931703951
180011,0.676627146196179,-1.62259573318112,-0.192146585768428,0.362101261512963,-0.792299125137527,0.831221144611397,0.0450498802965776,NA,-0.666687931149345,-0.627838177225485,0.819841876267148,10,0.1,-0.116672624357764,"-0.213033203097052",0.00485066056720181,0.570442931703951
180012,0.594820206629295,0.353271776322075,-0.710917614863229,-0.25009552778833,-1.60871469774166,0.415288785555766,-0.735719064206513,NA,-0.666687931149345,NA,-0.452211970807637,9,0.111111111111111,-0.340107337561064,"-0.604719559058876",0.00485066056720181,0.570442931703951
180013,-0.255971964866297,0.214560328697046,1.00400062781321,-0.984731674949884,-0.198542345061796,-0.277931812870285,-0.735719064206513,1.20810031756726,0.150254776249555,NA,-0.452211970807637,10,0.1,-0.0328192782435337,"-0.0660362969144222",0.00485066056720181,0.570442931703951
180016,NA,-1.20646139030603,0.94121942047053,0.362101261512963,NA,NA,-0.735719064206513,NA,0.383666978363526,NA,-0.310872654465994,6,0.166666666666667,-0.0943442414385864,"-0.173891017826247",0.00485066056720181,0.570442931703951
180017,0.946590046766896,-0.673192936103141,-1.21316727360469,1.21917676653477,-0.0501031500428634,-1.8030171294076,0.0450498802965776,NA,0.617079180477497,-0.203564388207709,-1.86560513422407,10,0.1,-0.298075413751433,"-0.531036598900042",0.00485066056720181,0.570442931703951
180018,NA,0.411838831985976,-0.486226978057838,0.117222545792445,-0.346981540080729,0.415288785555766,-0.735719064206513,NA,-0.316569627978388,NA,-3.70301624666543,8,0.125,-0.580520411706839,"-1.02616938477176",0.00485066056720181,0.570442931703951
180019,1.85055672898096,1.56160260896677,0.452186858011738,-0.127656169928072,NA,NA,0.825818824799667,NA,-0.316569627978388,NA,0.961181192608791,7,0.142857142857143,0.743874345065925,"1.29552606128576",0.00485066056720181,0.570442931703951
180020,NA,0.00186944233866801,-3.10982059016785,-0.862292317089623,NA,NA,NA,NA,-1.13351233537729,NA,-0.876229919832567,5,0.2,-1.19599714402573,"-2.10511470622648",0.00485066056720181,0.570442931703951
180024,NA,0.498148177174884,1.56572721982669,1.34161612439503,NA,NA,-0.735719064206513,NA,1.20060968576243,0.362133997149326,1.38519914163372,7,0.142857142857143,0.802530754533652,"1.39835213942213",0.00485066056720181,0.570442931703951
180025,NA,-0.586883590914234,0.528185161637091,-0.37253488564859,0.395214435013935,0.969865264296607,-0.735719064206513,NA,NA,NA,-0.169533338124351,7,0.142857142857143,0.00408485457913484,"-0.00134247607517804",0.00485066056720181,0.570442931703951
180027,0.243050366491695,-2.34697773744516,-0.347447467089802,1.09673740867451,1.1374104101086,-1.38708477035197,0.825818824799667,NA,1.20060968576243,-0.0621397918684502,-2.00694445056571,10,0.1,-0.164696752148419,"-0.297220639072819",0.00485066056720181,0.570442931703951
180029,-0.902246787444679,-2.17127657045346,-1.40481516970341,0.117222545792445,-1.08917751517539,0.553932905240976,0.825818824799667,NA,-1.13351233537729,NA,0.395823927242222,9,0.111111111111111,-0.53424779723099,"-0.945052393212884",0.00485066056720181,0.570442931703951
180035,-0.509573477523637,0.0511890681609006,-0.185538037627093,0.239661903652703,-0.12432274755233,0.138000546185346,0.0450498802965776,0.817175503064359,-1.60033673960523,0.644983189827844,-0.310872654465994,11,0.0909090909090909,-0.0722348695987777,"-0.135132764176287",0.00485066056720181,0.570442931703951
180038,0.836150678351603,0.405673878758197,0.0887167102383106,1.58649484011555,-0.12432274755233,-2.21894948846323,0.0450498802965776,1.01263791031581,-1.60033673960523,NA,0.537163243583865,10,0.1,0.0568278166039125,"0.0911171883249591",0.00485066056720181,0.570442931703951
180040,-1.28264905643069,-0.959863261194868,-0.595268022389866,-1.96424653783195,NA,NA,0.825818824799667,0.817175503064359,0.383666978363526,1.06925697884562,-0.876229919832567,9,0.111111111111111,-0.286926501400752,"-0.511492290905238",0.00485066056720181,0.570442931703951
180043,NA,-2.40862726972295,0.128367999086321,0.239661903652703,NA,NA,NA,NA,NA,NA,0.395823927242222,4,0.25,-0.411193359935426,"-0.729335043664889",0.00485066056720181,0.570442931703951
180044,-1.06586066657845,-0.630038263508687,-0.92239115538595,-1.10717103281014,-0.643859930118594,-0.555220052240705,-0.735719064206513,-0.844254958572969,-1.01680623432031,NA,-1.44158718519914,10,0.1,-0.896290854294145,"-1.57972246613623",0.00485066056720181,0.570442931703951
180045,NA,0.861880417613849,-1.36846815492607,-0.25009552778833,NA,NA,0.0450498802965776,NA,-0.433275729035377,NA,-0.593551287149281,6,0.166666666666667,-0.289743400164771,"-0.516430381303877",0.00485066056720181,0.570442931703951
180046,NA,1.03141663137777,0.0622825176729705,0.484540619373221,NA,NA,NA,NA,NA,NA,-0.310872654465994,4,0.25,0.316841778489493,"0.546927835516084",0.00485066056720181,0.570442931703951
180048,-0.54229625335039,0.741663829672157,-0.0401499785177226,-1.59692846425118,1.1374104101086,-0.832508291611126,-1.5164880087096,NA,1.20060968576243,NA,-0.310872654465994,9,0.111111111111111,-0.195506636151426,"-0.351231097070739",0.00485066056720181,0.570442931703951
180049,NA,0.864962894227739,0.610792013403779,0.117222545792445,-1.53449510023219,-0.693864171925916,0.0450498802965776,NA,-1.01680623432031,NA,0.254484610900575,8,0.125,-0.169081695232162,"-0.304907548384931",0.00485066056720181,0.570442931703951
180050,NA,-0.61462588043924,-0.601876570531201,-1.47448910639092,NA,NA,NA,NA,-0.900100133263316,NA,-2.14828376690736,5,0.2,-1.14787509150641,"-2.02075560587689",0.00485066056720181,0.570442931703951
180051,NA,0.763241165969384,0.0523696954609679,-0.494974243508849,1.73116719018433,-0.693864171925916,0.825818824799667,NA,1.66743408999036,NA,-0.734890603490924,8,0.125,0.389537743434878,"0.674365587664643",0.00485066056720181,0.570442931703951
180056,NA,-0.682440365944809,0.700007413311802,0.60697997723348,0.617873227542334,0.692577024926186,-0.735719064206513,NA,0.617079180477497,NA,-0.169533338124351,8,0.125,0.205853006901953,"0.352361884359482",0.00485066056720181,0.570442931703951
180064,NA,0.602952382047128,-0.889348414679275,-1.10717103281014,NA,NA,-0.735719064206513,NA,NA,NA,-0.310872654465994,5,0.2,-0.488031756822959,"-0.864034577337804",0.00485066056720181,0.570442931703951
180066,NA,-1.08932727897823,-0.578746652036528,-0.0052168120678136,NA,NA,NA,NA,NA,NA,0.254484610900575,4,0.25,-0.354701533045499,"-0.630303530168556",0.00485066056720181,0.570442931703951
180067,0.758434085763063,1.12080845318057,0.818961279855832,-1.71936782211143,-1.83137349027006,0.276644665870556,0.825818824799667,1.69675633569588,0.967197483648454,NA,-0.310872654465994,10,0.1,0.260300716196654,"0.447810011189737",0.00485066056720181,0.570442931703951
180069,NA,-1.1571417644838,-1.68237419163948,0.117222545792445,NA,NA,NA,NA,-1.01680623432031,NA,-2.00694445056571,5,0.2,-1.14920881904337,"-2.02309366190816",0.00485066056720181,0.570442931703951
180070,NA,-0.349532891644739,0.762788620654484,-0.617413601369107,NA,NA,0.0450498802965776,NA,-0.0831574258644167,NA,-0.310872654465994,6,0.166666666666667,-0.0921896787321992,"-0.170114018258645",0.00485066056720181,0.570442931703951
180078,NA,-2.55350367057576,-2.48200851674102,-0.739852959229365,NA,NA,NA,NA,-0.549981830092359,NA,-0.734890603490924,5,0.2,-1.41204751602589,"-2.48385613677554",0.00485066056720181,0.570442931703951
180079,NA,1.44755097425286,-0.433358592927157,-0.617413601369107,NA,NA,0.0450498802965776,NA,0.26696087730654,NA,0.395823927242222,6,0.166666666666667,0.184102244133656,"0.31423228092426",0.00485066056720181,0.570442931703951
180080,-0.358230639324902,0.31936453356929,0.511663791283753,-2.08668589569221,0.840532020070734,-1.38708477035197,-0.735719064206513,NA,1.08390358470544,NA,0.961181192608791,9,0.111111111111111,-0.0945639163708426,"-0.174276113196962",0.00485066056720181,0.570442931703951
180087,NA,-0.106017239147466,1.35425367930397,-1.84180717997169,1.28584960512753,-0.693864171925916,0.825818824799667,NA,1.90084629210434,NA,0.819841876267148,8,0.125,0.443115210819697,"0.768288159769761",0.00485066056720181,0.570442931703951
180088,-1.86347832735557,-0.420429853764199,-0.654744955661881,1.09673740867451,-0.94073832015646,2.35630646114871,-0.735719064206513,0.0353258740585582,-1.8337489417192,-0.769262773564744,-1.86560513422407,11,0.0909090909090909,-0.508668875160986,"-0.900211935651953",0.00485066056720181,0.570442931703951
180092,-1.04949927866507,0.701591633691593,-0.000498689669712414,0.239661903652703,0.543653630032868,-0.416575932555496,0.825818824799667,NA,0.26696087730654,NA,-1.01756923617421,9,0.111111111111111,0.0103937480465426,"0.00971716392870917",0.00485066056720181,0.570442931703951
180093,-2.5424759257607,-0.238563733544716,1.0667818351559,3.17820649229891,0.988971215089666,0.692577024926186,0.0450498802965776,0.0353258740585582,-0.0831574258644167,NA,0.395823927242222,10,0.1,0.353853916389818,"0.6118109918202",0.00485066056720181,0.570442931703951
180101,NA,-2.03564759944232,-1.07769203670732,0.484540619373221,-0.0501031500428634,-0.139287693185075,-2.29725695321269,NA,NA,NA,-0.876229919832567,7,0.142857142857143,-0.855953819007088,"-1.50901068578939",0.00485066056720181,0.570442931703951
180102,-1.1353965652103,0.686179250622145,0.495142420930415,0.974298050814256,-1.46027550272272,0.276644665870556,0.825818824799667,-0.648792551321519,-0.783394032206331,-1.90065954427881,-0.734890603490924,11,0.0909090909090909,-0.309575053290325,"-0.551195739981064",0.00485066056720181,0.570442931703951
180103,-0.227339536017887,0.485818270719325,0.438969761729068,0.239661903652703,-0.569640332609128,0.692577024926186,0.825818824799667,-1.13744856945014,0.617079180477497,-0.344988984546967,0.819841876267148,11,0.0909090909090909,0.167304492722497,"0.284785423968766",0.00485066056720181,0.570442931703951
180104,1.63785868610706,0.612199811888796,0.108542354662316,2.44357034513736,0.766312422561267,0.415288785555766,-1.5164880087096,2.18541235382451,0.500373079420508,NA,0.254484610900575,10,0.1,0.740755444134856,"1.2900585539196",0.00485066056720181,0.570442931703951
180105,NA,-2.49185413829797,-2.97434535327048,NA,NA,NA,NA,NA,-0.666687931149345,NA,-2.57230171593229,4,0.25,-2.17629728466252,"-3.82360412235189",0.00485066056720181,0.570442931703951
180115,NA,-0.324873078733623,1.41373061257599,0.117222545792445,NA,NA,NA,NA,0.967197483648454,NA,0.254484610900575,5,0.2,0.485552434836767,"0.842681620812932",0.00485066056720181,0.570442931703951
180116,NA,-0.630038263508687,0.0457611473196329,0.362101261512963,NA,NA,0.825818824799667,NA,-1.01680623432031,NA,-0.452211970807637,6,0.166666666666667,-0.144229205834061,"-0.26134054454133",0.00485066056720181,0.570442931703951
180124,-2.91878784776837,-0.0505326600974541,0.508359517213085,-0.37253488564859,NA,NA,0.825818824799667,NA,-1.01680623432031,-1.75923494793955,-1.15890855251585,8,0.125,-0.742828348284671,"-1.31069905033008",0.00485066056720181,0.570442931703951
180127,NA,-0.383440134397524,0.0226312288249602,1.34161612439503,NA,NA,0.0450498802965776,NA,-0.199863526921402,NA,-1.44158718519914,6,0.166666666666667,-0.10259893550025,"-0.188361692459739",0.00485066056720181,0.570442931703951
180128,NA,1.12080845318057,-1.4874220214701,-1.71936782211143,NA,NA,0.0450498802965776,NA,0.617079180477497,NA,-0.310872654465994,6,0.166666666666667,-0.289120830682147,"-0.515339002222775",0.00485066056720181,0.570442931703951
180130,1.32290196877456,0.831055651474954,-0.228493600545771,1.09673740867451,0.6920928250518,0.415288785555766,0.0450498802965776,0.817175503064359,-1.01680623432031,-1.05211196624326,0.819841876267148,11,0.0909090909090909,0.340248372550031,"0.587960150511418",0.00485066056720181,0.570442931703951
180132,-0.333688557454836,-1.36983265084218,-0.677874874156554,-0.37253488564859,NA,NA,0.0450498802965776,NA,-0.666687931149345,NA,-1.3002478688575,7,0.142857142857143,-0.66797384111606,"-1.17947732242644",0.00485066056720181,0.570442931703951
180138,NA,1.73730377595848,0.197757754570339,1.09673740867451,-1.38605590521326,0.692577024926186,0.0450498802965776,NA,-0.316569627978388,NA,0.819841876267148,8,0.125,0.3608302734377,"0.62404071132438",0.00485066056720181,0.570442931703951
180141,NA,-1.08007984913656,-1.26933993280604,-1.84180717997169,-0.346981540080729,0.553932905240976,0.0450498802965776,NA,-1.01680623432031,NA,-2.00694445056571,8,0.125,-0.870372050167935,"-1.53428618726292",0.00485066056720181,0.570442931703951
180143,NA,-1.25578101612826,-0.724134711145899,0.362101261512963,0.6920928250518,-0.139287693185075,-1.5164880087096,NA,NA,-2.46635792963585,-0.310872654465994,8,0.125,-0.66984099083824,"-1.18275048021034",0.00485066056720181,0.570442931703951
180149,NA,NA,0.944523694541198,NA,NA,NA,NA,NA,NA,NA,-0.0281940217827077,2,0.5,0.458164836379245,"0.794670510611752",0.00485066056720181,0.570442931703951
180154,NA,-1.89077119858951,-1.54689895474211,NA,NA,NA,NA,NA,NA,NA,0.113145294558936,3,0.333333333333333,-1.10817495292423,"-1.95116032057186",0.00485066056720181,0.570442931703951
181301,NA,1.05607644428889,0.0920209843089781,-0.37253488564859,NA,NA,NA,NA,0.850491382591465,NA,-0.0281940217827077,5,0.2,0.319571980751607,"0.551713944888951",0.00485066056720181,0.570442931703951
181302,NA,NA,NA,NA,NA,NA,NA,NA,NA,NA,-0.169533338124351,1,1,-0.169533338124351,"-0.305699289095679",0.00485066056720181,0.570442931703951
181304,NA,NA,NA,NA,NA,NA,-0.735719064206513,NA,NA,NA,-0.452211970807637,2,0.5,-0.593965517507075,"-1.04973897438886",0.00485066056720181,0.570442931703951
181305,NA,NA,NA,NA,NA,NA,NA,NA,NA,NA,NA,0,NA,NA,"NaN",0.00485066056720181,0.570442931703951
181306,NA,NA,0.158106465722328,-0.37253488564859,NA,NA,NA,NA,NA,NA,NA,2,0.5,-0.107214209963131,"-0.196452378146904",0.00485066056720181,0.570442931703951
181307,NA,NA,-0.49613980026984,NA,NA,NA,NA,NA,NA,NA,-0.0281940217827077,2,0.5,-0.262166911026274,"-0.468088141255212",0.00485066056720181,0.570442931703951
181308,NA,NA,NA,-0.0052168120678136,NA,NA,NA,NA,NA,NA,0.254484610900575,2,0.5,0.124633899416381,"0.209982861022361",0.00485066056720181,0.570442931703951
181309,NA,0.285457290816506,0.84869974649184,NA,NA,NA,NA,NA,-0.0831574258644167,NA,-0.310872654465994,4,0.25,0.185031739244484,"0.31586170791716",0.00485066056720181,0.570442931703951
181310,NA,NA,NA,NA,NA,NA,NA,NA,NA,NA,-0.452211970807637,1,1,-0.452211970807637,"-0.801241642191206",0.00485066056720181,0.570442931703951
181311,NA,NA,NA,-0.37253488564859,NA,NA,NA,NA,NA,NA,0.113145294558936,2,0.5,-0.129694795544827,"-0.235861378297971",0.00485066056720181,0.570442931703951
181314,NA,NA,NA,-0.739852959229365,NA,NA,NA,NA,NA,NA,NA,1,1,-0.739852959229365,"-1.30548312268869",0.00485066056720181,0.570442931703951
181315,NA,NA,-2.29696916878364,NA,NA,NA,NA,NA,NA,NA,-0.593551287149281,2,0.5,-1.44526022796646,"-2.54207880918444",0.00485066056720181,0.570442931703951
181316,NA,NA,NA,NA,NA,NA,NA,NA,NA,NA,0.113145294558936,1,1,0.113145294558936,"0.189843063999847",0.00485066056720181,0.570442931703951
181317,NA,NA,0.548010806061096,NA,NA,NA,NA,NA,NA,NA,0.113145294558936,2,0.5,0.330578050310016,"0.571007846078213",0.00485066056720181,0.570442931703951
181318,NA,NA,1.06347756108523,-1.35204974853066,NA,NA,0.0450498802965776,NA,NA,NA,0.537163243583865,4,0.25,0.0734102341087533,"0.120186559831252",0.00485066056720181,0.570442931703951
181319,NA,NA,0.339841539609042,NA,NA,NA,NA,NA,-0.900100133263316,NA,-0.593551287149281,3,0.333333333333333,-0.384603293601185,"-0.682722026207007",0.00485066056720181,0.570442931703951
181320,NA,0.236137664994273,1.02052199816655,0.362101261512963,NA,NA,NA,NA,0.383666978363526,NA,-0.876229919832567,5,0.2,0.225239596640949,"0.38634703635547",0.00485066056720181,0.570442931703951
181321,NA,NA,0.0887167102383106,-0.0052168120678136,NA,NA,NA,NA,NA,NA,NA,2,0.5,0.0417499490852485,"0.0646853286582517",0.00485066056720181,0.570442931703951
181322,NA,NA,NA,-0.37253488564859,NA,NA,NA,NA,NA,NA,-0.310872654465994,2,0.5,-0.341703770057292,"-0.607518143119616",0.00485066056720181,0.570442931703951
181323,NA,NA,-0.172320941344423,0.729419335093738,NA,NA,0.0450498802965776,NA,0.500373079420508,NA,0.254484610900575,5,0.2,0.271401192873395,"0.467269410298396",0.00485066056720181,0.570442931703951
181324,NA,NA,-0.0434542525883902,-0.25009552778833,NA,NA,NA,NA,NA,NA,0.254484610900575,3,0.333333333333333,-0.0130217231587151,"-0.0313307129120365",0.00485066056720181,0.570442931703951
181325,NA,NA,NA,NA,NA,NA,NA,NA,NA,NA,0.113145294558936,1,1,0.113145294558936,"0.189843063999847",0.00485066056720181,0.570442931703951
181327,NA,NA,-0.0368457044470551,-0.25009552778833,NA,NA,NA,NA,0.617079180477497,NA,-1.15890855251585,4,0.25,-0.207192651068435,"-0.371716958613634",0.00485066056720181,0.570442931703951
181328,NA,NA,NA,0.362101261512963,NA,NA,NA,NA,0.500373079420508,NA,0.254484610900575,3,0.333333333333333,0.372319650611349,"0.644181862235531",0.00485066056720181,0.570442931703951
181329,NA,1.68490167352236,-0.826567207336592,0.117222545792445,NA,NA,NA,NA,NA,NA,0.395823927242222,4,0.25,0.342845234805108,"0.592512511686829",0.00485066056720181,0.570442931703951
181330,NA,NA,0.723137331806474,NA,NA,NA,NA,NA,NA,NA,-0.0281940217827077,2,0.5,0.347471655011883,"0.600622736127609",0.00485066056720181,0.570442931703951
181331,NA,NA,NA,NA,NA,NA,NA,NA,NA,NA,-0.0281940217827077,1,1,-0.0281940217827077,"-0.0579281125479159",0.00485066056720181,0.570442931703951
181333,NA,NA,NA,-0.127656169928072,NA,NA,NA,NA,NA,NA,NA,1,1,-0.127656169928072,"-0.232287619200517",0.00485066056720181,0.570442931703951
181334,NA,NA,NA,NA,NA,NA,NA,NA,NA,NA,NA,0,NA,NA,"NaN",0.00485066056720181,0.570442931703951
190002,-0.305056128606427,0.239220141608162,0.366275732174382,-1.71936782211143,-0.346981540080729,0.415288785555766,0.825818824799667,-2.31022301295885,0.26696087730654,1.63495536420266,-1.01756923617421,11,0.0909090909090909,-0.177334364934952,"-0.319374674269265",0.00485066056720181,0.570442931703951
190004,0.897505883026766,0.152910796419255,0.852004020562508,0.117222545792445,-0.0501031500428634,0.831221144611397,-0.735719064206513,0.133057077684283,1.08390358470544,NA,0.961181192608791,10,0.1,0.424318403116151,"0.735336909681695",0.00485066056720181,0.570442931703951
190005,NA,0.0912612641414646,1.96554438237746,0.60697997723348,0.469434032523402,0.831221144611397,0.825818824799667,NA,NA,NA,-0.734890603490924,7,0.142857142857143,0.579338431742278,"1.00709069960608",0.00485066056720181,0.570442931703951
190006,NA,0.414921308599866,-2.28375207250097,0.60697997723348,0.246775239995002,0.553932905240976,NA,NA,0.500373079420508,NA,-1.58292650154078,7,0.142857142857143,-0.220528009078846,"-0.39509415775006",0.00485066056720181,0.570442931703951
190007,NA,1.16704560238891,-2.30357771692497,0.117222545792445,-1.01495791766593,-0.139287693185075,0.0450498802965776,NA,NA,NA,-0.593551287149281,7,0.142857142857143,-0.388865226635331,"-0.69019329598226",0.00485066056720181,0.570442931703951
190008,-2.19888677957979,-0.207738967405821,-0.135973926567081,1.46405548225529,0.617873227542334,-1.24844065066676,0.825818824799667,-0.257867736818618,1.66743408999036,NA,-1.15890855251585,10,0.1,-0.0632634988966262,"-0.119405738380116",0.00485066056720181,0.570442931703951
190011,NA,1.38590144197507,NA,-0.984731674949884,0.246775239995002,0.138000546185346,NA,NA,NA,NA,-0.310872654465994,5,0.2,0.0950145797479082,"0.158059490563553",0.00485066056720181,0.570442931703951
190013,NA,1.47221078716398,0.885046761269183,-0.617413601369107,NA,NA,0.0450498802965776,NA,0.617079180477497,1.06925697884562,0.537163243583865,7,0.142857142857143,0.572627604323945,"0.995326459845433",0.00485066056720181,0.570442931703951
190014,NA,0.488900747333215,-0.588659474248531,-0.37253488564859,NA,NA,NA,NA,-0.666687931149345,NA,-0.593551287149281,5,0.2,-0.346506566172506,"-0.615937558714561",0.00485066056720181,0.570442931703951
190015,-2.86561333704989,-0.74717237483649,-0.912478333173947,0.974298050814256,0.617873227542334,-0.416575932555496,0.825818824799667,1.11036911394153,-0.433275729035377,NA,-2.57230171593229,10,0.1,-0.44190582054857,"-0.783174716147819",0.00485066056720181,0.570442931703951
190017,-0.497302436588604,0.041941638319232,-1.06117066635399,0.60697997723348,0.0983360449760701,1.10850938398182,-0.735719064206513,NA,1.08390358470544,-0.0621397918684502,-0.452211970807637,10,0.1,0.0131126699390849,"0.0144834985459525",0.00485066056720181,0.570442931703951
190019,-0.260062311844641,-0.27863592952528,0.376188554386385,0.60697997723348,0.246775239995002,0.969865264296607,0.0450498802965776,-0.941986162198694,0.033548675192569,NA,-2.00694445056571,10,0.1,-0.12092212627337,"-0.220482680826425",0.00485066056720181,0.570442931703951
190020,0.889325189070077,0.45807598119432,0.115150902803651,0.974298050814256,NA,NA,0.825818824799667,NA,NA,-1.19353656258252,-0.452211970807637,7,0.142857142857143,0.230988630755973,"0.396425229625131",0.00485066056720181,0.570442931703951
190025,NA,-0.0474501834835646,0.101933806520981,0.362101261512963,0.543653630032868,-0.416575932555496,NA,NA,NA,NA,-0.169533338124351,6,0.166666666666667,0.0623548739839001,"0.100806251108993",0.00485066056720181,0.570442931703951
190026,-1.41763050671605,-0.170749248039146,-1.53698613253011,-1.2296103906704,NA,NA,0.0450498802965776,1.01263791031581,1.20060968576243,NA,-1.58292650154078,8,0.125,-0.459950662890209,"-0.814807753106904",0.00485066056720181,0.570442931703951
190027,-1.49534709930459,0.137498413349808,1.11634594621591,0.729419335093738,NA,NA,0.825818824799667,-0.844254958572969,-0.199863526921402,NA,-0.169533338124351,8,0.125,0.0125104495669765,"0.0134277919386158",0.00485066056720181,0.570442931703951
190034,NA,0.784818502266611,1.78711358256142,0.117222545792445,NA,NA,0.0450498802965776,NA,NA,NA,0.961181192608791,5,0.2,0.739077140705168,"1.28711644816912",0.00485066056720181,0.570442931703951
190036,0.742072697849687,-0.626955786894798,-0.674570600085886,3.7904032816002,0.9147516175802,-1.38708477035197,1.60658776930276,0.0353258740585582,-1.36692453749126,0.362133997149326,-1.72426581788243,11,0.0909090909090909,0.151952156803127,"0.257872414680507",0.00485066056720181,0.570442931703951
190039,NA,-0.340285461803071,-0.615093666813871,0.60697997723348,0.6920928250518,-0.416575932555496,0.825818824799667,NA,0.500373079420508,NA,-0.0281940217827077,8,0.125,0.153139452943789,"0.259953772998183",0.00485066056720181,0.570442931703951
190040,-1.13948691218864,-1.02151279347266,-0.866218496184602,0.362101261512963,-0.718079527628061,-0.277931812870285,0.0450498802965776,-0.453330144070068,-1.25021843643427,NA,-1.44158718519914,10,0.1,-0.676121416623819,"-1.19376021569224",0.00485066056720181,0.570442931703951
190041,-1.12312552427527,0.0234467786358948,-0.767090274064577,-0.25009552778833,-0.495420735099661,-0.000643573499865181,0.0450498802965776,-0.257867736818618,-0.316569627978388,1.06925697884562,-1.15890855251585,11,0.0909090909090909,-0.293815264932951,"-0.523568456897201",0.00485066056720181,0.570442931703951
190044,NA,0.0635189746164588,-0.010411511881715,-0.37253488564859,-0.0501031500428634,-0.555220052240705,0.825818824799667,NA,0.26696087730654,-0.203564388207709,-0.593551287149281,9,0.111111111111111,-0.0698985109386886,"-0.131037071986517",0.00485066056720181,0.570442931703951
190045,0.962951434680273,-0.0721099963946809,0.690094591099799,-1.59692846425118,NA,NA,0.0450498802965776,-2.21249180933312,-0.549981830092359,-0.486413580886226,-1.15890855251585,9,0.111111111111111,-0.486526480821863,"-0.861395792776832",0.00485066056720181,0.570442931703951
190046,1.60922625725866,-0.7440898982226,-2.04254006534224,0.851858692953996,0.617873227542334,-1.8030171294076,0.825818824799667,0.0353258740585582,0.033548675192569,1.06925697884562,-0.593551287149281,11,0.0909090909090909,-0.0127536226791196,"-0.0308607264073486",0.00485066056720181,0.570442931703951
190050,NA,-0.220068873861379,-0.122756830284411,0.60697997723348,0.6920928250518,-0.416575932555496,0.0450498802965776,NA,0.150254776249555,NA,0.961181192608791,8,0.125,0.212019626842365,"0.363172115493369",0.00485066056720181,0.570442931703951
190053,NA,-0.941368401511531,-0.568833829824526,-0.984731674949884,NA,NA,0.0450498802965776,NA,-0.316569627978388,NA,-0.452211970807637,6,0.166666666666667,-0.536444270795898,"-0.948902863510319",0.00485066056720181,0.570442931703951
190054,NA,0.418003785213756,0.564532176414433,-0.862292317089623,0.246775239995002,-0.971152411296336,0.0450498802965776,NA,0.150254776249555,-0.344988984546967,0.537163243583865,9,0.111111111111111,-0.0240727345755264,"-0.050703398245872",0.00485066056720181,0.570442931703951
190060,0.758434085763063,-0.207738967405821,1.05686901294389,2.3211309872771,-0.569640332609128,-1.52572889003718,0.825818824799667,-0.355598940444343,0.850491382591465,NA,-0.310872654465994,10,0.1,0.284316450841273,"0.489910164088261",0.00485066056720181,0.570442931703951
190064,0.508922920084067,0.384096542460971,0.35636290996238,0.851858692953996,1.28584960512753,1.52444174303745,-0.735719064206513,1.98994994657306,1.31731578681941,NA,-0.734890603490924,10,0.1,0.674818847932143,"1.17447013562549",0.00485066056720181,0.570442931703951
190065,1.02430663935544,0.744746306286047,-0.479618429916503,0.117222545792445,0.395214435013935,0.553932905240976,0.825818824799667,0.328519484935734,0.617079180477497,-1.90065954427881,-0.734890603490924,11,0.0909090909090909,0.135606522201409,"0.229218129223953",0.00485066056720181,0.570442931703951
190079,NA,NA,NA,0.484540619373221,NA,NA,NA,NA,NA,NA,-0.310872654465994,2,0.5,0.0868339824536136,"0.143718709322109",0.00485066056720181,0.570442931703951
190086,-0.11280982062425,0.602952382047128,0.201062028641006,0.362101261512963,NA,NA,0.0450498802965776,NA,-0.199863526921402,NA,0.395823927242222,7,0.142857142857143,0.184902304599178,"0.315634805911522",0.00485066056720181,0.570442931703951
190088,NA,-0.0197078939585588,1.42364343478799,0.117222545792445,NA,NA,NA,NA,NA,NA,0.254484610900575,4,0.25,0.443910674380612,"0.769682626274129",0.00485066056720181,0.570442931703951
190090,NA,NA,0.174627836075666,-0.127656169928072,NA,NA,NA,NA,NA,NA,0.678502559925508,3,0.333333333333333,0.241824742024368,"0.415421189897662",0.00485066056720181,0.570442931703951
190098,NA,2.32605680921138,-0.499444074340508,-0.0052168120678136,0.6920928250518,-0.277931812870285,0.0450498802965776,NA,0.26696087730654,NA,-1.15890855251585,8,0.125,0.17358239250898,"0.295790731314288",0.00485066056720181,0.570442931703951
190099,NA,-1.76438965742004,-1.41472799191541,1.21917676653477,NA,NA,NA,NA,NA,NA,-0.169533338124351,4,0.25,-0.532368555231256,"-0.941758037379391",0.00485066056720181,0.570442931703951
190102,0.103978569227992,-0.454337096516984,0.0622825176729705,1.34161612439503,0.617873227542334,-1.38708477035197,1.60658776930276,-0.844254958572969,-1.36692453749126,NA,-0.0281940217827077,10,0.1,-0.0348457176574802,"-0.0695886933090858",0.00485066056720181,0.570442931703951
190106,NA,-0.216986397247489,-0.810045836983254,0.484540619373221,NA,NA,NA,NA,NA,NA,0.819841876267148,4,0.25,0.0693375653524063,"0.113047074827587",0.00485066056720181,0.570442931703951
190111,-0.100538779689217,0.236137664994273,0.0226312288249602,0.851858692953996,-0.272761942571262,0.276644665870556,1.60658776930276,-2.01702940208167,0.73378528153448,0.786407786167103,-0.452211970807637,11,0.0909090909090909,0.151955544954394,"0.257878354190104",0.00485066056720181,0.570442931703951
190114,NA,-3.79574174597324,-0.195450859839096,0.239661903652703,NA,NA,NA,NA,NA,NA,-2.289623083249,4,0.25,-1.51028844635216,"-2.65607481960297",0.00485066056720181,0.570442931703951
190116,NA,0.593704952205459,-1.22638436988736,0.362101261512963,NA,NA,NA,NA,NA,NA,0.395823927242222,4,0.25,0.0313114427683207,"0.0463863793036733",0.00485066056720181,0.570442931703951
190118,NA,0.575210092522122,0.789222813219824,0.239661903652703,NA,NA,NA,NA,NA,NA,0.961181192608791,4,0.25,0.64131900050086,"1.11574410788558",0.00485066056720181,0.570442931703951
190125,-0.464579660761851,0.165240702874814,0.372884280315717,0.239661903652703,-0.643859930118594,0.692577024926186,0.825818824799667,1.11036911394153,0.150254776249555,NA,0.537163243583865,10,0.1,0.29855302794636,"0.514867221690081",0.00485066056720181,0.570442931703951
190128,NA,NA,NA,-0.25009552778833,-0.866518722646993,-0.277931812870285,0.0450498802965776,NA,NA,NA,0.254484610900575,5,0.2,-0.219002314421691,"-0.392419578800336",0.00485066056720181,0.570442931703951
190133,NA,NA,NA,NA,NA,NA,NA,NA,NA,NA,0.537163243583865,1,1,0.537163243583865,"0.933156593643137",0.00485066056720181,0.570442931703951
190140,NA,NA,0.852004020562508,0.362101261512963,NA,NA,0.825818824799667,NA,NA,NA,-0.452211970807637,4,0.25,0.396928034016875,"0.687320942479754",0.00485066056720181,0.570442931703951
190144,NA,0.658436961097139,-0.694396244509891,-1.71936782211143,NA,NA,-0.735719064206513,NA,0.033548675192569,NA,-0.734890603490924,6,0.166666666666667,-0.532064683004842,"-0.941225342153408",0.00485066056720181,0.570442931703951
190145,NA,-2.24833848580069,-2.24079650958229,NA,NA,NA,NA,NA,NA,NA,-0.169533338124351,3,0.333333333333333,-1.55288944450245,"-2.73075538058921",0.00485066056720181,0.570442931703951
190151,NA,NA,1.10643312400391,-0.127656169928072,NA,NA,NA,NA,NA,NA,-0.169533338124351,3,0.333333333333333,0.269747871983828,"0.464371099533762",0.00485066056720181,0.570442931703951
190160,-0.133261555515971,-0.725595038539263,0.313407347043702,-0.494974243508849,NA,NA,0.0450498802965776,0.133057077684283,-1.13351233537729,-0.486413580886226,-1.3002478688575,9,0.111111111111111,-0.420276701962281,"-0.745258357851152",0.00485066056720181,0.570442931703951
190164,NA,-1.13248195157268,-0.628310763096541,-0.739852959229365,NA,NA,-0.735719064206513,NA,-1.01680623432031,NA,-3.42033761398214,6,0.166666666666667,-1.27891809773459,"-2.2504771063901",0.00485066056720181,0.570442931703951
190167,NA,0.72008649337493,0.805744183573162,0.484540619373221,NA,NA,0.825818824799667,NA,0.617079180477497,NA,-0.452211970807637,6,0.166666666666667,0.500176221798473,"0.868317466484687",0.00485066056720181,0.570442931703951
190176,-3.18466040136074,-0.0751924730085704,-0.41683722257382,-2.45400396927299,-0.0501031500428634,-0.832508291611126,0.0450498802965776,-0.551061347695793,0.033548675192569,0.644983189827844,-0.452211970807637,11,0.0909090909090909,-0.662999734641504,"-1.17075759570514",0.00485066056720181,0.570442931703951
190183,NA,-0.364945274714187,-4.14736264835745,0.239661903652703,NA,NA,NA,NA,NA,NA,0.254484610900575,4,0.25,-1.00454035212959,"-1.7694864053827",0.00485066056720181,0.570442931703951
190184,NA,-0.722512561925373,-2.98756244955315,-0.127656169928072,NA,NA,NA,NA,0.850491382591465,NA,-0.876229919832567,5,0.2,-0.772693943729539,"-1.36305414807081",0.00485066056720181,0.570442931703951
190190,NA,0.658436961097139,NA,NA,NA,NA,NA,NA,NA,NA,-0.734890603490924,2,0.5,-0.0382268211968922,"-0.0755158480716357",0.00485066056720181,0.570442931703951
190201,NA,NA,NA,0.117222545792445,0.988971215089666,0.692577024926186,-0.735719064206513,NA,NA,NA,0.537163243583865,5,0.2,0.32004299303713,"0.55253964060599",0.00485066056720181,0.570442931703951
190202,0.995674210507027,0.0604364980025692,0.313407347043702,0.974298050814256,1.1374104101086,0.276644665870556,0.825818824799667,NA,0.500373079420508,NA,0.537163243583865,9,0.111111111111111,0.624580703350083,"1.08640147565981",0.00485066056720181,0.570442931703951
190208,NA,NA,NA,NA,NA,NA,NA,NA,-2.30057334594714,NA,0.113145294558936,2,0.5,-1.0937140256941,"-1.9258099718754",0.00485066056720181,0.570442931703951
190218,NA,NA,0.154802191651661,-1.35204974853066,NA,NA,NA,NA,NA,NA,-0.593551287149281,3,0.333333333333333,-0.596932948009426,"-1.05494095049799",0.00485066056720181,0.570442931703951
190241,NA,NA,NA,0.117222545792445,NA,NA,-0.735719064206513,NA,NA,NA,NA,2,0.5,-0.309248259207034,"-0.550622862195876",0.00485066056720181,0.570442931703951
190245,NA,NA,NA,-0.0052168120678136,NA,NA,1.60658776930276,NA,NA,NA,-0.310872654465994,3,0.333333333333333,0.430166100922983,"0.745588062745095",0.00485066056720181,0.570442931703951
190251,NA,NA,NA,NA,NA,NA,1.60658776930276,NA,NA,0.644983189827844,0.678502559925508,3,0.333333333333333,0.976691173018703,"1.70365948710864",0.00485066056720181,0.570442931703951
190255,NA,NA,NA,1.70893419797581,NA,NA,0.825818824799667,NA,NA,NA,0.537163243583865,3,0.333333333333333,1.02397208878645,"1.78654405476646",0.00485066056720181,0.570442931703951
190256,NA,NA,NA,NA,NA,NA,0.0450498802965776,NA,NA,-0.910687369904002,-0.452211970807637,3,0.333333333333333,-0.439283153471687,"-0.778577118507249",0.00485066056720181,0.570442931703951
190259,NA,NA,NA,NA,NA,NA,0.0450498802965776,NA,NA,0.503558593488585,0.537163243583865,3,0.333333333333333,0.361923905789676,"0.625957874797174",0.00485066056720181,0.570442931703951
190266,NA,NA,NA,NA,NA,NA,0.0450498802965776,NA,NA,NA,-2.00694445056571,2,0.5,-0.980947285134566,"-1.72812719890686",0.00485066056720181,0.570442931703951
190267,NA,NA,NA,NA,NA,NA,1.60658776930276,NA,NA,0.220709400810067,1.38519914163372,3,0.333333333333333,1.07083210391551,"1.86869077361368",0.00485066056720181,0.570442931703951
190270,NA,NA,NA,NA,NA,NA,0.0450498802965776,NA,NA,NA,0.819841876267148,2,0.5,0.432445878281863,"0.749584566570763",0.00485066056720181,0.570442931703951
190274,-2.08026671720781,0.495065700560994,-0.0599756229417277,0.484540619373221,NA,NA,0.0450498802965776,NA,0.617079180477497,NA,-0.452211970807637,7,0.142857142857143,-0.135816990035555,"-0.246593730564025",0.00485066056720181,0.570442931703951
190278,NA,NA,NA,NA,NA,NA,0.0450498802965776,NA,NA,-0.769262773564744,0.537163243583865,3,0.333333333333333,-0.0623498832281003,"-0.117804148426504",0.00485066056720181,0.570442931703951
190298,NA,NA,NA,0.60697997723348,NA,NA,2.38735671380585,NA,NA,-2.04208414061807,0.254484610900575,4,0.25,0.301684290330457,"0.520356398976834",0.00485066056720181,0.570442931703951
190300,NA,NA,NA,NA,NA,NA,NA,NA,NA,NA,0.113145294558936,1,1,0.113145294558936,"0.189843063999847",0.00485066056720181,0.570442931703951
190303,NA,NA,NA,NA,NA,NA,0.0450498802965776,NA,NA,NA,0.678502559925508,2,0.5,0.361776220111043,"0.625698978296884",0.00485066056720181,0.570442931703951
190308,NA,0.149828319805366,1.85650333804543,-0.127656169928072,NA,NA,NA,NA,NA,NA,-0.0281940217827077,4,0.25,0.462620366535005,"0.802481160736649",0.00485066056720181,0.570442931703951
190312,NA,-0.189244107722483,1.05026046480256,-0.37253488564859,NA,NA,0.0450498802965776,NA,NA,NA,-0.876229919832567,5,0.2,-0.0685397136209009,"-0.12865506803438",0.00485066056720181,0.570442931703951
190313,NA,NA,NA,0.239661903652703,NA,NA,NA,NA,NA,NA,0.113145294558936,2,0.5,0.176403599105819,"0.300736373446117",0.00485066056720181,0.570442931703951
190316,NA,-6.32645504597655,1.52607593097868,NA,NA,NA,NA,NA,NA,NA,-0.0281940217827077,3,0.333333333333333,-1.60952437892686,"-2.83003776499047",0.00485066056720181,0.570442931703951
190317,NA,NA,NA,NA,1.1374104101086,0.276644665870556,0.0450498802965776,NA,NA,NA,NA,3,0.333333333333333,0.486368318758577,"0.844111884694671",0.00485066056720181,0.570442931703951
190318,NA,-0.750254851450379,1.7177238270774,-0.37253488564859,NA,NA,0.0450498802965776,NA,1.08390358470544,NA,-0.169533338124351,6,0.166666666666667,0.259059036142682,"0.445633316581105",0.00485066056720181,0.570442931703951
190319,NA,NA,NA,NA,NA,NA,NA,NA,NA,NA,NA,0,NA,NA,"NaN",0.00485066056720181,0.570442931703951
191300,NA,NA,NA,NA,NA,NA,NA,NA,NA,NA,NA,0,NA,NA,"NaN",0.00485066056720181,0.570442931703951
191301,NA,NA,0.277060332266359,-0.25009552778833,NA,NA,NA,NA,NA,NA,-0.452211970807637,3,0.333333333333333,-0.141749055443203,"-0.256992782034307",0.00485066056720181,0.570442931703951
191302,NA,NA,2.08780252299216,NA,NA,NA,NA,NA,NA,NA,0.537163243583865,2,0.5,1.31248288328801,"2.29231032596868",0.00485066056720181,0.570442931703951
191304,NA,-0.112182192375245,-0.202059407980431,NA,NA,NA,NA,NA,NA,NA,0.113145294558936,3,0.333333333333333,-0.0670321019322468,"-0.126012188957676",0.00485066056720181,0.570442931703951
191305,NA,NA,NA,-0.862292317089623,NA,NA,NA,NA,NA,NA,NA,1,1,-0.862292317089623,"-1.52012222338633",0.00485066056720181,0.570442931703951
191306,NA,NA,NA,NA,NA,NA,NA,NA,NA,NA,NA,0,NA,NA,"NaN",0.00485066056720181,0.570442931703951
191307,NA,NA,NA,NA,NA,NA,NA,NA,NA,NA,NA,0,NA,NA,"NaN",0.00485066056720181,0.570442931703951
191308,NA,NA,NA,NA,NA,NA,NA,NA,NA,NA,NA,0,NA,NA,"NaN",0.00485066056720181,0.570442931703951
191309,NA,NA,NA,NA,NA,NA,NA,NA,NA,NA,NA,0,NA,NA,"NaN",0.00485066056720181,0.570442931703951
191310,NA,NA,1.27825537567862,NA,NA,NA,NA,NA,NA,NA,0.254484610900575,2,0.5,0.766369993289596,"1.33496146660576",0.00485066056720181,0.570442931703951
191311,NA,NA,NA,NA,NA,NA,NA,NA,NA,NA,NA,0,NA,NA,"NaN",0.00485066056720181,0.570442931703951
191312,NA,0.886540230524965,-0.48292270398717,NA,NA,NA,NA,NA,0.73378528153448,NA,-0.876229919832567,4,0.25,0.0652932220599269,"0.105957245034449",0.00485066056720181,0.570442931703951
191313,NA,NA,0.445578309870403,-0.37253488564859,NA,NA,NA,NA,NA,NA,0.395823927242222,3,0.333333333333333,0.156289117154678,"0.265475209124109",0.00485066056720181,0.570442931703951
191314,NA,NA,NA,NA,NA,NA,NA,NA,NA,NA,NA,0,NA,NA,"NaN",0.00485066056720181,0.570442931703951
191315,NA,-3.5738034297732,-0.426750044785822,NA,NA,NA,NA,NA,NA,NA,-1.15890855251585,3,0.333333333333333,-1.71982067569162,"-3.02338979134533",0.00485066056720181,0.570442931703951
191316,NA,NA,NA,-0.127656169928072,NA,NA,NA,NA,NA,NA,NA,1,1,-0.127656169928072,"-0.232287619200517",0.00485066056720181,0.570442931703951
191317,NA,NA,0.154802191651661,-0.0052168120678136,NA,NA,NA,NA,NA,NA,1.24385982529208,3,0.333333333333333,0.464481734958643,"0.805744183766977",0.00485066056720181,0.570442931703951
191318,NA,0.00803439556644707,-2.25401360586496,NA,NA,NA,NA,NA,-0.433275729035377,NA,-1.01756923617421,4,0.25,-0.924206043877025,"-1.6286584561037",0.00485066056720181,0.570442931703951
191320,NA,NA,NA,NA,NA,NA,NA,NA,NA,NA,NA,0,NA,NA,"NaN",0.00485066056720181,0.570442931703951
191321,NA,NA,NA,0.239661903652703,NA,NA,NA,NA,NA,NA,NA,1,1,0.239661903652703,"0.411629682892387",0.00485066056720181,0.570442931703951
191322,NA,NA,1.8498947899041,-0.494974243508849,NA,NA,NA,NA,NA,NA,0.113145294558936,3,0.333333333333333,0.489355280318062,"0.849348099210578",0.00485066056720181,0.570442931703951
191323,NA,-0.361862798100297,-1.40481516970341,-0.0052168120678136,NA,NA,NA,NA,NA,NA,-0.452211970807637,4,0.25,-0.556026687669789,"-0.983231305122168",0.00485066056720181,0.570442931703951
191324,NA,-0.223151350475268,1.80033067884409,0.117222545792445,NA,NA,NA,NA,NA,NA,0.678502559925508,4,0.25,0.593226108521693,"1.03143612665508",0.00485066056720181,0.570442931703951
191325,NA,NA,NA,NA,NA,NA,NA,NA,NA,NA,NA,0,NA,NA,"NaN",0.00485066056720181,0.570442931703951
191326,NA,NA,NA,NA,NA,NA,NA,NA,NA,NA,0.113145294558936,1,1,0.113145294558936,"0.189843063999847",0.00485066056720181,0.570442931703951
191327,NA,NA,0.94121942047053,NA,NA,NA,NA,NA,NA,NA,0.254484610900575,2,0.5,0.597852015685553,"1.03954545171945",0.00485066056720181,0.570442931703951
200001,NA,-0.522151582022554,-2.45227005010501,-0.37253488564859,NA,NA,0.825818824799667,NA,-0.666687931149345,0.503558593488585,-0.876229919832567,7,0.142857142857143,-0.508642421495688,"-0.900165561748749",0.00485066056720181,0.570442931703951
200008,NA,-0.438924713447536,0.46209968022374,-0.25009552778833,0.320994837504468,0.415288785555766,0.0450498802965776,NA,0.617079180477497,NA,1.52653845797536,8,0.125,0.337253822599693,"0.582710633366219",0.00485066056720181,0.570442931703951
200009,0.222598631599974,-0.00121303427522154,0.184540658287669,0.974298050814256,0.543653630032868,-1.10979653098155,0.0450498802965776,0.523981892187183,-0.0831574258644167,0.644983189827844,1.10252050895044,11,0.0909090909090909,0.27704176826142,"0.47715747284512",0.00485066056720181,0.570442931703951
200018,NA,-0.4789969094281,1.37077504965731,-1.96424653783195,-0.12432274755233,-0.277931812870285,-3.07802589771578,NA,0.500373079420508,NA,-0.0281940217827077,8,0.125,-0.510071224762917,"-0.902670287792003",0.00485066056720181,0.570442931703951
200020,NA,0.291622244044285,-0.89595696282061,-1.71936782211143,0.6920928250518,-0.000643573499865181,0.0450498802965776,NA,0.500373079420508,NA,0.254484610900575,8,0.125,-0.104043214839771,"-0.190893548425079",0.00485066056720181,0.570442931703951
200021,NA,0.273127384360947,0.194453480499671,0.851858692953996,0.766312422561267,0.553932905240976,0.0450498802965776,NA,-0.433275729035377,NA,-0.734890603490924,8,0.125,0.189571054173392,"0.323819234738202",0.00485066056720181,0.570442931703951
200024,0.517103614040756,0.633777148186023,1.15930150913459,0.851858692953996,0.172555642485536,-0.416575932555496,0.0450498802965776,0.328519484935734,0.26696087730654,NA,0.678502559925508,10,0.1,0.423705347670976,"0.734262208934079",0.00485066056720181,0.570442931703951
200031,NA,-3.98993777264828,0.372884280315717,0.239661903652703,-0.12432274755233,-2.35759360814844,0.0450498802965776,NA,-1.25021843643427,NA,-0.0281940217827077,8,0.125,-0.886583815287629,"-1.5627057963398",0.00485066056720181,0.570442931703951
200033,1.99371887322301,0.769406119197163,1.03043482037855,2.07625227155658,0.0983360449760701,0.553932905240976,0.0450498802965776,2.08768115019879,0.967197483648454,1.06925697884562,2.23323503968358,11,0.0909090909090909,1.1749546879314,"2.05122013497304",0.00485066056720181,0.570442931703951
200034,NA,1.96232456877241,1.27164682753728,0.117222545792445,0.395214435013935,-0.277931812870285,0.0450498802965776,NA,NA,NA,0.395823927242222,7,0.142857142857143,0.558478624540656,"0.97052296242804",0.00485066056720181,0.570442931703951
200039,NA,-0.204656490791931,0.072195339884973,0.239661903652703,0.469434032523402,-2.21894948846323,0.825818824799667,NA,1.43402188787639,NA,0.819841876267148,8,0.125,0.179670985718641,"0.306464179737032",0.00485066056720181,0.570442931703951
200050,NA,0.365601682777633,-1.32551259200739,-0.984731674949884,1.50850839765593,-0.555220052240705,0.825818824799667,NA,NA,NA,-0.452211970807637,7,0.142857142857143,-0.0882496263960547,"-0.163207012987539",0.00485066056720181,0.570442931703951
200063,NA,-2.41170974633684,-1.01821510343531,0.484540619373221,0.543653630032868,-0.000643573499865181,-0.735719064206513,NA,0.150254776249555,NA,-0.452211970807637,8,0.125,-0.430006304078815,"-0.762314581315033",0.00485066056720181,0.570442931703951
201300,NA,NA,0.125063725015653,NA,NA,NA,NA,NA,NA,NA,0.113145294558936,2,0.5,0.119104509787294,"0.200289709750297",0.00485066056720181,0.570442931703951
201301,NA,NA,NA,NA,NA,NA,NA,NA,NA,NA,0.537163243583865,1,1,0.537163243583865,"0.933156593643137",0.00485066056720181,0.570442931703951
201302,NA,0.673849344166587,1.61198705681604,NA,0.988971215089666,0.138000546185346,NA,NA,0.383666978363526,NA,0.819841876267148,6,0.166666666666667,0.769386169481385,"1.34024889506557",0.00485066056720181,0.570442931703951
201303,NA,NA,NA,NA,NA,NA,NA,NA,NA,NA,0.254484610900575,1,1,0.254484610900575,"0.437614240547604",0.00485066056720181,0.570442931703951
201304,NA,NA,-2.76617608681843,NA,NA,NA,NA,NA,NA,NA,0.537163243583865,2,0.5,-1.11450642161728,"-1.96225953548217",0.00485066056720181,0.570442931703951
201305,NA,NA,-0.681179148227221,NA,NA,NA,NA,NA,NA,NA,-0.0281940217827077,2,0.5,-0.354686585004965,"-0.630277325898675",0.00485066056720181,0.570442931703951
201306,NA,NA,0.894959583481185,NA,NA,NA,NA,NA,NA,NA,-0.0281940217827077,2,0.5,0.433382780849239,"0.751226979010825",0.00485066056720181,0.570442931703951
201307,NA,-2.93573077069806,NA,NA,NA,NA,NA,NA,NA,NA,0.113145294558936,2,0.5,-1.41129273806956,"-2.48253299310178",0.00485066056720181,0.570442931703951
201308,NA,NA,1.48972891620134,NA,NA,NA,NA,NA,0.383666978363526,NA,1.24385982529208,3,0.333333333333333,1.03908523995232,"1.81303776750426",0.00485066056720181,0.570442931703951
201309,NA,NA,1.62520415309871,NA,NA,NA,NA,NA,NA,NA,-0.593551287149281,2,0.5,0.515826432974713,"0.895752658168965",0.00485066056720181,0.570442931703951
201310,NA,0.528972943313779,0.666964672605126,NA,NA,NA,NA,NA,NA,NA,-0.452211970807637,3,0.333333333333333,0.247908548370423,"0.426086246834878",0.00485066056720181,0.570442931703951
201311,NA,NA,0.79583136136116,NA,NA,NA,NA,NA,0.850491382591465,NA,0.395823927242222,3,0.333333333333333,0.680715557064949,"1.18480720670672",0.00485066056720181,0.570442931703951
201312,NA,1.05607644428889,-0.767090274064577,-0.127656169928072,0.320994837504468,0.138000546185346,NA,NA,-0.199863526921402,NA,-0.0281940217827077,7,0.142857142857143,0.0560382621831351,"0.0897330806835183",0.00485066056720181,0.570442931703951
201313,NA,NA,-0.010411511881715,NA,NA,NA,NA,NA,-0.0831574258644167,NA,-0.452211970807637,3,0.333333333333333,-0.181926969517923,"-0.327425619118827",0.00485066056720181,0.570442931703951
201314,NA,0.704674110305483,0.749571524371814,NA,0.766312422561267,-0.555220052240705,NA,NA,0.617079180477497,NA,0.678502559925508,6,0.166666666666667,0.493486624233477,"0.856590443160875",0.00485066056720181,0.570442931703951
201315,NA,0.233055188380383,0.554619354202431,NA,1.06319081259913,-1.10979653098155,NA,NA,0.850491382591465,NA,-0.0281940217827077,6,0.166666666666667,0.260561030834859,"0.448266348929654",0.00485066056720181,0.570442931703951
201316,NA,1.12697340640835,-0.727438985216567,NA,NA,NA,0.0450498802965776,NA,-0.0831574258644167,NA,-0.169533338124351,5,0.2,0.0383787074999185,"0.0587754621353029",0.00485066056720181,0.570442931703951
201317,NA,NA,NA,0.117222545792445,NA,NA,0.0450498802965776,NA,NA,NA,NA,2,0.5,0.0811362130445111,"0.13373038429881",0.00485066056720181,0.570442931703951
210001,-0.505483130545292,-0.287883359366949,-1.46429210297542,-1.35204974853066,-2.49934986785525,-0.277931812870285,-6.98187062023123,NA,0.150254776249555,0.786407786167103,-1.3002478688575,10,0.1,-1.37324459488159,"-2.41583369493655",0.00485066056720181,0.570442931703951
210002,-0.374592027238278,0.541302849769337,0.531489435707758,-1.59692846425118,0.246775239995002,1.38579762335224,-0.735719064206513,0.719444299438634,0.033548675192569,NA,0.961181192608791,10,0.1,0.171229976036836,"0.291666889398819",0.00485066056720181,0.570442931703951
210003,0.766614779719752,-2.19285390675068,0.187844932358336,-0.739852959229365,NA,NA,0.825818824799667,0.523981892187183,-0.783394032206331,NA,-0.310872654465994,8,0.125,-0.215339140448429,"-0.385997947871682",0.00485066056720181,0.570442931703951
210004,-1.25401662758228,-0.290965835980838,-0.88273986653794,0.239661903652703,NA,NA,0.0450498802965776,NA,1.08390358470544,0.503558593488585,-0.734890603490924,8,0.125,-0.161304871431085,"-0.291274591661551",0.00485066056720181,0.570442931703951
210005,-0.836801235791172,0.282374814202616,0.4356654876584,0.362101261512963,-0.495420735099661,0.553932905240976,0.825818824799667,NA,-1.36692453749126,-0.0621397918684502,1.24385982529208,10,0.1,0.0942466818456161,"0.156713347313083",0.00485066056720181,0.570442931703951
210008,NA,-3.72792726046767,-1.73854685084083,0.239661903652703,1.43428880014646,1.10850938398182,2.38735671380585,NA,-0.549981830092359,-1.6178103516003,-0.734890603490924,9,0.111111111111111,-0.35548223276725,"-0.631672115312418",0.00485066056720181,0.570442931703951
210009,-1.73667757102689,0.824890698247175,-0.667962051944551,1.09673740867451,-1.83137349027006,1.94037410209308,0.825818824799667,0.133057077684283,1.66743408999036,NA,0.395823927242222,10,0.1,0.26481230154898,"0.455718927404808",0.00485066056720181,0.570442931703951
210011,-0.452308619826818,0.316282056955401,-0.816654385124589,0.60697997723348,1.06319081259913,0.969865264296607,0.825818824799667,NA,-0.549981830092359,-1.33496115892178,1.24385982529208,10,0.1,0.187209076721082,"0.319678632197552",0.00485066056720181,0.570442931703951
210012,-0.591380417090521,-1.35442026777273,-0.512661170623178,0.974298050814256,-1.01495791766593,0.415288785555766,-3.07802589771578,1.01263791031581,1.31731578681941,1.4935307678634,1.80921709065865,11,0.0909090909090909,0.0428038837417415,"0.066532901128551",0.00485066056720181,0.570442931703951
210015,-0.595470764068865,0.840303081316622,0.263843235983689,-0.494974243508849,-1.53449510023219,0.553932905240976,-0.735719064206513,NA,0.150254776249555,NA,-0.0281940217827077,9,0.111111111111111,-0.175613243889809,"-0.31635750822252",0.00485066056720181,0.570442931703951
210016,-1.67532236635173,0.00495191895255754,-0.615093666813871,-1.10717103281014,NA,NA,0.0450498802965776,-0.941986162198694,-0.433275729035377,-0.344988984546967,0.113145294558936,9,0.111111111111111,-0.550521205327635,"-0.973580063891587",0.00485066056720181,0.570442931703951
210017,NA,0.134415936735918,1.3509494052333,0.239661903652703,-0.495420735099661,-2.49623772783365,-0.735719064206513,NA,0.73378528153448,1.63495536420266,0.819841876267148,9,0.111111111111111,0.131803582276265,"0.222551485263997",0.00485066056720181,0.570442931703951
210018,NA,0.427251215055424,-0.436662866997825,-0.862292317089623,-1.46027550272272,-0.971152411296336,-0.735719064206513,NA,-0.0831574258644167,0.0792848044708086,0.819841876267148,9,0.111111111111111,-0.358097965820451,"-0.636257557444881",0.00485066056720181,0.570442931703951
210019,-0.562747988242111,0.556715232838785,-0.172320941344423,2.81088841871814,0.0983360449760701,-1.38708477035197,0.0450498802965776,1.30583152119298,0.383666978363526,0.786407786167103,1.66787777431701,11,0.0909090909090909,0.502965448811972,"0.873207047647813",0.00485066056720181,0.570442931703951
210022,-0.759084643202632,0.00803439556644707,-0.383794481867145,-0.862292317089623,NA,NA,0.0450498802965776,0.328519484935734,0.383666978363526,-0.486413580886226,0.678502559925508,9,0.111111111111111,-0.116423524884204,"-0.212596525806975",0.00485066056720181,0.570442931703951
210023,-0.255971964866297,0.106673647210912,-0.202059407980431,-1.71936782211143,-1.08917751517539,1.38579762335224,2.38735671380585,0.523981892187183,-0.433275729035377,-0.627838177225485,0.254484610900575,11,0.0909090909090909,0.0300548973693034,"0.0441836253923155",0.00485066056720181,0.570442931703951
210024,1.2247336412943,0.507395607016552,0.891655309410518,NA,NA,NA,0.825818824799667,1.30583152119298,-0.316569627978388,1.21068157518488,2.09189572334194,8,0.125,0.967680321782806,"1.68786325099966",0.00485066056720181,0.570442931703951
210027,-0.0800870447974964,0.0203643020220052,0.587662094909106,0.117222545792445,-0.643859930118594,-0.000643573499865181,0.0450498802965776,0.621713095812908,-0.783394032206331,0.644983189827844,1.95055640700029,11,0.0909090909090909,0.225415175912627,"0.386654830986483",0.00485066056720181,0.570442931703951
210028,NA,-1.04309012976989,0.40923129509306,-0.127656169928072,0.9147516175802,-0.000643573499865181,-1.5164880087096,NA,2.25096459527529,0.644983189827844,2.37457435602522,9,0.111111111111111,0.434069685766022,"0.752431139635151",0.00485066056720181,0.570442931703951
210029,0.905686576983454,0.131333460122029,1.29477674603196,-1.71936782211143,-1.08917751517539,0.553932905240976,1.60658776930276,NA,-0.316569627978388,0.644983189827844,1.80921709065865,10,0.1,0.382140277290245,"0.661397653917903",0.00485066056720181,0.570442931703951
210030,NA,2.04246896073354,0.633921931898451,1.21917676653477,0.469434032523402,-1.38708477035197,NA,NA,1.66743408999036,NA,1.38519914163372,7,0.142857142857143,0.861507164708898,"1.5017391863947",0.00485066056720181,0.570442931703951
210032,NA,0.0635189746164588,-0.330926096736464,1.46405548225529,-0.346981540080729,-0.277931812870285,-0.735719064206513,NA,-1.01680623432031,-0.0621397918684502,0.254484610900575,9,0.111111111111111,-0.109827274701158,"-0.201033142659529",0.00485066056720181,0.570442931703951
210033,-0.0350932280357103,0.424168738441535,-0.525878266905848,0.362101261512963,NA,NA,0.825818824799667,NA,0.033548675192569,NA,-0.169533338124351,7,0.142857142857143,0.130733238125832,"0.220675146561306",0.00485066056720181,0.570442931703951
210034,NA,0.205312898855377,-0.0302371563057201,0.362101261512963,NA,NA,-0.735719064206513,NA,1.66743408999036,NA,1.80921709065865,6,0.166666666666667,0.546351520084188,"0.949263860452241",0.00485066056720181,0.570442931703951
210035,NA,-1.8352866195395,-0.806741562912587,-0.862292317089623,NA,NA,-0.735719064206513,NA,2.36767069633228,0.220709400810067,1.95055640700029,7,0.142857142857143,0.0426995629134885,"0.0663500242403382",0.00485066056720181,0.570442931703951
210037,-0.165984331342724,0.112838600438691,0.353058635891712,0.851858692953996,1.50850839765593,-2.35759360814844,-0.735719064206513,NA,1.55072798893338,-0.627838177225485,3.36394957041673,10,0.1,0.385380670536728,"0.667078140196878",0.00485066056720181,0.570442931703951
210038,NA,0.735498876444378,-0.334230370807132,1.21917676653477,NA,NA,0.825818824799667,NA,1.08390358470544,NA,0.819841876267148,6,0.166666666666667,0.725001592990712,"1.26244167891146",0.00485066056720181,0.570442931703951
210039,NA,0.337859393252628,-0.00380296374037992,0.484540619373221,-0.421201137590195,-0.832508291611126,0.0450498802965776,NA,0.73378528153448,NA,0.961181192608791,8,0.125,0.163112996765499,"0.277437632061734",0.00485066056720181,0.570442931703951
210040,-1.81030381663709,-0.685522842558699,-0.971955266445963,-0.127656169928072,NA,NA,0.0450498802965776,NA,-0.0831574258644167,NA,0.537163243583865,7,0.142857142857143,-0.442340342507685,"-0.783936443456488",0.00485066056720181,0.570442931703951
210043,1.11429427287901,0.994426912011099,0.574444998626436,0.362101261512963,NA,NA,0.825818824799667,NA,1.20060968576243,-0.0621397918684502,0.678502559925508,8,0.125,0.711007340456082,"1.23790942203376",0.00485066056720181,0.570442931703951
210044,NA,0.159075749647034,0.696703139241134,3.30064585015917,0.766312422561267,0.553932905240976,1.60658776930276,NA,1.31731578681941,0.362133997149326,2.09189572334194,9,0.111111111111111,1.20606703816256,"2.10576082344862",0.00485066056720181,0.570442931703951
210048,1.49469654186502,-0.451254619903094,-0.555616733541855,-0.862292317089623,NA,NA,-0.735719064206513,NA,0.383666978363526,-1.19353656258252,-0.169533338124351,8,0.125,-0.261198639402427,"-0.466390738114541",0.00485066056720181,0.570442931703951
210049,-0.178255372277757,0.285457290816506,0.0556739695316354,-1.2296103906704,NA,NA,1.60658776930276,NA,-1.01680623432031,-0.344988984546967,0.678502559925508,8,0.125,-0.0179299240298778,"-0.0399349055461737",0.00485066056720181,0.570442931703951
210051,NA,-0.14608943512803,-1.2329929180287,0.484540619373221,NA,NA,0.825818824799667,NA,0.033548675192569,-1.90065954427881,3.08127093773344,7,0.142857142857143,0.163633879951908,"0.278350752651822",0.00485066056720181,0.570442931703951
210056,NA,-0.0967698093057972,0.534793709778426,-0.617413601369107,NA,NA,0.0450498802965776,NA,-1.01680623432031,NA,0.113145294558936,6,0.166666666666667,-0.173000126726878,"-0.311776651807795",0.00485066056720181,0.570442931703951
210057,-0.783626725072698,-0.515986628794774,-0.945521073880623,-0.0052168120678136,NA,NA,0.825818824799667,NA,0.850491382591465,-2.60778252597511,0.678502559925508,8,0.125,-0.312915124809297,"-0.557050964637797",0.00485066056720181,0.570442931703951
210058,NA,NA,NA,NA,NA,NA,0.0450498802965776,NA,NA,NA,NA,1,1,0.0450498802965776,"0.0704701864028678",0.00485066056720181,0.570442931703951
210060,NA,0.350189299708186,-0.667962051944551,-0.0052168120678136,NA,NA,NA,NA,-0.0831574258644167,0.503558593488585,0.113145294558936,6,0.166666666666667,0.0350928163131542,"0.0530152168870198",0.00485066056720181,0.570442931703951
210061,NA,-0.241646210158605,0.151497917580993,-1.2296103906704,0.320994837504468,0.276644665870556,-0.735719064206513,NA,0.500373079420508,NA,0.113145294558936,8,0.125,-0.105539983762507,"-0.193517419875753",0.00485066056720181,0.570442931703951
210062,0.877054148135045,-0.0412852302557855,-0.152495296920418,0.239661903652703,NA,NA,0.825818824799667,NA,-1.01680623432031,-0.910687369904002,-0.0281940217827077,8,0.125,-0.0258666595744755,"-0.0538481913518021",0.00485066056720181,0.570442931703951
210063,0.692988534109556,1.06840635074445,0.759484346583817,2.44357034513736,NA,NA,1.60658776930276,0.0353258740585582,0.617079180477497,-1.19353656258252,2.65725298870851,9,0.111111111111111,0.965239869615554,"1.68358508042094",0.00485066056720181,0.570442931703951
210064,NA,NA,NA,NA,NA,NA,NA,NA,NA,NA,1.24385982529208,1,1,1.24385982529208,"2.17201247638195",0.00485066056720181,0.570442931703951
210065,NA,-1.53012143476443,-1.4973348436821,-1.10717103281014,NA,NA,0.0450498802965776,NA,-1.01680623432031,-0.344988984546967,-0.593551287149281,7,0.142857142857143,-0.863560562425235,"-1.52234548756426",0.00485066056720181,0.570442931703951
220001,NA,-0.667027982875362,-0.998389459011303,0.60697997723348,0.9147516175802,0.692577024926186,-0.735719064206513,NA,-0.433275729035377,NA,-0.734890603490924,8,0.125,-0.169374277359952,"-0.305420451800029",0.00485066056720181,0.570442931703951
220002,0.120339957141369,-0.14300695851414,-1.01160655529397,0.974298050814256,0.0241164474666027,0.553932905240976,-0.735719064206513,0.719444299438634,1.66743408999036,2.05922915322043,-0.734890603490924,11,0.0909090909090909,0.317597429255189,"0.54825250924539",0.00485066056720181,0.570442931703951
220008,NA,-0.284800882753059,-0.45648851142183,0.60697997723348,-0.569640332609128,0.692577024926186,0.825818824799667,NA,-1.71704284066222,-1.90065954427881,-1.72426581788243,9,0.111111111111111,-0.503058011405349,"-0.890375958302076",0.00485066056720181,0.570442931703951
220010,-2.00255012461927,0.109756123824802,0.491838146859748,0.60697997723348,NA,NA,0.0450498802965776,NA,0.150254776249555,0.786407786167103,0.113145294558936,8,0.125,0.0376102325713665,"0.0574283073441014",0.00485066056720181,0.570442931703951
220011,NA,0.146745843191476,-0.182233763556426,-1.35204974853066,NA,NA,-0.735719064206513,NA,1.55072798893338,0.503558593488585,0.113145294558936,7,0.142857142857143,0.00631073483982604,"0.00255954485799813",0.00485066056720181,0.570442931703951
220012,-0.595470764068865,-0.253976116614164,-0.367273111513807,-0.617413601369107,-0.792299125137527,1.10850938398182,0.0450498802965776,-0.453330144070068,-0.900100133263316,-1.90065954427881,-2.14828376690736,11,0.0909090909090909,-0.625022458449512,"-1.10418252906604",0.00485066056720181,0.570442931703951
220015,NA,-1.07699737252267,0.670268946675794,0.117222545792445,-1.23761671019433,0.276644665870556,-1.5164880087096,NA,-1.60033673960523,-0.203564388207709,-0.310872654465994,9,0.111111111111111,-0.542415523929637,"-0.959370611994646",0.00485066056720181,0.570442931703951
220016,NA,0.602952382047128,-0.539095363188518,0.60697997723348,-0.643859930118594,0.276644665870556,-0.735719064206513,NA,-1.13351233537729,NA,-3.2789982976405,8,0.125,-0.605575995672531,"-1.07009241821324",0.00485066056720181,0.570442931703951
220019,NA,-0.870471439392071,-0.347447467089802,-1.35204974853066,0.6920928250518,0.276644665870556,-0.735719064206513,NA,-1.01680623432031,NA,-1.44158718519914,8,0.125,-0.599417955977017,"-1.05929722845233",0.00485066056720181,0.570442931703951
220020,-2.22342886144985,-0.762584757905937,-0.165712393203088,1.46405548225529,0.246775239995002,0.553932905240976,0.825818824799667,NA,-0.783394032206331,0.220709400810067,-1.3002478688575,10,0.1,-0.19240760605217,"-0.345798423744421",0.00485066056720181,0.570442931703951
220024,NA,0.294704720658174,-0.294579081959122,0.484540619373221,0.543653630032868,-0.971152411296336,0.0450498802965776,NA,-1.01680623432031,-0.344988984546967,-1.72426581788243,9,0.111111111111111,-0.331538186627146,"-0.589697634063993",0.00485066056720181,0.570442931703951
220029,NA,0.0758488810720169,-0.363968837443139,1.83137355583607,0.9147516175802,0.138000546185346,0.0450498802965776,NA,-3.11751605334604,-0.910687369904002,-0.734890603490924,9,0.111111111111111,-0.235782042579322,"-0.421834840564574",0.00485066056720181,0.570442931703951
220030,NA,-0.226233827089158,-0.344143193019134,-0.0052168120678136,NA,NA,0.825818824799667,NA,-1.25021843643427,NA,0.254484610900575,6,0.166666666666667,-0.124251472151689,"-0.226319103180496",0.00485066056720181,0.570442931703951
220031,1.21655294733761,0.288539767430395,-0.648136407520546,-1.47448910639092,-0.643859930118594,-0.277931812870285,0.0450498802965776,0.817175503064359,-1.71704284066222,0.220709400810067,-0.452211970807637,11,0.0909090909090909,-0.23869496085738,"-0.426941255450559",0.00485066056720181,0.570442931703951
220033,-0.714090826440846,0.155993273033145,0.326624443326372,-1.47448910639092,0.543653630032868,-0.000643573499865181,-0.735719064206513,NA,-1.13351233537729,0.220709400810067,-1.15890855251585,10,0.1,-0.397038271122883,"-0.704520836974202",0.00485066056720181,0.570442931703951
220035,0.341218693971956,0.159075749647034,-0.625006489025873,2.3211309872771,0.469434032523402,-0.000643573499865181,0.825818824799667,NA,-0.199863526921402,0.644983189827844,-1.3002478688575,10,0.1,0.263590001974237,"0.453576207236302",0.00485066056720181,0.570442931703951
220036,-2.02709220648933,-0.818069336955949,0.604183465262443,0.239661903652703,NA,NA,0.825818824799667,-0.453330144070068,-0.900100133263316,0.786407786167103,-2.00694445056571,9,0.111111111111111,-0.416607143495829,"-0.738825534754385",0.00485066056720181,0.570442931703951
220046,NA,0.0326942084775634,0.293581702619697,0.60697997723348,-1.23761671019433,-1.94166124909281,0.825818824799667,NA,1.08390358470544,1.06925697884562,0.113145294558936,9,0.111111111111111,0.0940114013281412,"0.156300894981046",0.00485066056720181,0.570442931703951
220049,NA,-1.35750274438662,-1.04134502192998,-0.37253488564859,NA,NA,0.0450498802965776,NA,-1.95045504277619,NA,-1.86560513422407,6,0.166666666666667,-1.09039882477814,"-1.91999834597611",0.00485066056720181,0.570442931703951
220052,NA,0.115921077052581,0.904872405693188,-0.25009552778833,-0.643859930118594,0.138000546185346,0.0450498802965776,NA,-1.71704284066222,0.362133997149326,NA,8,0.125,-0.130627549024015,"-0.237496517287951",0.00485066056720181,0.570442931703951
220060,-0.378682374216622,0.504313130402663,0.0391525991782978,2.07625227155658,-1.46027550272272,2.2176623414635,0.825818824799667,NA,0.73378528153448,0.503558593488585,-0.452211970807637,10,0.1,0.460937319467679,"0.799530739276787",0.00485066056720181,0.570442931703951
220062,NA,NA,NA,NA,NA,NA,NA,NA,NA,NA,-2.00694445056571,1,1,-2.00694445056571,"-3.5267245842166",0.00485066056720181,0.570442931703951
220063,-0.738632908310911,-0.244728686772495,-0.608485118672536,0.362101261512963,-0.421201137590195,-0.277931812870285,1.60658776930276,NA,-2.53398554806111,0.220709400810067,-1.58292650154078,10,0.1,-0.421849328219253,"-0.748015209009381",0.00485066056720181,0.570442931703951
220065,NA,0.137498413349808,0.42244839137573,-0.617413601369107,NA,NA,0.0450498802965776,NA,0.383666978363526,NA,-1.01756923617421,6,0.166666666666667,-0.107719862359613,"-0.197338798800713",0.00485066056720181,0.570442931703951
220066,NA,-0.331038031961402,-0.294579081959122,1.34161612439503,-0.272761942571262,-0.000643573499865181,0.825818824799667,NA,-2.53398554806111,0.644983189827844,-1.01756923617421,9,0.111111111111111,-0.182017697244937,"-0.327584666977905",0.00485066056720181,0.570442931703951
220070,-0.431856884935097,-0.235481256930826,-0.605180844601868,-1.10717103281014,NA,NA,0.0450498802965776,NA,-2.88410385123207,-2.32493333329659,-1.58292650154078,8,0.125,-1.14082547813135,"-2.00839746629228",0.00485066056720181,0.570442931703951
220071,-0.11280982062425,-0.161501818197477,-0.0434542525883902,3.54552456587969,0.172555642485536,2.2176623414635,2.38735671380585,2.28314355745024,0.26696087730654,0.644983189827844,0.961181192608791,11,0.0909090909090909,1.10560019903799,"1.92964006966091",0.00485066056720181,0.570442931703951
220073,NA,-1.26194596935604,-0.86952277025527,-0.739852959229365,NA,NA,-0.735719064206513,NA,-1.36692453749126,-3.59775470034992,-2.43096239959064,7,0.142857142857143,-1.571811771497,"-2.7639266689739",0.00485066056720181,0.570442931703951
220074,0.668446452239491,-0.149171911741919,-0.218580778333769,0.239661903652703,0.840532020070734,-0.693864171925916,0.825818824799667,0.523981892187183,0.967197483648454,0.220709400810067,-0.0281940217827077,11,0.0909090909090909,0.290594281238544,"0.500915349792849",0.00485066056720181,0.570442931703951
220075,NA,NA,NA,NA,0.469434032523402,-0.416575932555496,0.825818824799667,NA,NA,NA,1.52653845797536,4,0.25,0.601303845685734,"1.04559659164658",0.00485066056720181,0.570442931703951
220077,-0.305056128606427,-0.07827494962246,-1.07438776263666,1.95381291369632,-1.23761671019433,1.66308586272266,0.825818824799667,-2.40795421658457,-1.36692453749126,0.644983189827844,-2.00694445056571,11,0.0909090909090909,-0.308132542241356,"-0.548666983871036",0.00485066056720181,0.570442931703951
220080,-0.300965781628083,-0.457419573130873,-0.664657777873884,1.70893419797581,NA,NA,0.0450498802965776,NA,-1.25021843643427,-3.73917929668918,-1.15890855251585,8,0.125,-0.72717066749997,"-1.28325076424486",0.00485066056720181,0.570442931703951
220083,NA,-0.651615599805914,-0.126061104355078,-0.0052168120678136,NA,NA,0.0450498802965776,NA,0.73378528153448,0.220709400810067,-1.15890855251585,7,0.142857142857143,-0.134608215157648,"-0.244474719510113",0.00485066056720181,0.570442931703951
220084,NA,0.38717901907486,-0.00380296374037992,-0.739852959229365,-2.49934986785525,-0.555220052240705,0.0450498802965776,NA,-1.8337489417192,0.786407786167103,2.09189572334194,9,0.111111111111111,-0.257938041767159,"-0.46067483306243",0.00485066056720181,0.570442931703951
220086,-0.693639091549125,-0.694770272400367,-0.195450859839096,0.729419335093738,-1.46027550272272,0.553932905240976,0.0450498802965776,-0.648792551321519,0.383666978363526,0.503558593488585,-1.44158718519914,11,0.0909090909090909,-0.265353433686234,"-0.473674191117274",0.00485066056720181,0.570442931703951
220088,NA,NA,NA,NA,NA,NA,2.38735671380585,NA,NA,2.76635213491673,4.63600341749151,3,0.333333333333333,3.26323742207136,"5.71202933792368",0.00485066056720181,0.570442931703951
220090,NA,-0.41426490053642,-0.545703911329853,0.729419335093738,NA,NA,0.0450498802965776,NA,-3.467634356517,1.21068157518488,-3.13765898129885,7,0.142857142857143,-0.797158765586704,"-1.405941561513",0.00485066056720181,0.570442931703951
220095,NA,-1.10473966204768,-0.251623519040444,-0.0052168120678136,0.543653630032868,0.692577024926186,-0.735719064206513,NA,-1.71704284066222,1.21068157518488,-1.01756923617421,9,0.111111111111111,-0.264999878228327,"-0.473054400007144",0.00485066056720181,0.570442931703951
220100,-0.501392783566948,0.310117103727622,-0.231797874616439,0.729419335093738,0.0241164474666027,0.138000546185346,0.825818824799667,NA,-1.13351233537729,0.927832382506361,-3.42033761398214,10,0.1,-0.233173596776348,"-0.417262173154737",0.00485066056720181,0.570442931703951
220101,NA,0.263879954519279,0.237409043418349,1.09673740867451,-0.0501031500428634,1.10850938398182,2.38735671380585,NA,1.31731578681941,-0.769262773564744,-0.169533338124351,9,0.111111111111111,0.60247878105414,"1.04765628123708",0.00485066056720181,0.570442931703951
220105,NA,-0.623873310280908,-0.327621822665797,-0.37253488564859,-0.12432274755233,0.415288785555766,0.825818824799667,NA,-3.00080995228905,-3.17348091133214,-2.57230171593229,9,0.111111111111111,-0.994870859482852,"-1.7525355552462",0.00485066056720181,0.570442931703951
220108,NA,0.0758488810720169,-0.271449163464449,-0.127656169928072,NA,NA,0.0450498802965776,NA,-1.48363063854824,2.05922915322043,-1.86560513422407,7,0.142857142857143,-0.224030455939401,"-0.401234030234927",0.00485066056720181,0.570442931703951
220110,-0.701819785505814,0.112838600438691,-0.667962051944551,1.83137355583607,2.47336316527899,1.10850938398182,1.60658776930276,0.426250688561459,1.55072798893338,0.786407786167103,0.113145294558936,11,0.0909090909090909,0.78540203596444,"1.36832508918233",0.00485066056720181,0.570442931703951
220111,0.247140713470039,-0.519069105408664,-0.486226978057838,0.974298050814256,NA,NA,0.0450498802965776,NA,-0.900100133263316,-0.203564388207709,-1.58292650154078,8,0.125,-0.30317480773718,"-0.539975957602435",0.00485066056720181,0.570442931703951
220116,-0.660916315722372,-0.109099715761355,0.257234687842354,0.729419335093738,0.9147516175802,0.553932905240976,0.0450498802965776,-1.13744856945014,-1.36692453749126,-2.46635792963585,-3.13765898129885,11,0.0909090909090909,-0.579819783936908,"-1.02494116766012",0.00485066056720181,0.570442931703951
220119,NA,0.513560560244331,0.548010806061096,2.07625227155658,0.469434032523402,0.553932905240976,2.38735671380585,NA,1.55072798893338,0.362133997149326,1.24385982529208,9,0.111111111111111,1.078363233423,"1.8818930224083",0.00485066056720181,0.570442931703951
220126,NA,NA,NA,NA,-1.08917751517539,0.553932905240976,NA,NA,NA,NA,NA,2,0.5,-0.267622304967208,"-0.477651576329495",0.00485066056720181,0.570442931703951
220135,0.840241025329947,0.00803439556644707,-0.112844008072408,0.484540619373221,0.6920928250518,0.138000546185346,-0.735719064206513,NA,-0.433275729035377,0.644983189827844,-1.44158718519914,10,0.1,0.00844666148211681,"0.00630387496287052",0.00485066056720181,0.570442931703951
220163,0.0998882222496481,0.285457290816506,-0.383794481867145,-0.984731674949884,-1.68293429525112,0.553932905240976,0.0450498802965776,-0.844254958572969,0.033548675192569,0.0792848044708086,0.113145294558936,11,0.0909090909090909,-0.244128030710464,"-0.436465555868928",0.00485066056720181,0.570442931703951
220171,0.108068916206337,0.288539767430395,0.970957887106538,0.851858692953996,0.543653630032868,0.692577024926186,1.60658776930276,-0.551061347695793,-0.666687931149345,-1.19353656258252,-0.876229919832567,11,0.0909090909090909,0.161338902427168,"0.274327602574592",0.00485066056720181,0.570442931703951
220175,-0.771355684137665,-0.429677283605867,-0.0269328822350526,1.83137355583607,NA,NA,0.0450498802965776,NA,0.26696087730654,NA,-1.15890855251585,7,0.142857142857143,-0.034784298436465,"-0.0694810239567253",0.00485066056720181,0.570442931703951
220176,1.05702941518219,-0.0258728471863378,-0.0566713488710602,-1.59692846425118,0.0983360449760701,0.831221144611397,0.825818824799667,-1.13744856945014,0.150254776249555,-0.910687369904002,0.254484610900575,11,0.0909090909090909,-0.046405798449388,"-0.0898537893413516",0.00485066056720181,0.570442931703951
220177,NA,-3.0436174521842,-0.01702006002305,0.60697997723348,0.395214435013935,-1.10979653098155,0.0450498802965776,NA,NA,NA,-0.169533338124351,7,0.142857142857143,-0.470389012681307,"-0.833106428067988",0.00485066056720181,0.570442931703951
221300,NA,-1.88768872197562,0.38279710252772,NA,1.1374104101086,-0.832508291611126,NA,NA,-0.433275729035377,0.503558593488585,-2.85498034861557,7,0.142857142857143,-0.569240997873256,"-1.00639630457969",0.00485066056720181,0.570442931703951
221302,NA,-0.460502049744763,0.303494524831699,0.729419335093738,NA,NA,0.0450498802965776,NA,-0.666687931149345,NA,1.10252050895044,6,0.166666666666667,0.175549044713058,"0.29923831931087",0.00485066056720181,0.570442931703951
221303,NA,1.41056125488619,-1.21647154767536,-0.37253488564859,0.395214435013935,0.138000546185346,NA,NA,0.150254776249555,NA,-0.452211970807637,7,0.142857142857143,0.00754465831477641,"0.00472264199948529",0.00485066056720181,0.570442931703951
221304,NA,NA,NA,-0.0052168120678136,NA,NA,NA,NA,NA,NA,NA,1,1,-0.0052168120678136,"-0.017648518502882",0.00485066056720181,0.570442931703951
230002,-1.13948691218864,-0.294048312594728,0.399318472881057,1.34161612439503,0.395214435013935,0.415288785555766,0.0450498802965776,NA,-1.60033673960523,-2.32493333329659,-1.15890855251585,10,0.1,-0.392122615205868,"-0.695903575467723",0.00485066056720181,0.570442931703951
230003,NA,0.0111168721803366,1.60207423460403,1.09673740867451,NA,NA,-0.735719064206513,NA,NA,NA,0.819841876267148,5,0.2,0.558810265503904,"0.971104336908844",0.00485066056720181,0.570442931703951
230005,NA,0.769406119197163,0.620704835615781,0.239661903652703,0.246775239995002,0.415288785555766,-3.07802589771578,NA,0.967197483648454,NA,1.10252050895044,8,0.125,0.160441122362441,"0.272753772810332",0.00485066056720181,0.570442931703951
230015,NA,2.03630400750576,0.072195339884973,-0.0052168120678136,NA,NA,-0.735719064206513,NA,-0.0831574258644167,NA,-0.0281940217827077,6,0.166666666666667,0.209368670578214,"0.35852492623601",0.00485066056720181,0.570442931703951
230017,0.95068039374524,0.263879954519279,0.571140724555768,0.851858692953996,0.543653630032868,-1.24844065066676,0.825818824799667,1.11036911394153,0.26696087730654,-0.0621397918684502,-0.169533338124351,11,0.0909090909090909,0.354931675563212,"0.613700329234154",0.00485066056720181,0.570442931703951
230019,1.50287723582171,-0.27863592952528,0.34314581367971,1.46405548225529,NA,NA,0.0450498802965776,0.523981892187183,1.20060968576243,1.35210617152414,1.10252050895044,9,0.111111111111111,0.806190082328021,"1.40476702790788",0.00485066056720181,0.570442931703951
230020,-0.382772721194967,-1.46847190248664,-1.61298443615546,1.09673740867451,0.320994837504468,0.415288785555766,0.0450498802965776,1.20810031756726,-1.36692453749126,-0.769262773564744,-0.734890603490924,11,0.0909090909090909,-0.295375976798674,"-0.526304421844756",0.00485066056720181,0.570442931703951
230021,0.913867270940143,-0.488244339269769,1.22208271647727,0.974298050814256,-0.346981540080729,0.831221144611397,-0.735719064206513,0.426250688561459,0.26696087730654,NA,1.38519914163372,10,0.1,0.444893494678777,"0.771405533586224",0.00485066056720181,0.570442931703951
230022,NA,0.2577150012915,-0.651440681591213,-0.862292317089623,-1.68293429525112,0.692577024926186,0.0450498802965776,NA,0.26696087730654,NA,0.254484610900575,8,0.125,-0.209984987401323,"-0.376611990487456",0.00485066056720181,0.570442931703951
230024,0.877054148135045,-1.01226536363099,-2.60757093142638,-0.127656169928072,NA,NA,0.825818824799667,NA,0.150254776249555,NA,-0.593551287149281,7,0.142857142857143,-0.355416571850066,"-0.631557010165987",0.00485066056720181,0.570442931703951
230029,-0.934969563271433,0.041941638319232,-0.486226978057838,-1.84180717997169,0.0983360449760701,0.276644665870556,0.825818824799667,-0.0624053295671671,-0.900100133263316,-1.90065954427881,-0.310872654465994,11,0.0909090909090909,-0.472209109900975,"-0.836297101698093",0.00485066056720181,0.570442931703951
230030,NA,0.273127384360947,0.326624443326372,-0.127656169928072,-0.495420735099661,0.276644665870556,-0.735719064206513,NA,-0.316569627978388,-0.627838177225485,0.961181192608791,9,0.111111111111111,-0.0517362320301614,"-0.0991981659380624",0.00485066056720181,0.570442931703951
230031,NA,0.0943437407553541,1.54920584947335,-0.25009552778833,NA,NA,-0.735719064206513,NA,0.73378528153448,-0.0621397918684502,0.537163243583865,7,0.142857142857143,0.26664910449768,"0.458938886574454",0.00485066056720181,0.570442931703951
230035,NA,0.689261727236035,-0.991780910869968,-0.25009552778833,0.988971215089666,0.831221144611397,0.825818824799667,NA,-0.199863526921402,NA,-0.0281940217827077,8,0.125,0.233167365546795,"0.400244603430523",0.00485066056720181,0.570442931703951
230036,NA,0.39026149568875,0.680181768887796,-0.984731674949884,-0.569640332609128,-0.555220052240705,0.825818824799667,NA,0.73378528153448,-0.0621397918684502,1.10252050895044,9,0.111111111111111,0.173426225354774,"0.295516966585993",0.00485066056720181,0.570442931703951
230037,NA,-1.01534784024488,1.27495110160795,0.851858692953996,NA,NA,0.0450498802965776,NA,0.73378528153448,0.644983189827844,0.113145294558936,7,0.142857142857143,0.378346514362129,"0.654747097451572",0.00485066056720181,0.570442931703951
230038,0.836150678351603,0.131333460122029,-0.0269328822350526,-1.2296103906704,1.360069202637,1.10850938398182,0.825818824799667,1.98994994657306,1.78414019104735,-0.344988984546967,0.395823927242222,11,0.0909090909090909,0.62093303248203,"1.08000702204259",0.00485066056720181,0.570442931703951
230041,-1.15175795312368,-0.442007190061425,-0.671266326015219,-1.2296103906704,-1.16339711268486,1.24715350366703,0.0450498802965776,-3.87392227097045,-1.8337489417192,-1.05211196624326,-1.86560513422407,11,0.0909090909090909,-1.09011126379536,"-1.91949424474739",0.00485066056720181,0.570442931703951
230046,-0.505483130545292,0.00186944233866801,-3.20894881228787,-0.862292317089623,0.9147516175802,0.138000546185346,2.38735671380585,0.523981892187183,0.73378528153448,-0.0621397918684502,-0.452211970807637,11,0.0909090909090909,-0.0355755026333775,"-0.0708680236948921",0.00485066056720181,0.570442931703951
230047,-0.337778904433181,-0.0906048560780181,-0.413532948503152,0.484540619373221,2.0280455802222,1.38579762335224,1.60658776930276,0.719444299438634,0.850491382591465,NA,0.678502559925508,10,0.1,0.691149312519167,"1.20309782768619",0.00485066056720181,0.570442931703951
230053,-0.816349500899451,-0.722512561925373,-1.25942711059404,0.729419335093738,-1.16339711268486,-0.000643573499865181,1.60658776930276,0.133057077684283,0.73378528153448,NA,-2.00694445056571,10,0.1,-0.276642484655404,"-0.49346416543679",0.00485066056720181,0.570442931703951
230054,-0.19052641321279,1.05607644428889,0.50175096907175,0.239661903652703,0.0983360449760701,0.138000546185346,0.825818824799667,-0.941986162198694,0.150254776249555,0.362133997149326,1.52653845797536,11,0.0909090909090909,0.342369035357926,"0.591677722752274",0.00485066056720181,0.570442931703951
230055,NA,0.245385094835941,1.18573570169993,0.117222545792445,-0.272761942571262,-1.66437300972239,0.825818824799667,NA,1.43402188787639,NA,-0.169533338124351,8,0.125,0.212689470573297,"0.364346367453913",0.00485066056720181,0.570442931703951
230058,NA,1.15471569593336,1.0766946573679,1.21917676653477,0.6920928250518,-0.139287693185075,0.0450498802965776,NA,-0.0831574258644167,NA,0.678502559925508,8,0.125,0.580473408257553,"1.00908034037853",0.00485066056720181,0.570442931703951
230059,-0.853162623704549,0.541302849769337,-0.466401333633833,0.239661903652703,1.65694759267486,0.831221144611397,0.0450498802965776,NA,-1.25021843643427,-0.486413580886226,0.113145294558936,10,0.1,0.0371132690904934,"0.0565571185656048",0.00485066056720181,0.570442931703951
230066,1.62149729819369,1.36124162906395,1.20225707205326,0.239661903652703,NA,NA,-0.735719064206513,0.719444299438634,1.43402188787639,-0.769262773564744,2.9399316213918,9,0.111111111111111,0.890341541544353,"1.55228653343487",0.00485066056720181,0.570442931703951
230069,NA,1.38281896536118,0.92800232418786,-0.862292317089623,-0.346981540080729,0.138000546185346,1.60658776930276,NA,1.31731578681941,NA,0.537163243583865,8,0.125,0.587576847283758,"1.02153283760729",0.00485066056720181,0.570442931703951
230070,0.578458818715919,-0.704017702242036,-1.15038606626201,-0.25009552778833,-1.60871469774166,0.138000546185346,-1.5164880087096,0.719444299438634,-3.11751605334604,1.4935307678634,-1.15890855251585,11,0.0909090909090909,-0.597881106945658,"-1.05660309561985",0.00485066056720181,0.570442931703951
230071,NA,NA,NA,NA,NA,NA,NA,NA,NA,NA,-4.97507009374022,1,1,-4.97507009374022,"-8.72991929171963",0.00485066056720181,0.570442931703951
230072,1.52332897071343,0.165240702874814,1.5954656864627,-0.127656169928072,0.469434032523402,0.415288785555766,0.825818824799667,NA,0.617079180477497,0.644983189827844,1.38519914163372,10,0.1,0.751418234494077,"1.30875067852419",0.00485066056720181,0.570442931703951
230075,NA,0.525890466699889,0.561227902343766,0.729419335093738,-0.346981540080729,-1.94166124909281,0.0450498802965776,NA,-1.95045504277619,-1.6178103516003,-0.593551287149281,9,0.111111111111111,-0.509874654029481,"-0.902325694630249",0.00485066056720181,0.570442931703951
230077,1.17973982453252,-0.00121303427522154,0.723137331806474,0.60697997723348,NA,NA,0.0450498802965776,NA,-0.316569627978388,NA,-0.0281940217827077,7,0.142857142857143,0.31556147569039,"0.544683434318442",0.00485066056720181,0.570442931703951
230078,NA,NA,NA,NA,NA,NA,0.0450498802965776,NA,NA,NA,NA,1,1,0.0450498802965776,"0.0704701864028678",0.00485066056720181,0.570442931703951
230080,NA,0.0635189746164588,-0.839784303619262,-0.739852959229365,NA,NA,0.0450498802965776,NA,-0.0831574258644167,-0.0621397918684502,-0.169533338124351,7,0.142857142857143,-0.255128423398973,"-0.455749505370502",0.00485066056720181,0.570442931703951
230081,NA,0.778653549038832,0.0490654213903004,0.851858692953996,0.988971215089666,-0.693864171925916,-0.735719064206513,NA,1.20060968576243,NA,1.24385982529208,8,0.125,0.460429394174359,"0.798640334180868",0.00485066056720181,0.570442931703951
230085,NA,1.51536545975843,1.88293753061077,NA,NA,NA,NA,NA,NA,NA,-0.452211970807637,3,0.333333333333333,0.982030339853856,"1.71301917330758",0.00485066056720181,0.570442931703951
230089,NA,0.0388591617053425,0.44888258394107,1.58649484011555,-0.0501031500428634,0.969865264296607,0.825818824799667,NA,0.73378528153448,-1.19353656258252,1.66787777431701,9,0.111111111111111,0.558660446453815,"0.970841700557753",0.00485066056720181,0.570442931703951
230092,0.717530615979621,-0.380357657783635,-0.0930183636484029,0.729419335093738,-0.569640332609128,0.692577024926186,-0.735719064206513,-0.941986162198694,-1.13351233537729,NA,-0.452211970807637,10,0.1,-0.216691891063175,"-0.388369351809856",0.00485066056720181,0.570442931703951
230093,NA,-0.0135429407307797,-0.330926096736464,NA,NA,NA,0.0450498802965776,NA,-0.900100133263316,NA,0.113145294558936,5,0.2,-0.217274799175009,"-0.389391203566513",0.00485066056720181,0.570442931703951
230095,NA,0.251550048063721,-0.0302371563057201,-0.617413601369107,NA,NA,-2.29725695321269,NA,-0.549981830092359,0.786407786167103,0.113145294558936,7,0.142857142857143,-0.334826630312874,"-0.595462353903549",0.00485066056720181,0.570442931703951
230097,1.47015445999495,0.461158457808209,0.425752665446398,-0.984731674949884,0.6920928250518,0.692577024926186,0.825818824799667,0.230788281310009,0.850491382591465,-0.486413580886226,0.819841876267148,11,0.0909090909090909,0.454320958396339,"0.787932101264783",0.00485066056720181,0.570442931703951
230099,-0.5709286821988,-0.710182655469815,-1.13386469590867,0.362101261512963,1.06319081259913,0.138000546185346,0.0450498802965776,NA,-1.13351233537729,NA,-2.43096239959064,9,0.111111111111111,-0.485678696439022,"-0.859909606629677",0.00485066056720181,0.570442931703951
230100,NA,-0.602295973983681,0.34314581367971,1.21917676653477,NA,NA,NA,NA,0.73378528153448,NA,0.254484610900575,5,0.2,0.389659299733171,"0.674578678740958",0.00485066056720181,0.570442931703951
230104,0.795247208568161,0.877292800683297,0.0127184066129577,-1.10717103281014,NA,NA,0.0450498802965776,-0.648792551321519,0.033548675192569,NA,-0.310872654465994,8,0.125,-0.0378724084055115,"-0.074894554035575",0.00485066056720181,0.570442931703951
230105,0.234869672535007,-0.0320378004141169,0.191149206429004,-0.37253488564859,0.617873227542334,0.831221144611397,0.0450498802965776,-0.355598940444343,0.617079180477497,-0.203564388207709,0.254484610900575,11,0.0909090909090909,0.166180991643421,"0.282815899908366",0.00485066056720181,0.570442931703951
230108,NA,0.202230422241488,1.46990327177733,0.729419335093738,-0.272761942571262,-1.10979653098155,0.0450498802965776,NA,NA,NA,0.537163243583865,7,0.142857142857143,0.228743954205742,"0.392490258350219",0.00485066056720181,0.570442931703951
230110,NA,-0.189244107722483,0.858612568703842,1.58649484011555,-0.569640332609128,0.415288785555766,0.0450498802965776,NA,0.150254776249555,NA,1.52653845797536,8,0.125,0.47791935857063,"0.829300656930469",0.00485066056720181,0.570442931703951
230117,1.53560001164846,1.45371592748064,0.79583136136116,-0.127656169928072,NA,NA,0.825818824799667,-0.257867736818618,0.967197483648454,-0.203564388207709,1.24385982529208,9,0.111111111111111,0.692548348808452,"1.20555037151052",0.00485066056720181,0.570442931703951
230121,NA,0.886540230524965,-1.01821510343531,-0.617413601369107,0.840532020070734,0.969865264296607,-1.5164880087096,NA,0.617079180477497,-0.486413580886226,0.113145294558936,9,0.111111111111111,-0.0234853671635004,"-0.0496737292301276",0.00485066056720181,0.570442931703951
230130,0.173514467859844,-0.54372891831978,-0.41683722257382,-0.37253488564859,0.6920928250518,1.52444174303745,0.825818824799667,1.11036911394153,0.033548675192569,-0.486413580886226,0.395823927242222,11,0.0909090909090909,0.266917724517879,"0.459409783846152",0.00485066056720181,0.570442931703951
230132,-0.329598210476492,-1.86611138567839,-0.241710696828441,-0.127656169928072,NA,NA,0.0450498802965776,NA,1.66743408999036,0.927832382506361,-0.876229919832567,8,0.125,-0.100123753743833,"-0.184022640086834",0.00485066056720181,0.570442931703951
230133,NA,-1.0091828870171,-1.10412622927266,0.60697997723348,-0.792299125137527,-1.10979653098155,-1.5164880087096,NA,0.73378528153448,NA,-0.0281940217827077,8,0.125,-0.527415193016649,"-0.93307467583819",0.00485066056720181,0.570442931703951
230141,-0.370501680259934,-0.0258728471863378,-0.0665841710830628,-0.37253488564859,0.469434032523402,-0.416575932555496,0.0450498802965776,-1.62610458757877,-0.433275729035377,-1.47638575526104,-1.44158718519914,11,0.0909090909090909,-0.519539896453433,"-0.919269094025315",0.00485066056720181,0.570442931703951
230142,-2.74699327467791,-0.525234058636443,-0.169016667273756,-0.494974243508849,NA,NA,0.0450498802965776,NA,0.150254776249555,NA,-0.593551287149281,7,0.142857142857143,-0.619209267814301,"-1.09399186789359",0.00485066056720181,0.570442931703951
230144,NA,NA,NA,NA,NA,NA,NA,NA,NA,NA,NA,0,NA,NA,"NaN",0.00485066056720181,0.570442931703951
230146,-0.628193539895618,-0.685522842558699,-0.638223585308544,-1.71936782211143,0.246775239995002,-0.000643573499865181,0.0450498802965776,NA,-1.13351233537729,NA,-0.734890603490924,9,0.111111111111111,-0.583169909105644,"-1.03081401660354",0.00485066056720181,0.570442931703951
230151,0.0630750994445504,0.32244701018318,-0.499444074340508,0.484540619373221,0.0241164474666027,-1.66437300972239,0.0450498802965776,NA,0.150254776249555,0.0792848044708086,0.537163243583865,10,0.1,-0.0457885202994534,"-0.088771686092056",0.00485066056720181,0.570442931703951
230156,0.447567715408905,-0.0104604641168901,-0.225189326475104,-1.59692846425118,-0.792299125137527,0.969865264296607,0.825818824799667,1.50129392844444,0.500373079420508,0.0792848044708086,-0.734890603490924,11,0.0909090909090909,0.0876759666699372,"0.145194727639679",0.00485066056720181,0.570442931703951
230165,0.656175411304458,-0.2139039206336,0.643834754110454,0.974298050814256,0.9147516175802,0.276644665870556,0.0450498802965776,0.719444299438634,-1.60033673960523,NA,-0.452211970807637,10,0.1,0.196374604836867,"0.335746020548577",0.00485066056720181,0.570442931703951
230167,1.69512354380388,-0.466667002972542,0.0821081620969756,0.362101261512963,1.21163000761807,0.138000546185346,0.0450498802965776,-0.551061347695793,1.43402188787639,-0.203564388207709,0.395823927242222,11,0.0909090909090909,0.376596952523307,"0.651680074018404",0.00485066056720181,0.570442931703951
230174,NA,NA,1.65494261973471,0.60697997723348,NA,NA,0.825818824799667,NA,NA,NA,0.113145294558936,4,0.25,0.800221679081699,"1.39430427534385",0.00485066056720181,0.570442931703951
230176,-1.29901044434407,0.307034627113732,-0.793524466629917,0.974298050814256,NA,NA,0.825818824799667,NA,-0.666687931149345,NA,-0.876229919832567,7,0.142857142857143,-0.21832875131832,"-0.391238806691618",0.00485066056720181,0.570442931703951
230180,NA,0.0974262173692437,0.0325440510369628,0.239661903652703,NA,NA,NA,NA,-0.199863526921402,NA,-1.15890855251585,5,0.2,-0.197827981475669,"-0.355300470526397",0.00485066056720181,0.570442931703951
230193,NA,0.0881787875275751,-0.519269718764513,-0.25009552778833,NA,NA,0.0450498802965776,NA,-0.199863526921402,NA,0.537163243583865,6,0.166666666666667,-0.0498061436777045,"-0.0958146752412952",0.00485066056720181,0.570442931703951
230195,-1.20902281082049,-0.0536151367113437,-0.162408119132421,0.117222545792445,NA,NA,-0.735719064206513,NA,-2.6506916491181,-1.47638575526104,-0.169533338124351,8,0.125,-0.792519165947726,"-1.39780823321473",0.00485066056720181,0.570442931703951
230197,0.0426233645528294,0.18990051578593,-0.0566713488710602,0.974298050814256,NA,NA,0.825818824799667,-0.453330144070068,0.967197483648454,-0.0621397918684502,-0.310872654465994,9,0.111111111111111,0.235202700036174,"0.403812593103565",0.00485066056720181,0.570442931703951
230207,NA,0.266962431133168,-0.119452556213743,-0.862292317089623,-1.60871469774166,1.66308586272266,-0.735719064206513,NA,-1.25021843643427,NA,-0.310872654465994,8,0.125,-0.369652679036997,"-0.656513243990127",0.00485066056720181,0.570442931703951
230208,NA,0.0326942084775634,1.25512545718394,0.484540619373221,NA,NA,NA,NA,0.033548675192569,NA,-0.310872654465994,5,0.2,0.299007261152261,"0.515663503282255",0.00485066056720181,0.570442931703951
230216,-0.710000479462502,0.424168738441535,0.0391525991782978,-0.494974243508849,NA,NA,0.825818824799667,0.328519484935734,-1.25021843643427,-1.19353656258252,-0.310872654465994,9,0.111111111111111,-0.260215858788767,"-0.464667900370328",0.00485066056720181,0.570442931703951
230217,NA,0.58753999897768,0.210974850853009,-1.84180717997169,NA,NA,0.0450498802965776,NA,0.850491382591465,NA,1.24385982529208,6,0.166666666666667,0.18268479300652,"0.311747455452057",0.00485066056720181,0.570442931703951
230222,-0.145532596451003,0.59062247559157,0.389405650669055,0.239661903652703,0.320994837504468,0.276644665870556,0.0450498802965776,0.817175503064359,1.08390358470544,-0.486413580886226,0.113145294558936,11,0.0909090909090909,0.294968874416039,"0.508584115473629",0.00485066056720181,0.570442931703951
230227,-0.178255372277757,-0.352615368258629,0.078803888026308,0.117222545792445,NA,NA,-1.5164880087096,0.133057077684283,0.500373079420508,NA,-0.310872654465994,8,0.125,-0.191096851598555,"-0.34350064007358",0.00485066056720181,0.570442931703951
230230,0.758434085763063,0.368684159391523,0.647139028181121,1.09673740867451,1.43428880014646,-1.8030171294076,0.825818824799667,0.621713095812908,0.967197483648454,NA,1.95055640700029,10,0.1,0.686755216401041,"1.19539487288754",0.00485066056720181,0.570442931703951
230236,1.4374316841682,0.72316896998882,1.51946738283735,1.34161612439503,-0.421201137590195,-0.277931812870285,0.825818824799667,NA,0.383666978363526,0.927832382506361,0.678502559925508,10,0.1,0.713837195652398,"1.24287022536576",0.00485066056720181,0.570442931703951
230239,NA,1.20403532175559,-0.654744955661881,0.484540619373221,-0.272761942571262,-1.38708477035197,0.825818824799667,NA,0.73378528153448,NA,-0.452211970807637,8,0.125,0.060172051008776,"0.0969797106194753",0.00485066056720181,0.570442931703951
230241,NA,-0.577636161072565,0.776005716937154,0.484540619373221,NA,NA,NA,NA,0.150254776249555,NA,0.537163243583865,5,0.2,0.274065639014246,"0.471940247629822",0.00485066056720181,0.570442931703951
230244,NA,0.171405656102593,-0.0864098155070679,-0.25009552778833,NA,NA,0.0450498802965776,NA,0.033548675192569,-0.627838177225485,-1.86560513422407,7,0.142857142857143,-0.36856349187903,"-0.654603873047948",0.00485066056720181,0.570442931703951
230254,1.67058146193382,0.128250983508139,-0.0500628007297252,-0.25009552778833,NA,NA,0.0450498802965776,0.133057077684283,0.26696087730654,-0.627838177225485,-0.310872654465994,9,0.111111111111111,0.111670124502203,"0.187257055873975",0.00485066056720181,0.570442931703951
230259,NA,0.633777148186023,0.333232991467707,-0.0052168120678136,0.469434032523402,1.38579762335224,0.825818824799667,NA,-0.316569627978388,-1.90065954427881,0.537163243583865,9,0.111111111111111,0.218086431065321,"0.373807367305209",0.00485066056720181,0.570442931703951
230264,NA,NA,NA,NA,NA,NA,0.825818824799667,NA,NA,NA,NA,1,1,0.825818824799667,"1.43917667939224",0.00485066056720181,0.570442931703951
230269,-0.472760354718539,-0.392687564239193,-0.486226978057838,-0.127656169928072,-1.01495791766593,0.692577024926186,0.825818824799667,0.0353258740585582,0.500373079420508,1.06925697884562,-0.310872654465994,11,0.0909090909090909,0.0289263766340891,"0.0422053017555526",0.00485066056720181,0.570442931703951
230270,NA,-0.910543635372635,0.174627836075666,-1.10717103281014,NA,NA,0.825818824799667,NA,0.73378528153448,NA,0.113145294558936,6,0.166666666666667,-0.0283895718690048,"-0.0582709164910078",0.00485066056720181,0.570442931703951
230273,NA,-0.417347377150309,-3.17921034565187,NA,NA,NA,NA,NA,-0.433275729035377,NA,-1.01756923617421,4,0.25,-1.26185067200294,"-2.22055750394947",0.00485066056720181,0.570442931703951
230275,NA,NA,NA,NA,NA,NA,NA,NA,NA,NA,NA,0,NA,NA,"NaN",0.00485066056720181,0.570442931703951
230277,0.995674210507027,0.553632756224895,0.604183465262443,0.362101261512963,0.469434032523402,0.138000546185346,0.825818824799667,NA,0.26696087730654,-3.03205631499288,1.52653845797536,10,0.1,0.271028811730476,"0.466616617315571",0.00485066056720181,0.570442931703951
230279,NA,NA,NA,NA,NA,NA,NA,NA,NA,NA,1.10252050895044,1,1,1.10252050895044,"1.92424129983419",0.00485066056720181,0.570442931703951
230297,NA,NA,0.785918539149157,-0.0052168120678136,1.21163000761807,0.138000546185346,0.825818824799667,NA,NA,NA,-0.0281940217827077,6,0.166666666666667,0.487992847316952,"0.846959721819277",0.00485066056720181,0.570442931703951
230301,NA,NA,NA,NA,NA,NA,0.0450498802965776,NA,NA,NA,-1.3002478688575,2,0.5,-0.62759899428046,"-1.10869925753746",0.00485066056720181,0.570442931703951
230302,-0.521844518458669,-1.36675017422829,-1.59646306580212,-0.494974243508849,1.06319081259913,0.415288785555766,0.825818824799667,NA,-1.60033673960523,NA,-0.593551287149281,9,0.111111111111111,-0.429957956199764,"-0.762229826335412",0.00485066056720181,0.570442931703951
230303,NA,2.02705657766409,-1.29907839944205,0.239661903652703,-0.272761942571262,0.831221144611397,0.0450498802965776,NA,NA,NA,1.24385982529208,7,0.142857142857143,0.402144141357649,"0.69646490246396",0.00485066056720181,0.570442931703951
231300,NA,NA,NA,0.362101261512963,0.246775239995002,0.553932905240976,NA,NA,NA,NA,NA,3,0.333333333333333,0.387603135582981,"0.670974174178076",0.00485066056720181,0.570442931703951
231301,NA,NA,0.90156813162252,0.117222545792445,0.9147516175802,0.553932905240976,NA,NA,NA,NA,0.113145294558936,5,0.2,0.520124098959015,"0.903286568654042",0.00485066056720181,0.570442931703951
231303,NA,NA,NA,NA,-0.198542345061796,-0.555220052240705,NA,NA,NA,NA,-0.169533338124351,3,0.333333333333333,-0.307765245142284,"-0.548023103337755",0.00485066056720181,0.570442931703951
231304,NA,NA,NA,NA,NA,NA,NA,NA,NA,NA,-0.0281940217827077,1,1,-0.0281940217827077,"-0.0579281125479159",0.00485066056720181,0.570442931703951
231305,NA,0.562880186066564,-0.423445770715155,-0.127656169928072,NA,NA,NA,NA,NA,NA,-0.310872654465994,4,0.25,-0.0747736022606642,"-0.139583222795001",0.00485066056720181,0.570442931703951
231306,NA,NA,NA,NA,0.6920928250518,-0.971152411296336,NA,NA,NA,NA,0.395823927242222,3,0.333333333333333,0.0389214469992289,"0.0597268973607147",0.00485066056720181,0.570442931703951
231307,NA,NA,NA,NA,NA,NA,NA,NA,NA,NA,0.254484610900575,1,1,0.254484610900575,"0.437614240547604",0.00485066056720181,0.570442931703951
231308,NA,NA,NA,0.239661903652703,NA,NA,NA,NA,NA,NA,-0.0281940217827077,2,0.5,0.105733940934998,"0.176850785172236",0.00485066056720181,0.570442931703951
231310,NA,NA,-0.0665841710830628,NA,0.0983360449760701,0.276644665870556,0.0450498802965776,NA,NA,-0.0621397918684502,0.113145294558936,6,0.166666666666667,0.067408653791771,"0.109665647074817",0.00485066056720181,0.570442931703951
231311,NA,NA,NA,-0.127656169928072,NA,NA,NA,NA,NA,NA,NA,1,1,-0.127656169928072,"-0.232287619200517",0.00485066056720181,0.570442931703951
231312,NA,NA,NA,-1.2296103906704,NA,NA,NA,NA,NA,NA,NA,1,1,-1.2296103906704,"-2.16403952547924",0.00485066056720181,0.570442931703951
231313,NA,NA,-0.304491904171124,NA,NA,NA,NA,NA,NA,NA,NA,1,1,-0.304491904171124,"-0.542284858915333",0.00485066056720181,0.570442931703951
231314,NA,NA,NA,-0.0052168120678136,NA,NA,NA,NA,NA,NA,-0.169533338124351,2,0.5,-0.0873750750960823,"-0.161673903799281",0.00485066056720181,0.570442931703951
231315,NA,NA,NA,NA,NA,NA,NA,NA,NA,NA,0.678502559925508,1,1,0.678502559925508,"1.1809277701909",0.00485066056720181,0.570442931703951
231316,NA,0.744746306286047,-0.370577385584474,NA,0.320994837504468,-0.416575932555496,NA,NA,NA,NA,0.395823927242222,5,0.2,0.134882350578553,"0.227948639179275",0.00485066056720181,0.570442931703951
231318,NA,-0.962945737808757,0.452186858011738,NA,NA,NA,NA,NA,NA,NA,0.395823927242222,3,0.333333333333333,-0.0383116508515992,"-0.0756645564699564",0.00485066056720181,0.570442931703951
231319,NA,-4.91159828020126,-1.72532975455816,NA,NA,NA,NA,NA,NA,NA,-1.44158718519914,3,0.333333333333333,-2.69283840665285,"-4.7291129704454",0.00485066056720181,0.570442931703951
231320,NA,NA,1.93250164167079,0.117222545792445,NA,NA,NA,NA,NA,NA,-0.593551287149281,3,0.333333333333333,0.485390966771317,"0.842398563461395",0.00485066056720181,0.570442931703951
231321,NA,NA,1.06347756108523,-0.494974243508849,NA,NA,0.0450498802965776,NA,NA,0.362133997149326,-0.310872654465994,5,0.2,0.132962908111258,"0.224583810971899",0.00485066056720181,0.570442931703951
231322,NA,NA,-0.0798012673657328,NA,1.06319081259913,-0.277931812870285,-0.735719064206513,NA,NA,NA,0.395823927242222,5,0.2,0.0731125190797648,"0.119664658318511",0.00485066056720181,0.570442931703951
231323,NA,NA,NA,0.117222545792445,-0.792299125137527,-0.971152411296336,NA,NA,NA,NA,-0.169533338124351,4,0.25,-0.453940582191442,"-0.804271938979425",0.00485066056720181,0.570442931703951
231324,NA,NA,NA,0.729419335093738,NA,NA,0.0450498802965776,NA,NA,NA,-0.169533338124351,3,0.333333333333333,0.201645292421988,"0.344985660996706",0.00485066056720181,0.570442931703951
231325,NA,NA,0.40923129509306,0.60697997723348,NA,NA,NA,NA,NA,NA,0.395823927242222,3,0.333333333333333,0.470678399856254,"0.816607084424018",0.00485066056720181,0.570442931703951
231326,NA,-0.0721099963946809,-0.413532948503152,-0.25009552778833,NA,NA,NA,NA,0.383666978363526,NA,-0.0281940217827077,5,0.2,-0.076053103221069,"-0.141826218350372",0.00485066056720181,0.570442931703951
231327,NA,0.79098345549439,0.257234687842354,0.362101261512963,NA,NA,0.825818824799667,NA,0.150254776249555,NA,-0.0281940217827077,6,0.166666666666667,0.39303316401937,"0.680493142920786",0.00485066056720181,0.570442931703951
231328,NA,NA,NA,-0.617413601369107,NA,NA,NA,NA,NA,NA,0.113145294558936,2,0.5,-0.252134153405086,"-0.450500478995606",0.00485066056720181,0.570442931703951
231329,NA,NA,NA,0.239661903652703,NA,NA,NA,NA,NA,NA,NA,1,1,0.239661903652703,"0.411629682892387",0.00485066056720181,0.570442931703951
231330,NA,NA,NA,-0.37253488564859,NA,NA,NA,NA,NA,NA,-0.0281940217827077,2,0.5,-0.200364453715649,"-0.359746966571853",0.00485066056720181,0.570442931703951
231331,NA,0.239220141608162,-1.46098782890476,-0.0052168120678136,NA,NA,NA,NA,0.033548675192569,NA,-0.310872654465994,5,0.2,-0.300861695727566,"-0.535921017342761",0.00485066056720181,0.570442931703951
231332,NA,1.57393251542233,0.181236384217001,NA,NA,NA,NA,NA,-0.199863526921402,NA,0.254484610900575,4,0.25,0.452447495904626,"0.784647877046041",0.00485066056720181,0.570442931703951
231333,NA,-1.84453404938117,-2.75956753867709,NA,NA,NA,NA,NA,0.617079180477497,NA,-0.876229919832567,4,0.25,-1.21581308185333,"-2.13985251561332",0.00485066056720181,0.570442931703951
231337,NA,1.60167480494734,0.498446695001083,0.974298050814256,0.0983360449760701,-1.52572889003718,0.825818824799667,NA,-0.0831574258644167,NA,-0.593551287149281,8,0.125,0.224517102185943,"0.385080486425842",0.00485066056720181,0.570442931703951
231338,NA,0.565962662680453,1.02382627223722,-0.0052168120678136,NA,NA,0.0450498802965776,NA,0.26696087730654,NA,-0.0281940217827077,6,0.166666666666667,0.311398143111711,"0.537385013482124",0.00485066056720181,0.570442931703951
231339,NA,-0.938285924897641,1.26834255346661,0.851858692953996,NA,NA,-0.735719064206513,NA,-0.900100133263316,NA,0.819841876267148,6,0.166666666666667,0.0609896667200481,"0.09841301036925",0.00485066056720181,0.570442931703951
231340,NA,2.89323250616705,1.09321602772124,0.239661903652703,NA,NA,0.0450498802965776,NA,NA,0.220709400810067,1.10252050895044,6,0.166666666666667,0.932398371266346,"1.62601315424927",0.00485066056720181,0.570442931703951
240001,-0.280514046736362,-0.389605087625303,0.154802191651661,0.117222545792445,-1.23761671019433,-0.000643573499865181,-0.735719064206513,0.621713095812908,-1.36692453749126,NA,-1.15890855251585,10,0.1,-0.427619373901247,"-0.758130236054695",0.00485066056720181,0.570442931703951
240002,0.144882039011434,0.131333460122029,-0.373881659655142,-0.739852959229365,NA,NA,-0.735719064206513,-0.648792551321519,1.43402188787639,NA,0.819841876267148,8,0.125,0.00397912860805816,"-0.00152781621211492",0.00485066056720181,0.570442931703951
240004,NA,-0.0197078939585588,0.00941413254229014,-0.0052168120678136,-0.272761942571262,-1.52572889003718,0.825818824799667,NA,-1.01680623432031,NA,0.678502559925508,8,0.125,-0.165810781960956,"-0.299173559778156",0.00485066056720181,0.570442931703951
240006,NA,1.98698438168353,-0.0203243340937175,-0.617413601369107,NA,NA,-0.735719064206513,NA,NA,-0.486413580886226,0.254484610900575,6,0.166666666666667,0.0635997353380903,"0.102988522612422",0.00485066056720181,0.570442931703951
240010,1.24518537618602,0.686179250622145,0.432361213587733,-2.33156461141273,-1.31183630770379,-0.555220052240705,0.825818824799667,0.426250688561459,0.383666978363526,0.644983189827844,1.52653845797536,11,0.0909090909090909,0.179305728051503,"0.305823874376342",0.00485066056720181,0.570442931703951
240014,NA,1.7588811122557,0.610792013403779,-0.127656169928072,0.617873227542334,-0.693864171925916,0.0450498802965776,NA,NA,NA,0.537163243583865,7,0.142857142857143,0.392605590746896,"0.679743596824742",0.00485066056720181,0.570442931703951
240018,NA,-0.2139039206336,0.118455176874318,0.729419335093738,0.0241164474666027,0.831221144611397,-0.735719064206513,NA,NA,NA,0.961181192608791,7,0.142857142857143,0.244967187402105,"0.420929971237717",0.00485066056720181,0.570442931703951
240019,NA,NA,NA,NA,-1.31183630770379,-1.8030171294076,0.825818824799667,NA,NA,NA,0.395823927242222,4,0.25,-0.473302671267375,"-0.838214140731486",0.00485066056720181,0.570442931703951
240020,NA,1.21636522821115,1.17251860541726,-2.08668589569221,0.0241164474666027,0.138000546185346,0.825818824799667,NA,0.617079180477497,0.220709400810067,-0.0281940217827077,9,0.111111111111111,0.233303146210296,"0.400482630156696",0.00485066056720181,0.570442931703951
240022,NA,1.36740658229173,1.36416650151597,0.117222545792445,0.172555642485536,-0.000643573499865181,0.0450498802965776,NA,1.08390358470544,NA,0.819841876267148,8,0.125,0.621187879981873,"1.08045377575918",0.00485066056720181,0.570442931703951
240030,NA,0.0326942084775634,0.260538961913022,-0.617413601369107,1.5827279951654,-0.555220052240705,-0.735719064206513,NA,-0.316569627978388,0.220709400810067,1.66787777431701,9,0.111111111111111,0.171069554987594,"0.291385667491549",0.00485066056720181,0.570442931703951
240036,0.39439320469043,1.19170541530003,1.00730490188388,-0.0052168120678136,-0.495420735099661,-0.971152411296336,-1.5164880087096,0.230788281310009,-0.666687931149345,0.362133997149326,0.678502559925508,11,0.0909090909090909,0.0190784056305843,"0.0249415748230647",0.00485066056720181,0.570442931703951
240038,0.435296674473872,-0.371110227941966,0.293581702619697,0.484540619373221,-0.272761942571262,0.415288785555766,-0.735719064206513,0.0353258740585582,-0.199863526921402,-1.75923494793955,0.113145294558936,11,0.0909090909090909,-0.141955523540059,"-0.257354725509072",0.00485066056720181,0.570442931703951
240040,NA,0.248467571449831,-0.819958659195257,-0.739852959229365,NA,NA,-1.5164880087096,NA,NA,NA,0.819841876267148,5,0.2,-0.401598035883449,"-0.712514212835562",0.00485066056720181,0.570442931703951
240043,NA,0.880375277297186,0.964349338965203,-0.862292317089623,-1.68293429525112,-0.832508291611126,0.0450498802965776,NA,1.20060968576243,-0.910687369904002,1.52653845797536,9,0.111111111111111,0.0365000407156535,"0.0554821146681805",0.00485066056720181,0.570442931703951
240044,NA,1.5246128896001,0.194453480499671,-0.494974243508849,NA,NA,0.0450498802965776,NA,NA,NA,-0.452211970807637,5,0.2,0.163386007215973,"0.27791622586192",0.00485066056720181,0.570442931703951
240047,-0.223249189039543,0.307034627113732,-0.162408119132421,0.729419335093738,-0.272761942571262,0.969865264296607,0.825818824799667,0.523981892187183,1.20060968576243,0.0792848044708086,-0.593551287149281,11,0.0909090909090909,0.307640354166514,"0.530797520261772",0.00485066056720181,0.570442931703951
240050,NA,-1.20646139030603,1.14278013878125,-1.10717103281014,NA,NA,0.0450498802965776,NA,-1.8337489417192,NA,0.537163243583865,6,0.166666666666667,-0.40373135036228,"-0.716253963755885",0.00485066056720181,0.570442931703951
240052,NA,1.41364373150008,1.11304167214524,-0.127656169928072,0.9147516175802,-0.555220052240705,0.0450498802965776,NA,NA,-0.769262773564744,1.66787777431701,8,0.125,0.462778210013198,"0.802757864100684",0.00485066056720181,0.570442931703951
240053,-0.979963380033219,-0.0690275197807914,-0.198755133909764,-0.862292317089623,-0.12432274755233,-0.000643573499865181,0.0450498802965776,-1.33291097670159,-0.0831574258644167,-1.6178103516003,-0.593551287149281,11,0.0909090909090909,-0.528853166625873,"-0.93559547770864",0.00485066056720181,0.570442931703951
240056,NA,-0.0967698093057972,-0.585355200177863,-1.47448910639092,NA,NA,1.60658776930276,NA,0.967197483648454,0.362133997149326,-1.01756923617421,7,0.142857142857143,-0.03403772884975,"-0.0681722697497357",0.00485066056720181,0.570442931703951
240057,0.0671654464228946,0.649189531255471,-0.40362012629115,-2.33156461141273,0.172555642485536,0.276644665870556,0.0450498802965776,0.426250688561459,0.150254776249555,0.362133997149326,0.113145294558936,11,0.0909090909090909,-0.0429813468048698,"-0.0838506443215875",0.00485066056720181,0.570442931703951
240064,NA,1.57701499203622,-0.162408119132421,0.484540619373221,-0.198542345061796,-0.139287693185075,-0.735719064206513,NA,NA,NA,0.819841876267148,7,0.142857142857143,0.235062895155827,"0.403567511829739",0.00485066056720181,0.570442931703951
240066,NA,0.0326942084775634,0.472012502435743,-0.0052168120678136,1.360069202637,-0.832508291611126,-2.29725695321269,NA,0.73378528153448,-0.627838177225485,1.10252050895044,9,0.111111111111111,-0.00685983667576604,"-0.0205287796414408",0.00485066056720181,0.570442931703951
240069,NA,-0.0875223794641286,1.5855528642507,-0.0052168120678136,NA,NA,0.825818824799667,NA,0.150254776249555,0.927832382506361,1.24385982529208,7,0.142857142857143,0.66293992593806,"1.15364610339741",0.00485066056720181,0.570442931703951
240071,NA,0.328611963410959,-0.730743259287234,-0.127656169928072,NA,NA,NA,NA,NA,NA,-0.310872654465994,4,0.25,-0.210165030067585,"-0.376927609555124",0.00485066056720181,0.570442931703951
240075,-0.54229625335039,0.433416168283203,0.670268946675794,0.729419335093738,-1.08917751517539,-0.139287693185075,-1.5164880087096,NA,0.967197483648454,-0.0621397918684502,0.537163243583865,10,0.1,-0.00119240850038557,"-0.0105936435210729",0.00485066056720181,0.570442931703951
240076,NA,1.12697340640835,1.49303319027201,0.60697997723348,NA,NA,-0.735719064206513,NA,NA,0.786407786167103,1.66787777431701,6,0.166666666666667,0.824258845031905,"1.43644199782979",0.00485066056720181,0.570442931703951
240078,0.709349922022933,0.892705183752744,0.247321865630351,0.362101261512963,NA,NA,0.0450498802965776,1.01263791031581,1.20060968576243,-0.627838177225485,2.65725298870851,9,0.111111111111111,0.722132280086314,"1.25741170528057",0.00485066056720181,0.570442931703951
240080,1.2983598869045,0.337859393252628,0.184540658287669,-1.2296103906704,-2.27669107532685,-2.63488184751886,-0.735719064206513,1.01263791031581,-0.549981830092359,0.220709400810067,0.819841876267148,11,0.0909090909090909,-0.322994098361561,"-0.574719644521615",0.00485066056720181,0.570442931703951
240084,NA,-0.574553684458676,NA,-0.37253488564859,0.0983360449760701,-0.693864171925916,0.0450498802965776,NA,NA,NA,0.537163243583865,6,0.166666666666667,-0.160067262196112,"-0.289105033295255",0.00485066056720181,0.570442931703951
240088,NA,-0.0936873326919076,1.29147247196129,-1.10717103281014,1.5827279951654,-0.277931812870285,-0.735719064206513,NA,NA,NA,0.395823927242222,7,0.142857142857143,0.150787878827152,"0.255831407751912",0.00485066056720181,0.570442931703951
240093,0.995674210507027,1.47837574039176,1.64833407159338,0.729419335093738,0.172555642485536,-0.971152411296336,-0.735719064206513,NA,1.78414019104735,1.21068157518488,2.65725298870851,10,0.1,0.896956227950933,"1.5638822357198",0.00485066056720181,0.570442931703951
240100,-1.4871664053479,0.491983223947104,0.402622746951725,-1.47448910639092,-0.198542345061796,-0.832508291611126,1.60658776930276,NA,1.08390358470544,NA,0.819841876267148,9,0.111111111111111,0.0458036725291596,"0.0717916020795077",0.00485066056720181,0.570442931703951
240101,NA,1.15471569593336,1.70450673079473,0.362101261512963,-0.0501031500428634,-0.416575932555496,-0.735719064206513,NA,0.033548675192569,NA,0.395823927242222,8,0.125,0.306037267983871,"0.527987272130807",0.00485066056720181,0.570442931703951
240104,NA,0.356354252935965,-0.188842311697761,0.239661903652703,0.246775239995002,-0.416575932555496,0.0450498802965776,NA,0.617079180477497,0.220709400810067,-0.734890603490924,9,0.111111111111111,0.0428134456026258,"0.066549663297653",0.00485066056720181,0.570442931703951
240106,0.717530615979621,0.98826195878332,0.0457611473196329,0.239661903652703,0.469434032523402,-1.10979653098155,-1.5164880087096,-1.91929819845595,-0.549981830092359,0.0792848044708086,1.24385982529208,11,0.0909090909090909,-0.119251843656171,"-0.217554635750628",0.00485066056720181,0.570442931703951
240115,-0.0310028810573661,0.303952150499843,0.260538961913022,-0.0052168120678136,-0.718079527628061,1.38579762335224,-0.735719064206513,-0.257867736818618,-1.71704284066222,1.35210617152414,-0.0281940217827077,11,0.0909090909090909,-0.0173389069940051,"-0.0388988386531939",0.00485066056720181,0.570442931703951
240141,NA,-1.48696676216998,1.80363495291475,-0.0052168120678136,0.9147516175802,-0.139287693185075,0.0450498802965776,NA,NA,NA,0.961181192608791,7,0.142857142857143,0.299020910853922,"0.515687431533272",0.00485066056720181,0.570442931703951
240166,NA,1.02833415476388,0.934610872329195,-0.862292317089623,-0.792299125137527,-3.05081420657449,0.0450498802965776,NA,0.500373079420508,NA,0.961181192608791,8,0.125,-0.154482058672835,"-0.27931403894181",0.00485066056720181,0.570442931703951
240187,NA,0.935859856347198,0.911480953834523,-0.25009552778833,NA,NA,0.0450498802965776,NA,NA,NA,-0.310872654465994,5,0.2,0.266284501644795,"0.458299729118692",0.00485066056720181,0.570442931703951
240206,NA,NA,NA,NA,NA,NA,NA,NA,NA,NA,NA,0,NA,NA,"NaN",0.00485066056720181,0.570442931703951
240207,0.492561532170691,0.199147945627598,0.253930413771687,1.83137355583607,NA,NA,0.0450498802965776,NA,1.31731578681941,NA,1.66787777431701,7,0.142857142857143,0.829608126977005,"1.44581941605657",0.00485066056720181,0.570442931703951
240210,1.13883635474907,0.180653085944261,0.468708228365075,-0.862292317089623,-0.0501031500428634,-2.63488184751886,-1.5164880087096,1.01263791031581,1.31731578681941,NA,2.37457435602522,10,0.1,0.14289603988579,"0.241996826757477",0.00485066056720181,0.570442931703951
240213,NA,-0.667027982875362,0.554619354202431,-1.59692846425118,NA,NA,0.0450498802965776,NA,0.033548675192569,0.220709400810067,0.819841876267148,7,0.142857142857143,-0.0843124657653923,"-0.156305076944784",0.00485066056720181,0.570442931703951
240214,NA,0.516643036858221,0.597574917121109,-0.0052168120678136,NA,NA,0.0450498802965776,NA,0.150254776249555,0.0792848044708086,0.113145294558936,7,0.142857142857143,0.21381941392677,"0.366327184974253",0.00485066056720181,0.570442931703951
241301,NA,NA,NA,NA,NA,NA,NA,NA,NA,NA,NA,0,NA,NA,"NaN",0.00485066056720181,0.570442931703951
241302,NA,NA,NA,NA,NA,NA,NA,NA,NA,NA,NA,0,NA,NA,"NaN",0.00485066056720181,0.570442931703951
241303,NA,NA,NA,-0.25009552778833,NA,NA,NA,NA,NA,NA,0.113145294558936,2,0.5,-0.0684751166146972,"-0.128541827949152",0.00485066056720181,0.570442931703951
241304,NA,NA,NA,0.239661903652703,NA,NA,NA,NA,NA,NA,NA,1,1,0.239661903652703,"0.411629682892387",0.00485066056720181,0.570442931703951
241305,NA,-1.55478124767555,1.63842124938138,NA,-0.495420735099661,-0.277931812870285,NA,NA,NA,NA,0.254484610900575,5,0.2,-0.0870455870727085,"-0.16109630347318",0.00485066056720181,0.570442931703951
241306,NA,1.37357153551951,-0.512661170623178,NA,NA,NA,NA,NA,NA,-0.0621397918684502,0.254484610900575,4,0.25,0.263313795982115,"0.453092011575753",0.00485066056720181,0.570442931703951
241308,NA,NA,NA,-0.0052168120678136,NA,NA,NA,NA,NA,NA,0.395823927242222,2,0.5,0.195303557587204,"0.333868449296246",0.00485066056720181,0.570442931703951
241309,NA,NA,NA,NA,NA,NA,NA,NA,NA,NA,NA,0,NA,NA,"NaN",0.00485066056720181,0.570442931703951
241311,NA,NA,NA,NA,NA,NA,NA,NA,NA,NA,NA,0,NA,NA,"NaN",0.00485066056720181,0.570442931703951
241312,NA,NA,NA,NA,NA,NA,NA,NA,NA,NA,NA,0,NA,NA,"NaN",0.00485066056720181,0.570442931703951
241313,NA,NA,NA,NA,NA,NA,NA,NA,NA,NA,NA,0,NA,NA,"NaN",0.00485066056720181,0.570442931703951
241314,NA,NA,NA,NA,NA,NA,NA,NA,NA,NA,0.113145294558936,1,1,0.113145294558936,"0.189843063999847",0.00485066056720181,0.570442931703951
241315,NA,NA,NA,0.362101261512963,NA,NA,NA,NA,NA,NA,NA,1,1,0.362101261512963,"0.626268783590026",0.00485066056720181,0.570442931703951
241316,NA,NA,NA,NA,NA,NA,NA,NA,NA,NA,NA,0,NA,NA,"NaN",0.00485066056720181,0.570442931703951
241317,NA,NA,NA,0.239661903652703,NA,NA,NA,NA,NA,NA,NA,1,1,0.239661903652703,"0.411629682892387",0.00485066056720181,0.570442931703951
241318,NA,NA,NA,-0.127656169928072,NA,NA,NA,NA,NA,NA,0.395823927242222,2,0.5,0.134083878657075,"0.226548898947429",0.00485066056720181,0.570442931703951
241319,NA,NA,NA,-0.617413601369107,NA,NA,NA,NA,NA,NA,0.254484610900575,2,0.5,-0.181464495234266,"-0.326614890721728",0.00485066056720181,0.570442931703951
241320,NA,NA,0.46209968022374,NA,NA,NA,NA,NA,NA,NA,0.395823927242222,2,0.5,0.428961803732981,"0.743476901184368",0.00485066056720181,0.570442931703951
241321,NA,NA,NA,NA,NA,NA,NA,NA,NA,NA,NA,0,NA,NA,"NaN",0.00485066056720181,0.570442931703951
241322,NA,NA,NA,0.117222545792445,NA,NA,NA,NA,NA,NA,0.254484610900575,2,0.5,0.18585357834651,"0.317302411371178",0.00485066056720181,0.570442931703951
241323,NA,NA,-0.549008185400521,-0.25009552778833,NA,NA,NA,NA,NA,NA,-0.593551287149281,3,0.333333333333333,-0.464218333446044,"-0.822289080893869",0.00485066056720181,0.570442931703951
241325,NA,NA,0.154802191651661,NA,0.246775239995002,-0.139287693185075,NA,NA,NA,NA,0.537163243583865,4,0.25,0.199863245511363,"0.341861690461561",0.00485066056720181,0.570442931703951
241326,NA,NA,0.514968065354421,NA,NA,NA,NA,NA,NA,NA,0.395823927242222,2,0.5,0.455395996298321,"0.789816668225358",0.00485066056720181,0.570442931703951
241327,NA,NA,1.42694770885866,0.484540619373221,NA,NA,NA,NA,NA,NA,0.537163243583865,3,0.333333333333333,0.816217190605247,"1.42234478673343",0.00485066056720181,0.570442931703951
241328,NA,NA,NA,NA,NA,NA,NA,NA,NA,NA,NA,0,NA,NA,"NaN",0.00485066056720181,0.570442931703951
241329,NA,NA,-1.05125784414198,NA,0.988971215089666,-0.277931812870285,NA,NA,NA,NA,-0.452211970807637,4,0.25,-0.19810760318256,"-0.355790654016015",0.00485066056720181,0.570442931703951
241330,NA,1.55235517912511,1.87632898246944,0.362101261512963,NA,NA,NA,NA,NA,NA,1.24385982529208,4,0.25,1.2586613120999,"2.19795983410204",0.00485066056720181,0.570442931703951
241332,NA,NA,NA,-0.25009552778833,NA,NA,NA,NA,NA,0.927832382506361,0.395823927242222,3,0.333333333333333,0.357853593986751,"0.618822521588805",0.00485066056720181,0.570442931703951
241333,NA,NA,0.161410739792996,NA,NA,NA,NA,NA,NA,NA,0.113145294558936,2,0.5,0.137278017175966,"0.232148299590977",0.00485066056720181,0.570442931703951
241334,NA,1.90067503649462,NA,0.484540619373221,NA,NA,NA,NA,NA,0.503558593488585,0.113145294558936,4,0.25,0.750479885978841,"1.30710573130321",0.00485066056720181,0.570442931703951
241335,NA,NA,NA,0.117222545792445,NA,NA,0.0450498802965776,NA,NA,NA,0.678502559925508,3,0.333333333333333,0.28025832867151,"0.482796179596174",0.00485066056720181,0.570442931703951
241336,NA,NA,NA,0.362101261512963,NA,NA,NA,NA,NA,NA,NA,1,1,0.362101261512963,"0.626268783590026",0.00485066056720181,0.570442931703951
241337,NA,NA,NA,NA,NA,NA,NA,NA,NA,NA,0.819841876267148,1,1,0.819841876267148,"1.42869894673866",0.00485066056720181,0.570442931703951
241338,NA,NA,NA,NA,NA,NA,NA,NA,NA,NA,-0.0281940217827077,1,1,-0.0281940217827077,"-0.0579281125479159",0.00485066056720181,0.570442931703951
241339,NA,NA,NA,-0.617413601369107,NA,NA,NA,NA,NA,NA,NA,1,1,-0.617413601369107,"-1.09084402199106",0.00485066056720181,0.570442931703951
241340,NA,NA,NA,NA,NA,NA,NA,NA,NA,NA,NA,0,NA,NA,"NaN",0.00485066056720181,0.570442931703951
241341,NA,NA,NA,NA,NA,NA,NA,NA,NA,NA,-0.169533338124351,1,1,-0.169533338124351,"-0.305699289095679",0.00485066056720181,0.570442931703951
241342,NA,NA,NA,0.239661903652703,NA,NA,0.0450498802965776,NA,NA,NA,-0.169533338124351,3,0.333333333333333,0.0383928152749765,"0.0588001933998587",0.00485066056720181,0.570442931703951
241343,NA,NA,NA,NA,NA,NA,NA,NA,NA,NA,-0.169533338124351,1,1,-0.169533338124351,"-0.305699289095679",0.00485066056720181,0.570442931703951
241344,NA,NA,0.8222655539265,-0.494974243508849,NA,NA,NA,NA,NA,NA,0.537163243583865,3,0.333333333333333,0.288151518000505,"0.496633127852186",0.00485066056720181,0.570442931703951
241345,NA,NA,1.48642464213067,NA,NA,NA,NA,NA,NA,NA,0.678502559925508,2,0.5,1.08246360102809,"1.8890810641513",0.00485066056720181,0.570442931703951
241346,NA,NA,NA,NA,NA,NA,NA,NA,NA,NA,-0.310872654465994,1,1,-0.310872654465994,"-0.553470465643442",0.00485066056720181,0.570442931703951
241347,NA,NA,NA,-0.37253488564859,NA,NA,NA,NA,NA,NA,0.395823927242222,2,0.5,0.0116445207968158,"0.0119097982497921",0.00485066056720181,0.570442931703951
241348,NA,NA,0.0160226806836252,NA,NA,NA,NA,NA,NA,NA,0.113145294558936,2,0.5,0.0645839876212803,"0.104713940228256",0.00485066056720181,0.570442931703951
241349,NA,NA,-0.631615037167209,NA,NA,NA,NA,NA,NA,NA,0.113145294558936,2,0.5,-0.259234871304137,"-0.462948206023865",0.00485066056720181,0.570442931703951
241350,NA,NA,NA,0.117222545792445,NA,NA,NA,NA,NA,NA,0.254484610900575,2,0.5,0.18585357834651,"0.317302411371178",0.00485066056720181,0.570442931703951
241351,NA,NA,0.452186858011738,NA,NA,NA,NA,NA,NA,0.786407786167103,-0.169533338124351,3,0.333333333333333,0.35635376868483,"0.616193292232871",0.00485066056720181,0.570442931703951
241353,NA,-0.583801114300344,-0.545703911329853,NA,1.360069202637,-0.693864171925916,NA,NA,NA,0.786407786167103,-0.0281940217827077,6,0.166666666666667,0.0491522949108799,"0.0776618166016121",0.00485066056720181,0.570442931703951
241354,NA,0.430333691669314,0.921393776046525,NA,NA,NA,NA,NA,NA,-0.0621397918684502,-0.0281940217827077,4,0.25,0.31534841351617,"0.544309931269533",0.00485066056720181,0.570442931703951
241355,NA,1.05607644428889,NA,NA,NA,NA,NA,NA,NA,NA,0.254484610900575,2,0.5,0.655280527594732,"1.14021899628882",0.00485066056720181,0.570442931703951
241356,NA,NA,NA,NA,NA,NA,NA,NA,NA,NA,0.113145294558936,1,1,0.113145294558936,"0.189843063999847",0.00485066056720181,0.570442931703951
241357,NA,NA,NA,NA,NA,NA,NA,NA,NA,NA,0.113145294558936,1,1,0.113145294558936,"0.189843063999847",0.00485066056720181,0.570442931703951
241358,NA,NA,NA,NA,NA,NA,NA,NA,NA,NA,NA,0,NA,NA,"NaN",0.00485066056720181,0.570442931703951
241359,NA,NA,1.33442803487997,NA,0.6920928250518,-2.21894948846323,NA,NA,NA,0.786407786167103,-0.310872654465994,5,0.2,0.0566213006339292,"0.0907551609274658",0.00485066056720181,0.570442931703951
241360,NA,NA,NA,NA,NA,NA,NA,NA,NA,NA,-0.310872654465994,1,1,-0.310872654465994,"-0.553470465643442",0.00485066056720181,0.570442931703951
241361,NA,-1.24961606290048,-1.38829379935007,NA,-0.0501031500428634,-0.971152411296336,NA,NA,NA,NA,0.254484610900575,5,0.2,-0.680936162537836,"-1.20220057956814",0.00485066056720181,0.570442931703951
241362,NA,NA,1.04365191666122,0.60697997723348,0.617873227542334,-0.139287693185075,NA,NA,NA,NA,0.678502559925508,5,0.2,0.561543997635494,"0.975896634226692",0.00485066056720181,0.570442931703951
241363,NA,NA,0.904872405693188,NA,NA,NA,NA,NA,NA,0.0792848044708086,-0.0281940217827077,3,0.333333333333333,0.318654396127096,"0.550105397261286",0.00485066056720181,0.570442931703951
241364,NA,NA,-1.72532975455816,NA,NA,NA,NA,NA,NA,0.503558593488585,-0.310872654465994,3,0.333333333333333,-0.510881271845189,"-0.904090319555482",0.00485066056720181,0.570442931703951
241365,NA,NA,-0.981868088657965,NA,NA,NA,NA,NA,NA,NA,-0.452211970807637,2,0.5,-0.717040029732801,"-1.26549151576595",0.00485066056720181,0.570442931703951
241366,NA,NA,NA,NA,NA,NA,NA,NA,NA,NA,-0.169533338124351,1,1,-0.169533338124351,"-0.305699289095679",0.00485066056720181,0.570442931703951
241367,NA,-0.506739198953106,0.359667184033047,NA,NA,NA,NA,NA,NA,NA,0.537163243583865,3,0.333333333333333,0.130030409554602,"0.219443071392751",0.00485066056720181,0.570442931703951
241368,NA,NA,NA,-0.494974243508849,NA,NA,NA,NA,NA,NA,0.678502559925508,2,0.5,0.0917641582083299,"0.152361424448738",0.00485066056720181,0.570442931703951
241369,NA,-0.226233827089158,1.19564852391193,NA,NA,NA,NA,NA,NA,1.06925697884562,0.113145294558936,4,0.25,0.537954242556832,"0.934543233618856",0.00485066056720181,0.570442931703951
241370,NA,1.04066406121944,-1.00830228122331,NA,NA,NA,NA,NA,NA,-0.486413580886226,0.395823927242222,4,0.25,-0.0145569684119667,"-0.0340220342834237",0.00485066056720181,0.570442931703951
241371,NA,NA,-0.350751741160469,NA,NA,NA,NA,NA,NA,NA,-0.169533338124351,2,0.5,-0.26014253964241,"-0.464539370166372",0.00485066056720181,0.570442931703951
241372,NA,NA,NA,NA,NA,NA,NA,NA,NA,NA,0.254484610900575,1,1,0.254484610900575,"0.437614240547604",0.00485066056720181,0.570442931703951
241373,NA,-0.888966299075408,1.07008610922656,-0.494974243508849,NA,NA,NA,NA,NA,NA,0.254484610900575,4,0.25,-0.0148424556142796,"-0.0345225001257476",0.00485066056720181,0.570442931703951
241374,NA,NA,NA,NA,NA,NA,NA,NA,NA,NA,0.113145294558936,1,1,0.113145294558936,"0.189843063999847",0.00485066056720181,0.570442931703951
241375,NA,NA,NA,NA,NA,NA,NA,NA,NA,NA,NA,0,NA,NA,"NaN",0.00485066056720181,0.570442931703951
241376,NA,0.347106823094296,-0.876131318396605,-0.0052168120678136,NA,NA,0.0450498802965776,NA,NA,NA,0.254484610900575,5,0.2,-0.046941363234594,"-0.0907926471226309",0.00485066056720181,0.570442931703951
241377,NA,0.424168738441535,-0.208667956121766,0.362101261512963,NA,NA,NA,NA,NA,NA,0.113145294558936,4,0.25,0.172686834597917,"0.29422079703815",0.00485066056720181,0.570442931703951
241378,NA,-0.0566976133252332,0.399318472881057,0.729419335093738,-0.198542345061796,-1.52572889003718,0.0450498802965776,NA,NA,0.220709400810067,0.395823927242222,8,0.125,0.00116902098743204,"-0.00645400157518383",0.00485066056720181,0.570442931703951
241379,NA,NA,NA,NA,NA,NA,NA,NA,NA,NA,NA,0,NA,NA,"NaN",0.00485066056720181,0.570442931703951
241380,NA,-2.02640016960065,0.40923129509306,-0.739852959229365,NA,NA,NA,NA,NA,0.362133997149326,-0.452211970807637,5,0.2,-0.489419961479053,"-0.86646813305204",0.00485066056720181,0.570442931703951
241381,NA,NA,1.00069635374255,NA,0.617873227542334,0.415288785555766,NA,NA,NA,NA,0.678502559925508,4,0.25,0.678090231691539,"1.18020494900923",0.00485066056720181,0.570442931703951
250001,0.0998882222496481,-1.59793592027,-0.0335414303763876,1.09673740867451,-0.718079527628061,1.66308586272266,0.0450498802965776,-0.844254958572969,-0.316569627978388,0.644983189827844,-1.44158718519914,11,0.0909090909090909,-0.127474916932155,"-0.231969878396234",0.00485066056720181,0.570442931703951
250002,NA,0.491983223947104,0.700007413311802,NA,NA,NA,NA,NA,0.383666978363526,NA,0.113145294558936,4,0.25,0.422200727545342,"0.731624574138359",0.00485066056720181,0.570442931703951
250004,1.2615467640994,0.405673878758197,0.267147510054357,-0.617413601369107,-0.792299125137527,-0.971152411296336,0.0450498802965776,0.719444299438634,1.90084629210434,0.927832382506361,0.819841876267148,11,0.0909090909090909,0.360592522338367,"0.623623928003702",0.00485066056720181,0.570442931703951
250006,NA,0.538220373155448,0.42244839137573,-0.25009552778833,-1.90559308777952,-0.555220052240705,0.0450498802965776,NA,0.617079180477497,NA,1.24385982529208,8,0.125,0.0194686228485969,"0.0256256348689084",0.00485066056720181,0.570442931703951
250007,NA,-3.35186511357315,-1.78480668783017,0.362101261512963,NA,NA,NA,NA,0.383666978363526,NA,-0.876229919832567,5,0.2,-1.05342669627188,"-1.85518532708949",0.00485066056720181,0.570442931703951
250009,-0.345959598389869,0.92352994989164,0.44888258394107,NA,NA,NA,-0.735719064206513,0.523981892187183,0.500373079420508,-2.04208414061807,-0.0281940217827077,8,0.125,-0.0943986649445951,"-0.173986423524142",0.00485066056720181,0.570442931703951
250017,NA,NA,NA,NA,NA,NA,NA,NA,NA,NA,NA,0,NA,NA,"NaN",0.00485066056720181,0.570442931703951
250018,NA,NA,NA,NA,NA,NA,NA,NA,NA,NA,NA,0,NA,NA,"NaN",0.00485066056720181,0.570442931703951
250019,0.5211939610191,-0.374192704555856,0.290277428549029,1.83137355583607,1.65694759267486,-0.693864171925916,1.60658776930276,0.914906706690084,-0.0831574258644167,-0.769262773564744,-0.876229919832567,11,0.0909090909090909,0.365870910757127,"0.632877068195997",0.00485066056720181,0.570442931703951
250020,NA,0.963602145872204,1.2187784424066,NA,NA,NA,NA,NA,0.150254776249555,NA,0.961181192608791,4,0.25,0.823454139284288,"1.43503132955275",0.00485066056720181,0.570442931703951
250025,NA,-0.334120508575292,0.00610985847162263,1.46405548225529,NA,NA,-0.735719064206513,NA,0.73378528153448,NA,0.678502559925508,6,0.166666666666667,0.302102268234183,"0.521089124163693",0.00485066056720181,0.570442931703951
250027,NA,NA,1.09321602772124,NA,NA,NA,NA,NA,NA,NA,0.113145294558936,2,0.5,0.603180661140086,"1.04888669368842",0.00485066056720181,0.570442931703951
250031,-0.534115559393702,0.177570609330372,-0.380490207796477,-0.862292317089623,NA,NA,0.0450498802965776,-0.941986162198694,0.033548675192569,NA,-1.44158718519914,8,0.125,-0.488037783357265,"-0.864045141995495",0.00485066056720181,0.570442931703951
250034,0.255321407426727,-0.334120508575292,0.00941413254229014,-1.59692846425118,NA,NA,0.0450498802965776,-0.648792551321519,-0.900100133263316,-1.05211196624326,-1.72426581788243,9,0.111111111111111,-0.660726002363488,"-1.16677168904972",0.00485066056720181,0.570442931703951
250036,NA,-3.33953520711759,0.825569827997167,-0.127656169928072,NA,NA,NA,NA,NA,NA,-1.01756923617421,4,0.25,-0.914797696305677,"-1.61216539948322",0.00485066056720181,0.570442931703951
250038,NA,-2.11270951478956,-1.33872968829006,0.239661903652703,NA,NA,0.0450498802965776,NA,-0.199863526921402,NA,-1.15890855251585,6,0.166666666666667,-0.754249916427931,"-1.33072133040136",0.00485066056720181,0.570442931703951
250040,-0.051454615949087,-0.728677515153152,-0.502748348411175,-0.37253488564859,0.395214435013935,-1.10979653098155,-0.735719064206513,0.328519484935734,-1.01680623432031,-0.203564388207709,-1.3002478688575,11,0.0909090909090909,-0.481619593798719,"-0.852793903349459",0.00485066056720181,0.570442931703951
250042,NA,1.47529326377787,-0.099626911789738,NA,NA,NA,NA,NA,NA,NA,-0.452211970807637,3,0.333333333333333,0.307818127060164,"0.531109160364173",0.00485066056720181,0.570442931703951
250043,NA,-1.50237914523943,0.90156813162252,0.239661903652703,NA,NA,NA,NA,-0.0831574258644167,NA,0.678502559925508,5,0.2,0.0468392048193778,"0.0736069147649063",0.00485066056720181,0.570442931703951
250044,NA,1.32116943308339,-0.0831055414364004,0.239661903652703,NA,NA,0.0450498802965776,NA,-0.0831574258644167,NA,0.819841876267148,6,0.166666666666667,0.3765766876665,"0.651644549243389",0.00485066056720181,0.570442931703951
250048,0.304405571166858,-0.87663639261985,-1.10743050334333,0.974298050814256,1.8053867876938,0.553932905240976,1.60658776930276,0.426250688561459,-0.0831574258644167,-0.769262773564744,-0.0281940217827077,11,0.0909090909090909,0.255107332327732,"0.438705885991079",0.00485066056720181,0.570442931703951
250049,NA,0.569045139294343,NA,NA,NA,NA,NA,NA,NA,NA,-0.876229919832567,2,0.5,-0.153592390269112,"-0.277754429111838",0.00485066056720181,0.570442931703951
250050,NA,-1.2157088201477,0.283668880407694,-0.0052168120678136,NA,NA,-0.735719064206513,NA,NA,NA,-0.0281940217827077,5,0.2,-0.340233967559408,"-0.604941544451816",0.00485066056720181,0.570442931703951
250057,NA,0.192982992399819,-0.278057711605784,0.362101261512963,NA,NA,1.60658776930276,NA,-0.900100133263316,NA,-0.452211970807637,6,0.166666666666667,0.0885503679231337,"0.146727573792378",0.00485066056720181,0.570442931703951
250058,NA,-1.13248195157268,-1.26933993280604,0.60697997723348,1.06319081259913,0.692577024926186,0.825818824799667,NA,-2.53398554806111,0.362133997149326,-2.71364103227392,9,0.111111111111111,-0.455416425333996,"-0.806859127040719",0.00485066056720181,0.570442931703951
250061,NA,-1.94933825425341,0.587662094909106,NA,NA,NA,NA,NA,0.26696087730654,NA,-0.593551287149281,4,0.25,-0.422066642296761,"-0.748396165745682",0.00485066056720181,0.570442931703951
250067,NA,1.18554046207225,0.561227902343766,-0.37253488564859,0.395214435013935,-1.24844065066676,0.0450498802965776,NA,NA,NA,0.395823927242222,7,0.142857142857143,0.137411581521915,"0.23238244105987",0.00485066056720181,0.570442931703951
250069,-1.26219732153897,0.39026149568875,0.362971458103715,0.60697997723348,NA,NA,0.0450498802965776,NA,0.500373079420508,0.927832382506361,0.395823927242222,8,0.125,0.245886859869081,"0.422542178902783",0.00485066056720181,0.570442931703951
250072,0.676627146196179,-0.432759760219757,-0.862914222113935,0.362101261512963,NA,NA,NA,NA,NA,NA,-0.452211970807637,5,0.2,-0.141831509086437,"-0.257137325228117",0.00485066056720181,0.570442931703951
250077,NA,0.356354252935965,0.604183465262443,NA,NA,NA,NA,NA,-0.900100133263316,NA,-1.15890855251585,4,0.25,-0.27461774189519,"-0.489914743316394",0.00485066056720181,0.570442931703951
250078,-0.525934865437013,-0.133759528672472,-0.777003096276579,-0.25009552778833,-1.75715389276059,-0.693864171925916,-0.735719064206513,-0.746523754947244,-1.60033673960523,0.220709400810067,-0.0281940217827077,11,0.0909090909090909,-0.638897751144775,"-1.12850624652156",0.00485066056720181,0.570442931703951
250081,NA,NA,NA,NA,NA,NA,NA,NA,NA,NA,NA,0,NA,NA,"NaN",0.00485066056720181,0.570442931703951
250082,-0.562747988242111,-0.802656953886501,-1.09090913298999,-1.10717103281014,0.395214435013935,0.138000546185346,0.825818824799667,NA,-2.41727944700413,NA,-0.0281940217827077,9,0.111111111111111,-0.516658307857404,"-0.914217600815606",0.00485066056720181,0.570442931703951
250084,NA,0.236137664994273,-1.05125784414198,0.362101261512963,NA,NA,-0.735719064206513,NA,0.033548675192569,NA,-0.734890603490924,6,0.166666666666667,-0.315013318356603,"-0.560729147731482",0.00485066056720181,0.570442931703951
250085,NA,0.359436729549854,-0.578746652036528,NA,NA,NA,NA,NA,NA,NA,-0.593551287149281,3,0.333333333333333,-0.270953736545318,"-0.483491654964808",0.00485066056720181,0.570442931703951
250093,NA,-0.260141069841943,-0.44327141513916,-0.739852959229365,NA,NA,0.825818824799667,NA,-0.783394032206331,NA,-0.0281940217827077,6,0.166666666666667,-0.23817244556664,"-0.426025273742836",0.00485066056720181,0.570442931703951
250094,-0.930879216293089,-0.922873541828193,-1.01160655529397,-0.494974243508849,NA,NA,0.0450498802965776,-0.551061347695793,0.033548675192569,0.503558593488585,-1.3002478688575,9,0.111111111111111,-0.514387291611074,"-0.910236455428201",0.00485066056720181,0.570442931703951
250095,NA,1.21020027498337,-1.22308009581669,0.239661903652703,NA,NA,NA,NA,NA,NA,-0.0281940217827077,4,0.25,0.0496470152591669,"0.0785290731154393",0.00485066056720181,0.570442931703951
250096,NA,-0.106017239147466,-1.44116218448075,-0.494974243508849,NA,NA,0.0450498802965776,NA,-0.900100133263316,NA,-0.169533338124351,6,0.166666666666667,-0.511122876371359,"-0.904513858024875",0.00485066056720181,0.570442931703951
250097,-1.42172085369439,-0.241646210158605,-0.449879963280495,-0.25009552778833,-0.421201137590195,-0.139287693185075,-1.5164880087096,NA,-0.900100133263316,NA,-1.15890855251585,9,0.111111111111111,-0.722147564465096,"-1.27444514539028",0.00485066056720181,0.570442931703951
250099,NA,-0.790327047430943,-0.757177451852574,-3.80083690573583,NA,NA,0.0450498802965776,NA,NA,-0.203564388207709,0.254484610900575,6,0.166666666666667,-0.875395217004985,"-1.54309191796423",0.00485066056720181,0.570442931703951
250100,0.525284307997444,0.630694671572134,0.511663791283753,-0.494974243508849,-4.57749859812031,-3.60539068531533,-3.07802589771578,1.11036911394153,-0.316569627978388,NA,-0.169533338124351,10,0.1,-0.946398050596815,"-1.66756157065979",0.00485066056720181,0.570442931703951
250102,-1.24174558664725,-0.306378219050286,-1.19664590325135,-0.0052168120678136,1.50850839765593,0.969865264296607,0.825818824799667,0.0353258740585582,0.26696087730654,1.63495536420266,-1.58292650154078,11,0.0909090909090909,0.0825928708874976,"0.136283940074557",0.00485066056720181,0.570442931703951
250104,-0.403224456086688,0.18990051578593,-1.05786639228332,2.07625227155658,1.5827279951654,0.138000546185346,0.0450498802965776,-0.355598940444343,-0.0831574258644167,1.21068157518488,-1.01756923617421,11,0.0909090909090909,0.211381484847431,"0.362053437428539",0.00485066056720181,0.570442931703951
250117,NA,-1.12323452173101,-2.45557432417568,-0.25009552778833,NA,NA,NA,NA,1.20060968576243,NA,-1.15890855251585,5,0.2,-0.75744064808969,"-1.33631475874349",0.00485066056720181,0.570442931703951
250123,NA,-0.522151582022554,-0.714221888933897,-2.94376140071402,1.73116719018433,-1.8030171294076,-1.5164880087096,NA,-0.549981830092359,NA,-1.72426581788243,8,0.125,-1.00534005844727,"-1.77088830954038",0.00485066056720181,0.570442931703951
250124,NA,-1.50546162185332,-0.383794481867145,-0.127656169928072,NA,NA,NA,NA,NA,NA,0.113145294558936,4,0.25,-0.475941744772399,"-0.842840499230032",0.00485066056720181,0.570442931703951
250127,NA,NA,NA,NA,NA,NA,NA,NA,NA,NA,NA,0,NA,NA,"NaN",0.00485066056720181,0.570442931703951
250134,NA,NA,NA,NA,NA,NA,NA,NA,NA,NA,0.395823927242222,1,1,0.395823927242222,"0.685385417095374",0.00485066056720181,0.570442931703951
250136,NA,NA,NA,NA,NA,NA,0.0450498802965776,NA,NA,NA,NA,1,1,0.0450498802965776,"0.0704701864028678",0.00485066056720181,0.570442931703951
250138,-1.84302659246384,-1.93084339457007,0.0424568732489653,-0.25009552778833,NA,NA,-0.735719064206513,NA,-1.36692453749126,-0.203564388207709,-0.0281940217827077,8,0.125,-0.789488831657684,"-1.3924959852726",0.00485066056720181,0.570442931703951
250141,0.18987585577322,-1.01843031685877,-1.02151937750598,-0.37253488564859,NA,NA,0.0450498802965776,0.328519484935734,-0.316569627978388,NA,-1.01756923617421,8,0.125,-0.39789727789505,"-0.706026696236234",0.00485066056720181,0.570442931703951
250151,NA,NA,NA,NA,NA,NA,NA,NA,NA,NA,0.819841876267148,1,1,0.819841876267148,"1.42869894673866",0.00485066056720181,0.570442931703951
250152,NA,NA,NA,NA,NA,NA,NA,NA,NA,NA,NA,0,NA,NA,"NaN",0.00485066056720181,0.570442931703951
250162,NA,-1.96783311393675,-0.400315852220482,0.484540619373221,NA,NA,0.0450498802965776,NA,NA,NA,-1.58292650154078,5,0.2,-0.684296993605643,"-1.20809219620675",0.00485066056720181,0.570442931703951
250167,0.44347736843056,0.273127384360947,0.349754361821045,NA,NA,NA,NA,NA,0.383666978363526,NA,0.819841876267148,5,0.2,0.453973593848645,"0.787323162967211",0.00485066056720181,0.570442931703951
250168,NA,-0.648533123192024,-0.734047533357902,-0.739852959229365,-1.16339711268486,-0.277931812870285,0.0450498802965776,NA,-0.900100133263316,NA,-0.310872654465994,8,0.125,-0.591210681095896,"-1.04490968076793",0.00485066056720181,0.570442931703951
250172,NA,NA,0.937915146399863,NA,NA,NA,NA,NA,NA,NA,0.395823927242222,2,0.5,0.666869536821042,"1.16053480455327",0.00485066056720181,0.570442931703951
251300,NA,NA,NA,0.362101261512963,NA,NA,NA,NA,NA,NA,0.113145294558936,2,0.5,0.237623278035949,"0.408055923794937",0.00485066056720181,0.570442931703951
251302,NA,NA,1.02052199816655,NA,NA,NA,NA,NA,NA,NA,-0.0281940217827077,2,0.5,0.496163988191922,"0.861283925733175",0.00485066056720181,0.570442931703951
251304,NA,NA,NA,NA,NA,NA,NA,NA,NA,NA,NA,0,NA,NA,"NaN",0.00485066056720181,0.570442931703951
251305,NA,NA,0.756180072513149,NA,NA,NA,NA,NA,NA,NA,-0.452211970807637,2,0.5,0.151984050852756,"0.257928325706582",0.00485066056720181,0.570442931703951
251307,NA,NA,NA,NA,NA,NA,NA,NA,NA,NA,NA,0,NA,NA,"NaN",0.00485066056720181,0.570442931703951
251308,NA,NA,0.554619354202431,NA,NA,NA,NA,NA,NA,NA,0.254484610900575,2,0.5,0.404551982551503,"0.700685905232215",0.00485066056720181,0.570442931703951
251309,NA,NA,NA,NA,NA,NA,NA,NA,NA,NA,-0.452211970807637,1,1,-0.452211970807637,"-0.801241642191206",0.00485066056720181,0.570442931703951
251312,NA,NA,-2.72982907204108,NA,NA,NA,NA,NA,NA,NA,-0.0281940217827077,2,0.5,-1.3790115469119,"-2.42594329873702",0.00485066056720181,0.570442931703951
251313,NA,NA,0.376188554386385,-0.0052168120678136,NA,NA,NA,NA,NA,NA,-0.169533338124351,3,0.333333333333333,0.0671461347314068,"0.109205444930528",0.00485066056720181,0.570442931703951
251315,NA,-0.253976116614164,-0.185538037627093,0.60697997723348,NA,NA,NA,NA,-0.666687931149345,NA,-0.169533338124351,5,0.2,-0.133751089256295,"-0.242972157459264",0.00485066056720181,0.570442931703951
251316,NA,NA,NA,NA,NA,NA,NA,NA,NA,NA,-0.169533338124351,1,1,-0.169533338124351,"-0.305699289095679",0.00485066056720181,0.570442931703951
251317,NA,NA,0.191149206429004,NA,NA,NA,NA,NA,-0.433275729035377,NA,-0.876229919832567,3,0.333333333333333,-0.37278548081298,"-0.662005119867395",0.00485066056720181,0.570442931703951
251318,NA,-1.83836909615339,-0.84308857768993,0.117222545792445,NA,NA,NA,NA,NA,NA,-0.310872654465994,4,0.25,-0.718776945629216,"-1.2685363705619",0.00485066056720181,0.570442931703951
251319,NA,NA,-1.66585282128614,NA,NA,NA,NA,NA,NA,NA,-0.310872654465994,2,0.5,-0.988362737876068,"-1.74112666358487",0.00485066056720181,0.570442931703951
251320,NA,0.713921540147151,-1.31229549572472,NA,NA,NA,NA,NA,0.383666978363526,NA,0.678502559925508,4,0.25,0.115948895677867,"0.194757843311",0.00485066056720181,0.570442931703951
251322,NA,NA,NA,NA,NA,NA,NA,NA,NA,NA,-0.593551287149281,1,1,-0.593551287149281,"-1.04901281873897",0.00485066056720181,0.570442931703951
251323,NA,NA,NA,NA,NA,NA,NA,NA,NA,NA,0.113145294558936,1,1,0.113145294558936,"0.189843063999847",0.00485066056720181,0.570442931703951
251324,NA,NA,NA,NA,NA,NA,NA,NA,NA,NA,0.254484610900575,1,1,0.254484610900575,"0.437614240547604",0.00485066056720181,0.570442931703951
251325,NA,NA,NA,NA,NA,NA,NA,NA,NA,NA,0.254484610900575,1,1,0.254484610900575,"0.437614240547604",0.00485066056720181,0.570442931703951
251326,NA,NA,NA,NA,NA,NA,NA,NA,NA,NA,NA,0,NA,NA,"NaN",0.00485066056720181,0.570442931703951
251327,NA,NA,-0.479618429916503,-1.2296103906704,NA,NA,NA,NA,NA,NA,0.254484610900575,3,0.333333333333333,-0.484914736562109,"-0.858570366831174",0.00485066056720181,0.570442931703951
251330,NA,NA,-3.48320356015328,NA,NA,NA,NA,NA,NA,NA,-0.452211970807637,2,0.5,-1.96770776548046,"-3.45794174389276",0.00485066056720181,0.570442931703951
251331,NA,NA,1.10973739807457,NA,NA,NA,NA,NA,NA,NA,0.678502559925508,2,0.5,0.894119979000041,"1.55891022398425",0.00485066056720181,0.570442931703951
251333,NA,NA,NA,NA,NA,NA,NA,NA,NA,NA,NA,0,NA,NA,"NaN",0.00485066056720181,0.570442931703951
251334,NA,NA,-2.38288029462099,NA,NA,NA,NA,NA,NA,NA,0.395823927242222,2,0.5,-0.993528183689386,"-1.75018181270888",0.00485066056720181,0.570442931703951
251335,NA,NA,NA,NA,NA,NA,NA,NA,NA,NA,0.113145294558936,1,1,0.113145294558936,"0.189843063999847",0.00485066056720181,0.570442931703951
251336,NA,NA,0.217583398994344,0.117222545792445,NA,NA,NA,NA,NA,NA,-0.452211970807637,3,0.333333333333333,-0.0391353420069496,"-0.0771085066174146",0.00485066056720181,0.570442931703951
251337,NA,0.707756586919372,0.402622746951725,NA,NA,NA,NA,NA,1.43402188787639,NA,0.254484610900575,4,0.25,0.699721458162016,"1.21812500247692",0.00485066056720181,0.570442931703951
260001,-0.321417516519804,-0.568388731230897,0.296885976690364,-4.04571562145635,0.395214435013935,-0.971152411296336,0.0450498802965776,-1.33291097670159,0.967197483648454,NA,-0.452211970807637,10,0.1,-0.598744945236329,"-1.05811742464851",0.00485066056720181,0.570442931703951
260005,0.59891055360764,-0.250893640000274,-1.01491082936464,0.60697997723348,NA,NA,0.0450498802965776,NA,-1.95045504277619,NA,-0.169533338124351,7,0.142857142857143,-0.304978919875394,"-0.543138609005311",0.00485066056720181,0.570442931703951
260006,-0.108719473645906,0.0388591617053425,0.366275732174382,1.70893419797581,-3.01888705042152,2.35630646114871,-0.735719064206513,0.523981892187183,1.90084629210434,NA,-0.734890603490924,10,0.1,0.22969875455309,"0.394164046023416",0.00485066056720181,0.570442931703951
260009,NA,-0.377275181169745,0.789222813219824,-0.739852959229365,-0.272761942571262,0.553932905240976,0.0450498802965776,NA,-1.36692453749126,NA,0.537163243583865,8,0.125,-0.103930722265048,"-0.190696346271332",0.00485066056720181,0.570442931703951
260011,-0.49321208961026,-1.30818311856439,0.273756058195692,-1.10717103281014,NA,NA,0.0450498802965776,NA,-1.60033673960523,0.927832382506361,0.395823927242222,8,0.125,-0.358305091543646,"-0.636620653754228",0.00485066056720181,0.570442931703951
260017,0.320766959080235,-0.645450646578135,-0.985172362728633,0.117222545792445,-0.643859930118594,-0.555220052240705,0.825818824799667,NA,-0.666687931149345,-0.344988984546967,-1.72426581788243,10,0.1,-0.430183739557246,"-0.762625629920545",0.00485066056720181,0.570442931703951
260020,0.0303523236177968,0.041941638319232,-1.37177242899673,1.95381291369632,-0.792299125137527,1.24715350366703,0.825818824799667,-2.79887903108747,-0.433275729035377,-1.19353656258252,-0.169533338124351,11,0.0909090909090909,-0.241837910078539,"-0.432450920040093",0.00485066056720181,0.570442931703951
260022,NA,0.0881787875275751,-0.45648851142183,-2.45400396927299,NA,NA,0.825818824799667,NA,-0.549981830092359,NA,0.537163243583865,6,0.166666666666667,-0.334885575812678,"-0.595565686763907",0.00485066056720181,0.570442931703951
260023,-1.23356489269056,-0.0690275197807914,0.944523694541198,-1.2296103906704,0.246775239995002,0.415288785555766,0.825818824799667,NA,0.26696087730654,0.0792848044708086,0.113145294558936,10,0.1,0.0359594718086168,"0.0545344845425483",0.00485066056720181,0.570442931703951
260024,NA,-0.0566976133252332,0.210974850853009,-0.0052168120678136,NA,NA,NA,NA,0.26696087730654,NA,-1.01756923617421,5,0.2,-0.120309586681542,"-0.219408884381969",0.00485066056720181,0.570442931703951
260025,1.18383017151086,-0.895131252303188,-0.823262933265925,1.46405548225529,-0.0501031500428634,0.138000546185346,0.0450498802965776,NA,-2.76739775017508,-1.33496115892178,-2.43096239959064,10,0.1,-0.547088256405141,"-0.96756202294183",0.00485066056720181,0.570442931703951
260027,-0.513663824501981,-0.580718637686455,-1.48081347332876,-0.617413601369107,0.469434032523402,0.831221144611397,-0.735719064206513,-0.941986162198694,0.150254776249555,NA,-1.3002478688575,10,0.1,-0.471965267876465,"-0.835869640840998",0.00485066056720181,0.570442931703951
260032,-1.30310079132241,-0.790327047430943,0.429056939517065,0.60697997723348,-1.31183630770379,0.831221144611397,0.825818824799667,0.426250688561459,-0.199863526921402,1.35210617152414,-0.452211970807637,11,0.0909090909090909,0.0376449183691837,"0.0574891123710189",0.00485066056720181,0.570442931703951
260034,NA,-0.127594575444693,0.772701442866487,-0.984731674949884,0.395214435013935,-0.139287693185075,NA,NA,NA,NA,-0.0281940217827077,6,0.166666666666667,-0.0186486812469895,"-0.0411949040090606",0.00485066056720181,0.570442931703951
260040,-1.64259959052498,-0.235481256930826,0.452186858011738,0.484540619373221,-0.12432274755233,0.415288785555766,0.0450498802965776,1.89221874294734,0.967197483648454,0.362133997149326,1.10252050895044,11,0.0909090909090909,0.338066661902248,"0.584135559958132",0.00485066056720181,0.570442931703951
260048,NA,1.15163321931947,-2.33331618356098,-1.2296103906704,0.246775239995002,0.692577024926186,-0.735719064206513,NA,NA,NA,-1.01756923617421,7,0.142857142857143,-0.46074705576735,"-0.816203848724676",0.00485066056720181,0.570442931703951
260052,-0.0759966978191522,0.427251215055424,1.00400062781321,-0.0052168120678136,NA,NA,-0.735719064206513,NA,0.617079180477497,-0.910687369904002,0.254484610900575,8,0.125,0.0718994612811535,"0.117538139202939",0.00485066056720181,0.570442931703951
260057,NA,2.2027577446558,1.04365191666122,0.729419335093738,0.469434032523402,-0.277931812870285,0.0450498802965776,NA,0.26696087730654,0.786407786167103,1.38519914163372,9,0.111111111111111,0.738994322385313,"1.28697126568853",0.00485066056720181,0.570442931703951
260059,NA,1.69106662675013,0.604183465262443,-0.739852959229365,0.766312422561267,-0.277931812870285,0.0450498802965776,NA,NA,NA,0.395823927242222,7,0.142857142857143,0.354950221430428,"0.61373284057961",0.00485066056720181,0.570442931703951
260061,NA,NA,0.458795406153073,0.117222545792445,NA,NA,NA,NA,NA,NA,0.395823927242222,3,0.333333333333333,0.32394729306258,"0.559383971227788",0.00485066056720181,0.570442931703951
260062,1.06111976216053,0.328611963410959,1.25512545718394,0.484540619373221,NA,NA,0.825818824799667,NA,0.73378528153448,NA,1.80921709065865,7,0.142857142857143,0.928316999874494,"1.61885841331899",0.00485066056720181,0.570442931703951
260065,0.300315224188514,0.260797477905389,0.230800495277014,1.83137355583607,-1.16339711268486,1.24715350366703,1.60658776930276,-0.648792551321519,-1.13351233537729,0.0792848044708086,0.961181192608791,11,0.0909090909090909,0.324708365806609,"0.560718149813815",0.00485066056720181,0.570442931703951
260068,-0.562747988242111,0.689261727236035,1.05026046480256,-0.25009552778833,0.0983360449760701,0.553932905240976,0.825818824799667,-0.355598940444343,2.13425849421831,-0.0621397918684502,1.95055640700029,11,0.0909090909090909,0.551985692720971,"0.959140698824053",0.00485066056720181,0.570442931703951
260070,NA,NA,-2.44235722789301,NA,NA,NA,0.825818824799667,NA,-0.316569627978388,NA,-0.734890603490924,4,0.25,-0.666999658640663,"-1.17776955742269",0.00485066056720181,0.570442931703951
260074,NA,0.535137896541558,-0.00380296374037992,-0.739852959229365,NA,NA,-0.735719064206513,NA,-0.433275729035377,NA,-0.310872654465994,6,0.166666666666667,-0.281397579022678,"-0.50179995873529",0.00485066056720181,0.570442931703951
260077,0.333038000015267,0.0111168721803366,-0.568833829824526,1.83137355583607,NA,NA,0.825818824799667,1.59902513207016,-2.6506916491181,-1.6178103516003,-1.15890855251585,9,0.111111111111111,-0.155096888684142,"-0.280391850545978",0.00485066056720181,0.570442931703951
260078,-0.116900167602594,0.744746306286047,1.12956304249858,-1.35204974853066,1.50850839765593,0.692577024926186,0.0450498802965776,NA,0.26696087730654,0.644983189827844,0.113145294558936,10,0.1,0.367658409722339,"0.636010596312249",0.00485066056720181,0.570442931703951
260081,0.566187777780886,0.0604364980025692,0.597574917121109,-0.127656169928072,NA,NA,0.825818824799667,NA,0.850491382591465,-0.203564388207709,0.395823927242222,8,0.125,0.370639096175267,"0.641235810417409",0.00485066056720181,0.570442931703951
260085,0.320766959080235,0.220725281924825,-0.0798012673657328,0.362101261512963,NA,NA,0.0450498802965776,0.719444299438634,0.150254776249555,-1.19353656258252,0.113145294558936,9,0.111111111111111,0.0731277692348301,"0.119691392202337",0.00485066056720181,0.570442931703951
260091,-0.591380417090521,-0.842729149867065,-0.373881659655142,1.34161612439503,0.543653630032868,0.138000546185346,0.0450498802965776,NA,-1.25021843643427,NA,-1.86560513422407,9,0.111111111111111,-0.317277179595694,"-0.564697750221357",0.00485066056720181,0.570442931703951
260094,0.0671654464228946,0.766323642583273,1.01060917595455,0.362101261512963,0.246775239995002,0.138000546185346,0.825818824799667,NA,0.150254776249555,NA,1.80921709065865,9,0.111111111111111,0.597362889373545,"1.03868800168401",0.00485066056720181,0.570442931703951
260095,0.320766959080235,0.698509157077703,-0.512661170623178,-0.0052168120678136,-0.643859930118594,0.138000546185346,0.0450498802965776,0.523981892187183,-1.25021843643427,1.35210617152414,-0.452211970807637,11,0.0909090909090909,0.0194769351181533,"0.0256402064747508",0.00485066056720181,0.570442931703951
260096,0.5211939610191,1.13313835963613,0.458795406153073,-0.25009552778833,-0.12432274755233,0.276644665870556,0.0450498802965776,1.30583152119298,-1.01680623432031,-0.0621397918684502,-0.593551287149281,11,0.0909090909090909,0.153976200499066,"0.261420611324635",0.00485066056720181,0.570442931703951
260097,NA,-1.71198755498391,0.0854124361676431,1.21917676653477,0.320994837504468,-0.000643573499865181,0.0450498802965776,NA,-0.199863526921402,-0.0621397918684502,0.537163243583865,9,0.111111111111111,0.0259069685348549,"0.0369122076852746",0.00485066056720181,0.570442931703951
260102,NA,NA,NA,0.484540619373221,NA,NA,0.0450498802965776,NA,NA,-0.344988984546967,0.819841876267148,4,0.25,0.251110847847495,"0.431699953831837",0.00485066056720181,0.570442931703951
260104,0.075346140379583,0.760158689355494,0.362971458103715,-2.45400396927299,-0.421201137590195,-0.139287693185075,0.0450498802965776,0.523981892187183,0.500373079420508,0.220709400810067,-0.169533338124351,11,0.0909090909090909,-0.0632214179654072,"-0.119331969508805",0.00485066056720181,0.570442931703951
260105,-0.722271520397535,-0.710182655469815,-3.3279026788319,-1.59692846425118,-1.23761671019433,0.276644665870556,0.825818824799667,-0.355598940444343,0.033548675192569,NA,-0.876229919832567,10,0.1,-0.769071872355887,"-1.35670457097493",0.00485066056720181,0.570442931703951
260108,0.406664245625463,0.476570840877657,-0.45648851142183,-0.25009552778833,-2.35091067283632,0.276644665870556,1.60658776930276,-0.746523754947244,-1.71704284066222,-0.0621397918684502,0.254484610900575,11,0.0909090909090909,-0.232931724267944,"-0.416838164906127",0.00485066056720181,0.570442931703951
260110,0.778885820654784,-1.64417306947834,-0.671266326015219,-2.20912525355247,1.360069202637,0.138000546185346,0.0450498802965776,1.11036911394153,0.150254776249555,0.0792848044708086,-0.169533338124351,11,0.0909090909090909,-0.093834894794071,"-0.172998121067944",0.00485066056720181,0.570442931703951
260113,NA,0.103591170597023,0.158106465722328,0.60697997723348,-0.0501031500428634,-0.416575932555496,0.825818824799667,NA,0.73378528153448,NA,-0.452211970807637,8,0.125,0.188673833310123,"0.322246385267373",0.00485066056720181,0.570442931703951
260119,-0.726361867375879,-0.106017239147466,0.234104769347681,1.46405548225529,-0.643859930118594,1.38579762335224,-0.735719064206513,NA,-0.549981830092359,NA,-1.15890855251585,9,0.111111111111111,-0.0929878453890507,"-0.171513223354355",0.00485066056720181,0.570442931703951
260137,1.03248733331212,-0.472831956200321,0.386101376598387,-1.35204974853066,0.469434032523402,-1.24844065066676,0.0450498802965776,0.133057077684283,0.617079180477497,1.35210617152414,0.678502559925508,11,0.0909090909090909,0.149135932449471,"0.252935506539243",0.00485066056720181,0.570442931703951
260138,-0.0473642689707429,0.411838831985976,-0.261536341252446,-0.617413601369107,0.320994837504468,-0.416575932555496,0.0450498802965776,0.621713095812908,0.383666978363526,-0.344988984546967,0.678502559925508,11,0.0909090909090909,0.0703533686540188,"0.114827802127649",0.00485066056720181,0.570442931703951
260141,-0.325507863498148,-0.654698076419803,0.237409043418349,-0.37253488564859,-0.643859930118594,-0.139287693185075,1.60658776930276,-0.257867736818618,-0.900100133263316,-0.486413580886226,-0.310872654465994,11,0.0909090909090909,-0.204285976507569,"-0.366621489112094",0.00485066056720181,0.570442931703951
260142,NA,-0.768749711133716,0.263843235983689,-0.984731674949884,-1.16339711268486,-0.277931812870285,0.0450498802965776,NA,-0.549981830092359,NA,-0.876229919832567,8,0.125,-0.539016118160425,"-0.953411372988813",0.00485066056720181,0.570442931703951
260160,NA,NA,0.706615961453137,-0.494974243508849,0.246775239995002,-0.555220052240705,NA,NA,-0.0831574258644167,NA,0.395823927242222,6,0.166666666666667,0.0359772345127317,"0.0545656229844987",0.00485066056720181,0.570442931703951
260162,NA,-2.05414245912565,0.168019287934331,-1.35204974853066,NA,NA,0.825818824799667,NA,NA,0.503558593488585,-0.593551287149281,6,0.166666666666667,-0.417057798097168,"-0.739615542967816",0.00485066056720181,0.570442931703951
260163,NA,0.504313130402663,0.828874102067835,1.21917676653477,-2.27669107532685,0.138000546185346,0.825818824799667,NA,0.150254776249555,NA,-0.452211970807637,8,0.125,0.117191887513168,"0.196936837503439",0.00485066056720181,0.570442931703951
260175,NA,0.430333691669314,-0.0831055414364004,-0.494974243508849,-0.346981540080729,-1.52572889003718,0.0450498802965776,NA,0.967197483648454,0.0792848044708086,0.537163243583865,9,0.111111111111111,-0.0435290123771262,"-0.0848107150698051",0.00485066056720181,0.570442931703951
260176,NA,-1.16330671771158,0.425752665446398,-0.0052168120678136,NA,NA,-0.735719064206513,NA,NA,-0.627838177225485,-0.876229919832567,6,0.166666666666667,-0.49709300426626,"-0.879919159194633",0.00485066056720181,0.570442931703951
260177,-1.33991391412751,-0.750254851450379,0.0292397769662953,-2.33156461141273,NA,NA,-2.29725695321269,0.817175503064359,-1.8337489417192,-1.33496115892178,-2.57230171593229,9,0.111111111111111,-1.29039854074955,"-2.27060259550899",0.00485066056720181,0.570442931703951
260179,0.566187777780886,-0.303295742436396,-0.40362012629115,-0.127656169928072,-2.05403228279846,1.24715350366703,0.825818824799667,1.59902513207016,0.033548675192569,-2.74920712231437,0.395823927242222,11,0.0909090909090909,-0.0882048730014461,"-0.16312855922447",0.00485066056720181,0.570442931703951
260180,-0.652735621765683,-0.41118242392253,0.0193269547542927,0.974298050814256,NA,NA,0.0450498802965776,0.0353258740585582,-0.666687931149345,-0.344988984546967,0.395823927242222,9,0.111111111111111,-0.0673078082465132,"-0.126495508671083",0.00485066056720181,0.570442931703951
260183,-0.16189398436438,1.99931428813909,0.961045064894536,1.58649484011555,-0.718079527628061,-0.832508291611126,0.0450498802965776,-0.355598940444343,0.033548675192569,0.786407786167103,1.52653845797536,11,0.0909090909090909,0.442756204430261,"0.76765881304727",0.00485066056720181,0.570442931703951
260186,-0.386863068173311,0.239220141608162,0.46209968022374,-1.96424653783195,-0.346981540080729,-0.555220052240705,0.0450498802965776,0.426250688561459,0.500373079420508,NA,-1.3002478688575,10,0.1,-0.288056559707375,"-0.513473309941177",0.00485066056720181,0.570442931703951
260190,NA,0.51972551347211,-1.01491082936464,1.09673740867451,0.172555642485536,-0.416575932555496,0.0450498802965776,NA,0.617079180477497,-0.0621397918684502,-1.72426581788243,9,0.111111111111111,-0.0851938606960863,"-0.157850183180146",0.00485066056720181,0.570442931703951
260191,-0.300965781628083,-0.383440134397524,-0.321013274524462,-0.862292317089623,0.617873227542334,0.415288785555766,0.825818824799667,NA,0.850491382591465,-0.627838177225485,-0.452211970807637,10,0.1,-0.0238289435183581,"-0.0502760267357368",0.00485066056720181,0.570442931703951
260193,-0.345959598389869,-0.448172143289205,-0.0963226377190704,NA,NA,NA,NA,NA,0.150254776249555,0.644983189827844,-2.85498034861557,6,0.166666666666667,-0.49169946032272,"-0.870464148633928",0.00485066056720181,0.570442931703951
260195,-1.39308842484598,2.10103601639744,0.478621050577078,1.46405548225529,NA,NA,-0.735719064206513,NA,0.850491382591465,NA,0.537163243583865,7,0.142857142857143,0.471794240907521,"0.81856318027384",0.00485066056720181,0.570442931703951
260200,-1.22538419873387,0.464240934422099,0.495142420930415,1.58649484011555,NA,NA,0.0450498802965776,NA,0.500373079420508,NA,0.961181192608791,7,0.142857142857143,0.403871164151439,"0.699492414416173",0.00485066056720181,0.570442931703951
260214,NA,-0.183079154494704,-1.5072476658941,0.117222545792445,0.172555642485536,-0.000643573499865181,-1.5164880087096,NA,-1.25021843643427,-0.910687369904002,-1.72426581788243,9,0.111111111111111,-0.755872426504555,"-1.33356562907954",0.00485066056720181,0.570442931703951
260216,0.222598631599974,0.843385557930512,-0.720830437075231,0.117222545792445,NA,NA,0.825818824799667,NA,0.850491382591465,-1.33496115892178,0.961181192608791,8,0.125,0.220613317415731,"0.378237059058706",0.00485066056720181,0.570442931703951
260219,NA,-0.102934762533576,1.09321602772124,0.117222545792445,NA,NA,0.825818824799667,NA,0.617079180477497,0.220709400810067,1.80921709065865,7,0.142857142857143,0.654332615389427,"1.13855728369213",0.00485066056720181,0.570442931703951
261301,NA,NA,NA,NA,NA,NA,NA,NA,NA,NA,NA,0,NA,NA,"NaN",0.00485066056720181,0.570442931703951
261302,NA,NA,0.204366302711674,-0.494974243508849,NA,NA,NA,NA,NA,NA,0.819841876267148,3,0.333333333333333,0.176411311823324,"0.300749894022982",0.00485066056720181,0.570442931703951
261303,NA,1.5246128896001,-1.28255702908871,NA,NA,NA,NA,NA,0.500373079420508,NA,0.113145294558936,4,0.25,0.213893558622708,"0.366457162386221",0.00485066056720181,0.570442931703951
261305,NA,NA,NA,NA,NA,NA,NA,NA,NA,NA,-0.169533338124351,1,1,-0.169533338124351,"-0.305699289095679",0.00485066056720181,0.570442931703951
261306,NA,NA,NA,NA,NA,NA,NA,NA,NA,NA,0.254484610900575,1,1,0.254484610900575,"0.437614240547604",0.00485066056720181,0.570442931703951
261307,NA,NA,0.39601419881039,-0.37253488564859,NA,NA,NA,NA,0.73378528153448,NA,0.395823927242222,4,0.25,0.288272130484625,"0.496844564399851",0.00485066056720181,0.570442931703951
261308,NA,NA,-0.317709000453794,NA,NA,NA,NA,NA,NA,NA,-0.734890603490924,2,0.5,-0.526299801972359,"-0.93111936886128",0.00485066056720181,0.570442931703951
261309,NA,0.744746306286047,2.04154268600281,NA,NA,NA,NA,NA,NA,NA,1.10252050895044,3,0.333333333333333,1.29626983374643,"2.26388846526975",0.00485066056720181,0.570442931703951
261310,NA,NA,0.842091198350505,NA,NA,NA,NA,NA,0.500373079420508,NA,-0.876229919832567,3,0.333333333333333,0.155411452646149,"0.263936642407352",0.00485066056720181,0.570442931703951
261311,NA,0.408756355372087,-0.142582474708416,-0.37253488564859,NA,NA,0.0450498802965776,NA,0.500373079420508,-0.627838177225485,-0.310872654465994,7,0.142857142857143,-0.0713784109941875,"-0.133631371912503",0.00485066056720181,0.570442931703951
261312,NA,NA,0.141585095368991,NA,NA,NA,NA,NA,-0.433275729035377,NA,-0.734890603490924,3,0.333333333333333,-0.342193745719103,"-0.608377082085425",0.00485066056720181,0.570442931703951
261313,NA,NA,1.54259730133202,0.239661903652703,NA,NA,NA,NA,NA,NA,0.395823927242222,3,0.333333333333333,0.726027710742315,"1.26424048768719",0.00485066056720181,0.570442931703951
261314,NA,NA,-0.185538037627093,-0.494974243508849,NA,NA,NA,NA,NA,NA,-0.452211970807637,3,0.333333333333333,-0.37757475064786,"-0.670400823571837",0.00485066056720181,0.570442931703951
261316,NA,NA,0.442274035799735,0.362101261512963,NA,NA,NA,NA,NA,NA,-0.0281940217827077,3,0.333333333333333,0.25872709184333,"0.44505141034491",0.00485066056720181,0.570442931703951
261317,NA,NA,-0.932303977597953,0.484540619373221,NA,NA,NA,NA,NA,NA,-0.452211970807637,3,0.333333333333333,-0.299991776344123,"-0.534396028014126",0.00485066056720181,0.570442931703951
261318,NA,-1.26502844596993,0.994087805601211,-0.0052168120678136,NA,NA,0.0450498802965776,NA,0.26696087730654,NA,0.254484610900575,6,0.166666666666667,0.0483896526778597,"0.0763248866641296",0.00485066056720181,0.570442931703951
261319,NA,0.932777379733308,1.66155116787605,-0.37253488564859,NA,NA,0.0450498802965776,NA,NA,NA,1.10252050895044,5,0.2,0.673872810241557,"1.1728117090976",0.00485066056720181,0.570442931703951
261320,NA,-5.38629967874024,-0.109539734001741,0.484540619373221,NA,NA,NA,NA,NA,NA,-1.72426581788243,4,0.25,-1.6838911528128,"-2.96040448487216",0.00485066056720181,0.570442931703951
261321,NA,1.54002527266955,1.16260578320525,NA,NA,NA,NA,NA,-0.199863526921402,NA,0.113145294558936,4,0.25,0.653978205878084,"1.13793599540605",0.00485066056720181,0.570442931703951
261322,NA,NA,0.128367999086321,NA,NA,NA,NA,NA,NA,NA,-0.452211970807637,2,0.5,-0.161921985860658,"-0.292356407905168",0.00485066056720181,0.570442931703951
261323,NA,NA,1.55911867168536,NA,NA,NA,NA,NA,NA,NA,0.113145294558936,2,0.5,0.836131983122146,"1.45725589073714",0.00485066056720181,0.570442931703951
261324,NA,NA,0.46209968022374,-1.84180717997169,-1.08917751517539,0.138000546185346,0.0450498802965776,NA,0.150254776249555,NA,0.678502559925508,7,0.142857142857143,-0.208153893180909,"-0.373402038854004",0.00485066056720181,0.570442931703951
261325,NA,1.75271615902793,0.115150902803651,0.362101261512963,NA,NA,NA,NA,NA,NA,0.254484610900575,4,0.25,0.621113233561279,"1.08032291881198",0.00485066056720181,0.570442931703951
261327,NA,NA,NA,-0.494974243508849,NA,NA,NA,NA,NA,NA,-0.452211970807637,2,0.5,-0.473593107158243,"-0.838723281742315",0.00485066056720181,0.570442931703951
261328,NA,NA,0.432361213587733,NA,NA,NA,NA,NA,NA,NA,0.395823927242222,2,0.5,0.414092570414977,"0.717410782223812",0.00485066056720181,0.570442931703951
261329,NA,-1.45614199603108,-0.476314155845835,-0.984731674949884,NA,NA,NA,NA,NA,NA,-0.169533338124351,4,0.25,-0.771680291237788,"-1.36127719119149",0.00485066056720181,0.570442931703951
261330,NA,0.72008649337493,1.0965203017919,0.117222545792445,-0.0501031500428634,-0.555220052240705,0.0450498802965776,NA,NA,NA,0.678502559925508,7,0.142857142857143,0.293151225556828,"0.505397733877521",0.00485066056720181,0.570442931703951
261331,NA,-0.660863029647583,-0.0203243340937175,0.117222545792445,NA,NA,NA,NA,NA,NA,0.678502559925508,4,0.25,0.0286344354941632,"0.0416935220073947",0.00485066056720181,0.570442931703951
261332,NA,NA,0.0688910658143055,-0.739852959229365,NA,NA,0.0450498802965776,NA,NA,NA,0.113145294558936,4,0.25,-0.128191679639887,"-0.233226380436834",0.00485066056720181,0.570442931703951
261333,NA,NA,0.184540658287669,0.484540619373221,NA,NA,NA,NA,NA,NA,-0.310872654465994,3,0.333333333333333,0.119402874398299,"0.20081274999573",0.00485066056720181,0.570442931703951
261335,NA,NA,NA,NA,NA,NA,NA,NA,NA,NA,0.395823927242222,1,1,0.395823927242222,"0.685385417095374",0.00485066056720181,0.570442931703951
261336,NA,NA,-0.763785999993909,NA,NA,NA,NA,NA,NA,NA,-0.169533338124351,2,0.5,-0.46665966905913,"-0.826568800174103",0.00485066056720181,0.570442931703951
261337,NA,-0.14300695851414,-3.12964623459185,0.60697997723348,NA,NA,NA,NA,NA,NA,-2.14828376690736,4,0.25,-1.20348924569497,"-2.11824853829423",0.00485066056720181,0.570442931703951
261338,NA,0.569045139294343,1.37738359779864,-0.984731674949884,NA,NA,0.0450498802965776,NA,NA,-1.05211196624326,-0.169533338124351,6,0.166666666666667,-0.035816393654655,"-0.0712903113732722",0.00485066056720181,0.570442931703951
261340,NA,NA,NA,-0.984731674949884,-0.198542345061796,-0.416575932555496,-0.735719064206513,NA,NA,NA,NA,4,0.25,-0.583892254193422,"-1.03208030468887",0.00485066056720181,0.570442931703951
270003,1.60104556330197,0.837220604702733,0.399318472881057,0.117222545792445,-0.272761942571262,0.831221144611397,0.0450498802965776,NA,0.26696087730654,-0.344988984546967,0.961181192608791,10,0.1,0.444146935438328,"0.770096797516483",0.00485066056720181,0.570442931703951
270004,-0.145532596451003,0.0172818254081157,1.30799384231463,3.42308520801943,1.06319081259913,-1.52572889003718,0.825818824799667,-1.03971736582442,-0.199863526921402,1.35210617152414,1.10252050895044,11,0.0909090909090909,0.561923164943777,"0.976561323518485",0.00485066056720181,0.570442931703951
270012,1.06521010913888,0.498148177174884,0.514968065354421,0.851858692953996,0.840532020070734,0.415288785555766,0.0450498802965776,-0.257867736818618,0.617079180477497,0.786407786167103,1.38519914163372,11,0.0909090909090909,0.614715827454996,"1.06910811405111",0.00485066056720181,0.570442931703951
270014,0.349399387928644,-0.469749479586431,0.891655309410518,-0.862292317089623,0.840532020070734,-3.32810244594491,-0.735719064206513,-0.355598940444343,0.73378528153448,-0.0621397918684502,-0.0281940217827077,11,0.0909090909090909,-0.275129460179873,"-0.490811797616206",0.00485066056720181,0.570442931703951
270017,-0.714090826440846,-0.47591443281421,-1.24951428838203,-0.25009552778833,0.395214435013935,0.276644665870556,0.825818824799667,NA,NA,-0.910687369904002,0.254484610900575,9,0.111111111111111,-0.20534887874941,"-0.368484781972374",0.00485066056720181,0.570442931703951
270023,0.868873454178356,-0.512904152180885,-0.334230370807132,-0.127656169928072,1.50850839765593,-0.693864171925916,0.0450498802965776,NA,0.26696087730654,NA,-0.310872654465994,9,0.111111111111111,0.0788738989032673,"0.129764493908187",0.00485066056720181,0.570442931703951
270049,-0.108719473645906,1.50611802991676,0.571140724555768,1.21917676653477,-0.792299125137527,0.553932905240976,-0.735719064206513,0.523981892187183,0.500373079420508,0.0792848044708086,2.37457435602522,11,0.0909090909090909,0.517440445032914,"0.898582059619133",0.00485066056720181,0.570442931703951
270051,0.455748409365593,0.31936453356929,1.69128963451206,1.46405548225529,1.06319081259913,-1.66437300972239,0.825818824799667,0.328519484935734,0.967197483648454,NA,0.254484610900575,10,0.1,0.570529626686341,"0.991648655246579",0.00485066056720181,0.570442931703951
270057,1.68285250286885,0.143663366577587,0.80904845764383,1.58649484011555,1.21163000761807,-0.693864171925916,-2.29725695321269,NA,0.033548675192569,0.927832382506361,0.819841876267148,10,0.1,0.422379098365135,"0.731937262419482",0.00485066056720181,0.570442931703951
270074,NA,NA,NA,NA,NA,NA,NA,NA,NA,NA,-0.0281940217827077,1,1,-0.0281940217827077,"-0.0579281125479159",0.00485066056720181,0.570442931703951
270086,NA,-0.158419341583588,-0.188842311697761,1.46405548225529,1.8053867876938,-0.693864171925916,0.0450498802965776,-0.844254958572969,0.617079180477497,0.503558593488585,-0.0281940217827077,10,0.1,0.25215551186488,"0.433531274651721",0.00485066056720181,0.570442931703951
271300,NA,NA,NA,NA,NA,NA,NA,NA,NA,NA,NA,0,NA,NA,"NaN",0.00485066056720181,0.570442931703951
271301,NA,NA,NA,NA,NA,NA,NA,NA,NA,NA,-0.310872654465994,1,1,-0.310872654465994,"-0.553470465643442",0.00485066056720181,0.570442931703951
271302,NA,NA,NA,NA,NA,NA,NA,NA,NA,NA,0.537163243583865,1,1,0.537163243583865,"0.933156593643137",0.00485066056720181,0.570442931703951
271303,NA,NA,NA,NA,NA,NA,NA,NA,NA,NA,NA,0,NA,NA,"NaN",0.00485066056720181,0.570442931703951
271304,NA,NA,NA,NA,NA,NA,NA,NA,NA,NA,NA,0,NA,NA,"NaN",0.00485066056720181,0.570442931703951
271305,NA,NA,NA,NA,NA,NA,NA,NA,NA,NA,NA,0,NA,NA,"NaN",0.00485066056720181,0.570442931703951
271306,NA,NA,NA,NA,NA,NA,NA,NA,NA,NA,NA,0,NA,NA,"NaN",0.00485066056720181,0.570442931703951
271307,NA,NA,NA,NA,NA,NA,NA,NA,NA,NA,NA,0,NA,NA,"NaN",0.00485066056720181,0.570442931703951
271308,NA,NA,NA,NA,NA,NA,NA,NA,NA,NA,NA,0,NA,NA,"NaN",0.00485066056720181,0.570442931703951
271309,NA,NA,NA,NA,NA,NA,NA,NA,NA,NA,NA,0,NA,NA,"NaN",0.00485066056720181,0.570442931703951
271310,NA,NA,NA,NA,NA,NA,NA,NA,NA,NA,NA,0,NA,NA,"NaN",0.00485066056720181,0.570442931703951
271311,NA,NA,NA,NA,NA,NA,NA,NA,NA,NA,NA,0,NA,NA,"NaN",0.00485066056720181,0.570442931703951
271312,NA,NA,-0.45648851142183,NA,NA,NA,NA,NA,NA,NA,-0.452211970807637,2,0.5,-0.454350241114734,"-0.804990080796114",0.00485066056720181,0.570442931703951
271313,NA,NA,NA,NA,NA,NA,NA,NA,NA,NA,-0.310872654465994,1,1,-0.310872654465994,"-0.553470465643442",0.00485066056720181,0.570442931703951
271314,NA,NA,1.55911867168536,NA,NA,NA,NA,NA,NA,NA,-0.452211970807637,2,0.5,0.55345335043886,"0.96171353764161",0.00485066056720181,0.570442931703951
271316,NA,NA,1.02382627223722,0.362101261512963,1.06319081259913,-0.555220052240705,0.0450498802965776,NA,NA,NA,-0.876229919832567,6,0.166666666666667,0.177119709095437,"0.301991731256369",0.00485066056720181,0.570442931703951
271317,NA,-0.565306254617007,1.55581439761469,NA,0.469434032523402,-0.139287693185075,0.0450498802965776,NA,-1.01680623432031,NA,-1.01756923617421,7,0.142857142857143,-0.0955244439802755,"-0.175959940896542",0.00485066056720181,0.570442931703951
271318,NA,0.0296117318636738,-0.0798012673657328,NA,NA,NA,NA,NA,NA,0.0792848044708086,-0.452211970807637,4,0.25,-0.105779175459722,"-0.193936728598714",0.00485066056720181,0.570442931703951
271319,NA,NA,NA,NA,NA,NA,NA,NA,NA,NA,NA,0,NA,NA,"NaN",0.00485066056720181,0.570442931703951
271320,NA,NA,-1.89054345809153,NA,NA,NA,NA,NA,0.150254776249555,NA,-0.310872654465994,3,0.333333333333333,-0.683720445435991,"-1.20708149357971",0.00485066056720181,0.570442931703951
271321,NA,NA,NA,NA,NA,NA,NA,NA,NA,NA,NA,0,NA,NA,"NaN",0.00485066056720181,0.570442931703951
271322,NA,NA,NA,NA,NA,NA,NA,NA,NA,NA,0.113145294558936,1,1,0.113145294558936,"0.189843063999847",0.00485066056720181,0.570442931703951
271323,NA,NA,-0.45648851142183,NA,NA,NA,NA,NA,NA,NA,0.395823927242222,2,0.5,-0.030332292089804,"-0.0616765511528244",0.00485066056720181,0.570442931703951
271324,NA,NA,NA,-0.617413601369107,NA,NA,NA,NA,NA,NA,NA,1,1,-0.617413601369107,"-1.09084402199106",0.00485066056720181,0.570442931703951
271325,NA,NA,0.00280558440095512,NA,NA,NA,NA,NA,NA,NA,-0.169533338124351,2,0.5,-0.0833638768616979,"-0.154642178079755",0.00485066056720181,0.570442931703951
271326,NA,NA,NA,-0.37253488564859,NA,NA,NA,NA,NA,NA,NA,1,1,-0.37253488564859,"-0.66156582059579",0.00485066056720181,0.570442931703951
271327,NA,NA,NA,NA,NA,NA,NA,NA,NA,NA,NA,0,NA,NA,"NaN",0.00485066056720181,0.570442931703951
271328,NA,NA,NA,NA,NA,NA,NA,NA,NA,NA,0.254484610900575,1,1,0.254484610900575,"0.437614240547604",0.00485066056720181,0.570442931703951
271329,NA,NA,NA,NA,NA,NA,NA,NA,NA,NA,-0.0281940217827077,1,1,-0.0281940217827077,"-0.0579281125479159",0.00485066056720181,0.570442931703951
271330,NA,NA,NA,NA,NA,NA,NA,NA,NA,NA,-0.310872654465994,1,1,-0.310872654465994,"-0.553470465643442",0.00485066056720181,0.570442931703951
271331,NA,NA,NA,NA,NA,NA,NA,NA,NA,NA,-0.0281940217827077,1,1,-0.0281940217827077,"-0.0579281125479159",0.00485066056720181,0.570442931703951
271332,NA,0.0203643020220052,-0.902565510961945,NA,0.543653630032868,-0.832508291611126,NA,NA,NA,NA,-0.734890603490924,5,0.2,-0.381189294801824,"-0.676737205272926",0.00485066056720181,0.570442931703951
271333,NA,NA,NA,NA,NA,NA,NA,NA,NA,NA,NA,0,NA,NA,"NaN",0.00485066056720181,0.570442931703951
271334,NA,NA,NA,NA,NA,NA,NA,NA,NA,NA,NA,0,NA,NA,"NaN",0.00485066056720181,0.570442931703951
271335,NA,1.83594302760294,1.32121093859729,NA,0.395214435013935,-1.38708477035197,NA,NA,0.967197483648454,NA,0.395823927242222,6,0.166666666666667,0.588050840292147,"1.02236375860226",0.00485066056720181,0.570442931703951
271336,NA,-0.697852749014257,0.878438213127848,NA,NA,NA,1.60658776930276,NA,-0.316569627978388,NA,-0.452211970807637,5,0.2,0.203678326926064,"0.348549618740916",0.00485066056720181,0.570442931703951
271337,NA,NA,NA,NA,NA,NA,NA,NA,NA,NA,NA,0,NA,NA,"NaN",0.00485066056720181,0.570442931703951
271338,NA,NA,NA,NA,NA,NA,NA,NA,NA,NA,NA,0,NA,NA,"NaN",0.00485066056720181,0.570442931703951
271339,NA,NA,NA,NA,NA,NA,NA,NA,NA,NA,0.537163243583865,1,1,0.537163243583865,"0.933156593643137",0.00485066056720181,0.570442931703951
271340,NA,2.06096382041688,1.19234424984126,-0.0052168120678136,0.395214435013935,-0.277931812870285,NA,NA,1.08390358470544,0.0792848044708086,1.80921709065865,8,0.125,0.79222242002111,"1.38028138433055",0.00485066056720181,0.570442931703951
271341,NA,NA,0.974262161177206,NA,NA,NA,NA,NA,NA,NA,-0.0281940217827077,2,0.5,0.473034069697249,"0.820736629572309",0.00485066056720181,0.570442931703951
271342,NA,NA,NA,NA,NA,NA,NA,NA,NA,NA,NA,0,NA,NA,"NaN",0.00485066056720181,0.570442931703951
271343,NA,0.334776916638738,NA,NA,NA,NA,NA,NA,NA,NA,0.254484610900575,2,0.5,0.294630763769656,"0.507991399484717",0.00485066056720181,0.570442931703951
271344,NA,2.16576802528912,1.76398366406674,NA,0.0241164474666027,-2.08030536877802,NA,NA,-0.433275729035377,0.786407786167103,0.395823927242222,7,0.142857142857143,0.374645536059771,"0.648259194636644",0.00485066056720181,0.570442931703951
271345,NA,NA,0.934610872329195,NA,NA,NA,NA,NA,NA,NA,0.254484610900575,2,0.5,0.594547741614885,"1.03375298083933",0.00485066056720181,0.570442931703951
271346,NA,NA,NA,NA,NA,NA,NA,NA,NA,NA,NA,0,NA,NA,"NaN",0.00485066056720181,0.570442931703951
271347,NA,1.37048905890562,1.37077504965731,NA,0.543653630032868,-0.832508291611126,NA,NA,NA,NA,0.961181192608791,5,0.2,0.682718127918693,"1.18831776094877",0.00485066056720181,0.570442931703951
271348,NA,NA,NA,NA,1.06319081259913,-0.000643573499865181,NA,NA,NA,NA,NA,2,0.5,0.531273619549634,"0.922831942907894",0.00485066056720181,0.570442931703951
271389,NA,NA,NA,NA,NA,NA,NA,NA,NA,NA,NA,0,NA,NA,"NaN",0.00485066056720181,0.570442931703951
280003,0.0180812826827643,1.00367434185277,0.293581702619697,-0.862292317089623,0.0983360449760701,0.553932905240976,-2.29725695321269,1.11036911394153,0.850491382591465,-1.19353656258252,0.395823927242222,11,0.0909090909090909,-0.00261773924884895,"-0.0130922821565028",0.00485066056720181,0.570442931703951
280009,0.668446452239491,-1.07391489590878,-1.43124936226875,0.729419335093738,NA,NA,-0.735719064206513,-1.13744856945014,0.383666978363526,NA,0.395823927242222,8,0.125,-0.275121899861901,"-0.490798544199341",0.00485066056720181,0.570442931703951
280013,-0.243700923931264,-1.17255414755325,0.937915146399863,0.851858692953996,-1.31183630770379,-0.139287693185075,1.60658776930276,0.523981892187183,1.66743408999036,1.06925697884562,-0.0281940217827077,11,0.0909090909090909,0.341951043229427,"0.590944972629049",0.00485066056720181,0.570442931703951
280020,NA,0.18990051578593,-0.836480029548595,-0.127656169928072,NA,NA,-0.735719064206513,NA,0.383666978363526,-0.769262773564744,-0.0281940217827077,7,0.142857142857143,-0.274820652125882,"-0.490270449767319",0.00485066056720181,0.570442931703951
280023,NA,0.0789313576859064,0.399318472881057,-0.25009552778833,NA,NA,-1.5164880087096,NA,0.73378528153448,NA,0.961181192608791,6,0.166666666666667,0.0677721280353838,"0.110302826051734",0.00485066056720181,0.570442931703951
280032,NA,1.03758158460555,1.88293753061077,-0.127656169928072,-0.792299125137527,0.969865264296607,0.0450498802965776,NA,0.500373079420508,NA,1.80921709065865,8,0.125,0.665633641852884,"1.1583682513374",0.00485066056720181,0.570442931703951
280040,1.20019155942424,-0.07827494962246,1.05686901294389,-0.37253488564859,-0.0501031500428634,0.969865264296607,0.0450498802965776,-0.0624053295671671,0.033548675192569,0.503558593488585,-0.734890603490924,11,0.0909090909090909,0.228261278842769,"0.391644116981563",0.00485066056720181,0.570442931703951
280059,NA,NA,NA,NA,NA,NA,NA,NA,NA,NA,NA,0,NA,NA,"NaN",0.00485066056720181,0.570442931703951
280060,1.62149729819369,-0.355697844872518,-0.106235459931073,2.19869162941684,0.0983360449760701,0.553932905240976,0.0450498802965776,1.30583152119298,0.617079180477497,NA,0.537163243583865,10,0.1,0.651564839857491,"1.13370530748538",0.00485066056720181,0.570442931703951
280061,NA,-0.374192704555856,-0.436662866997825,-0.984731674949884,-0.792299125137527,-0.277931812870285,-0.735719064206513,NA,-1.25021843643427,NA,0.113145294558936,8,0.125,-0.592326298824153,"-1.04686538512722",0.00485066056720181,0.570442931703951
280065,1.45379307208158,-0.0936873326919076,-0.89595696282061,-0.617413601369107,1.06319081259913,-0.139287693185075,-0.735719064206513,NA,-1.01680623432031,0.927832382506361,-0.0281940217827077,10,0.1,-0.00822486431891558,"-0.0229217055018281",0.00485066056720181,0.570442931703951
280077,NA,0.0850963109136855,0.88835103533985,1.70893419797581,NA,NA,0.0450498802965776,NA,-1.71704284066222,0.0792848044708086,0.113145294558936,7,0.142857142857143,0.17183124041335,"0.292720920123186",0.00485066056720181,0.570442931703951
280081,NA,-0.420429853764199,-1.61298443615546,0.851858692953996,NA,NA,0.0450498802965776,NA,0.033548675192569,NA,-0.734890603490924,6,0.166666666666667,-0.306307940827907,"-0.545468414282315",0.00485066056720181,0.570442931703951
280105,NA,1.27493228387505,0.197757754570339,-1.59692846425118,NA,NA,0.825818824799667,NA,NA,NA,0.254484610900575,5,0.2,0.19121300197889,"0.326697608216499",0.00485066056720181,0.570442931703951
280111,NA,2.10411849301133,-1.54029040660078,-1.84180717997169,NA,NA,0.825818824799667,NA,0.73378528153448,NA,1.24385982529208,6,0.166666666666667,0.254247473010849,"0.437198532197922",0.00485066056720181,0.570442931703951
280125,-0.0473642689707429,1.20403532175559,0.240713317489016,0.362101261512963,NA,NA,-1.5164880087096,-0.746523754947244,0.73378528153448,NA,1.66787777431701,8,0.125,0.237267115497683,"0.407431562411052",0.00485066056720181,0.570442931703951
280127,NA,NA,NA,NA,NA,NA,2.38735671380585,NA,NA,0.0792848044708086,0.819841876267148,3,0.333333333333333,1.09549446484793,"1.91192447774383",0.00485066056720181,0.570442931703951
280128,1.05293906820385,-0.753337328064269,NA,NA,NA,NA,0.825818824799667,1.11036911394153,NA,NA,2.37457435602522,5,0.2,0.9220728069812,"1.60791219495734",0.00485066056720181,0.570442931703951
280129,NA,NA,NA,NA,NA,NA,0.825818824799667,NA,NA,NA,0.678502559925508,2,0.5,0.752160692362588,"1.31005222479157",0.00485066056720181,0.570442931703951
280130,1.0488487212255,0.467323411035988,0.511663791283753,1.34161612439503,NA,NA,0.825818824799667,NA,0.850491382591465,-0.344988984546967,-0.169533338124351,8,0.125,0.566404991582511,"0.984418072002241",0.00485066056720181,0.570442931703951
280131,NA,NA,NA,NA,NA,NA,0.825818824799667,NA,NA,0.503558593488585,1.38519914163372,3,0.333333333333333,0.904858853307324,"1.57773572555582",0.00485066056720181,0.570442931703951
280132,0.611181594542672,0.353271776322075,0.240713317489016,-0.739852959229365,NA,NA,0.825818824799667,NA,-0.549981830092359,-0.627838177225485,-1.01756923617421,8,0.125,-0.113032086195999,"-0.206651253283263",0.00485066056720181,0.570442931703951
280133,NA,NA,NA,NA,NA,NA,1.60658776930276,NA,NA,NA,1.80921709065865,2,0.5,1.70790242998071,"2.98549017747731",0.00485066056720181,0.570442931703951
280134,0.112159263184681,0.969767099099983,-0.314404726383127,-2.20912525355247,NA,NA,-1.5164880087096,0.817175503064359,1.43402188787639,-1.05211196624326,-0.0281940217827077,9,0.111111111111111,-0.198577802605083,"-0.356614924764921",0.00485066056720181,0.570442931703951
280139,NA,-0.639285693350356,-2.45887859824635,-0.127656169928072,NA,NA,0.0450498802965776,NA,-0.783394032206331,NA,-0.169533338124351,6,0.166666666666667,-0.688949658593146,"-1.21624842837113",0.00485066056720181,0.570442931703951
281300,NA,NA,NA,-0.617413601369107,NA,NA,NA,NA,NA,NA,-0.593551287149281,2,0.5,-0.605482444259194,"-1.06992842036501",0.00485066056720181,0.570442931703951
281301,NA,-0.821151813569839,0.637226205969119,0.362101261512963,NA,NA,NA,NA,NA,0.927832382506361,-0.310872654465994,5,0.2,0.159027076390522,"0.270274916656054",0.00485066056720181,0.570442931703951
281302,NA,NA,NA,-0.37253488564859,NA,NA,NA,NA,NA,NA,NA,1,1,-0.37253488564859,"-0.66156582059579",0.00485066056720181,0.570442931703951
281303,NA,NA,NA,NA,NA,NA,NA,NA,NA,NA,NA,0,NA,NA,"NaN",0.00485066056720181,0.570442931703951
281304,NA,NA,-0.96204244423396,NA,NA,NA,NA,NA,NA,NA,0.395823927242222,2,0.5,-0.283109258495869,"-0.504800573482286",0.00485066056720181,0.570442931703951
281305,NA,NA,2.16049655254684,NA,NA,NA,NA,NA,NA,NA,0.395823927242222,2,0.5,1.27816023989453,"2.23214191737616",0.00485066056720181,0.570442931703951
281306,NA,NA,NA,NA,NA,NA,NA,NA,NA,NA,0.537163243583865,1,1,0.537163243583865,"0.933156593643137",0.00485066056720181,0.570442931703951
281307,NA,NA,-0.492835526199173,NA,NA,NA,NA,NA,NA,NA,0.254484610900575,2,0.5,-0.119175457649299,"-0.21742072926739",0.00485066056720181,0.570442931703951
281308,NA,NA,NA,0.362101261512963,NA,NA,NA,NA,NA,NA,0.254484610900575,2,0.5,0.308292936206769,"0.531941512068815",0.00485066056720181,0.570442931703951
281309,NA,NA,1.5855528642507,-0.494974243508849,NA,NA,NA,NA,NA,NA,-0.169533338124351,3,0.333333333333333,0.307015094205832,"0.529701424708771",0.00485066056720181,0.570442931703951
281310,NA,NA,NA,NA,NA,NA,NA,NA,NA,NA,NA,0,NA,NA,"NaN",0.00485066056720181,0.570442931703951
281311,NA,NA,NA,NA,NA,NA,NA,NA,NA,NA,NA,0,NA,NA,"NaN",0.00485066056720181,0.570442931703951
281312,NA,NA,NA,NA,NA,NA,NA,NA,NA,NA,NA,0,NA,NA,"NaN",0.00485066056720181,0.570442931703951
281313,NA,NA,1.15930150913459,NA,NA,NA,NA,NA,NA,NA,0.537163243583865,2,0.5,0.848232376359226,"1.4784681673113",0.00485066056720181,0.570442931703951
281314,NA,NA,NA,0.484540619373221,NA,NA,NA,NA,NA,NA,-0.876229919832567,2,0.5,-0.195844650229673,"-0.351823643773418",0.00485066056720181,0.570442931703951
281315,NA,0.384096542460971,0.865221116845178,NA,NA,NA,NA,NA,NA,-0.769262773564744,-0.310872654465994,4,0.25,0.0422955578188526,"0.0656417937194882",0.00485066056720181,0.570442931703951
281316,NA,NA,NA,NA,NA,NA,NA,NA,NA,NA,NA,0,NA,NA,"NaN",0.00485066056720181,0.570442931703951
281318,NA,NA,NA,-0.127656169928072,NA,NA,NA,NA,NA,NA,0.537163243583865,2,0.5,0.204753536827897,"0.35043448722131",0.00485066056720181,0.570442931703951
281319,NA,NA,0.359667184033047,0.729419335093738,NA,NA,NA,NA,NA,NA,0.678502559925508,3,0.333333333333333,0.589196359684098,"1.02437188128779",0.00485066056720181,0.570442931703951
281320,NA,NA,0.505055243142418,0.974298050814256,NA,NA,NA,NA,NA,NA,0.537163243583865,3,0.333333333333333,0.67217217918018,"1.16983046247877",0.00485066056720181,0.570442931703951
281322,NA,-0.377275181169745,0.567836450485101,NA,NA,NA,NA,NA,NA,NA,-0.310872654465994,3,0.333333333333333,-0.0401037950502128,"-0.078806227790627",0.00485066056720181,0.570442931703951
281323,NA,NA,NA,0.484540619373221,NA,NA,NA,NA,NA,NA,NA,1,1,0.484540619373221,"0.840907884287661",0.00485066056720181,0.570442931703951
281324,NA,NA,-0.813350111053922,-0.37253488564859,NA,NA,NA,NA,NA,NA,0.395823927242222,3,0.333333333333333,-0.263353689820097,"-0.470168592651599",0.00485066056720181,0.570442931703951
281325,NA,NA,NA,0.239661903652703,NA,NA,NA,NA,NA,NA,0.537163243583865,2,0.5,0.388412573618284,"0.672393138267762",0.00485066056720181,0.570442931703951
281326,NA,NA,NA,NA,NA,NA,NA,NA,NA,NA,-0.169533338124351,1,1,-0.169533338124351,"-0.305699289095679",0.00485066056720181,0.570442931703951
281327,NA,NA,0.76939716879582,0.239661903652703,NA,NA,NA,NA,NA,NA,-1.01756923617421,3,0.333333333333333,-0.00283672124189601,"-0.0134761627883356",0.00485066056720181,0.570442931703951
281328,NA,NA,0.90156813162252,0.729419335093738,NA,NA,NA,NA,NA,NA,0.537163243583865,3,0.333333333333333,0.722716903433374,"1.25843656388529",0.00485066056720181,0.570442931703951
281329,NA,-0.324873078733623,0.736354428089144,-0.984731674949884,-1.16339711268486,-0.555220052240705,NA,NA,NA,0.503558593488585,0.395823927242222,7,0.142857142857143,-0.198926424255589,"-0.357226066793561",0.00485066056720181,0.570442931703951
281331,NA,NA,NA,0.239661903652703,NA,NA,NA,NA,NA,NA,0.113145294558936,2,0.5,0.176403599105819,"0.300736373446117",0.00485066056720181,0.570442931703951
281332,NA,NA,1.07008610922656,-0.0052168120678136,NA,NA,NA,NA,NA,NA,-0.310872654465994,3,0.333333333333333,0.251332214230919,"0.432088014356599",0.00485066056720181,0.570442931703951
281333,NA,NA,NA,0.239661903652703,NA,NA,NA,NA,NA,NA,-0.593551287149281,2,0.5,-0.176944691748289,"-0.318691567923291",0.00485066056720181,0.570442931703951
281334,NA,0.143663366577587,0.0490654213903004,0.239661903652703,NA,NA,-0.735719064206513,NA,-0.900100133263316,NA,-0.734890603490924,6,0.166666666666667,-0.323053184890027,"-0.574823224608566",0.00485066056720181,0.570442931703951
281335,NA,NA,0.650443302251789,0.362101261512963,NA,NA,NA,NA,NA,NA,-0.169533338124351,3,0.333333333333333,0.281003741880134,"0.48410290664492",0.00485066056720181,0.570442931703951
281336,NA,-0.901296205530967,1.13947586471058,-0.0052168120678136,-0.198542345061796,0.276644665870556,-1.5164880087096,NA,-0.900100133263316,NA,-0.0281940217827077,8,0.125,-0.266714624479383,"-0.476060390888535",0.00485066056720181,0.570442931703951
281338,NA,NA,NA,0.239661903652703,NA,NA,NA,NA,NA,NA,0.113145294558936,2,0.5,0.176403599105819,"0.300736373446117",0.00485066056720181,0.570442931703951
281339,NA,0.368684159391523,1.29808102010262,0.117222545792445,NA,NA,0.0450498802965776,NA,NA,NA,0.113145294558936,5,0.2,0.388436580028421,"0.672435222074577",0.00485066056720181,0.570442931703951
281340,NA,NA,0.0887167102383106,NA,NA,NA,NA,NA,NA,NA,-0.876229919832567,2,0.5,-0.393756604797128,"-0.698767998007555",0.00485066056720181,0.570442931703951
281341,NA,NA,0.372884280315717,0.484540619373221,NA,NA,NA,NA,NA,NA,0.395823927242222,3,0.333333333333333,0.417749608977053,"0.723821657631019",0.00485066056720181,0.570442931703951
281342,NA,2.03322153089187,-0.162408119132421,0.362101261512963,NA,NA,NA,NA,NA,NA,0.254484610900575,4,0.25,0.621849821043248,"1.08161417415241",0.00485066056720181,0.570442931703951
281343,NA,NA,1.34764513116264,0.484540619373221,NA,NA,NA,NA,NA,NA,-0.0281940217827077,3,0.333333333333333,0.60133057625105,"1.04564345096209",0.00485066056720181,0.570442931703951
281344,NA,NA,1.29808102010262,NA,NA,NA,NA,NA,NA,-0.344988984546967,-0.310872654465994,3,0.333333333333333,0.214073127029887,"0.366771950066458",0.00485066056720181,0.570442931703951
281345,NA,0.180653085944261,-0.413532948503152,0.60697997723348,NA,NA,NA,NA,NA,NA,0.254484610900575,4,0.25,0.157146181393791,"0.266977663079587",0.00485066056720181,0.570442931703951
281346,NA,NA,NA,0.117222545792445,NA,NA,NA,NA,NA,NA,0.254484610900575,2,0.5,0.18585357834651,"0.317302411371178",0.00485066056720181,0.570442931703951
281347,NA,NA,-0.314404726383127,0.362101261512963,NA,NA,NA,NA,NA,NA,-0.0281940217827077,3,0.333333333333333,0.00650083778237627,"0.00289279982880192",0.00485066056720181,0.570442931703951
281348,NA,NA,0.207670576782341,NA,NA,NA,NA,NA,NA,NA,0.113145294558936,2,0.5,0.160407935670638,"0.272695595751843",0.00485066056720181,0.570442931703951
281349,NA,NA,-1.30238267351271,NA,NA,NA,NA,NA,NA,NA,-0.169533338124351,2,0.5,-0.735958005818533,"-1.29865517690418",0.00485066056720181,0.570442931703951
281350,NA,NA,-0.129365378425746,0.362101261512963,NA,NA,NA,NA,NA,NA,-0.593551287149281,3,0.333333333333333,-0.120271801354021,"-0.219342645805907",0.00485066056720181,0.570442931703951
281351,NA,NA,NA,NA,NA,NA,NA,NA,NA,NA,-0.734890603490924,1,1,-0.734890603490924,"-1.29678399528673",0.00485066056720181,0.570442931703951
281352,NA,0.584457522363791,0.785918539149157,0.239661903652703,NA,NA,NA,NA,1.08390358470544,NA,0.537163243583865,5,0.2,0.646220958690991,"1.12433735695168",0.00485066056720181,0.570442931703951
281353,NA,NA,1.39390496815198,-0.127656169928072,NA,NA,NA,NA,NA,NA,-0.0281940217827077,3,0.333333333333333,0.4126849254804,"0.714943147239937",0.00485066056720181,0.570442931703951
281354,NA,NA,NA,NA,NA,NA,NA,NA,NA,NA,0.254484610900575,1,1,0.254484610900575,"0.437614240547604",0.00485066056720181,0.570442931703951
281355,NA,NA,0.0292397769662953,0.362101261512963,NA,NA,NA,NA,NA,NA,-0.452211970807637,3,0.333333333333333,-0.0202903107761263,"-0.0440727195413402",0.00485066056720181,0.570442931703951
281356,NA,NA,-0.502748348411175,NA,NA,NA,NA,NA,NA,NA,-0.593551287149281,2,0.5,-0.548149817780228,"-0.969422965230862",0.00485066056720181,0.570442931703951
281357,NA,NA,-1.42133654005675,NA,0.172555642485536,-1.94166124909281,NA,NA,NA,NA,-0.593551287149281,4,0.25,-0.945998358453324,"-1.66686090084468",0.00485066056720181,0.570442931703951
281358,NA,NA,0.108542354662316,NA,NA,NA,NA,NA,NA,NA,-0.593551287149281,2,0.5,-0.242504466243482,"-0.433619408819421",0.00485066056720181,0.570442931703951
281359,NA,NA,NA,0.362101261512963,0.0241164474666027,-1.10979653098155,NA,NA,NA,NA,-0.310872654465994,4,0.25,-0.258612869116994,"-0.461857821425208",0.00485066056720181,0.570442931703951
281360,NA,-0.149171911741919,1.50294601248401,0.362101261512963,NA,NA,NA,NA,0.150254776249555,0.786407786167103,0.678502559925508,6,0.166666666666667,0.555173414099536,"0.964728850068287",0.00485066056720181,0.570442931703951
281361,NA,NA,0.78261426507849,0.239661903652703,NA,NA,NA,NA,NA,NA,0.113145294558936,3,0.333333333333333,0.378473821096709,"0.654970269179198",0.00485066056720181,0.570442931703951
281362,NA,0.994426912011099,1.46990327177733,0.60697997723348,0.320994837504468,-0.139287693185075,NA,NA,NA,NA,0.395823927242222,6,0.166666666666667,0.608140205430588,"1.05758089255541",0.00485066056720181,0.570442931703951
281363,NA,0.294704720658174,0.0920209843089781,-1.47448910639092,-1.01495791766593,-1.94166124909281,0.825818824799667,NA,NA,NA,-0.0281940217827077,7,0.142857142857143,-0.463822537880791,"-0.821595241872899",0.00485066056720181,0.570442931703951
281364,NA,0.504313130402663,0.204366302711674,0.974298050814256,NA,NA,NA,NA,0.967197483648454,NA,0.395823927242222,5,0.2,0.609199778963854,"1.05943835011054",0.00485066056720181,0.570442931703951
281365,NA,0.0666014512303483,0.148193643510326,-0.127656169928072,NA,NA,NA,NA,NA,NA,0.395823927242222,4,0.25,0.120740713013706,"0.203158012845094",0.00485066056720181,0.570442931703951
290001,0.746163044828031,0.0696839278442378,0.164715013863664,-0.37253488564859,2.17648477524113,0.831221144611397,-0.735719064206513,1.50129392844444,-0.666687931149345,NA,-0.169533338124351,10,0.1,0.354508661570409,"0.612958775663599",0.00485066056720181,0.570442931703951
290003,0.034442670596141,-0.673192936103141,-0.155799570991086,NA,NA,NA,-0.735719064206513,-1.13744856945014,0.500373079420508,-0.486413580886226,-0.593551287149281,8,0.125,-0.405913657346218,"-0.720079599700603",0.00485066056720181,0.570442931703951
290005,NA,-2.29457563500904,-0.512661170623178,NA,NA,NA,NA,NA,-0.549981830092359,NA,-1.15890855251585,4,0.25,-1.12903179706011,"-1.98772286342532",0.00485066056720181,0.570442931703951
290007,NA,-2.36855507374239,-0.264840615323114,-0.739852959229365,NA,NA,-0.735719064206513,-0.941986162198694,-2.18386724489016,0.644983189827844,-0.876229919832567,8,0.125,-0.933258481199369,"-1.64452759360937",0.00485066056720181,0.570442931703951
290008,-0.910427481401368,0.624529718344355,1.78380930849075,0.851858692953996,NA,NA,0.825818824799667,NA,1.20060968576243,0.362133997149326,0.395823927242222,8,0.125,0.641769584167671,"1.1165339917491",0.00485066056720181,0.570442931703951
290009,-0.235520229974576,0.479653317491546,-0.0368457044470551,-1.10717103281014,-0.198542345061796,0.138000546185346,-1.5164880087096,NA,-0.666687931149345,0.786407786167103,0.113145294558936,10,0.1,-0.224404830774958,"-0.401890318208272",0.00485066056720181,0.570442931703951
290012,NA,NA,NA,NA,NA,NA,NA,NA,NA,NA,NA,0,NA,NA,"NaN",0.00485066056720181,0.570442931703951
290019,0.0671654464228946,1.18245798545836,-0.185538037627093,-0.617413601369107,-0.12432274755233,-0.139287693185075,-2.29725695321269,-1.82156699483022,1.55072798893338,NA,1.38519914163372,10,0.1,-0.0999835465328158,"-0.183776853517794",0.00485066056720181,0.570442931703951
290021,0.0876171813146155,-1.71815250821169,-0.211972230192434,-0.0052168120678136,NA,NA,-0.735719064206513,-0.746523754947244,0.383666978363526,-0.486413580886226,-2.71364103227392,9,0.111111111111111,-0.682928313678634,"-1.20569286780607",0.00485066056720181,0.570442931703951
290032,0.639814023391082,0.285457290816506,0.673573220746461,-0.494974243508849,NA,NA,-2.29725695321269,NA,0.26696087730654,-1.6178103516003,1.52653845797536,8,0.125,-0.127212209760735,"-0.231509346488801",0.00485066056720181,0.570442931703951
290039,-0.742723255289256,0.439581121510982,-0.367273111513807,-0.127656169928072,-1.16339711268486,0.831221144611397,-1.5164880087096,-0.844254958572969,-0.900100133263316,1.06925697884562,-0.169533338124351,11,0.0909090909090909,-0.317396985738021,"-0.564907773232719",0.00485066056720181,0.570442931703951
290041,-0.292785087671394,-0.821151813569839,-0.84308857768993,-0.984731674949884,0.766312422561267,0.415288785555766,0.0450498802965776,0.133057077684283,-0.316569627978388,NA,-1.44158718519914,10,0.1,-0.334020580096068,"-0.594049328740106",0.00485066056720181,0.570442931703951
290045,0.247140713470039,-0.368027751328077,-0.849697125831265,-1.59692846425118,NA,NA,0.825818824799667,2.18541235382451,1.43402188787639,0.503558593488585,-0.310872654465994,9,0.111111111111111,0.230047375286965,"0.394775186445182",0.00485066056720181,0.570442931703951
290046,0.341218693971956,-0.118347145603024,-0.284666259747119,0.239661903652703,NA,NA,0.825818824799667,0.817175503064359,-0.900100133263316,0.503558593488585,-0.876229919832567,9,0.111111111111111,0.0608988956145826,"0.0982538864667163",0.00485066056720181,0.570442931703951
290047,-0.251881617887953,0.32552948679707,-0.466401333633833,-0.0052168120678136,NA,NA,-1.5164880087096,NA,0.500373079420508,0.220709400810067,-1.44158718519914,8,0.125,-0.329370373808837,"-0.585897406735672",0.00485066056720181,0.570442931703951
290049,NA,0.424168738441535,-0.205363682051099,-0.37253488564859,-0.421201137590195,0.553932905240976,0.825818824799667,NA,0.26696087730654,-1.33496115892178,0.678502559925508,9,0.111111111111111,0.0461470046113961,"0.0723934713694136",0.00485066056720181,0.570442931703951
290053,1.32699231575291,0.510478083630442,0.260538961913022,-0.37253488564859,NA,NA,-0.735719064206513,-1.72383579120449,0.617079180477497,NA,-0.593551287149281,8,0.125,-0.0888190608043765,"-0.164205245022111",0.00485066056720181,0.570442931703951
290054,1.08157149705225,0.735498876444378,-0.796828740700585,-0.37253488564859,NA,NA,-0.735719064206513,NA,-1.01680623432031,-0.203564388207709,0.537163243583865,8,0.125,-0.0964024620004005,"-0.177499127327518",0.00485066056720181,0.570442931703951
290057,-3.02104652222697,-0.765667234519827,-0.406924400361817,-2.94376140071402,NA,NA,-0.735719064206513,NA,-1.36692453749126,0.362133997149326,-2.00694445056571,8,0.125,-1.3606067016171,"-2.39367916805558",0.00485066056720181,0.570442931703951
290058,NA,NA,-3.87641217456271,NA,NA,NA,NA,NA,NA,NA,-0.0281940217827077,2,0.5,-1.95230309817271,"-3.43093699643848",0.00485066056720181,0.570442931703951
290062,NA,NA,NA,NA,NA,NA,NA,NA,NA,NA,NA,0,NA,NA,"NaN",0.00485066056720181,0.570442931703951
291300,NA,NA,NA,NA,NA,NA,NA,NA,NA,NA,0.254484610900575,1,1,0.254484610900575,"0.437614240547604",0.00485066056720181,0.570442931703951
291301,NA,NA,NA,NA,NA,NA,NA,NA,NA,NA,NA,0,NA,NA,"NaN",0.00485066056720181,0.570442931703951
291302,NA,NA,NA,NA,NA,NA,NA,NA,0.500373079420508,NA,-0.169533338124351,2,0.5,0.165419870648079,"0.281481636736643",0.00485066056720181,0.570442931703951
291303,NA,NA,NA,NA,NA,NA,NA,NA,NA,NA,NA,0,NA,NA,"NaN",0.00485066056720181,0.570442931703951
291304,NA,NA,NA,NA,NA,NA,NA,NA,NA,NA,NA,0,NA,NA,"NaN",0.00485066056720181,0.570442931703951
291306,NA,0.303952150499843,0.445578309870403,NA,0.766312422561267,-0.416575932555496,-0.735719064206513,NA,0.967197483648454,NA,-1.86560513422407,7,0.142857142857143,-0.0764085377723017,"-0.142449303555707",0.00485066056720181,0.570442931703951
291307,NA,-1.19413148385047,0.379492828457052,-0.127656169928072,NA,NA,0.0450498802965776,NA,0.850491382591465,NA,-0.310872654465994,6,0.166666666666667,-0.0596043694832406,"-0.112991197660932",0.00485066056720181,0.570442931703951
291308,NA,-0.257058593228053,-0.476314155845835,-0.0052168120678136,NA,NA,-0.735719064206513,NA,1.31731578681941,NA,0.395823927242222,6,0.166666666666667,0.0398051814522358,"0.0612761048342251",0.00485066056720181,0.570442931703951
291309,NA,NA,NA,NA,NA,NA,NA,NA,NA,NA,-0.310872654465994,1,1,-0.310872654465994,"-0.553470465643442",0.00485066056720181,0.570442931703951
291311,NA,-0.139924481900251,-2.86860858300912,0.362101261512963,NA,NA,NA,NA,0.383666978363526,NA,-2.85498034861557,5,0.2,-1.02354903472969,"-1.80280907719374",0.00485066056720181,0.570442931703951
291312,NA,NA,NA,NA,NA,NA,NA,NA,NA,NA,-0.169533338124351,1,1,-0.169533338124351,"-0.305699289095679",0.00485066056720181,0.570442931703951
291313,NA,0.491983223947104,-0.955433896092625,-0.25009552778833,NA,NA,NA,NA,-0.433275729035377,NA,-0.876229919832567,5,0.2,-0.404610369760359,"-0.717794905626184",0.00485066056720181,0.570442931703951
291314,NA,NA,NA,NA,NA,NA,NA,NA,NA,NA,NA,0,NA,NA,"NaN",0.00485066056720181,0.570442931703951
300001,0.0262619766394526,-0.235481256930826,-0.254927793111111,-0.25009552778833,1.87960638520326,0.831221144611397,0.825818824799667,0.133057077684283,-1.25021843643427,-0.0621397918684502,-0.310872654465994,11,0.0909090909090909,0.121111813485371,"0.203808560780811",0.00485066056720181,0.570442931703951
300003,0.0180812826827643,-0.0875223794641286,-0.634919311237876,-3.80083690573583,0.0983360449760701,-1.94166124909281,0.825818824799667,0.621713095812908,0.26696087730654,0.503558593488585,-0.310872654465994,11,0.0909090909090909,-0.4037585255391,"-0.716301602485913",0.00485066056720181,0.570442931703951
300005,NA,0.165240702874814,-0.717526163004564,-1.47448910639092,0.543653630032868,0.692577024926186,0.0450498802965776,NA,-0.316569627978388,NA,-0.876229919832567,8,0.125,-0.242286697384499,"-0.433237654840397",0.00485066056720181,0.570442931703951
300011,-0.300965781628083,0.553632756224895,0.855308294633175,0.851858692953996,-1.83137349027006,-1.38708477035197,0.0450498802965776,NA,0.500373079420508,1.06925697884562,0.678502559925508,10,0.1,0.103455820005017,"0.172857185105749",0.00485066056720181,0.570442931703951
300012,0.500742226127379,0.815643268405506,0.303494524831699,1.34161612439503,-0.12432274755233,0.831221144611397,-0.735719064206513,NA,0.150254776249555,-1.75923494793955,-0.593551287149281,10,0.1,0.0730144017772889,"0.11949265635824",0.00485066056720181,0.570442931703951
300014,NA,-0.297130789208617,-1.00499800715264,0.729419335093738,NA,NA,0.0450498802965776,NA,-0.549981830092359,NA,0.537163243583865,6,0.166666666666667,-0.0900796945799057,"-0.16641516595454",0.00485066056720181,0.570442931703951
300017,-0.0841773917758405,0.0635189746164588,0.283668880407694,1.09673740867451,-0.272761942571262,-0.277931812870285,0.825818824799667,NA,-0.0831574258644167,NA,-0.734890603490924,9,0.111111111111111,0.0907583235472897,"0.150598172412227",0.00485066056720181,0.570442931703951
300018,0.00990058872607586,0.125168506894249,-0.995085184940635,-0.25009552778833,-0.866518722646993,-0.555220052240705,0.825818824799667,NA,1.90084629210434,-0.769262773564744,-0.310872654465994,10,0.1,-0.0885320703123074,"-0.16370214387716",0.00485066056720181,0.570442931703951
300019,NA,-0.454337096516984,0.0424568732489653,1.95381291369632,1.28584960512753,0.138000546185346,0.825818824799667,NA,0.850491382591465,NA,0.113145294558936,8,0.125,0.594404792961406,"1.03350238845658",0.00485066056720181,0.570442931703951
300020,-1.65896097843836,0.0542715447747901,0.990783531530543,0.362101261512963,-0.0501031500428634,0.692577024926186,0.0450498802965776,NA,-1.01680623432031,-1.19353656258252,-0.876229919832567,10,0.1,-0.265085360217555,"-0.473204251963365",0.00485066056720181,0.570442931703951
300023,0.942499699788552,0.485818270719325,1.00400062781321,1.70893419797581,0.0983360449760701,1.10850938398182,-1.5164880087096,NA,-0.900100133263316,-0.203564388207709,1.38519914163372,10,0.1,0.411314483670788,"0.712540730217223",0.00485066056720181,0.570442931703951
300029,-0.62001284593893,-1.28968825888105,0.0226312288249602,1.70893419797581,NA,NA,0.825818824799667,-0.551061347695793,-0.783394032206331,-0.910687369904002,-0.593551287149281,9,0.111111111111111,-0.243445654463883,"-0.435269334110965",0.00485066056720181,0.570442931703951
300034,0.692988534109556,0.374849112619302,-0.162408119132421,2.07625227155658,0.9147516175802,0.276644665870556,-0.735719064206513,-0.941986162198694,-1.01680623432031,0.927832382506361,-1.01756923617421,11,0.0909090909090909,0.126257251655492,"0.212828636031375",0.00485066056720181,0.570442931703951
301300,NA,NA,NA,NA,NA,NA,NA,NA,NA,NA,0.537163243583865,1,1,0.537163243583865,"0.933156593643137",0.00485066056720181,0.570442931703951
301301,NA,-0.155336864969698,1.16260578320525,NA,NA,NA,NA,NA,NA,NA,0.254484610900575,3,0.333333333333333,0.420584509712044,"0.728791305912087",0.00485066056720181,0.570442931703951
301302,NA,-0.0906048560780181,0.617400561545114,NA,0.395214435013935,0.415288785555766,NA,NA,-0.666687931149345,NA,-0.310872654465994,6,0.166666666666667,0.0599563900702429,"0.096601651875038",0.00485066056720181,0.570442931703951
301303,NA,NA,-0.889348414679275,NA,0.617873227542334,-0.277931812870285,NA,NA,NA,NA,0.537163243583865,4,0.25,-0.00306093910584003,"-0.0138692220261357",0.00485066056720181,0.570442931703951
301304,NA,0.405673878758197,0.336537265538374,NA,-0.346981540080729,-0.971152411296336,0.825818824799667,NA,0.383666978363526,NA,-1.3002478688575,7,0.142857142857143,-0.0952406961106853,"-0.175462524145768",0.00485066056720181,0.570442931703951
301305,NA,0.168323179488703,0.511663791283753,-0.127656169928072,NA,NA,0.825818824799667,NA,NA,NA,-0.452211970807637,5,0.2,0.185187530967283,"0.316134814505288",0.00485066056720181,0.570442931703951
301306,NA,NA,-1.14377751812067,NA,NA,NA,NA,NA,NA,NA,-0.876229919832567,2,0.5,-1.01000371897662,"-1.77906381715062",0.00485066056720181,0.570442931703951
301307,NA,-0.525234058636443,-1.61628871022613,NA,1.1374104101086,-3.05081420657449,NA,NA,1.31731578681941,NA,-0.593551287149281,6,0.166666666666667,-0.555193677609723,"-0.981771018713538",0.00485066056720181,0.570442931703951
301308,NA,-0.565306254617007,0.564532176414433,NA,NA,NA,NA,NA,0.26696087730654,NA,0.819841876267148,4,0.25,0.271507168842779,"0.467455188688299",0.00485066056720181,0.570442931703951
301309,NA,-0.0566976133252332,1.16591005727592,0.239661903652703,-0.421201137590195,0.415288785555766,NA,NA,-0.0831574258644167,NA,0.113145294558936,7,0.142857142857143,0.196135694894783,"0.335327205749049",0.00485066056720181,0.570442931703951
301310,NA,-1.99865788007564,0.405927021022392,NA,NA,NA,NA,NA,0.617079180477497,NA,0.961181192608791,4,0.25,-0.0036176214917404,"-0.0148450994627051",0.00485066056720181,0.570442931703951
301311,NA,0.0234467786358948,0.934610872329195,NA,NA,NA,0.825818824799667,NA,-1.13351233537729,NA,-0.0281940217827077,5,0.2,0.124434023720952,"0.209632474183784",0.00485066056720181,0.570442931703951
301312,NA,0.766323642583273,-0.615093666813871,NA,NA,NA,NA,NA,1.08390358470544,NA,-0.0281940217827077,4,0.25,0.301734884673034,"0.520445092060338",0.00485066056720181,0.570442931703951
310001,-0.284604393714706,-0.380357657783635,-0.800133014771252,1.09673740867451,-2.57356946536472,2.49495058083392,2.38735671380585,1.69675633569588,1.43402188787639,0.927832382506361,0.819841876267148,11,0.0909090909090909,0.619893877638705,"1.07818535893561",0.00485066056720181,0.570442931703951
310002,-3.36872601538623,-2.19285390675068,-1.18012453289802,0.362101261512963,-0.12432274755233,-1.38708477035197,0.0450498802965776,-1.43064218032732,0.73378528153448,NA,0.113145294558936,10,0.1,-0.842967243536359,"-1.48624491072415",0.00485066056720181,0.570442931703951
310003,NA,-1.60718335011167,-0.499444074340508,-0.862292317089623,NA,NA,-0.735719064206513,NA,-0.316569627978388,NA,-1.44158718519914,6,0.166666666666667,-0.91046593648764,"-1.60457172169832",0.00485066056720181,0.570442931703951
310005,0.82387963741657,0.399508925530418,-0.172320941344423,0.729419335093738,NA,NA,1.60658776930276,NA,-0.549981830092359,-0.486413580886226,-1.86560513422407,8,0.125,0.0606342725995507,"0.0977899960399536",0.00485066056720181,0.570442931703951
310006,1.60104556330197,-0.318708125505844,-0.178929489485758,0.362101261512963,NA,NA,0.0450498802965776,NA,-0.433275729035377,NA,-1.72426581788243,7,0.142857142857143,-0.0924260652568425,"-0.170528409447501",0.00485066056720181,0.570442931703951
310008,-0.313236822563115,0.220725281924825,-1.07769203670732,0.239661903652703,-0.12432274755233,1.66308586272266,0.0450498802965776,NA,1.20060968576243,-0.203564388207709,-0.734890603490924,10,0.1,0.0915426015837787,"0.151973030426764",0.00485066056720181,0.570442931703951
310009,-0.640464580830651,-0.870471439392071,-0.0566713488710602,-1.84180717997169,NA,NA,0.825818824799667,NA,0.617079180477497,NA,-1.58292650154078,7,0.142857142857143,-0.507063292189871,"-0.897397310591529",0.00485066056720181,0.570442931703951
310010,-0.558657641263767,-0.226233827089158,0.171323562004999,-1.35204974853066,-0.866518722646993,1.10850938398182,3.16812565830894,NA,-0.900100133263316,-2.46635792963585,0.254484610900575,10,0.1,-0.166747478723341,"-0.300815611437183",0.00485066056720181,0.570442931703951
310011,NA,-0.229316303703047,-0.314404726383127,1.83137355583607,NA,NA,-1.5164880087096,NA,-1.01680623432031,NA,-1.3002478688575,6,0.166666666666667,-0.424314931022919,"-0.752337469250736",0.00485066056720181,0.570442931703951
310012,0.643904370369426,0.140580889963697,0.141585095368991,1.09673740867451,-1.83137349027006,1.66308586272266,1.60658776930276,0.328519484935734,0.033548675192569,-2.04208414061807,0.113145294558936,11,0.0909090909090909,0.17220338365465,"0.293373296058827",0.00485066056720181,0.570442931703951
310014,-0.407314803065032,-0.386522611011414,0.151497917580993,-3.67839754787557,-1.75715389276059,0.138000546185346,1.60658776930276,-1.03971736582442,0.73378528153448,-1.47638575526104,-1.44158718519914,11,0.0909090909090909,-0.687018876944875,"-1.21286372231034",0.00485066056720181,0.570442931703951
310015,1.06930045611722,0.516643036858221,0.0523696954609679,1.34161612439503,-2.42513027034579,1.66308586272266,3.16812565830894,1.79448753932161,0.383666978363526,2.20065374955969,1.95055640700029,11,0.0909090909090909,1.06503411252385,"1.85852675707597",0.00485066056720181,0.570442931703951
310016,NA,-1.94317330102563,-0.727438985216567,-0.25009552778833,NA,NA,NA,NA,0.73378528153448,NA,0.254484610900575,5,0.2,-0.386487584319094,"-0.686025232563305",0.00485066056720181,0.570442931703951
310017,1.27790815201278,1.23486008789448,0.541402257919761,-0.494974243508849,0.469434032523402,-0.277931812870285,0.0450498802965776,NA,1.08390358470544,NA,2.09189572334194,9,0.111111111111111,0.663505295812805,"1.15463721020814",0.00485066056720181,0.570442931703951
310019,-0.673187356657404,-1.78288451710337,-0.492835526199173,1.09673740867451,-0.569640332609128,-0.416575932555496,0.825818824799667,-0.453330144070068,-1.13351233537729,0.0792848044708086,-0.593551287149281,11,0.0909090909090909,-0.373970581252384,"-0.664082629068646",0.00485066056720181,0.570442931703951
310022,0.414844939582151,-0.966028214422647,-0.45648851142183,1.09673740867451,NA,NA,0.825818824799667,NA,-2.06716114383317,-0.203564388207709,-2.57230171593229,8,0.125,-0.491017850095164,"-0.869269269725499",0.00485066056720181,0.570442931703951
310024,NA,-0.389605087625303,-1.26933993280604,0.239661903652703,NA,NA,0.0450498802965776,NA,-0.433275729035377,NA,0.113145294558936,6,0.166666666666667,-0.282393945159751,"-0.503546612224529",0.00485066056720181,0.570442931703951
310025,-0.673187356657404,-0.109099715761355,-2.60757093142638,0.60697997723348,NA,NA,-0.735719064206513,NA,-1.13351233537729,-0.910687369904002,-1.01756923617421,8,0.125,-0.82254575403421,"-1.45044555487772",0.00485066056720181,0.570442931703951
310027,NA,-0.173831724653036,-1.09421340706066,-0.127656169928072,-2.05403228279846,-0.000643573499865181,0.0450498802965776,NA,-0.433275729035377,NA,0.961181192608791,8,0.125,-0.359677726758762,"-0.639026915868856",0.00485066056720181,0.570442931703951
310028,1.02430663935544,0.313199580341511,0.44888258394107,-0.739852959229365,-0.495420735099661,0.831221144611397,0.0450498802965776,NA,-0.0831574258644167,-0.910687369904002,0.395823927242222,10,0.1,0.0829365265690768,"0.136886376641792",0.00485066056720181,0.570442931703951
310029,0.410754592603807,-0.389605087625303,0.121759450944986,-0.984731674949884,NA,NA,0.825818824799667,0.914906706690084,-1.13351233537729,NA,-0.593551287149281,8,0.125,-0.103520101257901,"-0.189976517898806",0.00485066056720181,0.570442931703951
310031,-0.652735621765683,-0.639285693350356,-0.172320941344423,NA,NA,NA,-0.735719064206513,-0.648792551321519,-0.0831574258644167,NA,-0.876229919832567,7,0.142857142857143,-0.544034459669354,"-0.962208644775385",0.00485066056720181,0.570442931703951
310032,0.169424120881499,-1.18180157739491,-1.45107500669275,0.484540619373221,0.840532020070734,0.553932905240976,1.60658776930276,NA,-1.36692453749126,NA,-0.593551287149281,9,0.111111111111111,-0.104259441539891,"-0.191272598963009",0.00485066056720181,0.570442931703951
310034,0.0998882222496481,-0.728677515153152,0.878438213127848,0.60697997723348,-1.38605590521326,0.969865264296607,0.0450498802965776,NA,-1.60033673960523,-1.05211196624326,-1.86560513422407,10,0.1,-0.403256570323481,"-0.715421663077917",0.00485066056720181,0.570442931703951
310038,-1.37672703693261,0.0450241149331215,-1.02812792564731,-0.25009552778833,-2.05403228279846,0.553932905240976,-1.5164880087096,-4.26484708547335,0.850491382591465,-1.19353656258252,-0.734890603490924,11,0.0909090909090909,-0.99720878460523,"-1.75663399348155",0.00485066056720181,0.570442931703951
310039,2.20641691609691,-0.633120740122577,-0.271449163464449,0.239661903652703,0.395214435013935,0.276644665870556,0.825818824799667,NA,-0.666687931149345,NA,-0.0281940217827077,9,0.111111111111111,0.260478320990521,"0.448121356609228",0.00485066056720181,0.570442931703951
310040,NA,-3.78032936290379,-2.12514691710893,0.117222545792445,NA,NA,NA,NA,NA,0.644983189827844,0.113145294558936,5,0.2,-1.0060250499667,"-1.77208911593373",0.00485066056720181,0.570442931703951
310041,-0.276423699758018,-1.52703895815054,-0.899261236891277,-0.617413601369107,-2.05403228279846,-0.000643573499865181,0.825818824799667,NA,-1.8337489417192,-0.203564388207709,-1.01756923617421,10,0.1,-0.760387709376872,"-1.34148102713493",0.00485066056720181,0.570442931703951
310044,-0.607741805003897,-0.460502049744763,-0.122756830284411,1.09673740867451,0.469434032523402,-0.277931812870285,0.0450498802965776,NA,-1.95045504277619,-0.627838177225485,-2.43096239959064,10,0.1,-0.486696679600118,"-0.861694155275156",0.00485066056720181,0.570442931703951
310045,-0.419585844000064,0.633777148186023,-0.258232067181779,0.851858692953996,-1.83137349027006,0.138000546185346,0.825818824799667,1.11036911394153,-1.48363063854824,-0.627838177225485,-0.876229919832567,11,0.0909090909090909,-0.17609689190833,"-0.317205354679441",0.00485066056720181,0.570442931703951
310047,NA,-0.223151350475268,-0.0500628007297252,0.484540619373221,1.65694759267486,-0.277931812870285,-0.735719064206513,NA,-1.13351233537729,-0.910687369904002,-0.310872654465994,9,0.111111111111111,-0.166716575108999,"-0.300761436667675",0.00485066056720181,0.570442931703951
310048,-1.08222205449182,-1.05850251283933,-1.68567846571015,0.117222545792445,-2.79622825789312,1.10850938398182,1.60658776930276,NA,0.033548675192569,-1.05211196624326,0.537163243583865,10,0.1,-0.427171163932423,"-0.757344513340094",0.00485066056720181,0.570442931703951
310050,-0.62001284593893,-0.873553916005961,0.0259355028956277,-0.25009552778833,NA,NA,0.0450498802965776,NA,-0.0831574258644167,0.786407786167103,-1.72426581788243,8,0.125,-0.336711545515094,"-0.598766654995667",0.00485066056720181,0.570442931703951
310051,0.136701345054746,0.673849344166587,0.286973154478362,-0.127656169928072,-1.46027550272272,1.52444174303745,1.60658776930276,NA,1.20060968576243,1.06925697884562,1.52653845797536,10,0.1,0.643702680597251,"1.11992275567646",0.00485066056720181,0.570442931703951
310052,0.0508040585095178,0.239220141608162,-0.767090274064577,0.729419335093738,-0.569640332609128,0.138000546185346,0.825818824799667,NA,0.850491382591465,-1.47638575526104,0.395823927242222,10,0.1,0.0416461854095377,"0.0645034284716707",0.00485066056720181,0.570442931703951
310054,1.03657768029047,0.467323411035988,-0.165712393203088,1.21917676653477,-1.23761671019433,0.692577024926186,1.60658776930276,NA,0.150254776249555,0.786407786167103,-0.169533338124351,10,0.1,0.438604277298506,"0.760380386230142",0.00485066056720181,0.570442931703951
310057,1.67467180891216,0.128250983508139,-0.0764969932950653,-1.2296103906704,NA,NA,0.0450498802965776,NA,-0.433275729035377,NA,-2.14828376690736,7,0.142857142857143,-0.291384886741617,"-0.519307946237398",0.00485066056720181,0.570442931703951
310058,NA,NA,-1.13386469590867,-0.127656169928072,NA,NA,NA,NA,NA,NA,0.395823927242222,3,0.333333333333333,-0.288565646198174,"-0.51436575064384",0.00485066056720181,0.570442931703951
310060,NA,-0.374192704555856,-0.45648851142183,2.68844906085788,-0.198542345061796,0.138000546185346,0.825818824799667,NA,-2.18386724489016,-0.203564388207709,-0.0281940217827077,9,0.111111111111111,0.0230465795469814,"0.0318978778918815",0.00485066056720181,0.570442931703951
310061,NA,0.729333923216599,0.204366302711674,0.60697997723348,NA,NA,0.0450498802965776,NA,-2.41727944700413,NA,0.254484610900575,6,0.166666666666667,-0.0961774587742042,"-0.177104691331048",0.00485066056720181,0.570442931703951
310064,-0.386863068173311,-0.488244339269769,-0.211972230192434,1.46405548225529,-0.346981540080729,-0.139287693185075,0.0450498802965776,-0.453330144070068,-0.433275729035377,1.4935307678634,0.395823927242222,11,0.0909090909090909,0.0853186648773384,"0.141062321641489",0.00485066056720181,0.570442931703951
310069,-1.21720350477718,-1.08932727897823,-0.169016667273756,-0.617413601369107,0.246775239995002,0.692577024926186,1.60658776930276,NA,0.26696087730654,NA,-1.72426581788243,9,0.111111111111111,-0.222702884305579,"-0.398906765647992",0.00485066056720181,0.570442931703951
310070,0.639814023391082,-0.28171840613917,-0.588659474248531,2.19869162941684,-0.569640332609128,0.692577024926186,0.825818824799667,NA,-0.666687931149345,0.362133997149326,-1.72426581788243,10,0.1,0.0888063537654505,"0.147176323050349",0.00485066056720181,0.570442931703951
310073,0.701169228066245,-0.704017702242036,-0.4697056077045,-1.71936782211143,-3.68686342800672,1.94037410209308,0.825818824799667,0.523981892187183,0.500373079420508,-0.627838177225485,0.113145294558936,11,0.0909090909090909,-0.236630028742232,"-0.42332138043698",0.00485066056720181,0.570442931703951
310074,0.0426233645528294,-0.383440134397524,-0.218580778333769,-1.2296103906704,-0.569640332609128,-0.832508291611126,0.825818824799667,1.01263791031581,-1.71704284066222,NA,-1.58292650154078,10,0.1,-0.465266917015664,"-0.82412727278186",0.00485066056720181,0.570442931703951
310075,0.594820206629295,-0.173831724653036,-0.519269718764513,-0.127656169928072,-1.60871469774166,1.10850938398182,1.60658776930276,NA,-1.01680623432031,0.220709400810067,-1.72426581788243,10,0.1,-0.163991760256607,"-0.295984771551933",0.00485066056720181,0.570442931703951
310076,-2.1170798400129,-0.124512098830803,-0.853001399901932,-0.739852959229365,-1.31183630770379,-0.277931812870285,0.825818824799667,-0.453330144070068,-0.666687931149345,-0.344988984546967,-1.3002478688575,11,0.0909090909090909,-0.669422774761208,"-1.18201733750002",0.00485066056720181,0.570442931703951
310083,NA,-3.03128754572864,-6.34140063128068,NA,NA,NA,NA,NA,NA,NA,-1.58292650154078,3,0.333333333333333,-3.6518715595167,"-6.41032085218592",0.00485066056720181,0.570442931703951
310084,NA,-0.713265132083705,-1.45437928076342,-0.37253488564859,-3.09310664793098,0.138000546185346,0.0450498802965776,NA,-1.13351233537729,NA,-1.58292650154078,8,0.125,-1.02083429460786,"-1.79805007331981",0.00485066056720181,0.570442931703951
310086,-0.599561111047209,-0.910543635372635,-1.6195929842968,0.484540619373221,-1.68293429525112,0.969865264296607,-1.5164880087096,NA,-2.88410385123207,-1.33496115892178,-3.56167693032379,10,0.1,-1.26554560914852,"-2.22703481647316",0.00485066056720181,0.570442931703951
310092,NA,-1.10473966204768,-1.01491082936464,0.362101261512963,NA,NA,0.825818824799667,NA,0.033548675192569,NA,-0.876229919832567,6,0.166666666666667,-0.295735274956614,"-0.526934280044361",0.00485066056720181,0.570442931703951
310096,NA,-0.848894103094844,-0.479618429916503,-0.862292317089623,NA,NA,0.0450498802965776,NA,-0.199863526921402,NA,-1.44158718519914,6,0.166666666666667,-0.631200946987489,"-1.11501356613319",0.00485066056720181,0.570442931703951
310108,1.03657768029047,-0.0690275197807914,-0.53579108911785,1.34161612439503,-1.83137349027006,0.969865264296607,-0.735719064206513,NA,-1.01680623432031,NA,-0.734890603490924,9,0.111111111111111,-0.175060992467148,"-0.315389398369688",0.00485066056720181,0.570442931703951
310110,-0.0473642689707429,-0.454337096516984,-0.773698822205912,0.729419335093738,0.617873227542334,-0.277931812870285,0.825818824799667,NA,0.383666978363526,-0.0621397918684502,-0.876229919832567,10,0.1,0.0065076653534325,"0.00290476872293098",0.00485066056720181,0.570442931703951
310111,-0.853162623704549,-0.337202985189181,-0.94882534795129,1.09673740867451,NA,NA,1.60658776930276,NA,-0.199863526921402,NA,-1.15890855251585,7,0.142857142857143,-0.113519694043572,"-0.207506041414509",0.00485066056720181,0.570442931703951
310112,-0.615922498960586,-0.0967698093057972,-0.859609948043267,0.117222545792445,NA,NA,0.0450498802965776,NA,0.73378528153448,NA,0.254484610900575,7,0.142857142857143,-0.0602514196836534,"-0.114125492021421",0.00485066056720181,0.570442931703951
310113,0.844331372308291,0.0943437407553541,0.620704835615781,-0.37253488564859,-1.08917751517539,-0.277931812870285,0.0450498802965776,NA,-1.71704284066222,NA,-0.593551287149281,9,0.111111111111111,-0.271756501392196,"-0.484898920796781",0.00485066056720181,0.570442931703951
310115,NA,0.880375277297186,-0.691091970439224,0.239661903652703,-1.16339711268486,0.553932905240976,1.60658776930276,NA,1.08390358470544,NA,-0.0281940217827077,8,0.125,0.310222291911534,"0.535323718416787",0.00485066056720181,0.570442931703951
310118,NA,-1.32051302501994,-2.19784094666361,0.362101261512963,NA,NA,0.825818824799667,NA,-0.316569627978388,1.21068157518488,-0.452211970807637,7,0.142857142857143,-0.269790558424582,"-0.481452576108555",0.00485066056720181,0.570442931703951
310119,NA,-1.16638919432547,-1.110734777414,0.60697997723348,-0.643859930118594,0.276644665870556,0.825818824799667,NA,-0.666687931149345,NA,-0.876229919832567,8,0.125,-0.344307285617034,"-0.612082167696035",0.00485066056720181,0.570442931703951
310130,NA,0.488900747333215,0.419144117305062,0.362101261512963,NA,NA,-0.735719064206513,NA,0.850491382591465,0.927832382506361,-0.593551287149281,7,0.142857142857143,0.245599934270468,"0.422039191517602",0.00485066056720181,0.570442931703951
320001,0.836150678351603,-0.364945274714187,-0.0665841710830628,1.95381291369632,1.360069202637,-0.000643573499865181,0.825818824799667,NA,0.033548675192569,NA,-0.452211970807637,9,0.111111111111111,0.458335033841379,"0.794968870802885",0.00485066056720181,0.570442931703951
320002,0.77479547367644,1.47221078716398,1.2187784424066,-2.08668589569221,1.21163000761807,-0.416575932555496,1.60658776930276,NA,1.20060968576243,NA,1.80921709065865,9,0.111111111111111,0.754507492037913,"1.31416622032889",0.00485066056720181,0.570442931703951
320004,0.148972385989778,0.421086261827645,0.80904845764383,-2.20912525355247,0.766312422561267,-0.000643573499865181,-0.735719064206513,NA,0.967197483648454,0.362133997149326,-0.452211970807637,10,0.1,0.00770511467538147,"0.00500392580841209",0.00485066056720181,0.570442931703951
320005,0.455748409365593,0.0141993487942261,0.729745879947809,-0.0052168120678136,0.246775239995002,0.692577024926186,0.0450498802965776,NA,-1.71704284066222,NA,-0.310872654465994,9,0.111111111111111,0.0167737195699301,"0.0209014054519237",0.00485066056720181,0.570442931703951
320006,-0.292785087671394,0.368684159391523,0.323320169255704,1.46405548225529,NA,NA,-0.735719064206513,NA,-0.666687931149345,NA,-0.452211970807637,7,0.142857142857143,0.0012365367239467,"-0.00633564488643849",0.00485066056720181,0.570442931703951
320009,0.259411754405072,0.572127615908232,-0.971955266445963,0.729419335093738,NA,NA,0.825818824799667,-0.844254958572969,0.500373079420508,0.644983189827844,0.113145294558936,9,0.111111111111111,0.203229874332785,"0.347763470699885",0.00485066056720181,0.570442931703951
320011,NA,NA,1.02713054630789,-0.25009552778833,NA,NA,0.0450498802965776,NA,NA,NA,1.10252050895044,4,0.25,0.481151351941643,"0.834966418028355",0.00485066056720181,0.570442931703951
320017,NA,1.08998368704167,0.415839843234395,0.239661903652703,NA,NA,-4.63956378672196,NA,NA,NA,1.38519914163372,5,0.2,-0.301775842231894,"-0.537523537864133",0.00485066056720181,0.570442931703951
320018,-1.2376552396689,-1.81987423647005,-0.552312459471188,-0.494974243508849,-0.495420735099661,0.692577024926186,-1.5164880087096,-0.160136533192892,-0.0831574258644167,NA,-0.593551287149281,10,0.1,-0.626099314420866,"-1.10607028314538",0.00485066056720181,0.570442931703951
320021,0.259411754405072,0.476570840877657,0.168019287934331,-0.37253488564859,-1.46027550272272,-0.416575932555496,0.0450498802965776,1.20810031756726,1.78414019104735,-0.344988984546967,1.66787777431701,11,0.0909090909090909,0.274072249179225,"0.471951835405938",0.00485066056720181,0.570442931703951
320022,NA,-0.257058593228053,-1.55020322881278,-1.71936782211143,0.0983360449760701,-0.693864171925916,0.0450498802965776,NA,0.73378528153448,-0.0621397918684502,0.113145294558936,9,0.111111111111111,-0.365813011842286,"-0.649782216254816",0.00485066056720181,0.570442931703951
320030,NA,-0.220068873861379,0.624009109686449,-0.37253488564859,NA,NA,-0.735719064206513,NA,NA,-0.769262773564744,-0.0281940217827077,6,0.166666666666667,-0.250295084896247,"-0.447276548245259",0.00485066056720181,0.570442931703951
320033,NA,-0.229316303703047,-0.0302371563057201,0.729419335093738,NA,NA,0.0450498802965776,NA,NA,NA,-0.310872654465994,5,0.2,0.0408086201831108,"0.0630351567482836",0.00485066056720181,0.570442931703951
320059,NA,-0.74717237483649,0.528185161637091,NA,NA,NA,NA,NA,NA,NA,-0.310872654465994,3,0.333333333333333,-0.176619955888464,"-0.318122298252696",0.00485066056720181,0.570442931703951
320060,NA,NA,NA,NA,NA,NA,NA,NA,NA,NA,-0.169533338124351,1,1,-0.169533338124351,"-0.305699289095679",0.00485066056720181,0.570442931703951
320061,NA,-0.263223546455832,0.987479257459876,NA,NA,NA,NA,NA,NA,NA,0.254484610900575,3,0.333333333333333,0.326246773968206,"0.56341501583861",0.00485066056720181,0.570442931703951
320062,NA,NA,NA,NA,NA,NA,NA,NA,NA,NA,NA,0,NA,NA,"NaN",0.00485066056720181,0.570442931703951
320063,NA,0.0234467786358948,-0.684483422297889,-0.25009552778833,NA,NA,0.0450498802965776,NA,-0.199863526921402,NA,0.113145294558936,6,0.166666666666667,-0.158800087252702,"-0.286883645540262",0.00485066056720181,0.570442931703951
320065,NA,0.00495191895255754,0.904872405693188,0.239661903652703,NA,NA,NA,NA,NA,NA,0.961181192608791,4,0.25,0.52766685522681,"0.916509199435466",0.00485066056720181,0.570442931703951
320074,NA,0.938942332961087,1.21547416833593,-0.862292317089623,NA,NA,0.0450498802965776,NA,NA,NA,-0.310872654465994,5,0.2,0.205260282007596,"0.35132282355004",0.00485066056720181,0.570442931703951
320084,NA,NA,0.8222655539265,0.117222545792445,NA,NA,NA,NA,NA,NA,0.254484610900575,3,0.333333333333333,0.39799090353984,"0.689184177983067",0.00485066056720181,0.570442931703951
320085,-0.951330951184809,-1.31743054840605,-0.598572296460533,-1.10717103281014,NA,NA,0.0450498802965776,-0.257867736818618,-0.900100133263316,NA,-1.44158718519914,8,0.125,-0.816126250480754,"-1.43919201276742",0.00485066056720181,0.570442931703951
320086,NA,0.664601914324919,1.03704336851989,-1.71936782211143,NA,NA,0.0450498802965776,NA,NA,NA,-0.452211970807637,5,0.2,-0.0849769259555375,"-0.157469891430539",0.00485066056720181,0.570442931703951
320090,NA,1.25027247096393,0.177932110146334,-0.494974243508849,NA,NA,-2.29725695321269,NA,NA,NA,1.24385982529208,5,0.2,-0.0240333580638389,"-0.0506343702861955",0.00485066056720181,0.570442931703951
320091,1.26563711107774,-0.207738967405821,-1.78150241375951,NA,NA,NA,-1.5164880087096,NA,NA,1.35210617152414,-0.876229919832567,6,0.166666666666667,-0.294036004517602,"-0.523955418628836",0.00485066056720181,0.570442931703951
321300,NA,NA,NA,NA,NA,NA,NA,NA,NA,NA,-0.310872654465994,1,1,-0.310872654465994,"-0.553470465643442",0.00485066056720181,0.570442931703951
321301,NA,NA,0.855308294633175,NA,NA,NA,NA,NA,NA,NA,0.395823927242222,2,0.5,0.625566110937698,"1.08812891855173",0.00485066056720181,0.570442931703951
321302,NA,NA,NA,NA,NA,NA,NA,NA,NA,NA,0.395823927242222,1,1,0.395823927242222,"0.685385417095374",0.00485066056720181,0.570442931703951
321304,NA,NA,NA,NA,NA,NA,NA,NA,NA,NA,-0.452211970807637,1,1,-0.452211970807637,"-0.801241642191206",0.00485066056720181,0.570442931703951
321305,NA,NA,2.6230949224403,NA,0.0983360449760701,-0.000643573499865181,NA,NA,NA,NA,0.961181192608791,4,0.25,0.920492146631323,"1.60514125984354",0.00485066056720181,0.570442931703951
321306,NA,-1.50237914523943,-0.92239115538595,NA,NA,NA,NA,NA,0.850491382591465,NA,0.395823927242222,4,0.25,-0.294613747697922,"-0.524968216137948",0.00485066056720181,0.570442931703951
321307,NA,NA,-1.04795357007132,NA,NA,NA,NA,NA,NA,NA,-0.452211970807637,2,0.5,-0.750082770439477,"-1.32341622456718",0.00485066056720181,0.570442931703951
321308,NA,NA,1.47981609398934,0.239661903652703,NA,NA,NA,NA,NA,NA,-0.593551287149281,3,0.333333333333333,0.375308903497586,"0.649422093501625",0.00485066056720181,0.570442931703951
321309,NA,NA,-1.59315879173146,-0.617413601369107,NA,NA,NA,NA,NA,NA,-0.452211970807637,3,0.333333333333333,-0.8875947879694,"-1.56447805544861",0.00485066056720181,0.570442931703951
321310,NA,0.837220604702733,1.33773230895063,0.60697997723348,NA,NA,-0.735719064206513,NA,NA,NA,0.395823927242222,5,0.2,0.488407550784511,"0.847686706841809",0.00485066056720181,0.570442931703951
321311,NA,-0.312543172278065,1.31790666452663,-0.127656169928072,0.9147516175802,-0.693864171925916,0.0450498802965776,NA,NA,0.362133997149326,-0.169533338124351,8,0.125,0.167030663412041,"0.284305394687593",0.00485066056720181,0.570442931703951
321312,NA,NA,NA,NA,NA,NA,NA,NA,NA,NA,NA,0,NA,NA,"NaN",0.00485066056720181,0.570442931703951
321313,NA,NA,NA,0.484540619373221,NA,NA,NA,NA,NA,NA,NA,1,1,0.484540619373221,"0.840907884287661",0.00485066056720181,0.570442931703951
330005,0.553916736845854,-0.602295973983681,-0.397011578149815,0.60697997723348,-0.198542345061796,-1.38708477035197,0.825818824799667,-0.551061347695793,0.850491382591465,0.362133997149326,0.678502559925508,11,0.0909090909090909,0.0674406784820226,"0.109721787117004",0.00485066056720181,0.570442931703951
330006,NA,-3.71559735401211,-1.85419644331419,1.09673740867451,NA,NA,0.825818824799667,NA,NA,NA,-0.310872654465994,5,0.2,-0.791622043663623,"-1.39623555655552",0.00485066056720181,0.570442931703951
330009,NA,-5.44486673440415,-0.747264629640572,0.117222545792445,NA,NA,NA,NA,-1.25021843643427,NA,-2.43096239959064,5,0.2,-1.95121793085544,"-3.42903467237246",0.00485066056720181,0.570442931703951
330011,NA,-0.27863592952528,-0.479618429916503,0.362101261512963,1.65694759267486,1.66308586272266,0.0450498802965776,NA,0.26696087730654,-0.0621397918684502,-0.452211970807637,9,0.111111111111111,0.302393261377304,"0.521599242050949",0.00485066056720181,0.570442931703951
330013,0.255321407426727,0.698509157077703,0.207670576782341,-0.127656169928072,1.1374104101086,1.24715350366703,0.825818824799667,0.426250688561459,-0.666687931149345,0.0792848044708086,-0.452211970807637,11,0.0909090909090909,0.330078481909934,"0.570132090814511",0.00485066056720181,0.570442931703951
330014,-0.435947231913441,-2.98505039652029,-2.37296747240899,0.729419335093738,NA,NA,-0.735719064206513,NA,-0.199863526921402,NA,-1.01756923617421,7,0.142857142857143,-1.00252822757873,"-1.76595910328282",0.00485066056720181,0.570442931703951
330019,NA,-1.79213194694504,-2.52826835373036,0.484540619373221,-2.20247147781739,-0.277931812870285,0.825818824799667,NA,-3.00080995228905,NA,-2.57230171593229,8,0.125,-1.38294447692644,"-2.4328378184093",0.00485066056720181,0.570442931703951
330023,-0.182345719256101,0.32552948679707,-0.770394548135244,-0.127656169928072,-0.643859930118594,1.94037410209308,0.825818824799667,-1.13744856945014,-1.25021843643427,NA,-1.15890855251585,10,0.1,-0.217910951214847,"-0.390506393192821",0.00485066056720181,0.570442931703951
330024,-0.19052641321279,-0.253976116614164,-0.44327141513916,0.851858692953996,-1.53449510023219,2.07901822177829,0.825818824799667,1.69675633569588,-0.783394032206331,2.76635213491673,0.537163243583865,11,0.0909090909090909,0.504664034211254,"0.876184708172431",0.00485066056720181,0.570442931703951
330027,NA,-2.07263731880899,-3.1858188937932,-0.127656169928072,NA,NA,-0.735719064206513,NA,-0.900100133263316,NA,-2.43096239959064,6,0.166666666666667,-1.57548232993179,"-2.77036124503889",0.00485066056720181,0.570442931703951
330028,-1.42172085369439,-0.198491537564152,-2.59435383514371,1.70893419797581,0.0241164474666027,0.138000546185346,0.825818824799667,NA,-0.199863526921402,-0.910687369904002,-1.72426581788243,10,0.1,-0.435251292468267,"-0.771509170463126",0.00485066056720181,0.570442931703951
330030,NA,-0.620790833667019,-2.09540845047292,-2.20912525355247,NA,NA,0.825818824799667,NA,-1.13351233537729,NA,-1.86560513422407,6,0.166666666666667,-1.18310386374902,"-2.08251247985091",0.00485066056720181,0.570442931703951
330033,NA,-0.781079617589275,-1.31890404386605,0.60697997723348,NA,NA,0.825818824799667,NA,NA,NA,0.254484610900575,5,0.2,-0.0825400497043211,"-0.153197989517516",0.00485066056720181,0.570442931703951
330043,-0.615922498960586,0.0234467786358948,-0.93560825166862,-0.739852959229365,-0.569640332609128,-0.139287693185075,0.0450498802965776,-0.551061347695793,-0.0831574258644167,0.927832382506361,-0.169533338124351,11,0.0909090909090909,-0.255248618718046,"-0.455960210617938",0.00485066056720181,0.570442931703951
330044,-0.857252970682893,-0.898213728917077,-0.383794481867145,1.09673740867451,-1.90559308777952,0.138000546185346,1.60658776930276,NA,-1.25021843643427,NA,-0.876229919832567,9,0.111111111111111,-0.369997433483429,"-0.65711760671823",0.00485066056720181,0.570442931703951
330045,-0.5709286821988,0.488900747333215,-0.248319244969776,0.974298050814256,NA,NA,-0.735719064206513,NA,-0.549981830092359,1.4935307678634,-1.15890855251585,8,0.125,-0.0383909759965543,"-0.0758036153320201",0.00485066056720181,0.570442931703951
330046,-0.660916315722372,-0.549893871547559,-0.347447467089802,0.851858692953996,0.840532020070734,0.138000546185346,1.60658776930276,2.18541235382451,-2.06716114383317,-1.75923494793955,0.961181192608791,11,0.0909090909090909,0.108992620801243,"0.182563328329729",0.00485066056720181,0.570442931703951
330047,NA,-1.1571417644838,-0.836480029548595,-0.617413601369107,-0.421201137590195,-0.139287693185075,-0.735719064206513,NA,-0.549981830092359,NA,-0.593551287149281,8,0.125,-0.631347050953115,"-1.11526968985303",0.00485066056720181,0.570442931703951
330049,NA,0.260797477905389,0.868525390915845,0.239661903652703,-1.46027550272272,-0.277931812870285,1.60658776930276,NA,0.73378528153448,-0.344988984546967,0.678502559925508,9,0.111111111111111,0.256073787010745,"0.440400103991337",0.00485066056720181,0.570442931703951
330055,0.288044183253481,0.581375045749901,0.0259355028956277,0.60697997723348,1.06319081259913,1.38579762335224,1.60658776930276,NA,-0.0831574258644167,0.644983189827844,1.95055640700029,10,0.1,0.807029308535034,"1.40623821136967",0.00485066056720181,0.570442931703951
330056,-0.407314803065032,-2.60282329639799,-2.64391794620373,-0.0052168120678136,NA,NA,0.0450498802965776,NA,-1.01680623432031,-0.0621397918684502,-2.00694445056571,8,0.125,-1.08751418177406,"-1.91494149831657",0.00485066056720181,0.570442931703951
330057,-0.350049945368213,-0.398852517466972,-0.367273111513807,-2.20912525355247,-0.0501031500428634,0.969865264296607,0.0450498802965776,0.133057077684283,0.500373079420508,-1.19353656258252,0.254484610900575,11,0.0909090909090909,-0.242373693448027,"-0.433390161004806",0.00485066056720181,0.570442931703951
330058,NA,-1.62567820979501,-1.40151089563274,1.34161612439503,NA,NA,0.825818824799667,NA,-0.783394032206331,0.786407786167103,-2.71364103227392,7,0.142857142857143,-0.510054490649458,"-0.902640952493887",0.00485066056720181,0.570442931703951
330059,-0.583199723133832,0.692344203849924,-0.175625215415091,0.851858692953996,-1.75715389276059,1.80172998240787,1.60658776930276,-0.844254958572969,-3.23422215440303,0.220709400810067,-0.734890603490924,11,0.0909090909090909,-0.196010590768347,"-0.352114541476679",0.00485066056720181,0.570442931703951
330060,NA,NA,NA,NA,NA,NA,NA,NA,NA,NA,NA,0,NA,NA,"NaN",0.00485066056720181,0.570442931703951
330065,NA,-1.00610041040321,0.792527087290492,0.60697997723348,0.246775239995002,-0.971152411296336,0.825818824799667,NA,0.967197483648454,NA,-0.452211970807637,8,0.125,0.126229227557489,"0.212779509122361",0.00485066056720181,0.570442931703951
330073,NA,-0.186161631108594,-0.978563814587298,-0.617413601369107,0.469434032523402,-0.000643573499865181,1.60658776930276,NA,-1.01680623432031,NA,0.395823927242222,8,0.125,-0.0409678907270985,"-0.0803210080234271",0.00485066056720181,0.570442931703951
330074,NA,-2.7476996972508,-1.54689895474211,-0.37253488564859,NA,NA,1.60658776930276,NA,-0.549981830092359,NA,-1.72426581788243,6,0.166666666666667,-0.889132236052255,"-1.56717323843258",0.00485066056720181,0.570442931703951
330078,NA,-0.962945737808757,-1.60637588801413,0.974298050814256,0.172555642485536,-0.000643573499865181,1.60658776930276,NA,-0.0831574258644167,NA,-0.452211970807637,8,0.125,-0.0439866416740317,"-0.0856129500901225",0.00485066056720181,0.570442931703951
330079,NA,0.251550048063721,-2.01941014684757,-0.617413601369107,0.9147516175802,-0.832508291611126,0.0450498802965776,NA,1.08390358470544,2.76635213491673,0.961181192608791,9,0.111111111111111,0.283717379815962,"0.488859978360617",0.00485066056720181,0.570442931703951
330080,NA,-0.451254619903094,-1.16029888847401,0.239661903652703,NA,NA,NA,NA,NA,NA,-0.169533338124351,4,0.25,-0.385356235712188,"-0.684041951600341",0.00485066056720181,0.570442931703951
330085,NA,-1.05850251283933,-0.165712393203088,0.239661903652703,0.0983360449760701,-0.000643573499865181,0.0450498802965776,NA,0.383666978363526,NA,-0.310872654465994,8,0.125,-0.0961270408399255,"-0.177016307495476",0.00485066056720181,0.570442931703951
330086,NA,NA,1.02382627223722,NA,NA,NA,NA,NA,NA,NA,0.113145294558936,2,0.5,0.568485783398077,"0.988065749447118",0.00485066056720181,0.570442931703951
330090,-1.05767997262176,0.482735794105436,0.201062028641006,-0.862292317089623,-0.346981540080729,-0.832508291611126,0.0450498802965776,NA,0.500373079420508,0.503558593488585,-1.15890855251585,10,0.1,-0.252559129796698,"-0.451245472697855",0.00485066056720181,0.570442931703951
330094,NA,-1.55478124767555,-1.05456211821265,1.95381291369632,0.6920928250518,-0.277931812870285,0.825818824799667,NA,0.850491382591465,-0.203564388207709,0.678502559925508,9,0.111111111111111,0.212208771010952,"0.363503689710658",0.00485066056720181,0.570442931703951
330096,NA,-0.244728686772495,1.63181270124004,0.729419335093738,-0.12432274755233,0.276644665870556,0.0450498802965776,NA,0.150254776249555,NA,2.09189572334194,8,0.125,0.569503205970948,"0.989849315368132",0.00485066056720181,0.570442931703951
330100,NA,NA,NA,NA,NA,NA,0.0450498802965776,NA,NA,NA,NA,1,1,0.0450498802965776,"0.0704701864028678",0.00485066056720181,0.570442931703951
330101,-0.0146414931439893,0.276209860974837,-0.291274807888454,2.93332777657839,-3.24154584294992,2.49495058083392,3.16812565830894,0.719444299438634,1.31731578681941,1.4935307678634,1.95055640700029,11,0.0909090909090909,0.982363544894132,"1.71360328965254",0.00485066056720181,0.570442931703951
330102,NA,-0.232398780316937,-1.18342880696868,0.117222545792445,NA,NA,0.825818824799667,NA,-1.01680623432031,NA,0.819841876267148,6,0.166666666666667,-0.111625095791111,"-0.204184765705471",0.00485066056720181,0.570442931703951
330103,-0.513663824501981,-0.466667002972542,-0.291274807888454,-0.0052168120678136,0.395214435013935,0.692577024926186,-0.735719064206513,NA,-1.36692453749126,0.0792848044708086,-0.734890603490924,10,0.1,-0.294728038820856,"-0.525168571189402",0.00485066056720181,0.570442931703951
330104,-0.808168806942763,0.0326942084775634,-1.92358619879821,0.117222545792445,-0.866518722646993,-0.000643573499865181,0.825818824799667,NA,-1.48363063854824,-1.47638575526104,-1.44158718519914,10,0.1,-0.702478530182658,"-1.23996486140519",0.00485066056720181,0.570442931703951
330106,-0.198707107169478,-0.935203448283751,-0.278057711605784,-0.127656169928072,0.840532020070734,0.969865264296607,2.38735671380585,1.20810031756726,-2.06716114383317,1.35210617152414,-1.01756923617421,11,0.0909090909090909,0.193964151842738,"0.331520439232443",0.00485066056720181,0.570442931703951
330107,-0.959511645141498,-0.28171840613917,0.234104769347681,-0.0052168120678136,NA,NA,1.60658776930276,NA,0.383666978363526,0.927832382506361,-1.3002478688575,8,0.125,0.0756871459142934,"0.124178040273894",0.00485066056720181,0.570442931703951
330111,NA,NA,-0.734047533357902,-0.37253488564859,NA,NA,NA,NA,NA,NA,-0.310872654465994,3,0.333333333333333,-0.472485024490829,"-0.836780786523548",0.00485066056720181,0.570442931703951
330115,NA,-2.17435904706735,-0.644832133449879,-0.617413601369107,-0.866518722646993,-0.416575932555496,0.0450498802965776,NA,-0.783394032206331,NA,-0.593551287149281,8,0.125,-0.756449359518482,"-1.33457700634773",0.00485066056720181,0.570442931703951
330119,0.85251206626498,0.501230653788773,0.0424568732489653,0.851858692953996,-0.866518722646993,0.138000546185346,1.60658776930276,0.719444299438634,-0.666687931149345,1.4935307678634,0.678502559925508,11,0.0909090909090909,0.486447052288729,"0.844249906441941",0.00485066056720181,0.570442931703951
330125,-1.6262382026116,-0.842729149867065,-2.82895729416111,0.239661903652703,1.43428880014646,1.80172998240787,0.0450498802965776,0.0353258740585582,-1.95045504277619,-0.344988984546967,-1.15890855251585,11,0.0909090909090909,-0.472383707810601,"-0.836603175978134",0.00485066056720181,0.570442931703951
330126,0.075346140379583,-0.694770272400367,-1.2329929180287,0.974298050814256,0.320994837504468,0.831221144611397,0.825818824799667,0.133057077684283,0.26696087730654,-0.0621397918684502,-0.876229919832567,11,0.0909090909090909,0.0510512773609194,"0.0809907779130742",0.00485066056720181,0.570442931703951
330127,NA,-0.596131020755902,-1.08430058484866,NA,NA,NA,NA,NA,1.20060968576243,NA,-1.86560513422407,4,0.25,-0.586356763516551,"-1.03640064803288",0.00485066056720181,0.570442931703951
330128,NA,0.72316896998882,0.79583136136116,-0.127656169928072,NA,NA,NA,NA,0.383666978363526,NA,-1.44158718519914,5,0.2,0.0666847909172587,"0.108396698273312",0.00485066056720181,0.570442931703951
330135,NA,-1.6287606864089,-0.0731927192243978,0.362101261512963,NA,NA,0.825818824799667,NA,-1.60033673960523,NA,-0.0281940217827077,6,0.166666666666667,-0.357094013451434,"-0.634497605110967",0.00485066056720181,0.570442931703951
330136,-0.419585844000064,0.0511890681609006,0.399318472881057,0.851858692953996,-2.57356946536472,-2.21894948846323,-1.5164880087096,0.133057077684283,0.850491382591465,0.644983189827844,-0.876229919832567,11,0.0909090909090909,-0.42490225838824,"-0.753367068063656",0.00485066056720181,0.570442931703951
330140,-0.587290070112176,-1.74281232112281,-1.68898273978081,-0.984731674949884,-1.46027550272272,0.415288785555766,0.825818824799667,-0.355598940444343,-0.666687931149345,0.927832382506361,-1.72426581788243,11,0.0909090909090909,-0.640155000482066,"-1.13071023445342",0.00485066056720181,0.570442931703951
330141,2.15324240537843,0.0111168721803366,-0.985172362728633,0.851858692953996,NA,NA,2.38735671380585,NA,-0.316569627978388,0.644983189827844,1.10252050895044,8,0.125,0.731167049048734,"1.27324986973189",0.00485066056720181,0.570442931703951
330151,NA,-1.32976045486161,-0.674570600085886,-0.0052168120678136,NA,NA,-0.735719064206513,NA,-1.13351233537729,NA,-1.15890855251585,6,0.166666666666667,-0.839614636519161,"-1.48036771104147",0.00485066056720181,0.570442931703951
330153,0.787066514611473,-1.10165718543379,-0.122756830284411,-1.84180717997169,-0.0501031500428634,-0.277931812870285,0.825818824799667,0.621713095812908,-1.13351233537729,NA,0.113145294558936,10,0.1,-0.218002476419734,"-0.390666839049542",0.00485066056720181,0.570442931703951
330157,NA,-0.349532891644739,0.191149206429004,1.95381291369632,0.469434032523402,0.415288785555766,1.60658776930276,NA,-1.48363063854824,NA,-0.452211970807637,8,0.125,0.293862150813329,"0.506644002727549",0.00485066056720181,0.570442931703951
330158,-0.988144073989907,-0.485161862655879,-1.42794508819808,0.362101261512963,-0.569640332609128,0.831221144611397,1.60658776930276,0.133057077684283,-1.25021843643427,1.06925697884562,-0.169533338124351,11,0.0909090909090909,-0.0807653545504178,"-0.150086906786414",0.00485066056720181,0.570442931703951
330160,-0.558657641263767,0.0604364980025692,-0.694396244509891,0.239661903652703,-1.60871469774166,0.138000546185346,1.60658776930276,1.69675633569588,-1.95045504277619,-1.33496115892178,-2.00694445056571,11,0.0909090909090909,-0.401153289358157,"-0.711734561619685",0.00485066056720181,0.570442931703951
330162,-0.276423699758018,0.59062247559157,-0.674570600085886,1.34161612439503,-0.272761942571262,0.276644665870556,-0.735719064206513,NA,-0.316569627978388,-0.486413580886226,1.24385982529208,10,0.1,0.0690284575662945,"0.112505201541177",0.00485066056720181,0.570442931703951
330164,NA,-0.364945274714187,-0.767090274064577,-1.10717103281014,0.766312422561267,0.553932905240976,-0.735719064206513,NA,-0.433275729035377,-0.344988984546967,-0.734890603490924,9,0.111111111111111,-0.351981737229605,"-0.625535663542933",0.00485066056720181,0.570442931703951
330166,NA,NA,0.970957887106538,-0.37253488564859,NA,NA,NA,NA,NA,NA,0.254484610900575,3,0.333333333333333,0.284302537452841,"0.489885773588075",0.00485066056720181,0.570442931703951
330169,-0.583199723133832,-0.515986628794774,-2.45227005010501,0.239661903652703,1.5827279951654,0.415288785555766,1.60658776930276,NA,-2.18386724489016,NA,-2.00694445056571,9,0.111111111111111,-0.433111293756985,"-0.767757701924652",0.00485066056720181,0.570442931703951
330175,NA,-0.855059056322623,-0.846392851760597,-0.0052168120678136,-0.346981540080729,0.831221144611397,-1.5164880087096,NA,0.500373079420508,NA,-0.452211970807637,8,0.125,-0.336344501964637,"-0.598123218939126",0.00485066056720181,0.570442931703951
330180,1.1224749668357,0.291622244044285,-0.145886748779083,0.729419335093738,-0.866518722646993,-0.000643573499865181,0.825818824799667,NA,2.48437679738926,NA,0.961181192608791,9,0.111111111111111,0.600204923982833,"1.04367015581606",0.00485066056720181,0.570442931703951
330181,NA,0.738581353058268,1.87632898246944,-0.494974243508849,NA,NA,0.0450498802965776,NA,0.150254776249555,NA,-0.0281940217827077,6,0.166666666666667,0.381174454463714,"0.659704543577055",0.00485066056720181,0.570442931703951
330182,-0.697729438527469,0.128250983508139,-0.383794481867145,-1.47448910639092,1.360069202637,2.07901822177829,0.0450498802965776,1.89221874294734,0.967197483648454,1.4935307678634,-0.310872654465994,11,0.0909090909090909,0.463495418311606,"0.804015147272317",0.00485066056720181,0.570442931703951
330184,NA,-0.229316303703047,-1.43785791041008,1.95381291369632,NA,NA,0.825818824799667,NA,-0.900100133263316,0.220709400810067,-0.452211970807637,7,0.142857142857143,-0.00273502555400358,"-0.0132978878334884",0.00485066056720181,0.570442931703951
330185,-0.210978148104511,0.109756123824802,0.346450087750377,0.362101261512963,NA,NA,0.825818824799667,NA,2.25096459527529,0.0792848044708086,3.9293068357833,8,0.125,0.961588048164087,"1.67718335073247",0.00485066056720181,0.570442931703951
330188,NA,-1.6565029759339,-3.0734735753905,0.60697997723348,NA,NA,NA,NA,-0.433275729035377,NA,-0.452211970807637,5,0.2,-1.00169685478679,"-1.76450168704408",0.00485066056720181,0.570442931703951
330191,-2.0148211655543,0.630694671572134,0.640530480039786,0.729419335093738,0.395214435013935,1.66308586272266,0.825818824799667,NA,2.01755239316132,NA,0.537163243583865,9,0.111111111111111,0.602739786714756,"1.04811383035569",0.00485066056720181,0.570442931703951
330193,NA,-0.109099715761355,-0.37718593372581,NA,NA,NA,0.0450498802965776,NA,-0.783394032206331,NA,-0.876229919832567,5,0.2,-0.420171944245897,"-0.745074715087675",0.00485066056720181,0.570442931703951
330194,-0.820439847877795,-1.66883288238946,-3.23868727892388,-0.984731674949884,0.246775239995002,1.38579762335224,2.38735671380585,-0.453330144070068,-1.01680623432031,0.220709400810067,-3.13765898129885,11,0.0909090909090909,-0.643622551442463,"-1.13678893359697",0.00485066056720181,0.570442931703951
330195,0.255321407426727,-0.774914664361496,-0.638223585308544,0.974298050814256,-2.42513027034579,2.07901822177829,0.0450498802965776,NA,-1.25021843643427,0.644983189827844,-0.876229919832567,10,0.1,-0.196604612613897,"-0.353155875872349",0.00485066056720181,0.570442931703951
330196,-0.910427481401368,-1.70890507837003,-3.31468558254923,0.729419335093738,NA,NA,0.825818824799667,NA,-1.01680623432031,NA,-1.58292650154078,7,0.142857142857143,-0.996930388326901,"-1.75614595819729",0.00485066056720181,0.570442931703951
330197,NA,-0.796492000658722,-0.539095363188518,-1.10717103281014,0.172555642485536,0.415288785555766,-0.735719064206513,NA,0.617079180477497,NA,-0.876229919832567,8,0.125,-0.356222971522208,"-0.63297064793293",0.00485066056720181,0.570442931703951
330198,-0.0064607991873009,-0.115264668989134,-1.83106652481952,0.239661903652703,-2.79622825789312,0.415288785555766,0.0450498802965776,NA,0.033548675192569,-1.6178103516003,-1.3002478688575,10,0.1,-0.693352922664925,"-1.22396745481015",0.00485066056720181,0.570442931703951
330199,NA,1.50611802991676,NA,-0.862292317089623,NA,NA,NA,NA,NA,NA,-0.169533338124351,3,0.333333333333333,0.158097458234263,"0.268645273961591",0.00485066056720181,0.570442931703951
330202,NA,0.211477852083157,-1.61628871022613,NA,-0.792299125137527,0.553932905240976,NA,NA,0.383666978363526,NA,0.113145294558936,6,0.166666666666667,-0.191060800852844,"-0.343437442260605",0.00485066056720181,0.570442931703951
330203,0.108068916206337,-0.670110459489251,-1.11403905148467,0.362101261512963,NA,NA,-0.735719064206513,NA,-1.71704284066222,-0.203564388207709,0.113145294558936,8,0.125,-0.482145041471515,"-0.853715025592531",0.00485066056720181,0.570442931703951
330204,-0.902246787444679,-0.663945506261472,2.69578895199498,NA,-0.272761942571262,0.415288785555766,NA,NA,-1.01680623432031,NA,-0.169533338124351,7,0.142857142857143,0.0122548469755258,"0.0129797145285106",0.00485066056720181,0.570442931703951
330205,NA,0.612199811888796,0.91478522790519,0.239661903652703,NA,NA,0.825818824799667,NA,-0.666687931149345,0.927832382506361,0.113145294558936,7,0.142857142857143,0.423822216308901,"0.734467082430496",0.00485066056720181,0.570442931703951
330208,NA,-0.802656953886501,-1.14708179219134,2.07625227155658,-0.272761942571262,0.276644665870556,-0.735719064206513,NA,0.850491382591465,0.786407786167103,-1.86560513422407,9,0.111111111111111,-0.0926698645437757,"-0.17095579538461",0.00485066056720181,0.570442931703951
330214,0.909776923961798,0.670766867552698,0.389405650669055,3.05576713443865,-0.792299125137527,2.35630646114871,2.38735671380585,2.47860596470169,0.150254776249555,1.77637996054191,2.65725298870851,11,0.0909090909090909,1.45814311969463,"2.54765617795692",0.00485066056720181,0.570442931703951
330215,NA,-1.89693615181729,-0.658049229732549,0.974298050814256,NA,NA,-0.735719064206513,NA,-0.0831574258644167,NA,-0.734890603490924,6,0.166666666666667,-0.522409070716239,"-0.924298824614201",0.00485066056720181,0.570442931703951
330218,NA,0.72008649337493,-0.800133014771252,1.83137355583607,NA,NA,0.825818824799667,NA,0.033548675192569,NA,-0.310872654465994,6,0.166666666666667,0.383303646660998,"0.663437068039974",0.00485066056720181,0.570442931703951
330219,NA,-0.839646673253176,-0.932303977597953,0.729419335093738,-0.495420735099661,0.276644665870556,-0.735719064206513,NA,0.033548675192569,1.06925697884562,-0.169533338124351,9,0.111111111111111,-0.118194903697686,"-0.215701794914598",0.00485066056720181,0.570442931703951
330221,NA,-0.0166254173446692,-1.15038606626201,-0.0052168120678136,NA,NA,NA,NA,0.033548675192569,NA,-0.169533338124351,5,0.2,-0.261642591721255,"-0.467168997067636",0.00485066056720181,0.570442931703951
330222,-1.18039038197208,0.285457290816506,-0.198755133909764,-0.127656169928072,1.65694759267486,1.52444174303745,0.0450498802965776,NA,-2.06716114383317,0.503558593488585,0.395823927242222,10,0.1,0.083731619791311,"0.138280193933662",0.00485066056720181,0.570442931703951
330224,-2.08435706418615,0.273127384360947,-0.185538037627093,-0.127656169928072,1.5827279951654,0.969865264296607,0.825818824799667,NA,1.78414019104735,-1.19353656258252,-0.310872654465994,10,0.1,0.153371917088014,"0.26036128816106",0.00485066056720181,0.570442931703951
330226,1.32699231575291,-1.12015204511712,-2.57452819071971,-0.25009552778833,0.6920928250518,0.276644665870556,0.825818824799667,NA,-2.88410385123207,-0.910687369904002,-0.452211970807637,10,0.1,-0.507023032409394,"-0.897326734240699",0.00485066056720181,0.570442931703951
330229,NA,-0.204656490791931,-0.92239115538595,0.484540619373221,NA,NA,0.0450498802965776,NA,-0.0831574258644167,NA,-0.452211970807637,6,0.166666666666667,-0.188804423863356,"-0.339481959837941",0.00485066056720181,0.570442931703951
330231,NA,1.37973648874729,-2.53157262780103,NA,NA,NA,NA,NA,-0.666687931149345,NA,-1.86560513422407,4,0.25,-0.921032301106789,"-1.62309480969169",0.00485066056720181,0.570442931703951
330233,NA,-2.90490600455917,0.078803888026308,-2.08668589569221,NA,NA,0.0450498802965776,NA,0.033548675192569,NA,-1.01756923617421,6,0.166666666666667,-0.975293115485022,"-1.71821530529701",0.00485066056720181,0.570442931703951
330234,0.341218693971956,-0.81190438372817,-0.363968837443139,0.974298050814256,-0.346981540080729,0.831221144611397,0.0450498802965776,-0.844254958572969,-0.900100133263316,1.35210617152414,0.395823927242222,11,0.0909090909090909,0.0611370923065656,"0.0986714509218872",0.00485066056720181,0.570442931703951
330235,NA,-1.31126559517828,-0.740656081499237,-0.127656169928072,0.6920928250518,-0.000643573499865181,0.0450498802965776,NA,-0.666687931149345,-0.627838177225485,-0.876229919832567,9,0.111111111111111,-0.401537193662719,"-0.712407554978397",0.00485066056720181,0.570442931703951
330238,NA,0.794065932108279,-2.21436231701695,0.851858692953996,NA,NA,0.0450498802965776,NA,0.73378528153448,NA,-1.01756923617421,6,0.166666666666667,-0.134528627716305,"-0.244335200836254",0.00485066056720181,0.570442931703951
330239,NA,-0.229316303703047,-0.0566713488710602,-0.0052168120678136,1.43428880014646,-0.000643573499865181,0.0450498802965776,NA,-0.433275729035377,0.220709400810067,-1.44158718519914,9,0.111111111111111,-0.0518514301247993,"-0.0994001109324438",0.00485066056720181,0.570442931703951
330240,NA,-3.62004057898154,-1.57333314730745,0.362101261512963,NA,NA,NA,NA,-0.433275729035377,NA,-0.169533338124351,5,0.2,-1.08681630638715,"-1.91371810619771",0.00485066056720181,0.570442931703951
330241,0.0917075282929597,-0.959863261194868,-0.327621822665797,-1.2296103906704,-3.16732624544045,0.276644665870556,0.0450498802965776,0.426250688561459,-0.199863526921402,1.35210617152414,-0.734890603490924,11,0.0909090909090909,-0.402492446894377,"-0.714082136568541",0.00485066056720181,0.570442931703951
330246,NA,0.0234467786358948,0.911480953834523,-0.127656169928072,NA,NA,0.0450498802965776,NA,0.967197483648454,1.06925697884562,-0.452211970807637,7,0.142857142857143,0.348080562075052,"0.601690164663097",0.00485066056720181,0.570442931703951
330250,0.136701345054746,-1.99249292684786,1.06347756108523,-0.862292317089623,-1.08917751517539,1.52444174303745,0.0450498802965776,NA,-0.316569627978388,-0.486413580886226,-2.00694445056571,10,0.1,-0.39842198890692,"-0.706946527095217",0.00485066056720181,0.570442931703951
330259,NA,-0.176914201266925,-0.453184237351162,1.34161612439503,-0.94073832015646,0.138000546185346,0.0450498802965776,NA,0.500373079420508,0.927832382506361,1.80921709065865,9,0.111111111111111,0.354583593854214,"0.613090133735793",0.00485066056720181,0.570442931703951
330261,NA,0.430333691669314,0.0589782436023029,-2.94376140071402,-0.198542345061796,0.831221144611397,0.825818824799667,NA,1.55072798893338,0.362133997149326,1.66787777431701,9,0.111111111111111,0.287198657700731,"0.494962741128437",0.00485066056720181,0.570442931703951
330264,-0.374592027238278,-0.152254388355809,-0.601876570531201,-0.25009552778833,NA,NA,0.825818824799667,NA,-0.316569627978388,-0.203564388207709,-0.169533338124351,8,0.125,-0.15533338042805,"-0.280806426186703",0.00485066056720181,0.570442931703951
330265,NA,-0.580718637686455,-7.97040774811977,-1.35204974853066,0.0983360449760701,0.415288785555766,0.825818824799667,NA,NA,NA,-1.58292650154078,7,0.142857142857143,-1.44952271150659,"-2.54955104400976",0.00485066056720181,0.570442931703951
330267,1.80147256524083,0.365601682777633,0.987479257459876,-0.127656169928072,-0.12432274755233,0.692577024926186,0.825818824799667,NA,0.26696087730654,0.786407786167103,1.10252050895044,10,0.1,0.657685961014787,"1.14443577817245",0.00485066056720181,0.570442931703951
330270,NA,NA,NA,NA,NA,NA,2.38735671380585,NA,NA,2.20065374955969,4.35332478480823,3,0.333333333333333,2.98044508272459,"5.21628765434798",0.00485066056720181,0.570442931703951
330273,NA,-0.164584294811367,-0.119452556213743,0.851858692953996,NA,NA,0.825818824799667,NA,2.13425849421831,-0.203564388207709,0.819841876267148,7,0.142857142857143,0.592025235572329,"1.02933096786947",0.00485066056720181,0.570442931703951
330276,NA,1.58009746865011,1.37077504965731,0.239661903652703,NA,NA,0.825818824799667,NA,-0.900100133263316,NA,-0.0281940217827077,6,0.166666666666667,0.514676515285628,"0.893736825164162",0.00485066056720181,0.570442931703951
330277,NA,-0.959863261194868,-1.69889556199282,0.239661903652703,0.0241164474666027,-0.693864171925916,-2.29725695321269,NA,0.383666978363526,NA,0.678502559925508,8,0.125,-0.540491507364744,"-0.955997765285606",0.00485066056720181,0.570442931703951
330279,1.27381780503443,-0.704017702242036,-1.71211265827549,NA,NA,NA,0.0450498802965776,0.0353258740585582,-0.433275729035377,NA,0.254484610900575,7,0.142857142857143,-0.177246845608965,"-0.319221250813346",0.00485066056720181,0.570442931703951
330285,1.42516064323317,-0.697852749014257,-0.301187630100457,-0.617413601369107,-0.643859930118594,0.138000546185346,0.0450498802965776,-0.0624053295671671,0.967197483648454,NA,-0.0281940217827077,10,0.1,0.0224495291411255,"0.0308512343581062",0.00485066056720181,0.570442931703951
330286,-1.64259959052498,-0.195409060950262,-0.208667956121766,-0.0052168120678136,-2.57356946536472,1.24715350366703,0.0450498802965776,2.18541235382451,1.20060968576243,1.06925697884562,0.113145294558936,11,0.0909090909090909,0.112287710175051,"0.188339698218238",0.00485066056720181,0.570442931703951
330304,0.202146896708253,0.128250983508139,-0.340838918948467,0.362101261512963,-1.01495791766593,1.38579762335224,1.60658776930276,0.817175503064359,-0.433275729035377,0.503558593488585,0.961181192608791,11,0.0909090909090909,0.379793387081483,"0.65728349967332",0.00485066056720181,0.570442931703951
330307,2.14915205840009,-0.700935225628147,0.270451784125024,2.56600970299762,0.320994837504468,-0.555220052240705,0.825818824799667,NA,-0.0831574258644167,-0.203564388207709,1.10252050895044,10,0.1,0.569207062483633,"0.989330168805249",0.00485066056720181,0.570442931703951
330331,-0.0146414931439893,0.350189299708186,0.614096287474446,0.362101261512963,NA,NA,0.825818824799667,NA,-0.549981830092359,-0.344988984546967,0.254484610900575,8,0.125,0.187134747076565,"0.319548330566335",0.00485066056720181,0.570442931703951
330332,0.157153079946467,-0.337202985189181,-0.905869785032613,-0.127656169928072,NA,NA,0.825818824799667,NA,0.850491382591465,-0.344988984546967,1.10252050895044,8,0.125,0.152533233948901,"0.258891056710198",0.00485066056720181,0.570442931703951
330350,NA,-1.98324549700619,-3.38407533803325,-0.984731674949884,NA,NA,0.825818824799667,NA,NA,0.220709400810067,-1.3002478688575,6,0.166666666666667,-1.10096202553952,"-1.93851588765169",0.00485066056720181,0.570442931703951
330386,NA,-1.28660578226716,-1.14047324405001,-0.494974243508849,NA,NA,0.0450498802965776,NA,0.383666978363526,NA,-1.01756923617421,6,0.166666666666667,-0.585150941223353,"-1.03428681293005",0.00485066056720181,0.570442931703951
330393,0.631633329434393,-0.503656722339216,-0.010411511881715,1.70893419797581,-0.643859930118594,2.63359470051913,1.60658776930276,2.08768115019879,0.150254776249555,1.63495536420266,0.395823927242222,11,0.0909090909090909,0.881048822798707,"1.53599617689055",0.00485066056720181,0.570442931703951
330394,-0.844981929747861,-0.331038031961402,-0.515965444693845,2.07625227155658,0.543653630032868,0.692577024926186,0.825818824799667,-0.160136533192892,0.26696087730654,0.644983189827844,-0.169533338124351,11,0.0909090909090909,0.275326412793576,"0.474150413992238",0.00485066056720181,0.570442931703951
330395,NA,-3.62312305559543,-4.22666522605347,0.484540619373221,NA,NA,NA,NA,-1.60033673960523,NA,-4.55105214471529,5,0.2,-2.70332730931924,"-4.74750026579685",0.00485066056720181,0.570442931703951
330396,NA,-1.98016302039231,-1.01491082936464,NA,NA,NA,NA,NA,NA,NA,0.678502559925508,3,0.333333333333333,-0.772190429943812,"-1.36217147645241",0.00485066056720181,0.570442931703951
330399,NA,-1.59485344365611,-1.97315030985822,-0.127656169928072,NA,NA,NA,NA,NA,NA,-0.169533338124351,4,0.25,-0.966298315391689,"-1.70244720722195",0.00485066056720181,0.570442931703951
330401,1.81783395315421,0.242302618222052,-0.287970533817787,1.09673740867451,NA,NA,2.38735671380585,NA,0.500373079420508,NA,-0.169533338124351,7,0.142857142857143,0.798157128762142,"1.390685069627",0.00485066056720181,0.570442931703951
330405,NA,NA,NA,NA,NA,NA,NA,NA,NA,NA,NA,0,NA,NA,"NaN",0.00485066056720181,0.570442931703951
330406,NA,NA,NA,NA,NA,NA,NA,NA,NA,NA,2.65725298870851,1,1,2.65725298870851,"4.64972424185958",0.00485066056720181,0.570442931703951
331301,NA,NA,NA,NA,NA,NA,NA,NA,NA,NA,NA,0,NA,NA,"NaN",0.00485066056720181,0.570442931703951
331302,NA,0.0265292552497843,-0.393707304079147,NA,NA,NA,NA,NA,-0.900100133263316,NA,-0.452211970807637,4,0.25,-0.429872538225079,"-0.762080086598206",0.00485066056720181,0.570442931703951
331303,NA,NA,NA,NA,NA,NA,NA,NA,NA,NA,NA,0,NA,NA,"NaN",0.00485066056720181,0.570442931703951
331304,NA,NA,NA,-0.0052168120678136,NA,NA,NA,NA,NA,NA,0.113145294558936,2,0.5,0.053964241245561,"0.0860972727484827",0.00485066056720181,0.570442931703951
331305,NA,NA,NA,0.362101261512963,NA,NA,NA,NA,NA,NA,0.395823927242222,2,0.5,0.378962594377593,"0.6558271003427",0.00485066056720181,0.570442931703951
331309,NA,NA,NA,-0.37253488564859,NA,NA,NA,NA,NA,NA,0.254484610900575,2,0.5,-0.0590251373740078,"-0.111975790024093",0.00485066056720181,0.570442931703951
331310,NA,NA,-1.05786639228332,-0.494974243508849,NA,NA,NA,NA,NA,NA,-0.0281940217827077,3,0.333333333333333,-0.527011552524958,"-0.932367084474958",0.00485066056720181,0.570442931703951
331311,NA,-0.432759760219757,-2.14166828746226,0.60697997723348,NA,NA,NA,NA,NA,NA,-1.01756923617421,4,0.25,-0.746254326655688,"-1.31670487173763",0.00485066056720181,0.570442931703951
331312,NA,-4.19338122916499,1.12295449435724,-0.25009552778833,NA,NA,NA,NA,NA,NA,-0.0281940217827077,4,0.25,-0.837179071094696,"-1.47609810703886",0.00485066056720181,0.570442931703951
331313,NA,NA,-3.21886163449988,0.239661903652703,NA,NA,NA,NA,NA,NA,-1.01756923617421,3,0.333333333333333,-1.33225632234046,"-2.34398028022477",0.00485066056720181,0.570442931703951
331314,NA,NA,1.60868278274537,NA,NA,NA,NA,NA,NA,NA,-0.0281940217827077,2,0.5,0.790244380481331,"1.37681383406418",0.00485066056720181,0.570442931703951
331315,NA,NA,-0.0269328822350526,0.239661903652703,NA,NA,NA,NA,NA,NA,0.254484610900575,3,0.333333333333333,0.155737877439408,"0.264508872818349",0.00485066056720181,0.570442931703951
331316,NA,0.602952382047128,0.333232991467707,0.484540619373221,NA,NA,0.0450498802965776,NA,0.383666978363526,0.786407786167103,-0.452211970807637,7,0.142857142857143,0.311948380986804,"0.538349593538272",0.00485066056720181,0.570442931703951
331317,NA,NA,NA,0.362101261512963,NA,NA,0.0450498802965776,NA,NA,NA,NA,2,0.5,0.20357557090477,"0.348369484996447",0.00485066056720181,0.570442931703951
331318,NA,NA,NA,NA,NA,NA,NA,NA,NA,NA,NA,0,NA,NA,"NaN",0.00485066056720181,0.570442931703951
331319,NA,NA,NA,-0.127656169928072,NA,NA,NA,NA,NA,NA,NA,1,1,-0.127656169928072,"-0.232287619200517",0.00485066056720181,0.570442931703951
331320,NA,0.522807990086,1.46990327177733,-0.739852959229365,NA,NA,NA,NA,-0.433275729035377,NA,0.537163243583865,5,0.2,0.271349163436491,"0.46717820146047",0.00485066056720181,0.570442931703951
331321,NA,0.0758488810720169,-1.24951428838203,NA,0.246775239995002,-0.971152411296336,NA,NA,-0.0831574258644167,NA,0.819841876267148,6,0.166666666666667,-0.19355968803477,"-0.347818050807128",0.00485066056720181,0.570442931703951
331322,NA,NA,0.977566435247873,0.239661903652703,NA,NA,0.825818824799667,NA,NA,NA,0.537163243583865,4,0.25,0.645052601821027,"1.12228919962511",0.00485066056720181,0.570442931703951
331323,NA,NA,NA,NA,NA,NA,NA,NA,NA,NA,NA,0,NA,NA,"NaN",0.00485066056720181,0.570442931703951
340001,-0.583199723133832,-0.00737798750300062,0.44888258394107,0.729419335093738,0.988971215089666,-0.277931812870285,-0.735719064206513,0.230788281310009,-0.433275729035377,0.927832382506361,0.537163243583865,11,0.0909090909090909,0.165959338615973,"0.282427336889825",0.00485066056720181,0.570442931703951
340002,1.31881162179622,0.695426680463814,0.481925324647745,1.34161612439503,-1.08917751517539,-0.277931812870285,0.825818824799667,1.01263791031581,0.150254776249555,0.362133997149326,1.66787777431701,11,0.0909090909090909,0.589944882371681,"1.02568405932696",0.00485066056720181,0.570442931703951
340003,NA,0.137498413349808,0.0754996139556405,-0.862292317089623,0.543653630032868,0.415288785555766,0.825818824799667,NA,1.08390358470544,NA,0.537163243583865,8,0.125,0.344566722361679,"0.595530320236808",0.00485066056720181,0.570442931703951
340004,-0.0269125340790219,-0.109099715761355,0.065586791743638,-0.25009552778833,0.617873227542334,0.831221144611397,0.825818824799667,NA,-0.549981830092359,NA,-0.734890603490924,9,0.111111111111111,0.0743910863872273,"0.121906017158112",0.00485066056720181,0.570442931703951
340008,NA,0.183735562558151,-1.26603565873537,1.58649484011555,-0.12432274755233,-0.000643573499865181,0.0450498802965776,NA,1.43402188787639,0.786407786167103,-0.310872654465994,9,0.111111111111111,0.259315035862246,"0.446082090166219",0.00485066056720181,0.570442931703951
340010,0.459838756343937,-0.0197078939585588,-0.238406422757774,0.974298050814256,0.469434032523402,-0.000643573499865181,0.825818824799667,NA,0.500373079420508,NA,-0.452211970807637,9,0.111111111111111,0.279865875875326,"0.482108200528729",0.00485066056720181,0.570442931703951
340013,NA,-0.589966067528123,0.339841539609042,-2.82132204285376,NA,NA,-0.735719064206513,NA,0.850491382591465,-0.0621397918684502,-0.734890603490924,7,0.142857142857143,-0.536243521106752,"-0.948550944540009",0.00485066056720181,0.570442931703951
340014,0.680717493174524,0.11900355366647,-0.0434542525883902,0.117222545792445,1.43428880014646,-0.139287693185075,1.60658776930276,-0.257867736818618,2.01755239316132,2.48350294223821,1.10252050895044,11,0.0909090909090909,0.829162393076413,"1.44503803394835",0.00485066056720181,0.570442931703951
340015,1.69103319682554,1.00059186523888,0.0160226806836252,0.362101261512963,-0.495420735099661,0.415288785555766,-0.735719064206513,NA,0.617079180477497,0.0792848044708086,1.24385982529208,10,0.1,0.419412180075099,"0.726736184230689",0.00485066056720181,0.570442931703951
340016,NA,-0.130677052058582,0.83548265020917,-0.494974243508849,0.543653630032868,-0.000643573499865181,-0.735719064206513,NA,0.73378528153448,0.503558593488585,1.52653845797536,9,0.111111111111111,0.309000519996295,"0.533181923247919",0.00485066056720181,0.570442931703951
340017,0.0998882222496481,1.65715938399735,1.41703488664665,-0.494974243508849,1.06319081259913,0.969865264296607,0.0450498802965776,NA,2.13425849421831,0.362133997149326,1.80921709065865,10,0.1,0.906282378860341,"1.58023119964078",0.00485066056720181,0.570442931703951
340020,NA,-0.753337328064269,-0.406924400361817,0.729419335093738,NA,NA,0.0450498802965776,NA,0.500373079420508,NA,-0.734890603490924,6,0.166666666666667,-0.103385006184364,"-0.189739693028116",0.00485066056720181,0.570442931703951
340021,NA,-0.438924713447536,0.0887167102383106,1.09673740867451,-0.866518722646993,-0.693864171925916,-0.735719064206513,NA,0.383666978363526,-0.486413580886226,0.113145294558936,9,0.111111111111111,-0.171019317919766,"-0.308304246950055",0.00485066056720181,0.570442931703951
340023,NA,0.92044747327775,0.362971458103715,-0.127656169928072,0.395214435013935,1.10850938398182,0.825818824799667,NA,0.150254776249555,NA,0.961181192608791,8,0.125,0.574592671763395,"0.998771269712004",0.00485066056720181,0.570442931703951
340024,NA,-2.63981301576467,0.468708228365075,0.729419335093738,NA,NA,0.0450498802965776,NA,-0.433275729035377,NA,-0.734890603490924,6,0.166666666666667,-0.427466984089263,"-0.757863093096979",0.00485066056720181,0.570442931703951
340027,NA,-0.494409292497548,0.485229598718413,0.239661903652703,NA,NA,0.0450498802965776,NA,0.383666978363526,NA,-1.15890855251585,6,0.166666666666667,-0.0832849139970303,"-0.154503754303635",0.00485066056720181,0.570442931703951
340028,-0.0678160038624638,-0.21082144401971,-1.31559976979538,-1.47448910639092,-1.01495791766593,-0.555220052240705,-0.735719064206513,0.426250688561459,-0.666687931149345,0.644983189827844,-0.593551287149281,11,0.0909090909090909,-0.505784427099176,"-0.895155429730854",0.00485066056720181,0.570442931703951
340030,0.198056549729909,0.892705183752744,0.445578309870403,0.362101261512963,1.65694759267486,0.692577024926186,0.825818824799667,1.11036911394153,-0.199863526921402,0.503558593488585,0.113145294558936,11,0.0909090909090909,0.600090383848581,"1.04346936424185",0.00485066056720181,0.570442931703951
340032,0.226688978578318,0.112838600438691,0.164715013863664,-0.0052168120678136,-0.792299125137527,-0.000643573499865181,0.825818824799667,0.230788281310009,-1.01680623432031,-1.6178103516003,-0.452211970807637,11,0.0909090909090909,-0.2112853062221,"-0.378891480246217",0.00485066056720181,0.570442931703951
340039,NA,-0.0474501834835646,-0.0897140895777354,1.58649484011555,NA,NA,0.825818824799667,NA,0.26696087730654,-0.769262773564744,0.113145294558936,7,0.142857142857143,0.269427541450664,"0.463809552505373",0.00485066056720181,0.570442931703951
340040,0.0671654464228946,-0.685522842558699,-0.545703911329853,-2.08668589569221,-1.23761671019433,0.831221144611397,2.38735671380585,-0.453330144070068,-1.01680623432031,-3.59775470034992,-1.3002478688575,11,0.0909090909090909,-0.694356818412067,"-1.22572730788458",0.00485066056720181,0.570442931703951
340041,NA,1.02525167814999,0.0391525991782978,-3.55595819001531,NA,NA,0.0450498802965776,NA,0.500373079420508,-1.19353656258252,0.961181192608791,7,0.142857142857143,-0.311212331849095,"-0.554065928159011",0.00485066056720181,0.570442931703951
340042,NA,-0.593048544142013,-1.83437079889019,-1.71936782211143,NA,NA,-2.29725695321269,NA,0.850491382591465,NA,-2.00694445056571,6,0.166666666666667,-1.26674953105509,"-2.22914532015314",0.00485066056720181,0.570442931703951
340047,0.357580081885332,0.347106823094296,-0.311100452312459,0.484540619373221,1.65694759267486,-0.000643573499865181,0.825818824799667,0.621713095812908,-0.0831574258644167,0.503558593488585,-0.169533338124351,11,0.0909090909090909,0.384802803757071,"0.666065126015195",0.00485066056720181,0.570442931703951
340049,NA,NA,NA,NA,NA,NA,0.825818824799667,NA,NA,-0.344988984546967,1.66787777431701,3,0.333333333333333,0.716235871523236,"1.24707516110521",0.00485066056720181,0.570442931703951
340050,0.942499699788552,-1.20029643707825,-0.287970533817787,-0.25009552778833,-0.272761942571262,0.138000546185346,0.825818824799667,NA,-0.666687931149345,NA,-1.58292650154078,9,0.111111111111111,-0.261602200352466,"-0.467098190039371",0.00485066056720181,0.570442931703951
340051,0.864783107200012,-0.235481256930826,-0.37718593372581,1.09673740867451,1.28584960512753,-1.94166124909281,0.825818824799667,NA,0.033548675192569,-0.769262773564744,-0.169533338124351,10,0.1,0.0613613069555757,"0.0990645045238318",0.00485066056720181,0.570442931703951
340053,0.701169228066245,0.00186944233866801,-0.324317548595129,0.239661903652703,-0.569640332609128,-0.139287693185075,1.60658776930276,1.50129392844444,1.31731578681941,1.63495536420266,2.37457435602522,11,0.0909090909090909,0.758562018587524,"1.3212739016135",0.00485066056720181,0.570442931703951
340060,NA,0.834138128088843,-0.886044140608607,0.484540619373221,NA,NA,NA,NA,-0.316569627978388,NA,0.113145294558936,5,0.2,0.0458420546868009,"0.0718588869129382",0.00485066056720181,0.570442931703951
340061,1.07748115007391,0.911200043436082,0.713224509594472,2.68844906085788,0.766312422561267,-0.555220052240705,0.825818824799667,-0.551061347695793,0.500373079420508,-0.344988984546967,0.113145294558936,11,0.0909090909090909,0.558612181892659,"0.97075709163638",0.00485066056720181,0.570442931703951
340064,NA,0.192982992399819,-0.565529555753858,0.362101261512963,-0.792299125137527,-0.277931812870285,0.0450498802965776,NA,-0.900100133263316,NA,-1.01756923617421,8,0.125,-0.36916196612373,"-0.655653012605014",0.00485066056720181,0.570442931703951
340068,NA,-2.35314269067294,-1.3651638808554,0.239661903652703,-1.31183630770379,-1.10979653098155,0.0450498802965776,NA,-0.433275729035377,-1.19353656258252,0.678502559925508,9,0.111111111111111,-0.755948595328531,"-1.33369915483601",0.00485066056720181,0.570442931703951
340069,0.455748409365593,0.316282056955401,-0.010411511881715,-1.2296103906704,-0.421201137590195,0.553932905240976,-2.29725695321269,2.28314355745024,-0.666687931149345,0.362133997149326,1.52653845797536,11,0.0909090909090909,0.0793283145120499,"0.130561095256941",0.00485066056720181,0.570442931703951
340070,0.3453090409503,-0.349532891644739,-0.102931185860406,1.70893419797581,NA,NA,0.825818824799667,NA,1.20060968576243,-1.47638575526104,1.80921709065865,8,0.125,0.495129875922584,"0.859471102378087",0.00485066056720181,0.570442931703951
340071,NA,-1.50546162185332,0.657051850393124,-0.127656169928072,NA,NA,-0.735719064206513,NA,0.033548675192569,NA,0.961181192608791,6,0.166666666666667,-0.119509189632236,"-0.218005769355344",0.00485066056720181,0.570442931703951
340075,NA,-0.41426490053642,-0.159103845061753,-0.862292317089623,-0.272761942571262,-0.277931812870285,0.825818824799667,NA,0.383666978363526,NA,0.819841876267148,8,0.125,0.00537160766262476,"0.000913232624106405",0.00485066056720181,0.570442931703951
340084,NA,NA,0.46209968022374,NA,NA,NA,NA,NA,NA,NA,0.254484610900575,2,0.5,0.358292145562157,"0.619591312910483",0.00485066056720181,0.570442931703951
340085,NA,-0.867388962778182,1.02382627223722,-0.0052168120678136,0.395214435013935,-0.555220052240705,0.0450498802965776,NA,0.617079180477497,NA,-0.169533338124351,8,0.125,0.060476325351772,"0.0975131107653709",0.00485066056720181,0.570442931703951
340087,NA,-1.81679175985616,0.967653613035871,0.362101261512963,NA,NA,NA,NA,-0.0831574258644167,NA,-0.310872654465994,5,0.2,-0.176213393127547,"-0.317409584082143",0.00485066056720181,0.570442931703951
340090,0.525284307997444,-0.0597800899391227,-0.0831055414364004,1.34161612439503,0.395214435013935,0.969865264296607,0.0450498802965776,NA,-0.783394032206331,0.0792848044708086,-0.310872654465994,10,0.1,0.211916249842255,"0.362990893158296",0.00485066056720181,0.570442931703951
340091,0.488471185192347,0.753993736127715,0.624009109686449,-1.96424653783195,0.0983360449760701,-2.21894948846323,0.825818824799667,0.914906706690084,-0.900100133263316,-0.344988984546967,1.52653845797536,11,0.0909090909090909,-0.0178373707870698,"-0.0397726575145755",0.00485066056720181,0.570442931703951
340096,NA,0.0234467786358948,-0.393707304079147,0.729419335093738,NA,NA,0.825818824799667,NA,-1.36692453749126,0.927832382506361,-0.169533338124351,7,0.142857142857143,0.0823360201915577,"0.135833674707656",0.00485066056720181,0.570442931703951
340097,NA,-1.57944106058666,-0.654744955661881,-0.25009552778833,NA,NA,-0.735719064206513,NA,-0.433275729035377,-0.344988984546967,-0.169533338124351,7,0.142857142857143,-0.595399808564298,"-1.05225332065823",0.00485066056720181,0.570442931703951
340098,0.165333773903155,0.282374814202616,-0.347447467089802,0.239661903652703,NA,NA,0.825818824799667,2.28314355745024,-0.900100133263316,-0.910687369904002,-0.734890603490924,9,0.111111111111111,0.100356366695593,"0.167423769881956",0.00485066056720181,0.570442931703951
340099,NA,-1.84453404938117,0.0986295324503132,-0.617413601369107,-0.718079527628061,-0.139287693185075,0.0450498802965776,NA,1.08390358470544,NA,-1.72426581788243,8,0.125,-0.476999711499188,"-0.84469514001527",0.00485066056720181,0.570442931703951
340107,NA,-2.47335927861463,0.772701442866487,0.117222545792445,1.1374104101086,-0.693864171925916,0.0450498802965776,NA,0.73378528153448,NA,-1.15890855251585,8,0.125,-0.189995305307227,"-0.341569603277248",0.00485066056720181,0.570442931703951
340109,NA,-0.953698307967089,-0.116148282143076,-0.862292317089623,NA,NA,-0.735719064206513,NA,0.26696087730654,NA,-1.15890855251585,6,0.166666666666667,-0.593300941102602,"-1.04857395617663",0.00485066056720181,0.570442931703951
340113,0.492561532170691,-0.27555345291139,0.683486042958464,-1.10717103281014,0.172555642485536,0.415288785555766,0.0450498802965776,1.11036911394153,0.850491382591465,0.927832382506361,0.254484610900575,11,0.0909090909090909,0.32449044433504,"0.560336128301306",0.00485066056720181,0.570442931703951
340114,0.373941469798709,0.45499350458043,-0.023628608164385,-2.08668589569221,0.988971215089666,-1.52572889003718,-0.735719064206513,1.50129392844444,2.13425849421831,-0.769262773564744,0.395823927242222,11,0.0909090909090909,0.0643870279735223,"0.104368665290464",0.00485066056720181,0.570442931703951
340115,-0.0637256568841196,0.00186944233866801,-0.198755133909764,-0.494974243508849,-0.866518722646993,0.692577024926186,1.60658776930276,-0.453330144070068,1.31731578681941,-1.47638575526104,-0.0281940217827077,11,0.0909090909090909,0.00331512230213461,"-0.00269183502805522",0.00485066056720181,0.570442931703951
340116,0.234869672535007,-0.340285461803071,0.300190250761032,0.484540619373221,NA,NA,0.0450498802965776,-1.13744856945014,-0.783394032206331,NA,-0.876229919832567,8,0.125,-0.259088445040784,"-0.462691517308458",0.00485066056720181,0.570442931703951
340119,NA,1.10847854672501,0.647139028181121,-0.25009552778833,NA,NA,NA,NA,-1.36692453749126,NA,-0.734890603490924,5,0.2,-0.119258618772876,"-0.217566512691033",0.00485066056720181,0.570442931703951
340120,NA,-1.52703895815054,-0.192146585768428,0.60697997723348,NA,NA,NA,NA,-0.900100133263316,NA,0.113145294558936,5,0.2,-0.379832081077974,"-0.674357977398552",0.00485066056720181,0.570442931703951
340123,NA,0.562880186066564,0.980870709318541,0.484540619373221,NA,NA,0.825818824799667,NA,0.500373079420508,NA,0.819841876267148,6,0.166666666666667,0.695720882540942,"1.21111189845067",0.00485066056720181,0.570442931703951
340126,NA,-0.0628625665530123,-0.724134711145899,-0.25009552778833,NA,NA,0.0450498802965776,NA,-0.900100133263316,0.0792848044708086,-0.169533338124351,7,0.142857142857143,-0.283198798872503,"-0.504957539887964",0.00485066056720181,0.570442931703951
340127,NA,2.26748975354748,-1.10743050334333,-0.37253488564859,NA,NA,0.825818824799667,NA,NA,NA,0.113145294558936,5,0.2,0.345297696782832,"0.596811735748381",0.00485066056720181,0.570442931703951
340129,NA,-0.0104604641168901,-1.25612283652337,0.851858692953996,NA,NA,0.0450498802965776,NA,0.26696087730654,-1.33496115892178,-0.452211970807637,7,0.142857142857143,-0.269983854258937,"-0.481791428294484",0.00485066056720181,0.570442931703951
340130,-0.832710888812828,-0.605378450597571,-0.188842311697761,0.362101261512963,NA,NA,0.0450498802965776,NA,0.033548675192569,-0.486413580886226,1.24385982529208,8,0.125,-0.0535981987125243,"-0.102462237730136",0.00485066056720181,0.570442931703951
340131,-0.0228221871006777,-0.420429853764199,0.240713317489016,0.484540619373221,-0.718079527628061,0.692577024926186,0.0450498802965776,-0.355598940444343,2.36767069633228,-0.344988984546967,1.24385982529208,11,0.0909090909090909,0.29204471547501,"0.503457995438634",0.00485066056720181,0.570442931703951
340132,NA,-0.340285461803071,-0.588659474248531,0.239661903652703,0.543653630032868,0.415288785555766,-0.735719064206513,NA,-2.30057334594714,NA,-0.734890603490924,8,0.125,-0.437690453806856,"-0.775785078188554",0.00485066056720181,0.570442931703951
340141,-0.108719473645906,0.673849344166587,-0.0566713488710602,-0.127656169928072,-0.346981540080729,-0.971152411296336,1.60658776930276,0.133057077684283,-0.0831574258644167,1.63495536420266,1.80921709065865,11,0.0909090909090909,0.378484388757129,"0.65498879453876",0.00485066056720181,0.570442931703951
340142,-1.51988918117465,-0.774914664361496,-0.393707304079147,-0.862292317089623,2.0280455802222,1.38579762335224,0.825818824799667,NA,-2.18386724489016,-0.203564388207709,-1.01756923617421,10,0.1,-0.27161423076029,"-0.484649517001942",0.00485066056720181,0.570442931703951
340143,0.758434085763063,1.34582924599451,0.518272339425088,0.729419335093738,0.617873227542334,0.553932905240976,0.825818824799667,NA,0.033548675192569,0.786407786167103,1.10252050895044,10,0.1,0.727205693416948,"1.26630551927784",0.00485066056720181,0.570442931703951
340145,NA,-0.525234058636443,-0.00710723781104746,-0.25009552778833,NA,NA,0.825818824799667,NA,0.383666978363526,NA,0.113145294558936,6,0.166666666666667,0.0900323789143847,"0.149325574238845",0.00485066056720181,0.570442931703951
340147,1.20019155942424,-0.454337096516984,0.534793709778426,0.117222545792445,1.21163000761807,0.276644665870556,-0.735719064206513,NA,-0.316569627978388,0.220709400810067,0.254484610900575,10,0.1,0.230905071149249,"0.396278747651071",0.00485066056720181,0.570442931703951
340148,NA,NA,NA,NA,0.617873227542334,0.276644665870556,0.825818824799667,NA,NA,NA,0.395823927242222,4,0.25,0.529040161363695,"0.91891663769188",0.00485066056720181,0.570442931703951
340151,NA,0.0141993487942261,-1.34864251050206,0.362101261512963,0.469434032523402,-0.416575932555496,0.0450498802965776,NA,-0.783394032206331,0.362133997149326,0.537163243583865,9,0.111111111111111,-0.0842811901559473,"-0.156250250059031",0.00485066056720181,0.570442931703951
340155,-1.13130621823195,0.473488364263767,0.35636290996238,2.19869162941684,-1.08917751517539,0.553932905240976,0.825818824799667,-0.844254958572969,0.033548675192569,0.0792848044708086,1.24385982529208,11,0.0909090909090909,0.245477204241707,"0.421824042863916",0.00485066056720181,0.570442931703951
340156,NA,NA,NA,NA,NA,NA,NA,NA,NA,NA,-0.734890603490924,1,1,-0.734890603490924,"-1.29678399528673",0.00485066056720181,0.570442931703951
340158,NA,-0.324873078733623,0.0854124361676431,0.974298050814256,NA,NA,0.0450498802965776,NA,-1.13351233537729,0.362133997149326,0.395823927242222,7,0.142857142857143,0.0577618396513021,"0.0927545528981333",0.00485066056720181,0.570442931703951
340159,NA,-2.09113217849233,-0.37718593372581,-0.127656169928072,NA,NA,NA,NA,NA,NA,0.395823927242222,4,0.25,-0.550037588725997,"-0.972732272509208",0.00485066056720181,0.570442931703951
340166,NA,-0.0597800899391227,0.35636290996238,-0.617413601369107,NA,NA,0.825818824799667,NA,-1.25021843643427,NA,0.113145294558936,6,0.166666666666667,-0.105347516403587,"-0.193180020026928",0.00485066056720181,0.570442931703951
340171,-0.918608175358056,0.408756355372087,-0.347447467089802,1.34161612439503,NA,NA,-0.735719064206513,NA,0.967197483648454,-0.486413580886226,1.95055640700029,8,0.125,0.272492260359409,"0.469182077500275",0.00485066056720181,0.570442931703951
340173,1.08157149705225,0.239220141608162,0.164715013863664,1.21917676653477,NA,NA,0.0450498802965776,NA,-0.549981830092359,0.362133997149326,0.537163243583865,8,0.125,0.387381088749533,"0.67058492080827",0.00485066056720181,0.570442931703951
340183,1.15110739568411,-0.0351202770280064,1.00069635374255,1.83137355583607,NA,NA,0.0450498802965776,NA,0.500373079420508,0.362133997149326,0.678502559925508,8,0.125,0.691764568128329,"1.2041763853735",0.00485066056720181,0.570442931703951
340184,NA,0.202230422241488,-0.122756830284411,0.974298050814256,0.6920928250518,0.553932905240976,0.825818824799667,NA,0.033548675192569,NA,-0.169533338124351,8,0.125,0.373703941866499,"0.646608557665021",0.00485066056720181,0.570442931703951
340188,NA,-2.41787469956462,-2.15488538374493,NA,NA,NA,-1.5164880087096,NA,1.31731578681941,NA,-0.452211970807637,5,0.2,-1.04482885520148,"-1.84011310760433",0.00485066056720181,0.570442931703951
340190,NA,1.09923111688334,0.637226205969119,-0.37253488564859,NA,NA,0.825818824799667,NA,-0.0831574258644167,NA,2.51591367236687,6,0.166666666666667,0.770416251417665,"1.34205465315114",0.00485066056720181,0.570442931703951
340195,NA,2.085623633328,0.818961279855832,0.60697997723348,NA,NA,-0.735719064206513,NA,NA,NA,0.678502559925508,5,0.2,0.690869677227261,"1.20260762038172",0.00485066056720181,0.570442931703951
341303,NA,NA,0.961045064894536,0.239661903652703,NA,NA,NA,NA,NA,NA,0.254484610900575,3,0.333333333333333,0.485063859815938,"0.84182513720401",0.00485066056720181,0.570442931703951
341304,NA,NA,1.19234424984126,-0.25009552778833,NA,NA,NA,NA,NA,NA,0.819841876267148,3,0.333333333333333,0.58736353277336,"1.02115889220707",0.00485066056720181,0.570442931703951
341305,NA,NA,NA,NA,NA,NA,NA,NA,NA,NA,NA,0,NA,NA,"NaN",0.00485066056720181,0.570442931703951
341307,NA,NA,NA,-0.0052168120678136,NA,NA,NA,NA,NA,NA,0.395823927242222,2,0.5,0.195303557587204,"0.333868449296246",0.00485066056720181,0.570442931703951
341311,NA,1.16704560238891,-0.790220192559249,NA,NA,NA,NA,NA,NA,NA,1.38519914163372,3,0.333333333333333,0.587341517154462,"1.02112029830455",0.00485066056720181,0.570442931703951
341314,NA,-1.86611138567839,-2.62409230177972,NA,NA,NA,NA,NA,NA,NA,-1.44158718519914,3,0.333333333333333,-1.97726362421908,"-3.47469339109099",0.00485066056720181,0.570442931703951
341315,NA,NA,-0.261536341252446,-0.127656169928072,NA,NA,NA,NA,NA,NA,-0.0281940217827077,3,0.333333333333333,-0.139128844321075,"-0.252399489740719",0.00485066056720181,0.570442931703951
341316,NA,-0.0351202770280064,0.838786924279837,0.239661903652703,NA,NA,NA,NA,NA,NA,-0.593551287149281,4,0.25,0.112444315938813,"0.188614231839497",0.00485066056720181,0.570442931703951
341317,NA,NA,NA,NA,NA,NA,NA,NA,NA,NA,-0.169533338124351,1,1,-0.169533338124351,"-0.305699289095679",0.00485066056720181,0.570442931703951
341318,NA,1.34274676938062,0.349754361821045,0.239661903652703,0.395214435013935,-1.10979653098155,0.0450498802965776,NA,0.383666978363526,NA,0.678502559925508,8,0.125,0.290600044684046,"0.500925453249621",0.00485066056720181,0.570442931703951
341319,NA,-2.26375086887014,1.14938868692258,-0.25009552778833,NA,NA,0.0450498802965776,NA,-0.0831574258644167,NA,-2.57230171593229,6,0.166666666666667,-0.662477828539335,"-1.16984268191944",0.00485066056720181,0.570442931703951
341320,NA,NA,0.432361213587733,0.239661903652703,NA,NA,NA,NA,NA,NA,0.537163243583865,3,0.333333333333333,0.403062120274767,"0.698074141295925",0.00485066056720181,0.570442931703951
341322,NA,0.584457522363791,1.34764513116264,-0.37253488564859,NA,NA,-2.29725695321269,NA,NA,NA,0.537163243583865,5,0.2,-0.0401051883501982,"-0.0788086702785745",0.00485066056720181,0.570442931703951
341323,NA,NA,1.44346907921199,-0.127656169928072,NA,NA,NA,NA,NA,NA,-0.169533338124351,3,0.333333333333333,0.382093190386524,"0.661315109457967",0.00485066056720181,0.570442931703951
341324,NA,-0.038202753641896,0.88835103533985,1.46405548225529,1.21163000761807,-0.416575932555496,0.0450498802965776,NA,0.383666978363526,NA,-0.452211970807637,8,0.125,0.385720340858535,"0.667673590333831",0.00485066056720181,0.570442931703951
341325,NA,0.553632756224895,-0.0269328822350526,-1.84180717997169,0.9147516175802,0.415288785555766,0.825818824799667,NA,0.383666978363526,NA,-0.734890603490924,8,0.125,0.0611910371032982,"0.0987660174310583",0.00485066056720181,0.570442931703951
341326,NA,-0.435842236833646,-1.03804074785931,-0.739852959229365,NA,NA,-0.735719064206513,NA,0.26696087730654,0.0792848044708086,-1.01756923617421,7,0.142857142857143,-0.517254080360814,"-0.91526200415606",0.00485066056720181,0.570442931703951
341327,NA,1.07148882735834,-0.86952277025527,0.484540619373221,NA,NA,0.825818824799667,NA,NA,0.362133997149326,0.395823927242222,6,0.166666666666667,0.378380570944584,"0.654806799449024",0.00485066056720181,0.570442931703951
341328,NA,1.81128321469183,0.577749272697103,1.70893419797581,0.172555642485536,0.415288785555766,0.825818824799667,NA,0.617079180477497,NA,0.395823927242222,8,0.125,0.815566630740678,"1.42120433984836",0.00485066056720181,0.570442931703951
341329,NA,0.963602145872204,0.871829664986512,0.117222545792445,NA,NA,0.825818824799667,NA,NA,NA,0.113145294558936,5,0.2,0.578323695201953,"1.00531184236388",0.00485066056720181,0.570442931703951
350002,1.56832278747521,0.310117103727622,-0.099626911789738,-0.0052168120678136,0.840532020070734,0.415288785555766,1.60658776930276,0.523981892187183,0.73378528153448,-0.0621397918684502,0.395823927242222,11,0.0909090909090909,0.566132368306361,"0.983940156927835",0.00485066056720181,0.570442931703951
350006,0.57027812475923,0.445746074738761,-0.641527859379211,2.81088841871814,1.28584960512753,-1.94166124909281,0.0450498802965776,0.230788281310009,-1.01680623432031,NA,0.537163243583865,10,0.1,0.232576828574179,"0.399209378099828",0.00485066056720181,0.570442931703951
350011,0.946590046766896,0.781736025652721,1.13286731656925,2.07625227155658,-1.08917751517539,0.415288785555766,0.0450498802965776,-1.13744856945014,0.383666978363526,1.4935307678634,0.537163243583865,11,0.0909090909090909,0.507774475598458,"0.881637385757397",0.00485066056720181,0.570442931703951
350015,0.435296674473872,1.13930331286391,0.161410739792996,1.83137355583607,-0.569640332609128,-0.277931812870285,0.0450498802965776,-0.648792551321519,2.13425849421831,NA,1.52653845797536,10,0.1,0.577686641865616,"1.00419507274341",0.00485066056720181,0.570442931703951
350019,1.51514827675674,0.895787660366634,0.581053546767771,0.484540619373221,-0.421201137590195,0.276644665870556,0.0450498802965776,1.30583152119298,1.31731578681941,NA,1.52653845797536,10,0.1,0.752670927782906,"1.31094667959495",0.00485066056720181,0.570442931703951
350063,NA,NA,2.09110679706283,NA,NA,NA,NA,NA,-1.13351233537729,NA,-0.452211970807637,3,0.333333333333333,0.168460830292634,"0.286812511177442",0.00485066056720181,0.570442931703951
350070,-0.738632908310911,-0.244728686772495,0.0127184066129577,1.34161612439503,1.21163000761807,-1.38708477035197,0.0450498802965776,-1.13744856945014,0.033548675192569,1.06925697884562,0.254484610900575,11,0.0909090909090909,0.04185543172508,"0.0648702422297398",0.00485066056720181,0.570442931703951
351300,NA,NA,NA,NA,NA,NA,NA,NA,NA,NA,-0.593551287149281,1,1,-0.593551287149281,"-1.04901281873897",0.00485066056720181,0.570442931703951
351301,NA,NA,NA,NA,NA,NA,NA,NA,NA,NA,NA,0,NA,NA,"NaN",0.00485066056720181,0.570442931703951
351302,NA,1.77737597193904,NA,NA,NA,NA,NA,NA,NA,0.0792848044708086,-0.0281940217827077,3,0.333333333333333,0.609488918209048,"1.05994521807072",0.00485066056720181,0.570442931703951
351303,NA,NA,NA,NA,NA,NA,NA,NA,NA,NA,NA,0,NA,NA,"NaN",0.00485066056720181,0.570442931703951
351304,NA,NA,NA,NA,NA,NA,NA,NA,NA,NA,NA,0,NA,NA,"NaN",0.00485066056720181,0.570442931703951
351305,NA,NA,NA,NA,NA,NA,NA,NA,NA,NA,NA,0,NA,NA,"NaN",0.00485066056720181,0.570442931703951
351306,NA,NA,NA,NA,NA,NA,NA,NA,NA,NA,0.113145294558936,1,1,0.113145294558936,"0.189843063999847",0.00485066056720181,0.570442931703951
351307,NA,NA,-1.76828531747683,0.484540619373221,NA,NA,NA,NA,NA,NA,-0.876229919832567,3,0.333333333333333,-0.71999153931206,"-1.27066558211899",0.00485066056720181,0.570442931703951
351308,NA,NA,NA,NA,NA,NA,NA,NA,NA,NA,NA,0,NA,NA,"NaN",0.00485066056720181,0.570442931703951
351309,NA,NA,NA,0.117222545792445,NA,NA,NA,NA,NA,NA,0.395823927242222,2,0.5,0.256523236517333,"0.441187999645063",0.00485066056720181,0.570442931703951
351310,NA,NA,-0.198755133909764,NA,NA,NA,NA,NA,NA,NA,-0.310872654465994,2,0.5,-0.254813894187879,"-0.455198128197409",0.00485066056720181,0.570442931703951
351311,NA,NA,NA,0.484540619373221,NA,NA,NA,NA,NA,NA,NA,1,1,0.484540619373221,"0.840907884287661",0.00485066056720181,0.570442931703951
351312,NA,NA,NA,NA,NA,NA,NA,NA,NA,NA,-0.169533338124351,1,1,-0.169533338124351,"-0.305699289095679",0.00485066056720181,0.570442931703951
351313,NA,NA,NA,NA,NA,NA,NA,NA,NA,NA,-0.0281940217827077,1,1,-0.0281940217827077,"-0.0579281125479159",0.00485066056720181,0.570442931703951
351314,NA,NA,NA,NA,NA,NA,NA,NA,NA,NA,NA,0,NA,NA,"NaN",0.00485066056720181,0.570442931703951
351315,NA,NA,0.92800232418786,0.484540619373221,NA,NA,NA,NA,NA,NA,-0.0281940217827077,3,0.333333333333333,0.461449640592791,"0.800428850370182",0.00485066056720181,0.570442931703951
351316,NA,NA,-2.46548714638768,NA,NA,NA,NA,NA,NA,NA,-0.0281940217827077,2,0.5,-1.24684058408519,"-2.19424446353207",0.00485066056720181,0.570442931703951
351318,NA,NA,0.554619354202431,NA,NA,NA,NA,NA,NA,NA,0.113145294558936,2,0.5,0.333882324380683,"0.576800316958336",0.00485066056720181,0.570442931703951
351319,NA,NA,0.495142420930415,NA,NA,NA,NA,NA,NA,NA,-0.0281940217827077,2,0.5,0.233474199573854,"0.400782490763342",0.00485066056720181,0.570442931703951
351320,NA,NA,1.83337341955076,NA,NA,NA,NA,NA,NA,NA,0.678502559925508,2,0.5,1.25593798973813,"2.1931857853578",0.00485066056720181,0.570442931703951
351321,NA,NA,1.04695619073189,NA,NA,NA,NA,NA,NA,NA,0.113145294558936,2,0.5,0.580050742645413,"1.00833939752755",0.00485066056720181,0.570442931703951
351322,NA,NA,NA,NA,NA,NA,NA,NA,NA,NA,NA,0,NA,NA,"NaN",0.00485066056720181,0.570442931703951
351323,NA,NA,0.779309991007822,NA,NA,NA,NA,NA,NA,NA,-0.310872654465994,2,0.5,0.234218668270914,"0.402087562060897",0.00485066056720181,0.570442931703951
351324,NA,0.251550048063721,1.2187784424066,0.484540619373221,NA,NA,NA,NA,NA,NA,0.819841876267148,4,0.25,0.693677746527673,"1.20753023252107",0.00485066056720181,0.570442931703951
351325,NA,NA,NA,NA,NA,NA,NA,NA,NA,NA,0.254484610900575,1,1,0.254484610900575,"0.437614240547604",0.00485066056720181,0.570442931703951
351326,NA,NA,0.600879191191776,NA,NA,NA,NA,NA,-0.549981830092359,NA,-0.593551287149281,3,0.333333333333333,-0.180884642016621,"-0.3255983942671",0.00485066056720181,0.570442931703951
351327,NA,-1.43456465973386,-2.29366489471297,NA,NA,NA,NA,NA,NA,NA,-1.15890855251585,3,0.333333333333333,-1.62904603565423,"-2.86425969262319",0.00485066056720181,0.570442931703951
351328,NA,NA,NA,NA,NA,NA,NA,NA,NA,NA,0.254484610900575,1,1,0.254484610900575,"0.437614240547604",0.00485066056720181,0.570442931703951
351329,NA,NA,NA,NA,NA,NA,NA,NA,NA,NA,-0.169533338124351,1,1,-0.169533338124351,"-0.305699289095679",0.00485066056720181,0.570442931703951
351330,NA,0.606034858661017,0.961045064894536,NA,NA,NA,NA,NA,1.31731578681941,NA,-0.452211970807637,4,0.25,0.608045934891831,"1.05741563406324",0.00485066056720181,0.570442931703951
351331,NA,NA,0.911480953834523,NA,NA,NA,NA,NA,NA,NA,0.254484610900575,2,0.5,0.582982782367549,"1.01347933275889",0.00485066056720181,0.570442931703951
351332,NA,0.109756123824802,-1.21647154767536,NA,NA,NA,NA,NA,NA,NA,-0.734890603490924,3,0.333333333333333,-0.613868675780494,"-1.08462968328758",0.00485066056720181,0.570442931703951
351333,NA,-0.999935457175432,0.46209968022374,0.484540619373221,NA,NA,NA,NA,-1.01680623432031,NA,0.113145294558936,5,0.2,-0.191391219467968,"-0.344016673936133",0.00485066056720181,0.570442931703951
351334,NA,-0.549893871547559,0.138280821298323,NA,0.543653630032868,-0.832508291611126,NA,NA,0.383666978363526,NA,-0.876229919832567,6,0.166666666666667,-0.198838442216089,"-0.357071832189871",0.00485066056720181,0.570442931703951
351335,NA,1.44138602102508,0.868525390915845,-1.96424653783195,-0.495420735099661,-0.139287693185075,NA,NA,0.617079180477497,1.35210617152414,0.395823927242222,8,0.125,0.259495715633512,"0.446398826094082",0.00485066056720181,0.570442931703951
351336,NA,1.29959209678616,1.47651181991867,-0.127656169928072,NA,NA,0.0450498802965776,NA,NA,NA,1.95055640700029,5,0.2,0.928810806814726,"1.61972406860682",0.00485066056720181,0.570442931703951
351364,NA,NA,NA,NA,NA,NA,NA,NA,NA,NA,NA,0,NA,NA,"NaN",0.00485066056720181,0.570442931703951
360001,-0.350049945368213,0.843385557930512,-0.00710723781104746,-1.35204974853066,NA,NA,-0.735719064206513,-1.43064218032732,0.150254776249555,0.503558593488585,0.819841876267148,9,0.111111111111111,-0.173169708034217,"-0.312073931864946",0.00485066056720181,0.570442931703951
360002,NA,-0.657780553033693,0.46209968022374,-1.10717103281014,-0.272761942571262,-1.10979653098155,0.0450498802965776,NA,-0.666687931149345,NA,0.819841876267148,8,0.125,-0.310900819219815,"-0.553519839125444",0.00485066056720181,0.570442931703951
360003,-1.1353965652103,1.49995307668898,-0.684483422297889,1.09673740867451,0.395214435013935,-0.139287693185075,0.0450498802965776,0.328519484935734,-0.0831574258644167,0.927832382506361,-1.3002478688575,11,0.0909090909090909,0.0864303357000845,"0.143011106981725",0.00485066056720181,0.570442931703951
360006,0.214417937643286,0.710839063533262,1.07339038329723,0.239661903652703,0.543653630032868,0.831221144611397,0.825818824799667,1.98994994657306,0.500373079420508,-0.0621397918684502,0.961181192608791,11,0.0909090909090909,0.711669755845848,"1.23907065193591",0.00485066056720181,0.570442931703951
360008,0.5211939610191,0.159075749647034,0.693398865170466,1.95381291369632,0.469434032523402,0.831221144611397,0.825818824799667,1.20810031756726,0.150254776249555,0.786407786167103,-0.452211970807637,11,0.0909090909090909,0.649682400058516,"1.13040534583391",0.00485066056720181,0.570442931703951
360009,-0.832710888812828,-0.420429853764199,1.01721772409588,-0.127656169928072,-0.346981540080729,0.138000546185346,-1.5164880087096,-0.648792551321519,-1.01680623432031,NA,-1.58292650154078,10,0.1,-0.533757347819681,"-0.944192623752958",0.00485066056720181,0.570442931703951
360010,NA,0.627612194958244,0.151497917580993,-2.6988826849935,0.469434032523402,-0.139287693185075,0.825818824799667,NA,-1.8337489417192,NA,0.678502559925508,8,0.125,-0.239881723763745,"-0.429021678995856",0.00485066056720181,0.570442931703951
360011,0.930228658853519,-0.636203216736466,-0.248319244969776,0.117222545792445,-1.90559308777952,-0.139287693185075,-1.5164880087096,NA,0.26696087730654,NA,-2.00694445056571,9,0.111111111111111,-0.570935957777072,"-1.00936760952469",0.00485066056720181,0.570442931703951
360012,-0.812259153921107,1.52153041298621,0.270451784125024,-0.494974243508849,0.0983360449760701,-0.416575932555496,-0.735719064206513,NA,0.150254776249555,-0.486413580886226,-0.169533338124351,10,0.1,-0.107490229486568,"-0.196936246923422",0.00485066056720181,0.570442931703951
360013,NA,-0.617708357053129,1.18573570169993,-2.20912525355247,-0.792299125137527,0.276644665870556,-0.735719064206513,NA,-0.199863526921402,NA,-0.0281940217827077,8,0.125,-0.390066122635408,"-0.692298495176315",0.00485066056720181,0.570442931703951
360014,NA,0.701591633691593,0.842091198350505,0.239661903652703,0.0983360449760701,-0.832508291611126,-1.5164880087096,NA,0.617079180477497,NA,-0.593551287149281,8,0.125,-0.055473453290205,"-0.10574960351812",0.00485066056720181,0.570442931703951
360016,-1.08222205449182,0.553632756224895,0.472012502435743,0.729419335093738,NA,NA,0.0450498802965776,-0.257867736818618,0.500373079420508,-1.90065954427881,-0.876229919832567,9,0.111111111111111,-0.201832411327818,"-0.362320331111201",0.00485066056720181,0.570442931703951
360017,-0.0882677387541848,-0.919791065214304,-0.810045836983254,-0.494974243508849,-1.68293429525112,0.138000546185346,0.0450498802965776,0.0353258740585582,0.150254776249555,-0.344988984546967,-1.01756923617421,11,0.0909090909090909,-0.453630938512987,"-0.803729126261016",0.00485066056720181,0.570442931703951
360020,-0.390953415151655,0.461158457808209,-0.512661170623178,-1.71936782211143,-0.94073832015646,-1.24844065066676,0.0450498802965776,-1.03971736582442,0.26696087730654,-0.344988984546967,-0.169533338124351,11,0.0909090909090909,-0.508475622890354,"-0.899873159834265",0.00485066056720181,0.570442931703951
360025,0.57027812475923,0.208395375469267,0.234104769347681,-1.35204974853066,0.246775239995002,-0.971152411296336,0.0450498802965776,NA,-0.549981830092359,NA,-0.0281940217827077,9,0.111111111111111,-0.177419402426034,"-0.319523747009684",0.00485066056720181,0.570442931703951
360026,NA,-1.53012143476443,1.0866074795799,NA,NA,NA,NA,NA,NA,NA,-0.876229919832567,3,0.333333333333333,-0.439914625005699,"-0.779684103095743",0.00485066056720181,0.570442931703951
360027,0.533465001954133,0.800230885336058,-0.0434542525883902,-0.617413601369107,0.395214435013935,-0.555220052240705,1.60658776930276,0.621713095812908,0.73378528153448,-0.0621397918684502,-0.310872654465994,11,0.0909090909090909,0.281990556038329,"0.485832815288451",0.00485066056720181,0.570442931703951
360029,NA,0.868045370841628,0.177932110146334,-0.37253488564859,0.395214435013935,0.692577024926186,-0.735719064206513,NA,0.033548675192569,-1.05211196624326,0.678502559925508,9,0.111111111111111,0.0761615844386441,"0.125009742268928",0.00485066056720181,0.570442931703951
360032,NA,0.942024809574977,0.756180072513149,0.729419335093738,NA,NA,-0.735719064206513,NA,0.73378528153448,NA,0.537163243583865,6,0.166666666666667,0.493808946348949,"0.857155481480324",0.00485066056720181,0.570442931703951
360035,-0.583199723133832,-0.0505326600974541,-0.40362012629115,0.117222545792445,0.6920928250518,-0.139287693185075,0.825818824799667,0.133057077684283,-0.549981830092359,-0.0621397918684502,-0.593551287149281,11,0.0909090909090909,-0.0558292580444914,"-0.106373337698196",0.00485066056720181,0.570442931703951
360036,1.5110579297784,1.12080845318057,1.28155964974928,-1.10717103281014,-0.569640332609128,-0.416575932555496,-0.735719064206513,NA,-0.666687931149345,0.362133997149326,-0.310872654465994,10,0.1,0.046889308206096,"0.0736947471911379",0.00485066056720181,0.570442931703951
360039,0.975222475615306,0.649189531255471,0.581053546767771,-0.617413601369107,0.6920928250518,0.692577024926186,0.0450498802965776,0.133057077684283,-0.0831574258644167,NA,1.10252050895044,10,0.1,0.417019184331431,"0.722541205889",0.00485066056720181,0.570442931703951
360040,-0.0187318401223335,0.0542715447747901,0.359667184033047,0.851858692953996,-0.421201137590195,-0.139287693185075,0.0450498802965776,NA,1.20060968576243,NA,1.10252050895044,9,0.111111111111111,0.337195202874852,"0.582607871597103",0.00485066056720181,0.570442931703951
360041,-0.894066093487991,0.609117335274907,-0.406924400361817,0.239661903652703,0.9147516175802,0.138000546185346,0.825818824799667,-1.82156699483022,-0.199863526921402,NA,-1.15890855251585,10,0.1,-0.175397934062446,"-0.315980064984298",0.00485066056720181,0.570442931703951
360046,NA,-0.368027751328077,-0.628310763096541,0.729419335093738,NA,NA,0.825818824799667,NA,0.150254776249555,-0.0621397918684502,-0.734890603490924,7,0.142857142857143,-0.0125537105201474,"-0.0305102756473137",0.00485066056720181,0.570442931703951
360048,0.435296674473872,0.291622244044285,0.184540658287669,-0.617413601369107,0.395214435013935,0.831221144611397,-0.735719064206513,-0.746523754947244,0.150254776249555,NA,-0.593551287149281,10,0.1,-0.0405057774991433,"-0.0795109125655434",0.00485066056720181,0.570442931703951
360051,-1.28673940340903,0.183735562558151,-0.0500628007297252,-0.25009552778833,-2.12825188030792,0.138000546185346,0.0450498802965776,0.328519484935734,0.150254776249555,-1.19353656258252,-1.44158718519914,11,0.0909090909090909,-0.500428464526482,"-0.88576630020532",0.00485066056720181,0.570442931703951
360054,0.750253391806375,-0.0474501834835646,-0.446575689209827,-2.33156461141273,0.9147516175802,0.415288785555766,0.0450498802965776,NA,0.150254776249555,NA,0.113145294558936,9,0.111111111111111,-0.0485385264509679,"-0.0935925121531311",0.00485066056720181,0.570442931703951
360055,0.390302857712086,-0.950615831353199,-0.4697056077045,-1.10717103281014,NA,NA,0.825818824799667,NA,-1.01680623432031,NA,-1.01756923617421,7,0.142857142857143,-0.477963751407229,"-0.846385124857683",0.00485066056720181,0.570442931703951
360056,0.492561532170691,0.0450241149331215,-0.423445770715155,-4.41303369503713,NA,NA,-0.735719064206513,-0.355598940444343,0.850491382591465,0.644983189827844,0.537163243583865,9,0.111111111111111,-0.373063778588461,"-0.662492982473825",0.00485066056720181,0.570442931703951
360058,NA,1.08998368704167,0.554619354202431,-2.08668589569221,NA,NA,0.825818824799667,NA,-0.0831574258644167,NA,-0.734890603490924,6,0.166666666666667,-0.0723853431672962,"-0.135396547913722",0.00485066056720181,0.570442931703951
360059,-1.53216022210969,-2.00174035668953,-0.846392851760597,-0.37253488564859,0.469434032523402,-0.000643573499865181,-2.29725695321269,NA,1.55072798893338,NA,-0.876229919832567,9,0.111111111111111,-0.656310749032972,"-1.15903164515553",0.00485066056720181,0.570442931703951
360064,0.922047964896831,-0.888966299075408,-0.549008185400521,0.729419335093738,-0.495420735099661,0.969865264296607,-2.29725695321269,-0.160136533192892,0.150254776249555,NA,-0.593551287149281,10,0.1,-0.221275265259373,"-0.3964041155723",0.00485066056720181,0.570442931703951
360065,NA,-0.47591443281421,0.805744183573162,0.484540619373221,0.543653630032868,-0.693864171925916,0.825818824799667,NA,-1.71704284066222,0.0792848044708086,-0.876229919832567,9,0.111111111111111,-0.113778811442798,"-0.207960280366076",0.00485066056720181,0.570442931703951
360066,1.2983598869045,0.871127847455518,0.48853387278908,0.239661903652703,-3.01888705042152,-0.555220052240705,-1.5164880087096,-0.355598940444343,0.967197483648454,-0.203564388207709,1.80921709065865,11,0.0909090909090909,0.00221269500772985,"-0.00462441624369363",0.00485066056720181,0.570442931703951
360068,0.750253391806375,0.316282056955401,0.36958000624505,0.362101261512963,0.172555642485536,-0.000643573499865181,-0.735719064206513,0.817175503064359,0.383666978363526,-0.627838177225485,0.395823927242222,11,0.0909090909090909,0.200294359340324,"0.342617443237169",0.00485066056720181,0.570442931703951
360070,-0.141442249472659,-1.20337891369214,0.828874102067835,0.239661903652703,1.360069202637,0.553932905240976,0.0450498802965776,-0.746523754947244,-0.433275729035377,0.786407786167103,-0.593551287149281,11,0.0909090909090909,0.0632567132514082,"0.102387196752081",0.00485066056720181,0.570442931703951
360071,NA,-0.41426490053642,1.79041785663208,0.974298050814256,NA,NA,0.825818824799667,NA,NA,0.503558593488585,0.678502559925508,6,0.166666666666667,0.726388497520613,"1.26487295547362",0.00485066056720181,0.570442931703951
360072,-0.889975746509647,-0.321790602119733,0.00610985847162263,-3.18864011643454,-0.198542345061796,0.692577024926186,-0.735719064206513,-0.551061347695793,0.033548675192569,-4.02202848936769,-0.452211970807637,11,0.0909090909090909,-0.875248556692089,"-1.54283481895442",0.00485066056720181,0.570442931703951
360075,-0.165984331342724,0.630694671572134,0.320015895185037,0.60697997723348,NA,NA,-0.735719064206513,NA,0.617079180477497,NA,0.819841876267148,7,0.142857142857143,0.298986886455151,"0.515627785954583",0.00485066056720181,0.570442931703951
360076,-0.628193539895618,0.362519206163744,0.577749272697103,NA,NA,NA,-1.5164880087096,-0.941986162198694,0.850491382591465,NA,-0.734890603490924,7,0.142857142857143,-0.290114064691789,"-0.517080165018282",0.00485066056720181,0.570442931703951
360077,0.398483551668774,0.889622707138855,-0.932303977597953,-1.71936782211143,-0.495420735099661,1.52444174303745,1.60658776930276,1.11036911394153,2.48437679738926,-0.627838177225485,0.537163243583865,11,0.0909090909090909,0.434192201275269,"0.752645912231038",0.00485066056720181,0.570442931703951
360078,-1.90029145016066,-0.472831956200321,-0.340838918948467,0.362101261512963,-0.198542345061796,0.553932905240976,0.0450498802965776,NA,0.617079180477497,NA,-0.734890603490924,9,0.111111111111111,-0.229914671814906,"-0.411549200339548",0.00485066056720181,0.570442931703951
360079,-0.198707107169478,-0.623873310280908,0.472012502435743,-1.71936782211143,NA,NA,-0.735719064206513,-1.91929819845595,-2.41727944700413,NA,-0.310872654465994,8,0.125,-0.931638137657332,"-1.64168709291774",0.00485066056720181,0.570442931703951
360080,NA,-1.61951325656723,-0.793524466629917,0.239661903652703,NA,NA,NA,NA,0.73378528153448,NA,-1.01756923617421,5,0.2,-0.491431954836835,"-0.869995205167339",0.00485066056720181,0.570442931703951
360082,NA,-0.793409524044833,-1.18673308103935,0.362101261512963,NA,NA,-0.735719064206513,NA,0.383666978363526,-0.627838177225485,-0.0281940217827077,7,0.142857142857143,-0.375160804060343,"-0.666169117903566",0.00485066056720181,0.570442931703951
360084,0.680717493174524,0.85263298777218,0.39601419881039,-1.35204974853066,0.988971215089666,1.66308586272266,1.60658776930276,1.89221874294734,-0.316569627978388,NA,1.52653845797536,10,0.1,0.793814735128583,"1.38307275051107",0.00485066056720181,0.570442931703951
360085,0.431206327495528,0.180653085944261,0.38279710252772,-3.43351883215506,1.5827279951654,0.276644665870556,0.825818824799667,-1.23517977307587,-0.0831574258644167,-0.769262773564744,0.537163243583865,11,0.0909090909090909,-0.11855523266119,"-0.216333460140825",0.00485066056720181,0.570442931703951
360086,-1.24992628060394,0.168323179488703,0.253930413771687,0.484540619373221,-1.23761671019433,0.692577024926186,0.0450498802965776,0.621713095812908,-0.316569627978388,NA,0.395823927242222,10,0.1,-0.0142154477865144,"-0.0334233405202595",0.00485066056720181,0.570442931703951
360087,NA,-1.1263169983449,-0.813350111053922,NA,NA,NA,0.0450498802965776,NA,NA,-0.203564388207709,-0.169533338124351,5,0.2,-0.453542991086861,"-0.803574952335392",0.00485066056720181,0.570442931703951
360089,NA,0.192982992399819,-0.0864098155070679,0.117222545792445,0.172555642485536,-0.277931812870285,-0.735719064206513,NA,0.967197483648454,NA,-0.310872654465994,8,0.125,0.00487816465954933,"4.82153267555816e-05",0.00485066056720181,0.570442931703951
360091,NA,0.208395375469267,0.392709924739722,1.09673740867451,NA,NA,0.825818824799667,NA,0.26696087730654,0.220709400810067,-0.0281940217827077,7,0.142857142857143,0.42616254143101,"0.738569727922339",0.00485066056720181,0.570442931703951
360092,NA,1.62016966463068,-0.724134711145899,-1.35204974853066,-0.643859930118594,0.138000546185346,-0.735719064206513,NA,1.08390358470544,NA,0.113145294558936,8,0.125,-0.0625680454901584,"-0.118186592050455",0.00485066056720181,0.570442931703951
360095,-0.210978148104511,1.51536545975843,1.39060069408131,-2.45400396927299,1.1374104101086,-1.8030171294076,-0.735719064206513,-0.746523754947244,-0.433275729035377,-0.769262773564744,0.819841876267148,11,0.0909090909090909,-0.208142011665771,"-0.373381210275934",0.00485066056720181,0.570442931703951
360096,NA,-0.223151350475268,-0.00380296374037992,0.362101261512963,NA,NA,NA,NA,-1.01680623432031,NA,-1.01756923617421,5,0.2,-0.37984570463944,"-0.674381859825186",0.00485066056720181,0.570442931703951
360098,0.296224877210169,-0.401934994080861,-0.337534644877799,-0.739852959229365,NA,NA,0.0450498802965776,-0.844254958572969,0.26696087730654,0.362133997149326,-2.14828376690736,9,0.111111111111111,-0.389054632411749,"-0.690525328804284",0.00485066056720181,0.570442931703951
360107,NA,0.864962894227739,0.148193643510326,-0.0052168120678136,NA,NA,-1.5164880087096,NA,1.20060968576243,NA,0.961181192608791,6,0.166666666666667,0.275540432555311,"0.474525595714791",0.00485066056720181,0.570442931703951
360109,NA,-0.124512098830803,1.48312036806,0.117222545792445,NA,NA,NA,NA,NA,NA,-0.0281940217827077,4,0.25,0.361909198309734,"0.625932092235721",0.00485066056720181,0.570442931703951
360112,-0.350049945368213,0.32244701018318,0.0259355028956277,-2.08668589569221,-0.495420735099661,0.831221144611397,-2.29725695321269,-2.40795421658457,0.26696087730654,0.362133997149326,-0.0281940217827077,11,0.0909090909090909,-0.532442112326726,"-0.941886984713789",0.00485066056720181,0.570442931703951
360118,-1.10676413636189,-0.694770272400367,0.194453480499671,-2.20912525355247,-1.08917751517539,-0.693864171925916,0.0450498802965776,1.30583152119298,0.26696087730654,NA,-0.310872654465994,10,0.1,-0.429227824458626,"-0.760949888061907",0.00485066056720181,0.570442931703951
360121,1.91600228063447,-0.577636161072565,-1.20325445139269,-0.494974243508849,1.21163000761807,-0.416575932555496,-0.735719064206513,NA,-0.0831574258644167,NA,0.819841876267148,9,0.111111111111111,0.0484618762132395,"0.0764514962360356",0.00485066056720181,0.570442931703951
360123,0.0589847524662062,0.214560328697046,0.637226205969119,0.239661903652703,NA,NA,0.825818824799667,NA,-1.01680623432031,0.644983189827844,0.113145294558936,8,0.125,0.214696783206402,"0.367865234147745",0.00485066056720181,0.570442931703951
360125,NA,-0.704017702242036,-0.347447467089802,0.851858692953996,-2.12825188030792,1.10850938398182,0.0450498802965776,NA,-0.316569627978388,-0.0621397918684502,-2.57230171593229,9,0.111111111111111,-0.458367803131832,"-0.812032962377797",0.00485066056720181,0.570442931703951
360131,NA,1.0838187338139,0.47531677650641,-0.862292317089623,NA,NA,-1.5164880087096,NA,1.31731578681941,NA,-0.0281940217827077,6,0.166666666666667,0.0782461582596302,"0.12866404965908",0.00485066056720181,0.570442931703951
360132,-0.804078459964419,0.954354716030535,0.799135635431827,0.239661903652703,-0.94073832015646,0.276644665870556,-0.735719064206513,NA,-2.18386724489016,NA,-0.310872654465994,9,0.111111111111111,-0.300608758077547,"-0.535477611638243",0.00485066056720181,0.570442931703951
360133,-3.15193762553399,0.0542715447747901,1.3311237608093,-0.494974243508849,-0.866518722646993,-0.416575932555496,-1.5164880087096,-1.13744856945014,-1.8337489417192,-0.344988984546967,-0.169533338124351,11,0.0909090909090909,-0.776983551019227,"-1.37057393147293",0.00485066056720181,0.570442931703951
360134,-0.423676190978409,0.646107054641581,0.970957887106538,-1.47448910639092,-1.68293429525112,1.24715350366703,0.0450498802965776,NA,0.73378528153448,-0.344988984546967,0.961181192608791,10,0.1,0.067814622268758,"0.110377319451533",0.00485066056720181,0.570442931703951
360137,0.255321407426727,-0.61462588043924,-2.53818117594237,0.362101261512963,-0.421201137590195,0.415288785555766,0.0450498802965776,-0.257867736818618,-0.316569627978388,-0.910687369904002,-2.00694445056571,11,0.0909090909090909,-0.544392367676953,"-0.962836066008444",0.00485066056720181,0.570442931703951
360143,NA,0.824890698247175,-0.552312459471188,-0.25009552778833,NA,NA,0.825818824799667,NA,-0.0831574258644167,0.0792848044708086,-0.452211970807637,7,0.142857142857143,0.0560309919408683,"0.0897203357762494",0.00485066056720181,0.570442931703951
360144,NA,-0.700935225628147,-0.902565510961945,-0.494974243508849,-0.643859930118594,0.138000546185346,0.825818824799667,NA,0.967197483648454,NA,0.113145294558936,8,0.125,-0.0872715951281414,"-0.161492500959155",0.00485066056720181,0.570442931703951
360145,2.3904825301224,-0.867388962778182,0.0523696954609679,-2.20912525355247,NA,NA,-1.5164880087096,-0.355598940444343,1.20060968576243,-0.0621397918684502,-1.01756923617421,9,0.111111111111111,-0.264983142464607,"-0.473025061816084",0.00485066056720181,0.570442931703951
360147,0.705259575044589,0.217642805310936,-0.347447467089802,-0.127656169928072,1.360069202637,0.138000546185346,0.0450498802965776,NA,-1.60033673960523,NA,-1.3002478688575,9,0.111111111111111,-0.101074026222906,"-0.185688490299466",0.00485066056720181,0.570442931703951
360148,NA,0.498148177174884,1.39720924222265,-0.0052168120678136,NA,NA,NA,NA,NA,NA,0.678502559925508,4,0.25,0.642160791813807,"1.11721978803895",0.00485066056720181,0.570442931703951
360150,NA,0.0141993487942261,-2.27714352435963,0.117222545792445,0.172555642485536,-0.139287693185075,0.0450498802965776,NA,-0.783394032206331,NA,0.537163243583865,8,0.125,-0.289204323599799,"-0.515485367289308",0.00485066056720181,0.570442931703951
360152,0.279863489296793,0.957437192644425,-0.182233763556426,0.239661903652703,0.395214435013935,-0.139287693185075,0.0450498802965776,NA,-0.666687931149345,NA,-0.169533338124351,9,0.111111111111111,0.0843871305432484,"0.139429319841804",0.00485066056720181,0.570442931703951
360155,-0.967692339098186,0.165240702874814,0.108542354662316,-0.0052168120678136,-1.83137349027006,1.10850938398182,1.60658776930276,NA,0.150254776249555,-1.05211196624326,-0.310872654465994,10,0.1,-0.102813227507405,"-0.188737351434977",0.00485066056720181,0.570442931703951
360156,NA,0.236137664994273,1.05356473887323,-0.984731674949884,0.0983360449760701,-1.8030171294076,0.825818824799667,NA,-0.199863526921402,NA,-0.876229919832567,8,0.125,-0.206248122183527,"-0.37006117705791",0.00485066056720181,0.570442931703951
360159,-0.427766537956753,-0.161501818197477,0.184540658287669,-0.739852959229365,-0.12432274755233,-1.52572889003718,0.0450498802965776,-0.160136533192892,-0.783394032206331,0.644983189827844,0.395823927242222,11,0.0909090909090909,-0.241118714792547,"-0.431190153632059",0.00485066056720181,0.570442931703951
360161,NA,0.627612194958244,0.148193643510326,-0.25009552778833,-1.53449510023219,1.52444174303745,0.0450498802965776,NA,0.500373079420508,-0.769262773564744,0.395823927242222,9,0.111111111111111,0.0764045629866734,"0.125435689431255",0.00485066056720181,0.570442931703951
360163,0.0589847524662062,0.313199580341511,-0.102931185860406,-2.45400396927299,0.469434032523402,-0.277931812870285,0.0450498802965776,0.0353258740585582,0.033548675192569,0.362133997149326,1.38519914163372,11,0.0909090909090909,-0.0119991849401641,"-0.0295381791427134",0.00485066056720181,0.570442931703951
360170,NA,-0.589966067528123,0.164715013863664,0.117222545792445,-1.01495791766593,0.276644665870556,0.0450498802965776,NA,-0.0831574258644167,NA,-0.0281940217827077,8,0.125,-0.139080415877242,"-0.252314593529123",0.00485066056720181,0.570442931703951
360172,-1.50352779326128,-0.14300695851414,-0.010411511881715,-0.617413601369107,NA,NA,0.0450498802965776,NA,-1.95045504277619,0.0792848044708086,-0.452211970807637,8,0.125,-0.569086524230334,"-1.00612550861687",0.00485066056720181,0.570442931703951
360174,-1.71213548915683,-0.27863592952528,0.184540658287669,0.239661903652703,NA,NA,0.0450498802965776,NA,-1.25021843643427,NA,-1.44158718519914,7,0.142857142857143,-0.601903514011225,"-1.06365447068651",0.00485066056720181,0.570442931703951
360175,NA,-0.824234290183728,-1.19664590325135,-0.862292317089623,0.0241164474666027,-0.555220052240705,-1.5164880087096,NA,0.150254776249555,NA,-0.0281940217827077,8,0.125,-0.601087921192695,"-1.06222471711573",0.00485066056720181,0.570442931703951
360179,0.488471185192347,-0.0166254173446692,-0.238406422757774,-0.494974243508849,0.246775239995002,-0.000643573499865181,0.825818824799667,0.133057077684283,-1.01680623432031,-1.47638575526104,-0.734890603490924,11,0.0909090909090909,-0.207691811137466,"-0.372591998063311",0.00485066056720181,0.570442931703951
360180,-0.652735621765683,0.470405887649878,-1.13386469590867,0.484540619373221,-1.31183630770379,1.80172998240787,1.60658776930276,2.57633716832741,-1.01680623432031,1.06925697884562,-0.0281940217827077,11,0.0909090909090909,0.351401956765964,"0.607512648396905",0.00485066056720181,0.570442931703951
360185,NA,0.528972943313779,0.931306598258528,-0.617413601369107,0.6920928250518,-0.139287693185075,-0.735719064206513,NA,0.383666978363526,NA,0.819841876267148,8,0.125,0.232932607811761,"0.399833067548516",0.00485066056720181,0.570442931703951
360189,NA,-0.0628625665530123,-0.172320941344423,-0.984731674949884,NA,NA,0.0450498802965776,NA,NA,NA,-0.0281940217827077,5,0.2,-0.24061186486669,"-0.430301633680829",0.00485066056720181,0.570442931703951
360197,NA,1.10231359349723,-0.142582474708416,0.851858692953996,NA,NA,-2.29725695321269,NA,0.150254776249555,NA,1.10252050895044,6,0.166666666666667,0.127851357288352,"0.215623141045397",0.00485066056720181,0.570442931703951
360203,NA,0.0573540213886797,0.544706531990428,-0.0052168120678136,-0.346981540080729,-0.416575932555496,0.825818824799667,NA,1.20060968576243,NA,-0.0281940217827077,8,0.125,0.228940094681807,"0.392834097260589",0.00485066056720181,0.570442931703951
360210,NA,0.276209860974837,0.4356654876584,1.83137355583607,-0.12432274755233,-0.693864171925916,0.0450498802965776,NA,0.033548675192569,NA,-0.310872654465994,8,0.125,0.186598485751776,"0.318608251734633",0.00485066056720181,0.570442931703951
360211,-0.775446031116009,-0.605378450597571,-0.373881659655142,-0.25009552778833,-3.38998503796885,0.969865264296607,-1.5164880087096,-0.355598940444343,0.383666978363526,-0.0621397918684502,-1.01756923617421,11,0.0909090909090909,-0.635731858332943,"-1.12295636127295",0.00485066056720181,0.570442931703951
360218,0.885234842091733,-0.364945274714187,-0.466401333633833,-2.33156461141273,0.320994837504468,-1.38708477035197,-0.735719064206513,NA,-0.199863526921402,0.503558593488585,-1.58292650154078,10,0.1,-0.535871680969663,"-0.947899099953244",0.00485066056720181,0.570442931703951
360230,0.263502101383416,0.0511890681609006,0.144889369439658,-0.739852959229365,-1.16339711268486,2.77223882020434,0.825818824799667,-0.160136533192892,-0.199863526921402,0.0792848044708086,-0.310872654465994,11,0.0909090909090909,0.142072745633116,"0.240553572389832",0.00485066056720181,0.570442931703951
360234,0.603000900585984,0.618364765116576,-0.135973926567081,1.21917676653477,NA,NA,0.0450498802965776,NA,-1.36692453749126,0.220709400810067,-0.169533338124351,8,0.125,0.129233738895161,"0.218046488816013",0.00485066056720181,0.570442931703951
360236,NA,1.21328275159726,0.372884280315717,-0.37253488564859,NA,NA,1.60658776930276,NA,-0.0831574258644167,NA,0.678502559925508,6,0.166666666666667,0.569260841604705,"0.989424444881056",0.00485066056720181,0.570442931703951
360239,NA,-0.500574245725327,0.0193269547542927,-0.127656169928072,NA,NA,-0.735719064206513,NA,-0.316569627978388,NA,0.254484610900575,6,0.166666666666667,-0.234451257030572,"-0.41950194190848",0.00485066056720181,0.570442931703951
360245,NA,NA,NA,NA,NA,NA,NA,NA,NA,NA,1.24385982529208,1,1,1.24385982529208,"2.17201247638195",0.00485066056720181,0.570442931703951
360259,NA,-0.4789969094281,-0.720830437075231,-0.0052168120678136,0.246775239995002,-1.8030171294076,0.825818824799667,NA,-0.783394032206331,NA,-1.15890855251585,8,0.125,-0.484721225988282,"-0.858231138201854",0.00485066056720181,0.570442931703951
360263,NA,NA,NA,NA,NA,NA,0.0450498802965776,NA,NA,0.927832382506361,0.254484610900575,3,0.333333333333333,0.409122291234504,"0.708697764839888",0.00485066056720181,0.570442931703951
360266,NA,NA,NA,NA,NA,NA,0.0450498802965776,NA,NA,1.63495536420266,1.80921709065865,3,0.333333333333333,1.1630741117193,"2.03039320286151",0.00485066056720181,0.570442931703951
360270,NA,-0.873553916005961,1.11304167214524,-1.2296103906704,0.395214435013935,0.138000546185346,0.825818824799667,NA,0.26696087730654,NA,0.537163243583865,8,0.125,0.146629411544779,"0.248541515895508",0.00485066056720181,0.570442931703951
360276,NA,0.442663598124872,-0.750568903711239,0.484540619373221,-0.643859930118594,-0.277931812870285,-0.735719064206513,NA,-0.666687931149345,NA,-2.289623083249,8,0.125,-0.55464831347586,"-0.980814982441454",0.00485066056720181,0.570442931703951
360348,NA,0.365601682777633,0.333232991467707,-0.37253488564859,NA,NA,-2.29725695321269,NA,0.383666978363526,NA,0.113145294558936,6,0.166666666666667,-0.245690815282247,"-0.439205154319407",0.00485066056720181,0.570442931703951
360351,NA,NA,NA,NA,NA,NA,2.38735671380585,NA,NA,1.06925697884562,0.961181192608791,3,0.333333333333333,1.47259829508675,"2.57299644354483",0.00485066056720181,0.570442931703951
360352,NA,NA,NA,-0.37253488564859,0.246775239995002,-0.000643573499865181,0.825818824799667,NA,NA,0.503558593488585,0.113145294558936,6,0.166666666666667,0.219353248948956,"0.376028129125942",0.00485066056720181,0.570442931703951
360354,0.206237243686597,-1.47771933232831,-0.327621822665797,-2.20912525355247,NA,NA,-1.5164880087096,NA,-0.0831574258644167,0.503558593488585,-0.593551287149281,8,0.125,-0.687233411636837,"-1.2132398067178",0.00485066056720181,0.570442931703951
360355,NA,NA,NA,1.21917676653477,NA,NA,1.60658776930276,NA,NA,NA,0.678502559925508,3,0.333333333333333,1.16808903192101,"2.03918447701533",0.00485066056720181,0.570442931703951
360358,NA,NA,NA,NA,NA,NA,NA,NA,NA,NA,NA,0,NA,NA,"NaN",0.00485066056720181,0.570442931703951
360359,-0.730452214354223,-0.34336793841696,-0.192146585768428,-0.494974243508849,NA,NA,-0.735719064206513,0.0353258740585582,0.500373079420508,0.927832382506361,-0.876229919832567,9,0.111111111111111,-0.212150958900235,"-0.380408989939166",0.00485066056720181,0.570442931703951
360360,-0.44412792587013,-1.61951325656723,0.310103072973034,0.362101261512963,-0.12432274755233,0.415288785555766,0.0450498802965776,NA,-2.76739775017508,NA,-0.734890603490924,9,0.111111111111111,-0.506412142590817,"-0.896255829887914",0.00485066056720181,0.570442931703951
360361,NA,NA,NA,0.362101261512963,NA,NA,0.0450498802965776,NA,NA,NA,NA,2,0.5,0.20357557090477,"0.348369484996447",0.00485066056720181,0.570442931703951
360364,NA,0.985179482169431,0.227496221206346,0.974298050814256,NA,NA,1.60658776930276,NA,-0.316569627978388,-0.0621397918684502,-0.310872654465994,7,0.142857142857143,0.443425635597137,"0.76883234177323",0.00485066056720181,0.570442931703951
360365,NA,-1.01843031685877,0.405927021022392,-0.739852959229365,NA,NA,0.0450498802965776,NA,0.850491382591465,NA,0.254484610900575,6,0.166666666666667,-0.033721730212854,"-0.0676183166383315",0.00485066056720181,0.570442931703951
360367,NA,NA,NA,NA,NA,NA,0.0450498802965776,NA,NA,NA,-0.310872654465994,2,0.5,-0.132911387084708,"-0.241500139620287",0.00485066056720181,0.570442931703951
360368,NA,0.427251215055424,0.224191947135679,0.484540619373221,NA,NA,0.0450498802965776,NA,0.967197483648454,NA,-0.169533338124351,6,0.166666666666667,0.329782967897501,"0.569614047736037",0.00485066056720181,0.570442931703951
360374,NA,NA,NA,0.484540619373221,NA,NA,NA,NA,NA,NA,-0.876229919832567,2,0.5,-0.195844650229673,"-0.351823643773418",0.00485066056720181,0.570442931703951
361300,NA,NA,-0.188842311697761,-0.127656169928072,NA,NA,0.0450498802965776,NA,NA,NA,-0.310872654465994,4,0.25,-0.145580313948812,"-0.263709069138024",0.00485066056720181,0.570442931703951
361302,NA,NA,NA,0.239661903652703,NA,NA,NA,NA,NA,NA,-0.0281940217827077,2,0.5,0.105733940934998,"0.176850785172236",0.00485066056720181,0.570442931703951
361303,NA,NA,NA,0.239661903652703,NA,NA,NA,NA,NA,NA,NA,1,1,0.239661903652703,"0.411629682892387",0.00485066056720181,0.570442931703951
361304,NA,NA,NA,NA,NA,NA,NA,NA,NA,NA,-0.310872654465994,1,1,-0.310872654465994,"-0.553470465643442",0.00485066056720181,0.570442931703951
361306,NA,NA,0.620704835615781,0.484540619373221,NA,NA,NA,NA,-0.433275729035377,NA,-0.310872654465994,4,0.25,0.0902742678719079,"0.149749611323152",0.00485066056720181,0.570442931703951
361307,NA,1.29959209678616,-1.57663742137812,-0.127656169928072,NA,NA,0.825818824799667,NA,-0.783394032206331,NA,-0.452211970807637,6,0.166666666666667,-0.135748112122388,"-0.246472985947274",0.00485066056720181,0.570442931703951
361308,NA,-1.1571417644838,0.495142420930415,0.239661903652703,NA,NA,NA,NA,-0.783394032206331,NA,-0.310872654465994,5,0.2,-0.303320825314601,"-0.540231929881705",0.00485066056720181,0.570442931703951
361309,NA,0.236137664994273,-2.02271442091823,0.239661903652703,NA,NA,NA,NA,0.617079180477497,NA,-0.169533338124351,5,0.2,-0.219873801983622,"-0.393947317183084",0.00485066056720181,0.570442931703951
361310,NA,NA,0.676877494817129,-0.37253488564859,NA,NA,0.0450498802965776,NA,NA,NA,1.10252050895044,4,0.25,0.362978249603889,"0.627806164530668",0.00485066056720181,0.570442931703951
361311,NA,NA,-0.555616733541855,NA,NA,NA,NA,NA,NA,NA,-0.310872654465994,2,0.5,-0.433244694003925,"-0.767991555724088",0.00485066056720181,0.570442931703951
361312,NA,-1.89693615181729,1.8399819676921,NA,NA,NA,NA,NA,0.150254776249555,NA,0.395823927242222,4,0.25,0.122281129841646,"0.205858400109669",0.00485066056720181,0.570442931703951
361313,NA,NA,-2.90495559778646,-0.494974243508849,NA,NA,NA,NA,NA,NA,-0.593551287149281,3,0.333333333333333,-1.3311603761482,"-2.34205906053502",0.00485066056720181,0.570442931703951
361314,NA,-1.40373989359496,-3.24199155299455,NA,NA,NA,0.0450498802965776,NA,-0.783394032206331,NA,-1.01756923617421,5,0.2,-1.28032896693469,"-2.25295039358798",0.00485066056720181,0.570442931703951
361315,NA,NA,1.93911018981212,0.362101261512963,0.320994837504468,-0.139287693185075,NA,NA,NA,NA,-0.0281940217827077,5,0.2,0.490944914772354,"0.852134766142437",0.00485066056720181,0.570442931703951
361316,NA,NA,0.951132242682533,0.362101261512963,NA,NA,-0.735719064206513,NA,NA,NA,0.113145294558936,4,0.25,0.17266493363698,"0.294182404133759",0.00485066056720181,0.570442931703951
361318,NA,0.689261727236035,1.02713054630789,-0.494974243508849,NA,NA,0.0450498802965776,NA,0.033548675192569,NA,0.819841876267148,6,0.166666666666667,0.353309743631894,"0.610857044058417",0.00485066056720181,0.570442931703951
361319,NA,NA,NA,NA,NA,NA,0.825818824799667,NA,NA,0.927832382506361,2.23323503968358,3,0.333333333333333,1.32896208232987,"2.32119875305924",0.00485066056720181,0.570442931703951
361320,NA,NA,0.445578309870403,NA,NA,NA,NA,NA,0.033548675192569,NA,-0.0281940217827077,3,0.333333333333333,0.150310987760088,"0.254995406391287",0.00485066056720181,0.570442931703951
361321,NA,NA,1.27495110160795,0.117222545792445,NA,NA,NA,NA,NA,NA,-0.0281940217827077,3,0.333333333333333,0.454659875205896,"0.788526230476875",0.00485066056720181,0.570442931703951
361322,NA,NA,NA,0.117222545792445,NA,NA,0.0450498802965776,NA,NA,NA,NA,2,0.5,0.0811362130445111,"0.13373038429881",0.00485066056720181,0.570442931703951
361323,NA,-1.75514222757837,1.27495110160795,-0.494974243508849,NA,NA,0.0450498802965776,NA,NA,NA,0.254484610900575,5,0.2,-0.135126175656423,"-0.245382716559402",0.00485066056720181,0.570442931703951
361324,NA,0.183735562558151,-1.14708179219134,-0.984731674949884,NA,NA,NA,NA,0.033548675192569,NA,-1.01756923617421,5,0.2,-0.586419693112943,"-1.03651096510913",0.00485066056720181,0.570442931703951
361325,-0.292785087671394,-0.950615831353199,1.09982457586257,-0.127656169928072,NA,NA,-0.735719064206513,NA,NA,NA,0.395823927242222,6,0.166666666666667,-0.101854608342397,"-0.187056869283775",0.00485066056720181,0.570442931703951
361326,NA,0.00803439556644707,-0.0467585266590577,0.484540619373221,NA,NA,0.0450498802965776,NA,0.850491382591465,NA,0.113145294558936,6,0.166666666666667,0.242417174287931,"0.416459737718378",0.00485066056720181,0.570442931703951
361327,NA,NA,NA,NA,NA,NA,NA,NA,NA,NA,NA,0,NA,NA,"NaN",0.00485066056720181,0.570442931703951
361328,NA,1.30883952662783,0.696703139241134,-1.2296103906704,0.6920928250518,-0.000643573499865181,-2.29725695321269,NA,-0.549981830092359,NA,0.395823927242222,8,0.125,-0.123004166164041,"-0.224132546176586",0.00485066056720181,0.570442931703951
361329,NA,0.45191102796654,0.739658702159812,0.729419335093738,-0.346981540080729,0.831221144611397,-0.735719064206513,NA,0.500373079420508,NA,0.254484610900575,8,0.125,0.303045911983166,"0.522743354055129",0.00485066056720181,0.570442931703951
361330,NA,NA,0.557923628273098,NA,NA,NA,NA,NA,-0.0831574258644167,NA,-0.452211970807637,3,0.333333333333333,0.00751807720034804,"0.0046760446749309",0.00485066056720181,0.570442931703951
361331,NA,2.05788134380299,-1.130560421838,0.729419335093738,NA,NA,0.0450498802965776,NA,-0.783394032206331,NA,0.254484610900575,6,0.166666666666667,0.195480119341591,"0.334177966242769",0.00485066056720181,0.570442931703951
361332,NA,1.62016966463068,0.290277428549029,-0.494974243508849,NA,NA,-0.735719064206513,NA,0.967197483648454,NA,-0.0281940217827077,6,0.166666666666667,0.269792874555015,"0.464449990109288",0.00485066056720181,0.570442931703951
361333,NA,1.47221078716398,-1.71211265827549,0.484540619373221,1.360069202637,-1.52572889003718,0.825818824799667,NA,0.850491382591465,NA,-0.452211970807637,8,0.125,0.162884662180628,"0.27703735611443",0.00485066056720181,0.570442931703951
361334,NA,NA,-0.770394548135244,0.362101261512963,NA,NA,NA,NA,NA,NA,-0.310872654465994,3,0.333333333333333,-0.239721980362758,"-0.428741645022063",0.00485066056720181,0.570442931703951
361335,NA,0.140580889963697,-0.268144889393781,1.70893419797581,NA,NA,-0.735719064206513,NA,0.850491382591465,NA,1.10252050895044,6,0.166666666666667,0.466443837646852,"0.809183796354249",0.00485066056720181,0.570442931703951
370001,0.750253391806375,0.418003785213756,0.392709924739722,-0.862292317089623,-0.792299125137527,1.10850938398182,0.0450498802965776,0.0353258740585582,0.617079180477497,0.220709400810067,1.10252050895044,11,0.0909090909090909,0.275960898918878,"0.475262683230822",0.00485066056720181,0.570442931703951
370002,NA,0.374849112619302,1.3311237608093,-2.08668589569221,NA,NA,0.0450498802965776,NA,0.967197483648454,0.362133997149326,-1.01756923617421,7,0.142857142857143,-0.00341441390620884,"-0.0144888717416874",0.00485066056720181,0.570442931703951
370004,NA,0.183735562558151,0.984174983389208,0.60697997723348,NA,NA,-0.735719064206513,NA,0.500373079420508,NA,0.254484610900575,6,0.166666666666667,0.299004858215901,"0.515659290877778",0.00485066056720181,0.570442931703951
370006,NA,0.569045139294343,-0.231797874616439,0.239661903652703,NA,NA,0.825818824799667,NA,1.08390358470544,0.0792848044708086,0.819841876267148,7,0.142857142857143,0.48367975122481,"0.839398761988889",0.00485066056720181,0.570442931703951
370008,-0.198707107169478,-0.0875223794641286,1.04695619073189,-0.617413601369107,NA,NA,-0.735719064206513,0.133057077684283,0.383666978363526,-1.33496115892178,-1.01756923617421,9,0.111111111111111,-0.269801366725057,"-0.481471523315847",0.00485066056720181,0.570442931703951
370013,NA,1.25335494757782,0.871829664986512,-0.37253488564859,0.0241164474666027,-1.66437300972239,-0.735719064206513,NA,1.20060968576243,-0.769262773564744,1.10252050895044,9,0.111111111111111,0.101171280177952,"0.168852332560303",0.00485066056720181,0.570442931703951
370014,-0.125080861559282,-1.82295671308394,-0.099626911789738,0.362101261512963,NA,NA,-0.735719064206513,NA,-3.11751605334604,-1.33496115892178,-4.12703419569036,8,0.125,-1.37509921213559,"-2.41908488300624",0.00485066056720181,0.570442931703951
370015,NA,-1.54553381783388,1.8399819676921,-0.37253488564859,NA,NA,NA,NA,NA,NA,0.537163243583865,4,0.25,0.114769126948373,"0.192689680723779",0.00485066056720181,0.570442931703951
370016,-1.32355252621413,0.92044747327775,0.44888258394107,0.974298050814256,0.988971215089666,-1.8030171294076,-0.735719064206513,NA,0.26696087730654,NA,1.38519914163372,9,0.111111111111111,0.124718958026085,"0.210131970784226",0.00485066056720181,0.570442931703951
370018,1.34335370366628,0.384096542460971,-0.0137157859523825,0.484540619373221,NA,NA,0.0450498802965776,NA,2.01755239316132,-0.344988984546967,0.961181192608791,8,0.125,0.609633695133477,"1.06019901545585",0.00485066056720181,0.570442931703951
370019,NA,0.501230653788773,0.604183465262443,-0.617413601369107,NA,NA,0.0450498802965776,NA,NA,-3.3149055076714,-0.0281940217827077,6,0.166666666666667,-0.46834152191257,"-0.829517128148676",0.00485066056720181,0.570442931703951
370020,NA,0.112838600438691,-0.225189326475104,-1.47448910639092,-1.46027550272272,0.415288785555766,1.60658776930276,NA,0.033548675192569,-0.0621397918684502,-0.876229919832567,9,0.111111111111111,-0.214451090755553,"-0.384441175680249",0.00485066056720181,0.570442931703951
370022,NA,-1.04309012976989,1.10312884993324,-0.25009552778833,NA,NA,-1.5164880087096,NA,-0.199863526921402,0.0792848044708086,0.395823927242222,7,0.142857142857143,-0.204471373077564,"-0.366946493700093",0.00485066056720181,0.570442931703951
370023,NA,0.982097005555541,0.191149206429004,-4.16815497931661,NA,NA,-0.735719064206513,NA,1.08390358470544,0.220709400810067,-0.452211970807637,7,0.142857142857143,-0.411175259547243,"-0.729303313254752",0.00485066056720181,0.570442931703951
370025,0.877054148135045,0.926612426505529,-0.00710723781104746,-3.18864011643454,-2.49934986785525,1.24715350366703,0.0450498802965776,NA,-0.549981830092359,-3.3149055076714,0.395823927242222,10,0.1,-0.60682906740182,"-1.07228908269911",0.00485066056720181,0.570442931703951
370026,1.71148493171726,1.15163321931947,0.723137331806474,-0.739852959229365,1.1374104101086,-0.693864171925916,0.825818824799667,NA,-0.783394032206331,1.06925697884562,0.819841876267148,10,0.1,0.522147240950262,"0.906833184588442",0.00485066056720181,0.570442931703951
370028,-0.49321208961026,0.384096542460971,0.0887167102383106,-2.82132204285376,1.28584960512753,-3.1894583262597,-0.735719064206513,-0.453330144070068,-0.0831574258644167,0.503558593488585,0.961181192608791,11,0.0909090909090909,-0.413890586267321,"-0.734063345449325",0.00485066056720181,0.570442931703951
370034,NA,-0.626955786894798,1.14278013878125,0.60697997723348,NA,NA,0.825818824799667,NA,-1.36692453749126,0.503558593488585,-0.0281940217827077,7,0.142857142857143,0.151009026876317,"0.256219085531536",0.00485066056720181,0.570442931703951
370037,0.476200144257314,0.137498413349808,0.244017591559684,-1.71936782211143,1.06319081259913,-0.416575932555496,-0.735719064206513,0.426250688561459,0.967197483648454,2.20065374955969,0.961181192608791,11,0.0909090909090909,0.327684296115535,"0.565935026285641",0.00485066056720181,0.570442931703951
370039,NA,1.41980868472786,1.07008610922656,0.484540619373221,NA,NA,0.0450498802965776,NA,0.383666978363526,NA,0.678502559925508,6,0.166666666666667,0.680275805318875,"1.18403631145737",0.00485066056720181,0.570442931703951
370047,NA,-0.657780553033693,0.38279710252772,-1.96424653783195,-1.08917751517539,0.969865264296607,-0.735719064206513,NA,-0.0831574258644167,NA,0.537163243583865,8,0.125,-0.330031935712972,"-0.587057140457254",0.00485066056720181,0.570442931703951
370049,-0.734542561332567,-1.28352330565327,-0.463097059563165,-0.25009552778833,0.0241164474666027,-2.77352596720407,-1.5164880087096,NA,0.150254776249555,0.927832382506361,0.254484610900575,10,0.1,-0.566458421312791,"-1.00151838181859",0.00485066056720181,0.570442931703951
370054,NA,-0.300213265822507,1.03373909444922,0.362101261512963,NA,NA,-0.735719064206513,NA,0.150254776249555,0.644983189827844,-0.593551287149281,7,0.142857142857143,0.0802278149801832,"0.132137940929209",0.00485066056720181,0.570442931703951
370056,-0.861343317661237,-0.574553684458676,-0.506052622481843,-2.08668589569221,-0.569640332609128,-0.000643573499865181,-0.735719064206513,-0.844254958572969,0.150254776249555,-0.344988984546967,-2.14828376690736,11,0.0909090909090909,-0.774719220398837,"-1.3666045061465",0.00485066056720181,0.570442931703951
370057,NA,NA,1.40712206443465,-0.127656169928072,NA,NA,0.0450498802965776,NA,NA,NA,0.537163243583865,4,0.25,0.465419754596755,"0.807388554458556",0.00485066056720181,0.570442931703951
370078,0.463929103322281,-0.192326584336373,-1.24951428838203,-0.127656169928072,NA,NA,0.0450498802965776,-0.746523754947244,0.383666978363526,NA,-1.72426581788243,8,0.125,-0.393455081686721,"-0.698239420837693",0.00485066056720181,0.570442931703951
370083,NA,0.112838600438691,0.91478522790519,NA,NA,NA,NA,NA,-0.783394032206331,NA,-0.0281940217827077,4,0.25,0.0540089435887109,"0.0861756370171334",0.00485066056720181,0.570442931703951
370089,-0.689548744570781,-0.287883359366949,0.86191684277451,-0.0052168120678136,0.246775239995002,0.831221144611397,-0.735719064206513,NA,-0.199863526921402,-0.486413580886226,-0.0281940217827077,10,0.1,-0.0492925882421483,"-0.0949144003723925",0.00485066056720181,0.570442931703951
370091,0.414844939582151,0.371766636005413,-0.0137157859523825,-0.127656169928072,0.172555642485536,0.969865264296607,0.825818824799667,1.50129392844444,-0.666687931149345,0.503558593488585,1.10252050895044,11,0.0909090909090909,0.459469495547549,"0.796957609102755",0.00485066056720181,0.570442931703951
370093,0.897505883026766,-0.0751924730085704,-0.833175755477927,0.729419335093738,0.766312422561267,-1.66437300972239,0.0450498802965776,NA,0.150254776249555,0.220709400810067,-1.86560513422407,10,0.1,-0.162909467439498,"-0.294087486552931",0.00485066056720181,0.570442931703951
370094,-1.90438179713901,-1.02767774670044,-0.459792785492498,0.729419335093738,0.469434032523402,0.553932905240976,0.0450498802965776,NA,-0.0831574258644167,-2.60778252597511,-0.593551287149281,10,0.1,-0.487850741516605,"-0.863717253208968",0.00485066056720181,0.570442931703951
370097,NA,-1.65958545254779,0.316711621114369,0.117222545792445,NA,NA,0.0450498802965776,NA,0.150254776249555,NA,-0.452211970807637,6,0.166666666666667,-0.247093099983747,"-0.441663392687462",0.00485066056720181,0.570442931703951
370099,NA,NA,0.419144117305062,0.239661903652703,NA,NA,NA,NA,0.383666978363526,NA,-0.0281940217827077,4,0.25,0.253569744384646,"0.436010457828803",0.00485066056720181,0.570442931703951
370100,NA,-1.46847190248664,1.34764513116264,-0.617413601369107,NA,NA,NA,NA,-0.199863526921402,NA,-0.310872654465994,5,0.2,-0.249795310816102,"-0.446400432419522",0.00485066056720181,0.570442931703951
370106,-0.0882677387541848,0.152910796419255,0.574444998626436,-0.739852959229365,-0.495420735099661,-0.832508291611126,0.0450498802965776,0.426250688561459,-1.36692453749126,NA,-0.169533338124351,10,0.1,-0.249385123640622,"-0.445681364564208",0.00485066056720181,0.570442931703951
370112,NA,0.532055419927668,0.88835103533985,-0.127656169928072,NA,NA,NA,NA,NA,NA,-0.310872654465994,4,0.25,0.245469407718363,"0.421810375373427",0.00485066056720181,0.570442931703951
370113,NA,0.38717901907486,0.44888258394107,-0.0052168120678136,-0.643859930118594,-0.139287693185075,0.0450498802965776,NA,0.383666978363526,NA,0.537163243583865,8,0.125,0.126697158736052,"0.213599803585762",0.00485066056720181,0.570442931703951
370114,0.406664245625463,0.291622244044285,1.20556134612393,1.21917676653477,NA,NA,-0.735719064206513,1.30583152119298,-0.199863526921402,NA,1.66787777431701,8,0.125,0.645143913338816,"1.12244927088327",0.00485066056720181,0.570442931703951
370149,NA,1.79587083162238,0.561227902343766,0.851858692953996,0.172555642485536,-0.971152411296336,0.0450498802965776,NA,0.967197483648454,-0.0621397918684502,1.80921709065865,9,0.111111111111111,0.574409480093842,"0.998450130366819",0.00485066056720181,0.570442931703951
370158,NA,0.32552948679707,0.141585095368991,-0.617413601369107,NA,NA,NA,NA,NA,NA,0.113145294558936,4,0.25,-0.0092884311610277,"-0.0247861634221589",0.00485066056720181,0.570442931703951
370166,NA,1.04066406121944,-0.902565510961945,NA,NA,NA,NA,NA,NA,NA,-0.0281940217827077,3,0.333333333333333,0.0366348428249299,"0.055718425965568",0.00485066056720181,0.570442931703951
370170,NA,NA,NA,NA,NA,NA,NA,NA,NA,NA,0.537163243583865,1,1,0.537163243583865,"0.933156593643137",0.00485066056720181,0.570442931703951
370171,NA,0.849550511158291,0.587662094909106,NA,NA,NA,NA,NA,-0.900100133263316,NA,0.254484610900575,4,0.25,0.197899270926164,"0.338418796394432",0.00485066056720181,0.570442931703951
370172,NA,2.30447947291415,1.36086222744531,NA,NA,NA,NA,NA,NA,NA,0.678502559925508,3,0.333333333333333,1.44794808676166,"2.52978404322379",0.00485066056720181,0.570442931703951
370173,NA,NA,NA,NA,NA,NA,NA,NA,NA,NA,0.395823927242222,1,1,0.395823927242222,"0.685385417095374",0.00485066056720181,0.570442931703951
370178,NA,NA,0.303494524831699,NA,NA,NA,NA,NA,0.383666978363526,NA,0.254484610900575,3,0.333333333333333,0.313882038031933,"0.541739340238005",0.00485066056720181,0.570442931703951
370180,NA,0.528972943313779,1.88624180468144,NA,NA,NA,NA,NA,-0.199863526921402,NA,1.10252050895044,4,0.25,0.829467932506064,"1.44557365182118",0.00485066056720181,0.570442931703951
370183,NA,NA,-1.29246985130071,0.60697997723348,NA,NA,NA,NA,NA,NA,0.395823927242222,3,0.333333333333333,-0.0965553156083368,"-0.177767083330549",0.00485066056720181,0.570442931703951
370192,NA,NA,NA,NA,NA,NA,0.0450498802965776,NA,NA,NA,0.537163243583865,2,0.5,0.291106561940221,"0.501813390023003",0.00485066056720181,0.570442931703951
370199,NA,NA,NA,0.729419335093738,NA,NA,0.825818824799667,NA,NA,NA,NA,2,0.5,0.777619079946702,"1.35468138253758",0.00485066056720181,0.570442931703951
370201,NA,NA,NA,NA,NA,NA,0.0450498802965776,NA,NA,0.362133997149326,0.819841876267148,3,0.333333333333333,0.409008584571017,"0.708498434359716",0.00485066056720181,0.570442931703951
370202,1.17973982453252,1.19478789191392,1.26834255346661,0.729419335093738,NA,NA,0.0450498802965776,NA,-2.06716114383317,-1.19353656258252,2.79859230505015,8,0.125,0.494404260492228,"0.858199081304588",0.00485066056720181,0.570442931703951
370203,NA,NA,NA,0.729419335093738,NA,NA,0.0450498802965776,NA,NA,-0.0621397918684502,0.961181192608791,4,0.25,0.418377654032664,"0.724922635521541",0.00485066056720181,0.570442931703951
370206,NA,NA,NA,NA,NA,NA,-1.5164880087096,NA,NA,NA,2.65725298870851,2,0.5,0.570382489999454,"0.991390721141853",0.00485066056720181,0.570442931703951
370210,NA,NA,NA,-0.37253488564859,0.543653630032868,-0.139287693185075,1.60658776930276,NA,NA,1.63495536420266,2.23323503968358,6,0.166666666666667,0.917768204064699,"1.60036612386545",0.00485066056720181,0.570442931703951
370211,NA,0.399508925530418,0.0688910658143055,-0.37253488564859,NA,NA,-0.735719064206513,NA,1.08390358470544,NA,0.395823927242222,6,0.166666666666667,0.13997892557288,"0.236883056122795",0.00485066056720181,0.570442931703951
370212,NA,NA,NA,-0.25009552778833,NA,NA,1.60658776930276,NA,NA,-0.344988984546967,-0.452211970807637,4,0.25,0.139822821539956,"0.236609402047604",0.00485066056720181,0.570442931703951
370214,NA,NA,NA,NA,NA,NA,NA,NA,NA,NA,NA,0,NA,NA,"NaN",0.00485066056720181,0.570442931703951
370215,-0.116900167602594,0.131333460122029,-1.76828531747683,NA,NA,NA,-1.5164880087096,0.0353258740585582,0.26696087730654,NA,-1.15890855251585,7,0.142857142857143,-0.589565976402537,"-1.04202647439977",0.00485066056720181,0.570442931703951
370216,NA,NA,NA,0.484540619373221,NA,NA,-3.07802589771578,NA,NA,-0.627838177225485,-0.452211970807637,4,0.25,-0.91838385659392,"-1.61845202359395",0.00485066056720181,0.570442931703951
370218,NA,0.797148408722169,0.134976547227656,0.729419335093738,NA,NA,-0.735719064206513,NA,-0.666687931149345,-2.46635792963585,1.66787777431701,7,0.142857142857143,-0.0770489799473054,"-0.143572013890798",0.00485066056720181,0.570442931703951
370220,NA,NA,NA,NA,NA,NA,-1.5164880087096,NA,NA,-0.769262773564744,0.254484610900575,3,0.333333333333333,-0.677088723791257,"-1.19545592811793",0.00485066056720181,0.570442931703951
370222,NA,NA,NA,NA,NA,NA,0.0450498802965776,NA,NA,2.62492753857747,0.113145294558936,3,0.333333333333333,0.927707571144326,"1.61779007028887",0.00485066056720181,0.570442931703951
370225,NA,NA,NA,NA,NA,NA,0.825818824799667,NA,NA,NA,0.395823927242222,2,0.5,0.610821376020945,"1.06228104824381",0.00485066056720181,0.570442931703951
370227,NA,1.03758158460555,0.670268946675794,0.239661903652703,NA,NA,NA,NA,NA,NA,0.819841876267148,4,0.25,0.691838577800299,"1.20430612608525",0.00485066056720181,0.570442931703951
370228,NA,-0.898213728917077,1.86311188618677,-0.617413601369107,NA,NA,0.825818824799667,NA,NA,0.220709400810067,0.819841876267148,6,0.166666666666667,0.368975776296245,"0.638319971186911",0.00485066056720181,0.570442931703951
370234,0.856602413243324,0.729333923216599,1.48972891620134,NA,NA,NA,0.825818824799667,NA,0.383666978363526,NA,1.10252050895044,6,0.166666666666667,0.897945260795815,"1.56561603377376",0.00485066056720181,0.570442931703951
370235,NA,1.66024186061124,-0.53579108911785,0.484540619373221,NA,NA,0.825818824799667,NA,NA,0.220709400810067,-0.452211970807637,6,0.166666666666667,0.367217940944785,"0.635238444089697",0.00485066056720181,0.570442931703951
370236,-0.051454615949087,0.935859856347198,1.00069635374255,-0.0052168120678136,NA,NA,0.0450498802965776,NA,2.13425849421831,NA,-0.0281940217827077,7,0.142857142857143,0.57585701925786,"1.00098770088188",0.00485066056720181,0.570442931703951
370237,NA,0.51972551347211,-0.872827044325937,0.729419335093738,NA,NA,NA,NA,NA,NA,-0.593551287149281,4,0.25,-0.0543083707273425,"-0.103707186129614",0.00485066056720181,0.570442931703951
370240,NA,NA,0.789222813219824,NA,NA,NA,NA,NA,NA,NA,0.113145294558936,2,0.5,0.45118405388938,"0.782433033202727",0.00485066056720181,0.570442931703951
370243,NA,NA,NA,NA,NA,NA,NA,NA,NA,NA,-0.0281940217827077,1,1,-0.0281940217827077,"-0.0579281125479159",0.00485066056720181,0.570442931703951
370244,NA,NA,NA,NA,NA,NA,NA,NA,NA,NA,0.113145294558936,1,1,0.113145294558936,"0.189843063999847",0.00485066056720181,0.570442931703951
370245,NA,NA,NA,NA,NA,NA,NA,NA,NA,NA,-0.734890603490924,1,1,-0.734890603490924,"-1.29678399528673",0.00485066056720181,0.570442931703951
370246,NA,NA,NA,NA,NA,NA,NA,NA,NA,NA,NA,0,NA,NA,"NaN",0.00485066056720181,0.570442931703951
371300,NA,1.74346872918626,1.03704336851989,NA,NA,NA,NA,NA,NA,NA,0.819841876267148,3,0.333333333333333,1.20011799132443,"2.09533200312762",0.00485066056720181,0.570442931703951
371301,NA,NA,NA,NA,NA,NA,NA,NA,NA,NA,NA,0,NA,NA,"NaN",0.00485066056720181,0.570442931703951
371302,NA,NA,NA,NA,NA,NA,NA,NA,NA,NA,NA,0,NA,NA,"NaN",0.00485066056720181,0.570442931703951
371303,NA,NA,1.55911867168536,NA,NA,NA,NA,NA,NA,NA,0.819841876267148,2,0.5,1.18948027397625,"2.07668383210654",0.00485066056720181,0.570442931703951
371304,NA,NA,NA,NA,NA,NA,NA,NA,NA,NA,NA,0,NA,NA,"NaN",0.00485066056720181,0.570442931703951
371305,NA,NA,NA,NA,NA,NA,NA,NA,NA,NA,-0.452211970807637,1,1,-0.452211970807637,"-0.801241642191206",0.00485066056720181,0.570442931703951
371306,NA,NA,NA,NA,NA,NA,NA,NA,NA,NA,0.254484610900575,1,1,0.254484610900575,"0.437614240547604",0.00485066056720181,0.570442931703951
371307,NA,NA,NA,NA,NA,NA,NA,NA,NA,NA,0.254484610900575,1,1,0.254484610900575,"0.437614240547604",0.00485066056720181,0.570442931703951
371309,NA,NA,NA,NA,NA,NA,NA,NA,NA,NA,-0.169533338124351,1,1,-0.169533338124351,"-0.305699289095679",0.00485066056720181,0.570442931703951
371310,NA,NA,NA,NA,NA,NA,NA,NA,NA,NA,0.254484610900575,1,1,0.254484610900575,"0.437614240547604",0.00485066056720181,0.570442931703951
371311,NA,NA,NA,NA,NA,NA,NA,NA,NA,NA,NA,0,NA,NA,"NaN",0.00485066056720181,0.570442931703951
371312,NA,NA,-0.264840615323114,NA,NA,NA,NA,NA,NA,NA,0.678502559925508,2,0.5,0.206830972301197,"0.354076280918526",0.00485066056720181,0.570442931703951
371313,NA,NA,1.24851690904261,NA,NA,NA,NA,NA,NA,NA,0.961181192608791,2,0.5,1.1048490508257,"1.92832328901461",0.00485066056720181,0.570442931703951
371314,NA,NA,NA,NA,NA,NA,NA,NA,NA,NA,0.254484610900575,1,1,0.254484610900575,"0.437614240547604",0.00485066056720181,0.570442931703951
371316,NA,NA,NA,NA,NA,NA,NA,NA,NA,NA,NA,0,NA,NA,"NaN",0.00485066056720181,0.570442931703951
371317,NA,NA,NA,NA,NA,NA,NA,NA,NA,NA,-0.593551287149281,1,1,-0.593551287149281,"-1.04901281873897",0.00485066056720181,0.570442931703951
371318,NA,NA,NA,NA,NA,NA,NA,NA,NA,NA,NA,0,NA,NA,"NaN",0.00485066056720181,0.570442931703951
371319,NA,0.0758488810720169,0.184540658287669,NA,NA,NA,NA,NA,NA,NA,0.113145294558936,3,0.333333333333333,0.124511611306207,"0.209768487062448",0.00485066056720181,0.570442931703951
371320,NA,NA,NA,NA,NA,NA,NA,NA,NA,NA,NA,0,NA,NA,"NaN",0.00485066056720181,0.570442931703951
371321,NA,2.23358251079469,1.0766946573679,NA,NA,NA,NA,NA,NA,NA,0.678502559925508,3,0.333333333333333,1.32959324269603,"2.32230519216311",0.00485066056720181,0.570442931703951
371322,NA,NA,NA,NA,NA,NA,NA,NA,NA,NA,0.254484610900575,1,1,0.254484610900575,"0.437614240547604",0.00485066056720181,0.570442931703951
371323,NA,NA,-0.192146585768428,-0.127656169928072,NA,NA,NA,NA,NA,NA,-0.0281940217827077,3,0.333333333333333,-0.115998925826403,"-0.211852193579854",0.00485066056720181,0.570442931703951
371325,NA,NA,NA,NA,NA,NA,NA,NA,NA,NA,-0.310872654465994,1,1,-0.310872654465994,"-0.553470465643442",0.00485066056720181,0.570442931703951
371326,NA,NA,-0.558921007612523,0.362101261512963,NA,NA,NA,NA,NA,NA,NA,2,0.5,-0.0984098730497799,"-0.181018166547416",0.00485066056720181,0.570442931703951
371327,NA,NA,NA,-0.0052168120678136,NA,NA,NA,NA,NA,NA,-0.876229919832567,2,0.5,-0.44072336595019,"-0.781101845168689",0.00485066056720181,0.570442931703951
371328,NA,NA,0.508359517213085,-0.25009552778833,NA,NA,NA,NA,0.617079180477497,NA,1.38519914163372,4,0.25,0.565135577883993,"0.982192759656402",0.00485066056720181,0.570442931703951
371329,NA,NA,1.32121093859729,NA,NA,NA,NA,NA,NA,NA,0.113145294558936,2,0.5,0.717178116578115,"1.24872693905268",0.00485066056720181,0.570442931703951
371330,NA,NA,2.17040937475885,NA,NA,NA,NA,NA,NA,NA,0.254484610900575,2,0.5,1.21244699282971,"2.11694503542246",0.00485066056720181,0.570442931703951
371331,NA,NA,-1.65263572500347,NA,NA,NA,NA,NA,NA,NA,-0.310872654465994,2,0.5,-0.981754189734733,"-1.72954172182462",0.00485066056720181,0.570442931703951
371332,NA,NA,0.0920209843089781,NA,NA,NA,NA,NA,NA,NA,0.395823927242222,2,0.5,0.2439224557756,"0.419098531897442",0.00485066056720181,0.570442931703951
371333,NA,NA,2.03493413786148,NA,NA,NA,NA,NA,NA,NA,0.678502559925508,2,0.5,1.35671834889349,"2.36985614720157",0.00485066056720181,0.570442931703951
371334,NA,NA,0.468708228365075,NA,NA,NA,NA,NA,NA,NA,-0.876229919832567,2,0.5,-0.203760845733746,"-0.365700922400443",0.00485066056720181,0.570442931703951
371335,NA,NA,1.23529981275994,NA,NA,NA,NA,NA,NA,NA,0.113145294558936,2,0.5,0.674222553659438,"1.17342481761108",0.00485066056720181,0.570442931703951
371336,NA,NA,1.57564004203869,0.362101261512963,NA,NA,NA,NA,NA,NA,-0.0281940217827077,3,0.333333333333333,0.63651576058965,"1.10732391430572",0.00485066056720181,0.570442931703951
371337,NA,1.19478789191392,0.40923129509306,NA,NA,NA,NA,NA,NA,NA,-1.01756923617421,3,0.333333333333333,0.195483316944256,"0.334183571716144",0.00485066056720181,0.570442931703951
371338,NA,NA,-0.126061104355078,NA,NA,NA,NA,NA,NA,NA,-0.310872654465994,2,0.5,-0.218466879410536,"-0.391480948516048",0.00485066056720181,0.570442931703951
371340,NA,NA,-4.51083279613088,NA,NA,NA,NA,NA,NA,NA,-0.734890603490924,2,0.5,-2.6228616998109,"-4.60644214229976",0.00485066056720181,0.570442931703951
371341,NA,NA,0.296885976690364,-0.617413601369107,NA,NA,NA,NA,NA,NA,-0.310872654465994,3,0.333333333333333,-0.210466759714912,"-0.377456548789108",0.00485066056720181,0.570442931703951
371342,NA,1.80820073807794,0.303494524831699,NA,NA,NA,NA,NA,0.850491382591465,NA,-0.734890603490924,4,0.25,0.556824010502544,"0.967622384743312",0.00485066056720181,0.570442931703951
380001,NA,1.28726219033061,1.453381901424,-0.617413601369107,-0.643859930118594,-1.24844065066676,0.825818824799667,NA,0.617079180477497,NA,1.52653845797536,8,0.125,0.400045796606584,"0.692786454306495",0.00485066056720181,0.570442931703951
380002,NA,0.658436961097139,0.961045064894536,1.09673740867451,0.6920928250518,-0.832508291611126,0.0450498802965776,NA,0.967197483648454,NA,0.395823927242222,8,0.125,0.497984407411765,"0.864475163837231",0.00485066056720181,0.570442931703951
380004,0.566187777780886,-0.27863592952528,-0.575442377965861,-1.10717103281014,NA,NA,-2.29725695321269,0.230788281310009,0.617079180477497,-0.0621397918684502,0.678502559925508,9,0.111111111111111,-0.247565365098725,"-0.442491284644274",0.00485066056720181,0.570442931703951
380005,NA,-1.90001862843118,1.31790666452663,-0.0052168120678136,NA,NA,0.0450498802965776,NA,NA,NA,0.961181192608791,5,0.2,0.0837804593866012,"0.138365810903522",0.00485066056720181,0.570442931703951
380007,0.431206327495528,-0.956780784580978,-1.44446645855142,0.117222545792445,NA,NA,-1.5164880087096,1.40356272481871,0.383666978363526,NA,0.395823927242222,8,0.125,-0.148281593516196,"-0.268444476340484",0.00485066056720181,0.570442931703951
380009,0.369851122820365,0.199147945627598,0.161410739792996,1.46405548225529,0.988971215089666,0.553932905240976,0.825818824799667,-0.746523754947244,NA,0.220709400810067,1.38519914163372,10,0.1,0.54225730231231,"0.942086599512837",0.00485066056720181,0.570442931703951
380014,0.439387021452216,-0.0135429407307797,-1.42464081412741,-0.25009552778833,1.06319081259913,-0.832508291611126,0.0450498802965776,0.133057077684283,1.20060968576243,-0.486413580886226,2.23323503968358,11,0.0909090909090909,0.191575305666758,"0.32733273518141",0.00485066056720181,0.570442931703951
380017,1.5765034814319,0.439581121510982,-0.439967141068492,0.484540619373221,NA,NA,0.825818824799667,NA,0.850491382591465,1.35210617152414,1.24385982529208,8,0.125,0.791616785681871,"1.3792196929578",0.00485066056720181,0.570442931703951
380018,-0.0228221871006777,1.13313835963613,0.640530480039786,0.362101261512963,1.06319081259913,-1.24844065066676,-0.735719064206513,1.98994994657306,0.150254776249555,NA,1.80921709065865,10,0.1,0.514140082529533,"0.892796445809313",0.00485066056720181,0.570442931703951
380020,-0.0391835750140544,1.30883952662783,-0.192146585768428,-0.37253488564859,NA,NA,0.825818824799667,0.914906706690084,-0.316569627978388,-0.0621397918684502,1.95055640700029,9,0.111111111111111,0.446394110982218,"0.774036149586598",0.00485066056720181,0.570442931703951
380021,NA,0.695426680463814,-0.304491904171124,1.95381291369632,0.172555642485536,0.692577024926186,0.0450498802965776,NA,0.383666978363526,NA,0.678502559925508,8,0.125,0.539637471998293,"0.937493974784907",0.00485066056720181,0.570442931703951
380022,NA,-0.149171911741919,1.06017328701456,0.239661903652703,0.172555642485536,-0.832508291611126,0.0450498802965776,NA,1.20060968576243,0.220709400810067,2.23323503968358,9,0.111111111111111,0.465590515150267,"0.807687901762241",0.00485066056720181,0.570442931703951
380025,NA,-0.552976348161449,0.0920209843089781,1.09673740867451,NA,NA,0.0450498802965776,NA,0.73378528153448,NA,0.819841876267148,6,0.166666666666667,0.372409847153375,"0.644339978914717",0.00485066056720181,0.570442931703951
380027,0.991583863528682,1.01292177169444,1.51616310876668,1.83137355583607,NA,NA,0.825818824799667,NA,1.08390358470544,NA,1.24385982529208,7,0.142857142857143,1.21508921923186,"2.12157692102451",0.00485066056720181,0.570442931703951
380029,NA,NA,-2.69678633133441,0.484540619373221,NA,NA,0.0450498802965776,NA,NA,NA,0.395823927242222,4,0.25,-0.442842976105597,"-0.784817572084745",0.00485066056720181,0.570442931703951
380037,NA,1.43830354441119,0.584357820838438,-0.37253488564859,NA,NA,-1.5164880087096,NA,NA,NA,0.537163243583865,5,0.2,0.134160342895061,"0.226682942571665",0.00485066056720181,0.570442931703951
380038,NA,1.07148882735834,0.548010806061096,-0.25009552778833,-0.569640332609128,0.831221144611397,-0.735719064206513,NA,NA,-0.910687369904002,1.10252050895044,8,0.125,0.135887374059162,"0.229710469197234",0.00485066056720181,0.570442931703951
380047,0.414844939582151,0.92044747327775,1.07999893143857,1.70893419797581,0.988971215089666,-0.000643573499865181,-0.735719064206513,0.523981892187183,0.850491382591465,0.503558593488585,2.37457435602522,11,0.0909090909090909,0.784494576722729,"1.36673429159106",0.00485066056720181,0.570442931703951
380050,0.14079169203309,-0.700935225628147,1.63181270124004,-0.494974243508849,0.840532020070734,0.692577024926186,-0.735719064206513,NA,2.01755239316132,0.927832382506361,1.38519914163372,10,0.1,0.570466882222795,"0.991538662712605",0.00485066056720181,0.570442931703951
380051,0.153062732968123,-0.334120508575292,-0.321013274524462,-0.862292317089623,0.0241164474666027,-0.277931812870285,0.0450498802965776,0.0353258740585582,1.31731578681941,1.21068157518488,1.38519914163372,11,0.0909090909090909,0.215944865942564,"0.370053152810238",0.00485066056720181,0.570442931703951
380052,NA,-0.617708357053129,0.0556739695316354,-0.739852959229365,-0.495420735099661,-1.38708477035197,0.0450498802965776,NA,0.500373079420508,NA,0.678502559925508,8,0.125,-0.245058416569987,"-0.438096544365435",0.00485066056720181,0.570442931703951
380056,NA,NA,0.508359517213085,0.362101261512963,NA,NA,0.825818824799667,NA,NA,NA,0.395823927242222,4,0.25,0.523025882691984,"0.908373464418183",0.00485066056720181,0.570442931703951
380060,1.24109502920768,1.05915892090278,0.0226312288249602,1.09673740867451,NA,NA,1.60658776930276,0.426250688561459,-0.0831574258644167,NA,0.537163243583865,8,0.125,0.7383083578992,"1.28576875366149",0.00485066056720181,0.570442931703951
380061,1.16746878359748,0.510478083630442,0.584357820838438,-1.35204974853066,1.06319081259913,2.91088293988955,-0.735719064206513,NA,0.383666978363526,0.0792848044708086,1.24385982529208,10,0.1,0.585542123594429,"1.01796591868123",0.00485066056720181,0.570442931703951
380071,NA,-0.349532891644739,0.90156813162252,-1.35204974853066,NA,NA,0.0450498802965776,NA,-1.48363063854824,NA,0.254484610900575,6,0.166666666666667,-0.330685109317328,"-0.588202169290209",0.00485066056720181,0.570442931703951
380075,-0.665006662700716,-0.28171840613917,0.134976547227656,-0.494974243508849,0.543653630032868,0.138000546185346,-1.5164880087096,NA,0.850491382591465,-1.19353656258252,0.113145294558936,10,0.1,-0.237145648304459,"-0.424225273768932",0.00485066056720181,0.570442931703951
380082,NA,1.39514887181674,-1.44446645855142,0.239661903652703,NA,NA,-0.735719064206513,NA,NA,NA,0.819841876267148,5,0.2,0.0548934257957317,"0.0877261553211798",0.00485066056720181,0.570442931703951
380089,2.19823622214022,-0.540646441705891,0.372884280315717,-1.2296103906704,NA,NA,-0.735719064206513,NA,-0.433275729035377,-1.75923494793955,0.395823927242222,8,0.125,-0.216442767982447,"-0.387932633135853",0.00485066056720181,0.570442931703951
380090,-1.44217258858611,-0.398852517466972,0.227496221206346,1.21917676653477,0.840532020070734,-0.139287693185075,-0.735719064206513,NA,-1.36692453749126,-0.486413580886226,-0.310872654465994,10,0.1,-0.25930376284763,"-0.463068974534902",0.00485066056720181,0.570442931703951
380091,1.90782158667778,0.781736025652721,0.389405650669055,NA,NA,NA,NA,NA,NA,NA,0.395823927242222,4,0.25,0.868696797560445,"1.51434278344527",0.00485066056720181,0.570442931703951
380102,0.447567715408905,0.772488595811052,0.610792013403779,-1.84180717997169,NA,NA,-1.5164880087096,1.20810031756726,2.13425849421831,0.220709400810067,3.08127093773344,9,0.111111111111111,0.568543587363502,"0.988167081170613",0.00485066056720181,0.570442931703951
380103,NA,-0.682440365944809,0.386101376598387,NA,NA,NA,NA,NA,NA,NA,-0.0281940217827077,3,0.333333333333333,-0.108177670376377,"-0.198141347121184",0.00485066056720181,0.570442931703951
381301,NA,NA,NA,NA,NA,NA,NA,NA,NA,NA,0.113145294558936,1,1,0.113145294558936,"0.189843063999847",0.00485066056720181,0.570442931703951
381302,NA,-0.0135429407307797,-0.978563814587298,-0.25009552778833,0.766312422561267,-0.832508291611126,NA,NA,-0.0831574258644167,NA,1.52653845797536,7,0.142857142857143,0.0192832685649543,"0.0253007044098896",0.00485066056720181,0.570442931703951
381303,NA,-2.12195694463122,0.762788620654484,NA,0.988971215089666,0.276644665870556,NA,NA,-0.0831574258644167,NA,0.395823927242222,6,0.166666666666667,0.0365190097268813,"0.0555153677951344",0.00485066056720181,0.570442931703951
381304,NA,NA,0.204366302711674,0.239661903652703,NA,NA,NA,NA,NA,NA,0.395823927242222,3,0.333333333333333,0.279950711202199,"0.482256918870492",0.00485066056720181,0.570442931703951
381305,NA,NA,NA,NA,NA,NA,NA,NA,NA,NA,0.254484610900575,1,1,0.254484610900575,"0.437614240547604",0.00485066056720181,0.570442931703951
381306,NA,-1.21879129676159,-0.826567207336592,-0.127656169928072,-0.495420735099661,-0.693864171925916,NA,NA,NA,NA,0.678502559925508,6,0.166666666666667,-0.447299503521054,"-0.792629970429563",0.00485066056720181,0.570442931703951
381307,NA,NA,0.386101376598387,-0.494974243508849,NA,NA,NA,NA,NA,NA,-0.876229919832567,3,0.333333333333333,-0.328367595581009,"-0.584139512699134",0.00485066056720181,0.570442931703951
381308,NA,NA,NA,-0.494974243508849,NA,NA,NA,NA,NA,NA,NA,1,1,-0.494974243508849,"-0.876204921293425",0.00485066056720181,0.570442931703951
381309,NA,NA,-0.109539734001741,0.117222545792445,NA,NA,NA,NA,NA,NA,0.537163243583865,3,0.333333333333333,0.181615351791523,"0.309872699616618",0.00485066056720181,0.570442931703951
381310,NA,NA,NA,NA,NA,NA,NA,NA,NA,NA,NA,0,NA,NA,"NaN",0.00485066056720181,0.570442931703951
381311,NA,NA,NA,NA,NA,NA,NA,NA,NA,NA,-0.310872654465994,1,1,-0.310872654465994,"-0.553470465643442",0.00485066056720181,0.570442931703951
381312,NA,NA,0.581053546767771,NA,NA,NA,-1.5164880087096,NA,NA,-0.486413580886226,-0.593551287149281,4,0.25,-0.503849832494334,"-0.89176403946669",0.00485066056720181,0.570442931703951
381313,NA,-1.50237914523943,1.18243142762926,-0.739852959229365,NA,NA,NA,NA,NA,NA,0.961181192608791,4,0.25,-0.0246548710576852,"-0.0517238973173917",0.00485066056720181,0.570442931703951
381314,NA,-1.42839970650608,-1.3552510586434,0.851858692953996,-0.272761942571262,-1.24844065066676,NA,NA,0.26696087730654,NA,-0.310872654465994,7,0.142857142857143,-0.499558063227564,"-0.884240466067419",0.00485066056720181,0.570442931703951
381315,NA,1.58009746865011,0.799135635431827,0.117222545792445,NA,NA,NA,NA,1.08390358470544,NA,0.961181192608791,5,0.2,0.908308085437723,"1.58378231135555",0.00485066056720181,0.570442931703951
381316,NA,0.815643268405506,0.571140724555768,NA,NA,NA,NA,NA,NA,NA,0.678502559925508,3,0.333333333333333,0.688428850962261,"1.19832879400077",0.00485066056720181,0.570442931703951
381317,NA,1.3766540121334,0.253930413771687,NA,0.543653630032868,-0.277931812870285,NA,NA,NA,0.0792848044708086,-0.169533338124351,6,0.166666666666667,0.301009618235688,"0.519173682779871",0.00485066056720181,0.570442931703951
381318,NA,-0.556058824775338,1.24521263497194,NA,-0.643859930118594,-2.63488184751886,NA,NA,-0.199863526921402,NA,-0.0281940217827077,6,0.166666666666667,-0.46960758602416,"-0.83173656858912",0.00485066056720181,0.570442931703951
381319,NA,-1.1571417644838,-0.198755133909764,1.83137355583607,0.617873227542334,-1.8030171294076,-2.29725695321269,NA,0.500373079420508,NA,0.395823927242222,8,0.125,-0.26384089887159,"-0.47102268168385",0.00485066056720181,0.570442931703951
381320,NA,NA,NA,NA,0.988971215089666,-1.24844065066676,NA,NA,NA,NA,NA,2,0.5,-0.129734717788545,"-0.235931362938851",0.00485066056720181,0.570442931703951
381321,NA,1.47529326377787,1.28486392381995,0.117222545792445,0.617873227542334,0.415288785555766,NA,NA,0.383666978363526,1.63495536420266,1.38519914163372,8,0.125,0.914295403836033,"1.59427822263002",0.00485066056720181,0.570442931703951
381322,NA,-1.62259573318112,0.478621050577078,NA,NA,NA,NA,NA,-0.783394032206331,NA,-0.310872654465994,4,0.25,-0.559560342319091,"-0.989425885601493",0.00485066056720181,0.570442931703951
381323,NA,-1.11398709188934,-0.750568903711239,1.09673740867451,0.172555642485536,-0.832508291611126,NA,NA,0.967197483648454,NA,0.961181192608791,7,0.142857142857143,0.071515348600798,"0.116864780556513",0.00485066056720181,0.570442931703951
381324,NA,-2.79393684645914,1.48642464213067,-1.71936782211143,NA,NA,NA,NA,NA,NA,-0.452211970807637,4,0.25,-0.869772999311886,"-1.53323603689247",0.00485066056720181,0.570442931703951
381325,NA,0.00186944233866801,0.541402257919761,-0.494974243508849,0.246775239995002,-1.38708477035197,NA,NA,-0.199863526921402,NA,-1.58292650154078,7,0.142857142857143,-0.410686014581367,"-0.728445655216261",0.00485066056720181,0.570442931703951
390001,0.717530615979621,0.473488364263767,-0.611789392743203,1.21917676653477,0.0241164474666027,0.553932905240976,0.0450498802965776,-0.257867736818618,0.617079180477497,-1.05211196624326,-1.58292650154078,11,0.0909090909090909,0.0132435057194501,"0.014712856774609",0.00485066056720181,0.570442931703951
390002,NA,1.37357153551951,1.29808102010262,-0.494974243508849,0.320994837504468,-0.555220052240705,NA,NA,-0.199863526921402,NA,-0.169533338124351,7,0.142857142857143,0.224722318904471,"0.385440236204694",0.00485066056720181,0.570442931703951
390003,NA,0.159075749647034,1.47981609398934,-0.984731674949884,NA,NA,0.0450498802965776,NA,0.26696087730654,NA,0.395823927242222,6,0.166666666666667,0.226999142255304,"0.389431561584137",0.00485066056720181,0.570442931703951
390004,-1.71622583613517,0.377931589233192,0.495142420930415,0.60697997723348,NA,NA,0.0450498802965776,-0.0624053295671671,1.08390358470544,-0.0621397918684502,-0.452211970807637,9,0.111111111111111,0.0351138360022973,"0.0530520649010364",0.00485066056720181,0.570442931703951
390006,0.684807840152868,-0.919791065214304,-0.806741562912587,-0.739852959229365,-1.90559308777952,1.10850938398182,1.60658776930276,-0.160136533192892,1.43402188787639,1.06925697884562,-1.15890855251585,11,0.0909090909090909,0.0192872817559029,"0.0253077396288845",0.00485066056720181,0.570442931703951
390009,-0.509573477523637,0.263879954519279,0.197757754570339,-0.617413601369107,-1.23761671019433,1.66308586272266,0.0450498802965776,0.230788281310009,-0.549981830092359,0.220709400810067,0.395823927242222,11,0.0909090909090909,0.00931904020833843,"0.007833175577773",0.00485066056720181,0.570442931703951
390012,NA,-0.608460927211461,-0.245014970899109,0.484540619373221,NA,NA,0.825818824799667,NA,-0.900100133263316,NA,-1.3002478688575,6,0.166666666666667,-0.290577409343082,"-0.517892419190507",0.00485066056720181,0.570442931703951
390013,0.103978569227992,0.803313361949948,0.974262161177206,1.34161612439503,0.988971215089666,-0.555220052240705,0.0450498802965776,NA,1.43402188787639,0.362133997149326,0.395823927242222,10,0.1,0.589395107216366,"1.02472029042956",0.00485066056720181,0.570442931703951
390016,1.83010499408924,1.89759255988073,-0.192146585768428,-0.0052168120678136,0.840532020070734,0.831221144611397,0.0450498802965776,NA,0.033548675192569,NA,-0.593551287149281,9,0.111111111111111,0.520792732128414,"0.904458698471484",0.00485066056720181,0.570442931703951
390025,NA,NA,NA,NA,NA,NA,NA,NA,NA,NA,NA,0,NA,NA,"NaN",0.00485066056720181,0.570442931703951
390026,NA,0.45191102796654,-0.839784303619262,0.729419335093738,NA,NA,-0.735719064206513,NA,0.033548675192569,-1.05211196624326,-2.71364103227392,7,0.142857142857143,-0.589482475441445,"-1.0418800952329",0.00485066056720181,0.570442931703951
390027,0.488471185192347,-0.158419341583588,0.260538961913022,0.484540619373221,0.469434032523402,1.52444174303745,1.60658776930276,0.719444299438634,-1.8337489417192,0.786407786167103,-1.15890855251585,11,0.0909090909090909,0.289889960102663,"0.49968065812303",0.00485066056720181,0.570442931703951
390028,NA,1.78354092516682,0.534793709778426,-0.127656169928072,0.0983360449760701,0.553932905240976,-1.5164880087096,NA,-0.666687931149345,NA,0.678502559925508,8,0.125,0.167284254412598,"0.284749945731112",0.00485066056720181,0.570442931703951
390030,NA,0.535137896541558,1.49633746434267,0.362101261512963,0.469434032523402,-0.139287693185075,0.825818824799667,NA,0.383666978363526,0.220709400810067,0.254484610900575,9,0.111111111111111,0.489822530734373,"0.850167200281592",0.00485066056720181,0.570442931703951
390032,NA,-0.106017239147466,0.316711621114369,-2.08668589569221,-0.495420735099661,0.692577024926186,0.0450498802965776,NA,-0.0831574258644167,NA,-1.01756923617421,8,0.125,-0.341814000705104,"-0.607711380061798",0.00485066056720181,0.570442931703951
390035,NA,-0.21082144401971,-0.671266326015219,-0.0052168120678136,0.0241164474666027,0.831221144611397,-0.735719064206513,NA,-0.0831574258644167,0.0792848044708086,-2.00694445056571,9,0.111111111111111,-0.30872256957673,"-0.549701315795549",0.00485066056720181,0.570442931703951
390036,-0.129171208537627,-0.0998522859196868,0.871829664986512,-0.494974243508849,1.28584960512753,-0.277931812870285,0.825818824799667,0.133057077684283,-0.316569627978388,-0.344988984546967,0.678502559925508,11,0.0909090909090909,0.193779051741973,"0.331195954362042",0.00485066056720181,0.570442931703951
390037,NA,1.36740658229173,0.50175096907175,-0.617413601369107,0.9147516175802,0.831221144611397,-0.735719064206513,NA,1.20060968576243,-0.344988984546967,-0.169533338124351,9,0.111111111111111,0.327565001230063,"0.565725899519681",0.00485066056720181,0.570442931703951
390039,NA,0.957437192644425,1.04034764259056,0.729419335093738,1.43428880014646,-0.693864171925916,0.825818824799667,NA,NA,NA,0.395823927242222,7,0.142857142857143,0.669895935798737,"1.16584015379944",0.00485066056720181,0.570442931703951
390041,0.455748409365593,-0.759502281292048,0.197757754570339,0.729419335093738,0.988971215089666,1.24715350366703,0.0450498802965776,NA,0.033548675192569,NA,0.678502559925508,9,0.111111111111111,0.401849894656552,"0.695949081012342",0.00485066056720181,0.570442931703951
390042,0.721620962957966,0.0511890681609006,0.38279710252772,0.484540619373221,NA,NA,0.825818824799667,0.621713095812908,-0.666687931149345,0.362133997149326,-0.452211970807637,9,0.111111111111111,0.258990418758303,"0.445513028677503",0.00485066056720181,0.570442931703951
390044,0.324857306058579,0.171405656102593,-0.0467585266590577,1.46405548225529,-2.64778906287419,0.692577024926186,0.0450498802965776,-1.33291097670159,-0.900100133263316,1.77637996054191,-0.593551287149281,11,0.0909090909090909,-0.0951622433151179,"-0.175324994532888",0.00485066056720181,0.570442931703951
390045,0.108068916206337,-0.383440134397524,0.286973154478362,1.09673740867451,0.766312422561267,-0.277931812870285,0.825818824799667,-0.160136533192892,-0.549981830092359,0.362133997149326,-0.169533338124351,11,0.0909090909090909,0.173183734108369,"0.29509187367498",0.00485066056720181,0.570442931703951
390046,-0.0432739219923986,0.276209860974837,0.277060332266359,-2.6988826849935,0.395214435013935,-0.971152411296336,0.825818824799667,-0.257867736818618,0.383666978363526,NA,0.961181192608791,10,0.1,-0.085202513107374,"-0.157865351062517",0.00485066056720181,0.570442931703951
390048,NA,0.726251446602709,0.825569827997167,-1.2296103906704,-1.46027550272272,0.276644665870556,0.0450498802965776,NA,0.617079180477497,NA,0.537163243583865,8,0.125,0.0422340439294059,"0.06553395841112",0.00485066056720181,0.570442931703951
390049,0.0794364873579271,-0.515986628794774,-0.301187630100457,-0.37253488564859,-1.01495791766593,1.10850938398182,-0.735719064206513,-0.941986162198694,0.617079180477497,0.644983189827844,-1.01756923617421,11,0.0909090909090909,-0.222721207558553,"-0.398938886745397",0.00485066056720181,0.570442931703951
390050,0.529374654975788,-0.152254388355809,-0.314404726383127,-3.18864011643454,1.21163000761807,0.138000546185346,0.0450498802965776,-0.551061347695793,-0.433275729035377,-0.769262773564744,0.395823927242222,11,0.0909090909090909,-0.280820005922853,"-0.500787459381323",0.00485066056720181,0.570442931703951
390056,NA,-0.121429622216914,-0.370577385584474,0.239661903652703,0.246775239995002,0.276644665870556,0.825818824799667,NA,-0.199863526921402,NA,-0.310872654465994,8,0.125,0.0732696806411429,"0.119940166266184",0.00485066056720181,0.570442931703951
390057,0.578458818715919,1.09614864026945,0.0226312288249602,-1.10717103281014,NA,NA,0.825818824799667,NA,0.850491382591465,0.644983189827844,0.254484610900575,8,0.125,0.395730707889968,"0.685222001358105",0.00485066056720181,0.570442931703951
390058,NA,0.51972551347211,0.9544365167532,-0.984731674949884,NA,NA,0.0450498802965776,NA,0.150254776249555,0.503558593488585,0.678502559925508,7,0.142857142857143,0.266685166462236,"0.459002104054331",0.00485066056720181,0.570442931703951
390062,1.76056909545739,1.52769536621399,0.994087805601211,0.362101261512963,NA,NA,0.825818824799667,NA,NA,NA,0.537163243583865,6,0.166666666666667,1.00123926619485,"1.74669287714963",0.00485066056720181,0.570442931703951
390063,1.11429427287901,0.0758488810720169,0.310103072973034,-0.0052168120678136,1.43428880014646,0.276644665870556,1.60658776930276,-0.453330144070068,-0.783394032206331,0.644983189827844,-0.734890603490924,11,0.0909090909090909,0.316901732748777,"0.547032936755756",0.00485066056720181,0.570442931703951
390065,1.63376833912872,1.59550985171956,0.703311687382469,0.60697997723348,0.617873227542334,-0.139287693185075,0.0450498802965776,NA,0.500373079420508,NA,1.52653845797536,9,0.111111111111111,0.787790756390437,"1.37251257279066",0.00485066056720181,0.570442931703951
390066,1.363805438558,-0.0412852302557855,0.148193643510326,1.21917676653477,0.469434032523402,0.276644665870556,1.60658776930276,1.59902513207016,0.617079180477497,NA,0.961181192608791,10,0.1,0.821984259120048,"1.43245459473398",0.00485066056720181,0.570442931703951
390067,-0.260062311844641,0.760158689355494,0.244017591559684,0.484540619373221,-0.792299125137527,-1.24844065066676,0.0450498802965776,-1.91929819845595,-1.13351233537729,0.362133997149326,0.537163243583865,11,0.0909090909090909,-0.265504418196726,"-0.473938870548119",0.00485066056720181,0.570442931703951
390068,0.999764557485371,-0.0104604641168901,0.257234687842354,-0.25009552778833,NA,NA,0.0450498802965776,NA,NA,-0.486413580886226,-0.0281940217827077,7,0.142857142857143,0.0752693615785927,"0.123445654416377",0.00485066056720181,0.570442931703951
390070,NA,-0.910543635372635,1.17912715355859,NA,NA,NA,NA,NA,-1.13351233537729,NA,-0.310872654465994,4,0.25,-0.293950367914331,"-0.523805295630528",0.00485066056720181,0.570442931703951
390073,-0.791807419029386,1.19170541530003,0.161410739792996,0.117222545792445,-0.12432274755233,1.94037410209308,1.60658776930276,0.230788281310009,0.383666978363526,0.220709400810067,0.678502559925508,11,0.0909090909090909,0.5104397841917,"0.886309734988337",0.00485066056720181,0.570442931703951
390079,0.177604814838188,0.0111168721803366,-0.149191022849751,-1.84180717997169,-0.421201137590195,0.415288785555766,-0.735719064206513,0.914906706690084,-2.06716114383317,0.927832382506361,-1.01756923617421,11,0.0909090909090909,-0.344172656623164,"-0.611846159874064",0.00485066056720181,0.570442931703951
390086,1.14701704870576,0.239220141608162,0.640530480039786,0.117222545792445,0.6920928250518,-0.693864171925916,0.0450498802965776,0.621713095812908,-0.0831574258644167,1.21068157518488,0.395823927242222,11,0.0909090909090909,0.393848174722201,"0.681921876028927",0.00485066056720181,0.570442931703951
390090,NA,1.29650962017227,-0.532486815047183,-0.0052168120678136,-2.87044785540259,-0.971152411296336,-0.735719064206513,NA,NA,NA,-1.86560513422407,7,0.142857142857143,-0.812016924581747,"-1.43198826692253",0.00485066056720181,0.570442931703951
390091,NA,1.88526265342518,-0.786915918488582,0.484540619373221,0.320994837504468,0.831221144611397,0.0450498802965776,NA,-0.433275729035377,0.362133997149326,0.537163243583865,9,0.111111111111111,0.360686080935564,"0.623787938445408",0.00485066056720181,0.570442931703951
390093,NA,-1.64417306947834,0.283668880407694,0.974298050814256,0.0983360449760701,0.276644665870556,NA,NA,-0.433275729035377,NA,-0.876229919832567,7,0.142857142857143,-0.188675868039673,"-0.339256598427469",0.00485066056720181,0.570442931703951
390096,1.10202323194398,0.288539767430395,0.234104769347681,-0.25009552778833,-1.83137349027006,0.831221144611397,0.825818824799667,-0.551061347695793,0.26696087730654,NA,-0.876229919832567,10,0.1,0.0039908329852909,"-0.00150729816099667",0.00485066056720181,0.570442931703951
390097,-0.452308619826818,-0.306378219050286,0.250626139701019,0.729419335093738,-1.16339711268486,1.24715350366703,0.0450498802965776,NA,0.26696087730654,-0.486413580886226,-0.876229919832567,10,0.1,-0.0745517716215854,"-0.139194348419056",0.00485066056720181,0.570442931703951
390100,0.034442670596141,1.1701280790028,0.498446695001083,1.46405548225529,-0.792299125137527,-0.832508291611126,0.0450498802965776,-0.941986162198694,1.20060968576243,0.503558593488585,1.52653845797536,11,0.0909090909090909,0.352366905948265,"0.60920422721868",0.00485066056720181,0.570442931703951
390101,0.742072697849687,0.171405656102593,0.333232991467707,2.3211309872771,NA,NA,-0.735719064206513,NA,0.617079180477497,-0.910687369904002,0.254484610900575,8,0.125,0.34912496124558,"0.603521021200155",0.00485066056720181,0.570442931703951
390102,NA,-0.331038031961402,0.359667184033047,0.239661903652703,0.766312422561267,0.831221144611397,0.825818824799667,NA,-0.0831574258644167,-3.17348091133214,-0.452211970807637,9,0.111111111111111,-0.113022984478613,"-0.206635297756637",0.00485066056720181,0.570442931703951
390107,-0.0187318401223335,0.433416168283203,0.726441605877142,-0.25009552778833,2.17648477524113,0.831221144611397,-0.735719064206513,-0.746523754947244,0.033548675192569,0.503558593488585,0.819841876267148,11,0.0909090909090909,0.343040241081523,"0.592854362318289",0.00485066056720181,0.570442931703951
390110,1.03657768029047,0.233055188380383,-1.25942711059404,0.362101261512963,1.43428880014646,1.38579762335224,0.825818824799667,0.523981892187183,-0.433275729035377,NA,-0.452211970807637,10,0.1,0.365670646023232,"0.632525999363752",0.00485066056720181,0.570442931703951
390111,-0.108719473645906,-0.0197078939585588,-1.63281008057947,1.83137355583607,0.320994837504468,2.49495058083392,1.60658776930276,-0.257867736818618,1.55072798893338,NA,0.819841876267148,10,0.1,0.660537142367519,"1.14943396676288",0.00485066056720181,0.570442931703951
390112,NA,-0.27863592952528,-1.80463233225418,0.117222545792445,NA,NA,NA,NA,NA,-0.486413580886226,-0.734890603490924,5,0.2,-0.637469980072833,"-1.12600332994114",0.00485066056720181,0.570442931703951
390113,-0.403224456086688,0.381014065847081,0.230800495277014,1.95381291369632,-0.198542345061796,-1.38708477035197,1.60658776930276,NA,1.43402188787639,1.91780455688117,0.395823927242222,10,0.1,0.593101404462251,"1.03121751747875",0.00485066056720181,0.570442931703951
390114,NA,0.615282288502686,1.53268447912002,1.09673740867451,-0.643859930118594,0.969865264296607,0.0450498802965776,NA,NA,-1.6178103516003,-1.01756923617421,8,0.125,0.122547475374663,"0.206325310151346",0.00485066056720181,0.570442931703951
390115,-1.05358962564341,-1.37599760406996,-0.674570600085886,0.851858692953996,-2.42513027034579,-0.832508291611126,0.825818824799667,-0.941986162198694,-2.30057334594714,-0.486413580886226,-0.593551287149281,11,0.0909090909090909,-0.818785750016714,"-1.44385417858305",0.00485066056720181,0.570442931703951
390116,NA,-0.919791065214304,1.59876996053337,NA,NA,NA,NA,NA,NA,NA,-0.310872654465994,3,0.333333333333333,0.122702080284356,"0.206596336227928",0.00485066056720181,0.570442931703951
390117,NA,2.50792292943086,0.577749272697103,0.60697997723348,0.543653630032868,0.415288785555766,0.0450498802965776,NA,0.850491382591465,NA,0.819841876267148,8,0.125,0.795872216763159,"1.38667956465535",0.00485066056720181,0.570442931703951
390123,NA,0.282374814202616,-0.453184237351162,1.21917676653477,-0.495420735099661,0.276644665870556,0.0450498802965776,NA,-0.199863526921402,-0.769262773564744,-0.593551287149281,9,0.111111111111111,-0.0764484925757476,"-0.142519345274563",0.00485066056720181,0.570442931703951
390125,-0.235520229974576,1.11772597656668,0.194453480499671,-0.25009552778833,-0.0501031500428634,0.553932905240976,-0.735719064206513,NA,0.383666978363526,-1.19353656258252,0.961181192608791,10,0.1,0.0745985998684843,"0.122269793216546",0.00485066056720181,0.570442931703951
390127,-0.530025212415358,-0.623873310280908,-0.479618429916503,0.851858692953996,0.543653630032868,-0.000643573499865181,0.0450498802965776,NA,-0.316569627978388,NA,-0.734890603490924,9,0.111111111111111,-0.1383398393665,"-0.251016345326574",0.00485066056720181,0.570442931703951
390133,0.431206327495528,0.18990051578593,-0.360664563372472,0.484540619373221,-0.866518722646993,0.553932905240976,0.0450498802965776,1.20810031756726,-3.35092825546001,-1.90065954427881,-0.734890603490924,11,0.0909090909090909,-0.390993738499066,"-0.693924627804317",0.00485066056720181,0.570442931703951
390137,-1.14766760614533,0.134415936735918,0.79583136136116,2.19869162941684,0.9147516175802,0.276644665870556,0.825818824799667,1.11036911394153,0.26696087730654,0.786407786167103,-0.0281940217827077,11,0.0909090909090909,0.557639107750135,"0.969051269566471",0.00485066056720181,0.570442931703951
390138,NA,0.683096774008256,-0.4697056077045,0.362101261512963,NA,NA,0.0450498802965776,NA,-1.71704284066222,NA,-0.310872654465994,6,0.166666666666667,-0.234562197835819,"-0.419696423773503",0.00485066056720181,0.570442931703951
390139,-0.108719473645906,-0.21082144401971,0.79583136136116,1.21917676653477,1.43428880014646,0.553932905240976,0.0450498802965776,NA,-0.900100133263316,-1.47638575526104,-0.0281940217827077,10,0.1,0.132405888560727,"0.22360734247773",0.00485066056720181,0.570442931703951
390142,-0.939059910249777,-0.115264668989134,-1.01491082936464,-0.739852959229365,0.246775239995002,-0.000643573499865181,0.825818824799667,-0.0624053295671671,0.500373079420508,0.220709400810067,-0.593551287149281,11,0.0909090909090909,-0.15200109209309,"-0.274964845636293",0.00485066056720181,0.570442931703951
390145,0.369851122820365,-1.26194596935604,0.244017591559684,0.851858692953996,0.320994837504468,0.831221144611397,0.0450498802965776,-0.0624053295671671,0.617079180477497,-1.75923494793955,0.537163243583865,11,0.0909090909090909,0.0666954042677351,"0.108415303728629",0.00485066056720181,0.570442931703951
390146,NA,0.112838600438691,-1.01160655529397,0.60697997723348,0.0983360449760701,-0.000643573499865181,0.825818824799667,NA,-0.900100133263316,0.927832382506361,-0.310872654465994,9,0.111111111111111,0.0387314348256801,"0.059393801510125",0.00485066056720181,0.570442931703951
390147,NA,-1.49004923878387,-0.0401499785177226,0.117222545792445,NA,NA,-0.735719064206513,NA,0.967197483648454,NA,0.254484610900575,6,0.166666666666667,-0.154502273527772,"-0.279349476062357",0.00485066056720181,0.570442931703951
390150,NA,NA,0.442274035799735,NA,NA,NA,NA,NA,NA,NA,-0.169533338124351,2,0.5,0.136370348837692,"0.23055713544847",0.00485066056720181,0.570442931703951
390151,-0.648645274787339,0.501230653788773,0.505055243142418,-0.25009552778833,NA,NA,-0.735719064206513,NA,-0.316569627978388,NA,0.113145294558936,7,0.142857142857143,-0.118799757610063,"-0.21676211818054",0.00485066056720181,0.570442931703951
390153,1.04475837424716,0.223807758538715,0.138280821298323,1.21917676653477,NA,NA,-1.5164880087096,NA,-0.433275729035377,0.786407786167103,-0.452211970807637,8,0.125,0.126306974779182,"0.212915801847491",0.00485066056720181,0.570442931703951
390156,NA,-0.589966067528123,-3.57902750820264,-0.617413601369107,-1.75715389276059,0.553932905240976,-0.735719064206513,NA,-1.01680623432031,NA,-0.0281940217827077,8,0.125,-0.971293435616125,"-1.7112037715456",0.00485066056720181,0.570442931703951
390160,NA,0.00803439556644707,-1.57663742137812,0.117222545792445,NA,NA,0.0450498802965776,NA,NA,NA,-0.876229919832567,5,0.2,-0.456512103911043,"-0.808779877594634",0.00485066056720181,0.570442931703951
390162,NA,0.59062247559157,1.64172552345204,-1.96424653783195,NA,NA,0.0450498802965776,NA,-0.666687931149345,NA,-0.876229919832567,6,0.166666666666667,-0.204961084912279,"-0.367804970170739",0.00485066056720181,0.570442931703951
390163,NA,1.01292177169444,-1.3651638808554,0.851858692953996,0.246775239995002,-0.139287693185075,0.0450498802965776,NA,-0.783394032206331,NA,-0.0281940217827077,8,0.125,-0.0199292553861873,"-0.04343978087233",0.00485066056720181,0.570442931703951
390164,0.31667661210189,0.59062247559157,0.706615961453137,2.19869162941684,2.0280455802222,1.10850938398182,0.0450498802965776,-2.1147606057074,-0.316569627978388,0.644983189827844,-0.169533338124351,11,0.0909090909090909,0.458030103734704,"0.794434321087694",0.00485066056720181,0.570442931703951
390168,0.0180812826827643,0.547467802997116,0.405927021022392,0.117222545792445,0.988971215089666,0.969865264296607,0.0450498802965776,-0.257867736818618,-0.783394032206331,NA,0.113145294558936,10,0.1,0.216446853771156,"0.370933149389549",0.00485066056720181,0.570442931703951
390173,1.0120355984204,-0.922873541828193,0.359667184033047,-0.617413601369107,0.320994837504468,0.969865264296607,-0.735719064206513,NA,0.617079180477497,-0.203564388207709,-1.15890855251585,10,0.1,-0.0358837083395353,"-0.07140831561373",0.00485066056720181,0.570442931703951
390174,-0.7468136022676,-1.32051302501994,0.174627836075666,0.484540619373221,-0.792299125137527,0.969865264296607,1.60658776930276,-1.13744856945014,-2.88410385123207,-2.32493333329659,-1.72426581788243,11,0.0909090909090909,-0.699523257748913,"-1.23478419867892",0.00485066056720181,0.570442931703951
390178,NA,0.424168738441535,0.548010806061096,-0.984731674949884,1.8053867876938,-1.52572889003718,-0.735719064206513,NA,-0.316569627978388,-0.344988984546967,-1.3002478688575,9,0.111111111111111,-0.270046642042222,"-0.481901496768989",0.00485066056720181,0.570442931703951
390179,-0.0391835750140544,0.871127847455518,0.270451784125024,0.117222545792445,0.9147516175802,1.80172998240787,0.825818824799667,-0.746523754947244,-0.0831574258644167,0.220709400810067,0.678502559925508,11,0.0909090909090909,0.439222709733689,"0.761464512968878",0.00485066056720181,0.570442931703951
390180,-0.194616760191134,-0.0166254173446692,0.197757754570339,-0.862292317089623,NA,NA,0.0450498802965776,NA,0.500373079420508,NA,-1.3002478688575,7,0.142857142857143,-0.232943092742214,"-0.416858094111378",0.00485066056720181,0.570442931703951
390183,NA,-0.451254619903094,1.26834255346661,0.117222545792445,-0.346981540080729,0.138000546185346,0.0450498802965776,NA,-0.900100133263316,NA,-1.3002478688575,8,0.125,-0.178746079545457,"-0.321849443491644",0.00485066056720181,0.570442931703951
390184,NA,NA,NA,0.362101261512963,NA,NA,NA,NA,NA,NA,-1.01756923617421,2,0.5,-0.327733987330624,"-0.583028782396117",0.00485066056720181,0.570442931703951
390185,NA,1.21328275159726,0.290277428549029,-0.37253488564859,-1.53449510023219,0.553932905240976,0.0450498802965776,NA,0.500373079420508,0.503558593488585,-0.0281940217827077,9,0.111111111111111,0.13013895899216,"0.219633361133451",0.00485066056720181,0.570442931703951
390195,0.247140713470039,0.331694440024849,-0.231797874616439,0.484540619373221,0.0983360449760701,0.553932905240976,1.60658776930276,0.230788281310009,-0.666687931149345,-1.33496115892178,-1.01756923617421,11,0.0909090909090909,0.0274549611669227,"0.0396258755143137",0.00485066056720181,0.570442931703951
390198,NA,-1.15405928786991,-0.707613340792561,0.239661903652703,NA,NA,0.0450498802965776,NA,NA,NA,-0.593551287149281,5,0.2,-0.434102426372494,"-0.769495180926362",0.00485066056720181,0.570442931703951
390199,NA,-0.300213265822507,-0.826567207336592,-0.494974243508849,-1.83137349027006,0.553932905240976,-0.735719064206513,NA,NA,NA,-0.734890603490924,7,0.142857142857143,-0.624257852770638,"-1.10284215716137",0.00485066056720181,0.570442931703951
390201,-0.558657641263767,0.676931820780477,-0.367273111513807,0.729419335093738,1.5827279951654,-0.000643573499865181,-0.735719064206513,-0.257867736818618,-0.783394032206331,-1.6178103516003,0.113145294558936,11,0.0909090909090909,-0.110831005955513,"-0.202792707374192",0.00485066056720181,0.570442931703951
390203,-0.738632908310911,0.794065932108279,0.329928717397039,3.30064585015917,0.988971215089666,0.276644665870556,0.825818824799667,-1.33291097670159,1.20060968576243,-0.344988984546967,-0.734890603490924,11,0.0909090909090909,0.415023765285128,"0.719043188935153",0.00485066056720181,0.570442931703951
390204,-0.959511645141498,0.427251215055424,0.432361213587733,0.974298050814256,NA,NA,NA,NA,-0.549981830092359,NA,0.678502559925508,6,0.166666666666667,0.167153260691511,"0.28452031062862",0.00485066056720181,0.570442931703951
390211,1.2615467640994,0.180653085944261,0.35636290996238,0.851858692953996,NA,NA,-0.735719064206513,NA,0.617079180477497,0.0792848044708086,-1.01756923617421,8,0.125,0.199187142190952,"0.340676465292075",0.00485066056720181,0.570442931703951
390217,NA,0.155993273033145,0.9544365167532,-0.25009552778833,-0.0501031500428634,1.24715350366703,NA,NA,-0.433275729035377,NA,-1.15890855251585,7,0.142857142857143,0.0664571905815641,"0.107997709482243",0.00485066056720181,0.570442931703951
390219,NA,0.0604364980025692,1.02382627223722,-2.33156461141273,1.1374104101086,1.94037410209308,-0.735719064206513,NA,0.150254776249555,0.220709400810067,0.537163243583865,9,0.111111111111111,0.22254344749619,"0.381620622905653",0.00485066056720181,0.570442931703951
390222,0.222598631599974,1.04374653783333,-0.00710723781104746,-1.35204974853066,NA,NA,-1.5164880087096,NA,-0.549981830092359,-2.04208414061807,0.678502559925508,8,0.125,-0.440357904550366,"-0.780461182659762",0.00485066056720181,0.570442931703951
390223,-0.19052641321279,0.649189531255471,-1.08760485891933,-1.47448910639092,-2.94466745291205,0.831221144611397,1.60658776930276,0.230788281310009,-1.36692453749126,1.4935307678634,-0.310872654465994,11,0.0909090909090909,-0.233069775368119,"-0.417080171761681",0.00485066056720181,0.570442931703951
390225,1.32699231575291,1.63249957108623,0.184540658287669,-0.862292317089623,-0.198542345061796,0.831221144611397,0.825818824799667,NA,-0.316569627978388,NA,2.09189572334194,9,0.111111111111111,0.612840438638889,"1.06582051293997",0.00485066056720181,0.570442931703951
390226,NA,-0.586883590914234,0.386101376598387,-0.0052168120678136,0.9147516175802,-0.832508291611126,0.825818824799667,NA,-0.433275729035377,0.644983189827844,-1.15890855251585,9,0.111111111111111,-0.0272375519264783,"-0.0562513981860211",0.00485066056720181,0.570442931703951
390228,-0.36641133328159,0.115921077052581,1.14608441285192,1.46405548225529,0.172555642485536,1.66308586272266,1.60658776930276,NA,-1.48363063854824,0.927832382506361,-0.734890603490924,10,0.1,0.451119005385634,"0.782319001631591",0.00485066056720181,0.570442931703951
390231,0.660265758282803,-0.306378219050286,-0.638223585308544,0.729419335093738,NA,NA,0.0450498802965776,0.230788281310009,-0.549981830092359,-0.344988984546967,-2.99631966495722,9,0.111111111111111,-0.35226322544136,"-0.626029119059885",0.00485066056720181,0.570442931703951
390233,-0.0228221871006777,0.31936453356929,0.842091198350505,-0.127656169928072,-0.346981540080729,1.38579762335224,-0.735719064206513,NA,0.150254776249555,0.362133997149326,-1.3002478688575,10,0.1,0.0526215298497425,"0.0837434677993922",0.00485066056720181,0.570442931703951
390237,0.476200144257314,-0.697852749014257,-0.611789392743203,-0.25009552778833,0.469434032523402,0.692577024926186,0.825818824799667,0.230788281310009,0.26696087730654,NA,-0.734890603490924,10,0.1,0.0667150912086404,"0.108449815403349",0.00485066056720181,0.570442931703951
390256,0.513013267062412,-0.297130789208617,-1.07769203670732,-0.862292317089623,-2.64778906287419,-0.693864171925916,1.60658776930276,0.621713095812908,1.08390358470544,-0.769262773564744,-0.452211970807637,11,0.0909090909090909,-0.270456855026776,"-0.482620609868222",0.00485066056720181,0.570442931703951
390258,0.917957617918487,-0.596131020755902,-0.228493600545771,1.21917676653477,NA,NA,0.825818824799667,-1.23517977307587,-3.467634356517,-1.47638575526104,-2.289623083249,9,0.111111111111111,-0.703388264461294,"-1.24155964719019",0.00485066056720181,0.570442931703951
390265,-0.66909700967906,0.288539767430395,-0.373881659655142,0.484540619373221,-0.0501031500428634,-0.139287693185075,0.0450498802965776,-1.03971736582442,-1.01680623432031,-1.75923494793955,-0.593551287149281,11,0.0909090909090909,-0.43850446188141,"-0.777212053665527",0.00485066056720181,0.570442931703951
390266,NA,-0.765667234519827,0.415839843234395,-1.84180717997169,-0.569640332609128,-0.000643573499865181,0.0450498802965776,NA,NA,NA,1.24385982529208,7,0.142857142857143,-0.210429824539637,"-0.377391800550113",0.00485066056720181,0.570442931703951
390267,0.214417937643286,-0.14300695851414,-0.0897140895777354,0.60697997723348,0.320994837504468,0.415288785555766,0.0450498802965776,-1.33291097670159,-0.549981830092359,0.786407786167103,-2.14828376690736,11,0.0909090909090909,-0.170432583399319,"-0.30727568740827",0.00485066056720181,0.570442931703951
390268,-0.615922498960586,0.405673878758197,0.802439909502495,1.95381291369632,0.617873227542334,0.415288785555766,0.0450498802965776,NA,0.033548675192569,0.220709400810067,0.254484610900575,10,0.1,0.413295878329432,"0.716014162086604",0.00485066056720181,0.570442931703951
390270,0.819789290438226,0.165240702874814,-0.205363682051099,-0.494974243508849,-2.20247147781739,1.66308586272266,2.38735671380585,0.817175503064359,1.20060968576243,0.220709400810067,-0.876229919832567,11,0.0909090909090909,0.317720712388045,"0.548468627503683",0.00485066056720181,0.570442931703951
390272,NA,NA,NA,NA,NA,NA,NA,NA,NA,NA,NA,0,NA,NA,"NaN",0.00485066056720181,0.570442931703951
390304,NA,-1.11706956850323,0.640530480039786,0.60697997723348,NA,NA,NA,NA,NA,NA,-0.734890603490924,4,0.25,-0.151112428680223,"-0.273406997579149",0.00485066056720181,0.570442931703951
390307,NA,NA,NA,NA,NA,NA,1.60658776930276,NA,NA,1.21068157518488,NA,2,0.5,1.40863467224382,"2.46086669438329",0.00485066056720181,0.570442931703951
390316,NA,NA,NA,0.974298050814256,NA,NA,0.825818824799667,NA,NA,-2.04208414061807,-1.44158718519914,4,0.25,-0.420888612550822,"-0.746331051637914",0.00485066056720181,0.570442931703951
390322,NA,NA,NA,NA,NA,NA,2.38735671380585,NA,NA,1.91780455688117,1.10252050895044,3,0.333333333333333,1.80256059321249,"3.1514281845432",0.00485066056720181,0.570442931703951
390323,NA,NA,NA,NA,NA,NA,0.0450498802965776,NA,NA,1.4935307678634,0.678502559925508,3,0.333333333333333,0.739027736028494,"1.28702984059818",0.00485066056720181,0.570442931703951
390324,NA,NA,NA,NA,NA,NA,1.60658776930276,NA,NA,1.91780455688117,0.395823927242222,3,0.333333333333333,1.30673875114205,"2.28224072596714",0.00485066056720181,0.570442931703951
390325,NA,NA,NA,NA,NA,NA,2.38735671380585,NA,NA,2.05922915322043,1.66787777431701,3,0.333333333333333,2.03815454711443,"3.56442997807618",0.00485066056720181,0.570442931703951
390327,NA,NA,NA,NA,NA,NA,1.60658776930276,NA,NA,NA,-0.734890603490924,2,0.5,0.435848582905916,"0.755549588547439",0.00485066056720181,0.570442931703951
390328,1.20019155942424,-0.272470976297501,-0.301187630100457,-0.617413601369107,0.0983360449760701,0.831221144611397,0.0450498802965776,NA,1.08390358470544,-0.203564388207709,-0.0281940217827077,10,0.1,0.183587159625624,"0.313329325555011",0.00485066056720181,0.570442931703951
390329,-0.566838335220455,-0.870471439392071,0.362971458103715,-0.127656169928072,0.395214435013935,0.831221144611397,0.825818824799667,0.0353258740585582,0.967197483648454,NA,-0.876229919832567,10,0.1,0.097655335586256,"0.16268879823235",0.00485066056720181,0.570442931703951
390330,-0.951330951184809,-0.21082144401971,-0.0566713488710602,0.729419335093738,0.469434032523402,-0.832508291611126,-0.735719064206513,NA,-4.16787096285891,-0.910687369904002,-0.310872654465994,10,0.1,-0.697762871950499,"-1.23169820058765",0.00485066056720181,0.570442931703951
390331,NA,NA,NA,NA,NA,NA,0.0450498802965776,NA,NA,NA,NA,1,1,0.0450498802965776,"0.0704701864028678",0.00485066056720181,0.570442931703951
390332,NA,0.418003785213756,-0.258232067181779,0.362101261512963,NA,NA,-0.735719064206513,NA,0.500373079420508,NA,0.819841876267148,6,0.166666666666667,0.184394811837681,"0.314745159054156",0.00485066056720181,0.570442931703951
390333,NA,NA,-1.00830228122331,NA,NA,NA,NA,NA,NA,NA,0.537163243583865,2,0.5,-0.23556951881972,"-0.421462281369271",0.00485066056720181,0.570442931703951
390334,NA,0.112838600438691,0.590966368979773,0.117222545792445,-0.272761942571262,0.138000546185346,0.825818824799667,NA,NA,NA,-0.452211970807637,7,0.142857142857143,0.151410424688146,"0.256922745423737",0.00485066056720181,0.570442931703951
390335,NA,-0.0104604641168901,1.28155964974928,-0.984731674949884,NA,NA,0.0450498802965776,NA,-2.18386724489016,-0.344988984546967,-1.3002478688575,7,0.142857142857143,-0.499669529616505,"-0.884435869293133",0.00485066056720181,0.570442931703951
390336,NA,-0.713265132083705,0.951132242682533,-0.37253488564859,NA,NA,-0.735719064206513,NA,-0.199863526921402,0.786407786167103,-1.15890855251585,7,0.142857142857143,-0.206107304646633,"-0.369814320573119",0.00485066056720181,0.570442931703951
390337,NA,-1.38524503391162,-0.0764969932950653,0.117222545792445,0.988971215089666,-1.10979653098155,0.0450498802965776,NA,NA,NA,0.537163243583865,7,0.142857142857143,-0.12616166763224,"-0.229667721200611",0.00485066056720181,0.570442931703951
390338,NA,0.599869905433238,-1.01491082936464,-0.127656169928072,NA,NA,-0.735719064206513,NA,NA,0.220709400810067,-1.44158718519914,6,0.166666666666667,-0.416548990409177,"-0.738723591013092",0.00485066056720181,0.570442931703951
390339,NA,-0.0751924730085704,0.561227902343766,-0.862292317089623,NA,NA,-1.5164880087096,NA,-0.316569627978388,NA,-0.169533338124351,6,0.166666666666667,-0.396474643761128,"-0.703532784830105",0.00485066056720181,0.570442931703951
390430,NA,NA,NA,NA,NA,NA,NA,NA,NA,NA,NA,0,NA,NA,"NaN",0.00485066056720181,0.570442931703951
391300,NA,-0.725595038539263,-0.641527859379211,-0.984731674949884,NA,NA,NA,NA,NA,NA,0.254484610900575,4,0.25,-0.524342490491946,"-0.927688155375004",0.00485066056720181,0.570442931703951
391301,NA,1.71264396304736,1.04695619073189,-0.862292317089623,NA,NA,0.825818824799667,NA,NA,NA,0.254484610900575,5,0.2,0.595522254477974,"1.03546132502054",0.00485066056720181,0.570442931703951
391302,NA,NA,NA,0.484540619373221,NA,NA,NA,NA,NA,NA,NA,1,1,0.484540619373221,"0.840907884287661",0.00485066056720181,0.570442931703951
391303,NA,0.596787428819349,-0.938912525739288,-0.0052168120678136,NA,NA,NA,NA,0.150254776249555,NA,0.537163243583865,5,0.2,0.0680152221691334,"0.110728975838573",0.00485066056720181,0.570442931703951
391304,NA,NA,NA,NA,NA,NA,NA,NA,NA,NA,NA,0,NA,NA,"NaN",0.00485066056720181,0.570442931703951
391305,NA,-0.158419341583588,0.078803888026308,0.484540619373221,NA,NA,NA,NA,0.033548675192569,NA,-0.876229919832567,5,0.2,-0.0875512157648113,"-0.16198268257265",0.00485066056720181,0.570442931703951
391306,NA,-1.08007984913656,0.333232991467707,0.239661903652703,NA,NA,NA,NA,-0.433275729035377,NA,-2.289623083249,5,0.2,-0.646016753260105,"-1.14098602621497",0.00485066056720181,0.570442931703951
391307,NA,NA,NA,NA,NA,NA,NA,NA,NA,NA,-0.169533338124351,1,1,-0.169533338124351,"-0.305699289095679",0.00485066056720181,0.570442931703951
391308,NA,NA,-0.806741562912587,NA,NA,NA,NA,NA,NA,NA,-0.169533338124351,2,0.5,-0.488137450518469,"-0.864219860894906",0.00485066056720181,0.570442931703951
391309,NA,NA,NA,-0.0052168120678136,NA,NA,NA,NA,NA,NA,-0.876229919832567,2,0.5,-0.44072336595019,"-0.781101845168689",0.00485066056720181,0.570442931703951
391312,NA,NA,2.2364948561722,0.362101261512963,NA,NA,0.825818824799667,NA,NA,NA,0.961181192608791,4,0.25,1.0963990337734,"1.91351020854212",0.00485066056720181,0.570442931703951
391313,NA,-0.232398780316937,0.310103072973034,NA,0.543653630032868,-0.416575932555496,NA,NA,1.20060968576243,1.35210617152414,0.113145294558936,7,0.142857142857143,0.410091877425567,"0.71039747244809",0.00485066056720181,0.570442931703951
391314,NA,-0.238563733544716,1.19564852391193,NA,NA,NA,NA,NA,NA,NA,0.113145294558936,3,0.333333333333333,0.35674336164205,"0.616876257934727",0.00485066056720181,0.570442931703951
391315,NA,0.636859624799913,0.964349338965203,0.239661903652703,NA,NA,0.0450498802965776,NA,0.73378528153448,NA,-0.0281940217827077,6,0.166666666666667,0.431918667911028,"0.748660354276187",0.00485066056720181,0.570442931703951
391316,NA,-1.01534784024488,1.14278013878125,-0.494974243508849,0.320994837504468,0.276644665870556,-0.735719064206513,NA,0.383666978363526,0.503558593488585,-0.169533338124351,9,0.111111111111111,0.0235634142137547,"0.0328039013309476",0.00485066056720181,0.570442931703951
391317,NA,NA,NA,-0.0052168120678136,NA,NA,NA,NA,NA,NA,-0.452211970807637,2,0.5,-0.228714391437725,"-0.409445080347044",0.00485066056720181,0.570442931703951
391318,NA,NA,NA,NA,NA,NA,NA,NA,NA,NA,NA,0,NA,NA,"NaN",0.00485066056720181,0.570442931703951
400001,NA,NA,-0.836480029548595,NA,NA,NA,NA,NA,NA,0.644983189827844,-0.310872654465994,3,0.333333333333333,-0.167456498062248,"-0.302058539168427",0.00485066056720181,0.570442931703951
400003,NA,NA,NA,NA,NA,NA,NA,NA,NA,NA,-0.0281940217827077,1,1,-0.0281940217827077,"-0.0579281125479159",0.00485066056720181,0.570442931703951
400004,NA,NA,NA,NA,NA,NA,NA,NA,NA,NA,0.537163243583865,1,1,0.537163243583865,"0.933156593643137",0.00485066056720181,0.570442931703951
400005,NA,NA,NA,NA,NA,NA,NA,NA,NA,NA,NA,0,NA,NA,"NaN",0.00485066056720181,0.570442931703951
400006,NA,NA,-1.77819813968884,NA,NA,NA,NA,NA,NA,NA,-0.734890603490924,2,0.5,-1.25654437158988,"-2.21125543336862",0.00485066056720181,0.570442931703951
400007,NA,NA,NA,NA,NA,NA,NA,NA,NA,NA,-0.310872654465994,1,1,-0.310872654465994,"-0.553470465643442",0.00485066056720181,0.570442931703951
400010,NA,NA,NA,NA,NA,NA,NA,NA,NA,NA,NA,0,NA,NA,"NaN",0.00485066056720181,0.570442931703951
400011,NA,NA,NA,NA,NA,NA,NA,NA,NA,NA,-0.734890603490924,1,1,-0.734890603490924,"-1.29678399528673",0.00485066056720181,0.570442931703951
400012,NA,NA,NA,NA,NA,NA,NA,NA,NA,NA,NA,0,NA,NA,"NaN",0.00485066056720181,0.570442931703951
400013,NA,NA,NA,NA,NA,NA,NA,NA,NA,NA,-1.44158718519914,1,1,-1.44158718519914,"-2.53563987802555",0.00485066056720181,0.570442931703951
400014,NA,NA,NA,NA,NA,NA,NA,NA,NA,0.644983189827844,-0.0281940217827077,2,0.5,0.308394584022568,"0.532119703102746",0.00485066056720181,0.570442931703951
400015,NA,NA,NA,NA,NA,NA,NA,NA,NA,NA,-0.310872654465994,1,1,-0.310872654465994,"-0.553470465643442",0.00485066056720181,0.570442931703951
400016,NA,-0.497491769111437,0.247321865630351,NA,NA,NA,NA,NA,0.617079180477497,1.91780455688117,-1.44158718519914,5,0.2,0.168625329735689,"0.287100882605875",0.00485066056720181,0.570442931703951
400018,NA,NA,NA,NA,NA,NA,NA,NA,NA,NA,-2.57230171593229,1,1,-2.57230171593229,"-4.51780929040765",0.00485066056720181,0.570442931703951
400019,-2.14162192188297,-0.873553916005961,1.22538699054794,0.239661903652703,NA,NA,0.825818824799667,NA,NA,NA,-1.01756923617421,6,0.166666666666667,-0.290312892510472,"-0.517428714904051",0.00485066056720181,0.570442931703951
400021,NA,NA,NA,NA,NA,NA,NA,NA,NA,-0.486413580886226,-1.72426581788243,2,0.5,-1.10533969938433,"-1.9461900538154",0.00485066056720181,0.570442931703951
400022,NA,NA,NA,0.362101261512963,NA,NA,NA,NA,NA,NA,-0.452211970807637,2,0.5,-0.0450553546473371,"-0.0874864293005899",0.00485066056720181,0.570442931703951
400032,NA,NA,NA,NA,NA,NA,0.0450498802965776,NA,NA,NA,-1.15890855251585,2,0.5,-0.556929336109638,"-0.984813669263577",0.00485066056720181,0.570442931703951
400044,NA,NA,NA,NA,NA,NA,NA,NA,NA,NA,-0.169533338124351,1,1,-0.169533338124351,"-0.305699289095679",0.00485066056720181,0.570442931703951
400048,NA,NA,NA,NA,NA,NA,NA,NA,NA,NA,-2.00694445056571,1,1,-2.00694445056571,"-3.5267245842166",0.00485066056720181,0.570442931703951
400061,NA,NA,NA,NA,NA,NA,NA,NA,NA,NA,-0.452211970807637,1,1,-0.452211970807637,"-0.801241642191206",0.00485066056720181,0.570442931703951
400079,NA,NA,NA,NA,NA,NA,NA,NA,NA,NA,-1.01756923617421,1,1,-1.01756923617421,"-1.79232634838226",0.00485066056720181,0.570442931703951
400087,NA,NA,NA,NA,NA,NA,NA,NA,NA,NA,-1.15890855251585,1,1,-1.15890855251585,"-2.04009752493002",0.00485066056720181,0.570442931703951
400098,NA,NA,NA,NA,NA,NA,NA,NA,NA,NA,-1.15890855251585,1,1,-1.15890855251585,"-2.04009752493002",0.00485066056720181,0.570442931703951
400102,NA,NA,NA,NA,NA,NA,NA,NA,NA,NA,-2.289623083249,1,1,-2.289623083249,"-4.02226693731213",0.00485066056720181,0.570442931703951
400103,NA,-2.31615297130626,NA,NA,NA,NA,NA,NA,NA,NA,-1.86560513422407,2,0.5,-2.09087905276517,"-3.67386393424542",0.00485066056720181,0.570442931703951
400104,NA,NA,NA,NA,NA,NA,NA,NA,NA,-0.0621397918684502,-2.289623083249,2,0.5,-1.17588143755872,"-2.06985139529909",0.00485066056720181,0.570442931703951
400105,NA,NA,NA,NA,NA,NA,NA,NA,NA,NA,-0.310872654465994,1,1,-0.310872654465994,"-0.553470465643442",0.00485066056720181,0.570442931703951
400106,NA,NA,NA,NA,NA,NA,NA,NA,NA,NA,-0.734890603490924,1,1,-0.734890603490924,"-1.29678399528673",0.00485066056720181,0.570442931703951
400109,-3.59369509919516,-1.61643077995334,-0.971955266445963,NA,NA,NA,NA,NA,NA,NA,-0.593551287149281,4,0.25,-1.69390810818594,"-2.97796444541583",0.00485066056720181,0.570442931703951
400110,NA,NA,NA,NA,NA,NA,NA,NA,NA,NA,-0.310872654465994,1,1,-0.310872654465994,"-0.553470465643442",0.00485066056720181,0.570442931703951
400111,NA,NA,NA,NA,NA,NA,NA,NA,NA,NA,-1.01756923617421,1,1,-1.01756923617421,"-1.79232634838226",0.00485066056720181,0.570442931703951
400112,NA,NA,NA,NA,NA,NA,NA,NA,NA,NA,-1.72426581788243,1,1,-1.72426581788243,"-3.03118223112108",0.00485066056720181,0.570442931703951
400113,NA,NA,NA,NA,NA,NA,NA,NA,NA,NA,-0.593551287149281,1,1,-0.593551287149281,"-1.04901281873897",0.00485066056720181,0.570442931703951
400114,NA,NA,NA,NA,NA,NA,NA,NA,NA,NA,-1.3002478688575,1,1,-1.3002478688575,"-2.28786870147779",0.00485066056720181,0.570442931703951
400115,NA,NA,NA,NA,NA,NA,NA,NA,NA,NA,-0.310872654465994,1,1,-0.310872654465994,"-0.553470465643442",0.00485066056720181,0.570442931703951
400117,NA,NA,NA,NA,NA,NA,NA,NA,NA,NA,-2.14828376690736,1,1,-2.14828376690736,"-3.77449576076437",0.00485066056720181,0.570442931703951
400118,NA,NA,NA,NA,NA,NA,NA,NA,NA,NA,-1.86560513422407,1,1,-1.86560513422407,"-3.27895340766884",0.00485066056720181,0.570442931703951
400120,NA,NA,NA,NA,NA,NA,NA,NA,NA,NA,-2.99631966495722,1,1,-2.99631966495722,"-5.26112282005094",0.00485066056720181,0.570442931703951
400122,NA,NA,NA,NA,NA,NA,NA,NA,NA,NA,NA,0,NA,NA,"NaN",0.00485066056720181,0.570442931703951
400123,NA,NA,NA,NA,NA,NA,NA,NA,NA,NA,-0.169533338124351,1,1,-0.169533338124351,"-0.305699289095679",0.00485066056720181,0.570442931703951
400124,-3.44644260797477,0.85263298777218,NA,NA,NA,NA,NA,NA,NA,NA,-1.72426581788243,3,0.333333333333333,-1.43935847936167,"-2.53173290378921",0.00485066056720181,0.570442931703951
400126,NA,NA,NA,NA,NA,NA,NA,NA,NA,NA,0.254484610900575,1,1,0.254484610900575,"0.437614240547604",0.00485066056720181,0.570442931703951
400127,NA,NA,NA,NA,NA,NA,NA,NA,NA,NA,NA,0,NA,NA,"NaN",0.00485066056720181,0.570442931703951
400128,NA,NA,NA,NA,NA,NA,NA,NA,NA,NA,-0.452211970807637,1,1,-0.452211970807637,"-0.801241642191206",0.00485066056720181,0.570442931703951
400132,NA,NA,NA,NA,NA,NA,NA,NA,NA,NA,-1.15890855251585,1,1,-1.15890855251585,"-2.04009752493002",0.00485066056720181,0.570442931703951
400135,NA,NA,NA,NA,NA,NA,NA,NA,NA,NA,-0.734890603490924,1,1,-0.734890603490924,"-1.29678399528673",0.00485066056720181,0.570442931703951
400137,NA,NA,NA,NA,NA,NA,NA,NA,NA,NA,-0.452211970807637,1,1,-0.452211970807637,"-0.801241642191206",0.00485066056720181,0.570442931703951
400138,NA,NA,NA,NA,NA,NA,NA,NA,NA,NA,NA,0,NA,NA,"NaN",0.00485066056720181,0.570442931703951
410004,NA,-0.383440134397524,1.58224859018003,-0.0052168120678136,0.469434032523402,-0.139287693185075,0.0450498802965776,NA,0.383666978363526,NA,-1.01756923617421,8,0.125,0.116860700692364,"0.196356259145119",0.00485066056720181,0.570442931703951
410005,NA,0.0203643020220052,0.329928717397039,-1.35204974853066,NA,NA,0.825818824799667,NA,-0.549981830092359,-2.04208414061807,-1.3002478688575,7,0.142857142857143,-0.581178820554268,"-1.02732359111009",0.00485066056720181,0.570442931703951
410006,NA,0.905035090208303,-0.704309066721894,-0.37253488564859,NA,NA,-0.735719064206513,NA,0.500373079420508,0.0792848044708086,0.678502559925508,7,0.142857142857143,0.0500903596354472,"0.0793062663308168",0.00485066056720181,0.570442931703951
410007,0.0508040585095178,0.041941638319232,-0.486226978057838,0.60697997723348,1.360069202637,0.969865264296607,0.0450498802965776,1.40356272481871,2.01755239316132,NA,0.113145294558936,10,0.1,0.612274345577354,"1.06482813836563",0.00485066056720181,0.570442931703951
410008,NA,0.938942332961087,1.20556134612393,-0.0052168120678136,-0.643859930118594,-0.971152411296336,-0.735719064206513,NA,0.617079180477497,-0.910687369904002,0.537163243583865,9,0.111111111111111,0.00356783506145812,"-0.00224882356226557",0.00485066056720181,0.570442931703951
410009,0.136701345054746,-0.109099715761355,0.210974850853009,-0.0052168120678136,0.617873227542334,-0.555220052240705,0.825818824799667,NA,-2.6506916491181,0.786407786167103,-2.00694445056571,10,0.1,-0.274939664533682,"-0.490479081343215",0.00485066056720181,0.570442931703951
410010,NA,NA,NA,0.729419335093738,0.469434032523402,-0.693864171925916,0.825818824799667,NA,NA,NA,-0.593551287149281,5,0.2,0.147451346668322,"0.249982387677524",0.00485066056720181,0.570442931703951
410011,-1.54852161002306,-1.07391489590878,-0.139278200637748,0.239661903652703,-0.198542345061796,0.692577024926186,0.0450498802965776,NA,-1.8337489417192,NA,-3.13765898129885,9,0.111111111111111,-0.772708462863775,"-1.36307960045776",0.00485066056720181,0.570442931703951
410012,0.136701345054746,0.270044907747058,0.858612568703842,0.362101261512963,1.43428880014646,0.969865264296607,0.0450498802965776,NA,-1.01680623432031,2.48350294223821,-1.15890855251585,10,0.1,0.438445218316031,"0.760101552058246",0.00485066056720181,0.570442931703951
410013,NA,0.0141993487942261,0.270451784125024,-1.59692846425118,-0.569640332609128,0.415288785555766,0.0450498802965776,NA,-0.0831574258644167,NA,1.52653845797536,8,0.125,0.00272525425277964,"-0.00372588772039553",0.00485066056720181,0.570442931703951
420002,-0.476850701696883,-0.14300695851414,1.04365191666122,-0.0052168120678136,NA,NA,0.0450498802965776,0.328519484935734,-0.0831574258644167,-0.203564388207709,1.38519914163372,9,0.111111111111111,0.210069348575144,"0.359753231396768",0.00485066056720181,0.570442931703951
420004,0.349399387928644,-0.290965835980838,-1.09090913298999,0.60697997723348,0.172555642485536,-0.832508291611126,0.825818824799667,-0.941986162198694,-0.0831574258644167,-1.33496115892178,-1.01756923617421,11,0.0909090909090909,-0.330663946481248,"-0.588165070336214",0.00485066056720181,0.570442931703951
420005,NA,-1.35750274438662,-1.60968016208479,-1.2296103906704,NA,NA,0.825818824799667,NA,0.500373079420508,NA,-0.310872654465994,6,0.166666666666667,-0.530245674564605,"-0.938036577179489",0.00485066056720181,0.570442931703951
420007,-0.231429882996232,-0.892048775689298,-0.185538037627093,-0.862292317089623,1.43428880014646,-1.38708477035197,0.0450498802965776,-0.355598940444343,0.850491382591465,-0.486413580886226,0.819841876267148,11,0.0909090909090909,-0.113703124162103,"-0.207827598766412",0.00485066056720181,0.570442931703951
420009,NA,0.0974262173692437,-0.436662866997825,-0.617413601369107,NA,NA,0.0450498802965776,NA,0.150254776249555,-1.47638575526104,-0.452211970807637,7,0.142857142857143,-0.384277617217176,"-0.682151107775191",0.00485066056720181,0.570442931703951
420010,NA,-1.77055461064782,-0.810045836983254,-0.37253488564859,NA,NA,-1.5164880087096,NA,-0.0831574258644167,NA,-2.289623083249,6,0.166666666666667,-1.14040064185045,"-2.00765271820742",0.00485066056720181,0.570442931703951
420011,NA,NA,0.168019287934331,0.117222545792445,NA,NA,NA,NA,NA,NA,0.113145294558936,3,0.333333333333333,0.13279570942857,"0.224290707712318",0.00485066056720181,0.570442931703951
420015,NA,0.495065700560994,1.2187784424066,1.09673740867451,NA,NA,0.825818824799667,NA,-0.783394032206331,NA,1.10252050895044,6,0.166666666666667,0.659254475530981,"1.1471854213515",0.00485066056720181,0.570442931703951
420018,-0.309146475584771,0.180653085944261,0.184540658287669,-0.0052168120678136,NA,NA,0.0450498802965776,0.426250688561459,-1.01680623432031,NA,0.819841876267148,8,0.125,0.040645833423028,"0.0627497876937553",0.00485066056720181,0.570442931703951
420019,NA,NA,-0.195450859839096,-0.862292317089623,NA,NA,0.0450498802965776,NA,NA,NA,0.537163243583865,4,0.25,-0.118882513262069,"-0.216907190802894",0.00485066056720181,0.570442931703951
420020,-0.505483130545292,-0.260141069841943,0.148193643510326,0.60697997723348,0.0983360449760701,-2.08030536877802,0.0450498802965776,NA,0.26696087730654,NA,0.819841876267148,9,0.111111111111111,-0.0956185855083458,"-0.176124973229906",0.00485066056720181,0.570442931703951
420023,1.35562474460132,0.313199580341511,0.168019287934331,0.974298050814256,-0.643859930118594,-0.416575932555496,0.0450498802965776,-0.0624053295671671,2.48437679738926,0.644983189827844,1.24385982529208,11,0.0909090909090909,0.555142742205084,"0.964675081509247",0.00485066056720181,0.570442931703951
420026,0.054894405487862,0.633777148186023,-0.981868088657965,-0.739852959229365,NA,NA,0.0450498802965776,1.20810031756726,2.13425849421831,1.63495536420266,0.113145294558936,9,0.111111111111111,0.455828872958921,"0.790575511286673",0.00485066056720181,0.570442931703951
420027,-0.092358085732529,-0.0844399028502391,-0.0203243340937175,0.362101261512963,1.06319081259913,-0.000643573499865181,0.0450498802965776,0.523981892187183,0.967197483648454,NA,0.113145294558936,10,0.1,0.287690072862689,"0.495824203572175",0.00485066056720181,0.570442931703951
420030,NA,-0.861224009550403,-0.588659474248531,-0.37253488564859,NA,NA,0.0450498802965776,NA,-0.666687931149345,-0.769262773564744,0.113145294558936,7,0.142857142857143,-0.442881985615157,"-0.784885956680981",0.00485066056720181,0.570442931703951
420033,NA,1.24718999435004,1.5855528642507,0.117222545792445,NA,NA,0.0450498802965776,NA,1.08390358470544,NA,2.09189572334194,6,0.166666666666667,1.02846909878952,"1.79442742004832",0.00485066056720181,0.570442931703951
420036,NA,-0.54372891831978,0.339841539609042,1.46405548225529,NA,NA,0.825818824799667,NA,0.500373079420508,NA,-0.734890603490924,6,0.166666666666667,0.308578234045634,"0.532441645952519",0.00485066056720181,0.570442931703951
420037,NA,-0.290965835980838,1.24190836090127,-1.59692846425118,NA,NA,-1.5164880087096,NA,0.500373079420508,NA,1.10252050895044,6,0.166666666666667,-0.0932633932782325,"-0.171996265344828",0.00485066056720181,0.570442931703951
420038,NA,1.28109723710283,0.283668880407694,-1.96424653783195,NA,NA,NA,NA,0.033548675192569,NA,1.66787777431701,5,0.2,0.260389205837629,"0.447965135630863",0.00485066056720181,0.570442931703951
420043,NA,-4.8992683737457,1.59216141239203,0.729419335093738,NA,NA,NA,NA,0.500373079420508,NA,-0.734890603490924,5,0.2,-0.562441030066069,"-0.994475799601431",0.00485066056720181,0.570442931703951
420048,NA,1.27493228387505,1.12625876842791,-0.25009552778833,NA,NA,1.60658776930276,NA,-1.13351233537729,0.786407786167103,0.537163243583865,7,0.142857142857143,0.563963141170152,"0.980137450266663",0.00485066056720181,0.570442931703951
420049,0.31667661210189,0.2577150012915,-0.651440681591213,2.68844906085788,-0.12432274755233,-0.416575932555496,-0.735719064206513,NA,-1.60033673960523,NA,-0.876229919832567,9,0.111111111111111,-0.126864934565787,"-0.230900564828712",0.00485066056720181,0.570442931703951
420051,-0.235520229974576,-0.355697844872518,0.174627836075666,2.56600970299762,-0.866518722646993,0.553932905240976,0.825818824799667,-2.40795421658457,-1.60033673960523,0.927832382506361,-0.0281940217827077,11,0.0909090909090909,-0.04054546580421,"-0.0795804871064149",0.00485066056720181,0.570442931703951
420053,NA,-1.6873277420728,0.303494524831699,-0.739852959229365,0.320994837504468,-0.139287693185075,0.0450498802965776,NA,NA,0.927832382506361,0.395823927242222,8,0.125,-0.0716591052632388,"-0.134123435629049",0.00485066056720181,0.570442931703951
420055,NA,-0.266306023069722,-0.258232067181779,-0.494974243508849,NA,NA,-0.735719064206513,NA,NA,NA,0.113145294558936,5,0.2,-0.328417220681585,"-0.584226506678405",0.00485066056720181,0.570442931703951
420065,NA,-0.503656722339216,-0.0930183636484029,-2.20912525355247,0.469434032523402,-0.416575932555496,-1.5164880087096,NA,0.26696087730654,NA,1.80921709065865,8,0.125,-0.274156535039574,"-0.489106236750735",0.00485066056720181,0.570442931703951
420067,-0.125080861559282,0.414921308599866,0.548010806061096,-0.25009552778833,1.87960638520326,0.692577024926186,0.825818824799667,NA,0.033548675192569,0.927832382506361,-0.169533338124351,10,0.1,0.477760567981704,"0.829022293258836",0.00485066056720181,0.570442931703951
420070,NA,-0.118347145603024,-0.783611644417914,0.60697997723348,NA,NA,0.0450498802965776,NA,1.08390358470544,NA,0.254484610900575,6,0.166666666666667,0.181409877185856,"0.309512497755489",0.00485066056720181,0.570442931703951
420071,-0.546386600328734,0.0912612641414646,0.0292397769662953,0.484540619373221,-0.421201137590195,0.138000546185346,-1.5164880087096,1.01263791031581,0.967197483648454,-0.769262773564744,0.961181192608791,11,0.0909090909090909,0.0391563884587369,"0.0601387553160868",0.00485066056720181,0.570442931703951
420072,NA,-0.589966067528123,0.614096287474446,0.117222545792445,NA,NA,NA,NA,NA,NA,-0.169533338124351,4,0.25,-0.00704514309639588,"-0.0208536261954621",0.00485066056720181,0.570442931703951
420073,-0.558657641263767,-0.161501818197477,-0.608485118672536,0.362101261512963,1.65694759267486,0.831221144611397,0.825818824799667,-0.941986162198694,-1.95045504277619,-1.6178103516003,0.537163243583865,11,0.0909090909090909,-0.147785824320564,"-0.267575381172364",0.00485066056720181,0.570442931703951
420078,0.492561532170691,0.377931589233192,0.161410739792996,1.46405548225529,2.10226517773166,1.52444174303745,-0.735719064206513,-2.21249180933312,0.500373079420508,NA,-0.0281940217827077,10,0.1,0.364663444831944,"0.630760351767281",0.00485066056720181,0.570442931703951
420079,-1.01677650283832,-0.41426490053642,0.303494524831699,-0.494974243508849,0.0983360449760701,0.553932905240976,0.825818824799667,0.230788281310009,-1.8337489417192,-1.05211196624326,0.113145294558936,11,0.0909090909090909,-0.244214607193517,"-0.436617326498804",0.00485066056720181,0.570442931703951
420080,0.652085064326114,0.0943437407553541,-0.169016667273756,-0.739852959229365,1.360069202637,-0.555220052240705,0.825818824799667,0.328519484935734,-1.25021843643427,-0.203564388207709,-0.593551287149281,11,0.0909090909090909,-0.0227806793710201,"-0.0484383948025884",0.00485066056720181,0.570442931703951
420082,1.51923862373508,0.162158226260924,0.534793709778426,-1.59692846425118,NA,NA,-1.5164880087096,NA,0.617079180477497,NA,1.10252050895044,7,0.142857142857143,0.117481968034513,"0.197445355543058",0.00485066056720181,0.570442931703951
420085,0.72571130993631,0.239220141608162,-0.671266326015219,-1.96424653783195,NA,NA,0.825818824799667,-0.453330144070068,-0.433275729035377,-2.32493333329659,-1.15890855251585,9,0.111111111111111,-0.579467816268991,"-1.02432415998353",0.00485066056720181,0.570442931703951
420086,NA,0.171405656102593,0.320015895185037,-0.25009552778833,NA,NA,0.825818824799667,NA,0.150254776249555,-0.769262773564744,1.66787777431701,7,0.142857142857143,0.302287803614398,"0.521414372089302",0.00485066056720181,0.570442931703951
420087,0.684807840152868,-0.269388499683611,0.286973154478362,0.239661903652703,-0.272761942571262,-0.693864171925916,0.0450498802965776,0.0353258740585582,0.73378528153448,-0.486413580886226,1.38519914163372,11,0.0909090909090909,0.153488625521841,"0.260565880815892",0.00485066056720181,0.570442931703951
420089,NA,0.738581353058268,0.35636290996238,0.60697997723348,NA,NA,0.825818824799667,NA,NA,-0.769262773564744,1.10252050895044,6,0.166666666666667,0.476833466739915,"0.827397062775183",0.00485066056720181,0.570442931703951
420091,0.971132128636961,-0.167666771425257,-0.671266326015219,0.484540619373221,0.246775239995002,0.969865264296607,-0.735719064206513,NA,1.31731578681941,NA,-0.452211970807637,9,0.111111111111111,0.218084989629619,"0.373804840434209",0.00485066056720181,0.570442931703951
420098,NA,0.168323179488703,0.204366302711674,0.362101261512963,NA,NA,0.825818824799667,NA,1.90084629210434,-0.769262773564744,0.395823927242222,7,0.142857142857143,0.441145287756403,"0.764834837879331",0.00485066056720181,0.570442931703951
420101,NA,1.23794256450837,1.07999893143857,0.974298050814256,1.65694759267486,0.831221144611397,-1.5164880087096,NA,0.033548675192569,NA,1.52653845797536,8,0.125,0.728000926063223,"1.26769958098337",0.00485066056720181,0.570442931703951
420102,NA,NA,NA,0.974298050814256,NA,NA,1.60658776930276,NA,NA,0.362133997149326,1.24385982529208,4,0.25,1.04671991063961,"1.82642152644485",0.00485066056720181,0.570442931703951
420103,NA,-0.626955786894798,0.300190250761032,-0.127656169928072,NA,NA,-0.735719064206513,NA,0.73378528153448,NA,0.113145294558936,6,0.166666666666667,-0.0572016990291559,"-0.108779259322231",0.00485066056720181,0.570442931703951
420104,NA,-1.55478124767555,1.09321602772124,0.239661903652703,NA,NA,-0.735719064206513,NA,0.500373079420508,0.786407786167103,1.38519914163372,7,0.142857142857143,0.244908232387601,"0.420826621697865",0.00485066056720181,0.570442931703951
420105,1.47015445999495,-0.269388499683611,-0.0963226377190704,-0.37253488564859,NA,NA,-0.735719064206513,NA,0.617079180477497,0.786407786167103,-0.0281940217827077,8,0.125,0.171435289699883,"0.292026809123713",0.00485066056720181,0.570442931703951
420106,NA,0.938942332961087,0.650443302251789,NA,NA,NA,0.825818824799667,NA,-0.316569627978388,NA,2.09189572334194,5,0.2,0.838106111075218,"1.46071658389916",0.00485066056720181,0.570442931703951
420107,NA,-0.201574014178041,-1.94671611729288,-0.862292317089623,NA,NA,0.0450498802965776,NA,0.850491382591465,NA,-1.58292650154078,6,0.166666666666667,-0.616327947868881,"-1.08894084563478",0.00485066056720181,0.570442931703951
420108,NA,NA,0.379492828457052,NA,NA,NA,NA,NA,NA,NA,0.254484610900575,2,0.5,0.316988719678814,"0.547185426908937",0.00485066056720181,0.570442931703951
420109,NA,-0.327955555347513,0.0523696954609679,0.851858692953996,NA,NA,-0.735719064206513,NA,0.26696087730654,NA,-0.593551287149281,6,0.166666666666667,-0.0810061068303003,"-0.150508951247835",0.00485066056720181,0.570442931703951
420110,NA,0.436498644897093,0.329928717397039,-0.739852959229365,NA,NA,0.0450498802965776,NA,-0.549981830092359,0.644983189827844,0.113145294558936,7,0.142857142857143,0.0399672768079665,"0.0615602618405122",0.00485066056720181,0.570442931703951
421300,NA,NA,NA,NA,NA,NA,NA,NA,NA,NA,0.254484610900575,1,1,0.254484610900575,"0.437614240547604",0.00485066056720181,0.570442931703951
421301,NA,NA,-0.311100452312459,-1.35204974853066,NA,NA,NA,NA,NA,NA,-0.0281940217827077,3,0.333333333333333,-0.563781407541942,"-0.996825513133456",0.00485066056720181,0.570442931703951
421304,NA,NA,NA,-0.127656169928072,NA,NA,NA,NA,NA,NA,NA,1,1,-0.127656169928072,"-0.232287619200517",0.00485066056720181,0.570442931703951
430005,NA,-0.765667234519827,0.201062028641006,-0.0052168120678136,-1.60871469774166,-0.277931812870285,-1.5164880087096,NA,0.150254776249555,0.362133997149326,-0.593551287149281,9,0.111111111111111,-0.450457672335397,"-0.79816631532722",0.00485066056720181,0.570442931703951
430008,NA,0.59062247559157,0.746267250301147,0.484540619373221,NA,NA,1.60658776930276,NA,NA,0.786407786167103,1.80921709065865,6,0.166666666666667,1.00394049856574,"1.75142820161553",0.00485066056720181,0.570442931703951
430012,NA,0.362519206163744,0.0259355028956277,-0.494974243508849,NA,NA,0.0450498802965776,NA,NA,-1.19353656258252,-0.593551287149281,6,0.166666666666667,-0.308092917314117,"-0.548597520433",0.00485066056720181,0.570442931703951
430014,-1.78167138778868,1.56160260896677,0.789222813219824,NA,-0.495420735099661,0.692577024926186,-0.735719064206513,NA,0.617079180477497,-1.19353656258252,-0.310872654465994,9,0.111111111111111,-0.0951931973947876,"-0.175379257769312",0.00485066056720181,0.570442931703951
430015,NA,-0.164584294811367,1.05356473887323,-0.494974243508849,0.246775239995002,1.24715350366703,0.0450498802965776,NA,0.617079180477497,1.06925697884562,0.961181192608791,9,0.111111111111111,0.508944686271503,"0.88368879284478",0.00485066056720181,0.570442931703951
430016,NA,-0.312543172278065,1.20556134612393,-1.84180717997169,0.988971215089666,-0.139287693185075,0.825818824799667,NA,0.383666978363526,-1.05211196624326,0.819841876267148,9,0.111111111111111,0.0975678032184274,"0.162535351913772",0.00485066056720181,0.570442931703951
430027,0.660265758282803,0.291622244044285,0.799135635431827,3.54552456587969,0.320994837504468,1.38579762335224,1.60658776930276,-0.257867736818618,0.383666978363526,-0.344988984546967,0.678502559925508,11,0.0909090909090909,0.824476477338319,"1.43682351242891",0.00485066056720181,0.570442931703951
430048,NA,-2.17127657045346,0.455491132082405,1.95381291369632,NA,NA,0.0450498802965776,NA,NA,NA,1.10252050895044,5,0.2,0.277119572914458,"0.47729386624876",0.00485066056720181,0.570442931703951
430077,-0.374592027238278,1.25027247096393,0.257234687842354,-1.35204974853066,1.1374104101086,0.553932905240976,0.825818824799667,-1.91929819845595,0.500373079420508,1.35210617152414,0.678502559925508,11,0.0909090909090909,0.264519194145527,"0.455205103169003",0.00485066056720181,0.570442931703951
430084,NA,NA,NA,NA,NA,NA,NA,NA,NA,NA,0.113145294558936,1,1,0.113145294558936,"0.189843063999847",0.00485066056720181,0.570442931703951
430089,NA,NA,NA,1.09673740867451,NA,NA,1.60658776930276,NA,NA,-1.33496115892178,-0.452211970807637,4,0.25,0.229038012061964,"0.39300574875229",0.00485066056720181,0.570442931703951
430090,NA,NA,NA,-0.25009552778833,NA,NA,2.38735671380585,NA,NA,-2.18350873695733,0.113145294558936,4,0.25,0.0167244359047804,"0.0208150100170596",0.00485066056720181,0.570442931703951
430091,NA,NA,NA,0.239661903652703,NA,NA,0.825818824799667,NA,NA,1.91780455688117,3.36394957041673,4,0.25,1.58680871393757,"2.77321001882687",0.00485066056720181,0.570442931703951
430093,NA,NA,NA,0.117222545792445,NA,NA,0.0450498802965776,NA,NA,NA,NA,2,0.5,0.0811362130445111,"0.13373038429881",0.00485066056720181,0.570442931703951
430095,0.14079169203309,0.954354716030535,NA,NA,NA,NA,0.0450498802965776,0.133057077684283,NA,NA,1.66787777431701,5,0.2,0.588226228072299,"1.02267121754409",0.00485066056720181,0.570442931703951
430097,NA,0.495065700560994,0.713224509594472,0.362101261512963,0.0983360449760701,-0.139287693185075,0.0450498802965776,NA,0.033548675192569,NA,0.537163243583865,8,0.125,0.268150202816554,"0.461570347559325",0.00485066056720181,0.570442931703951
430098,NA,NA,1.49964173841334,NA,NA,NA,NA,NA,0.617079180477497,NA,-0.310872654465994,3,0.333333333333333,0.601949421474948,"1.04672830132924",0.00485066056720181,0.570442931703951
431300,NA,NA,1.8697204343281,NA,NA,NA,NA,NA,NA,NA,0.254484610900575,2,0.5,1.06210252261434,"1.85338761037683",0.00485066056720181,0.570442931703951
431301,NA,NA,2.32240598200955,NA,NA,NA,NA,NA,NA,NA,-0.0281940217827077,2,0.5,1.14710598011342,"2.00240068911754",0.00485066056720181,0.570442931703951
431302,NA,NA,-0.476314155845835,NA,NA,NA,NA,NA,NA,NA,0.113145294558936,2,0.5,-0.18158443064345,"-0.326825140340959",0.00485066056720181,0.570442931703951
431305,NA,NA,NA,NA,NA,NA,NA,NA,NA,NA,-0.169533338124351,1,1,-0.169533338124351,"-0.305699289095679",0.00485066056720181,0.570442931703951
431306,NA,NA,1.15269296099325,-0.617413601369107,NA,NA,NA,NA,NA,NA,0.254484610900575,3,0.333333333333333,0.263254656841573,"0.452988339258586",0.00485066056720181,0.570442931703951
431307,NA,NA,NA,NA,NA,NA,NA,NA,NA,NA,NA,0,NA,NA,"NaN",0.00485066056720181,0.570442931703951
431308,NA,NA,NA,0.239661903652703,NA,NA,NA,NA,NA,NA,0.395823927242222,2,0.5,0.317742915447462,"0.548507549993881",0.00485066056720181,0.570442931703951
431309,NA,NA,NA,NA,NA,NA,NA,NA,NA,NA,-0.876229919832567,1,1,-0.876229919832567,"-1.5445551718345",0.00485066056720181,0.570442931703951
431310,NA,NA,-0.780307370347247,NA,NA,NA,NA,NA,NA,NA,-0.310872654465994,2,0.5,-0.545590012406621,"-0.964935565648294",0.00485066056720181,0.570442931703951
431311,NA,NA,NA,0.117222545792445,NA,NA,NA,NA,NA,NA,0.395823927242222,2,0.5,0.256523236517333,"0.441187999645063",0.00485066056720181,0.570442931703951
431312,NA,NA,NA,0.239661903652703,NA,NA,NA,NA,NA,NA,0.395823927242222,2,0.5,0.317742915447462,"0.548507549993881",0.00485066056720181,0.570442931703951
431313,NA,NA,NA,NA,NA,NA,NA,NA,NA,NA,0.395823927242222,1,1,0.395823927242222,"0.685385417095374",0.00485066056720181,0.570442931703951
431314,NA,NA,NA,NA,NA,NA,NA,NA,NA,NA,NA,0,NA,NA,"NaN",0.00485066056720181,0.570442931703951
431315,NA,NA,NA,NA,NA,NA,NA,NA,NA,NA,-0.734890603490924,1,1,-0.734890603490924,"-1.29678399528673",0.00485066056720181,0.570442931703951
431316,NA,1.25335494757782,NA,NA,NA,NA,NA,NA,-0.783394032206331,NA,-0.0281940217827077,3,0.333333333333333,0.147255631196261,"0.249639293809261",0.00485066056720181,0.570442931703951
431318,NA,NA,NA,NA,NA,NA,NA,NA,NA,NA,NA,0,NA,NA,"NaN",0.00485066056720181,0.570442931703951
431319,NA,NA,1.25182118311328,NA,NA,NA,NA,NA,NA,NA,-0.876229919832567,2,0.5,0.187795631640355,"0.320706876894214",0.00485066056720181,0.570442931703951
431320,NA,NA,NA,NA,NA,NA,NA,NA,NA,NA,0.678502559925508,1,1,0.678502559925508,"1.1809277701909",0.00485066056720181,0.570442931703951
431321,NA,0.384096542460971,2.03493413786148,NA,NA,NA,NA,NA,-0.433275729035377,NA,0.537163243583865,4,0.25,0.630729548717735,"1.09718054754573",0.00485066056720181,0.570442931703951
431322,NA,NA,0.76939716879582,NA,NA,NA,NA,NA,NA,NA,0.254484610900575,2,0.5,0.511940889848197,"0.888941208836235",0.00485066056720181,0.570442931703951
431323,NA,NA,-0.238406422757774,NA,NA,NA,NA,NA,NA,NA,-1.01756923617421,2,0.5,-0.627987829465992,"-1.10938089484756",0.00485066056720181,0.570442931703951
431324,NA,NA,NA,NA,NA,NA,NA,NA,NA,NA,0.254484610900575,1,1,0.254484610900575,"0.437614240547604",0.00485066056720181,0.570442931703951
431325,NA,NA,0.194453480499671,NA,NA,NA,NA,NA,NA,NA,0.113145294558936,2,0.5,0.153799387529303,"0.261110653991595",0.00485066056720181,0.570442931703951
431326,NA,NA,NA,-0.0052168120678136,NA,NA,NA,NA,NA,NA,0.254484610900575,2,0.5,0.124633899416381,"0.209982861022361",0.00485066056720181,0.570442931703951
431327,NA,NA,NA,0.239661903652703,NA,NA,NA,NA,NA,NA,0.113145294558936,2,0.5,0.176403599105819,"0.300736373446117",0.00485066056720181,0.570442931703951
431328,NA,NA,NA,NA,NA,NA,NA,NA,NA,NA,NA,0,NA,NA,"NaN",0.00485066056720181,0.570442931703951
431329,NA,NA,0.643834754110454,NA,NA,NA,NA,NA,NA,NA,-0.876229919832567,2,0.5,-0.116197582861057,"-0.212200444077165",0.00485066056720181,0.570442931703951
431330,NA,0.747828782899936,0.548010806061096,NA,NA,NA,NA,NA,NA,NA,1.10252050895044,3,0.333333333333333,0.79945336597049,"1.39295740422229",0.00485066056720181,0.570442931703951
431331,NA,NA,NA,0.239661903652703,NA,NA,NA,NA,NA,NA,-0.169533338124351,2,0.5,0.0350642827641759,"0.0529651968983541",0.00485066056720181,0.570442931703951
431332,NA,NA,NA,NA,NA,NA,NA,NA,NA,NA,NA,0,NA,NA,"NaN",0.00485066056720181,0.570442931703951
431333,NA,NA,1.10643312400391,NA,NA,NA,NA,NA,NA,NA,NA,1,1,1.10643312400391,"1.93110020689748",0.00485066056720181,0.570442931703951
431334,NA,NA,0.0986295324503132,0.239661903652703,NA,NA,NA,NA,NA,NA,-0.169533338124351,3,0.333333333333333,0.0562526993262217,"0.0901089940854883",0.00485066056720181,0.570442931703951
431335,NA,0.559797709452674,0.574444998626436,0.362101261512963,NA,NA,NA,NA,0.033548675192569,NA,0.254484610900575,5,0.2,0.356875451137043,"0.617107813954887",0.00485066056720181,0.570442931703951
431336,NA,NA,0.845395472421172,NA,NA,NA,NA,NA,NA,NA,-0.0281940217827077,2,0.5,0.408600725319232,"0.707783447409897",0.00485066056720181,0.570442931703951
431337,NA,NA,0.716528783665139,0.484540619373221,NA,NA,NA,NA,NA,NA,0.113145294558936,3,0.333333333333333,0.438071565865765,"0.759446530443465",0.00485066056720181,0.570442931703951
431338,NA,NA,1.18903997577059,0.729419335093738,NA,NA,NA,NA,NA,NA,0.961181192608791,3,0.333333333333333,0.959880167824374,"1.67418939595664",0.00485066056720181,0.570442931703951
431339,NA,0.109756123824802,0.94121942047053,NA,NA,NA,NA,NA,NA,NA,0.395823927242222,3,0.333333333333333,0.482266490512518,"0.836921282413376",0.00485066056720181,0.570442931703951
431340,NA,1.15779817254724,1.11965022028658,0.484540619373221,0.320994837504468,0.553932905240976,NA,NA,0.617079180477497,0.927832382506361,0.819841876267148,8,0.125,0.750208774275437,"1.30663046605171",0.00485066056720181,0.570442931703951
431383,NA,NA,NA,NA,NA,NA,NA,NA,NA,NA,NA,0,NA,NA,"NaN",0.00485066056720181,0.570442931703951
440002,0.202146896708253,0.162158226260924,-0.0897140895777354,-0.739852959229365,0.6920928250518,0.276644665870556,0.825818824799667,-0.257867736818618,1.31731578681941,NA,0.819841876267148,10,0.1,0.320858431615204,"0.553969123789589",0.00485066056720181,0.570442931703951
440003,NA,0.196065469013709,0.931306598258528,-0.127656169928072,NA,NA,-0.735719064206513,NA,-0.433275729035377,NA,-1.3002478688575,6,0.166666666666667,-0.244921127459204,"-0.437855873295372",0.00485066056720181,0.570442931703951
440006,-0.116900167602594,-0.284800882753059,-1.07438776263666,0.729419335093738,NA,NA,0.825818824799667,NA,-0.433275729035377,NA,1.24385982529208,7,0.142857142857143,0.127104777593971,"0.214314369119429",0.00485066056720181,0.570442931703951
440007,NA,NA,0.125063725015653,-0.0052168120678136,NA,NA,NA,NA,-1.25021843643427,NA,0.254484610900575,4,0.25,-0.218971728146465,"-0.392365960333831",0.00485066056720181,0.570442931703951
440008,NA,NA,NA,-0.0052168120678136,NA,NA,NA,NA,NA,NA,-0.0281940217827077,2,0.5,-0.0167054169252607,"-0.0377883155253989",0.00485066056720181,0.570442931703951
440009,1.58468417538859,0.424168738441535,-0.525878266905848,1.34161612439503,NA,NA,0.0450498802965776,NA,0.26696087730654,0.644983189827844,-0.169533338124351,8,0.125,0.45150642257824,"0.782998153166432",0.00485066056720181,0.570442931703951
440011,1.06521010913888,0.229972711766494,-0.139278200637748,0.117222545792445,-0.12432274755233,-0.139287693185075,0.825818824799667,NA,1.08390358470544,-0.627838177225485,0.254484610900575,10,0.1,0.254588556850286,"0.437796460264834",0.00485066056720181,0.570442931703951
440012,-0.071906350840808,-1.03384269992822,-0.654744955661881,-0.127656169928072,NA,NA,0.0450498802965776,0.719444299438634,-0.433275729035377,0.786407786167103,-1.15890855251585,9,0.111111111111111,-0.214381388000877,"-0.384318985096753",0.00485066056720181,0.570442931703951
440015,0.455748409365593,0.945107286188867,0.46209968022374,1.46405548225529,-0.421201137590195,1.24715350366703,0.825818824799667,-0.355598940444343,2.83449510056022,-1.19353656258252,0.113145294558936,11,0.0909090909090909,0.579753358272935,"1.00781807566352",0.00485066056720181,0.570442931703951
440016,NA,1.01600424830833,-0.928999703527285,0.117222545792445,NA,NA,0.0450498802965776,NA,NA,NA,-0.169533338124351,5,0.2,0.0159487265491424,"0.0194551731034513",0.00485066056720181,0.570442931703951
440017,0.635723676412737,0.248467571449831,0.105238080591648,-0.37253488564859,NA,NA,-0.735719064206513,1.20810031756726,0.500373079420508,-0.344988984546967,0.254484610900575,9,0.111111111111111,0.16657160021561,"0.28350064600737",0.00485066056720181,0.570442931703951
440018,NA,0.535137896541558,-1.59646306580212,-0.739852959229365,NA,NA,0.0450498802965776,NA,0.033548675192569,-1.33496115892178,-0.0281940217827077,7,0.142857142857143,-0.440819250529324,"-0.781269933111943",0.00485066056720181,0.570442931703951
440020,NA,1.23177761128059,0.742962976230479,-0.127656169928072,NA,NA,NA,NA,NA,0.0792848044708086,0.678502559925508,5,0.2,0.520974356395864,"0.904777090123575",0.00485066056720181,0.570442931703951
440029,1.7892015243058,0.615282288502686,1.39390496815198,0.974298050814256,NA,NA,-1.5164880087096,NA,0.383666978363526,0.786407786167103,0.537163243583865,8,0.125,0.620429603897452,"1.07912449978384",0.00485066056720181,0.570442931703951
440030,NA,-1.45614199603108,-0.714221888933897,0.362101261512963,-1.53449510023219,0.276644665870556,0.0450498802965776,NA,-0.783394032206331,NA,-1.01756923617421,8,0.125,-0.602753305737202,"-1.06514417575383",0.00485066056720181,0.570442931703951
440031,NA,-0.445089666675315,0.286973154478362,-0.25009552778833,NA,NA,0.0450498802965776,NA,0.033548675192569,NA,-0.734890603490924,6,0.166666666666667,-0.177417347997843,"-0.3195201455483",0.00485066056720181,0.570442931703951
440032,NA,NA,1.37407932372798,NA,NA,NA,NA,NA,NA,NA,0.113145294558936,2,0.5,0.743612309143455,"1.29506670609367",0.00485066056720181,0.570442931703951
440033,NA,NA,0.174627836075666,0.239661903652703,NA,NA,NA,NA,1.43402188787639,NA,0.819841876267148,4,0.25,0.667038375967977,"1.16083078358562",0.00485066056720181,0.570442931703951
440034,0.877054148135045,-0.0412852302557855,0.346450087750377,0.729419335093738,NA,NA,-0.735719064206513,0.719444299438634,-1.36692453749126,-0.910687369904002,-0.0281940217827077,9,0.111111111111111,-0.0456047059136082,"-0.0884494551104289",0.00485066056720181,0.570442931703951
440035,0.672536799217835,-0.14608943512803,-0.763785999993909,2.3211309872771,NA,NA,0.0450498802965776,NA,-1.95045504277619,NA,-1.86560513422407,7,0.142857142857143,-0.24103113504724,"-0.431036624259638",0.00485066056720181,0.570442931703951
440039,0.328947653036923,0.565962662680453,0.359667184033047,2.56600970299762,-0.421201137590195,0.276644665870556,2.38735671380585,1.50129392844444,1.31731578681941,0.644983189827844,0.537163243583865,11,0.0909090909090909,0.914922144864527,"1.59537691453005",0.00485066056720181,0.570442931703951
440046,-0.648645274787339,1.04374653783333,-0.122756830284411,-2.33156461141273,NA,NA,0.825818824799667,NA,-0.316569627978388,-0.0621397918684502,0.819841876267148,8,0.125,-0.0990336121788962,"-0.182111596046582",0.00485066056720181,0.570442931703951
440048,0.210327590664941,-0.642368169964245,-0.661353503803216,1.58649484011555,0.246775239995002,0.138000546185346,0.0450498802965776,-1.23517977307587,-0.549981830092359,-2.04208414061807,-0.593551287149281,11,0.0909090909090909,-0.317988237040511,"-0.56594425080064",0.00485066056720181,0.570442931703951
440049,0.476200144257314,0.0850963109136855,-0.413532948503152,0.729419335093738,0.320994837504468,0.415288785555766,1.60658776930276,-0.355598940444343,0.73378528153448,-0.0621397918684502,-0.452211970807637,11,0.0909090909090909,0.280353528412602,"0.482963067002084",0.00485066056720181,0.570442931703951
440050,NA,0.00495191895255754,-0.763785999993909,0.851858692953996,NA,NA,0.825818824799667,NA,-0.666687931149345,NA,-1.44158718519914,6,0.166666666666667,-0.198238613272696,"-0.356020317813837",0.00485066056720181,0.570442931703951
440053,-0.0146414931439893,0.399508925530418,0.551315080131763,-0.127656169928072,NA,NA,-0.735719064206513,-0.0624053295671671,2.13425849421831,-0.0621397918684502,1.52653845797536,9,0.111111111111111,0.401006567682407,"0.694470708808437",0.00485066056720181,0.570442931703951
440056,NA,-0.762584757905937,1.54259730133202,0.729419335093738,NA,NA,-0.735719064206513,NA,0.033548675192569,NA,-0.734890603490924,6,0.166666666666667,0.0120618143358253,"0.0126413237290595",0.00485066056720181,0.570442931703951
440057,NA,-5.67913495705975,-0.00710723781104746,0.484540619373221,NA,NA,NA,NA,NA,NA,-1.44158718519914,4,0.25,-1.66082219017418,"-2.91996404577388",0.00485066056720181,0.570442931703951
440058,0.292134530231825,0.886540230524965,-0.145886748779083,-1.47448910639092,NA,NA,0.0450498802965776,NA,0.383666978363526,0.362133997149326,0.678502559925508,8,0.125,0.128456540165216,"0.216684040993891",0.00485066056720181,0.570442931703951
440059,-0.157803637386036,-0.741007421608711,-1.06777921449532,2.19869162941684,-0.866518722646993,1.52444174303745,0.0450498802965776,-1.91929819845595,-0.900100133263316,-0.203564388207709,-1.01756923617421,11,0.0909090909090909,-0.282314336317034,"-0.503407056033555",0.00485066056720181,0.570442931703951
440060,NA,NA,1.45007762735333,-1.47448910639092,NA,NA,NA,NA,NA,NA,0.961181192608791,3,0.333333333333333,0.312256571190401,"0.538889858280753",0.00485066056720181,0.570442931703951
440061,NA,-0.805739430500391,-0.261536341252446,-0.862292317089623,NA,NA,0.825818824799667,NA,-0.199863526921402,NA,0.254484610900575,6,0.166666666666667,-0.17485469667727,"-0.315027756953146",0.00485066056720181,0.570442931703951
440063,0.18987585577322,0.532055419927668,0.227496221206346,0.729419335093738,0.0983360449760701,-0.000643573499865181,-0.735719064206513,-2.8966102347132,0.150254776249555,-0.344988984546967,-0.734890603490924,11,0.0909090909090909,-0.253219527930079,"-0.452403166301681",0.00485066056720181,0.570442931703951
440065,NA,-0.229316303703047,-1.21647154767536,0.60697997723348,NA,NA,-1.5164880087096,NA,0.617079180477497,NA,-0.452211970807637,6,0.166666666666667,-0.365071445530778,"-0.648482232908029",0.00485066056720181,0.570442931703951
440068,NA,0.214560328697046,0.528185161637091,-0.25009552778833,0.469434032523402,0.415288785555766,0.0450498802965776,NA,0.617079180477497,NA,-0.0281940217827077,8,0.125,0.251413477452043,"0.432230470712191",0.00485066056720181,0.570442931703951
440072,NA,0.680014297394366,-0.714221888933897,-0.37253488564859,NA,NA,-1.5164880087096,NA,-0.549981830092359,NA,-0.310872654465994,6,0.166666666666667,-0.464014161742679,"-0.821931163051405",0.00485066056720181,0.570442931703951
440073,-0.149622943429348,-0.112182192375245,-0.010411511881715,0.362101261512963,0.469434032523402,0.276644665870556,0.825818824799667,NA,-2.06716114383317,-0.769262773564744,-1.01756923617421,10,0.1,-0.219221101655185,"-0.392803118014048",0.00485066056720181,0.570442931703951
440081,NA,0.418003785213756,1.11965022028658,-0.0052168120678136,0.172555642485536,2.35630646114871,0.0450498802965776,NA,2.25096459527529,NA,0.819841876267148,8,0.125,0.897144456113223,"1.5642122041563",0.00485066056720181,0.570442931703951
440082,0.234869672535007,0.504313130402663,0.713224509594472,0.362101261512963,NA,NA,-1.5164880087096,-0.160136533192892,0.967197483648454,-0.769262773564744,1.52653845797536,9,0.111111111111111,0.206928577800187,"0.354247385675137",0.00485066056720181,0.570442931703951
440084,NA,-1.6287606864089,-2.06897425790758,0.60697997723348,NA,NA,0.0450498802965776,NA,-2.18386724489016,NA,-1.3002478688575,6,0.166666666666667,-1.08830336675568,"-1.9163249583224",0.00485066056720181,0.570442931703951
440091,0.0998882222496481,1.10539607011112,0.429056939517065,0.239661903652703,0.395214435013935,0.276644665870556,0.825818824799667,-1.72383579120449,2.48437679738926,2.05922915322043,1.24385982529208,11,0.0909090909090909,0.67593736781018,"1.17643092752223",0.00485066056720181,0.570442931703951
440102,NA,-0.941368401511531,-0.00380296374037992,-0.862292317089623,NA,NA,NA,NA,NA,NA,0.113145294558936,4,0.25,-0.42357959694565,"-0.751048411158505",0.00485066056720181,0.570442931703951
440104,-0.579109376155488,0.39026149568875,1.2286912646186,1.09673740867451,-0.346981540080729,0.831221144611397,0.825818824799667,0.0353258740585582,1.20060968576243,2.05922915322043,1.52653845797536,11,0.0909090909090909,0.751667490288499,"1.30918762984845",0.00485066056720181,0.570442931703951
440109,NA,NA,-0.387098755937812,0.484540619373221,0.172555642485536,-0.555220052240705,NA,NA,-0.0831574258644167,NA,-0.169533338124351,6,0.166666666666667,-0.0896522183847546,"-0.165665790037349",0.00485066056720181,0.570442931703951
440110,NA,0.00186944233866801,0.0754996139556405,1.09673740867451,NA,NA,-0.735719064206513,NA,-0.0831574258644167,NA,0.537163243583865,6,0.166666666666667,0.148732203080293,"0.252227759371665",0.00485066056720181,0.570442931703951
440111,NA,NA,NA,NA,NA,NA,NA,NA,NA,NA,0.395823927242222,1,1,0.395823927242222,"0.685385417095374",0.00485066056720181,0.570442931703951
440120,-0.272333352779674,0.00495191895255754,-0.344143193019134,0.484540619373221,NA,NA,-0.735719064206513,-3.2875350492161,0.73378528153448,-0.0621397918684502,-0.169533338124351,9,0.111111111111111,-0.405347329928218,"-0.719086814293818",0.00485066056720181,0.570442931703951
440125,-0.100538779689217,-2.28532820516737,-1.16029888847401,0.362101261512963,-1.08917751517539,1.10850938398182,0.825818824799667,-0.551061347695793,-3.00080995228905,-0.203564388207709,-0.169533338124351,11,0.0909090909090909,-0.569443904048041,"-1.00675200392051",0.00485066056720181,0.570442931703951
440130,NA,0.639942101413802,0.693398865170466,0.60697997723348,NA,NA,-0.735719064206513,NA,1.43402188787639,NA,0.678502559925508,6,0.166666666666667,0.55285438790219,"0.960663542097129",0.00485066056720181,0.570442931703951
440131,NA,-0.870471439392071,-0.0963226377190704,-0.0052168120678136,-1.75715389276059,1.24715350366703,NA,NA,-0.199863526921402,NA,-2.85498034861557,7,0.142857142857143,-0.648122164829927,"-1.14467686267346",0.00485066056720181,0.570442931703951
440132,NA,0.433416168283203,1.45999044956533,0.729419335093738,NA,NA,0.0450498802965776,NA,0.033548675192569,NA,1.38519914163372,6,0.166666666666667,0.681103941677523,"1.18548805415172",0.00485066056720181,0.570442931703951
440137,NA,0.11900355366647,1.10643312400391,-0.0052168120678136,NA,NA,0.0450498802965776,NA,-0.0831574258644167,NA,1.95055640700029,6,0.166666666666667,0.522111454505836,"0.906770450101893",0.00485066056720181,0.570442931703951
440144,-0.235520229974576,-0.401934994080861,-0.129365378425746,-0.739852959229365,NA,NA,0.0450498802965776,NA,-0.433275729035377,NA,-0.169533338124351,7,0.142857142857143,-0.294918964081957,"-0.525503267704145",0.00485066056720181,0.570442931703951
440148,NA,NA,0.38279710252772,-0.494974243508849,NA,NA,NA,NA,NA,NA,-0.0281940217827077,3,0.333333333333333,-0.0467903875879455,"-0.0905279832303156",0.00485066056720181,0.570442931703951
440150,1.22064329431596,0.128250983508139,0.574444998626436,-0.25009552778833,NA,NA,-0.735719064206513,NA,-2.41727944700413,-0.0621397918684502,-0.452211970807637,8,0.125,-0.249263315653066,"-0.44546783227064",0.00485066056720181,0.570442931703951
440151,NA,-0.762584757905937,0.154802191651661,0.239661903652703,NA,NA,NA,NA,0.967197483648454,NA,0.678502559925508,5,0.2,0.255515876194478,"0.439422073087175",0.00485066056720181,0.570442931703951
440152,NA,NA,NA,0.239661903652703,-0.643859930118594,-0.277931812870285,0.0450498802965776,NA,NA,NA,-1.72426581788243,5,0.2,-0.472269155384405,"-0.836402362855857",0.00485066056720181,0.570442931703951
440153,NA,0.686179250622145,-0.215276504263101,1.09673740867451,NA,NA,NA,NA,0.500373079420508,NA,1.10252050895044,5,0.2,0.634106748680901,"1.10310085924646",0.00485066056720181,0.570442931703951
440156,-0.534115559393702,-0.102934762533576,-0.796828740700585,1.83137355583607,NA,NA,-3.07802589771578,0.817175503064359,1.31731578681941,-0.0621397918684502,-0.0281940217827077,9,0.111111111111111,-0.0707082142527743,"-0.132456501116206",0.00485066056720181,0.570442931703951
440161,1.04066802726881,0.316282056955401,-0.228493600545771,0.60697997723348,-2.57356946536472,-0.139287693185075,-1.5164880087096,-0.257867736818618,0.73378528153448,1.21068157518488,0.961181192608791,11,0.0909090909090909,0.0139883278329142,"0.0160185476195096",0.00485066056720181,0.570442931703951
440173,0.480290491235658,0.220725281924825,0.204366302711674,1.95381291369632,NA,NA,0.825818824799667,-2.31022301295885,0.383666978363526,-1.19353656258252,0.113145294558936,9,0.111111111111111,0.0753407235276936,"0.123570753607085",0.00485066056720181,0.570442931703951
440175,NA,1.03758158460555,1.15930150913459,-0.127656169928072,NA,NA,0.0450498802965776,NA,0.617079180477497,NA,-0.310872654465994,6,0.166666666666667,0.403413888353358,"0.698690799087687",0.00485066056720181,0.570442931703951
440176,NA,NA,-2.45227005010501,NA,0.320994837504468,1.10850938398182,-1.5164880087096,NA,NA,NA,0.678502559925508,5,0.2,-0.372150255480564,"-0.660891554781193",0.00485066056720181,0.570442931703951
440183,-1.59351542678485,-2.18360647690901,0.673573220746461,NA,-0.495420735099661,-0.000643573499865181,1.60658776930276,-1.13744856945014,0.850491382591465,-0.486413580886226,-1.86560513422407,10,0.1,-0.463200112421314,"-0.820504115267793",0.00485066056720181,0.570442931703951
440184,NA,1.39514887181674,-0.182233763556426,NA,NA,NA,0.0450498802965776,NA,0.26696087730654,NA,1.10252050895044,5,0.2,0.525489274962774,"0.912691849542934",0.00485066056720181,0.570442931703951
440185,-0.174165025299413,-0.882801345847629,0.273756058195692,2.19869162941684,NA,NA,1.60658776930276,NA,1.55072798893338,-2.04208414061807,1.10252050895044,8,0.125,0.45415418037925,"0.787639735441981",0.00485066056720181,0.570442931703951
440187,NA,0.606034858661017,-1.16360316254468,-0.494974243508849,NA,NA,NA,NA,-0.199863526921402,NA,0.113145294558936,5,0.2,-0.227852155950995,"-0.407933561071742",0.00485066056720181,0.570442931703951
440192,NA,NA,-0.473009881775168,-0.739852959229365,NA,NA,NA,NA,-0.316569627978388,NA,0.113145294558936,4,0.25,-0.354071793605996,"-0.629199581982852",0.00485066056720181,0.570442931703951
440193,0.701169228066245,0.79098345549439,0.174627836075666,-0.617413601369107,0.395214435013935,0.692577024926186,0.825818824799667,NA,0.850491382591465,0.220709400810067,1.52653845797536,10,0.1,0.556071644438388,"0.966303469173774",0.00485066056720181,0.570442931703951
440194,1.19610121244589,-0.149171911741919,0.425752665446398,-0.739852959229365,NA,NA,-1.5164880087096,NA,0.617079180477497,-0.344988984546967,-0.876229919832567,8,0.125,-0.173474840711329,"-0.312608836690922",0.00485066056720181,0.570442931703951
440197,NA,-0.451254619903094,1.32781948673863,0.974298050814256,NA,NA,0.0450498802965776,NA,NA,NA,0.254484610900575,5,0.2,0.430079481769389,"0.745436217312748",0.00485066056720181,0.570442931703951
440200,NA,NA,1.3509494052333,NA,NA,NA,NA,NA,NA,NA,NA,1,1,1.3509494052333,"2.35974305202663",0.00485066056720181,0.570442931703951
440218,NA,NA,NA,NA,NA,NA,NA,NA,NA,NA,1.38519914163372,1,1,1.38519914163372,"2.41978365292971",0.00485066056720181,0.570442931703951
440227,NA,-0.0258728471863378,-0.661353503803216,0.362101261512963,NA,NA,0.0450498802965776,NA,0.383666978363526,-0.0621397918684502,0.537163243583865,7,0.142857142857143,0.0826593172712753,"0.136400422162571",0.00485066056720181,0.570442931703951
440228,0.987493516550338,-1.27735835242549,0.194453480499671,NA,NA,NA,0.0450498802965776,NA,-0.199863526921402,NA,-0.593551287149281,6,0.166666666666667,-0.140629381524931,"-0.255029967077643",0.00485066056720181,0.570442931703951
440238,NA,NA,NA,NA,NA,NA,NA,NA,NA,NA,-0.593551287149281,1,1,-0.593551287149281,"-1.04901281873897",0.00485066056720181,0.570442931703951
441300,NA,NA,NA,0.239661903652703,NA,NA,NA,NA,NA,NA,NA,1,1,0.239661903652703,"0.411629682892387",0.00485066056720181,0.570442931703951
441301,NA,NA,NA,NA,NA,NA,NA,NA,NA,NA,0.254484610900575,1,1,0.254484610900575,"0.437614240547604",0.00485066056720181,0.570442931703951
441303,NA,NA,-0.185538037627093,NA,NA,NA,NA,NA,NA,NA,-0.876229919832567,2,0.5,-0.53088397872983,"-0.939155539532688",0.00485066056720181,0.570442931703951
441304,NA,NA,NA,NA,NA,NA,NA,NA,NA,NA,NA,0,NA,NA,"NaN",0.00485066056720181,0.570442931703951
441305,NA,-2.08188474865066,-0.628310763096541,-0.0052168120678136,NA,NA,NA,NA,0.850491382591465,NA,-0.169533338124351,5,0.2,-0.40689085586958,"-0.721792651908023",0.00485066056720181,0.570442931703951
441306,NA,NA,1.71441955300673,NA,NA,NA,NA,NA,NA,NA,0.537163243583865,2,0.5,1.1257913982953,"1.96503572124169",0.00485066056720181,0.570442931703951
441307,NA,-0.189244107722483,0.0226312288249602,0.362101261512963,NA,NA,NA,NA,-0.549981830092359,NA,-1.3002478688575,5,0.2,-0.330948263266883,"-0.588663484410319",0.00485066056720181,0.570442931703951
441309,NA,NA,0.961045064894536,0.117222545792445,NA,NA,NA,NA,NA,NA,-0.876229919832567,3,0.333333333333333,0.067345896951471,"0.109555632844099",0.00485066056720181,0.570442931703951
441310,NA,NA,0.0754996139556405,0.974298050814256,NA,NA,0.0450498802965776,NA,-0.433275729035377,NA,0.254484610900575,5,0.2,0.183211285386334,"0.312670409091331",0.00485066056720181,0.570442931703951
441313,NA,NA,NA,NA,NA,NA,NA,NA,NA,NA,NA,0,NA,NA,"NaN",0.00485066056720181,0.570442931703951
441314,NA,NA,NA,NA,NA,NA,NA,NA,NA,NA,-0.310872654465994,1,1,-0.310872654465994,"-0.553470465643442",0.00485066056720181,0.570442931703951
441316,NA,NA,0.00941413254229014,NA,NA,NA,NA,NA,NA,NA,0.113145294558936,2,0.5,0.0612797135506128,"0.0989214693481322",0.00485066056720181,0.570442931703951
441320,NA,NA,NA,NA,NA,NA,NA,NA,NA,NA,NA,0,NA,NA,"NaN",0.00485066056720181,0.570442931703951
441322,NA,NA,NA,NA,NA,NA,NA,NA,NA,NA,0.254484610900575,1,1,0.254484610900575,"0.437614240547604",0.00485066056720181,0.570442931703951
441323,NA,NA,NA,NA,NA,NA,NA,NA,NA,NA,NA,0,NA,NA,"NaN",0.00485066056720181,0.570442931703951
450002,NA,-0.673192936103141,0.121759450944986,-0.25009552778833,NA,NA,-0.735719064206513,NA,NA,NA,-0.452211970807637,5,0.2,-0.397892009592127,"-0.706017460776155",0.00485066056720181,0.570442931703951
450007,-0.407314803065032,0.177570609330372,1.09321602772124,0.484540619373221,NA,NA,0.0450498802965776,NA,0.383666978363526,NA,-0.0281940217827077,7,0.142857142857143,0.24979075574817,"0.429385801046419",0.00485066056720181,0.570442931703951
450010,0.148972385989778,0.239220141608162,0.557923628273098,0.851858692953996,0.766312422561267,0.276644665870556,-0.735719064206513,-1.23517977307587,0.500373079420508,1.21068157518488,-0.876229919832567,11,0.0909090909090909,0.154987075886118,"0.263192699873498",0.00485066056720181,0.570442931703951
450011,0.840241025329947,0.149828319805366,0.607487739333111,-1.35204974853066,NA,NA,0.0450498802965776,-0.453330144070068,-0.666687931149345,1.06925697884562,0.113145294558936,9,0.111111111111111,0.0392157127132764,"0.0602427521424867",0.00485066056720181,0.570442931703951
450015,NA,0.344024346480407,0.293581702619697,-0.25009552778833,0.6920928250518,0.415288785555766,-0.735719064206513,NA,-1.71704284066222,NA,0.395823927242222,8,0.125,-0.0702557307133958,"-0.131663286730979",0.00485066056720181,0.570442931703951
450018,-1.00450546190328,-0.540646441705891,-0.182233763556426,0.362101261512963,-0.346981540080729,-0.832508291611126,0.825818824799667,-0.941986162198694,-0.666687931149345,NA,-1.44158718519914,10,0.1,-0.4769216691092,"-0.844558329853114",0.00485066056720181,0.570442931703951
450021,2.13279067048671,1.35199419922229,0.0821081620969756,-1.84180717997169,0.469434032523402,-0.277931812870285,0.825818824799667,-0.355598940444343,1.20060968576243,-1.05211196624326,1.52653845797536,11,0.0909090909090909,0.369258557576114,"0.63881569348296",0.00485066056720181,0.570442931703951
450023,-0.0228221871006777,-0.327955555347513,-0.426750044785822,1.34161612439503,-0.0501031500428634,0.138000546185346,-1.5164880087096,-0.0624053295671671,-0.666687931149345,NA,0.395823927242222,10,0.1,-0.119777160888039,"-0.218475529327657",0.00485066056720181,0.570442931703951
450024,NA,0.717004016761041,-1.45768355483409,-0.0052168120678136,0.0241164474666027,-1.10979653098155,0.0450498802965776,NA,0.383666978363526,NA,-0.593551287149281,8,0.125,-0.249551357768123,"-0.445972776935651",0.00485066056720181,0.570442931703951
450028,2.47228946968928,0.211477852083157,-0.311100452312459,-0.25009552778833,NA,NA,0.825818824799667,NA,0.033548675192569,NA,-0.593551287149281,7,0.142857142857143,0.341198222073515,"0.589625259272861",0.00485066056720181,0.570442931703951
450029,0.0876171813146155,-0.0906048560780181,0.511663791283753,0.117222545792445,-0.495420735099661,0.831221144611397,0.0450498802965776,NA,0.73378528153448,NA,-0.169533338124351,9,0.111111111111111,0.174555655059026,"0.297496883667056",0.00485066056720181,0.570442931703951
450032,-0.125080861559282,0.00495191895255754,-0.363968837443139,0.239661903652703,NA,NA,0.825818824799667,0.230788281310009,-0.316569627978388,NA,-2.00694445056571,8,0.125,-0.188917856103948,"-0.339680809248263",0.00485066056720181,0.570442931703951
450033,-1.09040274844851,0.831055651474954,-0.661353503803216,-0.494974243508849,NA,NA,0.0450498802965776,NA,0.500373079420508,0.362133997149326,0.537163243583865,8,0.125,0.00363066952058178,"-0.00213867326390712",0.00485066056720181,0.570442931703951
450034,-1.91665283807404,0.683096774008256,-0.558921007612523,-0.0052168120678136,NA,NA,1.60658776930276,0.0353258740585582,1.55072798893338,NA,-0.169533338124351,8,0.125,0.153176801303028,"0.260019245558476",0.00485066056720181,0.570442931703951
450035,NA,0.630694671572134,NA,0.729419335093738,NA,NA,NA,NA,NA,NA,-0.310872654465994,3,0.333333333333333,0.349747117399959,"0.604611675707032",0.00485066056720181,0.570442931703951
450039,NA,0.226890235152604,-1.19334162918069,-0.25009552778833,0.617873227542334,-1.52572889003718,0.0450498802965776,NA,0.617079180477497,NA,0.961181192608791,8,0.125,-0.0626365413660487,"-0.118306666946791",0.00485066056720181,0.570442931703951
450040,0.930228658853519,0.464240934422099,0.429056939517065,0.60697997723348,NA,NA,-0.735719064206513,0.328519484935734,-0.0831574258644167,NA,2.09189572334194,8,0.125,0.504005653529113,"0.875030551208519",0.00485066056720181,0.570442931703951
450042,0.59891055360764,-0.448172143289205,0.34314581367971,-0.37253488564859,NA,NA,-1.5164880087096,1.20810031756726,-1.25021843643427,0.220709400810067,1.10252050895044,9,0.111111111111111,-0.0126696532740616,"-0.0307135260470826",0.00485066056720181,0.570442931703951
450044,-2.07208602325112,-0.0597800899391227,-0.37718593372581,-3.55595819001531,-0.346981540080729,1.10850938398182,0.0450498802965776,-0.941986162198694,-1.25021843643427,0.362133997149326,-1.3002478688575,11,0.0909090909090909,-0.762613725734076,"-1.34538328664852",0.00485066056720181,0.570442931703951
450046,-0.967692339098186,0.307034627113732,0.125063725015653,-1.59692846425118,1.73116719018433,-0.139287693185075,0.825818824799667,-1.33291097670159,1.78414019104735,-0.0621397918684502,0.819841876267148,11,0.0909090909090909,0.135827924483945,"0.229606252680712",0.00485066056720181,0.570442931703951
450051,NA,-0.913626111986525,0.148193643510326,-0.494974243508849,NA,NA,0.0450498802965776,NA,-0.666687931149345,NA,1.24385982529208,6,0.166666666666667,-0.106364156257622,"-0.194962213823244",0.00485066056720181,0.570442931703951
450054,-0.0473642689707429,-0.27555345291139,0.818961279855832,0.362101261512963,0.9147516175802,0.969865264296607,2.38735671380585,-0.0624053295671671,-0.433275729035377,-0.769262773564744,0.113145294558936,11,0.0909090909090909,0.361665443414633,"0.625504784118548",0.00485066056720181,0.570442931703951
450055,NA,0.263879954519279,-0.185538037627093,0.117222545792445,NA,NA,NA,NA,0.150254776249555,NA,-0.310872654465994,5,0.2,0.00698931689363805,"0.00374911530597448",0.00485066056720181,0.570442931703951
450056,-0.889975746509647,-0.0813574262363495,-0.492835526199173,0.362101261512963,0.0983360449760701,-0.139287693185075,0.0450498802965776,0.817175503064359,1.08390358470544,-0.486413580886226,0.961181192608791,11,0.0909090909090909,0.116170681286157,"0.195146638746904",0.00485066056720181,0.570442931703951
450058,-0.178255372277757,0.498148177174884,0.481925324647745,0.117222545792445,NA,NA,0.0450498802965776,0.621713095812908,2.13425849421831,-0.627838177225485,0.961181192608791,9,0.111111111111111,0.450378351227602,"0.781020617311498",0.00485066056720181,0.570442931703951
450064,NA,0.313199580341511,-0.0632798970123953,0.729419335093738,NA,NA,0.0450498802965776,NA,-1.01680623432031,NA,-0.452211970807637,6,0.166666666666667,-0.0741048844014185,"-0.138410944514248",0.00485066056720181,0.570442931703951
450068,1.00794525144206,-0.352615368258629,-0.879435592467272,1.70893419797581,-0.421201137590195,1.52444174303745,-0.735719064206513,-0.160136533192892,0.500373079420508,NA,0.537163243583865,10,0.1,0.272974981974419,"0.470028299949851",0.00485066056720181,0.570442931703951
450072,NA,-0.229316303703047,-0.783611644417914,-1.35204974853066,0.543653630032868,-0.416575932555496,0.0450498802965776,NA,-1.01680623432031,NA,-0.169533338124351,8,0.125,-0.422398711415291,"-0.748978290792859",0.00485066056720181,0.570442931703951
450079,1.07748115007391,0.0172818254081157,0.445578309870403,-0.0052168120678136,NA,NA,-0.735719064206513,NA,-0.783394032206331,NA,0.254484610900575,7,0.142857142857143,0.0386422839674781,"0.0592375179395044",0.00485066056720181,0.570442931703951
450080,0.173514467859844,0.0326942084775634,0.660356124463791,0.239661903652703,0.988971215089666,0.692577024926186,-1.5164880087096,NA,2.01755239316132,NA,-0.310872654465994,9,0.111111111111111,0.330885186050609,"0.571546262322018",0.00485066056720181,0.570442931703951
450082,NA,0.827973174861064,-0.473009881775168,0.362101261512963,NA,NA,NA,NA,NA,NA,-0.593551287149281,4,0.25,0.0308783168623947,"0.0456270993093851",0.00485066056720181,0.570442931703951
450083,-0.697729438527469,-0.61462588043924,-0.506052622481843,-0.862292317089623,-0.0501031500428634,0.969865264296607,-2.29725695321269,-1.03971736582442,-0.900100133263316,0.786407786167103,-0.593551287149281,11,0.0909090909090909,-0.527741463415185,"-0.933646635591573",0.00485066056720181,0.570442931703951
450087,-0.28869474069305,-0.0967698093057972,-0.786915918488582,0.239661903652703,NA,NA,-1.5164880087096,0.328519484935734,-0.316569627978388,NA,-0.452211970807637,8,0.125,-0.361183585924327,"-0.641666722730985",0.00485066056720181,0.570442931703951
450090,NA,1.88526265342518,0.442274035799735,0.729419335093738,NA,NA,0.825818824799667,NA,0.26696087730654,0.0792848044708086,0.113145294558936,7,0.142857142857143,0.620309403636371,"1.07891378587294",0.00485066056720181,0.570442931703951
450092,NA,-1.11090461527546,0.663660398534459,-0.494974243508849,NA,NA,NA,NA,NA,NA,-0.0281940217827077,4,0.25,-0.242603120508138,"-0.433792352087139",0.00485066056720181,0.570442931703951
450097,NA,-1.13556442818657,0.303494524831699,-0.0052168120678136,NA,NA,-1.5164880087096,NA,0.150254776249555,0.0792848044708086,-0.876229919832567,7,0.142857142857143,-0.428637866177784,"-0.75991567719163",0.00485066056720181,0.570442931703951
450101,1.35153439762297,-0.0659450431669018,1.08991175365057,0.851858692953996,0.0983360449760701,0.138000546185346,0.0450498802965776,NA,-1.13351233537729,0.503558593488585,0.395823927242222,10,0.1,0.327461645787215,"0.565544714974998",0.00485066056720181,0.570442931703951
450102,0.807518249503194,-0.364945274714187,0.392709924739722,3.42308520801943,1.21163000761807,0.415288785555766,0.825818824799667,2.57633716832741,1.55072798893338,-0.0621397918684502,1.95055640700029,11,0.0909090909090909,1.15696249981039,"2.01967940211259",0.00485066056720181,0.570442931703951
450104,NA,0.211477852083157,-0.753873177781907,-0.37253488564859,NA,NA,-3.85879484221887,NA,0.033548675192569,-3.03205631499288,-1.44158718519914,7,0.142857142857143,-1.31625998265224,"-2.31593831704286",0.00485066056720181,0.570442931703951
450107,-0.313236822563115,-0.851976579708734,-1.29577412537138,-1.71936782211143,0.246775239995002,-0.277931812870285,-1.5164880087096,-0.453330144070068,0.150254776249555,0.503558593488585,-0.734890603490924,11,0.0909090909090909,-0.5693097553784,"-1.00651683811831",0.00485066056720181,0.570442931703951
450108,NA,0.149828319805366,0.138280821298323,0.729419335093738,NA,NA,0.0450498802965776,NA,NA,NA,-0.452211970807637,5,0.2,0.122073277137273,"0.20549402938506",0.00485066056720181,0.570442931703951
450119,1.42925099021151,-0.133759528672472,-1.50394339182343,0.851858692953996,NA,NA,-1.5164880087096,0.230788281310009,0.617079180477497,NA,-1.3002478688575,8,0.125,-0.165682706638749,"-0.298949040698175",0.00485066056720181,0.570442931703951
450124,NA,NA,-0.188842311697761,0.60697997723348,NA,NA,0.0450498802965776,NA,NA,NA,0.113145294558936,4,0.25,0.144083210097808,"0.244077964319252",0.00485066056720181,0.570442931703951
450128,NA,1.35199419922229,0.686790317029132,NA,NA,NA,NA,NA,NA,NA,0.819841876267148,3,0.333333333333333,0.952875464172855,"1.66190998418341",0.00485066056720181,0.570442931703951
450132,0.709349922022933,0.473488364263767,-0.264840615323114,0.117222545792445,NA,NA,-0.735719064206513,0.523981892187183,1.08390358470544,NA,-0.0281940217827077,8,0.125,0.234899075957429,"0.403280332886337",0.00485066056720181,0.570442931703951
450133,0.275773142318448,-0.482079386041989,-0.786915918488582,-0.739852959229365,NA,NA,1.60658776930276,-0.648792551321519,-1.95045504277619,NA,0.113145294558936,8,0.125,-0.326573706459688,"-0.580994782487537",0.00485066056720181,0.570442931703951
450135,0.14079169203309,0.680014297394366,0.0391525991782978,-1.59692846425118,NA,NA,-2.29725695321269,1.30583152119298,-0.433275729035377,NA,0.819841876267148,8,0.125,-0.16772864505417,"-0.302535619305276",0.00485066056720181,0.570442931703951
450137,-2.02300185951099,-0.910543635372635,-0.694396244509891,-1.47448910639092,-0.198542345061796,0.138000546185346,0.825818824799667,0.230788281310009,-1.01680623432031,NA,-1.15890855251585,10,0.1,-0.628208032538736,"-1.10976691606109",0.00485066056720181,0.570442931703951
450144,NA,NA,-0.654744955661881,0.239661903652703,NA,NA,NA,NA,NA,NA,-0.0281940217827077,3,0.333333333333333,-0.147759024597295,"-0.267528400621324",0.00485066056720181,0.570442931703951
450147,-1.74894861196193,0.609117335274907,1.29808102010262,-0.25009552778833,0.6920928250518,-3.46674656563012,-0.735719064206513,NA,-0.199863526921402,NA,0.678502559925508,9,0.111111111111111,-0.347064395128162,"-0.616915446115127",0.00485066056720181,0.570442931703951
450148,NA,1.1701280790028,0.693398865170466,-0.494974243508849,NA,NA,0.825818824799667,NA,-0.666687931149345,NA,0.678502559925508,6,0.166666666666667,0.367697692373375,"0.636079459731976",0.00485066056720181,0.570442931703951
450152,-0.390953415151655,-0.0197078939585588,-1.33542541421939,-0.617413601369107,NA,NA,-0.735719064206513,NA,-0.900100133263316,NA,-1.3002478688575,7,0.142857142857143,-0.757081055860862,"-1.33568438503064",0.00485066056720181,0.570442931703951
450154,NA,-0.133759528672472,0.729745879947809,-0.494974243508849,NA,NA,NA,NA,NA,NA,0.395823927242222,4,0.25,0.124209008752178,"0.209238017602295",0.00485066056720181,0.570442931703951
450155,NA,NA,-0.340838918948467,NA,NA,NA,NA,NA,NA,NA,0.678502559925508,2,0.5,0.168831820488521,"0.287462865797103",0.00485066056720181,0.570442931703951
450162,NA,NA,NA,-0.617413601369107,NA,NA,1.60658776930276,NA,NA,NA,1.10252050895044,3,0.333333333333333,0.697231558961363,"1.21376015007491",0.00485066056720181,0.570442931703951
450163,NA,-0.821151813569839,0.997392079671878,0.239661903652703,NA,NA,NA,NA,NA,NA,0.113145294558936,4,0.25,0.132261866078419,"0.223354867647552",0.00485066056720181,0.570442931703951
450165,NA,0.843385557930512,0.286973154478362,0.117222545792445,NA,NA,NA,NA,NA,NA,0.678502559925508,4,0.25,0.481520954531707,"0.83561434014207",0.00485066056720181,0.570442931703951
450176,NA,-1.98632797362008,0.138280821298323,0.239661903652703,NA,NA,0.825818824799667,NA,-0.549981830092359,NA,-0.310872654465994,6,0.166666666666667,-0.273903484737957,"-0.488662633565293",0.00485066056720181,0.570442931703951
450184,-1.81030381663709,-0.448172143289205,-0.539095363188518,0.362101261512963,NA,NA,0.0450498802965776,-0.746523754947244,0.500373079420508,-1.05211196624326,0.254484610900575,9,0.111111111111111,-0.381577579130521,"-0.677417876917918",0.00485066056720181,0.570442931703951
450193,0.153062732968123,-0.0289553238002274,-0.839784303619262,1.70893419797581,-1.08917751517539,0.138000546185346,0.825818824799667,1.50129392844444,0.73378528153448,NA,0.678502559925508,10,0.1,0.378148092923848,"0.654399259960296",0.00485066056720181,0.570442931703951
450194,NA,-0.247811163386385,-2.40601021311567,-0.127656169928072,NA,NA,0.0450498802965776,NA,NA,NA,0.395823927242222,5,0.2,-0.468120747778265,"-0.829130105850676",0.00485066056720181,0.570442931703951
450196,0.0589847524662062,0.12208603028036,0.270451784125024,-0.862292317089623,NA,NA,-2.29725695321269,NA,-2.88410385123207,0.644983189827844,-0.593551287149281,8,0.125,-0.692587331498029,"-1.22262535532159",0.00485066056720181,0.570442931703951
450200,NA,NA,NA,0.60697997723348,NA,NA,0.825818824799667,NA,NA,NA,NA,2,0.5,0.716399401016573,"1.24736183218877",0.00485066056720181,0.570442931703951
450203,-1.92483353203073,-0.0659450431669018,-0.287970533817787,-0.862292317089623,NA,NA,-2.29725695321269,NA,-1.01680623432031,-0.203564388207709,-0.0281940217827077,8,0.125,-0.835857877953557,"-1.473782024101",0.00485066056720181,0.570442931703951
450209,0.623452635477705,0.673849344166587,-0.126061104355078,0.117222545792445,NA,NA,-0.735719064206513,-0.941986162198694,1.08390358470544,NA,1.10252050895044,8,0.125,0.224647786041541,"0.385309578326776",0.00485066056720181,0.570442931703951
450210,NA,1.41672620811397,1.04365191666122,0.362101261512963,NA,NA,NA,NA,NA,NA,0.819841876267148,4,0.25,0.910580315638825,"1.58776558483449",0.00485066056720181,0.570442931703951
450211,-1.28264905643069,0.106673647210912,-0.301187630100457,-0.37253488564859,NA,NA,0.825818824799667,NA,0.383666978363526,NA,-1.44158718519914,7,0.142857142857143,-0.297399901000682,"-0.529852409013187",0.00485066056720181,0.570442931703951
450213,1.17564947755417,-0.173831724653036,0.177932110146334,-0.25009552778833,0.0241164474666027,0.553932905240976,-0.735719064206513,-0.160136533192892,0.850491382591465,NA,-0.169533338124351,10,0.1,0.129280613503443,"0.218128661117003",0.00485066056720181,0.570442931703951
450222,-1.1353965652103,0.612199811888796,-0.872827044325937,-1.10717103281014,NA,NA,0.825818824799667,-0.160136533192892,-0.316569627978388,NA,-2.71364103227392,8,0.125,-0.60846539988789,"-1.07515761238916",0.00485066056720181,0.570442931703951
450229,0.47210979727897,0.738581353058268,0.891655309410518,-3.18864011643454,-0.12432274755233,0.138000546185346,1.60658776930276,0.230788281310009,1.43402188787639,-0.203564388207709,-0.169533338124351,11,0.0909090909090909,0.165971304918485,"0.282448314102175",0.00485066056720181,0.570442931703951
450231,-0.538205906372046,0.310117103727622,0.47531677650641,-0.862292317089623,-0.792299125137527,-0.000643573499865181,0.0450498802965776,-1.72383579120449,0.26696087730654,-2.04208414061807,0.254484610900575,11,0.0909090909090909,-0.418857418653082,"-0.742770320520302",0.00485066056720181,0.570442931703951
450235,NA,NA,0.528185161637091,-0.0052168120678136,NA,NA,NA,NA,NA,NA,-0.452211970807637,3,0.333333333333333,0.0235854595872132,"0.032842547393916",0.00485066056720181,0.570442931703951
450236,0.746163044828031,-0.435842236833646,0.115150902803651,-1.35204974853066,0.6920928250518,-0.277931812870285,0.0450498802965776,NA,0.383666978363526,NA,1.80921709065865,9,0.111111111111111,0.19172410264085,"0.327593579809018",0.00485066056720181,0.570442931703951
450237,-0.0064607991873009,0.25463252467761,0.50175096907175,0.729419335093738,0.840532020070734,0.969865264296607,-0.735719064206513,-0.648792551321519,0.033548675192569,0.0792848044708086,0.819841876267148,11,0.0909090909090909,0.257991186765967,"0.443761351275959",0.00485066056720181,0.570442931703951
450241,NA,NA,0.756180072513149,NA,NA,NA,NA,NA,NA,NA,0.254484610900575,2,0.5,0.505332341706862,"0.877356267075987",0.00485066056720181,0.570442931703951
450253,NA,NA,NA,0.239661903652703,NA,NA,0.825818824799667,NA,NA,NA,-0.876229919832567,3,0.333333333333333,0.0630836028732676,"0.102083730150044",0.00485066056720181,0.570442931703951
450272,-1.78985208174537,0.827973174861064,-0.235102148687106,NA,NA,NA,0.825818824799667,NA,-0.199863526921402,NA,1.10252050895044,6,0.166666666666667,0.0885824585428819,"0.146783829410538",0.00485066056720181,0.570442931703951
450289,NA,-1.74281232112281,NA,0.362101261512963,1.1374104101086,-0.277931812870285,NA,NA,NA,NA,-0.169533338124351,5,0.2,-0.138153160099177,"-0.250689092139711",0.00485066056720181,0.570442931703951
450292,NA,0.747828782899936,-0.337534644877799,0.484540619373221,NA,NA,NA,NA,NA,NA,0.113145294558936,4,0.25,0.251995012988573,"0.43324991631176",0.00485066056720181,0.570442931703951
450324,0.504832573105723,-0.204656490791931,-1.25612283652337,-2.20912525355247,NA,NA,0.825818824799667,0.133057077684283,0.500373079420508,0.644983189827844,-1.58292650154078,9,0.111111111111111,-0.293751815285614,"-0.523457228159302",0.00485066056720181,0.570442931703951
450330,NA,1.37048905890562,-0.268144889393781,0.362101261512963,NA,NA,0.0450498802965776,NA,0.26696087730654,NA,-1.58292650154078,6,0.166666666666667,0.0322549478478565,"0.0480403661042767",0.00485066056720181,0.570442931703951
450346,0.754343738784719,-0.987605550719874,-1.08430058484866,-1.71936782211143,-0.421201137590195,-0.693864171925916,0.0450498802965776,0.523981892187183,0.383666978363526,NA,-1.15890855251585,10,0.1,-0.435820533007993,"-0.772507062641447",0.00485066056720181,0.570442931703951
450347,NA,-0.445089666675315,-0.0897140895777354,-0.494974243508849,NA,NA,0.825818824799667,NA,0.033548675192569,NA,-0.593551287149281,6,0.166666666666667,-0.127326964486491,"-0.231710514247007",0.00485066056720181,0.570442931703951
450351,NA,-1.03384269992822,0.792527087290492,-0.984731674949884,NA,NA,0.0450498802965776,NA,NA,NA,0.254484610900575,5,0.2,-0.185302559278091,"-0.333343108095481",0.00485066056720181,0.570442931703951
450352,-0.832710888812828,0.0881787875275751,-0.595268022389866,0.851858692953996,NA,NA,0.0450498802965776,NA,0.500373079420508,0.503558593488585,-1.72426581788243,8,0.125,-0.145403211924735,"-0.263398605085908",0.00485066056720181,0.570442931703951
450358,-1.0617703196001,-0.0751924730085704,-0.502748348411175,0.974298050814256,-0.272761942571262,2.07901822177829,1.60658776930276,0.133057077684283,0.617079180477497,0.220709400810067,1.10252050895044,11,0.0909090909090909,0.438254284202407,"0.759766840024821",0.00485066056720181,0.570442931703951
450369,NA,NA,1.66155116787605,-0.0052168120678136,NA,NA,NA,NA,0.383666978363526,0.503558593488585,0.678502559925508,5,0.2,0.644412497517171,"1.12116708158616",0.00485066056720181,0.570442931703951
450370,NA,-0.331038031961402,1.59876996053337,-0.739852959229365,NA,NA,0.0450498802965776,NA,NA,NA,0.113145294558936,5,0.2,0.137214828839623,"0.232037528937453",0.00485066056720181,0.570442931703951
450372,NA,-0.722512561925373,0.514968065354421,1.34161612439503,-0.792299125137527,-0.277931812870285,-0.735719064206513,NA,0.967197483648454,NA,-0.876229919832567,8,0.125,-0.072613851321795,"-0.135797128132704",0.00485066056720181,0.570442931703951
450379,NA,-0.556058824775338,-0.902565510961945,NA,NA,NA,0.825818824799667,NA,NA,NA,1.80921709065865,4,0.25,0.29410289493026,"0.507066032879121",0.00485066056720181,0.570442931703951
450388,0.116249610163025,-0.0197078939585588,-0.178929489485758,-1.84180717997169,-0.569640332609128,0.276644665870556,-3.07802589771578,0.719444299438634,-1.36692453749126,0.0792848044708086,-1.15890855251585,11,0.0909090909090909,-0.638392773073183,"-1.12762100797528",0.00485066056720181,0.570442931703951
450389,NA,0.143663366577587,-0.598572296460533,-1.71936782211143,NA,NA,-0.735719064206513,NA,-1.60033673960523,NA,-1.72426581788243,6,0.166666666666667,-1.03909972894809,"-1.83006981328868",0.00485066056720181,0.570442931703951
450395,NA,-1.28352330565327,-0.463097059563165,-0.984731674949884,NA,NA,0.0450498802965776,NA,0.383666978363526,NA,0.678502559925508,6,0.166666666666667,-0.270688770263451,"-0.483027162783135",0.00485066056720181,0.570442931703951
450399,NA,NA,-0.862914222113935,NA,NA,NA,NA,NA,NA,NA,-0.0281940217827077,2,0.5,-0.445554121948321,"-0.789570275102076",0.00485066056720181,0.570442931703951
450400,NA,NA,-0.393707304079147,0.239661903652703,NA,NA,NA,NA,NA,NA,0.113145294558936,3,0.333333333333333,-0.013633368622503,"-0.0324029419288127",0.00485066056720181,0.570442931703951
450403,1.24109502920768,-0.537563965092001,0.495142420930415,1.58649484011555,NA,NA,-0.735719064206513,NA,0.73378528153448,-0.910687369904002,-1.01756923617421,8,0.125,0.106872242051424,"0.178846254049423",0.00485066056720181,0.570442931703951
450419,NA,1.8205306445335,2.65944193721764,-0.739852959229365,NA,NA,NA,NA,0.500373079420508,NA,0.254484610900575,5,0.2,0.898995462568571,"1.56745706241026",0.00485066056720181,0.570442931703951
450422,NA,NA,NA,NA,NA,NA,0.825818824799667,NA,NA,-0.0621397918684502,0.395823927242222,3,0.333333333333333,0.38650098672448,"0.669042081067186",0.00485066056720181,0.570442931703951
450424,-0.0269125340790219,0.784818502266611,0.465403954294408,1.34161612439503,0.0241164474666027,-0.832508291611126,1.60658776930276,0.621713095812908,-0.433275729035377,NA,1.52653845797536,10,0.1,0.507809779678816,"0.881699274648284",0.00485066056720181,0.570442931703951
450431,0.864783107200012,0.569045139294343,-0.40362012629115,-0.617413601369107,NA,NA,-0.735719064206513,1.01263791031581,-2.06716114383317,0.362133997149326,-0.0281940217827077,9,0.111111111111111,-0.115945311502573,"-0.211758206397526",0.00485066056720181,0.570442931703951
450447,NA,0.285457290816506,-0.231797874616439,-0.617413601369107,NA,NA,0.0450498802965776,NA,-0.0831574258644167,-0.627838177225485,-2.289623083249,7,0.142857142857143,-0.502760427315909,"-0.889854286329472",0.00485066056720181,0.570442931703951
450451,NA,NA,-1.50063911775277,-0.127656169928072,NA,NA,NA,NA,NA,NA,0.395823927242222,3,0.333333333333333,-0.410823786812872,"-0.728687173208417",0.00485066056720181,0.570442931703951
450460,NA,NA,1.19564852391193,NA,NA,NA,NA,NA,NA,NA,0.113145294558936,2,0.5,0.654396909235432,"1.13866999233033",0.00485066056720181,0.570442931703951
450462,0.439387021452216,0.809478315177727,0.762788620654484,-0.25009552778833,NA,NA,1.60658776930276,0.621713095812908,1.08390358470544,2.34207834589895,1.66787777431701,9,0.111111111111111,1.00930211105924,"1.76082723558635",0.00485066056720181,0.570442931703951
450465,NA,1.39823134843063,1.85650333804543,0.484540619373221,NA,NA,-0.735719064206513,NA,1.20060968576243,NA,1.10252050895044,6,0.166666666666667,0.884447739392606,"1.54195455836045",0.00485066056720181,0.570442931703951
450469,NA,-0.845811626480955,0.544706531990428,0.362101261512963,NA,NA,NA,NA,0.383666978363526,NA,0.537163243583865,5,0.2,0.196365277793965,"0.335729670020973",0.00485066056720181,0.570442931703951
450475,NA,2.12877830592245,0.904872405693188,-0.25009552778833,NA,NA,NA,NA,NA,NA,0.961181192608791,4,0.25,0.936184094109024,"1.63264961625498",0.00485066056720181,0.570442931703951
450484,0.840241025329947,0.877292800683297,0.445578309870403,-0.617413601369107,NA,NA,-0.735719064206513,-1.23517977307587,0.850491382591465,0.362133997149326,-2.00694445056571,9,0.111111111111111,-0.135502152621418,"-0.246041813103681",0.00485066056720181,0.570442931703951
450489,NA,NA,NA,NA,NA,NA,NA,NA,NA,NA,0.537163243583865,1,1,0.537163243583865,"0.933156593643137",0.00485066056720181,0.570442931703951
450508,NA,-0.599213497369792,-1.38168525120874,-0.127656169928072,NA,NA,0.825818824799667,NA,0.967197483648454,0.220709400810067,-0.593551287149281,7,0.142857142857143,-0.0983400709139558,"-0.180895801746408",0.00485066056720181,0.570442931703951
450518,-1.5894250798065,0.0203643020220052,1.2286912646186,0.974298050814256,NA,NA,0.825818824799667,-0.844254958572969,-0.666687931149345,NA,-0.310872654465994,8,0.125,-0.0452585227175348,"-0.0878425877502895",0.00485066056720181,0.570442931703951
450537,0.31667661210189,0.196065469013709,-0.142582474708416,-1.10717103281014,1.50850839765593,1.24715350366703,-0.735719064206513,0.719444299438634,0.26696087730654,NA,-0.452211970807637,10,0.1,0.181712461665102,"0.31004293553012",0.00485066056720181,0.570442931703951
450539,NA,-0.577636161072565,0.296885976690364,-0.37253488564859,NA,NA,0.0450498802965776,NA,NA,NA,0.819841876267148,5,0.2,0.0423213373065868,"0.0656869857734193",0.00485066056720181,0.570442931703951
450563,-1.22538419873387,1.05915892090278,0.247321865630351,0.362101261512963,NA,NA,0.0450498802965776,NA,-0.316569627978388,-0.627838177225485,-0.0281940217827077,8,0.125,-0.0605442621722224,"-0.114638851855146",0.00485066056720181,0.570442931703951
450565,NA,0.609117335274907,0.865221116845178,0.851858692953996,NA,NA,0.0450498802965776,NA,0.26696087730654,NA,-0.169533338124351,6,0.166666666666667,0.411445760758808,"0.712770862068673",0.00485066056720181,0.570442931703951
450571,0.459838756343937,0.824890698247175,0.524880887566423,-0.127656169928072,1.28584960512753,0.831221144611397,0.825818824799667,-0.941986162198694,-0.900100133263316,-0.344988984546967,0.678502559925508,11,0.0909090909090909,0.283297366062235,"0.48812368428038",0.00485066056720181,0.570442931703951
450573,NA,-0.4789969094281,0.653747576322456,0.117222545792445,NA,NA,NA,NA,0.383666978363526,NA,-0.0281940217827077,5,0.2,0.129489233853524,"0.21849437754276",0.00485066056720181,0.570442931703951
450584,NA,NA,0.680181768887796,-0.0052168120678136,NA,NA,NA,NA,NA,NA,0.254484610900575,3,0.333333333333333,0.309816522573519,"0.534612395135416",0.00485066056720181,0.570442931703951
450587,-0.350049945368213,1.32733438631117,-0.400315852220482,-0.862292317089623,0.0241164474666027,0.415288785555766,0.825818824799667,NA,1.08390358470544,-2.74920712231437,-0.593551287149281,10,0.1,-0.127895449530332,"-0.232707082023109",0.00485066056720181,0.570442931703951
450596,NA,-0.645450646578135,0.399318472881057,-1.59692846425118,NA,NA,-2.29725695321269,NA,0.850491382591465,NA,0.254484610900575,6,0.166666666666667,-0.505890266278151,"-0.895340968323924",0.00485066056720181,0.570442931703951
450597,NA,2.0239741010502,1.33773230895063,0.60697997723348,NA,NA,0.0450498802965776,NA,NA,NA,0.537163243583865,5,0.2,0.910179902222952,"1.58706365061177",0.00485066056720181,0.570442931703951
450604,NA,0.430333691669314,1.12625876842791,0.729419335093738,NA,NA,0.0450498802965776,NA,0.617079180477497,0.786407786167103,0.819841876267148,7,0.142857142857143,0.650627216914184,"1.13206163220921",0.00485066056720181,0.570442931703951
450610,0.148972385989778,0.45499350458043,0.0391525991782978,-0.127656169928072,NA,NA,0.825818824799667,1.01263791031581,1.43402188787639,NA,0.678502559925508,8,0.125,0.558305437842227,"0.970219362034724",0.00485066056720181,0.570442931703951
450617,1.06521010913888,0.0326942084775634,-0.97525954051663,0.484540619373221,NA,NA,-0.735719064206513,1.20810031756726,0.73378528153448,0.503558593488585,-1.72426581788243,9,0.111111111111111,0.0658494118860464,"0.106932259002031",0.00485066056720181,0.570442931703951
450634,-0.554567294285423,-0.522151582022554,-0.49613980026984,-0.127656169928072,-0.346981540080729,0.138000546185346,-0.735719064206513,-0.453330144070068,0.500373079420508,-0.203564388207709,-0.734890603490924,11,0.0909090909090909,-0.321511541905089,"-0.572120687861668",0.00485066056720181,0.570442931703951
450638,NA,-1.08007984913656,-1.02482365157664,-0.494974243508849,NA,NA,0.0450498802965776,NA,NA,NA,-0.876229919832567,5,0.2,-0.686211556751608,"-1.21144847084802",0.00485066056720181,0.570442931703951
450639,-0.0637256568841196,-0.257058593228053,-0.777003096276579,-0.739852959229365,NA,NA,0.825818824799667,0.230788281310009,-0.900100133263316,NA,-0.310872654465994,8,0.125,-0.249000748404719,"-0.445007545651674",0.00485066056720181,0.570442931703951
450641,NA,-2.49493661491186,0.561227902343766,-0.0052168120678136,NA,NA,NA,NA,NA,NA,-1.3002478688575,4,0.25,-0.80979334837335,"-1.42809028504772",0.00485066056720181,0.570442931703951
450643,NA,0.831055651474954,-1.58655024359012,1.21917676653477,NA,NA,0.0450498802965776,NA,0.73378528153448,NA,-1.3002478688575,6,0.166666666666667,-0.00962175543447246,"-0.0253704887856954",0.00485066056720181,0.570442931703951
450644,NA,-2.50418404475353,0.329928717397039,NA,NA,NA,0.0450498802965776,NA,-0.0831574258644167,NA,-0.876229919832567,5,0.2,-0.617718558551379,"-1.09137861917041",0.00485066056720181,0.570442931703951
450647,-0.485031395653572,0.303952150499843,-0.271449163464449,-1.2296103906704,-0.0501031500428634,-0.139287693185075,-0.735719064206513,0.523981892187183,-0.900100133263316,-1.05211196624326,-0.734890603490924,11,0.0909090909090909,-0.433669956139395,"-0.768737050342103",0.00485066056720181,0.570442931703951
450651,0.967041781658617,0.362519206163744,0.290277428549029,-1.35204974853066,NA,NA,-3.85879484221887,0.230788281310009,-0.316569627978388,-0.344988984546967,-2.14828376690736,9,0.111111111111111,-0.685562252500094,"-1.21031022508244",0.00485066056720181,0.570442931703951
450653,NA,1.19787036852781,-1.22308009581669,-0.0052168120678136,NA,NA,NA,NA,NA,NA,-0.169533338124351,4,0.25,-0.0499899693702625,"-0.0961369260438582",0.00485066056720181,0.570442931703951
450654,NA,NA,-0.198755133909764,0.239661903652703,NA,NA,NA,NA,0.150254776249555,NA,-0.169533338124351,4,0.25,0.00540705196703574,"0.000975367331087698",0.00485066056720181,0.570442931703951
450656,-0.697729438527469,1.02216920153611,0.151497917580993,0.362101261512963,NA,NA,-1.5164880087096,NA,0.26696087730654,0.0792848044708086,-1.3002478688575,8,0.125,-0.204056406710895,"-0.366219047809178",0.00485066056720181,0.570442931703951
450658,NA,NA,1.11965022028658,NA,NA,NA,NA,NA,NA,NA,0.961181192608791,2,0.5,1.04041570644768,"1.8153701068522",0.00485066056720181,0.570442931703951
450659,NA,-0.290965835980838,-2.1581896578156,0.484540619373221,NA,NA,0.825818824799667,NA,NA,NA,0.113145294558936,5,0.2,-0.205130151012923,"-0.368101347058326",0.00485066056720181,0.570442931703951
450661,1.27790815201278,1.32425190969728,0.650443302251789,-0.494974243508849,NA,NA,0.825818824799667,NA,0.500373079420508,NA,0.961181192608791,7,0.142857142857143,0.720714602468852,"1.25492648276545",0.00485066056720181,0.570442931703951
450662,0.889325189070077,-1.57327610735889,-0.641527859379211,0.362101261512963,NA,NA,0.0450498802965776,-0.648792551321519,NA,NA,-0.0281940217827077,7,0.142857142857143,-0.227902029851815,"-0.408020991203746",0.00485066056720181,0.570442931703951
450668,1.26972745805609,0.307034627113732,0.204366302711674,-0.494974243508849,NA,NA,0.825818824799667,-2.1147606057074,NA,-0.910687369904002,0.395823927242222,8,0.125,-0.064706384899608,"-0.121935151793429",0.00485066056720181,0.570442931703951
450669,-0.975873033054875,0.2577150012915,0.353058635891712,0.974298050814256,NA,NA,0.0450498802965776,NA,-0.783394032206331,NA,-0.593551287149281,7,0.142857142857143,-0.10324239773092,"-0.189489697024102",0.00485066056720181,0.570442931703951
450670,-0.689548744570781,-0.851976579708734,-0.677874874156554,-0.37253488564859,NA,NA,-1.5164880087096,-0.453330144070068,-0.433275729035377,0.362133997149326,-0.876229919832567,9,0.111111111111111,-0.612124987620327,"-1.08157295655252",0.00485066056720181,0.570442931703951
450672,-3.42599087308305,-0.327955555347513,-1.14047324405001,-0.617413601369107,NA,NA,0.825818824799667,0.230788281310009,-0.666687931149345,-0.486413580886226,-2.71364103227392,9,0.111111111111111,-0.924663190227721,"-1.62945984450785",0.00485066056720181,0.570442931703951
450674,NA,NA,NA,NA,NA,NA,-0.735719064206513,NA,NA,NA,0.395823927242222,2,0.5,-0.169947568482145,"-0.306425444745565",0.00485066056720181,0.570442931703951
450675,-0.79589776600773,-0.183079154494704,-1.14047324405001,NA,NA,NA,-0.735719064206513,-0.746523754947244,0.500373079420508,NA,-1.72426581788243,7,0.142857142857143,-0.689369388881159,"-1.21698422552924",0.00485066056720181,0.570442931703951
450677,-1.42172085369439,0.365601682777633,0.372884280315717,0.60697997723348,NA,NA,-0.735719064206513,NA,-2.06716114383317,NA,1.10252050895044,7,0.142857142857143,-0.25380208749383,"-0.453424407045274",0.00485066056720181,0.570442931703951
450678,NA,-0.383440134397524,-2.18131957631027,NA,NA,NA,NA,NA,-0.199863526921402,NA,-2.00694445056571,4,0.25,-1.19289192204873,"-2.09967117839149",0.00485066056720181,0.570442931703951
450684,0.652085064326114,-0.774914664361496,-0.777003096276579,-0.37253488564859,NA,NA,-1.5164880087096,NA,0.73378528153448,NA,-0.0281940217827077,7,0.142857142857143,-0.297609190131197,"-0.530219297826921",0.00485066056720181,0.570442931703951
450686,-0.170074678321069,-1.27119339919771,-0.0599756229417277,-0.739852959229365,-1.53449510023219,-0.416575932555496,-1.5164880087096,-0.844254958572969,-1.01680623432031,NA,0.537163243583865,10,0.1,-0.703255365049657,"-1.24132667136693",0.00485066056720181,0.570442931703951
450688,NA,2.12569582930856,-0.519269718764513,0.484540619373221,NA,NA,NA,NA,-1.71704284066222,NA,0.254484610900575,5,0.2,0.125681700031125,"0.211819680371871",0.00485066056720181,0.570442931703951
450690,NA,0.152910796419255,1.38399214593998,-0.127656169928072,-0.495420735099661,0.692577024926186,NA,NA,0.26696087730654,NA,0.678502559925508,7,0.142857142857143,0.364552357069962,"0.630565612283612",0.00485066056720181,0.570442931703951
450694,NA,-0.429677283605867,1.79702640477342,-0.127656169928072,NA,NA,NA,NA,NA,NA,0.395823927242222,4,0.25,0.408879219620425,"0.708271654530565",0.00485066056720181,0.570442931703951
450698,NA,NA,NA,NA,NA,NA,NA,NA,NA,NA,NA,0,NA,NA,"NaN",0.00485066056720181,0.570442931703951
450702,-2.18661573864476,0.72316896998882,0.359667184033047,1.34161612439503,NA,NA,0.825818824799667,-0.844254958572969,0.967197483648454,0.220709400810067,-1.3002478688575,9,0.111111111111111,0.0118954912888738,"0.0123497554797088",0.00485066056720181,0.570442931703951
450709,-1.66714167239504,-0.395770040853082,-0.311100452312459,1.21917676653477,-0.495420735099661,0.415288785555766,0.825818824799667,NA,1.31731578681941,NA,-0.310872654465994,9,0.111111111111111,0.0663660676203748,"0.107837968768274",0.00485066056720181,0.570442931703951
450711,NA,0.476570840877657,-0.132669652496413,-0.25009552778833,NA,NA,0.0450498802965776,NA,NA,NA,1.10252050895044,5,0.2,0.248275209967986,"0.426729013318929",0.00485066056720181,0.570442931703951
450713,-0.215068495082855,0.784818502266611,0.250626139701019,0.60697997723348,-2.49934986785525,-0.277931812870285,-0.735719064206513,0.621713095812908,-1.01680623432031,-0.203564388207709,-0.310872654465994,11,0.0909090909090909,-0.272288618363172,"-0.485831734477875",0.00485066056720181,0.570442931703951
450718,1.2247336412943,0.340941869866517,0.528185161637091,0.484540619373221,NA,NA,-1.5164880087096,-0.453330144070068,0.500373079420508,NA,-0.0281940217827077,8,0.125,0.135095274628658,"0.22832190009333",0.00485066056720181,0.570442931703951
450723,-0.0800870447974964,-1.14789433464213,-0.823262933265925,0.484540619373221,NA,NA,0.0450498802965776,0.230788281310009,0.033548675192569,NA,-0.734890603490924,8,0.125,-0.249025932503012,"-0.445051693973783",0.00485066056720181,0.570442931703951
450730,NA,1.07148882735834,-0.119452556213743,NA,NA,NA,0.0450498802965776,NA,NA,0.362133997149326,-2.14828376690736,5,0.2,-0.157812723663372,"-0.28515277373091",0.00485066056720181,0.570442931703951
450742,0.930228658853519,-0.038202753641896,0.277060332266359,-1.35204974853066,NA,NA,-0.735719064206513,NA,-0.549981830092359,0.786407786167103,-0.876229919832567,8,0.125,-0.194810817377126,"-0.350011310242598",0.00485066056720181,0.570442931703951
450743,1.17973982453252,0.868045370841628,0.379492828457052,-0.37253488564859,NA,NA,0.0450498802965776,0.0353258740585582,0.500373079420508,NA,0.678502559925508,8,0.125,0.41424931648547,"0.717685561806099",0.00485066056720181,0.570442931703951
450747,NA,-0.0536151367113437,-0.0500628007297252,-0.494974243508849,NA,NA,0.0450498802965776,NA,-1.8337489417192,NA,-0.734890603490924,6,0.166666666666667,-0.520373640977244,"-0.920730667966323",0.00485066056720181,0.570442931703951
450755,NA,NA,1.60868278274537,NA,NA,NA,NA,NA,NA,NA,0.537163243583865,2,0.5,1.07292301316462,"1.87235618715971",0.00485066056720181,0.570442931703951
450771,-2.92696854172506,0.214560328697046,-0.211972230192434,0.974298050814256,NA,NA,0.825818824799667,1.01263791031581,0.150254776249555,1.63495536420266,0.113145294558936,9,0.111111111111111,0.198525530857826,"0.339516644920299",0.00485066056720181,0.570442931703951
450774,NA,NA,NA,-0.127656169928072,NA,NA,0.825818824799667,NA,NA,-0.0621397918684502,0.819841876267148,4,0.25,0.363966184817573,"0.629538038411081",0.00485066056720181,0.570442931703951
450775,-0.440037578891785,0.384096542460971,-0.0930183636484029,0.362101261512963,NA,NA,-0.735719064206513,-1.33291097670159,1.55072798893338,-0.203564388207709,-1.15890855251585,9,0.111111111111111,-0.18524812569606,"-0.333247684734079",0.00485066056720181,0.570442931703951
450779,-0.648645274787339,0.350189299708186,0.633921931898451,0.362101261512963,NA,NA,1.60658776930276,NA,0.500373079420508,0.220709400810067,1.66787777431701,8,0.125,0.586639405272825,"1.01988947950986",0.00485066056720181,0.570442931703951
450788,0.255321407426727,1.01908672492222,0.442274035799735,0.729419335093738,0.0983360449760701,-0.139287693185075,0.0450498802965776,-2.21249180933312,0.850491382591465,NA,0.678502559925508,10,0.1,0.176670186851384,"0.301203708092142",0.00485066056720181,0.570442931703951
450801,-0.861343317661237,-0.0474501834835646,-0.132669652496413,-0.862292317089623,-0.346981540080729,1.38579762335224,0.825818824799667,0.0353258740585582,0.500373079420508,0.927832382506361,0.254484610900575,11,0.0909090909090909,0.152626853111485,"0.259055173324466",0.00485066056720181,0.570442931703951
450804,NA,NA,NA,NA,NA,NA,2.38735671380585,NA,NA,2.90777673125598,1.24385982529208,3,0.333333333333333,2.1796644234513,"3.81250015034421",0.00485066056720181,0.570442931703951
450808,NA,NA,NA,0.60697997723348,NA,NA,-1.5164880087096,NA,NA,NA,0.819841876267148,3,0.333333333333333,-0.0298887184029915,"-0.0608989559506408",0.00485066056720181,0.570442931703951
450809,-0.309146475584771,1.1701280790028,-0.667962051944551,-0.617413601369107,NA,NA,-1.5164880087096,NA,0.033548675192569,-0.486413580886226,0.819841876267148,8,0.125,-0.196738136003967,"-0.353389945544614",0.00485066056720181,0.570442931703951
450820,-0.820439847877795,0.316282056955401,0.640530480039786,-1.2296103906704,-2.35091067283632,-0.000643573499865181,1.60658776930276,0.230788281310009,-0.0831574258644167,-1.47638575526104,0.537163243583865,11,0.0909090909090909,-0.23907234861982,"-0.427602825156247",0.00485066056720181,0.570442931703951
450822,NA,0.226890235152604,-0.185538037627093,0.362101261512963,NA,NA,0.0450498802965776,NA,0.150254776249555,NA,0.395823927242222,6,0.166666666666667,0.165763673804471,"0.282084331830726",0.00485066056720181,0.570442931703951
450825,NA,NA,NA,NA,NA,NA,0.0450498802965776,NA,NA,NA,NA,1,1,0.0450498802965776,"0.0704701864028678",0.00485066056720181,0.570442931703951
450827,NA,NA,1.39060069408131,NA,NA,NA,0.0450498802965776,NA,NA,NA,0.819841876267148,3,0.333333333333333,0.751830816881679,"1.30947394524321",0.00485066056720181,0.570442931703951
450828,NA,2.05788134380299,-0.532486815047183,0.362101261512963,NA,NA,NA,NA,NA,NA,0.819841876267148,4,0.25,0.676834416633979,"1.17800347540378",0.00485066056720181,0.570442931703951
450831,NA,NA,NA,NA,NA,NA,NA,NA,NA,NA,NA,0,NA,NA,"NaN",0.00485066056720181,0.570442931703951
450833,NA,NA,-2.12184264303826,0.851858692953996,NA,NA,0.0450498802965776,NA,NA,NA,0.254484610900575,4,0.25,-0.242612364721778,"-0.433808557413081",0.00485066056720181,0.570442931703951
450834,NA,NA,NA,NA,NA,NA,0.0450498802965776,NA,NA,0.503558593488585,-0.169533338124351,3,0.333333333333333,0.126358378553604,"0.213005913884235",0.00485066056720181,0.570442931703951
450840,1.13474600777073,0.824890698247175,0.597574917121109,-0.25009552778833,NA,NA,0.0450498802965776,NA,0.383666978363526,-0.627838177225485,0.537163243583865,8,0.125,0.330644752546146,"0.571124776681474",0.00485066056720181,0.570442931703951
450844,-0.411405150043376,0.270044907747058,-0.175625215415091,2.3211309872771,-2.20247147781739,1.24715350366703,1.60658776930276,-0.257867736818618,-0.199863526921402,NA,0.254484610900575,10,0.1,0.245216867187864,"0.421367665828855",0.00485066056720181,0.570442931703951
450847,-0.812259153921107,-0.0505326600974541,0.904872405693188,-0.25009552778833,NA,NA,-0.735719064206513,NA,1.08390358470544,NA,-0.310872654465994,7,0.142857142857143,-0.0243861528686816,"-0.0512528279534486",0.00485066056720181,0.570442931703951
450848,1.22882398827265,-0.47591443281421,0.257234687842354,-2.45400396927299,NA,NA,-0.735719064206513,NA,0.033548675192569,NA,-1.58292650154078,7,0.142857142857143,-0.532708088075275,"-0.942353246514517",0.00485066056720181,0.570442931703951
450851,-0.509573477523637,-0.207738967405821,NA,NA,NA,NA,0.0450498802965776,NA,NA,NA,-0.310872654465994,4,0.25,-0.245783804774718,"-0.439368167107021",0.00485066056720181,0.570442931703951
450853,NA,NA,NA,-1.35204974853066,NA,NA,-1.5164880087096,NA,NA,-0.486413580886226,-0.169533338124351,4,0.25,-0.881121169062709,"-1.55312964783954",0.00485066056720181,0.570442931703951
450855,-1.4135401597377,0.701591633691593,1.22538699054794,NA,NA,NA,0.0450498802965776,-0.0624053295671671,0.617079180477497,0.362133997149326,0.537163243583865,8,0.125,0.251557429555241,"0.432482822166118",0.00485066056720181,0.570442931703951
450856,NA,NA,NA,NA,NA,NA,0.825818824799667,NA,NA,1.21068157518488,0.819841876267148,3,0.333333333333333,0.952114092083898,"1.66057528083862",0.00485066056720181,0.570442931703951
450860,NA,NA,NA,-0.127656169928072,NA,NA,0.0450498802965776,NA,NA,0.220709400810067,NA,3,0.333333333333333,0.0460343703928578,"0.0721960209106939",0.00485066056720181,0.570442931703951
450862,-0.787717072051042,0.393343972302639,0.452186858011738,-1.35204974853066,-0.718079527628061,-0.000643573499865181,-0.735719064206513,-0.746523754947244,0.26696087730654,NA,0.537163243583865,10,0.1,-0.26910777896586,"-0.480255647510137",0.00485066056720181,0.570442931703951
450864,NA,NA,NA,NA,NA,NA,0.825818824799667,NA,NA,1.35210617152414,2.23323503968358,3,0.333333333333333,1.47038667866913,"2.56911942746713",0.00485066056720181,0.570442931703951
450865,NA,NA,0.194453480499671,NA,NA,NA,NA,NA,NA,NA,0.254484610900575,2,0.5,0.224469045700123,"0.384996242265474",0.00485066056720181,0.570442931703951
450867,NA,-0.750254851450379,-0.420141496644487,-0.0052168120678136,NA,NA,0.0450498802965776,NA,-0.316569627978388,-0.203564388207709,0.819841876267148,7,0.142857142857143,-0.118693631397865,"-0.216576076411415",0.00485066056720181,0.570442931703951
450869,-1.29492009736572,0.593704952205459,0.36958000624505,-0.739852959229365,-1.75715389276059,0.276644665870556,1.60658776930276,0.0353258740585582,0.617079180477497,-0.910687369904002,-0.876229919832567,11,0.0909090909090909,-0.18908379917567,"-0.339971711392017",0.00485066056720181,0.570442931703951
450872,NA,NA,NA,-0.984731674949884,NA,NA,0.825818824799667,NA,NA,NA,0.254484610900575,3,0.333333333333333,0.0318572535834528,"0.0473431986186252",0.00485066056720181,0.570442931703951
450874,NA,NA,NA,NA,NA,NA,0.0450498802965776,NA,NA,-1.90065954427881,0.113145294558936,3,0.333333333333333,-0.580821456474433,"-1.02669712339531",0.00485066056720181,0.570442931703951
450875,NA,NA,NA,NA,NA,NA,0.0450498802965776,NA,NA,-0.769262773564744,0.961181192608791,3,0.333333333333333,0.0789894331135417,"0.129967028121257",0.00485066056720181,0.570442931703951
450876,-1.02904754377335,-0.247811163386385,1.3509494052333,-1.10717103281014,NA,NA,0.0450498802965776,-1.23517977307587,0.850491382591465,NA,-0.593551287149281,8,0.125,-0.24578376650921,"-0.439368100026676",0.00485066056720181,0.570442931703951
450880,NA,NA,NA,NA,NA,NA,0.0450498802965776,NA,NA,0.0792848044708086,0.254484610900575,3,0.333333333333333,0.126273098555987,"0.212856416024103",0.00485066056720181,0.570442931703951
450883,NA,NA,NA,NA,NA,NA,0.825818824799667,NA,NA,0.927832382506361,0.537163243583865,3,0.333333333333333,0.763604816963298,"1.33011404686819",0.00485066056720181,0.570442931703951
450885,NA,0.439581121510982,0.316711621114369,1.21917676653477,NA,NA,0.825818824799667,NA,-0.666687931149345,NA,1.52653845797536,6,0.166666666666667,0.610189810130968,"1.06117389824707",0.00485066056720181,0.570442931703951
450888,NA,NA,NA,NA,NA,NA,0.825818824799667,NA,NA,-1.05211196624326,-0.0281940217827077,3,0.333333333333333,-0.0848290544087666,"-0.157210669098992",0.00485066056720181,0.570442931703951
450889,NA,NA,NA,NA,NA,NA,0.825818824799667,NA,NA,0.362133997149326,0.537163243583865,3,0.333333333333333,0.575038688510953,"0.999553147657666",0.00485066056720181,0.570442931703951
450890,NA,0.667684390938808,0.0622825176729705,-0.862292317089623,NA,NA,0.0450498802965776,NA,-0.666687931149345,-1.33496115892178,-0.169533338124351,7,0.142857142857143,-0.322636850910963,"-0.57409338126066",0.00485066056720181,0.570442931703951
450891,NA,NA,NA,-0.127656169928072,NA,NA,0.825818824799667,NA,NA,NA,-0.0281940217827077,3,0.333333333333333,0.223322877696296,"0.382986982547936",0.00485066056720181,0.570442931703951
450893,0.292134530231825,0.146745843191476,NA,NA,NA,NA,-0.735719064206513,1.50129392844444,NA,NA,-0.0281940217827077,5,0.2,0.235252243175703,"0.403899443403176",0.00485066056720181,0.570442931703951
451300,NA,NA,NA,NA,NA,NA,NA,NA,NA,NA,NA,0,NA,NA,"NaN",0.00485066056720181,0.570442931703951
451301,NA,NA,NA,NA,NA,NA,NA,NA,NA,NA,NA,0,NA,NA,"NaN",0.00485066056720181,0.570442931703951
451303,NA,NA,NA,0.117222545792445,NA,NA,NA,NA,NA,NA,0.254484610900575,2,0.5,0.18585357834651,"0.317302411371178",0.00485066056720181,0.570442931703951
451304,NA,NA,NA,NA,NA,NA,NA,NA,NA,NA,NA,0,NA,NA,"NaN",0.00485066056720181,0.570442931703951
451305,NA,NA,NA,NA,NA,NA,NA,NA,NA,NA,NA,0,NA,NA,"NaN",0.00485066056720181,0.570442931703951
451306,NA,NA,NA,NA,NA,NA,NA,NA,NA,NA,-0.310872654465994,1,1,-0.310872654465994,"-0.553470465643442",0.00485066056720181,0.570442931703951
451307,NA,NA,NA,NA,NA,NA,NA,NA,NA,NA,NA,0,NA,NA,"NaN",0.00485066056720181,0.570442931703951
451308,NA,NA,NA,NA,NA,NA,NA,NA,NA,NA,0.113145294558936,1,1,0.113145294558936,"0.189843063999847",0.00485066056720181,0.570442931703951
451310,NA,NA,NA,NA,NA,NA,NA,NA,NA,NA,-0.593551287149281,1,1,-0.593551287149281,"-1.04901281873897",0.00485066056720181,0.570442931703951
451311,NA,NA,NA,NA,NA,NA,NA,NA,NA,NA,0.537163243583865,1,1,0.537163243583865,"0.933156593643137",0.00485066056720181,0.570442931703951
451312,NA,NA,NA,-0.0052168120678136,NA,NA,NA,NA,NA,NA,NA,1,1,-0.0052168120678136,"-0.017648518502882",0.00485066056720181,0.570442931703951
451313,NA,NA,NA,NA,NA,NA,NA,NA,NA,NA,NA,0,NA,NA,"NaN",0.00485066056720181,0.570442931703951
451314,NA,NA,NA,NA,NA,NA,NA,NA,NA,NA,NA,0,NA,NA,"NaN",0.00485066056720181,0.570442931703951
451315,NA,NA,1.60868278274537,NA,NA,NA,NA,NA,NA,NA,-0.169533338124351,2,0.5,0.719574722310509,"1.2529282457903",0.00485066056720181,0.570442931703951
451316,NA,NA,NA,NA,NA,NA,NA,NA,NA,NA,NA,0,NA,NA,"NaN",0.00485066056720181,0.570442931703951
451317,NA,NA,NA,NA,NA,NA,NA,NA,NA,NA,NA,0,NA,NA,"NaN",0.00485066056720181,0.570442931703951
451318,NA,NA,NA,NA,NA,NA,NA,NA,NA,NA,NA,0,NA,NA,"NaN",0.00485066056720181,0.570442931703951
451319,NA,NA,1.50625028655468,-2.20912525355247,NA,NA,0.825818824799667,NA,NA,NA,0.254484610900575,4,0.25,0.094357117175612,"0.156906943067992",0.00485066056720181,0.570442931703951
451320,NA,NA,NA,NA,NA,NA,NA,NA,NA,NA,NA,0,NA,NA,"NaN",0.00485066056720181,0.570442931703951
451322,NA,NA,NA,NA,NA,NA,NA,NA,NA,NA,NA,0,NA,NA,"NaN",0.00485066056720181,0.570442931703951
451323,NA,-0.956780784580978,1.78050503442008,-0.127656169928072,NA,NA,NA,NA,NA,NA,0.819841876267148,4,0.25,0.378977489044544,"0.655853211047425",0.00485066056720181,0.570442931703951
451324,NA,NA,NA,NA,NA,NA,NA,NA,NA,NA,NA,0,NA,NA,"NaN",0.00485066056720181,0.570442931703951
451325,NA,NA,NA,NA,NA,NA,NA,NA,NA,NA,NA,0,NA,NA,"NaN",0.00485066056720181,0.570442931703951
451328,NA,NA,NA,NA,NA,NA,NA,NA,NA,NA,NA,0,NA,NA,"NaN",0.00485066056720181,0.570442931703951
451329,NA,NA,NA,NA,NA,NA,NA,NA,NA,NA,NA,0,NA,NA,"NaN",0.00485066056720181,0.570442931703951
451330,NA,NA,NA,1.09673740867451,NA,NA,NA,NA,NA,NA,-0.310872654465994,2,0.5,0.39293237710426,"0.680316461066198",0.00485066056720181,0.570442931703951
451331,NA,NA,NA,NA,NA,NA,NA,NA,NA,NA,-0.0281940217827077,1,1,-0.0281940217827077,"-0.0579281125479159",0.00485066056720181,0.570442931703951
451332,NA,NA,NA,NA,NA,NA,NA,NA,NA,NA,NA,0,NA,NA,"NaN",0.00485066056720181,0.570442931703951
451333,NA,NA,NA,NA,NA,NA,NA,NA,NA,NA,-0.0281940217827077,1,1,-0.0281940217827077,"-0.0579281125479159",0.00485066056720181,0.570442931703951
451334,NA,NA,NA,NA,NA,NA,NA,NA,NA,NA,-0.0281940217827077,1,1,-0.0281940217827077,"-0.0579281125479159",0.00485066056720181,0.570442931703951
451335,NA,NA,NA,NA,NA,NA,NA,NA,NA,NA,NA,0,NA,NA,"NaN",0.00485066056720181,0.570442931703951
451337,NA,NA,-2.77278463495976,NA,NA,NA,NA,NA,NA,NA,-0.310872654465994,2,0.5,-1.54182864471288,"-2.71136553600559",0.00485066056720181,0.570442931703951
451338,NA,NA,NA,NA,NA,NA,NA,NA,NA,NA,NA,0,NA,NA,"NaN",0.00485066056720181,0.570442931703951
451340,NA,NA,NA,NA,NA,NA,NA,NA,NA,NA,NA,0,NA,NA,"NaN",0.00485066056720181,0.570442931703951
451341,NA,NA,NA,NA,NA,NA,NA,NA,NA,NA,0.395823927242222,1,1,0.395823927242222,"0.685385417095374",0.00485066056720181,0.570442931703951
451342,NA,NA,NA,NA,NA,NA,NA,NA,NA,NA,0.254484610900575,1,1,0.254484610900575,"0.437614240547604",0.00485066056720181,0.570442931703951
451343,NA,NA,0.88835103533985,NA,NA,NA,NA,NA,NA,NA,-0.169533338124351,2,0.5,0.35940884860775,"0.621548919856819",0.00485066056720181,0.570442931703951
451344,NA,NA,-2.61417947956772,NA,NA,NA,NA,NA,NA,NA,-0.452211970807637,2,0.5,-1.53319572518768,"-2.6962318231565",0.00485066056720181,0.570442931703951
451346,NA,-0.290965835980838,0.980870709318541,0.117222545792445,NA,NA,NA,NA,0.73378528153448,NA,0.819841876267148,5,0.2,0.472150915386355,"0.819188439101693",0.00485066056720181,0.570442931703951
451347,NA,-0.528316535250333,0.0887167102383106,0.239661903652703,NA,NA,NA,NA,NA,NA,-0.734890603490924,4,0.25,-0.233707131212561,"-0.418197471686037",0.00485066056720181,0.570442931703951
451349,NA,NA,NA,NA,NA,NA,NA,NA,NA,NA,NA,0,NA,NA,"NaN",0.00485066056720181,0.570442931703951
451350,NA,NA,NA,NA,NA,NA,NA,NA,NA,NA,NA,0,NA,NA,"NaN",0.00485066056720181,0.570442931703951
451351,NA,NA,NA,NA,NA,NA,NA,NA,NA,NA,-0.452211970807637,1,1,-0.452211970807637,"-0.801241642191206",0.00485066056720181,0.570442931703951
451352,NA,NA,NA,NA,NA,NA,NA,NA,NA,NA,NA,0,NA,NA,"NaN",0.00485066056720181,0.570442931703951
451353,NA,NA,NA,NA,NA,NA,NA,NA,NA,NA,NA,0,NA,NA,"NaN",0.00485066056720181,0.570442931703951
451354,NA,NA,-0.591963748319198,NA,NA,NA,NA,NA,NA,NA,-0.734890603490924,2,0.5,-0.663427175905061,"-1.17150691038641",0.00485066056720181,0.570442931703951
451355,NA,NA,NA,NA,NA,NA,NA,NA,NA,NA,-0.310872654465994,1,1,-0.310872654465994,"-0.553470465643442",0.00485066056720181,0.570442931703951
451356,NA,1.42905611456952,0.670268946675794,-0.984731674949884,NA,NA,NA,NA,NA,NA,-0.0281940217827077,4,0.25,0.271599841128182,"0.467617645404392",0.00485066056720181,0.570442931703951
451359,NA,NA,1.72433237521873,NA,NA,NA,NA,NA,NA,NA,0.254484610900575,2,0.5,0.989408493059654,"1.72595325101411",0.00485066056720181,0.570442931703951
451361,NA,NA,1.5954656864627,NA,NA,NA,NA,NA,NA,NA,0.395823927242222,2,0.5,0.995644806852461,"1.73688565712558",0.00485066056720181,0.570442931703951
451362,NA,NA,1.17582287948792,NA,NA,NA,NA,NA,NA,NA,0.113145294558936,2,0.5,0.64448408702343,"1.12129257968996",0.00485066056720181,0.570442931703951
451363,NA,NA,NA,0.484540619373221,NA,NA,NA,NA,NA,NA,-0.452211970807637,2,0.5,0.016164324282792,"0.0198331210482274",0.00485066056720181,0.570442931703951
451364,NA,NA,NA,NA,NA,NA,NA,NA,NA,NA,NA,0,NA,NA,"NaN",0.00485066056720181,0.570442931703951
451365,NA,1.76504606548348,0.977566435247873,-0.617413601369107,NA,NA,-0.735719064206513,NA,NA,-0.910687369904002,0.395823927242222,6,0.166666666666667,0.145769398748993,"0.247033893050191",0.00485066056720181,0.570442931703951
451367,NA,1.05915892090278,0.326624443326372,0.117222545792445,NA,NA,NA,NA,-0.316569627978388,NA,0.678502559925508,5,0.2,0.372987768393743,"0.64535308856732",0.00485066056720181,0.570442931703951
451369,NA,NA,NA,NA,NA,NA,NA,NA,NA,NA,-0.452211970807637,1,1,-0.452211970807637,"-0.801241642191206",0.00485066056720181,0.570442931703951
451370,NA,NA,-3.09990776795585,NA,NA,NA,NA,NA,NA,NA,-0.0281940217827077,2,0.5,-1.56405089486928,"-2.75032166802394",0.00485066056720181,0.570442931703951
451371,NA,NA,1.68798536044139,NA,NA,NA,NA,NA,NA,NA,1.10252050895044,2,0.5,1.39525293469591,"2.43740819081672",0.00485066056720181,0.570442931703951
451372,NA,NA,NA,NA,NA,NA,NA,NA,NA,NA,NA,0,NA,NA,"NaN",0.00485066056720181,0.570442931703951
451373,NA,NA,-1.77819813968884,NA,NA,NA,NA,NA,NA,NA,-0.310872654465994,2,0.5,-1.04453539707742,"-1.83959866854697",0.00485066056720181,0.570442931703951
451374,NA,NA,1.48972891620134,-0.739852959229365,NA,NA,NA,NA,NA,NA,0.395823927242222,3,0.333333333333333,0.381899961404732,"0.66097637446617",0.00485066056720181,0.570442931703951
451375,NA,NA,NA,NA,NA,NA,NA,NA,NA,NA,0.254484610900575,1,1,0.254484610900575,"0.437614240547604",0.00485066056720181,0.570442931703951
451376,NA,0.00803439556644707,0.977566435247873,NA,NA,NA,NA,NA,NA,NA,0.819841876267148,3,0.333333333333333,0.601814235693823,"1.04649131744599",0.00485066056720181,0.570442931703951
451377,NA,-0.149171911741919,-0.588659474248531,NA,NA,NA,NA,NA,NA,NA,-1.01756923617421,3,0.333333333333333,-0.585133540721553,"-1.03425630943736",0.00485066056720181,0.570442931703951
451378,NA,NA,0.0457611473196329,0.484540619373221,NA,NA,NA,NA,NA,NA,0.113145294558936,3,0.333333333333333,0.214482353750597,"0.367489334221762",0.00485066056720181,0.570442931703951
451379,NA,NA,0.148193643510326,NA,NA,NA,NA,NA,NA,0.503558593488585,-0.452211970807637,3,0.333333333333333,0.0665134220637579,"0.108096284605307",0.00485066056720181,0.570442931703951
451380,NA,0.211477852083157,0.429056939517065,0.851858692953996,NA,NA,-3.07802589771578,NA,0.73378528153448,NA,0.254484610900575,6,0.166666666666667,-0.0995604201210848,"-0.183035102874189",0.00485066056720181,0.570442931703951
451381,NA,NA,NA,0.362101261512963,NA,NA,NA,NA,NA,NA,NA,1,1,0.362101261512963,"0.626268783590026",0.00485066056720181,0.570442931703951
451382,NA,-0.0875223794641286,1.25842973125461,-0.617413601369107,NA,NA,NA,NA,0.383666978363526,NA,-0.734890603490924,5,0.2,0.0404540250587958,"0.0624135430782609",0.00485066056720181,0.570442931703951
451384,NA,NA,0.386101376598387,NA,NA,NA,NA,NA,NA,NA,-0.452211970807637,2,0.5,-0.033055297104625,"-0.0664500435803443",0.00485066056720181,0.570442931703951
451385,NA,NA,1.2088656201946,NA,NA,NA,NA,NA,NA,NA,0.113145294558936,2,0.5,0.661005457376768,"1.15025493409058",0.00485066056720181,0.570442931703951
451386,NA,-0.229316303703047,0.709920235523804,0.362101261512963,NA,NA,0.0450498802965776,NA,NA,NA,-0.734890603490924,5,0.2,0.0305728940278747,"0.0450916858305859",0.00485066056720181,0.570442931703951
451387,NA,0.208395375469267,0.300190250761032,-1.35204974853066,0.172555642485536,0.276644665870556,NA,NA,-0.316569627978388,0.0792848044708086,0.395823927242222,8,0.125,-0.0294655887762031,"-0.0601571996709645",0.00485066056720181,0.570442931703951
451389,NA,NA,NA,NA,NA,NA,NA,NA,NA,NA,NA,0,NA,NA,"NaN",0.00485066056720181,0.570442931703951
451390,NA,NA,NA,NA,NA,NA,NA,NA,NA,NA,NA,0,NA,NA,"NaN",0.00485066056720181,0.570442931703951
451391,NA,NA,NA,NA,NA,NA,NA,NA,NA,NA,-0.169533338124351,1,1,-0.169533338124351,"-0.305699289095679",0.00485066056720181,0.570442931703951
451392,NA,NA,-0.0533670748003927,-0.739852959229365,NA,NA,NA,NA,NA,NA,0.254484610900575,3,0.333333333333333,-0.179578474376394,"-0.323308651389008",0.00485066056720181,0.570442931703951
451393,NA,NA,NA,-0.0052168120678136,NA,NA,NA,NA,NA,NA,NA,1,1,-0.0052168120678136,"-0.017648518502882",0.00485066056720181,0.570442931703951
451394,NA,NA,NA,NA,NA,NA,NA,NA,NA,NA,NA,0,NA,NA,"NaN",0.00485066056720181,0.570442931703951
451395,NA,0.362519206163744,0.181236384217001,-0.0052168120678136,NA,NA,NA,NA,0.26696087730654,NA,-0.169533338124351,5,0.2,0.127193263499024,"0.214469487011395",0.00485066056720181,0.570442931703951
451396,NA,NA,NA,NA,NA,NA,NA,NA,NA,NA,NA,0,NA,NA,"NaN",0.00485066056720181,0.570442931703951
451397,NA,-1.11090461527546,1.2088656201946,-0.494974243508849,NA,NA,NA,NA,NA,NA,0.961181192608791,4,0.25,0.141041988504772,"0.238746630676547",0.00485066056720181,0.570442931703951
451398,NA,NA,NA,-0.494974243508849,NA,NA,NA,NA,NA,NA,NA,1,1,-0.494974243508849,"-0.876204921293425",0.00485066056720181,0.570442931703951
451399,NA,NA,-0.476314155845835,NA,NA,NA,NA,NA,NA,NA,0.395823927242222,2,0.5,-0.0402451143018066,"-0.0790539637931955",0.00485066056720181,0.570442931703951
460001,1.03657768029047,0.7879009788805,0.273756058195692,-1.84180717997169,0.0983360449760701,0.415288785555766,0.0450498802965776,1.69675633569588,NA,-0.203564388207709,2.37457435602522,10,0.1,0.468286855173678,"0.812414649826867",0.00485066056720181,0.570442931703951
460003,NA,NA,1.43025198292932,0.117222545792445,NA,NA,0.825818824799667,NA,NA,-0.910687369904002,0.678502559925508,5,0.2,0.428221708708588,"0.742179497038817",0.00485066056720181,0.570442931703951
460004,0.116249610163025,1.42597363795563,0.584357820838438,1.09673740867451,0.9147516175802,-0.693864171925916,0.825818824799667,1.01263791031581,0.73378528153448,1.35210617152414,2.09189572334194,11,0.0909090909090909,0.860040894072902,"1.49916877916462",0.00485066056720181,0.570442931703951
460005,-0.210978148104511,0.532055419927668,1.20556134612393,NA,NA,NA,0.0450498802965776,-0.257867736818618,NA,-0.486413580886226,0.537163243583865,7,0.142857142857143,0.194938632017527,"0.333228726110288",0.00485066056720181,0.570442931703951
460006,NA,1.41056125488619,0.858612568703842,0.851858692953996,1.8053867876938,1.10850938398182,0.0450498802965776,NA,0.73378528153448,0.927832382506361,1.52653845797536,9,0.111111111111111,1.02979274339249,"1.79674780045695",0.00485066056720181,0.570442931703951
460007,NA,1.20403532175559,1.81024350105609,0.60697997723348,1.73116719018433,-0.000643573499865181,-2.29725695321269,NA,NA,NA,0.113145294558936,7,0.142857142857143,0.452524394010838,"0.784782681251576",0.00485066056720181,0.570442931703951
460009,-0.628193539895618,1.13313835963613,1.13286731656925,0.484540619373221,1.50850839765593,-0.555220052240705,-0.735719064206513,-0.257867736818618,1.08390358470544,0.927832382506361,0.395823927242222,11,0.0909090909090909,0.408146744957009,"0.706987609058692",0.00485066056720181,0.570442931703951
460010,2.13279067048671,1.85443788728628,2.12084526369883,1.58649484011555,1.360069202637,-1.24844065066676,0.825818824799667,0.230788281310009,0.73378528153448,NA,2.65725298870851,10,0.1,1.22538425899103,"2.13962437009783",0.00485066056720181,0.570442931703951
460011,NA,1.85752036390017,0.885046761269183,0.239661903652703,NA,NA,0.0450498802965776,NA,-0.0831574258644167,-1.75923494793955,-0.0281940217827077,7,0.142857142857143,0.165241787647422,"0.281169453009298",0.00485066056720181,0.570442931703951
460013,NA,1.00983929508055,1.49303319027201,-0.984731674949884,NA,NA,-1.5164880087096,NA,NA,-0.627838177225485,-0.0281940217827077,6,0.166666666666667,-0.109063232885854,"-0.19969375922108",0.00485066056720181,0.570442931703951
460014,NA,1.71264396304736,1.79041785663208,-0.0052168120678136,NA,NA,-0.735719064206513,NA,NA,-0.203564388207709,0.819841876267148,6,0.166666666666667,0.563067238577426,"0.978566911755387",0.00485066056720181,0.570442931703951
460015,0.983403169571994,2.04863391396132,1.70120245672406,-0.494974243508849,0.0983360449760701,-0.000643573499865181,1.60658776930276,NA,NA,-0.486413580886226,1.95055640700029,9,0.111111111111111,0.822965373737951,"1.43417451194809",0.00485066056720181,0.570442931703951
460017,NA,NA,1.69459390858272,-0.494974243508849,NA,NA,-0.735719064206513,NA,NA,NA,0.395823927242222,4,0.25,0.214931132027396,"0.368276053193735",0.00485066056720181,0.570442931703951
460019,NA,1.11772597656668,0.518272339425088,-0.984731674949884,NA,NA,0.0450498802965776,NA,0.033548675192569,NA,0.819841876267148,6,0.166666666666667,0.25828451213303,"0.444275557607147",0.00485066056720181,0.570442931703951
460021,1.33108266273125,1.32116943308339,0.514968065354421,-2.57644332713324,0.172555642485536,-2.91217008688928,-0.735719064206513,2.67406837195314,0.967197483648454,-0.627838177225485,2.09189572334194,11,0.0909090909090909,0.201887884285782,"0.345410930292391",0.00485066056720181,0.570442931703951
460023,NA,1.18554046207225,0.270451784125024,-0.862292317089623,0.840532020070734,0.138000546185346,-0.735719064206513,NA,NA,NA,1.24385982529208,7,0.142857142857143,0.297196179492757,"0.512488634143121",0.00485066056720181,0.570442931703951
460026,NA,1.26568485403338,1.07339038329723,-0.127656169928072,0.766312422561267,0.415288785555766,-1.5164880087096,NA,NA,NA,0.961181192608791,7,0.142857142857143,0.405387637059823,"0.702150827421405",0.00485066056720181,0.570442931703951
460030,NA,0.79098345549439,1.86311188618677,0.239661903652703,NA,NA,-0.735719064206513,NA,NA,NA,0.819841876267148,5,0.2,0.595576011478899,"1.0355555623192",0.00485066056720181,0.570442931703951
460039,NA,NA,NA,0.117222545792445,NA,NA,NA,NA,NA,NA,0.254484610900575,2,0.5,0.18585357834651,"0.317302411371178",0.00485066056720181,0.570442931703951
460041,1.15110739568411,1.55235517912511,1.13947586471058,2.19869162941684,NA,NA,-0.735719064206513,NA,NA,0.927832382506361,-0.169533338124351,7,0.142857142857143,0.866315721301733,"1.51016870024365",0.00485066056720181,0.570442931703951
460042,NA,-0.121429622216914,1.81685204919742,-0.494974243508849,NA,NA,0.825818824799667,NA,NA,NA,0.819841876267148,5,0.2,0.569221776907695,"0.98935596353991",0.00485066056720181,0.570442931703951
460043,NA,NA,NA,NA,NA,NA,0.825818824799667,NA,NA,NA,NA,1,1,0.825818824799667,"1.43917667939224",0.00485066056720181,0.570442931703951
460044,NA,2.06404629703077,1.83006914548009,-0.25009552778833,NA,NA,1.60658776930276,NA,NA,NA,1.80921709065865,5,0.2,1.41196495493679,"2.46670475899569",0.00485066056720181,0.570442931703951
460047,0.153062732968123,0.901952613594413,1.07999893143857,-0.127656169928072,NA,NA,-1.5164880087096,-1.23517977307587,0.850491382591465,NA,1.38519914163372,8,0.125,0.186422606314093,"0.318299930905488",0.00485066056720181,0.570442931703951
460051,0.766614779719752,0.818725745019395,1.0965203017919,0.362101261512963,NA,NA,0.0450498802965776,NA,0.150254776249555,0.220709400810067,0.537163243583865,8,0.125,0.49964242362301,"0.867381705612221",0.00485066056720181,0.570442931703951
460052,NA,1.47837574039176,0.918089501975858,-1.10717103281014,0.469434032523402,0.276644665870556,0.825818824799667,NA,NA,-0.203564388207709,-0.0281940217827077,8,0.125,0.328679165345085,"0.567679055660461",0.00485066056720181,0.570442931703951
460054,NA,NA,NA,NA,NA,NA,0.0450498802965776,NA,NA,NA,-0.0281940217827077,2,0.5,0.00842792925693494,"0.00627103692747596",0.00485066056720181,0.570442931703951
460057,NA,1.052993967675,0.46209968022374,0.362101261512963,NA,NA,-1.5164880087096,NA,NA,0.644983189827844,-0.0281940217827077,6,0.166666666666667,0.162916011457873,"0.277092312141584",0.00485066056720181,0.570442931703951
460058,NA,1.45679840409453,1.71111527893606,0.117222545792445,0.246775239995002,0.276644665870556,0.0450498802965776,NA,NA,0.0792848044708086,1.52653845797536,8,0.125,0.682428659678918,"1.18781031625328",0.00485066056720181,0.570442931703951
460060,NA,-0.432759760219757,1.34764513116264,-0.127656169928072,NA,NA,0.0450498802965776,NA,NA,NA,0.395823927242222,5,0.2,0.245620601710721,"0.422075422030954",0.00485066056720181,0.570442931703951
460061,NA,2.22433508095302,1.60207423460403,0.362101261512963,0.246775239995002,0.138000546185346,0.0450498802965776,NA,NA,NA,2.09189572334194,7,0.142857142857143,0.958604566698412,"1.67195323690362",0.00485066056720181,0.570442931703951
460062,NA,NA,1.39390496815198,0.974298050814256,NA,NA,0.0450498802965776,NA,NA,NA,-0.169533338124351,4,0.25,0.560929890284616,"0.974820089463408",0.00485066056720181,0.570442931703951
461300,NA,NA,NA,0.117222545792445,NA,NA,NA,NA,NA,NA,0.819841876267148,2,0.5,0.468532211029796,"0.812844764466705",0.00485066056720181,0.570442931703951
461301,NA,NA,1.15930150913459,-0.25009552778833,NA,NA,NA,NA,NA,NA,0.113145294558936,3,0.333333333333333,0.340783758635064,"0.588898695027052",0.00485066056720181,0.570442931703951
461302,NA,NA,NA,NA,NA,NA,NA,NA,NA,NA,-0.310872654465994,1,1,-0.310872654465994,"-0.553470465643442",0.00485066056720181,0.570442931703951
461303,NA,NA,1.7276366492894,-0.862292317089623,NA,NA,NA,NA,NA,NA,0.395823927242222,3,0.333333333333333,0.420389419814,"0.728449308689927",0.00485066056720181,0.570442931703951
461304,NA,NA,0.746267250301147,-0.0052168120678136,NA,NA,NA,NA,NA,-0.486413580886226,-0.593551287149281,4,0.25,-0.0847286074505433,"-0.157034583196896",0.00485066056720181,0.570442931703951
461305,NA,NA,NA,NA,NA,NA,NA,NA,NA,NA,NA,0,NA,NA,"NaN",0.00485066056720181,0.570442931703951
461306,NA,NA,1.42694770885866,-0.984731674949884,NA,NA,0.0450498802965776,NA,NA,NA,-0.0281940217827077,4,0.25,0.114767973105661,"0.192687658010116",0.00485066056720181,0.570442931703951
461307,NA,NA,1.10973739807457,-0.617413601369107,NA,NA,0.0450498802965776,NA,NA,0.220709400810067,0.254484610900575,5,0.2,0.202513537742537,"0.34650771565335",0.00485066056720181,0.570442931703951
461308,NA,NA,NA,NA,NA,NA,NA,NA,NA,NA,0.113145294558936,1,1,0.113145294558936,"0.189843063999847",0.00485066056720181,0.570442931703951
461309,NA,NA,NA,-0.617413601369107,NA,NA,NA,NA,NA,NA,-0.593551287149281,2,0.5,-0.605482444259194,"-1.06992842036501",0.00485066056720181,0.570442931703951
461310,NA,NA,1.56903149389736,NA,NA,NA,NA,NA,NA,NA,-0.169533338124351,2,0.5,0.699749077886504,"1.21817342050956",0.00485066056720181,0.570442931703951
461333,NA,NA,1.39060069408131,NA,NA,NA,NA,NA,NA,NA,0.254484610900575,2,0.5,0.822542652490944,"1.43343347156786",0.00485066056720181,0.570442931703951
461335,NA,NA,0.316711621114369,NA,NA,NA,NA,NA,NA,NA,0.113145294558936,2,0.5,0.214928457836652,"0.368271365273884",0.00485066056720181,0.570442931703951
470001,NA,-1.38524503391162,-0.178929489485758,1.58649484011555,-1.83137349027006,-0.277931812870285,0.0450498802965776,NA,0.967197483648454,-0.486413580886226,-0.452211970807637,9,0.111111111111111,-0.223707019352334,"-0.400667038220316",0.00485066056720181,0.570442931703951
470003,0.128520651098057,-0.485161862655879,-0.208667956121766,0.362101261512963,-0.495420735099661,-1.66437300972239,1.60658776930276,1.11036911394153,0.850491382591465,-0.627838177225485,0.395823927242222,11,0.0909090909090909,0.0884029422603474,"0.14646913310604",0.00485066056720181,0.570442931703951
470005,NA,0.575210092522122,0.86191684277451,0.974298050814256,-1.53449510023219,-1.38708477035197,0.825818824799667,NA,-1.13351233537729,-0.627838177225485,0.395823927242222,9,0.111111111111111,-0.116651405003795,"-0.212996005065856",0.00485066056720181,0.570442931703951
470011,NA,0.602952382047128,0.802439909502495,0.60697997723348,0.172555642485536,-0.555220052240705,0.825818824799667,NA,0.150254776249555,0.503558593488585,0.819841876267148,9,0.111111111111111,0.436575769981432,"0.756824364752209",0.00485066056720181,0.570442931703951
470012,NA,1.06532387413056,0.789222813219824,-0.0052168120678136,-0.495420735099661,-2.77352596720407,-0.735719064206513,NA,-0.433275729035377,0.220709400810067,-1.15890855251585,9,0.111111111111111,-0.391867863552093,"-0.695456989771563",0.00485066056720181,0.570442931703951
470024,NA,0.781736025652721,0.696703139241134,0.60697997723348,NA,NA,0.825818824799667,NA,0.150254776249555,NA,1.38519914163372,6,0.166666666666667,0.741115314135046,"1.29068941457224",0.00485066056720181,0.570442931703951
471300,NA,NA,-2.64722222027439,NA,NA,NA,NA,NA,NA,NA,0.254484610900575,2,0.5,-1.19636880468691,"-2.10576623618771",0.00485066056720181,0.570442931703951
471301,NA,0.51972551347211,1.72433237521873,NA,NA,NA,NA,NA,NA,NA,0.395823927242222,3,0.333333333333333,0.879960605311022,"1.53408850580339",0.00485066056720181,0.570442931703951
471302,NA,-0.358780321486408,0.204366302711674,NA,0.395214435013935,0.138000546185346,NA,NA,NA,NA,0.395823927242222,5,0.2,0.154924977933354,"0.26308384068827",0.00485066056720181,0.570442931703951
471303,NA,0.149828319805366,-0.426750044785822,NA,NA,NA,NA,NA,-0.316569627978388,NA,-0.593551287149281,4,0.25,-0.296760660027031,"-0.528731804412582",0.00485066056720181,0.570442931703951
471304,NA,-2.70454502465635,0.118455176874318,-0.25009552778833,NA,NA,0.0450498802965776,NA,0.73378528153448,NA,0.537163243583865,6,0.166666666666667,-0.253364495025906,"-0.45265729706178",0.00485066056720181,0.570442931703951
471305,NA,-0.0505326600974541,0.0854124361676431,0.239661903652703,0.766312422561267,0.831221144611397,NA,NA,-0.900100133263316,1.4935307678634,0.113145294558936,8,0.125,0.322331397006821,"0.556551267085182",0.00485066056720181,0.570442931703951
471306,NA,0.208395375469267,-1.92028192472754,NA,NA,NA,NA,NA,0.500373079420508,NA,-0.169533338124351,4,0.25,-0.345261701990529,"-0.613755282253953",0.00485066056720181,0.570442931703951
471307,NA,0.99134443539721,-0.93560825166862,NA,NA,NA,0.0450498802965776,NA,-0.199863526921402,NA,0.395823927242222,5,0.2,0.0593492928691974,"0.0955373960708121",0.00485066056720181,0.570442931703951
480001,NA,-2.85558637873693,-2.86530430893845,0.362101261512963,NA,NA,-0.735719064206513,NA,NA,NA,-0.0281940217827077,5,0.2,-1.22454050243033,"-2.1551518910494",0.00485066056720181,0.570442931703951
480002,NA,-3.50290646765374,-0.605180844601868,NA,NA,NA,NA,NA,NA,NA,-1.3002478688575,3,0.333333333333333,-1.80277839370437,"-3.16881664020634",0.00485066056720181,0.570442931703951
490002,NA,-0.272470976297501,-0.00710723781104746,NA,1.21163000761807,-0.277931812870285,NA,NA,-1.60033673960523,NA,-1.15890855251585,6,0.166666666666667,-0.350854218580308,"-0.623559096586571",0.00485066056720181,0.570442931703951
490004,0.558007083824198,-0.340285461803071,0.306798798902367,1.46405548225529,-0.421201137590195,1.24715350366703,-0.735719064206513,0.719444299438634,0.850491382591465,0.927832382506361,0.113145294558936,11,0.0909090909090909,0.426338414922227,"0.738878038327188",0.00485066056720181,0.570442931703951
490005,0.0630750994445504,-0.106017239147466,-0.555616733541855,-2.57644332713324,0.469434032523402,-0.000643573499865181,-0.735719064206513,-0.0624053295671671,-0.316569627978388,-0.203564388207709,-0.310872654465994,11,0.0909090909090909,-0.39412207325275,"-0.699408672885461",0.00485066056720181,0.570442931703951
490007,-0.28869474069305,-0.451254619903094,-0.274753437535116,-0.739852959229365,0.0241164474666027,-0.000643573499865181,-1.5164880087096,0.523981892187183,-0.316569627978388,NA,0.537163243583865,10,0.1,-0.250299538431083,"-0.44728435539754",0.00485066056720181,0.570442931703951
490009,-0.640464580830651,0.405673878758197,-0.0698884451537303,3.66796392373995,-0.12432274755233,0.276644665870556,2.38735671380585,1.40356272481871,-0.783394032206331,-0.486413580886226,0.819841876267148,11,0.0909090909090909,0.623323672421012,"1.08419787060275",0.00485066056720181,0.570442931703951
490013,NA,0.673849344166587,-0.248319244969776,-0.25009552778833,1.21163000761807,-0.693864171925916,0.0450498802965776,NA,-0.0831574258644167,NA,0.961181192608791,8,0.125,0.202034256767698,"0.345667524727663",0.00485066056720181,0.570442931703951
490017,-0.0105511461656451,-0.651615599805914,0.372884280315717,-1.35204974853066,NA,NA,0.825818824799667,-0.746523754947244,-1.01680623432031,NA,0.254484610900575,8,0.125,-0.290544845969226,"-0.517835334823173",0.00485066056720181,0.570442931703951
490018,0.668446452239491,0.58753999897768,1.45999044956533,1.58649484011555,0.395214435013935,0.415288785555766,0.0450498802965776,NA,2.60108289844625,2.05922915322043,1.38519914163372,10,0.1,1.12035360350647,"1.95550313789881",0.00485066056720181,0.570442931703951
490019,NA,-0.198491537564152,-0.697700518580559,-0.984731674949884,-0.866518722646993,-1.66437300972239,0.825818824799667,NA,-0.199863526921402,NA,-0.452211970807637,8,0.125,-0.529759017049168,"-0.937183455003038",0.00485066056720181,0.570442931703951
490020,NA,0.276209860974837,1.02052199816655,-1.96424653783195,NA,NA,0.0450498802965776,NA,-0.549981830092359,NA,-0.310872654465994,6,0.166666666666667,-0.247219880492057,"-0.441885641927944",0.00485066056720181,0.570442931703951
490021,0.917957617918487,1.30267457340005,0.554619354202431,-0.0052168120678136,-0.94073832015646,1.80172998240787,0.0450498802965776,-0.257867736818618,0.500373079420508,-0.203564388207709,1.95055640700029,11,0.0909090909090909,0.515052148854147,"0.894395319726269",0.00485066056720181,0.570442931703951
490022,-0.554567294285423,-0.383440134397524,-1.53698613253011,-0.984731674949884,1.21163000761807,0.138000546185346,0.825818824799667,-0.160136533192892,-2.76739775017508,1.21068157518488,-0.593551287149281,11,0.0909090909090909,-0.326789077535658,"-0.581372333096021",0.00485066056720181,0.570442931703951
490023,NA,-0.61154340382535,0.762788620654484,0.239661903652703,NA,NA,0.825818824799667,NA,0.850491382591465,-0.0621397918684502,-0.0281940217827077,7,0.142857142857143,0.282411930603116,"0.486571494902777",0.00485066056720181,0.570442931703951
490024,-0.0105511461656451,0.667684390938808,1.10312884993324,1.70893419797581,1.360069202637,0.276644665870556,0.825818824799667,1.01263791031581,0.967197483648454,-0.203564388207709,1.24385982529208,11,0.0909090909090909,0.813805437912551,"1.41811692701485",0.00485066056720181,0.570442931703951
490032,-0.00237045220895672,0.168323179488703,-0.691091970439224,-1.2296103906704,0.9147516175802,2.07901822177829,-1.5164880087096,-1.03971736582442,0.73378528153448,1.63495536420266,-0.310872654465994,11,0.0909090909090909,0.0673348020241573,"0.109536183173155",0.00485066056720181,0.570442931703951
490033,NA,0.569045139294343,0.0160226806836252,-0.862292317089623,NA,NA,-0.735719064206513,NA,0.73378528153448,NA,-0.734890603490924,6,0.166666666666667,-0.169008147212435,"-0.304778616960525",0.00485066056720181,0.570442931703951
490037,NA,0.448828551352651,-0.691091970439224,0.60697997723348,0.6920928250518,-0.971152411296336,0.825818824799667,NA,0.617079180477497,NA,-0.876229919832567,8,0.125,0.0815406321683711,"0.134439340622718",0.00485066056720181,0.570442931703951
490038,NA,-0.623873310280908,0.0490654213903004,0.239661903652703,NA,NA,0.0450498802965776,NA,0.26696087730654,NA,0.395823927242222,6,0.166666666666667,0.0621147832679058,"0.100385366384771",0.00485066056720181,0.570442931703951
490040,0.762524432741407,0.0604364980025692,-0.0930183636484029,4.03528199732072,NA,NA,-2.29725695321269,NA,1.66743408999036,0.786407786167103,2.65725298870851,8,0.125,0.947382809508698,"1.65228123017686",0.00485066056720181,0.570442931703951
490041,0.840241025329947,0.291622244044285,-0.572138103895193,0.239661903652703,NA,NA,0.0450498802965776,NA,0.967197483648454,-1.19353656258252,0.254484610900575,8,0.125,0.109072810174353,"0.182703902204263",0.00485066056720181,0.570442931703951
490042,1.70739458473892,0.251550048063721,0.323320169255704,2.19869162941684,0.9147516175802,-0.277931812870285,0.0450498802965776,NA,0.73378528153448,NA,0.113145294558936,9,0.111111111111111,0.667750743619455,"1.16207958098828",0.00485066056720181,0.570442931703951
490043,-0.689548744570781,0.689261727236035,0.564532176414433,-2.08668589569221,0.0983360449760701,0.553932905240976,-0.735719064206513,NA,1.78414019104735,0.0792848044708086,2.37457435602522,10,0.1,0.263210850094139,"0.452911544990484",0.00485066056720181,0.570442931703951
490044,-0.636374233852307,-0.216986397247489,0.514968065354421,0.484540619373221,NA,NA,-0.735719064206513,NA,1.43402188787639,-0.203564388207709,-0.734890603490924,8,0.125,-0.0117505143001133,"-0.0291022536079575",0.00485066056720181,0.570442931703951
490045,0.382122163755397,0.359436729549854,-1.20325445139269,1.09673740867451,-0.272761942571262,0.553932905240976,0.0450498802965776,NA,0.033548675192569,NA,-0.169533338124351,9,0.111111111111111,0.0916975589579541,"0.152244674381949",0.00485066056720181,0.570442931703951
490046,-0.174165025299413,-0.158419341583588,-1.30238267351271,-0.127656169928072,NA,NA,0.825818824799667,NA,-1.8337489417192,-1.90065954427881,-1.72426581788243,8,0.125,-0.79943483617557,"-1.40993156728285",0.00485066056720181,0.570442931703951
490048,-0.31732716954146,-1.21879129676159,0.065586791743638,0.974298050814256,-0.569640332609128,-0.139287693185075,0.0450498802965776,-1.43064218032732,-0.549981830092359,-0.627838177225485,-0.734890603490924,11,0.0909090909090909,-0.409405869125351,"-0.726201529844785",0.00485066056720181,0.570442931703951
490050,-0.726361867375879,0.569045139294343,-0.41683722257382,1.70893419797581,0.246775239995002,0.692577024926186,-0.735719064206513,-1.23517977307587,0.850491382591465,-0.627838177225485,1.38519914163372,11,0.0909090909090909,0.155553274723542,"0.264185259875482",0.00485066056720181,0.570442931703951
490052,0.889325189070077,0.297787197272064,0.296885976690364,0.974298050814256,-0.0501031500428634,-1.38708477035197,0.0450498802965776,0.230788281310009,-0.900100133263316,NA,0.961181192608791,10,0.1,0.135802771440399,"0.229562158798313",0.00485066056720181,0.570442931703951
490053,-0.464579660761851,0.827973174861064,0.359667184033047,-0.37253488564859,0.543653630032868,1.38579762335224,-0.735719064206513,NA,0.150254776249555,NA,-0.169533338124351,9,0.111111111111111,0.169442159976385,"0.288532805407085",0.00485066056720181,0.570442931703951
490057,0.144882039011434,-0.623873310280908,-0.271449163464449,0.729419335093738,NA,NA,-0.735719064206513,-0.453330144070068,1.90084629210434,-1.05211196624326,-0.876229919832567,9,0.111111111111111,-0.137507322432029,"-0.249556923378817",0.00485066056720181,0.570442931703951
490059,1.26972745805609,0.291622244044285,0.359667184033047,-0.127656169928072,NA,NA,-0.735719064206513,1.59902513207016,1.20060968576243,0.220709400810067,1.10252050895044,9,0.111111111111111,0.575611819954658,"1.00055786068302",0.00485066056720181,0.570442931703951
490060,-0.399134109108343,-0.938285924897641,0.316711621114369,-0.37253488564859,-2.42513027034579,0.138000546185346,0.0450498802965776,NA,-0.316569627978388,NA,-1.44158718519914,9,0.111111111111111,-0.599275550620177,"-1.05904758848149",0.00485066056720181,0.570442931703951
490063,0.582549165694263,0.155993273033145,-0.687787696368556,2.07625227155658,-1.46027550272272,0.969865264296607,0.0450498802965776,1.01263791031581,2.48437679738926,-0.203564388207709,1.24385982529208,11,0.0909090909090909,0.565359709143213,"0.982585667074064",0.00485066056720181,0.570442931703951
490066,-0.129171208537627,0.689261727236035,-0.433358592927157,0.729419335093738,NA,NA,0.0450498802965776,NA,-0.199863526921402,-0.769262773564744,2.65725298870851,8,0.125,0.323665978672991,"0.558890820425221",0.00485066056720181,0.570442931703951
490067,0.0794364873579271,-0.303295742436396,-0.995085184940635,-2.33156461141273,NA,NA,0.0450498802965776,NA,0.150254776249555,NA,-1.15890855251585,7,0.142857142857143,-0.644873278200222,"-1.13898148729209",0.00485066056720181,0.570442931703951
490069,0.226688978578318,0.0696839278442378,-0.245014970899109,0.729419335093738,NA,NA,-0.735719064206513,1.01263791031581,-0.199863526921402,0.362133997149326,0.395823927242222,9,0.111111111111111,0.179532279355181,"0.306221024189385",0.00485066056720181,0.570442931703951
490075,-0.538205906372046,-0.981440597492095,0.472012502435743,-0.739852959229365,-0.421201137590195,0.415288785555766,-0.735719064206513,NA,2.25096459527529,-0.203564388207709,0.819841876267148,10,0.1,0.0338123706436027,"0.0507705652340898",0.00485066056720181,0.570442931703951
490077,0.369851122820365,0.45499350458043,0.858612568703842,-1.35204974853066,0.320994837504468,-0.832508291611126,0.825818824799667,NA,0.033548675192569,0.786407786167103,2.65725298870851,10,0.1,0.412292226833517,"0.71425473719038",0.00485066056720181,0.570442931703951
490084,NA,-0.898213728917077,0.802439909502495,0.60697997723348,-0.346981540080729,0.692577024926186,0.0450498802965776,NA,0.26696087730654,NA,-0.310872654465994,8,0.125,0.107242468225185,"0.179495269320161",0.00485066056720181,0.570442931703951
490088,NA,0.914282520049971,0.766092894725152,-0.984731674949884,NA,NA,NA,NA,0.73378528153448,NA,1.52653845797536,5,0.2,0.591193495867017,"1.02787290842288",0.00485066056720181,0.570442931703951
490089,NA,0.886540230524965,0.187844932358336,-0.25009552778833,NA,NA,-0.735719064206513,NA,1.90084629210434,NA,1.10252050895044,6,0.166666666666667,0.515322895323872,"0.894869944714463",0.00485066056720181,0.570442931703951
490090,NA,1.88218017681129,0.336537265538374,-1.10717103281014,-1.68293429525112,-0.000643573499865181,0.0450498802965776,NA,0.967197483648454,NA,1.95055640700029,8,0.125,0.298846538966732,"0.515381753475926",0.00485066056720181,0.570442931703951
490092,NA,-1.14481185802824,-0.991780910869968,-0.37253488564859,NA,NA,0.0450498802965776,NA,NA,NA,-0.310872654465994,5,0.2,-0.554990085743243,"-0.981414117338896",0.00485066056720181,0.570442931703951
490093,-0.174165025299413,-0.870471439392071,-0.529182540976515,0.117222545792445,NA,NA,-0.735719064206513,NA,-0.316569627978388,NA,0.254484610900575,7,0.142857142857143,-0.322057220165697,"-0.573077274805393",0.00485066056720181,0.570442931703951
490094,NA,NA,NA,0.239661903652703,-0.495420735099661,1.10850938398182,NA,NA,NA,NA,0.113145294558936,4,0.25,0.241473961773449,"0.414806263791257",0.00485066056720181,0.570442931703951
490097,NA,-0.636203216736466,1.65824689380538,0.484540619373221,NA,NA,NA,NA,NA,NA,1.38519914163372,4,0.25,0.722945859518964,"1.25883792933811",0.00485066056720181,0.570442931703951
490098,NA,-0.238563733544716,0.690094591099799,0.974298050814256,0.6920928250518,-0.555220052240705,0.0450498802965776,NA,1.08390358470544,NA,0.678502559925508,8,0.125,0.421269713263495,"0.729992484002601",0.00485066056720181,0.570442931703951
490101,NA,0.905035090208303,-0.710917614863229,2.56600970299762,0.246775239995002,-0.000643573499865181,-0.735719064206513,NA,0.617079180477497,-0.486413580886226,0.961181192608791,9,0.111111111111111,0.373598508092375,"0.646423729756278",0.00485066056720181,0.570442931703951
490104,NA,NA,NA,NA,NA,NA,NA,NA,NA,NA,NA,0,NA,NA,"NaN",0.00485066056720181,0.570442931703951
490107,-0.705910132484158,-0.216986397247489,-0.0434542525883902,0.851858692953996,NA,NA,0.0450498802965776,NA,-0.0831574258644167,0.0792848044708086,-0.169533338124351,8,0.125,-0.0303560210734278,"-0.0617181486243768",0.00485066056720181,0.570442931703951
490110,1.11838461985735,-0.836564196639286,-0.370577385584474,0.851858692953996,NA,NA,-0.735719064206513,NA,-0.666687931149345,-1.47638575526104,0.819841876267148,8,0.125,-0.16198114297027,"-0.292460111722542",0.00485066056720181,0.570442931703951
490111,NA,0.18990051578593,0.128367999086321,-1.96424653783195,NA,NA,0.0450498802965776,NA,0.850491382591465,NA,1.52653845797536,6,0.166666666666667,0.129350282983951,"0.218250793370093",0.00485066056720181,0.570442931703951
490112,-0.219158842061199,0.0481065915470111,0.293581702619697,-0.127656169928072,NA,NA,-3.07802589771578,1.40356272481871,-0.433275729035377,0.362133997149326,-0.310872654465994,9,0.111111111111111,-0.229067141896853,"-0.410063460275206",0.00485066056720181,0.570442931703951
490113,0.324857306058579,-0.506739198953106,-1.13716896997934,0.362101261512963,NA,NA,-0.735719064206513,NA,-0.900100133263316,NA,-0.593551287149281,7,0.142857142857143,-0.45518858371143,"-0.806459715268037",0.00485066056720181,0.570442931703951
490114,NA,2.20584022126969,-0.750568903711239,0.117222545792445,-0.643859930118594,-0.000643573499865181,NA,NA,-0.0831574258644167,NA,-1.01756923617421,7,0.142857142857143,-0.0246766146151704,"-0.0517620142897946",0.00485066056720181,0.570442931703951
490115,NA,0.112838600438691,-0.938912525739288,-0.0052168120678136,NA,NA,0.0450498802965776,NA,0.617079180477497,NA,0.537163243583865,6,0.166666666666667,0.061333594498255,"0.0990159239283322",0.00485066056720181,0.570442931703951
490116,NA,-0.368027751328077,0.584357820838438,-0.739852959229365,NA,NA,0.0450498802965776,NA,-0.666687931149345,NA,-0.169533338124351,6,0.166666666666667,-0.21911571311602,"-0.392618369403263",0.00485066056720181,0.570442931703951
490117,NA,NA,-3.4303351750226,NA,NA,NA,NA,NA,0.383666978363526,NA,-0.310872654465994,3,0.333333333333333,-1.11918028370836,"-1.97045292667227",0.00485066056720181,0.570442931703951
490118,0.132610998076402,-0.0597800899391227,-0.0731927192243978,-0.617413601369107,-0.12432274755233,0.276644665870556,-0.735719064206513,-0.355598940444343,-0.783394032206331,-1.33496115892178,-0.310872654465994,11,0.0909090909090909,-0.362363576762087,"-0.643735274679267",0.00485066056720181,0.570442931703951
490119,0.300315224188514,-0.216986397247489,-0.0203243340937175,0.60697997723348,NA,NA,0.0450498802965776,NA,-1.8337489417192,-0.486413580886226,0.113145294558936,8,0.125,-0.186497859708641,"-0.33543849812333",0.00485066056720181,0.570442931703951
490120,0.181695161816532,-0.127594575444693,-0.245014970899109,-0.494974243508849,NA,NA,1.60658776930276,NA,-0.316569627978388,0.503558593488585,-0.734890603490924,8,0.125,0.046599687910739,"0.0731870359385997",0.00485066056720181,0.570442931703951
490122,NA,0.565962662680453,-2.0260186949889,-0.494974243508849,NA,NA,1.60658776930276,NA,-0.549981830092359,0.644983189827844,1.38519914163372,7,0.142857142857143,0.161679713550667,"0.274925052563989",0.00485066056720181,0.570442931703951
490126,NA,0.92352994989164,1.61198705681604,-0.37253488564859,NA,NA,0.0450498802965776,NA,0.26696087730654,NA,0.395823927242222,6,0.166666666666667,0.478469467650738,"0.830265011205951",0.00485066056720181,0.570442931703951
490127,NA,NA,0.818961279855832,NA,NA,NA,NA,NA,0.850491382591465,NA,-0.0281940217827077,3,0.333333333333333,0.547086213554863,"0.950551795545907",0.00485066056720181,0.570442931703951
490130,NA,0.649189531255471,0.746267250301147,-1.59692846425118,NA,NA,0.0450498802965776,NA,0.500373079420508,1.21068157518488,2.23323503968358,7,0.142857142857143,0.541123984555855,"0.940099866583971",0.00485066056720181,0.570442931703951
490136,-0.615922498960586,0.72008649337493,0.286973154478362,-1.47448910639092,NA,NA,0.0450498802965776,NA,0.383666978363526,-1.90065954427881,0.254484610900575,8,0.125,-0.287601254027043,"-0.51267514827587",0.00485066056720181,0.570442931703951
490140,NA,-0.158419341583588,-0.899261236891277,0.362101261512963,NA,NA,0.0450498802965776,NA,-1.01680623432031,NA,-1.15890855251585,6,0.166666666666667,-0.471040703916914,"-0.834248858273337",0.00485066056720181,0.570442931703951
490141,1.24109502920768,-0.494409292497548,-0.8563056739726,-0.0052168120678136,NA,NA,0.0450498802965776,NA,0.150254776249555,0.0792848044708086,-0.876229919832567,8,0.125,-0.0895596510182386,"-0.165503517246555",0.00485066056720181,0.570442931703951
490143,NA,1.23794256450837,0.87513393905718,1.34161612439503,NA,NA,0.0450498802965776,NA,-0.549981830092359,0.220709400810067,0.113145294558936,7,0.142857142857143,0.469087910504829,"0.813818918837192",0.00485066056720181,0.570442931703951
490144,NA,-0.109099715761355,-0.697700518580559,1.95381291369632,NA,NA,0.0450498802965776,NA,0.967197483648454,0.644983189827844,-0.310872654465994,7,0.142857142857143,0.356195796951613,"0.615916364034734",0.00485066056720181,0.570442931703951
490145,NA,-1.90310110504507,0.429056939517065,0.851858692953996,NA,NA,-1.5164880087096,NA,NA,-0.486413580886226,0.113145294558936,6,0.166666666666667,-0.418656961268483,"-0.7424189139668",0.00485066056720181,0.570442931703951
491300,NA,NA,-0.677874874156554,NA,NA,NA,NA,NA,NA,NA,0.395823927242222,2,0.5,-0.141025473457166,"-0.255724325636968",0.00485066056720181,0.570442931703951
491302,NA,-2.43020460602018,-0.149191022849751,-0.739852959229365,NA,NA,NA,NA,0.73378528153448,NA,-0.452211970807637,5,0.2,-0.60753505547449,"-1.07352669654869",0.00485066056720181,0.570442931703951
491303,NA,NA,NA,NA,NA,NA,NA,NA,NA,NA,NA,0,NA,NA,"NaN",0.00485066056720181,0.570442931703951
491304,NA,-1.2742758758116,0.161410739792996,0.729419335093738,NA,NA,0.825818824799667,NA,0.617079180477497,NA,-0.593551287149281,6,0.166666666666667,0.0776501528671695,"0.127619238058592",0.00485066056720181,0.570442931703951
491305,NA,0.00803439556644707,0.855308294633175,0.60697997723348,NA,NA,-0.735719064206513,NA,0.617079180477497,NA,0.537163243583865,6,0.166666666666667,0.314807671214658,"0.54336199717927",0.00485066056720181,0.570442931703951
491307,NA,1.555437655739,0.0986295324503132,-0.25009552778833,NA,NA,NA,NA,NA,NA,-1.72426581788243,4,0.25,-0.080073539370362,"-0.148874138354015",0.00485066056720181,0.570442931703951
491308,NA,0.399508925530418,0.260538961913022,1.21917676653477,-0.569640332609128,-2.35759360814844,NA,NA,0.850491382591465,NA,0.254484610900575,7,0.142857142857143,0.00813810095895532,"0.00576296104140286",0.00485066056720181,0.570442931703951
491309,NA,NA,NA,NA,NA,NA,NA,NA,NA,NA,-0.310872654465994,1,1,-0.310872654465994,"-0.553470465643442",0.00485066056720181,0.570442931703951
500002,1.5396903586268,0.575210092522122,0.121759450944986,-2.45400396927299,1.06319081259913,-2.49623772783365,-1.5164880087096,NA,0.617079180477497,1.4935307678634,1.95055640700029,10,0.1,0.0894287364217995,"0.148267374620556",0.00485066056720181,0.570442931703951
500003,-0.558657641263767,0.695426680463814,-1.120647599626,0.974298050814256,0.0983360449760701,-0.555220052240705,1.60658776930276,NA,-0.199863526921402,-0.203564388207709,0.537163243583865,10,0.1,0.127385858088118,"0.214807109897734",0.00485066056720181,0.570442931703951
500005,0.0426233645528294,0.239220141608162,-0.585355200177863,-0.862292317089623,-0.346981540080729,-0.277931812870285,1.60658776930276,1.20810031756726,0.383666978363526,0.786407786167103,-0.452211970807637,11,0.0909090909090909,0.158348501503227,"0.269085358771152",0.00485066056720181,0.570442931703951
500007,NA,0.041941638319232,1.60868278274537,-0.984731674949884,0.840532020070734,0.415288785555766,-0.735719064206513,NA,NA,-0.344988984546967,0.254484610900575,8,0.125,0.136936264236039,"0.231549198575025",0.00485066056720181,0.570442931703951
500008,-0.0637256568841196,0.58753999897768,-0.208667956121766,0.117222545792445,2.0280455802222,0.553932905240976,1.60658776930276,-0.746523754947244,-0.0831574258644167,-0.486413580886226,1.52653845797536,11,0.0909090909090909,0.439216262073422,"0.76145321006738",0.00485066056720181,0.570442931703951
500011,NA,0.741663829672157,-0.231797874616439,-0.0052168120678136,0.469434032523402,1.10850938398182,0.0450498802965776,NA,-1.01680623432031,NA,0.678502559925508,8,0.125,0.223667345674363,"0.383590843090196",0.00485066056720181,0.570442931703951
500014,0.349399387928644,0.310117103727622,0.362971458103715,0.362101261512963,NA,NA,0.0450498802965776,1.20810031756726,0.26696087730654,1.21068157518488,2.37457435602522,9,0.111111111111111,0.721106246405936,"1.25561304388369",0.00485066056720181,0.570442931703951
500015,0.0262619766394526,-0.525234058636443,-0.0500628007297252,-2.33156461141273,NA,NA,-1.5164880087096,NA,-0.900100133263316,0.362133997149326,-0.169533338124351,8,0.125,-0.638073372135923,"-1.12706109055058",0.00485066056720181,0.570442931703951
500016,0.463929103322281,0.168323179488703,0.362971458103715,-0.25009552778833,1.21163000761807,-3.88267892468575,0.0450498802965776,0.719444299438634,0.26696087730654,-0.203564388207709,-0.734890603490924,11,0.0909090909090909,-0.166629148963472,"-0.300608176559315",0.00485066056720181,0.570442931703951
500019,NA,0.217642805310936,0.306798798902367,0.60697997723348,-1.38605590521326,-0.971152411296336,0.0450498802965776,NA,1.08390358470544,0.503558593488585,-0.169533338124351,9,0.111111111111111,0.0263546650337156,"0.0376970302748426",0.00485066056720181,0.570442931703951
500021,NA,-0.713265132083705,1.1989527979826,0.60697997723348,NA,NA,0.0450498802965776,NA,0.617079180477497,0.786407786167103,1.52653845797536,7,0.142857142857143,0.581106135435559,"1.01018952614076",0.00485066056720181,0.570442931703951
500024,-0.644554927808995,-0.667027982875362,-0.139278200637748,-0.617413601369107,NA,NA,-1.5164880087096,0.328519484935734,-0.900100133263316,-0.203564388207709,1.66787777431701,9,0.111111111111111,-0.299114442624344,"-0.5328580411779",0.00485066056720181,0.570442931703951
500025,0.758434085763063,-0.189244107722483,-0.833175755477927,NA,NA,NA,0.0450498802965776,1.59902513207016,NA,NA,1.95055640700029,6,0.166666666666667,0.555107606988281,"0.964613488640179",0.00485066056720181,0.570442931703951
500026,-1.03313789075169,-0.102934762533576,-0.0963226377190704,0.484540619373221,NA,NA,-1.5164880087096,NA,-1.13351233537729,NA,1.66787777431701,7,0.142857142857143,-0.247139605914429,"-0.441744918687868",0.00485066056720181,0.570442931703951
500027,NA,-0.2139039206336,-0.0434542525883902,-0.25009552778833,0.0983360449760701,-0.139287693185075,0.825818824799667,NA,0.150254776249555,1.21068157518488,1.10252050895044,9,0.111111111111111,0.304541148440579,"0.525364539057715",0.00485066056720181,0.570442931703951
500030,0.0917075282929597,0.602952382047128,0.194453480499671,-0.862292317089623,-1.38605590521326,-0.277931812870285,-0.735719064206513,0.0353258740585582,1.08390358470544,1.06925697884562,2.51591367236687,11,0.0909090909090909,0.211955854676051,"0.363060321372048",0.00485066056720181,0.570442931703951
500031,0.688898187131212,-0.0197078939585588,-0.4697056077045,0.484540619373221,NA,NA,-0.735719064206513,NA,-0.316569627978388,1.4935307678634,0.113145294558936,8,0.125,0.154801584384851,"0.262867528868726",0.00485066056720181,0.570442931703951
500033,NA,0.445746074738761,1.44346907921199,-0.494974243508849,NA,NA,0.825818824799667,NA,1.20060968576243,NA,0.961181192608791,6,0.166666666666667,0.730308435602132,"1.27174469997891",0.00485066056720181,0.570442931703951
500036,0.57027812475923,0.248467571449831,-0.228493600545771,0.974298050814256,-0.12432274755233,-0.277931812870285,-0.735719064206513,NA,-0.316569627978388,0.362133997149326,0.254484610900575,10,0.1,0.0726625501919933,"0.118875852177242",0.00485066056720181,0.570442931703951
500037,NA,NA,-1.49072629554076,-1.96424653783195,NA,NA,0.0450498802965776,NA,NA,NA,0.254484610900575,4,0.25,-0.788859585543891,"-1.39139290189858",0.00485066056720181,0.570442931703951
500039,0.398483551668774,0.424168738441535,0.174627836075666,-0.0052168120678136,0.766312422561267,1.52444174303745,0.0450498802965776,0.621713095812908,-0.783394032206331,1.06925697884562,1.80921709065865,11,0.0909090909090909,0.549514590284028,"0.954808797595018",0.00485066056720181,0.570442931703951
500041,0.594820206629295,0.698509157077703,0.716528783665139,1.46405548225529,0.766312422561267,-0.416575932555496,0.0450498802965776,NA,1.08390358470544,0.362133997149326,1.24385982529208,10,0.1,0.655859740707662,"1.14123437062469",0.00485066056720181,0.570442931703951
500044,0.120339957141369,0.572127615908232,0.759484346583817,-0.25009552778833,1.28584960512753,-0.277931812870285,-1.5164880087096,1.01263791031581,-0.0831574258644167,0.927832382506361,2.51591367236687,11,0.0909090909090909,0.460592064974305,"0.798925499954524",0.00485066056720181,0.570442931703951
500050,0.124430304119713,0.168323179488703,-0.291274807888454,-0.0052168120678136,-0.866518722646993,0.276644665870556,0.0450498802965776,-0.257867736818618,-0.666687931149345,1.63495536420266,2.51591367236687,11,0.0909090909090909,0.243431914161259,"0.418238600803413",0.00485066056720181,0.570442931703951
500051,-0.243700923931264,-0.0906048560780181,-0.52257399283518,-0.25009552778833,0.6920928250518,0.415288785555766,-0.735719064206513,0.328519484935734,0.850491382591465,-0.344988984546967,0.254484610900575,11,0.0909090909090909,0.0321085217862789,"0.0477836777425852",0.00485066056720181,0.570442931703951
500052,NA,NA,NA,NA,NA,NA,NA,NA,NA,NA,NA,0,NA,NA,"NaN",0.00485066056720181,0.570442931703951
500053,-0.791807419029386,-0.216986397247489,-0.307796178241792,-0.862292317089623,0.543653630032868,-0.139287693185075,0.0450498802965776,NA,0.033548675192569,0.644983189827844,1.24385982529208,10,0.1,0.0192925195848575,"0.0253169216673733",0.00485066056720181,0.570442931703951
500054,0.676627146196179,-0.497491769111437,0.247321865630351,-0.494974243508849,0.543653630032868,-3.74403480500054,0.0450498802965776,1.98994994657306,1.08390358470544,0.503558593488585,3.08127093773344,11,0.0909090909090909,0.312257706094152,"0.538891847793969",0.00485066056720181,0.570442931703951
500058,0.897505883026766,0.676931820780477,-0.145886748779083,-0.739852959229365,0.0241164474666027,-0.832508291611126,-0.735719064206513,0.621713095812908,1.55072798893338,1.63495536420266,2.37457435602522,11,0.0909090909090909,0.484232535674721,"0.840367806251142",0.00485066056720181,0.570442931703951
500060,NA,-0.309460695664175,0.759484346583817,-0.739852959229365,NA,NA,0.0450498802965776,NA,NA,NA,0.678502559925508,5,0.2,0.0867446263824725,"0.143562066008335",0.00485066056720181,0.570442931703951
500064,NA,0.760158689355494,0.0688910658143055,1.83137355583607,NA,NA,0.825818824799667,NA,-0.0831574258644167,NA,0.678502559925508,6,0.166666666666667,0.680264544977771,"1.18401657181212",0.00485066056720181,0.570442931703951
500072,NA,0.476570840877657,0.432361213587733,2.81088841871814,2.0280455802222,-0.832508291611126,0.0450498802965776,NA,-0.316569627978388,NA,0.819841876267148,8,0.125,0.682959986297492,"1.18874174442785",0.00485066056720181,0.570442931703951
500077,NA,-0.321790602119733,0.346450087750377,0.729419335093738,-0.866518722646993,-1.8030171294076,-2.29725695321269,NA,1.08390358470544,NA,3.22261025407508,8,0.125,0.0117249817797025,"0.0120508482627117",0.00485066056720181,0.570442931703951
500079,0.26759244836176,0.128250983508139,0.187844932358336,-0.127656169928072,NA,NA,-1.5164880087096,NA,-2.30057334594714,0.220709400810067,-0.169533338124351,8,0.125,-0.413731637208858,"-0.733784703976833",0.00485066056720181,0.570442931703951
500084,NA,0.584457522363791,0.84869974649184,0.239661903652703,NA,NA,0.0450498802965776,NA,NA,NA,0.961181192608791,5,0.2,0.53581004908274,"0.930784411561605",0.00485066056720181,0.570442931703951
500088,0.529374654975788,-0.133759528672472,-0.357360289301804,0.484540619373221,-2.64778906287419,1.52444174303745,-0.735719064206513,NA,-0.433275729035377,NA,1.66787777431701,9,0.111111111111111,-0.011296542487432,"-0.0283064302443034",0.00485066056720181,0.570442931703951
500108,0.0917075282929597,1.04991149106111,-0.473009881775168,-0.984731674949884,0.840532020070734,0.692577024926186,-0.735719064206513,0.133057077684283,-1.13351233537729,NA,1.10252050895044,10,0.1,0.0583332694676861,"0.0937562829304032",0.00485066056720181,0.570442931703951
500119,NA,1.03758158460555,0.772701442866487,2.07625227155658,NA,NA,0.0450498802965776,NA,1.90084629210434,0.503558593488585,1.24385982529208,7,0.142857142857143,1.08283569860146,"1.88973336002997",0.00485066056720181,0.570442931703951
500124,0.791156861589817,0.664601914324919,-0.370577385584474,-1.2296103906704,1.1374104101086,0.831221144611397,-0.735719064206513,NA,0.033548675192569,0.0792848044708086,1.66787777431701,10,0.1,0.286919474415373,"0.494473326202172",0.00485066056720181,0.570442931703951
500129,-0.955421298163154,-0.420429853764199,-0.37718593372581,0.362101261512963,-0.495420735099661,0.692577024926186,0.0450498802965776,-2.01702940208167,0.150254776249555,0.0792848044708086,-0.169533338124351,11,0.0909090909090909,-0.282341164863887,"-0.503454087113022",0.00485066056720181,0.570442931703951
500139,-0.665006662700716,-0.660863029647583,-0.479618429916503,0.484540619373221,NA,NA,-1.5164880087096,NA,0.73378528153448,-0.486413580886226,-0.169533338124351,8,0.125,-0.34494964363466,"-0.61320823654872",0.00485066056720181,0.570442931703951
500141,0.533465001954133,-0.657780553033693,-0.93560825166862,-0.37253488564859,NA,NA,-0.735719064206513,NA,0.500373079420508,NA,-0.169533338124351,7,0.142857142857143,-0.262476858758161,"-0.468631486986503",0.00485066056720181,0.570442931703951
500150,-0.660916315722372,-0.842729149867065,1.0866074795799,-0.127656169928072,0.766312422561267,1.24715350366703,0.0450498802965776,NA,1.08390358470544,-0.910687369904002,1.24385982529208,10,0.1,0.293089769068078,"0.505289999193937",0.00485066056720181,0.570442931703951
500151,NA,0.85571546438607,1.11304167214524,0.484540619373221,-0.346981540080729,0.415288785555766,0.825818824799667,NA,-0.199863526921402,NA,1.38519914163372,8,0.125,0.566594930111444,"0.984751038752072",0.00485066056720181,0.570442931703951
500152,0.0180812826827643,0.602952382047128,1.37077504965731,-0.984731674949884,NA,NA,-0.735719064206513,NA,-0.199863526921402,NA,0.819841876267148,7,0.142857142857143,0.127333760653793,"0.214715781858714",0.00485066056720181,0.570442931703951
500154,NA,-1.44381208957553,-0.591963748319198,NA,NA,NA,-0.735719064206513,NA,0.617079180477497,NA,0.254484610900575,5,0.2,-0.379986222144633,"-0.674628190347282",0.00485066056720181,0.570442931703951
501301,NA,NA,NA,NA,NA,NA,NA,NA,NA,NA,NA,0,NA,NA,"NaN",0.00485066056720181,0.570442931703951
501302,NA,NA,NA,NA,NA,NA,NA,NA,NA,NA,0.113145294558936,1,1,0.113145294558936,"0.189843063999847",0.00485066056720181,0.570442931703951
501303,NA,NA,0.286973154478362,NA,NA,NA,NA,NA,NA,NA,0.113145294558936,2,0.5,0.200059224518649,"0.342205246313327",0.00485066056720181,0.570442931703951
501304,NA,-2.55966862380354,0.42244839137573,NA,NA,NA,NA,NA,0.150254776249555,NA,0.113145294558936,4,0.25,-0.468455040404829,"-0.829716128760218",0.00485066056720181,0.570442931703951
501305,NA,NA,0.9544365167532,NA,NA,NA,NA,NA,NA,NA,-0.169533338124351,2,0.5,0.392451589314425,"0.679473628658056",0.00485066056720181,0.570442931703951
501307,NA,NA,NA,NA,NA,NA,NA,NA,NA,NA,NA,0,NA,NA,"NaN",0.00485066056720181,0.570442931703951
501308,NA,NA,NA,NA,NA,NA,NA,NA,NA,NA,-0.0281940217827077,1,1,-0.0281940217827077,"-0.0579281125479159",0.00485066056720181,0.570442931703951
501309,NA,NA,-0.000498689669712414,NA,NA,NA,NA,NA,NA,NA,-0.0281940217827077,2,0.5,-0.0143463557262101,"-0.033652825245935",0.00485066056720181,0.570442931703951
501310,NA,NA,0.88835103533985,NA,NA,NA,NA,NA,NA,NA,1.38519914163372,2,0.5,1.13677508848679,"1.98429039086951",0.00485066056720181,0.570442931703951
501311,NA,NA,NA,NA,NA,NA,NA,NA,NA,NA,NA,0,NA,NA,"NaN",0.00485066056720181,0.570442931703951
501312,NA,-0.571471207844786,0.921393776046525,NA,NA,NA,NA,NA,NA,0.644983189827844,-0.310872654465994,4,0.25,0.171008275890897,"0.291278243780446",0.00485066056720181,0.570442931703951
501313,NA,NA,NA,NA,NA,NA,NA,NA,NA,NA,0.113145294558936,1,1,0.113145294558936,"0.189843063999847",0.00485066056720181,0.570442931703951
501314,NA,0.547467802997116,-0.724134711145899,NA,NA,NA,NA,NA,NA,NA,0.819841876267148,3,0.333333333333333,0.214391656039455,"0.36733033898122",0.00485066056720181,0.570442931703951
501315,NA,NA,NA,0.239661903652703,NA,NA,NA,NA,NA,NA,0.395823927242222,2,0.5,0.317742915447462,"0.548507549993881",0.00485066056720181,0.570442931703951
501316,NA,NA,NA,NA,NA,NA,NA,NA,NA,NA,0.113145294558936,1,1,0.113145294558936,"0.189843063999847",0.00485066056720181,0.570442931703951
501317,NA,NA,NA,NA,NA,NA,NA,NA,NA,NA,0.819841876267148,1,1,0.819841876267148,"1.42869894673866",0.00485066056720181,0.570442931703951
501318,NA,NA,NA,NA,NA,NA,NA,NA,NA,NA,NA,0,NA,NA,"NaN",0.00485066056720181,0.570442931703951
501319,NA,NA,NA,NA,NA,NA,NA,NA,NA,NA,-0.169533338124351,1,1,-0.169533338124351,"-0.305699289095679",0.00485066056720181,0.570442931703951
501320,NA,NA,NA,NA,NA,NA,NA,NA,NA,NA,NA,0,NA,NA,"NaN",0.00485066056720181,0.570442931703951
501321,NA,NA,-0.839784303619262,NA,NA,NA,NA,NA,NA,NA,0.819841876267148,2,0.5,-0.00997121367605724,"-0.0259830973783568",0.00485066056720181,0.570442931703951
501322,NA,NA,NA,NA,NA,NA,NA,NA,NA,NA,0.254484610900575,1,1,0.254484610900575,"0.437614240547604",0.00485066056720181,0.570442931703951
501323,NA,-0.408099947308641,0.614096287474446,NA,1.73116719018433,-3.88267892468575,NA,NA,0.617079180477497,0.220709400810067,0.395823927242222,7,0.142857142857143,-0.101700412257975,"-0.186786559887599",0.00485066056720181,0.570442931703951
501324,NA,NA,NA,NA,NA,NA,NA,NA,NA,NA,-0.169533338124351,1,1,-0.169533338124351,"-0.305699289095679",0.00485066056720181,0.570442931703951
501325,NA,NA,NA,0.239661903652703,NA,NA,NA,NA,0.617079180477497,NA,0.254484610900575,3,0.333333333333333,0.370408565010258,"0.640831683812982",0.00485066056720181,0.570442931703951
501326,NA,0.152910796419255,0.713224509594472,NA,NA,NA,0.0450498802965776,NA,NA,NA,0.961181192608791,4,0.25,0.468091594729774,"0.812072353633765",0.00485066056720181,0.570442931703951
501327,NA,0.797148408722169,1.20225707205326,NA,NA,NA,NA,NA,NA,NA,0.678502559925508,3,0.333333333333333,0.892636013566981,"1.5563087973549",0.00485066056720181,0.570442931703951
501328,NA,NA,-0.301187630100457,NA,NA,NA,NA,NA,NA,NA,-0.452211970807637,2,0.5,-0.376699800454047,"-0.668867015113208",0.00485066056720181,0.570442931703951
501329,NA,-1.10473966204768,1.10312884993324,-0.494974243508849,0.840532020070734,-0.139287693185075,0.825818824799667,NA,0.617079180477497,NA,1.80921709065865,8,0.125,0.432096795899774,"0.74897261686872",0.00485066056720181,0.570442931703951
501330,NA,NA,-0.0533670748003927,NA,0.766312422561267,-0.000643573499865181,NA,NA,NA,NA,-0.593551287149281,4,0.25,0.029687621777932,"0.0435397825625441",0.00485066056720181,0.570442931703951
501331,NA,1.75271615902793,1.35755795337464,-0.617413601369107,0.246775239995002,0.415288785555766,-2.29725695321269,NA,0.26696087730654,NA,0.254484610900575,8,0.125,0.172389133947331,"0.29369892073109",0.00485066056720181,0.570442931703951
501332,NA,0.368684159391523,1.74746229371341,-1.35204974853066,0.988971215089666,0.138000546185346,-2.29725695321269,NA,1.20060968576243,NA,1.52653845797536,8,0.125,0.290119957046797,"0.500083848225584",0.00485066056720181,0.570442931703951
501333,NA,-0.4789969094281,-0.793524466629917,1.09673740867451,NA,NA,-0.735719064206513,NA,0.617079180477497,NA,0.395823927242222,6,0.166666666666667,0.016900012688284,"0.0211228002862442",0.00485066056720181,0.570442931703951
501334,NA,NA,NA,0.117222545792445,NA,NA,NA,NA,NA,NA,-0.0281940217827077,2,0.5,0.0445142620048684,"0.0695312348234184",0.00485066056720181,0.570442931703951
501335,NA,0.291622244044285,1.53598875319068,-1.2296103906704,NA,NA,0.0450498802965776,NA,NA,NA,0.961181192608791,5,0.2,0.320846335893987,"0.553947919703178",0.00485066056720181,0.570442931703951
501336,NA,-1.17255414755325,0.101933806520981,NA,NA,NA,NA,NA,-0.199863526921402,NA,-0.593551287149281,4,0.25,-0.466008788775737,"-0.825427791587233",0.00485066056720181,0.570442931703951
501337,NA,0.214560328697046,1.01721772409588,0.239661903652703,NA,NA,-2.29725695321269,NA,0.150254776249555,0.786407786167103,0.537163243583865,7,0.142857142857143,0.0925726870333519,"0.153778794671219",0.00485066056720181,0.570442931703951
501338,NA,NA,NA,NA,NA,NA,NA,NA,NA,NA,NA,0,NA,NA,"NaN",0.00485066056720181,0.570442931703951
501339,NA,0.183735562558151,1.09321602772124,0.729419335093738,-0.0501031500428634,-1.10979653098155,-0.735719064206513,NA,0.850491382591465,NA,-0.310872654465994,8,0.125,0.0812963635334591,"0.134011131907462",0.00485066056720181,0.570442931703951
501340,NA,NA,NA,0.117222545792445,0.766312422561267,-0.416575932555496,NA,NA,NA,NA,0.113145294558936,4,0.25,0.145026082589288,"0.245730842177977",0.00485066056720181,0.570442931703951
510001,0.82387963741657,0.433416168283203,1.02382627223722,1.58649484011555,0.395214435013935,-1.52572889003718,0.0450498802965776,1.11036911394153,-1.36692453749126,0.644983189827844,-0.310872654465994,11,0.0909090909090909,0.259973405012546,"0.447236226914541",0.00485066056720181,0.570442931703951
510002,NA,-0.152254388355809,-0.555616733541855,-0.37253488564859,0.766312422561267,0.553932905240976,1.60658776930276,NA,-0.199863526921402,NA,0.961181192608791,8,0.125,0.325968094405767,"0.562926483950579",0.00485066056720181,0.570442931703951
510006,-1.11085448334023,-0.303295742436396,-0.743960355569904,0.974298050814256,2.69602195780739,0.692577024926186,-2.29725695321269,NA,0.500373079420508,1.06925697884562,-1.86560513422407,10,0.1,-0.038844557696933,"-0.0765987548195475",0.00485066056720181,0.570442931703951
510007,0.0303523236177968,-1.26502844596993,-0.0930183636484029,1.95381291369632,-0.0501031500428634,-0.693864171925916,1.60658776930276,1.01263791031581,-0.433275729035377,-0.203564388207709,0.254484610900575,11,0.0909090909090909,0.192638298091187,"0.329196186133907",0.00485066056720181,0.570442931703951
510008,-0.141442249472659,0.772488595811052,-0.608485118672536,-1.59692846425118,0.988971215089666,0.138000546185346,-1.5164880087096,NA,-0.783394032206331,1.4935307678634,-0.169533338124351,10,0.1,-0.142328008648719,"-0.258007700746311",0.00485066056720181,0.570442931703951
510012,NA,-3.31487539420647,-1.56342032509545,-0.0052168120678136,NA,NA,-0.735719064206513,NA,-0.433275729035377,NA,-0.169533338124351,6,0.166666666666667,-1.03700677712266,"-1.82640081905786",0.00485066056720181,0.570442931703951
510013,NA,-0.263223546455832,-1.11734332555533,-0.494974243508849,-0.346981540080729,0.692577024926186,0.0450498802965776,NA,0.150254776249555,NA,-0.0281940217827077,8,0.125,-0.170354374488892,"-0.307138585331831",0.00485066056720181,0.570442931703951
510022,-0.0800870447974964,-1.56094620090333,-0.899261236891277,1.09673740867451,-0.643859930118594,-0.693864171925916,0.825818824799667,-2.79887903108747,0.617079180477497,0.362133997149326,-2.43096239959064,11,0.0909090909090909,-0.56419005492852,"-0.997541881702276",0.00485066056720181,0.570442931703951
510023,-0.853162623704549,0.975932052327762,0.468708228365075,0.851858692953996,0.0983360449760701,0.553932905240976,0.825818824799667,NA,-0.0831574258644167,NA,-2.71364103227392,9,0.111111111111111,0.0138472963134062,"0.0157713160181175",0.00485066056720181,0.570442931703951
510024,-0.092358085732529,-0.106017239147466,0.270451784125024,-0.0052168120678136,-0.643859930118594,-0.000643573499865181,0.825818824799667,-0.648792551321519,0.500373079420508,0.503558593488585,-0.734890603490924,11,0.0909090909090909,-0.0119615012313568,"-0.0294721187066681",0.00485066056720181,0.570442931703951
510029,1.5396903586268,-0.54372891831978,-0.892652688749943,0.117222545792445,-0.643859930118594,0.138000546185346,0.825818824799667,NA,-1.36692453749126,-2.46635792963585,-1.15890855251585,10,0.1,-0.445170028142702,"-0.78889694954351",0.00485066056720181,0.570442931703951
510030,NA,-0.950615831353199,-0.208667956121766,0.60697997723348,-0.495420735099661,0.553932905240976,0.0450498802965776,NA,0.26696087730654,NA,-0.734890603490924,8,0.125,-0.114583935748497,"-0.20937168238537",0.00485066056720181,0.570442931703951
510038,NA,-1.41915227666441,-1.14047324405001,-1.35204974853066,NA,NA,0.0450498802965776,NA,-1.01680623432031,0.362133997149326,-1.3002478688575,7,0.142857142857143,-0.831649356425282,"-1.46640438596338",0.00485066056720181,0.570442931703951
510046,-0.714090826440846,-0.392687564239193,-0.565529555753858,0.117222545792445,-0.569640332609128,0.276644665870556,-0.735719064206513,NA,-0.0831574258644167,0.362133997149326,-2.289623083249,10,0.1,-0.459444664355063,"-0.813920725663799",0.00485066056720181,0.570442931703951
510048,NA,-0.445089666675315,-0.621702214955206,0.362101261512963,NA,NA,0.0450498802965776,NA,-0.0831574258644167,NA,-0.169533338124351,6,0.166666666666667,-0.152055250634958,"-0.275059786845761",0.00485066056720181,0.570442931703951
510050,0.263502101383416,-0.472831956200321,-0.410228674432485,-1.71936782211143,0.6920928250518,-0.832508291611126,-0.735719064206513,1.11036911394153,-1.36692453749126,-0.769262773564744,-0.734890603490924,11,0.0909090909090909,-0.452342698430187,"-0.801470810816644",0.00485066056720181,0.570442931703951
510055,NA,-1.19104900723658,-0.466401333633833,-0.127656169928072,-0.12432274755233,0.415288785555766,1.60658776930276,NA,0.150254776249555,0.220709400810067,-0.310872654465994,9,0.111111111111111,0.0191709799001483,"0.0251038597150651",0.00485066056720181,0.570442931703951
510058,0.766614779719752,-1.73664736789503,-0.654744955661881,0.117222545792445,-0.866518722646993,1.94037410209308,0.0450498802965776,-0.355598940444343,-0.316569627978388,-1.33496115892178,-2.57230171593229,11,0.0909090909090909,-0.451643743779895,"-0.80024552672345",0.00485066056720181,0.570442931703951
510062,-0.558657641263767,-1.0985747088199,-1.40811944377408,0.117222545792445,NA,NA,0.0450498802965776,NA,0.500373079420508,NA,0.113145294558936,7,0.142857142857143,-0.327080141969896,"-0.581882575958298",0.00485066056720181,0.570442931703951
510070,-0.145532596451003,-1.10782213866157,-1.43455363633942,-0.0052168120678136,NA,NA,0.0450498802965776,NA,1.20060968576243,NA,-1.01756923617421,7,0.142857142857143,-0.352147836233572,"-0.625826839039614",0.00485066056720181,0.570442931703951
510072,NA,-2.96039058360918,-0.0401499785177226,NA,NA,NA,NA,NA,0.617079180477497,NA,-0.452211970807637,4,0.25,-0.70891833811426,"-1.25125399757236",0.00485066056720181,0.570442931703951
510086,NA,NA,NA,NA,NA,NA,NA,NA,NA,NA,-0.0281940217827077,1,1,-0.0281940217827077,"-0.0579281125479159",0.00485066056720181,0.570442931703951
510091,NA,NA,NA,1.70893419797581,NA,NA,0.825818824799667,NA,NA,0.644983189827844,NA,3,0.333333333333333,1.05991207086777,"1.84954769646989",0.00485066056720181,0.570442931703951
510093,NA,NA,NA,NA,NA,NA,NA,NA,NA,NA,-0.169533338124351,1,1,-0.169533338124351,"-0.305699289095679",0.00485066056720181,0.570442931703951
511300,NA,NA,NA,NA,NA,NA,NA,NA,NA,NA,NA,0,NA,NA,"NaN",0.00485066056720181,0.570442931703951
511301,NA,NA,NA,NA,NA,NA,NA,NA,NA,NA,NA,0,NA,NA,"NaN",0.00485066056720181,0.570442931703951
511303,NA,NA,NA,NA,NA,NA,NA,NA,NA,NA,NA,0,NA,NA,"NaN",0.00485066056720181,0.570442931703951
511304,NA,NA,NA,NA,NA,NA,NA,NA,NA,NA,NA,0,NA,NA,"NaN",0.00485066056720181,0.570442931703951
511306,NA,NA,NA,NA,NA,NA,NA,NA,NA,NA,-0.169533338124351,1,1,-0.169533338124351,"-0.305699289095679",0.00485066056720181,0.570442931703951
511307,NA,NA,1.66815971601738,0.362101261512963,NA,NA,NA,NA,NA,NA,NA,2,0.5,1.01513048876517,"1.77104452005427",0.00485066056720181,0.570442931703951
511308,NA,NA,-0.44327141513916,NA,NA,NA,NA,NA,NA,NA,-0.0281940217827077,2,0.5,-0.235732718460934,"-0.421748374214222",0.00485066056720181,0.570442931703951
511309,NA,-0.445089666675315,0.693398865170466,NA,NA,NA,NA,NA,NA,NA,0.254484610900575,3,0.333333333333333,0.167597936465242,"0.285299837815333",0.00485066056720181,0.570442931703951
511310,NA,NA,NA,NA,NA,NA,NA,NA,NA,NA,-0.0281940217827077,1,1,-0.0281940217827077,"-0.0579281125479159",0.00485066056720181,0.570442931703951
511311,NA,0.236137664994273,2.64622484093497,NA,NA,NA,NA,NA,0.150254776249555,NA,0.113145294558936,4,0.25,0.786440644184433,"1.37014579404564",0.00485066056720181,0.570442931703951
511312,NA,NA,-1.82776225074885,NA,NA,NA,NA,NA,NA,NA,-0.0281940217827077,2,0.5,-0.927978136265779,"-1.63527102360013",0.00485066056720181,0.570442931703951
511313,NA,NA,-0.192146585768428,NA,NA,NA,NA,NA,0.850491382591465,NA,-0.0281940217827077,3,0.333333333333333,0.210050258346776,"0.359719765773291",0.00485066056720181,0.570442931703951
511314,NA,NA,NA,NA,NA,NA,NA,NA,0.26696087730654,NA,0.113145294558936,2,0.5,0.190053085932738,"0.324664247854425",0.00485066056720181,0.570442931703951
511315,NA,-0.0813574262363495,2.06136833042682,NA,0.543653630032868,-1.94166124909281,NA,NA,-1.60033673960523,NA,-0.734890603490924,6,0.166666666666667,-0.292204009660937,"-0.520743888158658",0.00485066056720181,0.570442931703951
511316,NA,0.504313130402663,0.931306598258528,NA,-0.346981540080729,-0.693864171925916,NA,NA,-1.48363063854824,NA,-0.593551287149281,6,0.166666666666667,-0.28040131817383,"-0.500053489818807",0.00485066056720181,0.570442931703951
511317,NA,NA,-0.010411511881715,-3.18864011643454,NA,NA,-1.5164880087096,NA,NA,0.503558593488585,0.819841876267148,5,0.2,-0.678427833454024,"-1.19780341914349",0.00485066056720181,0.570442931703951
511318,NA,NA,NA,NA,NA,NA,NA,NA,NA,NA,0.395823927242222,1,1,0.395823927242222,"0.685385417095374",0.00485066056720181,0.570442931703951
511319,NA,-0.586883590914234,0.230800495277014,-0.862292317089623,NA,NA,-0.735719064206513,NA,-0.549981830092359,NA,0.678502559925508,6,0.166666666666667,-0.304262291183368,"-0.541882341897425",0.00485066056720181,0.570442931703951
511320,NA,-0.392687564239193,0.481925324647745,NA,NA,NA,NA,NA,0.383666978363526,NA,0.254484610900575,4,0.25,0.181847337418163,"0.31027937592681",0.00485066056720181,0.570442931703951
511321,NA,-1.70274012514225,1.2187784424066,NA,0.840532020070734,-0.139287693185075,NA,NA,-0.549981830092359,NA,-2.00694445056571,6,0.166666666666667,-0.389940606084676,"-0.692078461683467",0.00485066056720181,0.570442931703951
511322,NA,-0.919791065214304,-2.37957602055033,NA,NA,NA,NA,NA,-1.36692453749126,NA,-0.169533338124351,4,0.25,-1.20895624034506,"-2.12783230968704",0.00485066056720181,0.570442931703951
520002,NA,0.374849112619302,0.438969761729068,0.60697997723348,0.0241164474666027,0.692577024926186,0.825818824799667,NA,0.383666978363526,NA,-0.593551287149281,8,0.125,0.344178354998569,"0.594849503030518",0.00485066056720181,0.570442931703951
520004,1.21246260035927,1.05915892090278,0.273756058195692,0.729419335093738,0.543653630032868,0.276644665870556,0.825818824799667,NA,-0.316569627978388,NA,0.961181192608791,9,0.111111111111111,0.618391733320552,"1.07555206428917",0.00485066056720181,0.570442931703951
520008,-0.264152658822985,0.470405887649878,0.286973154478362,-1.96424653783195,1.21163000761807,0.831221144611397,-0.735719064206513,1.59902513207016,-0.433275729035377,NA,-0.734890603490924,10,0.1,0.0266970733040113,"0.0382972801004876",0.00485066056720181,0.570442931703951
520009,-0.787717072051042,1.98698438168353,0.653747576322456,-0.25009552778833,1.21163000761807,0.553932905240976,0.0450498802965776,0.328519484935734,0.617079180477497,1.35210617152414,0.254484610900575,11,0.0909090909090909,0.54233832719638,"0.942228638057916",0.00485066056720181,0.570442931703951
520011,NA,-1.01226536363099,-3.17260179751053,0.851858692953996,-1.46027550272272,-0.000643573499865181,0.0450498802965776,NA,NA,NA,0.395823927242222,7,0.142857142857143,-0.621864819553045,"-1.098647113127",0.00485066056720181,0.570442931703951
520019,NA,-0.204656490791931,1.66155116787605,-0.862292317089623,0.172555642485536,-1.8030171294076,0.825818824799667,NA,0.967197483648454,NA,0.819841876267148,8,0.125,0.197124882223463,"0.337061274616771",0.00485066056720181,0.570442931703951
520021,-1.01268615585997,-1.067749942681,-0.988476636799301,-1.47448910639092,0.172555642485536,0.276644665870556,0.825818824799667,-0.160136533192892,0.617079180477497,NA,-0.452211970807637,10,0.1,-0.326365203209846,"-0.58062927134128",0.00485066056720181,0.570442931703951
520028,1.06521010913888,0.0635189746164588,0.842091198350505,0.117222545792445,0.469434032523402,-0.000643573499865181,-0.735719064206513,NA,0.383666978363526,NA,-0.876229919832567,9,0.111111111111111,0.147616809027363,"0.250272447120538",0.00485066056720181,0.570442931703951
520030,0.255321407426727,0.966684622486093,0.303494524831699,-0.739852959229365,-0.569640332609128,0.553932905240976,-2.29725695321269,1.40356272481871,-0.199863526921402,0.927832382506361,1.24385982529208,11,0.0909090909090909,0.168006783693642,"0.28601655671161",0.00485066056720181,0.570442931703951
520033,NA,-1.04925508299766,1.57564004203869,-0.25009552778833,0.543653630032868,0.138000546185346,-0.735719064206513,NA,-1.48363063854824,NA,-0.169533338124351,8,0.125,-0.178867429176024,"-0.322062172274531",0.00485066056720181,0.570442931703951
520034,NA,0.969767099099983,1.25842973125461,-1.10717103281014,NA,NA,0.0450498802965776,NA,-0.199863526921402,NA,0.254484610900575,6,0.166666666666667,0.203449460303367,"0.348148410118673",0.00485066056720181,0.570442931703951
520035,NA,0.584457522363791,0.293581702619697,1.58649484011555,-0.12432274755233,-1.10979653098155,0.0450498802965776,NA,0.617079180477497,NA,0.819841876267148,8,0.125,0.339048215450798,"0.585856246628083",0.00485066056720181,0.570442931703951
520037,-0.129171208537627,-0.438924713447536,-2.16149393188627,-2.45400396927299,-0.0501031500428634,0.138000546185346,-3.07802589771578,-0.160136533192892,-1.01680623432031,1.06925697884562,-2.71364103227392,11,0.0909090909090909,-0.999549922332656,"-1.7607380634898",0.00485066056720181,0.570442931703951
520038,NA,1.50920050653065,0.544706531990428,-0.739852959229365,NA,NA,-0.735719064206513,NA,1.08390358470544,NA,-1.01756923617421,6,0.166666666666667,0.107444893936072,"0.179850126396368",0.00485066056720181,0.570442931703951
520041,NA,0.140580889963697,-0.532486815047183,0.117222545792445,NA,NA,0.0450498802965776,NA,0.26696087730654,NA,0.537163243583865,6,0.166666666666667,0.095748436982657,"0.159345959715791",0.00485066056720181,0.570442931703951
520044,NA,0.11900355366647,-0.116148282143076,-1.2296103906704,NA,NA,0.825818824799667,NA,NA,NA,0.254484610900575,5,0.2,-0.0292903366893526,"-0.0598499786027202",0.00485066056720181,0.570442931703951
520045,NA,1.85752036390017,1.66155116787605,-0.127656169928072,0.9147516175802,-0.416575932555496,0.0450498802965776,NA,NA,NA,0.254484610900575,7,0.142857142857143,0.598446505438572,"1.04058760636802",0.00485066056720181,0.570442931703951
520049,-0.816349500899451,0.753993736127715,1.03704336851989,1.21917676653477,1.50850839765593,-0.416575932555496,1.60658776930276,1.30583152119298,-0.316569627978388,NA,1.10252050895044,10,0.1,0.698416700685115,"1.21583773164861",0.00485066056720181,0.570442931703951
520051,0.0917075282929597,0.834138128088843,0.310103072973034,-2.20912525355247,1.8053867876938,0.692577024926186,0.0450498802965776,-0.746523754947244,1.08390358470544,NA,1.80921709065865,10,0.1,0.371643408913578,"0.642996394487248",0.00485066056720181,0.570442931703951
520057,NA,0.898870136980523,0.703311687382469,0.60697997723348,0.0983360449760701,-0.971152411296336,-0.735719064206513,NA,NA,NA,1.38519914163372,7,0.142857142857143,0.283689358957631,"0.488810857130825",0.00485066056720181,0.570442931703951
520059,NA,1.97157199861408,0.842091198350505,-0.0052168120678136,NA,NA,-1.5164880087096,NA,0.033548675192569,NA,-0.310872654465994,6,0.166666666666667,0.169105732818958,"0.287943040614274",0.00485066056720181,0.570442931703951
520062,NA,0.233055188380383,0.210974850853009,-0.0052168120678136,-1.83137349027006,-0.971152411296336,0.825818824799667,NA,1.20060968576243,1.35210617152414,-0.0281940217827077,9,0.111111111111111,0.109625331766968,"0.183672485671436",0.00485066056720181,0.570442931703951
520063,NA,0.606034858661017,0.323320169255704,-1.2296103906704,NA,NA,0.825818824799667,NA,1.20060968576243,-0.769262773564744,1.24385982529208,7,0.142857142857143,0.314395742790822,"0.542639876874254",0.00485066056720181,0.570442931703951
520066,-2.56701800763077,-0.910543635372635,-0.099626911789738,-0.617413601369107,0.172555642485536,-0.971152411296336,0.0450498802965776,-0.551061347695793,1.20060968576243,-0.203564388207709,-0.169533338124351,11,0.0909090909090909,-0.424699857540172,"-0.753012254572563",0.00485066056720181,0.570442931703951
520070,0.369851122820365,0.753993736127715,-0.235102148687106,1.21917676653477,0.320994837504468,-0.832508291611126,0.825818824799667,-0.257867736818618,2.01755239316132,-0.910687369904002,1.95055640700029,11,0.0909090909090909,0.474707140084341,"0.823669561674902",0.00485066056720181,0.570442931703951
520071,NA,-0.257058593228053,1.35755795337464,-2.08668589569221,NA,NA,-0.735719064206513,NA,1.08390358470544,NA,0.395823927242222,6,0.166666666666667,-0.0403630146340793,"-0.0792606458742944",0.00485066056720181,0.570442931703951
520075,0.153062732968123,1.31500447985561,0.709920235523804,0.60697997723348,0.0241164474666027,-1.24844065066676,0.825818824799667,1.40356272481871,0.033548675192569,NA,1.38519914163372,10,0.1,0.520877258882553,"0.904606875877918",0.00485066056720181,0.570442931703951
520076,NA,0.0357766850914529,0.84869974649184,0.239661903652703,-0.421201137590195,-0.139287693185075,0.0450498802965776,NA,NA,NA,0.113145294558936,7,0.142857142857143,0.103120668473748,"0.172269656515872",0.00485066056720181,0.570442931703951
520078,NA,2.38770634148917,-2.5348769018717,0.484540619373221,-0.495420735099661,0.415288785555766,NA,NA,1.31731578681941,NA,0.961181192608791,7,0.142857142857143,0.362247869839285,"0.626525791466141",0.00485066056720181,0.570442931703951
520083,0.304405571166858,0.840303081316622,-0.334230370807132,-0.617413601369107,1.65694759267486,-0.832508291611126,-1.5164880087096,0.0353258740585582,0.150254776249555,0.362133997149326,0.819841876267148,11,0.0909090909090909,0.0789611360350877,"0.129917422671034",0.00485066056720181,0.570442931703951
520087,0.296224877210169,0.0881787875275751,0.174627836075666,-1.71936782211143,0.617873227542334,-3.88267892468575,-1.5164880087096,0.523981892187183,0.26696087730654,NA,1.52653845797536,10,0.1,-0.362414879968195,"-0.64382521041737",0.00485066056720181,0.570442931703951
520088,1.49060619488667,1.19478789191392,-0.0698884451537303,0.851858692953996,0.395214435013935,1.10850938398182,0.0450498802965776,-0.551061347695793,-0.783394032206331,NA,-0.0281940217827077,10,0.1,0.365348863220836,"0.631961906472926",0.00485066056720181,0.570442931703951
520089,1.38016682647138,-0.364945274714187,-0.254927793111111,-1.2296103906704,-0.0501031500428634,0.276644665870556,-0.735719064206513,NA,1.31731578681941,NA,-1.15890855251585,9,0.111111111111111,-0.0911207717888427,"-0.168240199014074",0.00485066056720181,0.570442931703951
520091,NA,0.362519206163744,0.581053546767771,0.362101261512963,NA,NA,NA,NA,0.850491382591465,NA,0.537163243583865,5,0.2,0.538665728123962,"0.935790484706716",0.00485066056720181,0.570442931703951
520095,NA,0.482735794105436,1.42694770885866,-1.2296103906704,NA,NA,0.0450498802965776,NA,NA,1.63495536420266,1.24385982529208,6,0.166666666666667,0.600656363680834,"1.04446154032257",0.00485066056720181,0.570442931703951
520096,-0.0596353099057754,-0.0536151367113437,0.445578309870403,0.117222545792445,0.9147516175802,0.415288785555766,0.0450498802965776,NA,1.08390358470544,-0.486413580886226,1.24385982529208,10,0.1,0.366599052158957,"0.634153517357448",0.00485066056720181,0.570442931703951
520097,0.938409352810208,0.673849344166587,0.465403954294408,-2.82132204285376,NA,NA,-0.735719064206513,NA,0.383666978363526,NA,0.395823927242222,7,0.142857142857143,-0.0999839357404751,"-0.183777535808059",0.00485066056720181,0.570442931703951
520098,0.0508040585095178,-0.0844399028502391,-0.327621822665797,0.974298050814256,0.9147516175802,-1.52572889003718,0.825818824799667,0.719444299438634,0.500373079420508,0.503558593488585,1.10252050895044,11,0.0909090909090909,0.332161674313509,"0.573783976547149",0.00485066056720181,0.570442931703951
520100,0.942499699788552,-0.21082144401971,-0.102931185860406,1.34161612439503,-0.346981540080729,-0.693864171925916,-0.735719064206513,NA,1.08390358470544,NA,-0.734890603490924,9,0.111111111111111,0.0603123777005361,"0.0972257066410946",0.00485066056720181,0.570442931703951
520102,NA,1.16088064916113,1.37077504965731,-0.127656169928072,NA,NA,0.0450498802965776,NA,-0.316569627978388,NA,0.113145294558936,6,0.166666666666667,0.374270845961249,"0.647602353999838",0.00485066056720181,0.570442931703951
520103,2.08370650674658,-1.28352330565327,0.577749272697103,-2.45400396927299,NA,NA,0.0450498802965776,NA,-0.0831574258644167,-0.910687369904002,0.537163243583865,8,0.125,-0.185962895921318,"-0.334500693905607",0.00485066056720181,0.570442931703951
520107,NA,0.291622244044285,-0.387098755937812,1.46405548225529,-0.569640332609128,-0.139287693185075,0.0450498802965776,NA,NA,NA,0.537163243583865,7,0.142857142857143,0.177409152635429,"0.302499132652557",0.00485066056720181,0.570442931703951
520109,NA,0.470405887649878,0.524880887566423,0.239661903652703,NA,NA,0.825818824799667,NA,NA,NA,0.678502559925508,5,0.2,0.547854012718836,"0.95189776570576",0.00485066056720181,0.570442931703951
520113,NA,-0.81498686034206,0.290277428549029,0.117222545792445,-0.272761942571262,0.553932905240976,0.0450498802965776,NA,0.150254776249555,NA,-1.01756923617421,8,0.125,-0.118572562869869,"-0.216363840408009",0.00485066056720181,0.570442931703951
520116,0.21850828462163,1.80203578485016,0.92800232418786,0.239661903652703,NA,NA,-0.735719064206513,NA,-0.199863526921402,-1.19353656258252,0.961181192608791,8,0.125,0.252533792026338,"0.434194408754072",0.00485066056720181,0.570442931703951
520136,-0.521844518458669,1.05915892090278,-0.486226978057838,0.851858692953996,1.06319081259913,0.831221144611397,0.0450498802965776,NA,0.26696087730654,0.0792848044708086,1.95055640700029,10,0.1,0.513921004362502,"0.892412396582202",0.00485066056720181,0.570442931703951
520138,0.210327590664941,-0.290965835980838,-1.03804074785931,-2.82132204285376,-2.20247147781739,0.138000546185346,-2.29725695321269,0.328519484935734,0.967197483648454,-0.0621397918684502,-0.593551287149281,11,0.0909090909090909,-0.696518457391568,"-1.22951671232692",0.00485066056720181,0.570442931703951
520139,NA,0.0141993487942261,-0.192146585768428,-0.494974243508849,NA,NA,0.825818824799667,NA,0.500373079420508,-0.910687369904002,-0.452211970807637,7,0.142857142857143,-0.101375559567788,"-0.186217085410604",0.00485066056720181,0.570442931703951
520160,1.2247336412943,1.53386031944177,2.05806405635615,1.21917676653477,0.9147516175802,-0.555220052240705,0.825818824799667,0.914906706690084,0.383666978363526,0.644983189827844,2.65725298870851,11,0.0909090909090909,1.07472682157783,"1.87551830612545",0.00485066056720181,0.570442931703951
520177,-0.530025212415358,0.307034627113732,-0.142582474708416,2.3211309872771,-2.57356946536472,-0.139287693185075,-0.735719064206513,-1.62610458757877,-1.36692453749126,NA,-0.593551287149281,10,0.1,-0.507959870770856,"-0.898969034126269",0.00485066056720181,0.570442931703951
520189,NA,1.13313835963613,0.36958000624505,-0.862292317089623,0.0983360449760701,0.415288785555766,-0.735719064206513,NA,0.26696087730654,NA,0.819841876267148,8,0.125,0.188141821086321,"0.321313755210563",0.00485066056720181,0.570442931703951
520193,0.701169228066245,1.09614864026945,0.908176679763855,-0.127656169928072,0.395214435013935,-0.277931812870285,0.0450498802965776,-0.453330144070068,0.383666978363526,-1.47638575526104,0.113145294558936,11,0.0909090909090909,0.118842477654824,"0.199830361202165",0.00485066056720181,0.570442931703951
520194,NA,NA,NA,NA,NA,NA,1.60658776930276,NA,NA,1.63495536420266,2.51591367236687,3,0.333333333333333,1.91915226862409,"3.35581615910069",0.00485066056720181,0.570442931703951
520196,NA,NA,NA,-0.37253488564859,NA,NA,1.60658776930276,NA,NA,0.362133997149326,1.24385982529208,4,0.25,0.710011676523894,"1.23616399952635",0.00485066056720181,0.570442931703951
520198,NA,0.72316896998882,0.224191947135679,-0.984731674949884,-0.0501031500428634,0.138000546185346,-0.735719064206513,NA,0.850491382591465,NA,0.961181192608791,8,0.125,0.140810018663855,"0.238339982039104",0.00485066056720181,0.570442931703951
520202,0.034442670596141,-0.309460695664175,-0.397011578149815,-2.45400396927299,0.0241164474666027,0.415288785555766,0.0450498802965776,NA,0.033548675192569,NA,-0.593551287149281,9,0.111111111111111,-0.3557312301254,"-0.632108613591757",0.00485066056720181,0.570442931703951
520205,NA,NA,NA,NA,NA,NA,-0.735719064206513,NA,NA,-1.75923494793955,-1.01756923617421,3,0.333333333333333,-1.17084108277343,"-2.06101553371651",0.00485066056720181,0.570442931703951
520206,1.24518537618602,0.630694671572134,0.789222813219824,0.362101261512963,NA,NA,-0.735719064206513,NA,-0.549981830092359,NA,0.395823927242222,7,0.142857142857143,0.305332450776328,"0.52675171083559",0.00485066056720181,0.570442931703951
520207,-0.125080861559282,-0.54681139493367,-0.010411511881715,0.117222545792445,NA,NA,-0.735719064206513,-0.844254958572969,0.967197483648454,-0.627838177225485,0.395823927242222,9,0.111111111111111,-0.156652445744057,"-0.283118778996592",0.00485066056720181,0.570442931703951
520208,NA,0.106673647210912,0.838786924279837,-0.127656169928072,NA,NA,-1.5164880087096,NA,0.73378528153448,NA,1.38519914163372,6,0.166666666666667,0.236716802670213,"0.406466850961605",0.00485066056720181,0.570442931703951
520210,1.0488487212255,-0.642368169964245,-0.905869785032613,-1.59692846425118,0.320994837504468,-1.24844065066676,0.0450498802965776,NA,0.850491382591465,NA,1.24385982529208,9,0.111111111111111,-0.0982624914449664,"-0.18075980309575",0.00485066056720181,0.570442931703951
520212,NA,1.00675681846666,0.514968065354421,0.729419335093738,0.9147516175802,-1.24844065066676,-0.735719064206513,NA,NA,NA,-0.310872654465994,7,0.142857142857143,0.124409066736536,"0.209588723997693",0.00485066056720181,0.570442931703951
520213,NA,NA,2.17371364882951,NA,NA,NA,NA,NA,NA,NA,0.254484610900575,2,0.5,1.21409912986504,"2.11984127086252",0.00485066056720181,0.570442931703951
520214,NA,NA,NA,NA,NA,NA,NA,NA,NA,NA,-0.593551287149281,1,1,-0.593551287149281,"-1.04901281873897",0.00485066056720181,0.570442931703951
520215,NA,NA,NA,-0.494974243508849,0.246775239995002,-0.971152411296336,NA,NA,NA,NA,0.254484610900575,4,0.25,-0.241216700977402,"-0.431361925740028",0.00485066056720181,0.570442931703951
521300,NA,-1.30201816533661,-1.82776225074885,NA,NA,NA,NA,NA,NA,NA,-0.734890603490924,3,0.333333333333333,-1.28822367319213,"-2.26679000105555",0.00485066056720181,0.570442931703951
521302,NA,2.95179956183096,-0.406924400361817,NA,NA,NA,NA,NA,NA,NA,0.113145294558936,3,0.333333333333333,0.886006818676025,"1.54468766135247",0.00485066056720181,0.570442931703951
521303,NA,NA,NA,NA,NA,NA,NA,NA,NA,NA,NA,0,NA,NA,"NaN",0.00485066056720181,0.570442931703951
521304,NA,NA,NA,NA,NA,NA,NA,NA,NA,NA,0.254484610900575,1,1,0.254484610900575,"0.437614240547604",0.00485066056720181,0.570442931703951
521305,NA,NA,NA,NA,NA,NA,NA,NA,NA,NA,0.113145294558936,1,1,0.113145294558936,"0.189843063999847",0.00485066056720181,0.570442931703951
521307,NA,NA,NA,0.729419335093738,NA,NA,NA,NA,NA,NA,NA,1,1,0.729419335093738,"1.27018608568293",0.00485066056720181,0.570442931703951
521308,NA,-0.263223546455832,1.03043482037855,NA,NA,NA,NA,NA,0.617079180477497,NA,0.678502559925508,4,0.25,0.515698253581432,"0.895527956649922",0.00485066056720181,0.570442931703951
521309,NA,NA,NA,NA,NA,NA,NA,NA,NA,NA,0.113145294558936,1,1,0.113145294558936,"0.189843063999847",0.00485066056720181,0.570442931703951
521310,NA,NA,NA,0.117222545792445,NA,NA,NA,NA,NA,NA,NA,1,1,0.117222545792445,"0.196990582194753",0.00485066056720181,0.570442931703951
521311,NA,NA,NA,-0.0052168120678136,NA,NA,NA,NA,NA,NA,0.254484610900575,2,0.5,0.124633899416381,"0.209982861022361",0.00485066056720181,0.570442931703951
521312,NA,NA,NA,NA,NA,NA,NA,NA,NA,0.786407786167103,0.113145294558936,2,0.5,0.449776540363019,"0.779965628580574",0.00485066056720181,0.570442931703951
521313,NA,NA,NA,NA,NA,NA,NA,NA,NA,NA,1.24385982529208,1,1,1.24385982529208,"2.17201247638195",0.00485066056720181,0.570442931703951
521314,NA,2.95488203844485,0.0688910658143055,NA,NA,NA,NA,NA,NA,NA,0.819841876267148,3,0.333333333333333,1.28120499350877,"2.23747944273586",0.00485066056720181,0.570442931703951
521315,NA,-0.633120740122577,-0.215276504263101,NA,-0.718079527628061,-0.693864171925916,NA,NA,0.033548675192569,NA,0.819841876267148,6,0.166666666666667,-0.23449173207999,"-0.419572895630874",0.00485066056720181,0.570442931703951
521316,NA,NA,NA,0.362101261512963,NA,NA,NA,NA,NA,NA,0.537163243583865,2,0.5,0.449632252548414,"0.779712688616582",0.00485066056720181,0.570442931703951
521317,NA,NA,NA,NA,NA,NA,NA,NA,NA,NA,NA,0,NA,NA,"NaN",0.00485066056720181,0.570442931703951
521318,NA,NA,NA,NA,NA,NA,NA,NA,NA,NA,0.254484610900575,1,1,0.254484610900575,"0.437614240547604",0.00485066056720181,0.570442931703951
521319,NA,NA,NA,NA,NA,NA,NA,NA,NA,NA,0.254484610900575,1,1,0.254484610900575,"0.437614240547604",0.00485066056720181,0.570442931703951
521320,NA,0.242302618222052,-0.0335414303763876,-0.0052168120678136,0.0241164474666027,-0.416575932555496,-1.5164880087096,NA,0.26696087730654,NA,0.537163243583865,8,0.125,-0.11265987464128,"-0.205998757592578",0.00485066056720181,0.570442931703951
521321,NA,NA,NA,-0.25009552778833,NA,NA,NA,NA,NA,NA,0.678502559925508,2,0.5,0.214203516068589,"0.367000525146375",0.00485066056720181,0.570442931703951
521322,NA,NA,-0.330926096736464,-0.494974243508849,NA,NA,NA,NA,NA,NA,0.254484610900575,3,0.333333333333333,-0.190471909781579,"-0.342405102234048",0.00485066056720181,0.570442931703951
521323,NA,NA,NA,NA,NA,NA,NA,NA,NA,NA,-0.310872654465994,1,1,-0.310872654465994,"-0.553470465643442",0.00485066056720181,0.570442931703951
521324,NA,0.698509157077703,NA,NA,NA,NA,NA,NA,NA,NA,0.819841876267148,2,0.5,0.759175516672426,"1.32234937831906",0.00485066056720181,0.570442931703951
521325,NA,NA,-1.46429210297542,NA,NA,NA,NA,NA,0.150254776249555,NA,-0.593551287149281,3,0.333333333333333,-0.635862871291716,"-1.12318603009957",0.00485066056720181,0.570442931703951
521326,NA,NA,NA,-0.739852959229365,NA,NA,NA,NA,NA,NA,0.113145294558936,2,0.5,-0.313353832335215,"-0.557820029344423",0.00485066056720181,0.570442931703951
521327,NA,1.75579863564181,-0.701004792651226,-0.37253488564859,NA,NA,-0.735719064206513,NA,NA,NA,0.395823927242222,5,0.2,0.0684727640755415,"0.111531057661274",0.00485066056720181,0.570442931703951
521328,NA,NA,NA,NA,NA,NA,NA,NA,NA,NA,-0.310872654465994,1,1,-0.310872654465994,"-0.553470465643442",0.00485066056720181,0.570442931703951
521329,NA,NA,NA,NA,NA,NA,NA,NA,NA,NA,0.254484610900575,1,1,0.254484610900575,"0.437614240547604",0.00485066056720181,0.570442931703951
521330,NA,-2.78777189323136,1.0965203017919,-1.35204974853066,NA,NA,NA,NA,NA,NA,0.113145294558936,4,0.25,-0.732539011352796,"-1.29266159844836",0.00485066056720181,0.570442931703951
521331,NA,NA,NA,NA,NA,NA,NA,NA,NA,NA,-0.452211970807637,1,1,-0.452211970807637,"-0.801241642191206",0.00485066056720181,0.570442931703951
521332,NA,NA,0.4356654876584,-0.494974243508849,-0.421201137590195,-0.139287693185075,NA,NA,NA,NA,-0.0281940217827077,5,0.2,-0.129598321681685,"-0.235692257325863",0.00485066056720181,0.570442931703951
521333,NA,-0.34645041503085,NA,-0.494974243508849,NA,NA,0.0450498802965776,NA,NA,NA,0.678502559925508,4,0.25,-0.0294680545794031,"-0.0601615222825053",0.00485066056720181,0.570442931703951
521334,NA,1.24102504112226,1.39390496815198,0.729419335093738,-0.346981540080729,-0.139287693185075,NA,NA,NA,NA,0.678502559925508,6,0.166666666666667,0.592763778504614,"1.03062565116072",0.00485066056720181,0.570442931703951
521335,NA,-0.201574014178041,1.88293753061077,0.239661903652703,-0.421201137590195,-0.139287693185075,0.0450498802965776,NA,NA,NA,0.961181192608791,7,0.142857142857143,0.33810966603079,"0.584210947216266",0.00485066056720181,0.570442931703951
521336,NA,1.09306616365556,1.12956304249858,0.239661903652703,0.840532020070734,0.553932905240976,NA,NA,NA,NA,0.819841876267148,6,0.166666666666667,0.779432985230951,"1.35786120155792",0.00485066056720181,0.570442931703951
521337,NA,1.70339653320569,0.934610872329195,NA,0.395214435013935,-0.277931812870285,NA,NA,0.73378528153448,0.220709400810067,0.678502559925508,7,0.142857142857143,0.626898181421228,"1.09046406972899",0.00485066056720181,0.570442931703951
521338,NA,1.35199419922229,-0.968650992375295,NA,0.0983360449760701,-0.832508291611126,NA,NA,NA,-0.344988984546967,0.537163243583865,6,0.166666666666667,-0.0264424634585279,"-0.054857589228523",0.00485066056720181,0.570442931703951
521339,NA,1.6140047114029,1.2286912646186,NA,NA,NA,NA,NA,NA,NA,-0.310872654465994,3,0.333333333333333,0.843941107185169,"1.47094547058642",0.00485066056720181,0.570442931703951
521340,NA,-1.01534784024488,0.815657005785165,NA,-0.346981540080729,-0.832508291611126,NA,NA,0.26696087730654,NA,0.395823927242222,6,0.166666666666667,-0.119399310267135,"-0.217813148220092",0.00485066056720181,0.570442931703951
521341,NA,-0.864306486164292,0.346450087750377,NA,NA,NA,NA,NA,-0.433275729035377,NA,-0.593551287149281,4,0.25,-0.386170853649643,"-0.685469996181455",0.00485066056720181,0.570442931703951
521342,NA,NA,NA,NA,NA,NA,NA,NA,NA,NA,-1.44158718519914,1,1,-1.44158718519914,"-2.53563987802555",0.00485066056720181,0.570442931703951
521343,NA,-3.06827726509531,-0.330926096736464,-0.739852959229365,NA,NA,NA,NA,NA,NA,0.113145294558936,4,0.25,-1.00647775662555,"-1.77288272145269",0.00485066056720181,0.570442931703951
521344,NA,NA,NA,NA,NA,NA,NA,NA,NA,NA,0.113145294558936,1,1,0.113145294558936,"0.189843063999847",0.00485066056720181,0.570442931703951
521345,NA,-0.485161862655879,0.38279710252772,NA,-0.12432274755233,-0.971152411296336,NA,NA,-0.199863526921402,NA,0.113145294558936,6,0.166666666666667,-0.214093025223215,"-0.383813478302585",0.00485066056720181,0.570442931703951
521346,NA,1.17629303223058,-0.489531252128505,-0.127656169928072,0.0983360449760701,-0.000643573499865181,NA,NA,NA,NA,0.254484610900575,6,0.166666666666667,0.151880448758464,"0.257746708776064",0.00485066056720181,0.570442931703951
521347,NA,1.17321055561669,0.898263857551853,NA,NA,NA,NA,NA,0.383666978363526,NA,0.113145294558936,4,0.25,0.642071671522752,"1.11706355805326",0.00485066056720181,0.570442931703951
521348,NA,-3.40426721600927,1.86641616025744,-0.127656169928072,NA,NA,0.825818824799667,NA,NA,0.786407786167103,0.819841876267148,6,0.166666666666667,0.127760210259002,"0.215463358139369",0.00485066056720181,0.570442931703951
521349,NA,1.54310774928344,0.164715013863664,-0.739852959229365,NA,NA,NA,NA,NA,NA,1.38519914163372,4,0.25,0.588292236387864,"1.02278693168812",0.00485066056720181,0.570442931703951
521350,NA,-0.371110227941966,0.630617657827784,0.362101261512963,-0.569640332609128,-0.971152411296336,NA,NA,NA,NA,0.537163243583865,6,0.166666666666667,-0.0636701348204696,"-0.120118580807015",0.00485066056720181,0.570442931703951
521351,NA,0.0727664044581274,0.227496221206346,NA,NA,NA,NA,NA,0.383666978363526,NA,1.10252050895044,4,0.25,0.446612528244609,"0.774419040232186",0.00485066056720181,0.570442931703951
521352,NA,1.30883952662783,0.733050154018477,NA,NA,NA,NA,NA,NA,NA,0.113145294558936,3,0.333333333333333,0.718344991735081,"1.25077249890121",0.00485066056720181,0.570442931703951
521353,NA,NA,NA,NA,NA,NA,NA,NA,NA,NA,-0.310872654465994,1,1,-0.310872654465994,"-0.553470465643442",0.00485066056720181,0.570442931703951
521354,NA,NA,NA,NA,NA,NA,NA,NA,NA,2.62492753857747,1.24385982529208,2,0.5,1.93439368193477,"3.38253471842293",0.00485066056720181,0.570442931703951
521355,NA,0.251550048063721,1.31790666452663,-0.494974243508849,NA,NA,0.0450498802965776,NA,NA,NA,0.395823927242222,5,0.2,0.30307125532406,"0.522787781533297",0.00485066056720181,0.570442931703951
521356,NA,NA,NA,NA,NA,NA,0.0450498802965776,NA,NA,NA,NA,1,1,0.0450498802965776,"0.0704701864028678",0.00485066056720181,0.570442931703951
521357,NA,1.23794256450837,-0.849697125831265,NA,0.543653630032868,-0.139287693185075,NA,NA,-0.549981830092359,NA,0.395823927242222,6,0.166666666666667,0.106408912112461,"0.17803402566826",0.00485066056720181,0.570442931703951
521358,NA,-0.263223546455832,-1.16360316254468,NA,NA,NA,NA,NA,0.617079180477497,NA,0.819841876267148,4,0.25,0.00252358693603338,"-0.00407941531367092",0.00485066056720181,0.570442931703951
521359,NA,-2.28841068178126,-0.0500628007297252,0.117222545792445,1.06319081259913,-4.29861128374138,NA,NA,-0.0831574258644167,NA,0.113145294558936,7,0.142857142857143,-0.775240505595181,"-1.36751833146955",0.00485066056720181,0.570442931703951
530002,NA,0.510478083630442,0.670268946675794,-0.0052168120678136,1.5827279951654,0.138000546185346,-0.735719064206513,NA,0.617079180477497,NA,1.24385982529208,8,0.125,0.502684837644029,"0.872715129609484",0.00485066056720181,0.570442931703951
530006,0.758434085763063,0.433416168283203,0.227496221206346,-1.10717103281014,0.543653630032868,-0.139287693185075,-0.735719064206513,NA,1.55072798893338,-0.486413580886226,1.52653845797536,10,0.1,0.257167518110627,"0.442317440571554",0.00485066056720181,0.570442931703951
530008,NA,-0.34336793841696,0.561227902343766,-2.08668589569221,NA,NA,0.0450498802965776,NA,0.383666978363526,0.644983189827844,-0.734890603490924,7,0.142857142857143,-0.218573783824054,"-0.391668354490558",0.00485066056720181,0.570442931703951
530012,-0.0882677387541848,0.155993273033145,-0.122756830284411,-1.47448910639092,NA,NA,0.0450498802965776,-0.355598940444343,1.55072798893338,-0.486413580886226,0.254484610900575,9,0.111111111111111,-0.0579189381773779,"-0.110036596574319",0.00485066056720181,0.570442931703951
530014,0.075346140379583,0.667684390938808,-0.165712393203088,-0.0052168120678136,0.246775239995002,-0.971152411296336,1.60658776930276,-2.1147606057074,0.617079180477497,-1.90065954427881,0.678502559925508,11,0.0909090909090909,-0.115047862321299,"-0.210184956679814",0.00485066056720181,0.570442931703951
530015,NA,2.18734536158635,1.52277165690801,0.729419335093738,-0.495420735099661,0.276644665870556,0.0450498802965776,NA,1.31731578681941,-0.203564388207709,1.38519914163372,9,0.111111111111111,0.751640078322332,"1.30913957602108",0.00485066056720181,0.570442931703951
530025,NA,0.898870136980523,0.353058635891712,1.95381291369632,0.172555642485536,-0.277931812870285,-0.735719064206513,NA,-0.316569627978388,NA,0.678502559925508,8,0.125,0.340822422990552,"0.588966474560007",0.00485066056720181,0.570442931703951
530034,NA,NA,NA,0.60697997723348,NA,NA,-0.735719064206513,NA,NA,-0.0621397918684502,0.395823927242222,4,0.25,0.0512362621001846,"0.0813150605520274",0.00485066056720181,0.570442931703951
531301,NA,NA,NA,NA,NA,NA,NA,NA,NA,NA,-0.0281940217827077,1,1,-0.0281940217827077,"-0.0579281125479159",0.00485066056720181,0.570442931703951
531302,NA,NA,1.38399214593998,0.239661903652703,NA,NA,0.0450498802965776,NA,0.850491382591465,0.220709400810067,0.254484610900575,6,0.166666666666667,0.499064887365228,"0.86636927084323",0.00485066056720181,0.570442931703951
531303,NA,NA,1.29147247196129,NA,NA,NA,NA,NA,NA,NA,-0.593551287149281,2,0.5,0.348960592406003,"0.603232878722719",0.00485066056720181,0.570442931703951
531304,NA,0.365601682777633,-0.218580778333769,NA,NA,NA,NA,NA,NA,NA,-0.169533338124351,3,0.333333333333333,-0.00750414456016206,"-0.0216582666568578",0.00485066056720181,0.570442931703951
531305,NA,1.10847854672501,0.217583398994344,-0.494974243508849,NA,NA,NA,NA,NA,NA,0.961181192608791,4,0.25,0.448067223704825,"0.776969155904353",0.00485066056720181,0.570442931703951
531306,NA,1.99006685829742,-0.178929489485758,-0.0052168120678136,NA,NA,-0.735719064206513,NA,NA,NA,-0.0281940217827077,5,0.2,0.208401494150925,"0.356829443000904",0.00485066056720181,0.570442931703951
531307,NA,1.58009746865011,-2.2804477984303,-1.2296103906704,NA,NA,0.0450498802965776,NA,NA,NA,0.254484610900575,5,0.2,-0.326085245850687,"-0.580138499445267",0.00485066056720181,0.570442931703951
531308,NA,NA,NA,NA,NA,NA,NA,NA,NA,NA,NA,0,NA,NA,"NaN",0.00485066056720181,0.570442931703951
531309,NA,1.32116943308339,1.17912715355859,NA,NA,NA,NA,NA,NA,NA,0.819841876267148,3,0.333333333333333,1.10671282096971,"1.93159052231776",0.00485066056720181,0.570442931703951
531310,NA,1.15471569593336,-0.714221888933897,NA,-0.718079527628061,-2.77352596720407,0.0450498802965776,NA,NA,0.0792848044708086,0.113145294558936,7,0.142857142857143,-0.401947386929479,"-0.713126633511871",0.00485066056720181,0.570442931703951
531311,NA,NA,NA,NA,NA,NA,NA,NA,NA,NA,0.537163243583865,1,1,0.537163243583865,"0.933156593643137",0.00485066056720181,0.570442931703951
531312,NA,0.528972943313779,0.4356654876584,-0.984731674949884,-0.12432274755233,-0.139287693185075,0.0450498802965776,NA,0.26696087730654,NA,0.395823927242222,8,0.125,0.0530163750162789,"0.0844356407488526",0.00485066056720181,0.570442931703951
531313,NA,NA,0.48853387278908,NA,NA,NA,NA,NA,NA,0.927832382506361,-0.0281940217827077,3,0.333333333333333,0.462724077837578,"0.802662969111876",0.00485066056720181,0.570442931703951
531314,NA,NA,NA,NA,NA,NA,NA,NA,NA,NA,-0.169533338124351,1,1,-0.169533338124351,"-0.305699289095679",0.00485066056720181,0.570442931703951
531315,NA,NA,NA,NA,NA,NA,NA,NA,NA,NA,-0.310872654465994,1,1,-0.310872654465994,"-0.553470465643442",0.00485066056720181,0.570442931703951
531316,NA,NA,NA,-0.494974243508849,NA,NA,NA,NA,NA,NA,0.113145294558936,2,0.5,-0.190914474474957,"-0.343180928646789",0.00485066056720181,0.570442931703951
531318,NA,NA,NA,0.484540619373221,1.360069202637,0.415288785555766,0.825818824799667,NA,NA,NA,NA,4,0.25,0.771429358091413,"1.34383065319854",0.00485066056720181,0.570442931703951
531319,NA,NA,NA,NA,NA,NA,NA,NA,NA,NA,NA,0,NA,NA,"NaN",0.00485066056720181,0.570442931703951
650001,-1.88802040922563,-1.76130718080615,-0.354056015231137,-0.127656169928072,NA,NA,0.0450498802965776,NA,0.150254776249555,NA,-0.876229919832567,7,0.142857142857143,-0.687423576925346,"-1.21357317098255",0.00485066056720181,0.570442931703951
660001,-2.11298949303456,-2.8648338085786,-0.905869785032613,NA,NA,NA,NA,NA,-1.01680623432031,NA,-1.86560513422407,5,0.2,-1.75322089103803,"-3.08194116167547",0.00485066056720181,0.570442931703951
670005,NA,NA,NA,-0.0052168120678136,NA,NA,0.825818824799667,NA,NA,0.927832382506361,0.254484610900575,4,0.25,0.500729751534697,"0.869287817251538",0.00485066056720181,0.570442931703951
670006,NA,NA,NA,NA,NA,NA,0.0450498802965776,NA,NA,-0.769262773564744,1.10252050895044,3,0.333333333333333,0.126102538560757,"0.212557420303847",0.00485066056720181,0.570442931703951
670008,NA,NA,NA,-0.37253488564859,NA,NA,2.38735671380585,NA,NA,2.05922915322043,1.66787777431701,4,0.25,1.43548218892367,"2.50793102840819",0.00485066056720181,0.570442931703951
670023,-0.247791270909608,0.276209860974837,-0.0335414303763876,-1.96424653783195,NA,NA,-0.735719064206513,-0.453330144070068,-0.433275729035377,0.0792848044708086,-0.0281940217827077,9,0.111111111111111,-0.393400392529663,"-0.698143549447204",0.00485066056720181,0.570442931703951
670025,0.288044183253481,0.599869905433238,2.1043238933455,NA,NA,NA,-1.5164880087096,1.59902513207016,NA,NA,1.24385982529208,6,0.166666666666667,0.719772488447476,"1.25327493452282",0.00485066056720181,0.570442931703951
670031,NA,-0.777997140975385,-1.79141523597151,0.362101261512963,NA,NA,0.825818824799667,NA,-0.0831574258644167,NA,0.537163243583865,6,0.166666666666667,-0.154581078819136,"-0.279487623608736",0.00485066056720181,0.570442931703951
670034,0.848421719286635,0.180653085944261,0.842091198350505,-1.10717103281014,0.320994837504468,0.831221144611397,-0.735719064206513,-1.62610458757877,1.31731578681941,-1.05211196624326,1.52653845797536,11,0.0909090909090909,0.122375416332123,"0.206023686565573",0.00485066056720181,0.570442931703951
670041,1.39652821438476,0.174488132716482,0.670268946675794,0.974298050814256,NA,NA,0.0450498802965776,0.0353258740585582,1.08390358470544,NA,0.819841876267148,8,0.125,0.649963069989877,"1.13089736688591",0.00485066056720181,0.570442931703951
670043,-0.251881617887953,-0.0536151367113437,-0.575442377965861,-3.18864011643454,NA,NA,-1.5164880087096,NA,-0.199863526921402,-0.0621397918684502,-0.876229919832567,8,0.125,-0.840537562041464,"-1.48198562138974",0.00485066056720181,0.570442931703951
670044,NA,-0.27863592952528,0.590966368979773,-0.25009552778833,NA,NA,-0.735719064206513,NA,-0.0831574258644167,NA,0.537163243583865,6,0.166666666666667,-0.0365797224701502,"-0.0726284449061306",0.00485066056720181,0.570442931703951
670047,-0.889975746509647,1.05607644428889,-2.1681024800276,0.117222545792445,NA,NA,-1.5164880087096,NA,NA,NA,-0.169533338124351,6,0.166666666666667,-0.595133430548311,"-1.05178635367314",0.00485066056720181,0.570442931703951
670049,NA,NA,NA,0.239661903652703,NA,NA,0.825818824799667,NA,NA,1.06925697884562,1.10252050895044,4,0.25,0.809314554062107,"1.41024430102398",0.00485066056720181,0.570442931703951
670053,NA,-0.272470976297501,-1.42794508819808,0.60697997723348,NA,NA,-0.735719064206513,NA,NA,NA,-0.734890603490924,5,0.2,-0.512809150991908,"-0.90746993746215",0.00485066056720181,0.570442931703951
670054,NA,NA,NA,NA,NA,NA,-1.5164880087096,NA,NA,-0.344988984546967,1.10252050895044,3,0.333333333333333,-0.25298549476871,"-0.451992900614507",0.00485066056720181,0.570442931703951
670055,1.12656531381404,0.467323411035988,-0.317709000453794,0.974298050814256,NA,NA,-3.85879484221887,-0.941986162198694,0.150254776249555,1.21068157518488,-0.593551287149281,9,0.111111111111111,-0.198102018324658,"-0.355780863627544",0.00485066056720181,0.570442931703951
670056,-1.09449309542686,0.85263298777218,0.210974850853009,0.362101261512963,NA,NA,0.0450498802965776,0.817175503064359,-0.199863526921402,NA,0.819841876267148,8,0.125,0.226677467177247,"0.388867657536634",0.00485066056720181,0.570442931703951
670059,NA,NA,NA,NA,NA,NA,-1.5164880087096,NA,NA,NA,0.819841876267148,2,0.5,-0.348323066221227,"-0.619121926418609",0.00485066056720181,0.570442931703951
670060,NA,0.821808221633285,-0.363968837443139,0.362101261512963,NA,NA,0.0450498802965776,NA,0.500373079420508,NA,-0.593551287149281,6,0.166666666666667,0.128635386378486,"0.216997562651063",0.00485066056720181,0.570442931703951
670062,NA,NA,-0.512661170623178,NA,NA,NA,NA,NA,NA,NA,-0.169533338124351,2,0.5,-0.341097254373764,"-0.606454906729402",0.00485066056720181,0.570442931703951
670067,NA,NA,NA,NA,NA,NA,0.0450498802965776,NA,NA,0.220709400810067,0.537163243583865,3,0.333333333333333,0.267640841563503,"0.460677425191912",0.00485066056720181,0.570442931703951
670068,NA,0.300869673885953,-0.284666259747119,1.34161612439503,NA,NA,0.825818824799667,NA,0.967197483648454,NA,1.52653845797536,6,0.166666666666667,0.779562384159558,"1.35808804095134",0.00485066056720181,0.570442931703951
670069,NA,NA,NA,NA,NA,NA,-0.735719064206513,NA,NA,-1.75923494793955,-0.593551287149281,3,0.333333333333333,-1.02950176643178,"-1.81324435716875",0.00485066056720181,0.570442931703951
670071,-0.0841773917758405,0.115921077052581,NA,NA,NA,NA,0.825818824799667,0.328519484935734,NA,NA,0.961181192608791,5,0.2,0.429452637524186,"0.744337344471375",0.00485066056720181,0.570442931703951
670073,NA,NA,NA,NA,NA,NA,0.825818824799667,NA,NA,-0.344988984546967,0.819841876267148,3,0.333333333333333,0.433557238839949,"0.751532808009686",0.00485066056720181,0.570442931703951
670075,NA,0.0542715447747901,0.151497917580993,0.484540619373221,NA,NA,0.0450498802965776,NA,-0.433275729035377,NA,-0.0281940217827077,6,0.166666666666667,0.045648368534583,"0.0715193504905316",0.00485066056720181,0.570442931703951
670076,NA,NA,NA,-0.127656169928072,NA,NA,0.825818824799667,NA,NA,-1.19353656258252,0.113145294558936,4,0.25,-0.0955571532879974,"-0.176017281089406",0.00485066056720181,0.570442931703951
670077,1.55605174654018,-0.155336864969698,0.224191947135679,0.239661903652703,0.840532020070734,0.415288785555766,0.825818824799667,0.523981892187183,0.26696087730654,-1.6178103516003,-0.169533338124351,11,0.0909090909090909,0.268164312959464,"0.461595082974781",0.00485066056720181,0.570442931703951
670078,NA,NA,-0.0269328822350526,NA,NA,NA,NA,NA,1.08390358470544,NA,-0.0281940217827077,3,0.333333333333333,0.342925560229226,"0.59265332406201",0.00485066056720181,0.570442931703951
670080,-1.0985834424052,0.2577150012915,-1.17351598475668,-0.25009552778833,NA,NA,-1.5164880087096,NA,-1.48363063854824,NA,-1.86560513422407,7,0.142857142857143,-1.01860053359152,"-1.79413423723492",0.00485066056720181,0.570442931703951
670082,NA,0.0542715447747901,0.131672273156988,0.117222545792445,NA,NA,-2.29725695321269,NA,-1.48363063854824,-0.486413580886226,-0.734890603490924,7,0.142857142857143,-0.671289344630552,"-1.18528947878814",0.00485066056720181,0.570442931703951
670085,1.07339080309557,1.07457130397223,1.04365191666122,-0.127656169928072,NA,NA,-1.5164880087096,NA,0.617079180477497,NA,1.52653845797536,7,0.142857142857143,0.527298211934886,"0.915862958994161",0.00485066056720181,0.570442931703951
670088,0.635723676412737,-0.485161862655879,-0.552312459471188,1.34161612439503,0.172555642485536,-0.416575932555496,0.825818824799667,-0.0624053295671671,-1.71704284066222,-0.910687369904002,0.113145294558936,11,0.0909090909090909,-0.0959387483785491,"-0.176686226341146",0.00485066056720181,0.570442931703951
670090,NA,NA,NA,NA,NA,NA,NA,NA,NA,NA,0.113145294558936,1,1,0.113145294558936,"0.189843063999847",0.00485066056720181,0.570442931703951
670093,NA,NA,NA,NA,NA,NA,NA,NA,NA,NA,NA,0,NA,NA,"NaN",0.00485066056720181,0.570442931703951
670098,-2.25615163727661,-0.386522611011414,0.168019287934331,-1.59692846425118,NA,NA,0.825818824799667,NA,0.967197483648454,0.644983189827844,-0.452211970807637,8,0.125,-0.260724487142067,"-0.46555953794708",0.00485066056720181,0.570442931703951
670102,NA,NA,NA,-0.127656169928072,NA,NA,NA,NA,NA,NA,-0.452211970807637,2,0.5,-0.289934070367855,"-0.516764630695861",0.00485066056720181,0.570442931703951
670103,NA,-0.682440365944809,-0.691091970439224,-0.0052168120678136,NA,NA,-0.735719064206513,NA,-0.0831574258644167,NA,-1.3002478688575,6,0.166666666666667,-0.582978917896712,"-1.03047920448068",0.00485066056720181,0.570442931703951
670106,NA,-0.571471207844786,-0.281361985676451,0.239661903652703,NA,NA,-0.735719064206513,NA,NA,NA,-0.310872654465994,5,0.2,-0.331952601708208,"-0.590424113538153",0.00485066056720181,0.570442931703951
670107,NA,NA,NA,NA,NA,NA,NA,NA,NA,NA,NA,0,NA,NA,"NaN",0.00485066056720181,0.570442931703951
670108,NA,0.0573540213886797,0.726441605877142,-0.862292317089623,-0.346981540080729,-0.555220052240705,-0.735719064206513,NA,0.850491382591465,-0.486413580886226,1.24385982529208,9,0.111111111111111,-0.0120533021504921,"-0.0296330478970098",0.00485066056720181,0.570442931703951
670109,NA,NA,NA,-0.25009552778833,NA,NA,0.825818824799667,NA,NA,NA,NA,2,0.5,0.287861648505669,"0.496124979747044",0.00485066056720181,0.570442931703951
670112,NA,NA,NA,NA,NA,NA,-0.735719064206513,NA,NA,1.35210617152414,0.819841876267148,3,0.333333333333333,0.478742994528257,"0.830744510315007",0.00485066056720181,0.570442931703951
670115,NA,NA,NA,NA,NA,NA,NA,NA,NA,NA,NA,0,NA,NA,"NaN",0.00485066056720181,0.570442931703951
670120,NA,-0.340285461803071,-1.7517639471235,-1.47448910639092,NA,NA,0.825818824799667,NA,NA,NA,-0.452211970807637,5,0.2,-0.638586332265091,"-1.12796032183325",0.00485066056720181,0.570442931703951
670122,0.778885820654784,0.72008649337493,0.432361213587733,-0.862292317089623,0.395214435013935,0.969865264296607,0.0450498802965776,-0.551061347695793,-0.316569627978388,0.0792848044708086,1.95055640700029,11,0.0909090909090909,0.331034638721078,"0.57180825640094",0.00485066056720181,0.570442931703951
670124,NA,NA,0.680181768887796,NA,NA,NA,NA,NA,NA,NA,0.254484610900575,2,0.5,0.467333189894186,"0.810742851954565",0.00485066056720181,0.570442931703951
670128,NA,-0.488244339269769,-3.27833856777189,0.974298050814256,NA,NA,0.825818824799667,NA,NA,NA,0.254484610900575,5,0.2,-0.342396284105432,"-0.608732136684356",0.00485066056720181,0.570442931703951
670131,NA,NA,NA,0.484540619373221,NA,NA,0.825818824799667,NA,NA,NA,0.254484610900575,3,0.333333333333333,0.521614685024488,"0.905899601409168",0.00485066056720181,0.570442931703951
670132,NA,NA,NA,NA,NA,NA,0.0450498802965776,NA,NA,NA,-0.169533338124351,2,0.5,-0.0622417289138867,"-0.117614551346406",0.00485066056720181,0.570442931703951
670134,NA,NA,NA,NA,NA,NA,NA,NA,-0.0831574258644167,NA,0.254484610900575,2,0.5,0.0856635925180791,"0.141666987983327",0.00485066056720181,0.570442931703951
670135,NA,NA,NA,NA,NA,NA,NA,NA,NA,NA,NA,0,NA,NA,"NaN",0.00485066056720181,0.570442931703951
670136,NA,NA,-0.826567207336592,-0.127656169928072,NA,NA,0.825818824799667,NA,NA,NA,-0.452211970807637,4,0.25,-0.145154130818159,"-0.26296195999359",0.00485066056720181,0.570442931703951
670260,NA,0.31936453356929,-0.565529555753858,-1.71936782211143,NA,NA,-0.735719064206513,NA,-1.01680623432031,NA,-0.310872654465994,6,0.166666666666667,-0.671488466214802,"-1.18563854365192",0.00485066056720181,0.570442931703951
670265,NA,NA,NA,NA,NA,NA,0.825818824799667,NA,NA,NA,-0.452211970807637,2,0.5,0.186803426996015,"0.318967518600517",0.00485066056720181,0.570442931703951
670266,NA,NA,NA,-0.127656169928072,NA,NA,0.825818824799667,NA,NA,NA,NA,2,0.5,0.349081327435798,"0.603444530095861",0.00485066056720181,0.570442931703951
670267,NA,NA,NA,NA,NA,NA,0.0450498802965776,NA,NA,NA,-0.0281940217827077,2,0.5,0.00842792925693494,"0.00627103692747596",0.00485066056720181,0.570442931703951
670285,NA,NA,NA,NA,NA,NA,NA,NA,NA,NA,NA,0,NA,NA,"NaN",0.00485066056720181,0.570442931703951
670300,NA,0.834138128088843,0.105238080591648,-0.37253488564859,NA,NA,NA,NA,0.26696087730654,NA,0.819841876267148,5,0.2,0.330728815321118,"0.571272140721415",0.00485066056720181,0.570442931703951
670309,NA,1.09923111688334,-0.621702214955206,0.239661903652703,NA,NA,0.0450498802965776,NA,NA,NA,-0.452211970807637,5,0.2,0.0620057430139561,"0.100194216231286",0.00485066056720181,0.570442931703951
670314,NA,NA,NA,NA,NA,NA,NA,NA,NA,NA,NA,0,NA,NA,"NaN",0.00485066056720181,0.570442931703951
670320,NA,NA,NA,NA,NA,NA,NA,NA,NA,NA,NA,0,NA,NA,"NaN",0.00485066056720181,0.570442931703951
670321,NA,NA,NA,NA,NA,NA,NA,NA,NA,NA,NA,0,NA,NA,"NaN",0.00485066056720181,0.570442931703951
670322,NA,NA,NA,NA,NA,NA,-0.735719064206513,NA,NA,NA,NA,1,1,-0.735719064206513,"-1.29823630658651",0.00485066056720181,0.570442931703951
670326,NA,NA,NA,NA,NA,NA,NA,NA,NA,NA,NA,0,NA,NA,"NaN",0.00485066056720181,0.570442931703951
670331,NA,NA,NA,NA,NA,NA,NA,NA,NA,NA,NA,0,NA,NA,"NaN",0.00485066056720181,0.570442931703951
670333,NA,NA,NA,NA,NA,NA,NA,NA,NA,NA,NA,0,NA,NA,"NaN",0.00485066056720181,0.570442931703951
670335,NA,NA,NA,NA,NA,NA,NA,NA,NA,NA,NA,0,NA,NA,"NaN",0.00485066056720181,0.570442931703951
670342,NA,NA,NA,NA,NA,NA,NA,NA,NA,NA,NA,0,NA,NA,"NaN",0.00485066056720181,0.570442931703951
671300,NA,NA,0.336537265538374,0.484540619373221,NA,NA,0.0450498802965776,NA,NA,0.786407786167103,-0.169533338124351,5,0.2,0.296600442650185,"0.511444293316963",0.00485066056720181,0.570442931703951
671301,NA,NA,NA,NA,NA,NA,NA,NA,NA,NA,NA,0,NA,NA,"NaN",0.00485066056720181,0.570442931703951
671302,NA,NA,NA,NA,NA,NA,NA,NA,NA,NA,NA,0,NA,NA,"NaN",0.00485066056720181,0.570442931703951
1014666666,-0.329598210476492,0.704674110305483,-0.000498689669712414,NA,NA,NA,NA,NA,1.20060968576243,0.0792848044708086,0.678502559925508,6,0.166666666666667,0.388829043386337,"0.673123219656989",0.00485066056720181,0.570442931703951
1019666666,NA,0.951272239416646,0.405927021022392,NA,NA,NA,NA,NA,0.617079180477497,NA,0.678502559925508,4,0.25,0.663195250210511,"1.1540936929077",0.00485066056720181,0.570442931703951
1021666666,NA,NA,NA,NA,NA,NA,NA,NA,NA,NA,NA,0,NA,NA,"NaN",0.00485066056720181,0.570442931703951
2013666666,NA,NA,NA,NA,NA,NA,NA,NA,NA,NA,NA,0,NA,NA,"NaN",0.00485066056720181,0.570442931703951
2014666666,NA,NA,NA,NA,NA,NA,NA,NA,NA,NA,NA,0,NA,NA,"NaN",0.00485066056720181,0.570442931703951
3012666666,0.251231060448383,0.98826195878332,0.0887167102383106,NA,NA,NA,NA,NA,0.967197483648454,0.220709400810067,2.9399316213918,6,0.166666666666667,0.909341372553389,"1.58559368819667",0.00485066056720181,0.570442931703951
3013666666,0.0426233645528294,0.0326942084775634,0.121759450944986,NA,NA,NA,NA,NA,-0.900100133263316,0.786407786167103,-0.452211970807637,6,0.166666666666667,-0.0614712156547453,"-0.116263823313297",0.00485066056720181,0.570442931703951
3033666666,NA,0.747828782899936,0.571140724555768,NA,NA,NA,NA,NA,0.26696087730654,NA,-1.15890855251585,4,0.25,0.106755458061598,"0.178641528943131",0.00485066056720181,0.570442931703951
4009666666,NA,1.83594302760294,1.91267599724678,NA,NA,NA,NA,NA,1.43402188787639,NA,2.09189572334194,4,0.25,1.81863415901701,"3.17960552694013",0.00485066056720181,0.570442931703951
4010666666,-1.86756867433391,-1.03692517654211,-1.54689895474211,NA,NA,NA,NA,NA,-0.0831574258644167,NA,-2.57230171593229,5,0.2,-1.42137038948297,"-2.50019935524479",0.00485066056720181,0.570442931703951
5015666666,NA,NA,NA,NA,NA,NA,NA,NA,NA,NA,NA,0,NA,NA,"NaN",0.00485066056720181,0.570442931703951
5020666666,NA,NA,NA,NA,NA,NA,NA,NA,NA,NA,NA,0,NA,NA,"NaN",0.00485066056720181,0.570442931703951
5022666666,NA,NA,NA,NA,NA,NA,NA,NA,NA,NA,NA,0,NA,NA,"NaN",0.00485066056720181,0.570442931703951
5025666666,0.173514467859844,0.522807990086,0.323320169255704,NA,NA,NA,NA,NA,-1.13351233537729,0.220709400810067,0.254484610900575,6,0.166666666666667,0.0602207172558171,"0.0970650237057392",0.00485066056720181,0.570442931703951
5027666666,-1.68759340728676,-0.112182192375245,-0.902565510961945,NA,NA,NA,NA,NA,0.26696087730654,NA,-0.593551287149281,5,0.2,-0.605786304093339,"-1.07046109386706",0.00485066056720181,0.570442931703951
5030666666,NA,-0.34336793841696,-0.354056015231137,NA,NA,NA,NA,NA,0.500373079420508,NA,0.395823927242222,4,0.25,0.0496932632536583,"0.078610146947581",0.00485066056720181,0.570442931703951
5031666666,-1.28264905643069,0.418003785213756,-0.149191022849751,NA,NA,NA,NA,NA,-0.316569627978388,0.786407786167103,0.537163243583865,6,0.166666666666667,-0.00113914871568402,"-0.0105002778542524",0.00485066056720181,0.570442931703951
5039666666,NA,NA,NA,NA,NA,NA,NA,NA,NA,NA,NA,0,NA,NA,"NaN",0.00485066056720181,0.570442931703951
5041666666,NA,NA,NA,NA,NA,NA,NA,NA,NA,NA,NA,0,NA,NA,"NaN",0.00485066056720181,0.570442931703951
5114666666,-1.63850924354663,0.0974262173692437,-0.205363682051099,NA,NA,NA,NA,NA,-0.199863526921402,1.21068157518488,0.254484610900575,6,0.166666666666667,-0.0801906748440731,"-0.1490794796199",0.00485066056720181,0.570442931703951
5127666666,-0.284604393714706,-0.642368169964245,0.389405650669055,NA,NA,NA,NA,NA,-0.666687931149345,-1.6178103516003,0.395823927242222,6,0.166666666666667,-0.404373544752886,"-0.717379745766519",0.00485066056720181,0.570442931703951
5128666666,-2.66518633511103,-0.349532891644739,-1.6394186287208,NA,NA,NA,NA,NA,-2.06716114383317,-1.05211196624326,-1.44158718519914,6,0.166666666666667,-1.53583302512536,"-2.70085507254939",0.00485066056720181,0.570442931703951
5130666666,0.496651879149035,-0.445089666675315,-1.06447494042465,NA,NA,NA,NA,NA,-1.8337489417192,0.927832382506361,0.819841876267148,6,0.166666666666667,-0.183164568482771,"-0.329595159481351",0.00485066056720181,0.570442931703951
6003666666,NA,NA,NA,NA,NA,NA,NA,NA,NA,NA,NA,0,NA,NA,"NaN",0.00485066056720181,0.570442931703951
6005666666,-0.808168806942763,1.63866452431401,0.362971458103715,NA,NA,NA,NA,NA,-0.549981830092359,0.927832382506361,2.23323503968358,6,0.166666666666667,0.634092127928758,"1.1030752287209",0.00485066056720181,0.570442931703951
6007666666,NA,0.65227200786936,1.25182118311328,NA,NA,NA,NA,NA,0.500373079420508,0.644983189827844,0.395823927242222,5,0.2,0.689054677494642,"1.19942588276741",0.00485066056720181,0.570442931703951
7003666666,-1.51579883419631,0.908117566822192,-0.383794481867145,NA,NA,NA,NA,NA,-0.316569627978388,NA,-0.876229919832567,5,0.2,-0.436855059410443,"-0.774320611981712",0.00485066056720181,0.570442931703951
8002666666,NA,0.79098345549439,0.633921931898451,NA,NA,NA,NA,NA,-0.783394032206331,NA,0.254484610900575,4,0.25,0.223998991521771,"0.384172226133049",0.00485066056720181,0.570442931703951
9002666666,-2.0148211655543,0.815643268405506,-1.14377751812067,NA,NA,NA,NA,NA,0.26696087730654,-0.910687369904002,0.678502559925508,6,0.166666666666667,-0.384696557990237,"-0.682885520894852",0.00485066056720181,0.570442931703951
10009666666,0.480290491235658,-1.08007984913656,-0.135973926567081,NA,NA,NA,NA,NA,-6.61869908505561,-0.344988984546967,-1.86560513422407,6,0.166666666666667,-1.59417608138244,"-2.80313183506936",0.00485066056720181,0.570442931703951
10013666666,NA,NA,NA,NA,NA,NA,NA,NA,NA,NA,NA,0,NA,NA,"NaN",0.00485066056720181,0.570442931703951
10015666666,NA,-1.08007984913656,-1.05456211821265,NA,NA,NA,NA,NA,-1.36692453749126,NA,-2.14828376690736,4,0.25,-1.41246256793696,"-2.48458373262782",0.00485066056720181,0.570442931703951
10021666666,NA,NA,NA,NA,NA,NA,NA,NA,NA,NA,NA,0,NA,NA,"NaN",0.00485066056720181,0.570442931703951
10057666666,0.283953836275137,-0.623873310280908,-1.75506822119416,NA,NA,NA,NA,NA,-1.36692453749126,-2.32493333329659,-0.169533338124351,6,0.166666666666667,-0.992729817352023,"-1.74878225756849",0.00485066056720181,0.570442931703951
10063666666,-0.697729438527469,0.621447241730465,-0.304491904171124,NA,NA,NA,NA,NA,-2.06716114383317,-0.0621397918684502,-0.734890603490924,6,0.166666666666667,-0.540827606693446,"-0.95658695538688",0.00485066056720181,0.570442931703951
10064666666,-2.17025435073138,0.377931589233192,-0.39040303000848,NA,NA,NA,NA,NA,0.73378528153448,-0.344988984546967,0.395823927242222,6,0.166666666666667,-0.233017594546155,"-0.416988697542152",0.00485066056720181,0.570442931703951
10065666666,0.47210979727897,0.0881787875275751,-0.235102148687106,NA,NA,NA,NA,NA,-4.98481367025781,-0.203564388207709,-0.310872654465994,6,0.166666666666667,-0.862344046135346,"-1.52021290563138",0.00485066056720181,0.570442931703951
10099666666,0.26759244836176,0.917364996663861,-0.618397940884538,NA,NA,NA,NA,NA,-0.199863526921402,0.786407786167103,-1.01756923617421,6,0.166666666666667,0.0225890878687621,"0.0310958841203877",0.00485066056720181,0.570442931703951
11029666666,-1.60987681469822,0.485818270719325,0.0523696954609679,NA,NA,NA,NA,NA,-2.06716114383317,1.4935307678634,0.678502559925508,6,0.166666666666667,-0.161136110760367,"-0.290978750199875",0.00485066056720181,0.570442931703951
11030666666,-0.284604393714706,0.418003785213756,-0.175625215415091,NA,NA,NA,NA,NA,-1.13351233537729,-1.90065954427881,-0.169533338124351,6,0.166666666666667,-0.540988506949415,"-0.956869017354917",0.00485066056720181,0.570442931703951
11031666666,NA,2.45552082699474,1.70450673079473,NA,NA,NA,NA,NA,0.967197483648454,NA,1.80921709065865,4,0.25,1.73411053302414,"3.03143360421967",0.00485066056720181,0.570442931703951
11032666666,NA,NA,NA,NA,NA,NA,NA,NA,NA,NA,NA,0,NA,NA,"NaN",0.00485066056720181,0.570442931703951
11033666666,NA,NA,NA,NA,NA,NA,NA,NA,NA,NA,NA,0,NA,NA,"NaN",0.00485066056720181,0.570442931703951
11035666666,NA,NA,NA,NA,NA,NA,NA,NA,NA,NA,NA,0,NA,NA,"NaN",0.00485066056720181,0.570442931703951
12001666666,NA,NA,NA,NA,NA,NA,NA,NA,NA,NA,NA,0,NA,NA,"NaN",0.00485066056720181,0.570442931703951
13003666666,NA,0.969767099099983,0.759484346583817,NA,NA,NA,NA,NA,-0.316569627978388,-1.05211196624326,-0.0281940217827077,5,0.2,0.0664751659358889,"0.108029220705059",0.00485066056720181,0.570442931703951
14003666666,0.153062732968123,0.294704720658174,-0.195450859839096,NA,NA,NA,NA,NA,-1.36692453749126,0.927832382506361,-0.734890603490924,6,0.166666666666667,-0.153611027448103,"-0.277787100529004",0.00485066056720181,0.570442931703951
14004666666,NA,NA,2.57353081138029,NA,NA,NA,NA,NA,1.08390358470544,NA,1.38519914163372,3,0.333333333333333,1.68087784590648,"2.938115440107",0.00485066056720181,0.570442931703951
14007666666,-4.2358795747952,0.226890235152604,-0.575442377965861,NA,NA,NA,NA,NA,-1.95045504277619,-0.627838177225485,-0.876229919832567,6,0.166666666666667,-1.33982580957378,"-2.35724977102328",0.00485066056720181,0.570442931703951
14008666666,NA,-1.24345110967271,-0.93560825166862,NA,NA,NA,NA,NA,-1.01680623432031,NA,-2.85498034861557,4,0.25,-1.5127114860693,"-2.66032246574332",0.00485066056720181,0.570442931703951
14034666666,NA,-1.34209036131717,0.541402257919761,NA,NA,NA,NA,NA,0.150254776249555,NA,-0.310872654465994,4,0.25,-0.240326495403462,"-0.429801374237917",0.00485066056720181,0.570442931703951
15003666666,-0.0841773917758405,0.572127615908232,-0.211972230192434,NA,NA,NA,NA,NA,-1.13351233537729,-0.203564388207709,-0.169533338124351,6,0.166666666666667,-0.205105344628232,"-0.368057860877127",0.00485066056720181,0.570442931703951
15004666666,NA,1.77429349532515,1.15930150913459,NA,NA,NA,NA,NA,0.383666978363526,NA,2.23323503968358,4,0.25,1.38762425562671,"2.42403493532486",0.00485066056720181,0.570442931703951
16003666666,NA,1.72189139288903,0.904872405693188,NA,NA,NA,NA,NA,0.500373079420508,0.0792848044708086,0.254484610900575,5,0.2,0.692181258674822,"1.20490685379258",0.00485066056720181,0.570442931703951
16004666666,0.750253391806375,0.553632756224895,1.40712206443465,NA,NA,NA,NA,NA,0.150254776249555,0.927832382506361,1.66787777431701,6,0.166666666666667,0.909495524256474,"1.58586391979131",0.00485066056720181,0.570442931703951
17002666666,NA,NA,NA,NA,NA,NA,NA,NA,NA,NA,NA,0,NA,NA,"NaN",0.00485066056720181,0.570442931703951
17005666666,NA,0.945107286188867,0.574444998626436,NA,NA,NA,NA,NA,1.43402188787639,NA,0.678502559925508,4,0.25,0.908019183154301,"1.58327585879498",0.00485066056720181,0.570442931703951
17008666666,2.19823622214022,0.966684622486093,-0.00380296374037992,NA,NA,NA,NA,NA,0.617079180477497,0.220709400810067,1.38519914163372,6,0.166666666666667,0.89735093396787,"1.56457416473671",0.00485066056720181,0.570442931703951
18003666666,NA,NA,NA,NA,NA,NA,NA,NA,NA,NA,NA,0,NA,NA,"NaN",0.00485066056720181,0.570442931703951
18006666666,-1.10676413636189,0.689261727236035,-0.0764969932950653,NA,NA,NA,NA,NA,0.26696087730654,0.220709400810067,-1.01756923617421,6,0.166666666666667,-0.17064972674642,"-0.307656344850117",0.00485066056720181,0.570442931703951
18007666666,-0.210978148104511,-0.0320378004141169,0.128367999086321,NA,NA,NA,NA,NA,1.43402188787639,-1.47638575526104,-1.72426581788243,6,0.166666666666667,-0.313546272449896,"-0.558157381433451",0.00485066056720181,0.570442931703951
19043666666,NA,1.80820073807794,NA,NA,NA,NA,NA,NA,NA,NA,1.24385982529208,2,0.5,1.52603028168501,"2.6666639843778",0.00485066056720181,0.570442931703951
19047666666,-2.39113308756197,-0.401934994080861,-0.803437288841919,NA,NA,NA,NA,NA,-1.95045504277619,NA,-1.58292650154078,5,0.2,-1.42597738296034,"-2.5082755241678",0.00485066056720181,0.570442931703951
19048666666,0.44347736843056,0.556715232838785,-0.942216799809955,NA,NA,NA,NA,NA,-0.0831574258644167,-1.05211196624326,-0.0281940217827077,6,0.166666666666667,-0.184247935405166,"-0.331494327412415",0.00485066056720181,0.570442931703951
19050666666,NA,NA,NA,NA,NA,NA,NA,NA,NA,NA,NA,0,NA,NA,"NaN",0.00485066056720181,0.570442931703951
20003666666,NA,0.205312898855377,-0.512661170623178,NA,NA,NA,NA,NA,-0.199863526921402,-0.0621397918684502,0.395823927242222,5,0.2,-0.0347055326630862,"-0.0693429456863126",0.00485066056720181,0.570442931703951
21007666666,NA,NA,NA,NA,NA,NA,NA,NA,NA,NA,NA,0,NA,NA,"NaN",0.00485066056720181,0.570442931703951
21020666666,-1.32764287319248,-0.54681139493367,-0.188842311697761,NA,NA,NA,NA,NA,-2.76739775017508,-0.486413580886226,-3.13765898129885,6,0.166666666666667,-1.40912781536401,"-2.47873783220973",0.00485066056720181,0.570442931703951
22001666666,NA,NA,NA,NA,NA,NA,NA,NA,NA,NA,NA,0,NA,NA,"NaN",0.00485066056720181,0.570442931703951
22009666666,NA,NA,NA,NA,NA,NA,NA,NA,NA,NA,NA,0,NA,NA,"NaN",0.00485066056720181,0.570442931703951
22010666666,-0.877704705574614,-0.257058593228053,-0.790220192559249,NA,NA,NA,NA,NA,-3.11751605334604,1.35210617152414,-3.13765898129885,6,0.166666666666667,-1.13800872574711,"-2.00345963250087",0.00485066056720181,0.570442931703951
23005666666,NA,1.6417470009279,0.92800232418786,NA,NA,NA,NA,NA,NA,NA,0.961181192608791,3,0.333333333333333,1.17697683924152,"2.05476501421991",0.00485066056720181,0.570442931703951
23011666666,-1.89211075620397,0.569045139294343,0.191149206429004,NA,NA,NA,NA,NA,1.66743408999036,0.786407786167103,0.819841876267148,6,0.166666666666667,0.356961223657331,"0.617258175218952",0.00485066056720181,0.570442931703951
23012666666,NA,NA,NA,NA,NA,NA,NA,NA,NA,NA,NA,0,NA,NA,"NaN",0.00485066056720181,0.570442931703951
23037666666,1.9282733215695,0.929694903119419,0.491838146859748,NA,NA,NA,NA,NA,0.617079180477497,-0.769262773564744,0.537163243583865,6,0.166666666666667,0.622464337007548,"1.08269143522472",0.00485066056720181,0.570442931703951
24002666666,NA,NA,NA,NA,NA,NA,NA,NA,NA,NA,NA,0,NA,NA,"NaN",0.00485066056720181,0.570442931703951
24003666666,-2.59974078345752,-0.272470976297501,0.210974850853009,NA,NA,NA,NA,NA,2.83449510056022,0.362133997149326,1.95055640700029,6,0.166666666666667,0.414324765967971,"0.717817826539885",0.00485066056720181,0.570442931703951
25039666666,NA,NA,NA,NA,NA,NA,NA,NA,NA,NA,NA,0,NA,NA,"NaN",0.00485066056720181,0.570442931703951
25042666666,NA,1.24410751773615,0.79583136136116,NA,NA,NA,NA,NA,0.967197483648454,NA,2.09189572334194,4,0.25,1.27475802152193,"2.22617774780981",0.00485066056720181,0.570442931703951
25043666666,0.333038000015267,1.21636522821115,-0.555616733541855,NA,NA,NA,NA,NA,-0.433275729035377,NA,0.961181192608791,5,0.2,0.304338391651594,"0.525009101593744",0.00485066056720181,0.570442931703951
26002666666,NA,NA,NA,NA,NA,NA,NA,NA,NA,NA,NA,0,NA,NA,"NaN",0.00485066056720181,0.570442931703951
26004666666,1.53150966467012,0.692344203849924,-0.139278200637748,NA,NA,NA,NA,NA,-0.666687931149345,1.35210617152414,-0.876229919832567,6,0.166666666666667,0.315627331404086,"0.544798880947782",0.00485066056720181,0.570442931703951
26007666666,NA,NA,2.02171704157881,NA,NA,NA,NA,NA,1.90084629210434,NA,0.537163243583865,3,0.333333333333333,1.48657552575567,"2.59749886068788",0.00485066056720181,0.570442931703951
26009666666,0.909776923961798,0.7879009788805,1.43686053107066,NA,NA,NA,NA,NA,-0.433275729035377,NA,-0.0281940217827077,5,0.2,0.534613736618974,"0.928687247415505",0.00485066056720181,0.570442931703951
26023666666,-1.40944981275936,-0.380357657783635,-0.515965444693845,NA,NA,NA,NA,NA,-0.549981830092359,2.05922915322043,-1.3002478688575,6,0.166666666666667,-0.349462243494377,"-0.62111893121933",0.00485066056720181,0.570442931703951
27003666666,NA,2.14727316560579,0.551315080131763,NA,NA,NA,NA,NA,0.850491382591465,0.786407786167103,1.66787777431701,5,0.2,1.20067303776262,"2.09630501270902",0.00485066056720181,0.570442931703951
28006666666,1.20428190640258,0.211477852083157,0.48853387278908,NA,NA,NA,NA,NA,-0.199863526921402,1.91780455688117,-0.310872654465994,6,0.166666666666667,0.551893667794765,"0.958979376944001",0.00485066056720181,0.570442931703951
29001666666,NA,NA,NA,NA,NA,NA,NA,NA,NA,NA,NA,0,NA,NA,"NaN",0.00485066056720181,0.570442931703951
29002666666,0.0998882222496481,1.40131382504452,-0.611789392743203,NA,NA,NA,NA,NA,1.08390358470544,1.35210617152414,1.38519914163372,6,0.166666666666667,0.785103592069043,"1.36780190994948",0.00485066056720181,0.570442931703951
29004666666,NA,0.18990051578593,0.776005716937154,NA,NA,NA,NA,NA,0.383666978363526,0.786407786167103,0.819841876267148,5,0.2,0.591164574704172,"1.02782220893791",0.00485066056720181,0.570442931703951
31001666666,NA,-1.8044618534006,-0.254927793111111,NA,NA,NA,NA,NA,-1.95045504277619,NA,-2.43096239959064,4,0.25,-1.61020177221964,"-2.83122525151214",0.00485066056720181,0.570442931703951
32005666666,-0.783626725072698,0.310117103727622,-0.370577385584474,NA,NA,NA,NA,NA,-0.900100133263316,0.503558593488585,0.254484610900575,6,0.166666666666667,-0.164357322633951,"-0.296625611076848",0.00485066056720181,0.570442931703951
33009666666,NA,0.0481065915470111,-0.568833829824526,NA,NA,NA,NA,NA,-2.6506916491181,-2.89063171865363,-1.72426581788243,5,0.2,-1.55726328478633,"-2.73842282642963",0.00485066056720181,0.570442931703951
33011666666,NA,NA,1.83006914548009,NA,NA,NA,NA,NA,NA,NA,0.113145294558936,2,0.5,0.971607220019514,"1.69474719682221",0.00485066056720181,0.570442931703951
33012666666,-0.0841773917758405,-0.371110227941966,-0.0831055414364004,NA,NA,NA,NA,NA,1.08390358470544,-0.203564388207709,0.678502559925508,6,0.166666666666667,0.170074765878172,"0.289641778569216",0.00485066056720181,0.570442931703951
33015666666,NA,1.94382970908908,1.30799384231463,NA,NA,NA,NA,NA,0.150254776249555,NA,0.678502559925508,4,0.25,1.02014522189469,"1.77983546626608",0.00485066056720181,0.570442931703951
33016666666,NA,0.596787428819349,0.663660398534459,NA,NA,NA,NA,NA,1.20060968576243,NA,0.395823927242222,4,0.25,0.714220360089614,"1.24354192171946",0.00485066056720181,0.570442931703951
33017666666,-0.215068495082855,-1.10165718543379,-2.43244440568101,NA,NA,NA,NA,NA,-0.549981830092359,0.786407786167103,-0.734890603490924,6,0.166666666666667,-0.707939122268971,"-1.24953740895171",0.00485066056720181,0.570442931703951
33019666666,NA,0.482735794105436,-0.221885052404436,NA,NA,NA,NA,NA,-0.0831574258644167,0.0792848044708086,0.819841876267148,5,0.2,0.215363999314908,"0.369034879823804",0.00485066056720181,0.570442931703951
33020666666,NA,-1.61643077995334,0.495142420930415,NA,NA,NA,NA,NA,0.73378528153448,0.927832382506361,-0.876229919832567,5,0.2,-0.0671801229629301,"-0.126271673338069",0.00485066056720181,0.570442931703951
33024666666,0.373941469798709,-0.728677515153152,-0.542399637259185,NA,NA,NA,NA,NA,-2.06716114383317,0.0792848044708086,-0.734890603490924,6,0.166666666666667,-0.603317104244486,"-1.0661325279201",0.00485066056720181,0.570442931703951
33025666666,NA,NA,NA,NA,NA,NA,NA,NA,NA,NA,NA,0,NA,NA,"NaN",0.00485066056720181,0.570442931703951
34011666666,NA,NA,NA,NA,NA,NA,NA,NA,NA,NA,NA,0,NA,NA,"NaN",0.00485066056720181,0.570442931703951
34012666666,0.292134530231825,0.840303081316622,0.984174983389208,NA,NA,NA,NA,NA,0.73378528153448,0.786407786167103,1.10252050895044,6,0.166666666666667,0.789887695264946,"1.37618855641315",0.00485066056720181,0.570442931703951
34013666666,NA,1.62941709447234,0.508359517213085,NA,NA,NA,NA,NA,-0.199863526921402,NA,1.52653845797536,4,0.25,0.866112885684848,"1.5098131245925",0.00485066056720181,0.570442931703951
34014666666,NA,NA,NA,NA,NA,NA,NA,NA,NA,NA,NA,0,NA,NA,"NaN",0.00485066056720181,0.570442931703951
34017666666,NA,1.85135541067239,1.47981609398934,NA,NA,NA,NA,NA,1.20060968576243,NA,3.08127093773344,4,0.25,1.9032630320394,"3.3279619502016",0.00485066056720181,0.570442931703951
34036666666,0.95068039374524,0.572127615908232,0.657051850393124,NA,NA,NA,NA,NA,1.78414019104735,2.48350294223821,1.24385982529208,6,0.166666666666667,1.28189380310404,"2.23868694230679",0.00485066056720181,0.570442931703951
35002666666,NA,-0.537563965092001,1.0766946573679,NA,NA,NA,NA,NA,-0.666687931149345,0.786407786167103,0.254484610900575,5,0.2,0.182667031638846,"0.311716319352919",0.00485066056720181,0.570442931703951
36001666666,-2.24797094331992,-0.00737798750300062,0.323320169255704,NA,NA,NA,NA,NA,0.033548675192569,-0.203564388207709,-0.452211970807637,6,0.166666666666667,-0.425709407564999,"-0.754782019729983",0.00485066056720181,0.570442931703951
36003666666,0.103978569227992,0.948189762802756,0.584357820838438,NA,NA,NA,NA,NA,-1.01680623432031,-1.75923494793955,-0.0281940217827077,6,0.166666666666667,-0.194618175195563,"-0.34967360392553",0.00485066056720181,0.570442931703951
36006666666,NA,NA,NA,NA,NA,NA,NA,NA,NA,NA,NA,0,NA,NA,"NaN",0.00485066056720181,0.570442931703951
36007666666,NA,1.51228298314454,0.00610985847162263,NA,NA,NA,NA,NA,2.36767069633228,-0.910687369904002,0.113145294558936,5,0.2,0.617704292520675,"1.07434696424906",0.00485066056720181,0.570442931703951
36008666666,NA,NA,NA,NA,NA,NA,NA,NA,NA,NA,NA,0,NA,NA,"NaN",0.00485066056720181,0.570442931703951
37012666666,NA,1.34582924599451,1.17582287948792,NA,NA,NA,NA,NA,1.66743408999036,0.786407786167103,2.37457435602522,5,0.2,1.47001367153302,"2.56846553710339",0.00485066056720181,0.570442931703951
37014666666,-0.0105511461656451,-0.593048544142013,-0.350751741160469,NA,NA,NA,NA,NA,0.850491382591465,NA,-0.0281940217827077,5,0.2,-0.026410814131874,"-0.054802107207632",0.00485066056720181,0.570442931703951
38003666666,0.721620962957966,0.0974262173692437,0.197757754570339,NA,NA,NA,NA,NA,1.20060968576243,1.35210617152414,1.95055640700029,6,0.166666666666667,0.920012866530734,"1.60430107045043",0.00485066056720181,0.570442931703951
38004666666,NA,NA,NA,NA,NA,NA,NA,NA,NA,NA,NA,0,NA,NA,"NaN",0.00485066056720181,0.570442931703951
39001666666,NA,0.464240934422099,2.6330077446523,NA,NA,NA,NA,NA,0.26696087730654,NA,1.52653845797536,4,0.25,1.22268700358908,"2.1348960173529",0.00485066056720181,0.570442931703951
39004666666,NA,NA,NA,NA,NA,NA,NA,NA,NA,NA,NA,0,NA,NA,"NaN",0.00485066056720181,0.570442931703951
39005666666,NA,NA,NA,NA,NA,NA,NA,NA,NA,NA,0.678502559925508,1,1,0.678502559925508,"1.1809277701909",0.00485066056720181,0.570442931703951
39006666666,NA,1.14855074270558,1.463294723636,NA,NA,NA,NA,NA,-1.01680623432031,1.77637996054191,1.66787777431701,5,0.2,1.00785939337604,"1.7582981172416",0.00485066056720181,0.570442931703951
39009666666,1.2615467640994,0.00186944233866801,0.40923129509306,NA,NA,NA,NA,NA,0.033548675192569,-0.627838177225485,0.678502559925508,6,0.166666666666667,0.292810093237287,"0.504799720823836",0.00485066056720181,0.570442931703951
39012666666,-1.41763050671605,-0.14608943512803,0.191149206429004,NA,NA,NA,NA,NA,-1.13351233537729,0.220709400810067,-1.72426581788243,6,0.166666666666667,-0.668273247977453,"-1.18000218976154",0.00485066056720181,0.570442931703951
39013666666,NA,1.50920050653065,0.908176679763855,NA,NA,NA,NA,NA,-2.76739775017508,0.644983189827844,1.80921709065865,5,0.2,0.420835943321185,"0.729232074997244",0.00485066056720181,0.570442931703951
40003666666,-2.55065661971739,-0.953698307967089,-1.30568694758338,NA,NA,NA,NA,NA,-4.75140146814384,0.0792848044708086,-2.289623083249,6,0.166666666666667,-1.96196360369832,"-3.4478720919383",0.00485066056720181,0.570442931703951
41005666666,NA,-1.1848840540088,-1.34203396236072,NA,NA,NA,NA,NA,0.150254776249555,0.362133997149326,-1.01756923617421,5,0.2,-0.606419695828972,"-1.07157144461457",0.00485066056720181,0.570442931703951
42011666666,NA,0.174488132716482,0.210974850853009,NA,NA,NA,NA,NA,-1.71704284066222,0.786407786167103,3.08127093773344,5,0.2,0.507219773361564,"0.880664979569038",0.00485066056720181,0.570442931703951
42029666666,0.922047964896831,0.137498413349808,0.323320169255704,NA,NA,NA,NA,NA,1.78414019104735,-0.203564388207709,-1.58292650154078,6,0.166666666666667,0.2300859748002,"0.394842852308128",0.00485066056720181,0.570442931703951
43002666666,NA,0.0141993487942261,-0.106235459931073,NA,NA,NA,NA,NA,0.617079180477497,NA,1.10252050895044,4,0.25,0.406890894572772,"0.704786073524743",0.00485066056720181,0.570442931703951
43005666666,NA,1.86368531712795,1.23860408683061,NA,NA,NA,NA,NA,0.26696087730654,1.35210617152414,1.95055640700029,5,0.2,1.33438257195791,"2.33070100004448",0.00485066056720181,0.570442931703951
44013666666,0.676627146196179,-0.901296205530967,-0.502748348411175,NA,NA,NA,NA,NA,-0.316569627978388,NA,0.254484610900575,5,0.2,-0.157900484964755,"-0.285306621375443",0.00485066056720181,0.570442931703951
44016666666,0.177604814838188,0.972849575713872,-0.813350111053922,NA,NA,NA,NA,NA,1.31731578681941,1.35210617152414,0.819841876267148,6,0.166666666666667,0.637728019018138,"1.10944903210649",0.00485066056720181,0.570442931703951
44017666666,NA,1.69106662675013,1.2286912646186,NA,NA,NA,NA,NA,0.73378528153448,NA,0.395823927242222,4,0.25,1.01234177503636,"1.76615583869138",0.00485066056720181,0.570442931703951
44018666666,-0.411405150043376,0.279292337588726,-0.00380296374037992,NA,NA,NA,NA,NA,-0.433275729035377,-0.486413580886226,-0.0281940217827077,6,0.166666666666667,-0.18063318464989,"-0.325157583534324",0.00485066056720181,0.570442931703951
45060666666,NA,0.963602145872204,0.571140724555768,NA,NA,NA,NA,NA,0.383666978363526,1.4935307678634,-0.593551287149281,5,0.2,0.563677865901123,"0.979637355948416",0.00485066056720181,0.570442931703951
45066666666,-3.31146115768941,-0.0166254173446692,0.498446695001083,NA,NA,NA,NA,NA,-2.76739775017508,NA,-0.452211970807637,5,0.2,-1.20984992020314,"-2.12939895169172",0.00485066056720181,0.570442931703951
45068666666,NA,NA,NA,NA,NA,NA,NA,NA,NA,NA,NA,0,NA,NA,"NaN",0.00485066056720181,0.570442931703951
45069666666,NA,NA,NA,NA,NA,NA,NA,NA,NA,NA,NA,0,NA,NA,"NaN",0.00485066056720181,0.570442931703951
45070666666,NA,NA,NA,NA,NA,NA,NA,NA,NA,NA,NA,0,NA,NA,"NaN",0.00485066056720181,0.570442931703951
45074666666,-0.902246787444679,0.0943437407553541,-0.321013274524462,NA,NA,NA,NA,NA,0.033548675192569,-0.0621397918684502,-0.169533338124351,6,0.166666666666667,-0.221173462669003,"-0.396225653214873",0.00485066056720181,0.570442931703951
45086666666,0.0794364873579271,0.735498876444378,0.951132242682533,NA,NA,NA,NA,NA,2.13425849421831,0.362133997149326,0.819841876267148,6,0.166666666666667,0.847050329019937,"1.47639601026702",0.00485066056720181,0.570442931703951
45090666666,-0.108719473645906,-0.0844399028502391,0.263843235983689,NA,NA,NA,NA,NA,-0.199863526921402,0.644983189827844,-0.452211970807637,6,0.166666666666667,0.0105985919310581,"0.010076260120687",0.00485066056720181,0.570442931703951
46002666666,0.0303523236177968,0.18681803917204,1.59216141239203,NA,NA,NA,NA,NA,0.150254776249555,1.4935307678634,1.38519914163372,6,0.166666666666667,0.806386076821423,"1.40511061090718",0.00485066056720181,0.570442931703951
47001666666,NA,0.439581121510982,0.700007413311802,NA,NA,NA,NA,NA,0.033548675192569,0.644983189827844,0.819841876267148,5,0.2,0.527592455222069,"0.916378774461107",0.00485066056720181,0.570442931703951
49001666666,NA,NA,NA,NA,NA,NA,NA,NA,NA,NA,NA,0,NA,NA,"NaN",0.00485066056720181,0.570442931703951
49006666666,NA,1.33349933953895,-6.4306160311887,NA,NA,NA,NA,NA,0.967197483648454,-0.627838177225485,0.254484610900575,5,0.2,-0.900654554865242,"-1.58737213681944",0.00485066056720181,0.570442931703951
49008666666,NA,NA,NA,NA,NA,NA,NA,NA,NA,NA,NA,0,NA,NA,"NaN",0.00485066056720181,0.570442931703951
49010666666,1.40879925531979,0.945107286188867,1.19234424984126,NA,NA,NA,NA,NA,0.383666978363526,2.48350294223821,1.10252050895044,6,0.166666666666667,1.25265687015035,"2.18743390483579",0.00485066056720181,0.570442931703951
49011666666,1.01612594539875,0.784818502266611,0.323320169255704,NA,NA,NA,NA,NA,2.48437679738926,-0.0621397918684502,1.95055640700029,6,0.166666666666667,1.08284300490703,"1.88974616815707",0.00485066056720181,0.570442931703951
50005666666,NA,NA,NA,NA,NA,NA,NA,NA,NA,NA,NA,0,NA,NA,"NaN",0.00485066056720181,0.570442931703951
50011666666,NA,1.02833415476388,0.50175096907175,NA,NA,NA,NA,NA,0.26696087730654,NA,-0.0281940217827077,4,0.25,0.442212994839867,"0.766706553741029",0.00485066056720181,0.570442931703951
50030666666,-1.56079265095809,0.79098345549439,0.574444998626436,NA,NA,NA,NA,NA,-0.666687931149345,NA,1.52653845797536,5,0.2,0.13289726599775,"0.224468738788759",0.00485066056720181,0.570442931703951
51002666666,NA,1.14855074270558,1.1989527979826,NA,NA,NA,NA,NA,0.150254776249555,NA,1.38519914163372,4,0.25,0.970739364642862,"1.69322582574647",0.00485066056720181,0.570442931703951
51003666666,NA,-0.0443677068696751,0.174627836075666,NA,NA,NA,NA,NA,0.967197483648454,0.220709400810067,0.113145294558936,5,0.2,0.28626246164469,"0.493321567219515",0.00485066056720181,0.570442931703951
51004666666,NA,1.38898391858896,1.00730490188388,NA,NA,NA,NA,NA,-0.433275729035377,-0.344988984546967,0.395823927242222,5,0.2,0.402769606826544,"0.697561358277737",0.00485066056720181,0.570442931703951
51005666666,NA,-0.802656953886501,-0.816654385124589,NA,NA,NA,NA,NA,-0.316569627978388,-0.344988984546967,1.80921709065865,5,0.2,-0.0943305721755583,"-0.173867055283689",0.00485066056720181,0.570442931703951
52002666666,NA,NA,1.89615462689344,NA,NA,NA,NA,NA,NA,NA,0.254484610900575,2,0.5,1.07531961889701,"1.87655749389732",0.00485066056720181,0.570442931703951
52003666666,-1.78167138778868,-0.377275181169745,-1.05456211821265,NA,NA,NA,NA,NA,-4.51798926602987,0.786407786167103,-0.734890603490924,6,0.166666666666667,-1.27999679508746,"-2.25236808845495",0.00485066056720181,0.570442931703951
52004666666,-3.52415920056331,0.495065700560994,0.138280821298323,NA,NA,NA,NA,NA,0.73378528153448,0.786407786167103,-1.44158718519914,6,0.166666666666667,-0.468701132700258,"-0.830147534395648",0.00485066056720181,0.570442931703951
53004666666,NA,2.57881989155032,-0.202059407980431,NA,NA,NA,NA,NA,0.73378528153448,NA,-0.0281940217827077,4,0.25,0.770587935830416,"1.342355620002",0.00485066056720181,0.570442931703951
53005666666,NA,NA,-0.0798012673657328,NA,NA,NA,NA,NA,NA,NA,0.254484610900575,2,0.5,0.087341671767421,"0.144608700740341",0.00485066056720181,0.570442931703951
