"PROVIDER_ID","std_MORT_30_AMI","std_MORT_30_CABG","std_MORT_30_COPD","std_MORT_30_HF","std_MORT_30_PN","std_MORT_30_STK","std_PSI_4_SURG_COMP","std_Hybrid_HWM","total_cnt","measure_wt","score_before_std","grp_score","mean","sd"
10001,0.635591151542161,-0.406721194245036,-0.340213335448815,0.630641111450807,-0.741557494250773,-0.154132633878333,-1.25445587805913,-0.504467970574157,8,0.125,-0.26691453043291,"-0.25470301268696",-0.0790428376355905,0.737610799398833
10005,NA,NA,-0.0164328356093239,-1.15756234292856,-1.75544858540472,0.198481617092807,-0.468571622699055,-0.683426272769272,6,0.166666666666667,-0.64716000705302,"-0.770212651279585",-0.0790428376355905,0.737610799398833
10006,-2.02606225760104,-3.27674051841931,0.113079364326474,-0.423940412926769,-1.17608224760246,0.492326826235425,-2.68380714316214,-1.75717608593996,8,0.125,-1.34230030938622,"-1.71263418699972",-0.0790428376355905,0.737610799398833
10007,NA,NA,-1.50582313487099,-0.836602748552777,-3.27628522213563,NA,NA,-1.0413428771595,4,0.25,-1.66501349567972,"-2.15014565857323",-0.0790428376355905,0.737610799398833
10011,-0.48058608455015,0.549951913813056,-0.14594503554512,-1.2951164548039,-1.35713422816567,0.257250658921331,-0.128064935450785,0.211365238206305,8,0.125,-0.298534865946866,"-0.297571603466443",-0.0790428376355905,0.737610799398833
10012,-0.566445871941866,NA,-0.404969435416714,-1.98288701418058,-1.24850303982774,NA,NA,-0.683426272769272,5,0.2,-0.977246326827235,"-1.21772009022061",-0.0790428376355905,0.737610799398833
10016,-1.68262310803418,0.549951913813056,-0.340213335448815,0.447235628950359,-0.19840155256116,-1.62335867959142,1.36688457611831,-0.146551366183927,8,0.125,-0.203384490367222,"-0.168573525269657",-0.0790428376355905,0.737610799398833
10018,NA,NA,NA,NA,NA,NA,NA,NA,0,NA,NA,"NaN",-0.0790428376355905,0.737610799398833
10019,NA,NA,0.177835464294372,-3.17502265043349,-0.850188682588695,-0.0365945502212864,NA,-2.47300929472042,5,0.2,-1.2713959427339,"-1.61650711468718",-0.0790428376355905,0.737610799398833
10021,NA,NA,NA,NA,0.127492012452607,NA,NA,-0.325509668379042,2,0.5,-0.0990088279632175,"-0.0270684625874508",-0.0790428376355905,0.737610799398833
10022,NA,NA,NA,NA,NA,NA,NA,0.0324069360111874,1,1,0.0324069360111874,"0.151095637072575",-0.0790428376355905,0.737610799398833
10023,-0.566445871941866,0.90870432933484,0.177835464294372,-0.423940412926769,-0.379453533124364,-2.03474197239108,-0.901865303303954,0.211365238206305,8,0.125,-0.376067757731565,"-0.402685156369803",-0.0790428376355905,0.737610799398833
10024,0.378011789367012,-0.406721194245036,0.69588426403756,-0.653197266052329,-1.61060700095415,-0.624284968506521,-0.0939711099848618,-1.57821778374485,8,0.125,-0.486637908760397,"-0.552588263969297",-0.0790428376355905,0.737610799398833
10029,-1.42504374585903,-1.00464188678134,-1.44106703490309,-0.974156860428112,-0.488084721462287,-0.741823052163566,-1.76672639486991,0.0324069360111874,8,0.125,-0.976142095057018,"-1.21622305171315",-0.0790428376355905,0.737610799398833
10033,0.721450938933877,0.310783636798532,-0.275457235480917,0.630641111450807,0.670647954142219,-0.741823052163566,-1.21690951330552,1.10615674918188,8,0.125,0.150686323694664,"0.311450376699321",-0.0790428376355905,0.737610799398833
10034,NA,NA,NA,NA,NA,NA,NA,0.0324069360111874,1,1,0.0324069360111874,"0.151095637072575",-0.0790428376355905,0.737610799398833
10035,-0.394726297158433,NA,-0.404969435416714,-0.0112780773007613,-1.32092383205303,-0.624284968506521,-0.181147726998994,-2.65196759691554,7,0.142857142857143,-0.798471133478569,"-0.975349461300359",-0.0790428376355905,0.737610799398833
10036,NA,NA,0.113079364326474,-0.607345895427217,-0.705347098138132,0.433557784406901,NA,-0.504467970574157,5,0.2,-0.254104763081226,"-0.237336445708651",-0.0790428376355905,0.737610799398833
10039,-4.25841672978566,0.90870432933484,-0.0811889355772215,-0.653197266052329,-1.64681739706679,0.257250658921331,-2.58540977346302,-0.146551366183927,8,0.125,-1.0257033099841,"-1.28341460445001",-0.0790428376355905,0.737610799398833
10040,0.89317051371731,0.310783636798532,-0.275457235480917,0.355532887700135,-1.35713422816567,0.198481617092807,-0.359816635136871,-1.22030117935462,8,0.125,-0.181842577853661,"-0.139368540023891",-0.0790428376355905,0.737610799398833
10044,NA,NA,NA,-1.06585960167834,-0.125980760335879,NA,NA,-1.0413428771595,3,0.333333333333333,-0.744394413057906,"-0.902036108967751",-0.0790428376355905,0.737610799398833
10045,NA,NA,-0.599237735320409,0.355532887700135,0.163702408565247,NA,NA,-0.146551366183927,4,0.25,-0.0566384513097384,"0.030374265593877",-0.0790428376355905,0.737610799398833
10046,0.120432427191864,NA,-0.210701135513018,-0.286386301051433,-0.777767890363414,-0.683054010335044,-0.640335452261556,0.0324069360111874,7,0.142857142857143,-0.34934363233163,"-0.366454497299037",-0.0790428376355905,0.737610799398833
10049,NA,NA,-0.858262135192003,-0.469791783551881,-1.28471343594039,-1.68212772141994,NA,0.0324069360111874,5,0.2,-0.852497628018605,"-1.04859472097398",-0.0790428376355905,0.737610799398833
10051,NA,NA,NA,NA,NA,NA,NA,NA,0,NA,NA,"NaN",-0.0790428376355905,0.737610799398833
10052,NA,NA,NA,NA,-0.850188682588695,NA,NA,-0.504467970574157,2,0.5,-0.677328326581426,"-0.811112702570854",-0.0790428376355905,0.737610799398833
10055,-1.85434268281761,-1.60256257931765,-1.82960363471048,-1.06585960167834,-0.415663929237006,-0.330439759363904,0.17705322409868,-1.57821778374485,8,0.125,-1.06245459334639,"-1.33323936758017",-0.0790428376355905,0.737610799398833
10056,0.0345726398001479,-1.36339430230313,0.631128164069661,0.401384258325247,0.670647954142219,0.0809435334357605,1.45708216500917,0.748240144791648,8,0.125,0.33257556965884,"0.558042815574159",-0.0790428376355905,0.737610799398833
10058,NA,NA,NA,NA,-0.451874325349647,NA,NA,-1.22030117935462,2,0.5,-0.836087752352132,"-1.02634738446556",-0.0790428376355905,0.737610799398833
10061,NA,NA,-0.469725535384612,-0.928305489803001,-0.958819870926618,-0.212901675706857,NA,-2.47300929472042,5,0.2,-1.0085523733083,"-1.26016259039358",-0.0790428376355905,0.737610799398833
10062,NA,NA,NA,NA,NA,NA,NA,-1.57821778374485,1,1,-1.57821778374485,"-2.03247423618406",-0.0790428376355905,0.737610799398833
10065,-0.0512871475915684,NA,-0.404969435416714,-0.240534930426321,-2.18997333875641,NA,NA,-1.22030117935462,5,0.2,-0.821413206309125,"-1.00645268382537",-0.0790428376355905,0.737610799398833
10073,NA,NA,NA,NA,-0.99503026703926,NA,NA,-0.146551366183927,2,0.5,-0.570790816611593,"-0.666676761480155",-0.0790428376355905,0.737610799398833
10078,-1.42504374585903,NA,1.08442086384495,-0.790751377927665,-1.24850303982774,0.198481617092807,-2.23195606388592,-2.11509269033019,7,0.142857142857143,-0.932634919556113,"-1.15723913290887",-0.0790428376355905,0.737610799398833
10079,NA,NA,-1.1172865350636,1.27256030020237,-1.75544858540472,-3.38642993444712,NA,-1.57821778374485,5,0.2,-1.31296450769158,"-1.67286280388202",-0.0790428376355905,0.737610799398833
10083,0.635591151542161,NA,-0.275457235480917,-0.469791783551881,-0.19840155256116,0.0809435334357605,NA,-0.146551366183927,6,0.166666666666667,-0.0622778754666605,"0.0227287374081206",-0.0790428376355905,0.737610799398833
10085,-0.0512871475915684,NA,0.69588426403756,-1.47852193730435,-0.451874325349647,-0.154132633878333,-0.105623430080809,-1.75717608593996,7,0.142857142857143,-0.471818756586729,"-0.5324975166731",-0.0790428376355905,0.737610799398833
10086,NA,NA,0.0483232643585746,0.309681517075023,0.018860824114684,NA,NA,0.748240144791648,4,0.25,0.281276437584982,"0.488495118989906",-0.0790428376355905,0.737610799398833
10087,0.721450938933877,NA,NA,-0.423940412926769,-0.0173495719979558,-0.154132633878333,-1.65538200284195,-0.683426272769272,6,0.166666666666667,-0.368796659246734,"-0.392827520756609",-0.0790428376355905,0.737610799398833
10089,NA,NA,-0.275457235480917,0.126276034574575,0.308543993015811,-1.09443730313471,NA,0.211365238206305,5,0.2,-0.144741854563787,"-0.0890700312166553",-0.0790428376355905,0.737610799398833
10090,-1.51090353325075,0.0716153597840098,-0.599237735320409,0.493086999575471,-0.451874325349647,-0.565515926677996,1.26546623454246,-0.683426272769272,8,0.125,-0.247598649933266,"-0.228515922536725",-0.0790428376355905,0.737610799398833
10091,NA,NA,NA,NA,NA,NA,NA,NA,0,NA,NA,"NaN",-0.0790428376355905,0.737610799398833
10092,-0.995744808900447,NA,0.177835464294372,-0.928305489803001,0.0550712202273249,-1.50582059593437,-1.19317330570267,-1.93613438813508,7,0.142857142857143,-0.903753129136266,"-1.11808326582641",-0.0790428376355905,0.737610799398833
10095,NA,NA,NA,NA,NA,NA,NA,-0.146551366183927,1,1,-0.146551366183927,"-0.0915232377337164",-0.0790428376355905,0.737610799398833
10097,NA,NA,NA,NA,-0.560505513687569,NA,NA,-0.504467970574157,2,0.5,-0.532486742130863,"-0.614746835139666",-0.0790428376355905,0.737610799398833
10099,NA,NA,NA,0.355532887700135,-1.57439660484151,NA,NA,0.0324069360111874,3,0.333333333333333,-0.395485593710063,"-0.429010470470849",-0.0790428376355905,0.737610799398833
10100,0.0345726398001479,-2.43965154886848,-0.858262135192003,-0.515643154176993,-1.50197581261623,-0.44797784302095,-1.59064689119779,-0.325509668379042,8,0.125,-0.955636801706418,"-1.18842344063464",-0.0790428376355905,0.737610799398833
10101,NA,NA,NA,-0.469791783551881,0.344754389128452,NA,NA,-0.325509668379042,3,0.333333333333333,-0.15018235426749,"-0.0964458718471582",-0.0790428376355905,0.737610799398833
10103,-2.28364161977619,0.310783636798532,-1.0525304350957,0.538938370200583,-0.234611948673802,-0.0365945502212864,2.96325242926324,0.569281842596533,8,0.125,0.0968597156364891,"0.238476108830624",-0.0790428376355905,0.737610799398833
10104,-0.566445871941866,-3.27674051841931,0.0483232643585746,-0.469791783551881,0.344754389128452,0.0221744916072371,0.70917584181366,-0.683426272769272,8,0.125,-0.483997057471801,"-0.549007986550977",-0.0790428376355905,0.737610799398833
10108,NA,NA,0.501615964133864,-0.699048636677441,-0.488084721462287,0.0221744916072371,NA,-0.146551366183927,5,0.2,-0.161978853716511,"-0.112438722627861",-0.0790428376355905,0.737610799398833
10112,NA,NA,NA,0.309681517075023,0.127492012452607,NA,NA,-0.862384574964387,3,0.333333333333333,-0.141737015145586,"-0.0849962847088089",-0.0790428376355905,0.737610799398833
10113,0.120432427191864,-1.48297844081039,0.177835464294372,-0.0112780773007613,-1.17608224760246,-1.09443730313471,-0.785342102344469,0.211365238206305,8,0.125,-0.505060630187531,"-0.577564472888891",-0.0790428376355905,0.737610799398833
10114,NA,NA,0.307347664230169,-0.423940412926769,0.996541519155986,NA,NA,-0.325509668379042,4,0.25,0.138609775520086,"0.295077855873406",-0.0790428376355905,0.737610799398833
10118,NA,NA,0.501615964133864,0.493086999575471,-0.596715909800209,-2.15228005604813,NA,-1.0413428771595,5,0.2,-0.559127175859701,"-0.650864031024746",-0.0790428376355905,0.737610799398833
10120,NA,NA,NA,-1.66192741980479,-1.75544858540472,NA,NA,-3.18884250350088,3,0.333333333333333,-2.2020728362368,"-2.87825232538829",-0.0790428376355905,0.737610799398833
10125,NA,NA,0.566372064101763,-1.61607604917968,0.851699934705422,NA,NA,-3.367800805696,4,0.25,-0.891451214017123,"-1.10140520860549",-0.0790428376355905,0.737610799398833
10126,NA,NA,NA,-0.332237671676545,-0.524295117574929,NA,NA,-0.504467970574157,3,0.333333333333333,-0.453666919941877,"-0.507888553979432",-0.0790428376355905,0.737610799398833
10128,NA,NA,NA,NA,NA,NA,NA,-0.325509668379042,1,1,-0.325509668379042,"-0.334142112540009",-0.0790428376355905,0.737610799398833
10129,NA,NA,NA,-0.928305489803001,-0.777767890363414,NA,NA,0.211365238206305,3,0.333333333333333,-0.498236047320037,"-0.568312191234316",-0.0790428376355905,0.737610799398833
10130,NA,NA,1.27868916374865,-0.515643154176993,-0.596715909800209,NA,NA,0.390323540401418,4,0.25,0.139163410043215,"0.295828433988016",-0.0790428376355905,0.737610799398833
10131,0.721450938933877,NA,0.69588426403756,-1.20341371355367,-0.813978286476055,-0.0953635920498098,-0.293355253848868,-0.683426272769272,7,0.142857142857143,-0.238885987960891,"-0.216703918185005",-0.0790428376355905,0.737610799398833
10138,NA,NA,NA,NA,NA,NA,NA,NA,0,NA,NA,"NaN",-0.0790428376355905,0.737610799398833
10139,-0.909885021508731,-1.1242260252886,0.954908663909153,-0.0112780773007613,0.0550712202273249,-1.91720388873403,0.510223265360613,0.390323540401418,8,0.125,-0.256508290366703,"-0.240594976206626",-0.0790428376355905,0.737610799398833
10144,-0.738165446725299,-0.406721194245036,0.0483232643585746,-0.836602748552777,0.236123200790529,0.0809435334357605,-1.3135806133608,-0.683426272769272,8,0.125,-0.45163828463354,"-0.505138275228104",-0.0790428376355905,0.737610799398833
10148,NA,NA,0.177835464294372,0.814046593951255,-1.79165898151736,NA,NA,-0.146551366183927,4,0.25,-0.236582072363914,"-0.213580434094404",-0.0790428376355905,0.737610799398833
10149,0.20629221458358,NA,-0.0811889355772215,0.538938370200583,0.018860824114684,-0.212901675706857,NA,0.927198446986763,6,0.166666666666667,0.232866540766922,"0.422864441053093",-0.0790428376355905,0.737610799398833
10150,NA,NA,NA,NA,NA,NA,NA,-0.862384574964387,1,1,-0.862384574964387,"-1.06199873695889",-0.0790428376355905,0.737610799398833
10157,NA,NA,NA,NA,NA,NA,NA,-0.146551366183927,1,1,-0.146551366183927,"-0.0915232377337164",-0.0790428376355905,0.737610799398833
10158,NA,NA,-0.534481635352511,NA,-0.0173495719979558,NA,NA,-0.146551366183927,3,0.333333333333333,-0.232794191178131,"-0.208445095527141",-0.0790428376355905,0.737610799398833
10164,NA,NA,-0.9877743351278,-0.423940412926769,-0.922609474813977,NA,NA,-1.75717608593996,4,0.25,-1.02287507720213,"-1.27958028859634",-0.0790428376355905,0.737610799398833
10168,NA,NA,NA,NA,NA,NA,NA,0.569281842596533,1,1,0.569281842596533,"0.878952261491454",-0.0790428376355905,0.737610799398833
10169,NA,NA,NA,0.493086999575471,-0.850188682588695,NA,NA,0.569281842596533,3,0.333333333333333,0.0707267198611029,"0.203046861052954",-0.0790428376355905,0.737610799398833
10173,NA,NA,NA,NA,-0.0173495719979558,NA,NA,-0.146551366183927,2,0.5,-0.0819504690909412,"-0.0039419588998974",-0.0790428376355905,0.737610799398833
11300,NA,NA,NA,NA,NA,NA,NA,NA,0,NA,NA,"NaN",-0.0790428376355905,0.737610799398833
11302,NA,NA,NA,NA,NA,NA,NA,0.390323540401418,1,1,0.390323540401418,"0.636333386685161",-0.0790428376355905,0.737610799398833
11304,NA,NA,NA,NA,NA,NA,NA,NA,0,NA,NA,"NaN",-0.0790428376355905,0.737610799398833
11305,NA,NA,NA,NA,-0.99503026703926,NA,NA,0.390323540401418,2,0.5,-0.302353363318921,"-0.302748449270717",-0.0790428376355905,0.737610799398833
11306,NA,NA,NA,NA,0.236123200790529,NA,NA,-0.146551366183927,2,0.5,0.0447859173033013,"0.167878175102391",-0.0790428376355905,0.737610799398833
11307,NA,NA,NA,NA,NA,NA,NA,NA,0,NA,NA,"NaN",-0.0790428376355905,0.737610799398833
11308,NA,NA,NA,NA,NA,NA,NA,NA,0,NA,NA,"NaN",-0.0790428376355905,0.737610799398833
11309,NA,NA,NA,NA,NA,NA,NA,NA,0,NA,NA,"NaN",-0.0790428376355905,0.737610799398833
20001,1.06489008850074,-0.526305332752297,-1.89435973467838,0.355532887700135,0.163702408565247,-0.212901675706857,-2.07011828477553,0.927198446986763,8,0.125,-0.274045149520021,"-0.264370196373699",-0.0790428376355905,0.737610799398833
20006,-0.909885021508731,NA,-4.93789643316961,-1.79948153168013,-0.451874325349647,0.374788742578378,0.0190995516869344,-1.22030117935462,7,0.142857142857143,-1.27507859954249,"-1.62149979756491",-0.0790428376355905,0.737610799398833
20008,NA,NA,1.01966476387705,0.355532887700135,1.21380389583183,0.551095868063948,NA,0.748240144791648,5,0.2,0.777667512052923,"1.1614666574659",-0.0790428376355905,0.737610799398833
20012,-0.308866509766717,NA,-2.08862803458207,-3.03746853855815,-2.33481492320697,-0.741823052163566,NA,-1.0413428771595,6,0.166666666666667,-1.59215732257283,"-2.05137246657784",-0.0790428376355905,0.737610799398833
20017,-2.11192204499276,-0.167552917230512,0.501615964133864,0.768195223326143,-0.705347098138132,-0.0365945502212864,-0.522517549069187,-0.325509668379042,8,0.125,-0.324954080071364,"-0.333388885623957",-0.0790428376355905,0.737610799398833
20018,NA,NA,NA,-0.378089042301657,0.670647954142219,NA,NA,-0.146551366183927,3,0.333333333333333,0.0486691818855453,"0.173142827660907",-0.0790428376355905,0.737610799398833
20024,NA,NA,-0.793506035224105,-0.469791783551881,-0.125980760335879,-0.683054010335044,0.604736528361085,0.569281842596533,6,0.166666666666667,-0.149719036414882,"-0.0958177386189219",-0.0790428376355905,0.737610799398833
20026,0.20629221458358,NA,1.01966476387705,-0.882454119177889,0.960331123043346,-0.506746884849472,-2.23066136165304,0.569281842596533,7,0.142857142857143,-0.123470345939984,"-0.0602316402371044",-0.0790428376355905,0.737610799398833
21301,NA,NA,NA,NA,NA,NA,NA,NA,0,NA,NA,"NaN",-0.0790428376355905,0.737610799398833
21302,NA,NA,NA,NA,NA,NA,NA,NA,0,NA,NA,"NaN",-0.0790428376355905,0.737610799398833
21304,NA,NA,NA,NA,NA,NA,NA,-0.146551366183927,1,1,-0.146551366183927,"-0.0915232377337164",-0.0790428376355905,0.737610799398833
21305,NA,NA,NA,NA,NA,NA,NA,NA,0,NA,NA,"NaN",-0.0790428376355905,0.737610799398833
21306,NA,NA,NA,NA,0.344754389128452,NA,NA,0.211365238206305,2,0.5,0.278059813667378,"0.48413425019538",-0.0790428376355905,0.737610799398833
21307,NA,NA,NA,NA,NA,NA,NA,NA,0,NA,NA,"NaN",-0.0790428376355905,0.737610799398833
21308,NA,NA,-0.275457235480917,NA,NA,NA,NA,0.0324069360111874,2,0.5,-0.121525149734865,"-0.0575944822579851",-0.0790428376355905,0.737610799398833
21309,NA,NA,NA,NA,NA,NA,NA,0.569281842596533,1,1,0.569281842596533,"0.878952261491454",-0.0790428376355905,0.737610799398833
21310,NA,NA,NA,NA,NA,NA,NA,NA,0,NA,NA,"NaN",-0.0790428376355905,0.737610799398833
21311,NA,NA,NA,0.447235628950359,1.10517270749391,NA,NA,0.0324069360111874,3,0.333333333333333,0.528271757485152,"0.823353719354048",-0.0790428376355905,0.737610799398833
21312,NA,NA,0.954908663909153,NA,-0.0535599681105977,NA,NA,0.0324069360111874,3,0.333333333333333,0.311251877269914,"0.529133677575765",-0.0790428376355905,0.737610799398833
21313,NA,NA,NA,NA,0.308543993015811,NA,NA,-0.146551366183927,2,0.5,0.0809963134159421,"0.216969641960188",-0.0790428376355905,0.737610799398833
21314,NA,NA,-0.275457235480917,-0.836602748552777,-0.705347098138132,NA,NA,0.211365238206305,4,0.25,-0.40151046099138,"-0.437178554894542",-0.0790428376355905,0.737610799398833
30002,0.89317051371731,0.90870432933484,1.40820136368444,1.13500618832704,0.960331123043346,-0.44797784302095,-0.399952404356248,1.64303165576722,8,0.125,0.762564365812125,"1.14099089131239",-0.0790428376355905,0.737610799398833
30006,-2.19778183238447,0.669536052320317,-1.89435973467838,-1.38681919605412,-0.741557494250773,-0.741823052163566,1.33279075065238,-0.862384574964387,8,0.125,-0.727799885190375,"-0.879538434203422",-0.0790428376355905,0.737610799398833
30007,-1.08160459629216,NA,1.08442086384495,0.172127405199687,-0.922609474813977,0.316019700749854,NA,0.0324069360111874,6,0.166666666666667,-0.0665398608834104,"0.0169506422118145",-0.0790428376355905,0.737610799398833
30010,-0.909885021508731,0.310783636798532,0.436859864165966,-0.148832189176097,0.417175181353733,-1.09443730313471,-0.310186382876349,0.390323540401418,8,0.125,-0.113524834247029,"-0.0467482263539826",-0.0790428376355905,0.737610799398833
30011,1.06489008850074,NA,-0.0811889355772215,-0.286386301051433,-1.61060700095415,-1.09443730313471,0.773910953457818,0.211365238206305,7,0.142857142857143,-0.146064751507521,"-0.0908635203369511",-0.0790428376355905,0.737610799398833
30012,-0.137146934983285,-2.55923568737574,-1.18204263503149,-0.423940412926769,-1.13987185148982,-1.09443730313471,-0.766353136262183,-0.862384574964387,8,0.125,-1.02067656702105,"-1.27659970563461",-0.0790428376355905,0.737610799398833
30013,-1.85434268281761,-0.167552917230512,-1.95911583464628,-0.469791783551881,-0.596715909800209,-0.330439759363904,-2.11888540221412,-2.11509269033019,8,0.125,-1.20149212249434,"-1.52173651168552",-0.0790428376355905,0.737610799398833
30014,0.20629221458358,NA,-0.404969435416714,0.172127405199687,0.779279142480142,-1.03566826130618,1.60424665214688,0.927198446986763,7,0.142857142857143,0.321215166382023,"0.542641192813109",-0.0790428376355905,0.737610799398833
30016,0.378011789367012,NA,0.0483232643585746,-0.102980818550985,0.706858350254859,-0.44797784302095,NA,-0.146551366183927,6,0.166666666666667,0.0726138960374307,"0.205605359624106",-0.0790428376355905,0.737610799398833
30022,NA,NA,NA,0.859897964576367,0.0912816163399657,NA,-1.13145916593523,0.0324069360111874,4,0.25,-0.0369681622519286,"0.0570418375353961",-0.0790428376355905,0.737610799398833
30023,-1.2533241710756,-0.526305332752297,0.24259156426227,0.722343852701031,-0.0535599681105977,0.0809435334357605,-0.724922664809921,0.0324069360111874,8,0.125,-0.18497828129227,"-0.143619702616908",-0.0790428376355905,0.737610799398833
30024,1.15074987589246,0.789120190827578,0.890152563941255,0.905749335201479,0.960331123043346,-1.21197538679175,0.908559985677666,0.569281842596533,8,0.125,0.62024619129857,"0.948046082709329",-0.0790428376355905,0.737610799398833
30030,NA,NA,NA,0.172127405199687,0.634437558029578,-0.44797784302095,NA,0.0324069360111874,4,0.25,0.0977485140548756,"0.239681078198088",-0.0790428376355905,0.737610799398833
30036,-1.51090353325075,0.310783636798532,0.954908663909153,-0.0571294479258733,-0.16219115644852,0.198481617092807,0.562874489497863,0.569281842596533,8,0.125,0.108263264033719,"0.253936224662067",-0.0790428376355905,0.737610799398833
30037,NA,NA,NA,NA,NA,NA,NA,0.211365238206305,1,1,0.211365238206305,"0.393714511878871",-0.0790428376355905,0.737610799398833
30038,0.378011789367012,NA,0.0483232643585746,-0.0571294479258733,0.308543993015811,-1.21197538679175,0.159790527660239,0.211365238206305,7,0.142857142857143,-0.0232957174442408,"0.0755779609474056",-0.0790428376355905,0.737610799398833
30043,-1.33918395846731,NA,1.40820136368444,-0.194683559801209,0.127492012452607,-1.21197538679175,NA,-0.862384574964387,6,0.166666666666667,-0.345422350647935,"-0.361138303871702",-0.0790428376355905,0.737610799398833
30055,0.635591151542161,NA,-0.0811889355772215,-0.561494524802105,1.35864548028239,-0.506746884849472,-1.42751440985452,1.46407335357211,7,0.142857142857143,0.125909318616192,"0.277859484187085",-0.0790428376355905,0.737610799398833
30061,0.0345726398001479,0.669536052320317,0.372103764198067,-0.0571294479258733,-0.958819870926618,-0.330439759363904,1.07902911300728,-0.504467970574157,8,0.125,0.0380480650669078,"0.158743476638262",-0.0790428376355905,0.737610799398833
30062,0.979030301109026,NA,0.372103764198067,0.630641111450807,1.03275191526863,0.492326826235425,0.691913145375217,-0.146551366183927,7,0.142857142857143,0.578887956779035,"0.891975544488843",-0.0790428376355905,0.737610799398833
30064,0.979030301109026,1.0282884678421,-0.469725535384612,0.722343852701031,0.453385577466374,-0.859361135820613,-0.246314406054113,1.10615674918188,8,0.125,0.339225483880134,"0.567058293962915",-0.0790428376355905,0.737610799398833
30065,-0.394726297158433,-0.0479687787232517,0.113079364326474,-0.148832189176097,-1.06745105926454,-0.44797784302095,0.263798273701852,0.927198446986763,8,0.125,-0.100360010291023,"-0.0289002990097302",-0.0790428376355905,0.737610799398833
30069,1.15074987589246,0.669536052320317,-1.1172865350636,-1.06585960167834,0.670647954142219,-0.800592093992089,-0.261850832848711,-1.0413428771595,8,0.125,-0.224499757298405,"-0.197200094929962",-0.0790428376355905,0.737610799398833
30071,NA,NA,NA,NA,-0.307032740899083,NA,NA,-0.325509668379042,2,0.5,-0.316271204639062,"-0.321617263734231",-0.0790428376355905,0.737610799398833
30073,NA,NA,NA,NA,1.14138310360655,NA,NA,0.390323540401418,2,0.5,0.765853322003983,"1.14544982303429",-0.0790428376355905,0.737610799398833
30078,NA,NA,NA,NA,NA,NA,NA,0.0324069360111874,1,1,0.0324069360111874,"0.151095637072575",-0.0790428376355905,0.737610799398833
30083,NA,NA,-0.0164328356093239,0.447235628950359,0.417175181353733,-2.26981813970518,NA,0.390323540401418,5,0.2,-0.206303324921798,"-0.172530672530726",-0.0790428376355905,0.737610799398833
30084,NA,NA,NA,NA,-0.415663929237006,NA,NA,0.211365238206305,2,0.5,-0.102149345515351,"-0.0313261518114869",-0.0790428376355905,0.737610799398833
30085,-1.2533241710756,0.789120190827578,0.501615964133864,-1.24926508417879,-0.99503026703926,-0.800592093992089,-0.60969416608332,-1.39925948154973,8,0.125,-0.627053638619668,"-0.742953874090125",-0.0790428376355905,0.737610799398833
30087,0.549731364150444,0.430367775305794,-0.275457235480917,0.538938370200583,0.380964785241092,-0.330439759363904,-0.720606990700311,1.46407335357211,8,0.125,0.254696457865611,"0.452459882329822",-0.0790428376355905,0.737610799398833
30088,NA,NA,-0.923018235159901,0.0345732933243508,-1.75544858540472,-0.330439759363904,-0.942432639934293,-1.22030117935462,6,0.166666666666667,-0.85617785098218,"-1.05358410421861",-0.0790428376355905,0.737610799398833
30089,-0.909885021508731,0.549951913813056,0.501615964133864,0.768195223326143,0.598227161916937,0.374788742578378,0.735501453882284,0.0324069360111874,8,0.125,0.33135029676914,"0.556381678168498",-0.0790428376355905,0.737610799398833
30092,-1.94020247020933,-1.36339430230313,0.0483232643585746,0.263830146449911,0.199912804677888,0.139712575264284,0.0367938155363375,0.211365238206305,8,0.125,-0.300457366002394,"-0.300177991628188",-0.0790428376355905,0.737610799398833
30093,0.721450938933877,NA,-0.0164328356093239,0.309681517075023,-0.488084721462287,-0.271670717535378,0.698818223950594,0.0324069360111874,7,0.142857142857143,0.140881334480527,"0.298157473148929",-0.0790428376355905,0.737610799398833
30094,-0.394726297158433,-1.24381016379587,-1.24679873499939,0.217978775824799,0.163702408565247,-0.624284968506521,0.462750850154898,0.211365238206305,8,0.125,-0.306727861463621,"-0.308679081181563",-0.0790428376355905,0.737610799398833
30101,-1.2533241710756,NA,-1.89435973467838,0.951600705826591,-1.42955502039095,0.492326826235425,NA,-0.862384574964387,6,0.166666666666667,-0.665949328174549,"-0.795685869861584",-0.0790428376355905,0.737610799398833
30103,2.26692711198477,1.0282884678421,1.60246966358814,1.13500618832704,1.7207494414088,2.25539808109113,2.52434837231585,2.89573977113303,8,0.125,1.92861588721136,"2.72184019876502",-0.0790428376355905,0.737610799398833
30105,-1.85434268281761,0.669536052320317,NA,0.263830146449911,0.0912816163399657,NA,-0.691691974165921,0.390323540401418,6,0.166666666666667,-0.18851055024532,"-0.148408500389294",-0.0790428376355905,0.737610799398833
30107,NA,NA,NA,NA,NA,NA,NA,0.569281842596533,1,1,0.569281842596533,"0.878952261491454",-0.0790428376355905,0.737610799398833
30108,NA,NA,NA,NA,NA,NA,NA,0.390323540401418,1,1,0.390323540401418,"0.636333386685161",-0.0790428376355905,0.737610799398833
30110,-0.738165446725299,NA,-0.0811889355772215,0.172127405199687,-0.415663929237006,-2.38735622336222,-1.11333333467487,-0.683426272769272,7,0.142857142857143,-0.749572391020886,"-0.909056041386311",-0.0790428376355905,0.737610799398833
30111,0.549731364150444,NA,0.436859864165966,1.50181715332793,1.14138310360655,NA,NA,0.390323540401418,5,0.2,0.804023005130462,"1.19719755118251",-0.0790428376355905,0.737610799398833
30112,NA,NA,NA,NA,NA,NA,NA,0.390323540401418,1,1,0.390323540401418,"0.636333386685161",-0.0790428376355905,0.737610799398833
30113,NA,NA,NA,NA,0.598227161916937,NA,NA,0.569281842596533,2,0.5,0.583754502256735,"0.89857325900396",-0.0790428376355905,0.737610799398833
30114,-0.738165446725299,NA,-0.0164328356093239,-0.194683559801209,1.06896231138127,1.08001724452066,NA,0.0324069360111874,6,0.166666666666667,0.20535077496288,"0.385560532506109",-0.0790428376355905,0.737610799398833
30115,0.20629221458358,-0.885057748274082,0.825396463973357,1.63937126520327,-0.524295117574929,0.609864909892471,-0.292923686437907,0.569281842596533,8,0.125,0.268491267995287,"0.471161899899139",-0.0790428376355905,0.737610799398833
30117,NA,NA,-0.404969435416714,-1.2951164548039,-0.19840155256116,-0.212901675706857,NA,-0.862384574964387,5,0.2,-0.594754738690603,"-0.699165334178035",-0.0790428376355905,0.737610799398833
30119,-0.824025234117015,NA,0.631128164069661,1.73107400645349,1.06896231138127,0.962479160863611,0.883529075841925,1.28511505137699,7,0.142857142857143,0.819751790838562,"1.21852151460728",-0.0790428376355905,0.737610799398833
30121,-2.45536119455962,NA,-0.0811889355772215,0.584789740825695,0.127492012452607,-0.0953635920498098,1.01990437770562,-0.325509668379042,7,0.142857142857143,-0.175033894225968,"-0.130137813422217",-0.0790428376355905,0.737610799398833
30122,NA,NA,0.631128164069661,0.493086999575471,0.851699934705422,-1.21197538679175,-0.137559418491928,0.390323540401418,6,0.166666666666667,0.169450638911382,"0.336889694062911",-0.0790428376355905,0.737610799398833
30123,0.635591151542161,NA,0.69588426403756,1.63937126520327,0.851699934705422,1.60893862097737,0.502455051963315,1.28511505137699,7,0.142857142857143,1.0312936199723,"1.50531480628108",-0.0790428376355905,0.737610799398833
30130,NA,NA,-0.0164328356093239,-1.38681919605412,-0.0535599681105977,NA,NA,0.748240144791648,4,0.25,-0.177142963745598,"-0.132997139128062",-0.0790428376355905,0.737610799398833
30134,NA,NA,NA,1.18085755895215,1.28622468805711,NA,NA,0.748240144791648,3,0.333333333333333,1.0717741306003,"1.56019538918605",-0.0790428376355905,0.737610799398833
30136,NA,NA,NA,NA,0.562016765804296,NA,NA,0.569281842596533,2,0.5,0.565649304200414,"0.874027525575061",-0.0790428376355905,0.737610799398833
30138,NA,NA,NA,NA,NA,NA,NA,-0.504467970574157,1,1,-0.504467970574157,"-0.576760987346302",-0.0790428376355905,0.737610799398833
30139,NA,NA,0.113079364326474,0.172127405199687,1.32243508416975,NA,NA,0.569281842596533,4,0.25,0.544230924073112,"0.844990016708923",-0.0790428376355905,0.737610799398833
30146,NA,NA,0.372103764198067,-0.194683559801209,1.03275191526863,NA,NA,0.390323540401418,4,0.25,0.400123915016726,"0.649620034092297",-0.0790428376355905,0.737610799398833
30147,NA,NA,NA,0.951600705826591,0.27233359690317,0.433557784406901,NA,0.569281842596533,4,0.25,0.556693482433299,"0.861885862553838",-0.0790428376355905,0.737610799398833
30148,0.721450938933877,NA,-0.275457235480917,-0.469791783551881,0.0550712202273249,0.374788742578378,NA,0.390323540401418,6,0.166666666666667,0.132730903851367,"0.28710770186602",-0.0790428376355905,0.737610799398833
30152,NA,NA,NA,NA,NA,NA,NA,NA,0,NA,NA,"NaN",-0.0790428376355905,0.737610799398833
30153,NA,NA,NA,NA,NA,NA,NA,NA,0,NA,NA,"NaN",-0.0790428376355905,0.737610799398833
30154,NA,NA,NA,NA,0.199912804677888,NA,NA,-0.504467970574157,2,0.5,-0.152277582948134,"-0.0992864331328004",-0.0790428376355905,0.737610799398833
30155,NA,NA,NA,NA,NA,NA,NA,NA,0,NA,NA,"NaN",-0.0790428376355905,0.737610799398833
31300,NA,NA,NA,NA,0.887910330818063,NA,NA,0.748240144791648,2,0.5,0.818075237804856,"1.21624856383829",-0.0790428376355905,0.737610799398833
31301,NA,NA,NA,NA,NA,NA,NA,NA,0,NA,NA,"NaN",-0.0790428376355905,0.737610799398833
31302,NA,NA,NA,NA,NA,NA,NA,NA,0,NA,NA,"NaN",-0.0790428376355905,0.737610799398833
31304,NA,NA,NA,NA,NA,NA,NA,NA,0,NA,NA,"NaN",-0.0790428376355905,0.737610799398833
31305,NA,NA,NA,NA,NA,NA,NA,NA,0,NA,NA,"NaN",-0.0790428376355905,0.737610799398833
31308,NA,NA,NA,NA,NA,NA,NA,NA,0,NA,NA,"NaN",-0.0790428376355905,0.737610799398833
31309,NA,NA,NA,NA,-0.343243137011723,NA,NA,-0.862384574964387,2,0.5,-0.602813855988055,"-0.710091309372569",-0.0790428376355905,0.737610799398833
31311,NA,NA,NA,NA,-0.560505513687569,NA,NA,-0.504467970574157,2,0.5,-0.532486742130863,"-0.614746835139666",-0.0790428376355905,0.737610799398833
31312,NA,NA,NA,NA,NA,NA,NA,-0.862384574964387,1,1,-0.862384574964387,"-1.06199873695889",-0.0790428376355905,0.737610799398833
31313,NA,NA,NA,NA,NA,NA,NA,NA,0,NA,NA,"NaN",-0.0790428376355905,0.737610799398833
31314,0.20629221458358,NA,0.113079364326474,0.355532887700135,-0.777767890363414,NA,NA,-0.146551366183927,5,0.2,-0.0498829579874301,"0.0395328805813666",-0.0790428376355905,0.737610799398833
31315,NA,NA,NA,NA,-0.270822344786443,NA,NA,-0.146551366183927,2,0.5,-0.208686855485185,"-0.175762092902187",-0.0790428376355905,0.737610799398833
31317,NA,NA,-1.70009143477468,NA,-1.28471343594039,NA,NA,-1.39925948154973,3,0.333333333333333,-1.46135478408827,"-1.87403973420574",-0.0790428376355905,0.737610799398833
31318,NA,NA,-0.0164328356093239,-1.38681919605412,-0.379453533124364,0.0221744916072371,NA,0.211365238206305,5,0.2,-0.309833166994853,"-0.312889032464494",-0.0790428376355905,0.737610799398833
31319,NA,NA,NA,NA,NA,NA,NA,-0.146551366183927,1,1,-0.146551366183927,"-0.0915232377337164",-0.0790428376355905,0.737610799398833
31320,NA,NA,NA,NA,NA,NA,NA,0.569281842596533,1,1,0.569281842596533,"0.878952261491454",-0.0790428376355905,0.737610799398833
40001,NA,NA,NA,-0.102980818550985,-1.35713422816567,NA,NA,0.0324069360111874,3,0.333333333333333,-0.475902703568488,"-0.538034240084806",-0.0790428376355905,0.737610799398833
40002,NA,NA,0.69588426403756,0.172127405199687,-0.596715909800209,NA,NA,0.0324069360111874,4,0.25,0.0759256738620561,"0.210095231284505",-0.0790428376355905,0.737610799398833
40004,-0.0512871475915684,0.0716153597840098,-0.9877743351278,-0.240534930426321,-0.0897703642232385,-0.506746884849472,-1.60575175058143,1.10615674918188,8,0.125,-0.288011662979243,"-0.283304997044466",-0.0790428376355905,0.737610799398833
40007,-1.08160459629216,-0.526305332752297,-0.469725535384612,-0.102980818550985,-0.125980760335879,-0.389208801192427,-0.0974236492725495,1.10615674918188,8,0.125,-0.21088409307488,"-0.178740950575483",-0.0790428376355905,0.737610799398833
40010,-1.2533241710756,-0.287137055737774,-0.9877743351278,0.722343852701031,-0.0897703642232385,0.727402993549518,0.515833641703108,1.46407335357211,8,0.125,0.10145598942017,"0.244707408301058",-0.0790428376355905,0.737610799398833
40011,NA,NA,0.501615964133864,0.905749335201479,-0.234611948673802,NA,NA,0.0324069360111874,4,0.25,0.301290071668182,"0.515628173575755",-0.0790428376355905,0.737610799398833
40014,-1.85434268281761,NA,-0.858262135192003,-0.194683559801209,-0.19840155256116,-1.44705155410585,1.03500923708926,-1.39925948154973,7,0.142857142857143,-0.702427389848329,"-0.845140218555381",-0.0790428376355905,0.737610799398833
40016,-0.308866509766717,NA,0.113079364326474,-0.240534930426321,0.27233359690317,-0.918130177649138,-0.264440237314477,0.748240144791648,7,0.142857142857143,-0.0854741070193374,"-0.00871905534597441",-0.0790428376355905,0.737610799398833
40017,NA,NA,-2.93045733416475,0.263830146449911,-2.95039165712186,-0.212901675706857,NA,-1.93613438813508,5,0.2,-1.55321098173573,"-1.99857180141833",-0.0790428376355905,0.737610799398833
40018,NA,NA,NA,NA,NA,NA,NA,NA,0,NA,NA,"NaN",-0.0790428376355905,0.737610799398833
40019,NA,NA,NA,NA,-1.42955502039095,NA,NA,-0.683426272769272,2,0.5,-1.05649064658011,"-1.32515387483637",-0.0790428376355905,0.737610799398833
40020,-1.76848289542589,-2.678819825883,-1.82960363471048,-0.469791783551881,-1.57439660484151,-1.97597293056256,0.121812595495665,-1.39925948154973,8,0.125,-1.44681432012867,"-1.85432681247054",-0.0790428376355905,0.737610799398833
40022,-0.308866509766717,NA,-1.1172865350636,-0.469791783551881,-0.451874325349647,-1.74089676324846,-1.61956190773219,-0.325509668379042,7,0.142857142857143,-0.861969641870219,"-1.06143620032777",-0.0790428376355905,0.737610799398833
40026,-0.824025234117015,0.669536052320317,-2.47716463438946,-1.57022467855457,-0.0897703642232385,0.903710119035088,0.420888811291675,-0.683426272769272,8,0.125,-0.45630952517581,"-0.511471209271473",-0.0790428376355905,0.737610799398833
40027,-0.394726297158433,0.90870432933484,-2.80094513422896,-1.38681919605412,-1.64681739706679,-2.0935110142196,-1.58719435191011,-1.22030117935462,8,0.125,-1.27770128008222,"-1.6250554403807",-0.0790428376355905,0.737610799398833
40029,0.635591151542161,NA,-0.0811889355772215,0.172127405199687,-1.61060700095415,-1.27074442862028,-0.219557226574528,-0.862384574964387,7,0.142857142857143,-0.462394801421245,"-0.519721191850898",-0.0790428376355905,0.737610799398833
40036,-0.223006722375001,0.430367775305794,-0.275457235480917,-1.57022467855457,-1.53818620872887,-2.50489430701927,-0.998104835948269,-1.0413428771595,8,0.125,-0.965106136245075,"-1.20126128756743",-0.0790428376355905,0.737610799398833
40039,-0.652305659333582,NA,-1.31155483496729,-0.148832189176097,0.27233359690317,0.551095868063948,NA,-1.57821778374485,6,0.166666666666667,-0.477913500375783,"-0.540760334671455",-0.0790428376355905,0.737610799398833
40041,0.807310726325593,NA,0.177835464294372,0.0804246639494628,0.706858350254859,-0.624284968506521,NA,-1.22030117935462,6,0.166666666666667,-0.0120261571728084,"0.0908564252548932",-0.0790428376355905,0.737610799398833
40050,NA,NA,NA,-0.0112780773007613,-0.850188682588695,NA,NA,-1.0413428771595,3,0.333333333333333,-0.63426987901632,"-0.75273713702843",-0.0790428376355905,0.737610799398833
40051,NA,NA,1.01966476387705,1.13500618832704,0.489595973579015,NA,NA,1.46407335357211,4,0.25,1.0270850698388,"1.49960915482245",-0.0790428376355905,0.737610799398833
40055,-0.137146934983285,-0.0479687787232517,-0.14594503554512,0.493086999575471,0.706858350254859,0.0221744916072371,0.210283914742681,-1.0413428771595,8,0.125,0.00750001622113628,"0.117328615480225",-0.0790428376355905,0.737610799398833
40062,-1.51090353325075,-1.00464188678134,-1.24679873499939,-1.11171097230345,-0.16219115644852,0.257250658921331,2.079402371615,0.211365238206305,8,0.125,-0.311028501880101,"-0.314509582063581",-0.0790428376355905,0.737610799398833
40067,NA,NA,NA,-2.34969797918147,-1.97271096208056,NA,NA,-0.504467970574157,3,0.333333333333333,-1.60895897061206,"-2.07415094006674",-0.0790428376355905,0.737610799398833
40069,NA,NA,0.631128164069661,NA,-0.234611948673802,NA,NA,0.211365238206305,3,0.333333333333333,0.202627151200721,"0.381868038084418",-0.0790428376355905,0.737610799398833
40071,-0.308866509766717,NA,-2.34765243445367,0.630641111450807,-0.16219115644852,-3.0925847253045,-0.427572718657756,-1.0413428771595,7,0.142857142857143,-0.964224187191408,"-1.20006560407909",-0.0790428376355905,0.737610799398833
40072,NA,NA,NA,0.538938370200583,-1.17608224760246,NA,NA,0.390323540401418,3,0.333333333333333,-0.0822734456668207,"-0.00437982745624549",-0.0790428376355905,0.737610799398833
40076,NA,NA,NA,NA,-0.0173495719979558,NA,NA,0.390323540401418,2,0.5,0.186486984201731,"0.359986353309541",-0.0790428376355905,0.737610799398833
40078,-1.08160459629216,-0.287137055737774,-0.793506035224105,-1.38681919605412,-1.39334462427831,-1.3295134704488,-0.105191862669849,-1.75717608593996,8,0.125,-1.01678661583064,"-1.27132598785067",-0.0790428376355905,0.737610799398833
40084,0.0345726398001479,NA,-2.73618903426106,0.263830146449911,-0.19840155256116,-1.56458963776289,NA,-1.0413428771595,6,0.166666666666667,-0.873686719249093,"-1.07732137634258",-0.0790428376355905,0.737610799398833
40088,0.120432427191864,NA,1.08442086384495,-0.790751377927665,-1.28471343594039,0.139712575264284,NA,-2.11509269033019,6,0.166666666666667,-0.474331939649524,"-0.535904710636154",-0.0790428376355905,0.737610799398833
40114,0.0345726398001479,-0.406721194245036,-1.37631093493519,-0.102980818550985,0.0550712202273249,-1.44705155410585,-1.45513472415602,-0.146551366183927,8,0.125,-0.605638341518692,"-0.713920544970718",-0.0790428376355905,0.737610799398833
40118,-0.995744808900447,-3.39632465692657,0.0483232643585746,-0.515643154176993,0.7430687463675,0.0221744916072371,-1.10599668868853,0.748240144791648,8,0.125,-0.556487832695948,"-0.647285798214294",-0.0790428376355905,0.737610799398833
40119,-1.16746438368388,NA,0.24259156426227,-0.607345895427217,-0.0535599681105977,0.668633951720995,0.307818149619879,-0.325509668379042,7,0.142857142857143,-0.133548035713942,"-0.0738942517148258",-0.0790428376355905,0.737610799398833
40132,NA,NA,NA,NA,NA,NA,NA,NA,0,NA,NA,"NaN",-0.0790428376355905,0.737610799398833
40134,0.0345726398001479,-1.00464188678134,0.24259156426227,0.355532887700135,0.7430687463675,NA,-1.26869760262085,-1.0413428771595,7,0.142857142857143,-0.276988075490235,"-0.26836000505412",-0.0790428376355905,0.737610799398833
40137,NA,NA,NA,-0.102980818550985,1.61211825307088,-0.918130177649138,0.382910879127103,-0.862384574964387,5,0.2,0.0223067122066947,"0.137402475566907",-0.0790428376355905,0.737610799398833
40147,NA,NA,NA,NA,NA,NA,NA,-0.504467970574157,1,1,-0.504467970574157,"-0.576760987346302",-0.0790428376355905,0.737610799398833
40153,NA,NA,NA,NA,1.03275191526863,NA,NA,0.390323540401418,2,0.5,0.711537727835022,"1.07181262274759",-0.0790428376355905,0.737610799398833
40154,-0.223006722375001,NA,-1.18204263503149,0.401384258325247,0.417175181353733,-0.154132633878333,NA,-0.504467970574157,6,0.166666666666667,-0.207515087030001,"-0.174173492984536",-0.0790428376355905,0.737610799398833
40156,NA,NA,NA,NA,-0.488084721462287,NA,NA,-0.146551366183927,2,0.5,-0.317318043823107,"-0.323036493475577",-0.0790428376355905,0.737610799398833
40161,0.292152001975297,NA,-0.0164328356093239,-1.61607604917968,-0.125980760335879,NA,NA,-0.862384574964387,5,0.2,-0.465744443622795,"-0.524262397327118",-0.0790428376355905,0.737610799398833
40164,NA,NA,NA,NA,NA,NA,NA,NA,0,NA,NA,"NaN",-0.0790428376355905,0.737610799398833
41300,NA,NA,NA,0.309681517075023,-0.0535599681105977,NA,NA,0.0324069360111874,3,0.333333333333333,0.0961761616585376,"0.237549395205351",-0.0790428376355905,0.737610799398833
41302,NA,NA,NA,NA,-1.46576541650359,NA,NA,-1.22030117935462,2,0.5,-1.3430332979291,"-1.71362792047471",-0.0790428376355905,0.737610799398833
41303,NA,NA,NA,NA,NA,NA,NA,-0.504467970574157,1,1,-0.504467970574157,"-0.576760987346302",-0.0790428376355905,0.737610799398833
41305,NA,NA,NA,NA,0.453385577466374,NA,NA,0.0324069360111874,2,0.5,0.242896256738781,"0.436462013078927",-0.0790428376355905,0.737610799398833
41306,NA,NA,NA,NA,NA,NA,NA,-2.47300929472042,1,1,-2.47300929472042,"-3.24556861021552",-0.0790428376355905,0.737610799398833
41307,NA,NA,NA,NA,-0.19840155256116,NA,NA,-0.504467970574157,2,0.5,-0.351434761567658,"-0.369289500850682",-0.0790428376355905,0.737610799398833
41308,NA,NA,NA,NA,NA,NA,NA,NA,0,NA,NA,"NaN",-0.0790428376355905,0.737610799398833
41309,NA,NA,NA,NA,NA,NA,NA,-0.146551366183927,1,1,-0.146551366183927,"-0.0915232377337164",-0.0790428376355905,0.737610799398833
41310,NA,NA,NA,NA,-0.813978286476055,NA,NA,-0.862384574964387,2,0.5,-0.838181430720221,"-1.02918584394825",-0.0790428376355905,0.737610799398833
41311,NA,NA,NA,-0.378089042301657,-2.29860452709433,NA,NA,-1.0413428771595,3,0.333333333333333,-1.23934548218516,"-1.57305539112936",-0.0790428376355905,0.737610799398833
41312,NA,NA,NA,-1.24926508417879,0.018860824114684,NA,NA,-0.146551366183927,3,0.333333333333333,-0.458985208749343,"-0.515098709812021",-0.0790428376355905,0.737610799398833
41313,NA,NA,0.24259156426227,NA,0.127492012452607,NA,NA,0.0324069360111874,3,0.333333333333333,0.134163504242021,"0.289049919078434",-0.0790428376355905,0.737610799398833
41317,NA,NA,NA,NA,NA,NA,NA,-1.0413428771595,1,1,-1.0413428771595,"-1.30461761176518",-0.0790428376355905,0.737610799398833
41318,NA,NA,NA,0.447235628950359,0.670647954142219,NA,NA,0.0324069360111874,3,0.333333333333333,0.383430173034589,"0.626987851922861",-0.0790428376355905,0.737610799398833
41320,NA,NA,NA,NA,NA,NA,NA,-0.683426272769272,1,1,-0.683426272769272,"-0.819379862152595",-0.0790428376355905,0.737610799398833
41321,NA,NA,NA,NA,-0.234611948673802,NA,NA,0.927198446986763,2,0.5,0.346293249156481,"0.576640264945589",-0.0790428376355905,0.737610799398833
41322,NA,NA,NA,NA,-1.82786937763,NA,NA,-0.146551366183927,2,0.5,-0.987210371906962,"-1.23122863034482",-0.0790428376355905,0.737610799398833
41323,NA,NA,0.113079364326474,0.447235628950359,-0.777767890363414,NA,NA,-0.504467970574157,4,0.25,-0.180480216915184,"-0.137521548440271",-0.0790428376355905,0.737610799398833
41324,NA,NA,NA,NA,-0.307032740899083,NA,NA,0.0324069360111874,2,0.5,-0.137312902443948,"-0.0789983889279391",-0.0790428376355905,0.737610799398833
41326,NA,NA,NA,NA,-1.0312406631519,NA,NA,0.390323540401418,2,0.5,-0.320458561375241,"-0.327294182699615",-0.0790428376355905,0.737610799398833
41327,NA,NA,NA,NA,-0.922609474813977,NA,NA,-2.11509269033019,2,0.5,-1.51885108257208,"-1.95198910605697",-0.0790428376355905,0.737610799398833
41328,NA,NA,NA,NA,-1.39334462427831,NA,NA,-0.146551366183927,2,0.5,-0.769947995231117,"-0.936679829198037",-0.0790428376355905,0.737610799398833
41329,NA,NA,NA,NA,0.417175181353733,NA,NA,0.748240144791648,2,0.5,0.582707663072691,"0.897154029262614",-0.0790428376355905,0.737610799398833
41330,NA,NA,0.890152563941255,-1.93703564355546,-0.958819870926618,NA,NA,-0.325509668379042,4,0.25,-0.582803154729967,"-0.682962230901379",-0.0790428376355905,0.737610799398833
41331,NA,NA,NA,NA,NA,NA,NA,-0.862384574964387,1,1,-0.862384574964387,"-1.06199873695889",-0.0790428376355905,0.737610799398833
41332,NA,NA,NA,NA,-1.0312406631519,NA,NA,-1.39925948154973,2,0.5,-1.21525007235082,"-1.54038855673108",-0.0790428376355905,0.737610799398833
41334,NA,NA,NA,NA,NA,NA,NA,NA,0,NA,NA,"NaN",-0.0790428376355905,0.737610799398833
50002,-0.909885021508731,NA,-1.44106703490309,-0.0112780773007613,-1.2122926437151,0.0809435334357605,NA,-0.504467970574157,6,0.166666666666667,-0.66634120242768,"-0.796217144964186",-0.0790428376355905,0.737610799398833
50006,0.378011789367012,0.310783636798532,1.66722576355604,-0.469791783551881,0.0550712202273249,-2.21104909787665,0.711765246279426,0.927198446986763,8,0.125,0.17115190272332,"0.339196145938785",-0.0790428376355905,0.737610799398833
50007,1.06489008850074,-0.0479687787232517,1.34344526371654,1.41011441207771,0.634437558029578,1.08001724452066,0.798078728471637,2.00094826015745,8,0.125,1.03549534709388,"1.51101120758786",-0.0790428376355905,0.737610799398833
50008,NA,NA,NA,0.126276034574575,0.344754389128452,0.727402993549518,NA,0.0324069360111874,4,0.25,0.307710088315933,"0.524331973266572",-0.0790428376355905,0.737610799398833
50009,-0.0512871475915684,0.789120190827578,-0.210701135513018,-0.928305489803001,-1.24850303982774,-0.389208801192427,-0.755132383577196,0.748240144791648,8,0.125,-0.255722207735716,"-0.239529261561955",-0.0790428376355905,0.737610799398833
50013,2.18106732459305,-0.0479687787232517,0.113079364326474,-0.561494524802105,0.562016765804296,-0.918130177649138,0.919780738362654,1.10615674918188,8,0.125,0.419313432636732,"0.675635810482293",-0.0790428376355905,0.737610799398833
50014,NA,NA,0.760640364005458,0.768195223326143,0.706858350254859,-0.44797784302095,NA,1.28511505137699,5,0.2,0.6145662291885,"0.940345596064205",-0.0790428376355905,0.737610799398833
50017,0.120432427191864,0.789120190827578,-0.793506035224105,-0.378089042301657,-0.813978286476055,0.0221744916072371,0.334143761688504,0.748240144791648,8,0.125,0.00356720651312679,"0.111996793181507",-0.0790428376355905,0.737610799398833
50022,0.635591151542161,0.789120190827578,0.307347664230169,0.814046593951255,0.634437558029578,0.668633951720995,2.13895867432763,0.927198446986763,8,0.125,0.864416778952016,"1.27907511299529",-0.0790428376355905,0.737610799398833
50024,0.549731364150444,NA,0.24259156426227,1.59351989457816,-0.596715909800209,0.374788742578378,NA,0.748240144791648,6,0.166666666666667,0.485359300093448,"0.76517607685386",-0.0790428376355905,0.737610799398833
50025,2.35278689937649,1.38704088336389,1.14917696381285,1.86862811832883,1.79317023363408,1.49140053732032,2.95807362033171,2.35886486454768,8,0.125,1.91989276508948,"2.71001401329026",-0.0790428376355905,0.737610799398833
50026,-0.566445871941866,0.191199498291271,-0.599237735320409,0.951600705826591,0.236123200790529,0.609864909892471,-0.193231614505903,0.569281842596533,8,0.125,0.149894366953652,"0.310376698356139",-0.0790428376355905,0.737610799398833
50028,NA,NA,-0.728749935256206,-0.423940412926769,0.0912816163399657,NA,NA,-0.325509668379042,4,0.25,-0.346729600055513,"-0.362910579180907",-0.0790428376355905,0.737610799398833
50030,-1.33918395846731,NA,2.44429896317082,1.54766852395305,1.28622468805711,-0.330439759363904,0.536117310018277,0.927198446986763,7,0.142857142857143,0.724554887764972,"1.08946035775982",-0.0790428376355905,0.737610799398833
50036,-1.51090353325075,-1.48297844081039,-0.0164328356093239,-0.286386301051433,-1.75544858540472,-1.15320634496323,-0.872518719358602,-0.504467970574157,8,0.125,-0.947792841377824,"-1.17778915987982",-0.0790428376355905,0.737610799398833
50038,0.292152001975297,-0.287137055737774,0.760640364005458,1.50181715332793,0.27233359690317,0.903710119035088,-1.754642507363,1.82198995796234,8,0.125,0.438857953763564,"0.702132875252442",-0.0790428376355905,0.737610799398833
50039,0.20629221458358,0.310783636798532,-0.275457235480917,0.172127405199687,0.308543993015811,-0.565515926677996,-1.25618214770298,1.46407335357211,8,0.125,0.0455831616634784,"0.168959022021697",-0.0790428376355905,0.737610799398833
50040,NA,NA,NA,1.18085755895215,0.598227161916937,0.492326826235425,NA,-0.146551366183927,4,0.25,0.531215045230147,"0.827344018502859",-0.0790428376355905,0.737610799398833
50042,NA,NA,-1.1172865350636,-0.194683559801209,-0.234611948673802,0.257250658921331,NA,0.390323540401418,5,0.2,-0.179801568843172,"-0.136601485891613",-0.0790428376355905,0.737610799398833
50043,1.75176838763447,0.789120190827578,1.47295746365234,0.630641111450807,0.236123200790529,0.844941077206565,1.89210211525791,1.64303165576722,8,0.125,1.15758565032343,"1.67653251412112",-0.0790428376355905,0.737610799398833
50045,-0.223006722375001,NA,-0.0164328356093239,-0.286386301051433,-1.13987185148982,0.374788742578378,NA,-2.65196759691554,6,0.166666666666667,-0.65714609414379,"-0.783751074386878",-0.0790428376355905,0.737610799398833
50047,1.15074987589246,0.90870432933484,-0.340213335448815,0.814046593951255,-0.0897703642232385,-1.15320634496323,-0.816846523344627,1.10615674918188,8,0.125,0.197452622547565,"0.374852781993572",-0.0790428376355905,0.737610799398833
50054,NA,NA,-2.02387193461417,-0.0571294479258733,-0.270822344786443,NA,NA,-0.146551366183927,4,0.25,-0.624593773377604,"-0.739618964617449",-0.0790428376355905,0.737610799398833
50055,NA,NA,-0.0164328356093239,0.768195223326143,1.06896231138127,NA,0.46361398497682,0.748240144791648,5,0.2,0.606515765773311,"0.929431353184694",-0.0790428376355905,0.737610799398833
50056,0.979030301109026,NA,-1.0525304350957,-1.15756234292856,-2.95039165712186,0.903710119035088,-0.793541883152729,-0.504467970574157,7,0.142857142857143,-0.653679124104127,"-0.779050804213925",-0.0790428376355905,0.737610799398833
50057,-0.995744808900447,0.789120190827578,-0.0164328356093239,-1.15756234292856,-0.886399078701336,0.609864909892471,-2.84521335486158,-0.325509668379042,8,0.125,-0.60348462358253,"-0.71100068813305",-0.0790428376355905,0.737610799398833
50058,1.06489008850074,NA,1.47295746365234,1.41011441207771,0.924120726930704,0.433557784406901,0.83648822804717,0.390323540401418,7,0.142857142857143,0.933207463430998,"1.37233660609578",-0.0790428376355905,0.737610799398833
50060,-0.566445871941866,-0.167552917230512,0.307347664230169,-0.423940412926769,-0.415663929237006,0.0809435334357605,-1.60877272245816,0.569281842596533,8,0.125,-0.278100351691481,"-0.26986794962618",-0.0790428376355905,0.737610799398833
50063,0.0345726398001479,NA,1.01966476387705,1.73107400645349,0.127492012452607,0.316019700749854,1.4488823842009,0.211365238206305,7,0.142857142857143,0.698438677962909,"1.05405386720498",-0.0790428376355905,0.737610799398833
50067,NA,NA,NA,0.263830146449911,-0.922609474813977,NA,NA,-0.325509668379042,3,0.333333333333333,-0.328096332247703,"-0.337648926527507",-0.0790428376355905,0.737610799398833
50069,-0.223006722375001,0.789120190827578,0.760640364005458,1.59351989457816,0.887910330818063,1.4326314954918,0.892160424061147,0.748240144791648,8,0.125,0.860152015274856,"1.2732932512321",-0.0790428376355905,0.737610799398833
50070,NA,NA,NA,NA,NA,NA,NA,-0.146551366183927,1,1,-0.146551366183927,"-0.0915232377337164",-0.0790428376355905,0.737610799398833
50071,NA,NA,NA,NA,-0.560505513687569,1.02124820269213,NA,-0.325509668379042,3,0.333333333333333,0.0450776735418416,"0.168273717356894",-0.0790428376355905,0.737610799398833
50072,NA,NA,NA,NA,NA,NA,NA,0.0324069360111874,1,1,0.0324069360111874,"0.151095637072575",-0.0790428376355905,0.737610799398833
50073,NA,NA,NA,-1.52437330792946,-0.99503026703926,NA,NA,-0.146551366183927,3,0.333333333333333,-0.888651647050881,"-1.09760975581585",-0.0790428376355905,0.737610799398833
50075,1.06489008850074,NA,-0.0164328356093239,0.309681517075023,0.380964785241092,-1.03566826130618,NA,0.211365238206305,6,0.166666666666667,0.152466755351276,"0.313864158680365",-0.0790428376355905,0.737610799398833
50076,NA,NA,NA,NA,NA,NA,NA,0.0324069360111874,1,1,0.0324069360111874,"0.151095637072575",-0.0790428376355905,0.737610799398833
50077,0.292152001975297,-0.0479687787232517,0.825396463973357,1.13500618832704,0.417175181353733,-2.50489430701927,1.45578746277628,1.46407335357211,8,0.125,0.379590945779412,"0.62178290202475",-0.0790428376355905,0.737610799398833
50078,NA,NA,-0.469725535384612,1.13500618832704,0.815489538592783,0.609864909892471,NA,-0.146551366183927,5,0.2,0.388816747048751,"0.634290583957903",-0.0790428376355905,0.737610799398833
50082,1.75176838763447,0.191199498291271,1.01966476387705,0.722343852701031,0.127492012452607,0.0221744916072371,1.89339681749079,1.46407335357211,8,0.125,0.899014147203321,"1.32597975197224",-0.0790428376355905,0.737610799398833
50084,-1.08160459629216,0.0716153597840098,1.27868916374865,0.0345732933243508,-0.379453533124364,0.374788742578378,1.49808106905047,0.390323540401418,8,0.125,0.273376629933842,"0.477785124426949",-0.0790428376355905,0.737610799398833
50089,NA,NA,NA,0.630641111450807,0.453385577466374,NA,NA,-0.146551366183927,3,0.333333333333333,0.312491774244418,"0.530814641270324",-0.0790428376355905,0.737610799398833
50090,NA,NA,0.24259156426227,-0.378089042301657,-0.0897703642232385,-1.56458963776289,NA,-1.0413428771595,5,0.2,-0.566240071437004,"-0.660507186443703",-0.0790428376355905,0.737610799398833
50091,NA,NA,NA,1.31841167082749,1.28622468805711,NA,NA,-0.325509668379042,3,0.333333333333333,0.759708896835186,"1.13711965057233",-0.0790428376355905,0.737610799398833
50093,-0.909885021508731,-1.24381016379587,1.01966476387705,0.0804246639494628,-0.415663929237006,0.316019700749854,-1.03090395918131,0.211365238206305,8,0.125,-0.24659858836753,"-0.227160110546782",-0.0790428376355905,0.737610799398833
50099,1.15074987589246,0.310783636798532,-0.0164328356093239,0.951600705826591,-0.0173495719979558,-0.506746884849472,0.297460531756815,-0.862384574964387,8,0.125,0.163460110356657,"0.328768163630321",-0.0790428376355905,0.737610799398833
50100,0.292152001975297,0.669536052320317,0.372103764198067,1.31841167082749,0.27233359690317,0.962479160863611,0.228409746003046,1.28511505137699,8,0.125,0.675067630558498,"1.02236907161433",-0.0790428376355905,0.737610799398833
50101,0.20629221458358,NA,1.14917696381285,-0.148832189176097,0.308543993015811,0.609864909892471,0.499434080086587,0.927198446986763,7,0.142857142857143,0.507382631314566,"0.795033735173217",-0.0790428376355905,0.737610799398833
50102,NA,NA,0.0483232643585746,0.0804246639494628,-0.270822344786443,NA,NA,0.390323540401418,4,0.25,0.0620622809807531,"0.191300234122585",-0.0790428376355905,0.737610799398833
50103,0.807310726325593,NA,0.177835464294372,1.08915481770193,-0.0897703642232385,1.49140053732032,0.684144931977918,0.748240144791648,7,0.142857142857143,0.701188036884077,"1.0577812515158",-0.0790428376355905,0.737610799398833
50104,0.463871576758728,NA,0.307347664230169,1.41011441207771,0.706858350254859,0.198481617092807,0.115770651742211,0.390323540401418,7,0.142857142857143,0.513252544651129,"0.802991744114174",-0.0790428376355905,0.737610799398833
50107,-3.14223949369335,-0.645889471259559,-0.534481635352511,0.172127405199687,0.27233359690317,-1.15320634496323,-0.681765923713816,0.927198446986763,8,0.125,-0.598240427486606,"-0.703890981902884",-0.0790428376355905,0.737610799398833
50108,0.979030301109026,0.430367775305794,-0.469725535384612,-0.423940412926769,-0.0897703642232385,0.844941077206565,0.312996958551412,1.10615674918188,8,0.125,0.336257068602507,"0.563033928701389",-0.0790428376355905,0.737610799398833
50110,NA,NA,-0.923018235159901,-1.20341371355367,-3.16765403379771,-2.26981813970518,NA,-2.29405099252531,5,0.2,-1.97159102294835,"-2.56578155696097",-0.0790428376355905,0.737610799398833
50112,0.635591151542161,NA,1.27868916374865,1.77692537707861,1.86559102585937,1.4326314954918,1.20720463406271,1.82198995796234,7,0.142857142857143,1.43123182939223,"2.04752244443645",-0.0790428376355905,0.737610799398833
50113,NA,NA,NA,-0.744900007302553,NA,NA,NA,-0.325509668379042,2,0.5,-0.535204837840797,"-0.618431835023277",-0.0790428376355905,0.737610799398833
50115,-0.824025234117015,-0.0479687787232517,-1.24679873499939,-0.561494524802105,-0.0897703642232385,-0.271670717535378,-1.78571536095219,0.748240144791648,8,0.125,-0.509900446320116,"-0.584125949668419",-0.0790428376355905,0.737610799398833
50116,0.89317051371731,0.90870432933484,0.0483232643585746,0.951600705826591,1.28622468805711,0.844941077206565,1.31639118903586,0.748240144791648,8,0.125,0.874699489041063,"1.29301567636208",-0.0790428376355905,0.737610799398833
50118,NA,NA,0.177835464294372,0.997452076451703,-0.307032740899083,0.609864909892471,NA,0.390323540401418,5,0.2,0.373688650028176,"0.613780991320561",-0.0790428376355905,0.737610799398833
50121,-0.48058608455015,NA,-0.404969435416714,-0.0571294479258733,-0.379453533124364,-1.15320634496323,-0.714996614357817,0.390323540401418,7,0.142857142857143,-0.400002559990962,"-0.435134250497633",-0.0790428376355905,0.737610799398833
50122,-0.394726297158433,-2.678819825883,0.436859864165966,-1.38681919605412,-1.2122926437151,NA,NA,-1.0413428771595,6,0.166666666666667,-1.04619016263403,"-1.31118921494464",-0.0790428376355905,0.737610799398833
50124,0.463871576758728,NA,0.436859864165966,1.73107400645349,1.64832864918352,1.13878628634918,0.0972132530708852,0.748240144791648,7,0.142857142857143,0.894910540110489,"1.32041637478718",-0.0790428376355905,0.737610799398833
50125,0.20629221458358,NA,0.113079364326474,1.54766852395305,-0.125980760335879,1.02124820269213,0.361764075990011,1.64303165576722,7,0.142857142857143,0.681014753853799,"1.03043175629865",-0.0790428376355905,0.737610799398833
50126,-0.137146934983285,NA,-0.599237735320409,1.73107400645349,0.0550712202273249,-0.918130177649138,0.735069886471323,-0.146551366183927,7,0.142857142857143,0.102878414145055,"0.246635830073142",-0.0790428376355905,0.737610799398833
50127,NA,NA,0.566372064101763,-1.66192741980479,-0.0897703642232385,1.13878628634918,NA,0.569281842596533,5,0.2,0.104548481803889,"0.248899988434429",-0.0790428376355905,0.737610799398833
50128,-0.652305659333582,NA,-2.28289633448577,0.447235628950359,-0.741557494250773,-0.859361135820613,-0.499212908877291,-0.862384574964387,7,0.142857142857143,-0.778640354111722,"-0.948464308069129",-0.0790428376355905,0.737610799398833
50129,-0.48058608455015,-1.72214671782491,-0.0811889355772215,0.172127405199687,-0.488084721462287,0.668633951720995,-0.126770233217901,0.0324069360111874,8,0.125,-0.253201049962575,"-0.236111256056618",-0.0790428376355905,0.737610799398833
50131,NA,NA,0.436859864165966,0.0804246639494628,0.489595973579015,0.609864909892471,NA,0.927198446986763,5,0.2,0.508788771714736,"0.796940079821798",-0.0790428376355905,0.737610799398833
50132,-0.48058608455015,NA,-0.0164328356093239,1.41011441207771,1.32243508416975,1.60893862097737,NA,0.0324069360111874,6,0.166666666666667,0.646146022179424,"0.983159222188799",-0.0790428376355905,0.737610799398833
50133,-0.0512871475915684,-3.03757224140479,0.566372064101763,0.493086999575471,-1.13987185148982,0.0809435334357605,-1.1728896373875,0.211365238206305,8,0.125,-0.506231630319297,"-0.579152031168569",-0.0790428376355905,0.737610799398833
50135,2.61036626155163,NA,1.99100626339553,1.91447948895394,3.16916528591443,0.786172035378042,-0.913517623399902,2.89573977113303,7,0.142857142857143,1.77905878327524,"2.51908136706407",-0.0790428376355905,0.737610799398833
50136,NA,NA,0.825396463973357,-0.469791783551881,1.21380389583183,0.374788742578378,NA,0.748240144791648,5,0.2,0.538487492724666,"0.837203483006968",-0.0790428376355905,0.737610799398833
50137,NA,NA,NA,NA,NA,NA,NA,0.569281842596533,1,1,0.569281842596533,"0.878952261491454",-0.0790428376355905,0.737610799398833
50138,NA,NA,NA,0.951600705826591,NA,1.4326314954918,-0.292492119026946,0.211365238206305,4,0.25,0.575776330124437,"0.887757023478666",-0.0790428376355905,0.737610799398833
50139,NA,NA,NA,NA,NA,NA,NA,0.569281842596533,1,1,0.569281842596533,"0.878952261491454",-0.0790428376355905,0.737610799398833
50140,NA,NA,NA,0.997452076451703,NA,NA,NA,0.0324069360111874,2,0.5,0.514929506231445,"0.805265248761453",-0.0790428376355905,0.737610799398833
50145,1.58004881285104,1.14787260634936,0.307347664230169,1.08915481770193,-0.270822344786443,0.609864909892471,0.678966123046386,2.71678146893791,8,0.125,0.982401757277853,"1.43903071345829",-0.0790428376355905,0.737610799398833
50149,NA,NA,NA,0.630641111450807,0.779279142480142,0.198481617092807,NA,1.10615674918188,4,0.25,0.678639655051409,"1.02721176710607",-0.0790428376355905,0.737610799398833
50150,-0.308866509766717,NA,-0.0164328356093239,-0.378089042301657,1.46727666862032,0.844941077206565,NA,0.748240144791648,6,0.166666666666667,0.392844917156805,"0.639751689070975",-0.0790428376355905,0.737610799398833
50152,NA,NA,0.24259156426227,-0.653197266052329,0.344754389128452,0.844941077206565,NA,0.748240144791648,5,0.2,0.305465981867321,"0.521289574144378",-0.0790428376355905,0.737610799398833
50158,NA,NA,NA,0.584789740825695,1.5396974608456,NA,NA,0.748240144791648,3,0.333333333333333,0.957575782154314,"1.40537343085916",-0.0790428376355905,0.737610799398833
50159,0.807310726325593,NA,0.566372064101763,-1.06585960167834,-0.379453533124364,0.844941077206565,NA,-0.683426272769272,6,0.166666666666667,0.014980743343658,"0.127470450616883",-0.0790428376355905,0.737610799398833
50167,NA,NA,-0.858262135192003,0.0345732933243508,0.018860824114684,-0.565515926677996,-0.0275097286968587,-0.683426272769272,6,0.166666666666667,-0.346879990982849,"-0.363114468450775",-0.0790428376355905,0.737610799398833
50168,0.0345726398001479,0.549951913813056,-2.08862803458207,-0.423940412926769,-0.125980760335879,0.609864909892471,1.38501040737867,1.10615674918188,8,0.125,0.130875926527688,"0.284592856197829",-0.0790428376355905,0.737610799398833
50169,-0.738165446725299,-0.287137055737774,1.53771356362024,1.04330344707681,1.10517270749391,0.139712575264284,0.360037806346167,0.927198446986763,8,0.125,0.510979505540638,"0.79991012015701",-0.0790428376355905,0.737610799398833
50174,-0.738165446725299,0.549951913813056,0.566372064101763,0.538938370200583,0.598227161916937,0.492326826235425,-0.316659894040765,0.927198446986763,8,0.125,0.327273680311058,"0.550854892956833",-0.0790428376355905,0.737610799398833
50179,-1.2533241710756,NA,-1.70009143477468,0.630641111450807,-0.63292630591285,0.433557784406901,-0.513023066028044,0.211365238206305,7,0.142857142857143,-0.403400120532451,"-0.43974042023411",-0.0790428376355905,0.737610799398833
50180,0.120432427191864,NA,0.890152563941255,1.04330344707681,1.10517270749391,-1.97597293056256,-2.0925597901455,1.28511505137699,7,0.142857142857143,0.0536633537675395,"0.179913568932678",-0.0790428376355905,0.737610799398833
50191,1.23660966328417,NA,1.14917696381285,1.59351989457816,1.06896231138127,1.37386245366328,0.718670324854803,0.748240144791648,7,0.142857142857143,1.12700596519517,"1.63507476275254",-0.0790428376355905,0.737610799398833
50192,NA,NA,NA,NA,1.21380389583183,NA,NA,0.569281842596533,2,0.5,0.891542869214182,"1.31585072729523",-0.0790428376355905,0.737610799398833
50194,NA,NA,0.631128164069661,-0.0112780773007613,-0.669136702025491,0.727402993549518,NA,0.390323540401418,5,0.2,0.213687983738869,"0.396863524250242",-0.0790428376355905,0.737610799398833
50195,-0.0512871475915684,-0.526305332752297,-0.275457235480917,0.997452076451703,-0.777767890363414,1.08001724452066,-0.820730630043275,1.10615674918188,8,0.125,0.091509729240346,"0.231222979672939",-0.0790428376355905,0.737610799398833
50197,0.292152001975297,0.0716153597840098,-0.663993835288308,1.45596578270282,0.308543993015811,0.433557784406901,3.01288268152376,0.569281842596533,8,0.125,0.685000701339604,"1.0358356189984",-0.0790428376355905,0.737610799398833
50204,-0.738165446725299,NA,0.307347664230169,0.401384258325247,-0.741557494250773,-0.212901675706857,0.550359034579991,-0.683426272769272,7,0.142857142857143,-0.159565704616685,"-0.109167147561725",-0.0790428376355905,0.737610799398833
50211,NA,NA,0.501615964133864,-0.836602748552777,1.14138310360655,1.1975553281777,NA,1.10615674918188,5,0.2,0.622021679309444,"0.950453162448835",-0.0790428376355905,0.737610799398833
50222,-0.223006722375001,0.0716153597840098,0.825396463973357,0.630641111450807,1.50348706473296,1.49140053732032,-0.214809985053956,1.10615674918188,8,0.125,0.648860072376797,"0.986838737455637",-0.0790428376355905,0.737610799398833
50224,-0.48058608455015,0.669536052320317,0.825396463973357,-0.423940412926769,0.489595973579015,1.72647670463442,-0.172947946190734,0.748240144791648,8,0.125,0.422721361953887,"0.680256037463694",-0.0790428376355905,0.737610799398833
50226,0.807310726325593,-0.287137055737774,1.01966476387705,0.722343852701031,1.61211825307088,-1.50582059593437,0.605168095772046,-0.504467970574157,8,0.125,0.308647508687538,"0.525602860802883",-0.0790428376355905,0.737610799398833
50228,-0.652305659333582,NA,1.73198186352393,1.91447948895394,0.815489538592783,0.668633951720995,-0.923875241262967,1.46407335357211,7,0.142857142857143,0.716925327966744,"1.07911674591948",-0.0790428376355905,0.737610799398833
50230,NA,NA,0.631128164069661,-0.0112780773007613,0.851699934705422,NA,NA,0.569281842596533,4,0.25,0.510207966017714,"0.79886412201876",-0.0790428376355905,0.737610799398833
50231,1.06489008850074,-1.00464188678134,0.372103764198067,1.41011441207771,0.27233359690317,-1.56458963776289,0.190431813838473,0.927198446986763,8,0.125,0.208480074745086,"0.389803013479484",-0.0790428376355905,0.737610799398833
50232,0.635591151542161,-0.645889471259559,0.24259156426227,-0.653197266052329,-0.19840155256116,-0.506746884849472,0.845982711088313,1.46407335357211,8,0.125,0.148000450717791,"0.307809062094029",-0.0790428376355905,0.737610799398833
50234,NA,NA,0.566372064101763,-0.561494524802105,1.46727666862032,0.727402993549518,NA,0.569281842596533,5,0.2,0.553767808813205,"0.857919443376573",-0.0790428376355905,0.737610799398833
50235,1.23660966328417,-0.167552917230512,0.501615964133864,1.08915481770193,0.924120726930704,1.96155287194851,0.0190995516869344,0.0324069360111874,8,0.125,0.699625951808349,"1.05566348822247",-0.0790428376355905,0.737610799398833
50236,0.979030301109026,NA,0.113079364326474,0.538938370200583,1.03275191526863,0.198481617092807,-0.948906151098708,0.569281842596533,7,0.142857142857143,0.354665322785049,"0.587990523964833",-0.0790428376355905,0.737610799398833
50238,-0.0512871475915684,0.191199498291271,1.40820136368444,0.814046593951255,0.851699934705422,1.4326314954918,-0.704638996494752,0.0324069360111874,8,0.125,0.496782459756132,"0.780662780237262",-0.0790428376355905,0.737610799398833
50239,0.89317051371731,0.90870432933484,1.66722576355604,1.54766852395305,1.25001429194447,1.4326314954918,0.523170287689445,1.28511505137699,8,0.125,1.18846253213299,"1.71839318350765",-0.0790428376355905,0.737610799398833
50242,-0.137146934983285,0.0716153597840098,0.307347664230169,0.447235628950359,0.562016765804296,1.66770766280589,1.70739126336658,1.10615674918188,8,0.125,0.716540519892487,"1.07859505063713",-0.0790428376355905,0.737610799398833
50243,-1.2533241710756,0.549951913813056,-2.08862803458207,-0.882454119177889,-0.596715909800209,-0.565515926677996,-1.28293932718256,-0.325509668379042,8,0.125,-0.805641905382789,"-0.985071081306552",-0.0790428376355905,0.737610799398833
50245,-0.909885021508731,NA,NA,0.997452076451703,0.236123200790529,-0.271670717535378,-2.03429818966576,0.0324069360111874,6,0.166666666666667,-0.324978619242741,"-0.333422154078537",-0.0790428376355905,0.737610799398833
50248,NA,NA,-0.210701135513018,0.814046593951255,0.924120726930704,0.551095868063948,0.352269592948868,0.0324069360111874,6,0.166666666666667,0.410539763732157,"0.663741097292457",-0.0790428376355905,0.737610799398833
50254,-0.394726297158433,NA,0.372103764198067,-0.378089042301657,-0.125980760335879,-0.97689921947766,-0.320112433328453,-1.0413428771595,7,0.142857142857143,-0.409292409366217,"-0.447728764274853",-0.0790428376355905,0.737610799398833
50257,NA,NA,NA,NA,-0.270822344786443,NA,NA,1.64303165576722,2,0.5,0.68610465549039,"1.03733228112928",-0.0790428376355905,0.737610799398833
50261,0.120432427191864,NA,-2.02387193461417,-0.653197266052329,-1.79165898151736,-0.44797784302095,NA,-1.39925948154973,6,0.166666666666667,-1.03258884659378,"-1.29274952283148",-0.0790428376355905,0.737610799398833
50262,1.9234879624179,0.310783636798532,0.954908663909153,1.31841167082749,1.86559102585937,0.0809435334357605,0.120517893262783,2.00094826015745,8,0.125,1.07194908083355,"1.56043257420746",-0.0790428376355905,0.737610799398833
50272,NA,NA,-0.728749935256206,0.768195223326143,0.525806369691656,-3.0925847253045,NA,-1.22030117935462,5,0.2,-0.749526849379505,"-0.908994299284083",-0.0790428376355905,0.737610799398833
50276,NA,NA,0.760640364005458,1.04330344707681,-0.343243137011723,-0.330439759363904,NA,0.390323540401418,5,0.2,0.304116891021613,"0.519460573204033",-0.0790428376355905,0.737610799398833
50278,0.0345726398001479,NA,-0.0164328356093239,1.3642630414526,0.851699934705422,0.962479160863611,0.233156987523617,1.28511505137699,7,0.142857142857143,0.673550568587581,"1.02031234742841",-0.0790428376355905,0.737610799398833
50279,NA,NA,NA,-0.423940412926769,-1.06745105926454,NA,NA,-0.146551366183927,3,0.333333333333333,-0.545980946125079,"-0.633041312396797",-0.0790428376355905,0.737610799398833
50280,-0.566445871941866,-2.43965154886848,-0.0811889355772215,-0.469791783551881,0.0912816163399657,-0.506746884849472,-1.01709380203055,0.390323540401418,8,0.125,-0.574914208759762,"-0.672266961829078",-0.0790428376355905,0.737610799398833
50281,NA,NA,NA,0.217978775824799,1.28622468805711,-0.44797784302095,NA,-0.504467970574157,4,0.25,0.137939412571701,"0.294169025703171",-0.0790428376355905,0.737610799398833
50283,0.807310726325593,-0.0479687787232517,-0.728749935256206,0.309681517075023,1.64832864918352,0.786172035378042,1.21367814522713,1.82198995796234,8,0.125,0.726305289646524,"1.09183342751826",-0.0790428376355905,0.737610799398833
50289,-0.738165446725299,NA,0.436859864165966,-0.240534930426321,-1.24850303982774,-2.26981813970518,NA,-0.146551366183927,6,0.166666666666667,-0.701118843117083,"-0.843366184427474",-0.0790428376355905,0.737610799398833
50290,0.463871576758728,0.0716153597840098,-0.275457235480917,1.63937126520327,1.43106627250768,1.60893862097737,1.44327200785841,1.28511505137699,8,0.125,0.958474114873192,"1.40659132614975",-0.0790428376355905,0.737610799398833
50291,0.635591151542161,NA,0.890152563941255,0.538938370200583,0.706858350254859,-0.0953635920498098,0.49209743410025,1.46407335357211,7,0.142857142857143,0.661763947365915,"1.0043328888423",-0.0790428376355905,0.737610799398833
50292,NA,NA,0.0483232643585746,0.401384258325247,0.670647954142219,0.786172035378042,-0.739164389371636,0.927198446986763,6,0.166666666666667,0.349093594969868,"0.580436773640513",-0.0790428376355905,0.737610799398833
50295,0.807310726325593,NA,0.24259156426227,-0.515643154176993,-0.234611948673802,-0.389208801192427,-0.315365191807882,-0.146551366183927,7,0.142857142857143,-0.0787825959210239,"0.000352817115447269",-0.0790428376355905,0.737610799398833
50298,NA,NA,NA,-0.423940412926769,-0.922609474813977,NA,NA,-1.22030117935462,3,0.333333333333333,-0.855617022365121,"-1.05282377286565",-0.0790428376355905,0.737610799398833
50300,0.979030301109026,NA,0.760640364005458,0.263830146449911,0.380964785241092,0.139712575264284,1.06090328174692,1.10615674918188,7,0.142857142857143,0.670176886142652,"1.01573854990853",-0.0790428376355905,0.737610799398833
50301,NA,NA,-0.0811889355772215,0.997452076451703,0.453385577466374,0.786172035378042,NA,1.10615674918188,5,0.2,0.652395500580155,"0.99163181831378",-0.0790428376355905,0.737610799398833
50305,0.89317051371731,NA,1.14917696381285,1.50181715332793,0.851699934705422,1.02124820269213,-0.612283570549087,2.00094826015745,7,0.142857142857143,0.972253922552002,"1.42527300446851",-0.0790428376355905,0.737610799398833
50308,0.378011789367012,0.90870432933484,-0.0164328356093239,0.997452076451703,0.996541519155986,1.37386245366328,0.282787239784139,2.35886486454768,8,0.125,0.909973929586914,"1.34083824156123",-0.0790428376355905,0.737610799398833
50309,0.378011789367012,NA,0.24259156426227,0.722343852701031,0.924120726930704,1.25632437000623,1.15369027510355,1.82198995796234,7,0.142857142857143,0.928438933761875,"1.36587177440811",-0.0790428376355905,0.737610799398833
50313,NA,NA,0.501615964133864,0.0345732933243508,0.779279142480142,-0.389208801192427,NA,0.211365238206305,5,0.2,0.227524967390447,"0.415622717666141",-0.0790428376355905,0.737610799398833
50315,NA,NA,NA,-0.515643154176993,-0.125980760335879,-2.26981813970518,NA,-0.325509668379042,4,0.25,-0.809237930649272,"-0.989946315331615",-0.0790428376355905,0.737610799398833
50320,-0.566445871941866,NA,1.53771356362024,-0.332237671676545,1.03275191526863,-1.50582059593437,-1.05377703196224,0.927198446986763,7,0.142857142857143,0.00562610776580043,"0.114788104336864",-0.0790428376355905,0.737610799398833
50324,2.18106732459305,0.191199498291271,0.307347664230169,1.54766852395305,1.46727666862032,-1.09443730313471,-0.495760369589602,2.17990656235257,8,0.125,0.785533571164514,"1.17213089817116",-0.0790428376355905,0.737610799398833
50327,0.378011789367012,0.549951913813056,1.08442086384495,0.630641111450807,0.0912816163399657,0.316019700749854,0.0251414954403898,0.748240144791648,8,0.125,0.47796357947471,"0.755149487459066",-0.0790428376355905,0.737610799398833
50329,0.807310726325593,NA,0.24259156426227,0.309681517075023,-0.234611948673802,0.727402993549518,NA,0.390323540401418,6,0.166666666666667,0.373783065490003,"0.613908993055221",-0.0790428376355905,0.737610799398833
50334,1.06489008850074,1.0282884678421,0.825396463973357,0.538938370200583,1.61211825307088,-0.0365945502212864,-1.05679800383897,0.927198446986763,8,0.125,0.612929692064271,"0.938126896005092",-0.0790428376355905,0.737610799398833
50335,1.49418902545932,NA,-0.14594503554512,-0.148832189176097,0.489595973579015,-0.154132633878333,-0.387436949438378,0.569281842596533,7,0.142857142857143,0.245245719085278,"0.439647246197005",-0.0790428376355905,0.737610799398833
50336,-0.566445871941866,NA,0.566372064101763,-0.332237671676545,0.453385577466374,-0.389208801192427,-1.26653976556604,0.390323540401418,7,0.142857142857143,-0.16347870405819,"-0.114472112517083",-0.0790428376355905,0.737610799398833
50342,NA,NA,0.0483232643585746,0.722343852701031,0.127492012452607,1.4326314954918,NA,0.0324069360111874,5,0.2,0.47263951220304,"0.747931497597733",-0.0790428376355905,0.737610799398833
50348,-0.824025234117015,-0.0479687787232517,0.566372064101763,0.0345732933243508,1.14138310360655,1.37386245366328,3.92521618829543,1.46407335357211,8,0.125,0.954185805465401,"1.40077754276794",-0.0790428376355905,0.737610799398833
50350,0.20629221458358,NA,NA,0.126276034574575,1.57590785695824,0.0809435334357605,NA,0.211365238206305,5,0.2,0.440156975551692,"0.703893996143278",-0.0790428376355905,0.737610799398833
50351,0.463871576758728,0.90870432933484,0.24259156426227,1.04330344707681,1.17759349971919,-0.0953635920498098,0.0954869834270414,1.46407335357211,8,0.125,0.662532645262648,"1.00537503450687",-0.0790428376355905,0.737610799398833
50352,NA,NA,NA,0.172127405199687,0.779279142480142,NA,NA,0.0324069360111874,3,0.333333333333333,0.327937827897005,"0.551755296782928",-0.0790428376355905,0.737610799398833
50353,1.49418902545932,0.669536052320317,-0.0811889355772215,0.722343852701031,0.779279142480142,1.4326314954918,1.92576437331287,0.748240144791648,8,0.125,0.961349393872488,"1.41048942390217",-0.0790428376355905,0.737610799398833
50357,NA,NA,NA,0.538938370200583,0.525806369691656,NA,NA,0.569281842596533,3,0.333333333333333,0.544675527496257,"0.845592778251335",-0.0790428376355905,0.737610799398833
50360,2.00934774980962,0.549951913813056,0.566372064101763,1.50181715332793,1.7207494414088,1.55016957914885,0.284513509427983,1.10615674918188,8,0.125,1.16113477002749,"1.6813441569373",-0.0790428376355905,0.737610799398833
50367,-0.48058608455015,-2.678819825883,-0.275457235480917,0.859897964576367,0.308543993015811,-0.212901675706857,-0.290765849383101,0.927198446986763,8,0.125,-0.230361283303136,"-0.205146732925918",-0.0790428376355905,0.737610799398833
50373,0.635591151542161,NA,0.372103764198067,0.309681517075023,0.380964785241092,1.08001724452066,0.109297140577795,0.927198446986763,7,0.142857142857143,0.544979150020223,"0.846004407967458",-0.0790428376355905,0.737610799398833
50376,-0.566445871941866,NA,-1.18204263503149,0.630641111450807,0.417175181353733,-0.389208801192427,-0.147053901533071,0.211365238206305,7,0.142857142857143,-0.146509954098288,"-0.0914670941879974",-0.0790428376355905,0.737610799398833
50378,NA,NA,NA,NA,NA,NA,NA,0.0324069360111874,1,1,0.0324069360111874,"0.151095637072575",-0.0790428376355905,0.737610799398833
50380,-0.0512871475915684,1.0282884678421,1.01966476387705,-0.102980818550985,-0.379453533124364,0.786172035378042,1.30948611046048,0.927198446986763,8,0.125,0.567136040659691,"0.876043136599856",-0.0790428376355905,0.737610799398833
50382,-2.45536119455962,-1.24381016379587,0.825396463973357,0.0804246639494628,-1.46576541650359,0.374788742578378,-1.06283994759243,-1.57821778374485,8,0.125,-0.815673079461894,"-0.99867063012997",-0.0790428376355905,0.737610799398833
50390,NA,NA,0.69588426403756,0.401384258325247,-0.19840155256116,NA,NA,-1.22030117935462,4,0.25,-0.0803585523882427,"-0.00178375201898414",-0.0790428376355905,0.737610799398833
50393,1.15074987589246,NA,0.113079364326474,0.217978775824799,1.64832864918352,0.492326826235425,NA,1.28511505137699,6,0.166666666666667,0.817929757139945,"1.21605133155125",-0.0790428376355905,0.737610799398833
50394,0.20629221458358,-0.167552917230512,0.177835464294372,-1.15756234292856,-1.32092383205303,-0.330439759363904,1.15066930322682,0.390323540401418,8,0.125,-0.131419791133727,"-0.0710089298324056",-0.0790428376355905,0.737610799398833
50396,0.635591151542161,0.789120190827578,0.631128164069661,-0.286386301051433,1.35864548028239,0.433557784406901,-0.162590328327668,1.46407335357211,8,0.125,0.607892436915213,"0.931297745519275",-0.0790428376355905,0.737610799398833
50407,NA,NA,0.631128164069661,0.309681517075023,-0.524295117574929,1.37386245366328,NA,0.390323540401418,5,0.2,0.43614011152689,"0.69844821900976",-0.0790428376355905,0.737610799398833
50411,NA,NA,NA,NA,NA,NA,NA,-0.325509668379042,1,1,-0.325509668379042,"-0.334142112540009",-0.0790428376355905,0.737610799398833
50414,-0.48058608455015,NA,0.760640364005458,-0.286386301051433,-0.19840155256116,0.668633951720995,-0.0732558742587304,0.569281842596533,7,0.142857142857143,0.137132335128788,"0.293074847793125",-0.0790428376355905,0.737610799398833
50417,NA,NA,0.177835464294372,-2.39554934980658,0.598227161916937,-0.0953635920498098,NA,0.0324069360111874,5,0.2,-0.33648867592678,"-0.349026666232398",-0.0790428376355905,0.737610799398833
50424,NA,NA,1.01966476387705,1.41011441207771,1.86559102585937,-0.44797784302095,0.994873467869877,1.64303165576722,6,0.166666666666667,1.08088291373838,"1.57254442630088",-0.0790428376355905,0.737610799398833
50425,NA,NA,NA,0.630641111450807,0.344754389128452,-1.3295134704488,NA,-0.146551366183927,4,0.25,-0.125167334013367,"-0.0625322953722598",-0.0790428376355905,0.737610799398833
50426,1.66590860024276,NA,0.760640364005458,0.905749335201479,0.815489538592783,NA,-0.713701912124934,0.927198446986763,6,0.166666666666667,0.726880728817384,"1.09261356681575",-0.0790428376355905,0.737610799398833
50438,1.9234879624179,0.90870432933484,0.825396463973357,0.0804246639494628,1.79317023363408,1.4326314954918,1.05745074245923,1.64303165576722,8,0.125,1.20803719337849,"1.74493111009637",-0.0790428376355905,0.737610799398833
50441,2.35278689937649,1.74579329888567,0.631128164069661,2.60225004833062,2.11906379864785,1.13878628634918,0.338459435798114,3.07469807332814,8,0.125,1.75037075059822,"2.4801881828802",-0.0790428376355905,0.737610799398833
50444,-0.824025234117015,NA,0.24259156426227,-0.148832189176097,-1.0312406631519,0.551095868063948,NA,0.927198446986763,6,0.166666666666667,-0.047202034522005,"0.0431674849928124",-0.0790428376355905,0.737610799398833
50454,1.66590860024276,0.669536052320317,0.890152563941255,2.23543908332973,2.08285340253521,1.31509341183475,1.49031285565317,2.35886486454768,8,0.125,1.58852010430061,"2.26076264514469",-0.0790428376355905,0.737610799398833
50455,-0.738165446725299,NA,-0.858262135192003,-0.882454119177889,-1.75544858540472,-3.56273705993269,-0.718017586234544,0.390323540401418,7,0.142857142857143,-1.1606801988951,"-1.46640662276239",-0.0790428376355905,0.737610799398833
50457,0.20629221458358,NA,-0.0164328356093239,1.41011441207771,2.48116775977426,0.668633951720995,1.17354237600775,1.28511505137699,7,0.142857142857143,1.02977613284742,"1.50325750570182",-0.0790428376355905,0.737610799398833
50464,-1.2533241710756,-1.00464188678134,-0.599237735320409,0.0345732933243508,-0.596715909800209,-0.44797784302095,-0.40469964587682,-0.146551366183927,8,0.125,-0.552321908091863,"-0.641637935401711",-0.0790428376355905,0.737610799398833
50468,NA,NA,0.566372064101763,1.41011441207771,1.28622468805711,0.433557784406901,NA,0.569281842596533,5,0.2,0.853110158248004,"1.26374640480226",-0.0790428376355905,0.737610799398833
50471,0.378011789367012,0.789120190827578,-0.0811889355772215,0.447235628950359,0.344754389128452,-1.62335867959142,0.305660312565075,-0.325509668379042,8,0.125,0.0293406284113494,"0.146938556397594",-0.0790428376355905,0.737610799398833
50481,1.15074987589246,0.430367775305794,0.566372064101763,1.41011441207771,0.670647954142219,1.55016957914885,2.06386594482041,0.569281842596533,8,0.125,1.05144618101072,"1.53263620810281",-0.0790428376355905,0.737610799398833
50485,0.120432427191864,-0.406721194245036,1.66722576355604,0.217978775824799,0.525806369691656,1.02124820269213,-1.26308722627836,0.211365238206305,8,0.125,0.261781044579925,"0.462064658615755",-0.0790428376355905,0.737610799398833
50488,0.635591151542161,NA,0.0483232643585746,-0.423940412926769,-0.705347098138132,1.31509341183475,1.57619477043442,0.390323540401418,7,0.142857142857143,0.405176946786631,"0.656470573393001",-0.0790428376355905,0.737610799398833
50492,-1.2533241710756,-0.406721194245036,0.890152563941255,-1.06585960167834,-0.16219115644852,0.139712575264284,-1.86123965787038,1.28511505137699,8,0.125,-0.304294448841917,"-0.30538003428083",-0.0790428376355905,0.737610799398833
50496,0.807310726325593,1.50662502187115,1.14917696381285,1.22670892957726,1.32243508416975,-0.330439759363904,-0.440088173575626,0.390323540401418,8,0.125,0.704006541652312,"1.06160237882377",-0.0790428376355905,0.737610799398833
50498,NA,NA,-0.599237735320409,-1.02000823105323,0.27233359690317,-0.330439759363904,0.572800539949967,0.0324069360111874,6,0.166666666666667,-0.178690775478869,"-0.135095551643893",-0.0790428376355905,0.737610799398833
50503,0.89317051371731,NA,0.0483232643585746,1.91447948895394,1.57590785695824,-0.389208801192427,0.798078728471637,2.17990656235257,7,0.142857142857143,1.00295108765998,"1.46689002679654",-0.0790428376355905,0.737610799398833
50506,NA,NA,-0.0164328356093239,0.0804246639494628,-0.0535599681105977,-0.330439759363904,-1.9130277471857,0.390323540401418,6,0.166666666666667,-0.307118684319774,"-0.309208930875294",-0.0790428376355905,0.737610799398833
50510,NA,NA,NA,NA,NA,NA,NA,0.211365238206305,1,1,0.211365238206305,"0.393714511878871",-0.0790428376355905,0.737610799398833
50512,NA,NA,NA,NA,NA,NA,NA,-0.325509668379042,1,1,-0.325509668379042,"-0.334142112540009",-0.0790428376355905,0.737610799398833
50515,NA,NA,NA,-0.607345895427217,NA,NA,NA,-0.146551366183927,2,0.5,-0.376948630805572,"-0.403879381121833",-0.0790428376355905,0.737610799398833
50516,-0.566445871941866,0.430367775305794,-1.0525304350957,-0.378089042301657,0.127492012452607,-0.918130177649138,-0.933369724304111,-0.146551366183927,8,0.125,-0.429657103714749,"-0.475337761275887",-0.0790428376355905,0.737610799398833
50517,NA,NA,NA,-0.744900007302553,-0.813978286476055,NA,NA,-0.146551366183927,3,0.333333333333333,-0.568476553320845,"-0.663539248725957",-0.0790428376355905,0.737610799398833
50523,-0.48058608455015,NA,0.566372064101763,0.676492482075919,0.417175181353733,-1.85843484690551,-0.109075969368498,0.390323540401418,7,0.142857142857143,-0.0568190904130465,"0.0301293680090595",-0.0790428376355905,0.737610799398833
50526,NA,NA,NA,0.768195223326143,1.03275191526863,NA,NA,0.390323540401418,3,0.333333333333333,0.730423559665396,"1.0974166836504",-0.0790428376355905,0.737610799398833
50528,NA,NA,NA,-1.47852193730435,-0.234611948673802,0.0809435334357605,NA,0.211365238206305,4,0.25,-0.355206278584021,"-0.374402654046698",-0.0790428376355905,0.737610799398833
50534,-1.42504374585903,NA,NA,-1.2951164548039,-1.0312406631519,-0.389208801192427,NA,-1.57821778374485,5,0.2,-1.14376548975042,"-1.44347486910793",-0.0790428376355905,0.737610799398833
50537,NA,NA,-0.728749935256206,-0.0571294479258733,1.06896231138127,0.786172035378042,NA,0.390323540401418,5,0.2,0.291915700795729,"0.502919071593933",-0.0790428376355905,0.737610799398833
50541,NA,NA,NA,NA,NA,-0.0365945502212864,NA,-0.146551366183927,2,0.5,-0.0915729582026064,"-0.0169874418558245",-0.0790428376355905,0.737610799398833
50543,NA,NA,NA,NA,NA,NA,NA,NA,0,NA,NA,"NaN",-0.0790428376355905,0.737610799398833
50549,1.15074987589246,-0.287137055737774,0.566372064101763,1.45596578270282,0.996541519155986,0.903710119035088,-0.891076118029928,2.17990656235257,8,0.125,0.759379093684123,"1.13667252703329",-0.0790428376355905,0.737610799398833
50551,-1.16746438368388,NA,-0.663993835288308,0.630641111450807,0.562016765804296,0.551095868063948,-0.27350315294466,0.927198446986763,7,0.142857142857143,0.080855831484138,"0.216779186598202",-0.0790428376355905,0.737610799398833
50557,-1.68262310803418,-0.0479687787232517,1.79673796349183,-0.744900007302553,1.21380389583183,0.257250658921331,-0.510865228973239,0.927198446986763,8,0.125,0.151079230274817,"0.311983051357114",-0.0790428376355905,0.737610799398833
50561,NA,NA,NA,0.768195223326143,-0.270822344786443,NA,NA,0.0324069360111874,3,0.333333333333333,0.176593271516962,"0.346573164819307",-0.0790428376355905,0.737610799398833
50567,0.120432427191864,0.789120190827578,-0.858262135192003,0.584789740825695,0.417175181353733,0.139712575264284,0.429520159510897,0.390323540401418,8,0.125,0.251601460022933,"0.448263905474276",-0.0790428376355905,0.737610799398833
50570,-0.995744808900447,0.430367775305794,-0.340213335448815,0.859897964576367,0.344754389128452,-0.624284968506521,0.328964952756971,1.10615674918188,8,0.125,0.13873733976171,"0.295250798354356",-0.0790428376355905,0.737610799398833
50573,1.23660966328417,0.430367775305794,-1.1172865350636,-0.378089042301657,0.0550712202273249,1.31509341183475,1.25424548185747,-0.146551366183927,8,0.125,0.331182576120042,"0.556154294500533",-0.0790428376355905,0.737610799398833
50580,0.635591151542161,NA,-0.469725535384612,0.951600705826591,1.93801181808465,NA,NA,1.28511505137699,5,0.2,0.868118638289156,"1.2840938292887",-0.0790428376355905,0.737610799398833
50581,0.549731364150444,0.669536052320317,0.372103764198067,0.630641111450807,0.924120726930704,-0.506746884849472,-0.812530849235015,0.927198446986763,8,0.125,0.344256716494077,"0.573879279526092",-0.0790428376355905,0.737610799398833
50586,NA,NA,NA,1.08915481770193,1.46727666862032,NA,NA,0.390323540401418,3,0.333333333333333,0.982251675574554,"1.43882724341227",-0.0790428376355905,0.737610799398833
50588,NA,NA,NA,0.630641111450807,0.344754389128452,NA,NA,0.569281842596533,3,0.333333333333333,0.514892447725264,"0.805215007487584",-0.0790428376355905,0.737610799398833
50590,-0.652305659333582,NA,-0.599237735320409,0.722343852701031,0.199912804677888,0.551095868063948,NA,0.0324069360111874,6,0.166666666666667,0.0423693444666771,"0.16460195837862",-0.0790428376355905,0.737610799398833
50597,0.20629221458358,NA,-0.404969435416714,0.172127405199687,-0.234611948673802,0.374788742578378,NA,0.211365238206305,6,0.166666666666667,0.0541653694129057,"0.180594165862354",-0.0790428376355905,0.737610799398833
50599,0.549731364150444,0.430367775305794,0.825396463973357,0.859897964576367,2.04664300642257,1.49140053732032,2.00560434434066,1.64303165576722,8,0.125,1.23150913898209,"1.77675269625365",-0.0790428376355905,0.737610799398833
50603,0.721450938933877,0.669536052320317,-1.18204263503149,0.217978775824799,0.27233359690317,-1.27074442862028,0.992284063404111,0.569281842596533,8,0.125,0.123759775791379,"0.274945287666962",-0.0790428376355905,0.737610799398833
50604,NA,NA,NA,-0.515643154176993,-0.0535599681105977,NA,NA,-0.504467970574157,3,0.333333333333333,-0.357890364287249,"-0.378041545594133",-0.0790428376355905,0.737610799398833
50608,NA,NA,NA,-0.148832189176097,-0.813978286476055,NA,NA,-1.93613438813508,3,0.333333333333333,-0.966314954595743,"-1.20290011708518",-0.0790428376355905,0.737610799398833
50609,NA,NA,NA,NA,0.199912804677888,NA,NA,0.390323540401418,2,0.5,0.295118172539653,"0.507260753882931",-0.0790428376355905,0.737610799398833
50624,-1.08160459629216,NA,1.21393306378075,0.493086999575471,0.163702408565247,1.49140053732032,0.0480145682213257,-0.683426272769272,7,0.142857142857143,0.235015244057383,"0.425777499392547",-0.0790428376355905,0.737610799398833
50625,3.21138477329365,1.14787260634936,1.86149406345973,2.60225004833062,2.04664300642257,1.55016957914885,1.71688574640772,3.07469807332814,8,0.125,2.15142473709258,"3.02390851184126",-0.0790428376355905,0.737610799398833
50633,NA,NA,0.890152563941255,0.0804246639494628,-0.99503026703926,-1.15320634496323,NA,0.211365238206305,5,0.2,-0.193258829181093,"-0.154845877580143",-0.0790428376355905,0.737610799398833
50636,NA,NA,-0.534481635352511,-0.194683559801209,1.25001429194447,-0.741823052163566,NA,0.927198446986763,5,0.2,0.14124489832279,"0.298650367020004",-0.0790428376355905,0.737610799398833
50641,NA,NA,NA,-0.0112780773007613,-0.125980760335879,NA,NA,-0.683426272769272,3,0.333333333333333,-0.273561703468638,"-0.263714774772256",-0.0790428376355905,0.737610799398833
50663,NA,NA,2.05576236336343,1.86862811832883,2.5173781558869,NA,0.635809381950281,2.00094826015745,5,0.2,1.81570525593738,"2.56876403533845",-0.0790428376355905,0.737610799398833
50668,NA,NA,NA,NA,-0.488084721462287,NA,NA,NA,1,1,-0.488084721462287,"-0.554549749217437",-0.0790428376355905,0.737610799398833
50674,-0.137146934983285,NA,NA,0.493086999575471,-1.57439660484151,-1.56458963776289,NA,-0.325509668379042,5,0.2,-0.621711169278252,"-0.735710936017947",-0.0790428376355905,0.737610799398833
50677,NA,NA,NA,NA,NA,NA,NA,0.748240144791648,1,1,0.748240144791648,"1.12157113629775",-0.0790428376355905,0.737610799398833
50678,0.120432427191864,0.90870432933484,0.307347664230169,0.859897964576367,1.5396974608456,0.844941077206565,-0.185894968519566,1.10615674918188,8,0.125,0.687660338005964,"1.03944136428918",-0.0790428376355905,0.737610799398833
50684,NA,NA,NA,NA,-0.0535599681105977,NA,NA,-1.0413428771595,2,0.5,-0.54745142263505,"-0.635034879344529",-0.0790428376355905,0.737610799398833
50686,NA,NA,NA,NA,NA,NA,NA,-0.146551366183927,1,1,-0.146551366183927,"-0.0915232377337164",-0.0790428376355905,0.737610799398833
50689,0.807310726325593,NA,0.631128164069661,1.18085755895215,0.851699934705422,1.02124820269213,NA,1.28511505137699,6,0.166666666666667,0.962893273020326,"1.41258250489976",-0.0790428376355905,0.737610799398833
50690,NA,NA,NA,NA,NA,NA,NA,0.211365238206305,1,1,0.211365238206305,"0.393714511878871",-0.0790428376355905,0.737610799398833
50696,NA,0.430367775305794,NA,1.27256030020237,1.25001429194447,-0.154132633878333,-0.17942145735515,1.10615674918188,6,0.166666666666667,0.620924170900172,"0.948965238993585",-0.0790428376355905,0.737610799398833
50697,NA,NA,NA,NA,NA,NA,NA,0.211365238206305,1,1,0.211365238206305,"0.393714511878871",-0.0790428376355905,0.737610799398833
50701,0.20629221458358,NA,0.566372064101763,1.13500618832704,0.634437558029578,0.139712575264284,0.00442625971425847,-0.146551366183927,7,0.142857142857143,0.362813641976654,"0.599037432711622",-0.0790428376355905,0.737610799398833
50704,NA,NA,0.113079364326474,1.04330344707681,0.996541519155986,NA,NA,1.10615674918188,4,0.25,0.814770269935288,"1.21176792462821",-0.0790428376355905,0.737610799398833
50708,NA,NA,NA,NA,NA,NA,NA,0.748240144791648,1,1,0.748240144791648,"1.12157113629775",-0.0790428376355905,0.737610799398833
50709,1.83762817502619,NA,-1.37631093493519,1.73107400645349,0.670647954142219,0.609864909892471,NA,0.569281842596533,6,0.166666666666667,0.673697658862619,"1.02051176190981",-0.0790428376355905,0.737610799398833
50710,NA,NA,NA,NA,NA,NA,NA,0.211365238206305,1,1,0.211365238206305,"0.393714511878871",-0.0790428376355905,0.737610799398833
50714,NA,NA,NA,NA,NA,NA,NA,0.211365238206305,1,1,0.211365238206305,"0.393714511878871",-0.0790428376355905,0.737610799398833
50717,NA,NA,NA,NA,NA,NA,NA,0.211365238206305,1,1,0.211365238206305,"0.393714511878871",-0.0790428376355905,0.737610799398833
50723,NA,NA,NA,0.447235628950359,NA,NA,NA,0.0324069360111874,2,0.5,0.239821282480773,"0.432293182768262",-0.0790428376355905,0.737610799398833
50726,NA,NA,NA,NA,NA,NA,NA,NA,0,NA,NA,"NaN",-0.0790428376355905,0.737610799398833
50735,NA,NA,0.24259156426227,0.859897964576367,0.417175181353733,NA,NA,-0.504467970574157,4,0.25,0.253799184904553,"0.451243423783134",-0.0790428376355905,0.737610799398833
50736,NA,NA,NA,0.722343852701031,0.0912816163399657,NA,NA,0.211365238206305,3,0.333333333333333,0.341663569082434,"0.570363675614441",-0.0790428376355905,0.737610799398833
50737,-0.223006722375001,-0.287137055737774,0.436859864165966,0.355532887700135,-1.75544858540472,0.374788742578378,NA,0.211365238206305,7,0.142857142857143,-0.126720804409529,"-0.0646383794987781",-0.0790428376355905,0.737610799398833
50738,0.20629221458358,NA,NA,-0.744900007302553,-0.0173495719979558,NA,NA,-0.683426272769272,4,0.25,-0.30984590937155,"-0.312906307668039",-0.0790428376355905,0.737610799398833
50739,1.40832923806761,NA,1.47295746365234,2.92320964270641,1.79317023363408,1.96155287194851,0.57409524218285,1.28511505137699,7,0.142857142857143,1.63120424908126,"2.3186307577258",-0.0790428376355905,0.737610799398833
50740,NA,NA,1.21393306378075,1.45596578270282,1.39485587639504,0.844941077206565,0.597399882374747,1.46407335357211,6,0.166666666666667,1.16186150600534,"1.68232941363154",-0.0790428376355905,0.737610799398833
50744,NA,NA,NA,NA,0.127492012452607,NA,NA,-0.325509668379042,2,0.5,-0.0990088279632175,"-0.0270684625874508",-0.0790428376355905,0.737610799398833
50745,NA,NA,NA,NA,1.35864548028239,NA,NA,0.211365238206305,2,0.5,0.78500535924435,"1.17141478620453",-0.0790428376355905,0.737610799398833
50746,-0.738165446725299,NA,NA,0.263830146449911,-0.524295117574929,0.433557784406901,0.186116139728862,0.0324069360111874,6,0.166666666666667,-0.0577582596172276,"0.0288561095305414",-0.0790428376355905,0.737610799398833
50747,NA,NA,NA,NA,0.815489538592783,NA,NA,0.211365238206305,2,0.5,0.513427388399544,"0.803228784771059",-0.0790428376355905,0.737610799398833
50748,NA,NA,NA,NA,NA,NA,NA,0.0324069360111874,1,1,0.0324069360111874,"0.151095637072575",-0.0790428376355905,0.737610799398833
50755,1.06489008850074,NA,0.24259156426227,1.18085755895215,1.46727666862032,-0.0953635920498098,NA,1.10615674918188,6,0.166666666666667,0.827734839577925,"1.22934436148787",-0.0790428376355905,0.737610799398833
50758,NA,NA,NA,NA,1.46727666862032,NA,NA,1.28511505137699,2,0.5,1.37619585999865,"1.97290861091011",-0.0790428376355905,0.737610799398833
50760,NA,NA,NA,-0.378089042301657,0.0550712202273249,0.139712575264284,NA,-0.504467970574157,4,0.25,-0.171943304346051,"-0.125947812567517",-0.0790428376355905,0.737610799398833
50761,0.549731364150444,-2.0808991333467,1.21393306378075,1.18085755895215,0.960331123043346,2.25539808109113,1.26546623454246,0.927198446986763,8,0.125,0.784002092400042,"1.17005462872701",-0.0790428376355905,0.737610799398833
50763,NA,NA,1.79673796349183,0.951600705826591,2.01043261030993,NA,NA,1.28511505137699,4,0.25,1.51097158275134,"2.15562790252369",-0.0790428376355905,0.737610799398833
50764,-0.308866509766717,0.310783636798532,0.372103764198067,0.538938370200583,-0.0535599681105977,0.492326826235425,0.120086325851821,0.569281842596533,8,0.125,0.255136786000456,"0.453056847741938",-0.0790428376355905,0.737610799398833
50765,NA,NA,NA,NA,NA,NA,NA,0.390323540401418,1,1,0.390323540401418,"0.636333386685161",-0.0790428376355905,0.737610799398833
50766,NA,NA,NA,NA,NA,NA,NA,0.211365238206305,1,1,0.211365238206305,"0.393714511878871",-0.0790428376355905,0.737610799398833
50767,NA,NA,NA,NA,NA,NA,NA,0.0324069360111874,1,1,0.0324069360111874,"0.151095637072575",-0.0790428376355905,0.737610799398833
50769,NA,NA,NA,NA,NA,NA,0.297028964345853,1.10615674918188,2,0.5,0.701592856763865,"1.05833007737372",-0.0790428376355905,0.737610799398833
50770,-0.0512871475915684,0.0716153597840098,0.372103764198067,-0.194683559801209,-0.451874325349647,0.374788742578378,-1.36536870267612,0.0324069360111874,8,0.125,-0.151537366605863,"-0.0982829007240096",-0.0790428376355905,0.737610799398833
50771,NA,NA,NA,0.126276034574575,-0.0173495719979558,NA,NA,-1.22030117935462,3,0.333333333333333,-0.370458238925999,"-0.395080171721886",-0.0790428376355905,0.737610799398833
50772,NA,NA,NA,NA,-0.0535599681105977,NA,NA,0.211365238206305,2,0.5,0.0789026350478537,"0.214131182477497",-0.0790428376355905,0.737610799398833
50775,-0.652305659333582,0.430367775305794,0.501615964133864,0.768195223326143,-0.415663929237006,-0.0365945502212864,0.353564295181751,0.0324069360111874,8,0.125,0.122698256895858,"0.27350615622205",-0.0790428376355905,0.737610799398833
50776,NA,NA,-0.728749935256206,NA,1.28622468805711,NA,NA,0.748240144791648,3,0.333333333333333,0.435238299197518,"0.69722560631197",-0.0790428376355905,0.737610799398833
50777,NA,NA,NA,NA,NA,NA,NA,0.569281842596533,1,1,0.569281842596533,"0.878952261491454",-0.0790428376355905,0.737610799398833
50778,NA,NA,NA,NA,NA,NA,NA,NA,0,NA,NA,"NaN",-0.0790428376355905,0.737610799398833
50779,NA,NA,0.890152563941255,0.630641111450807,1.43106627250768,NA,NA,0.0324069360111874,4,0.25,0.746066720977731,"1.11862456363953",-0.0790428376355905,0.737610799398833
50780,NA,NA,NA,0.538938370200583,1.39485587639504,NA,NA,1.28511505137699,3,0.333333333333333,1.07296976599087,"1.56181634618877",-0.0790428376355905,0.737610799398833
50782,NA,NA,NA,NA,0.670647954142219,NA,NA,0.211365238206305,2,0.5,0.441006596174262,"0.705045851055466",-0.0790428376355905,0.737610799398833
50783,NA,NA,0.566372064101763,-0.0112780773007613,-0.705347098138132,NA,NA,0.927198446986763,4,0.25,0.194236333912408,"0.370492367751023",-0.0790428376355905,0.737610799398833
50784,NA,NA,NA,-0.836602748552777,-0.234611948673802,NA,NA,0.569281842596533,3,0.333333333333333,-0.167310951543349,"-0.119667599741894",-0.0790428376355905,0.737610799398833
50785,NA,NA,NA,NA,NA,NA,NA,0.211365238206305,1,1,0.211365238206305,"0.393714511878871",-0.0790428376355905,0.737610799398833
50855,NA,NA,NA,NA,NA,NA,NA,-0.146551366183927,1,1,-0.146551366183927,"-0.0915232377337164",-0.0790428376355905,0.737610799398833
51300,NA,NA,NA,NA,NA,NA,NA,NA,0,NA,NA,"NaN",-0.0790428376355905,0.737610799398833
51301,NA,NA,NA,-0.469791783551881,-1.17608224760246,NA,NA,0.211365238206305,3,0.333333333333333,-0.478169597649346,"-0.54110753305002",-0.0790428376355905,0.737610799398833
51302,NA,NA,NA,NA,NA,NA,NA,NA,0,NA,NA,"NaN",-0.0790428376355905,0.737610799398833
51303,NA,NA,NA,NA,NA,NA,NA,0.390323540401418,1,1,0.390323540401418,"0.636333386685161",-0.0790428376355905,0.737610799398833
51304,NA,NA,NA,NA,0.417175181353733,NA,NA,-0.504467970574157,2,0.5,-0.0436463946102117,"0.0479879674405901",-0.0790428376355905,0.737610799398833
51305,NA,NA,NA,NA,-0.270822344786443,NA,NA,-1.75717608593996,2,0.5,-1.0139992153632,"-1.2675470295305",-0.0790428376355905,0.737610799398833
51306,NA,NA,NA,NA,0.598227161916937,NA,NA,0.0324069360111874,2,0.5,0.315317048964062,"0.534644946794521",-0.0790428376355905,0.737610799398833
51307,NA,NA,NA,NA,NA,NA,NA,NA,0,NA,NA,"NaN",-0.0790428376355905,0.737610799398833
51309,NA,NA,NA,NA,NA,NA,NA,NA,0,NA,NA,"NaN",-0.0790428376355905,0.737610799398833
51310,NA,NA,NA,0.126276034574575,1.06896231138127,0.139712575264284,NA,0.0324069360111874,4,0.25,0.341839464307828,"0.570602141788659",-0.0790428376355905,0.737610799398833
51311,NA,NA,NA,NA,-2.26239413098169,NA,NA,-0.862384574964387,2,0.5,-1.56238935297304,"-2.01101518110418",-0.0790428376355905,0.737610799398833
51312,NA,NA,NA,NA,NA,NA,NA,0.211365238206305,1,1,0.211365238206305,"0.393714511878871",-0.0790428376355905,0.737610799398833
51314,NA,NA,1.08442086384495,NA,0.27233359690317,NA,NA,0.927198446986763,3,0.333333333333333,0.761317635911627,"1.13930066402516",-0.0790428376355905,0.737610799398833
51315,NA,NA,NA,NA,NA,NA,NA,-1.22030117935462,1,1,-1.22030117935462,"-1.54723648657147",-0.0790428376355905,0.737610799398833
51316,NA,NA,-4.22557933352272,-0.469791783551881,-0.741557494250773,-0.918130177649138,NA,-1.93613438813508,5,0.2,-1.65823863542192,"-2.14096078727888",-0.0790428376355905,0.737610799398833
51317,NA,NA,-1.70009143477468,-1.61607604917968,0.562016765804296,-0.0365945502212864,NA,0.748240144791648,5,0.2,-0.408501024715941,"-0.4466558615314",-0.0790428376355905,0.737610799398833
51318,NA,NA,0.631128164069661,-1.15756234292856,1.50348706473296,NA,NA,0.927198446986763,4,0.25,0.476062833215205,"0.752572591539085",-0.0790428376355905,0.737610799398833
51319,NA,NA,-0.14594503554512,-0.0571294479258733,0.0550712202273249,-0.683054010335044,NA,0.0324069360111874,5,0.2,-0.159730067513505,"-0.109389979029152",-0.0790428376355905,0.737610799398833
51320,NA,NA,-0.14594503554512,-0.699048636677441,-1.50197581261623,NA,NA,0.211365238206305,4,0.25,-0.533901061658121,"-0.61666426846414",-0.0790428376355905,0.737610799398833
51321,NA,NA,NA,NA,-0.0535599681105977,NA,NA,-0.325509668379042,2,0.5,-0.18953481824482,"-0.149797129731943",-0.0790428376355905,0.737610799398833
51323,NA,NA,0.631128164069661,NA,NA,NA,NA,0.0324069360111874,2,0.5,0.331767550040424,"0.55694736032991",-0.0790428376355905,0.737610799398833
51324,NA,NA,NA,-0.836602748552777,0.163702408565247,NA,NA,-0.683426272769272,3,0.333333333333333,-0.452108870918934,"-0.505776262477989",-0.0790428376355905,0.737610799398833
51325,NA,NA,NA,0.172127405199687,-1.46576541650359,-0.97689921947766,NA,0.569281842596533,4,0.25,-0.425313847046257,"-0.469449484325452",-0.0790428376355905,0.737610799398833
51326,NA,NA,NA,NA,-0.415663929237006,NA,NA,-0.146551366183927,2,0.5,-0.281107647710466,"-0.273945026617781",-0.0790428376355905,0.737610799398833
51327,NA,NA,NA,NA,NA,NA,NA,NA,0,NA,NA,"NaN",-0.0790428376355905,0.737610799398833
51328,NA,NA,NA,0.814046593951255,-0.307032740899083,NA,NA,-0.146551366183927,3,0.333333333333333,0.120154162289415,"0.270057054597567",-0.0790428376355905,0.737610799398833
51329,NA,NA,-0.534481635352511,0.584789740825695,0.924120726930704,NA,NA,0.0324069360111874,4,0.25,0.251708942103769,"0.448409621997032",-0.0790428376355905,0.737610799398833
51330,NA,NA,-0.923018235159901,NA,0.127492012452607,NA,NA,1.10615674918188,3,0.333333333333333,0.103543508824861,"0.247537517901396",-0.0790428376355905,0.737610799398833
51331,NA,NA,NA,NA,1.28622468805711,NA,NA,-0.146551366183927,2,0.5,0.569836660936593,"0.879704444540444",-0.0790428376355905,0.737610799398833
51332,NA,NA,-0.340213335448815,0.859897964576367,-0.343243137011723,-0.741823052163566,NA,-0.146551366183927,5,0.2,-0.142386585246333,"-0.0858769254224163",-0.0790428376355905,0.737610799398833
51333,NA,NA,NA,NA,NA,NA,NA,NA,0,NA,NA,"NaN",-0.0790428376355905,0.737610799398833
51334,NA,NA,NA,NA,NA,NA,NA,0.748240144791648,1,1,0.748240144791648,"1.12157113629775",-0.0790428376355905,0.737610799398833
51335,NA,NA,NA,NA,NA,NA,NA,NA,0,NA,NA,"NaN",-0.0790428376355905,0.737610799398833
51336,NA,NA,NA,NA,NA,NA,NA,-0.146551366183927,1,1,-0.146551366183927,"-0.0915232377337164",-0.0790428376355905,0.737610799398833
51337,NA,NA,NA,NA,NA,NA,NA,NA,0,NA,NA,"NaN",-0.0790428376355905,0.737610799398833
51339,NA,NA,NA,NA,NA,NA,NA,NA,0,NA,NA,"NaN",-0.0790428376355905,0.737610799398833
60001,-0.48058608455015,-0.167552917230512,-0.340213335448815,0.493086999575471,-0.813978286476055,0.139712575264284,-0.600631250453138,-0.504467970574157,8,0.125,-0.284328783736634,"-0.278312012606588",-0.0790428376355905,0.737610799398833
60003,0.120432427191864,NA,-0.469725535384612,0.355532887700135,-0.705347098138132,-0.800592093992089,NA,-0.504467970574157,6,0.166666666666667,-0.334027897199499,"-0.345690518321757",-0.0790428376355905,0.737610799398833
60004,-0.566445871941866,NA,NA,-0.515643154176993,0.0550712202273249,NA,NA,-0.146551366183927,4,0.25,-0.293392293018865,"-0.29059967066368",-0.0790428376355905,0.737610799398833
60006,-0.137146934983285,NA,-0.599237735320409,-0.0571294479258733,0.127492012452607,-0.0365945502212864,NA,0.0324069360111874,6,0.166666666666667,-0.111701619997843,"-0.0442764427918766",-0.0790428376355905,0.737610799398833
60008,NA,NA,NA,NA,-0.16219115644852,NA,NA,-0.683426272769272,2,0.5,-0.422808714608896,"-0.466053204824931",-0.0790428376355905,0.737610799398833
60009,1.06489008850074,NA,-1.76484753474258,-0.974156860428112,-0.705347098138132,0.316019700749854,-0.140580390368655,0.748240144791648,7,0.142857142857143,-0.207968849947891,"-0.174788672315234",-0.0790428376355905,0.737610799398833
60010,0.378011789367012,NA,0.177835464294372,-0.699048636677441,0.851699934705422,0.727402993549518,1.02853572592484,0.748240144791648,7,0.142857142857143,0.458953916565053,"0.729377545229979",-0.0790428376355905,0.737610799398833
60011,NA,NA,0.307347664230169,0.768195223326143,0.634437558029578,NA,0.199063162057694,0.211365238206305,5,0.2,0.424081769169978,"0.682100380330148",-0.0790428376355905,0.737610799398833
60012,NA,NA,NA,0.263830146449911,-0.125980760335879,NA,NA,0.390323540401418,3,0.333333333333333,0.176057642171816,"0.34584699683806",-0.0790428376355905,0.737610799398833
60013,1.58004881285104,NA,-0.275457235480917,-1.02000823105323,0.924120726930704,0.316019700749854,NA,0.927198446986763,6,0.166666666666667,0.40865370349737,"0.661184111635082",-0.0790428376355905,0.737610799398833
60014,NA,NA,NA,-1.2951164548039,0.634437558029578,NA,-0.484108049493654,0.569281842596533,4,0.25,-0.14387627591786,"-0.0878965415570245",-0.0790428376355905,0.737610799398833
60015,1.40832923806761,0.549951913813056,-0.0164328356093239,0.584789740825695,0.27233359690317,-0.0365945502212864,0.45541420416856,0.748240144791648,8,0.125,0.495753931592391,"0.779268375268436",-0.0790428376355905,0.737610799398833
60020,0.721450938933877,-0.167552917230512,0.24259156426227,0.217978775824799,0.018860824114684,0.139712575264284,-0.762469029563533,0.927198446986763,8,0.125,0.167221397324079,"0.333867447657192",-0.0790428376355905,0.737610799398833
60022,2.18106732459305,0.669536052320317,-0.534481635352511,0.172127405199687,0.815489538592783,-2.3285871815337,-0.612283570549087,0.569281842596533,8,0.125,0.116518721983385,"0.265128384479134",-0.0790428376355905,0.737610799398833
60023,0.120432427191864,0.669536052320317,-0.534481635352511,-1.38681919605412,-1.82786937763,-0.389208801192427,-0.471592594575784,0.390323540401418,8,0.125,-0.428709948111405,"-0.474053675408223",-0.0790428376355905,0.737610799398833
60024,0.721450938933877,-0.0479687787232517,0.825396463973357,1.22670892957726,1.43106627250768,-0.330439759363904,-0.0585825822860545,1.64303165576722,8,0.125,0.676332892548273,"1.02408442338359",-0.0790428376355905,0.737610799398833
60027,1.15074987589246,0.0716153597840098,0.24259156426227,1.27256030020237,1.17759349971919,-0.565515926677996,-0.760311192508728,1.28511505137699,8,0.125,0.484299816506321,"0.763739704734593",-0.0790428376355905,0.737610799398833
60028,-0.48058608455015,NA,0.177835464294372,0.447235628950359,1.21380389583183,NA,NA,1.28511505137699,5,0.2,0.528680791180681,"0.823908258002158",-0.0790428376355905,0.737610799398833
60030,-0.308866509766717,NA,NA,-0.102980818550985,0.308543993015811,-1.79966580507699,NA,0.0324069360111874,5,0.2,-0.374112440873538,"-0.40003427753286",-0.0790428376355905,0.737610799398833
60031,1.40832923806761,0.430367775305794,0.177835464294372,0.493086999575471,0.562016765804296,-2.03474197239108,0.897339232992679,0.569281842596533,8,0.125,0.312939418280709,"0.531421525058706",-0.0790428376355905,0.737610799398833
60032,0.807310726325593,NA,NA,-0.0112780773007613,0.887910330818063,0.962479160863611,0.22582034153728,0.569281842596533,6,0.166666666666667,0.573587387473387,"0.884789411490292",-0.0790428376355905,0.737610799398833
60034,1.23660966328417,0.191199498291271,-0.0164328356093239,-0.332237671676545,0.236123200790529,1.1975553281777,1.37896846362522,0.569281842596533,8,0.125,0.557633436184945,"0.863160184665733",-0.0790428376355905,0.737610799398833
60044,NA,NA,NA,0.447235628950359,0.0550712202273249,NA,NA,0.569281842596533,3,0.333333333333333,0.357196230591406,"0.591421747868306",-0.0790428376355905,0.737610799398833
60049,NA,NA,NA,NA,0.634437558029578,NA,NA,-0.146551366183927,2,0.5,0.243943095922826,"0.437881242820273",-0.0790428376355905,0.737610799398833
60054,NA,NA,-0.9877743351278,0.401384258325247,-0.379453533124364,NA,NA,-0.325509668379042,4,0.25,-0.32283831957649,"-0.330520488772123",-0.0790428376355905,0.737610799398833
60064,0.463871576758728,1.0282884678421,-0.728749935256206,0.814046593951255,0.380964785241092,0.198481617092807,1.7725579424217,0.390323540401418,8,0.125,0.539973073556611,"0.839217527314827",-0.0790428376355905,0.737610799398833
60065,-0.394726297158433,NA,-0.210701135513018,0.217978775824799,-0.63292630591285,0.198481617092807,NA,0.569281842596533,6,0.166666666666667,-0.0421019171783605,"0.0500818595488807",-0.0790428376355905,0.737610799398833
60071,NA,NA,NA,-1.15756234292856,-0.596715909800209,NA,NA,-0.325509668379042,3,0.333333333333333,-0.69326264036927,"-0.832715306275723",-0.0790428376355905,0.737610799398833
60075,2.09520753720134,0.669536052320317,0.436859864165966,-0.928305489803001,1.14138310360655,-1.3295134704488,NA,0.927198446986763,7,0.142857142857143,0.430338006289876,"0.690582139443486",-0.0790428376355905,0.737610799398833
60076,NA,NA,NA,-0.0112780773007613,-0.307032740899083,NA,NA,0.569281842596533,3,0.333333333333333,0.0836570081322297,"0.220576821679433",-0.0790428376355905,0.737610799398833
60096,NA,NA,NA,0.217978775824799,0.453385577466374,NA,NA,0.569281842596533,3,0.333333333333333,0.413548731962569,"0.667820441348785",-0.0790428376355905,0.737610799398833
60100,1.49418902545932,0.430367775305794,-0.275457235480917,0.997452076451703,0.779279142480142,0.727402993549518,1.47434486144761,0.927198446986763,8,0.125,0.819347135774992,"1.21797291219541",-0.0790428376355905,0.737610799398833
60103,NA,NA,NA,-1.2951164548039,0.308543993015811,NA,NA,0.211365238206305,3,0.333333333333333,-0.258402407860594,"-0.243162885319988",-0.0790428376355905,0.737610799398833
60104,1.32246945067589,NA,-0.923018235159901,-0.332237671676545,0.960331123043346,-0.565515926677996,NA,0.211365238206305,6,0.166666666666667,0.112232329735183,"0.259317200245261",-0.0790428376355905,0.737610799398833
60107,NA,NA,NA,NA,NA,NA,NA,NA,0,NA,NA,"NaN",-0.0790428376355905,0.737610799398833
60112,0.89317051371731,NA,1.40820136368444,0.584789740825695,0.960331123043346,0.962479160863611,-0.861729534084576,1.28511505137699,7,0.142857142857143,0.747479631346689,"1.1205400865279",-0.0790428376355905,0.737610799398833
60113,-0.566445871941866,NA,0.0483232643585746,0.630641111450807,-0.19840155256116,-0.154132633878333,0.314723228195257,1.10615674918188,7,0.142857142857143,0.16869489925788,"0.335865116258305",-0.0790428376355905,0.737610799398833
60114,1.23660966328417,NA,-1.89435973467838,0.997452076451703,1.28622468805711,0.492326826235425,-1.18367882266152,1.10615674918188,7,0.142857142857143,0.29153306369577,"0.502400319563362",-0.0790428376355905,0.737610799398833
60116,1.06489008850074,NA,0.177835464294372,0.905749335201479,-0.0535599681105977,-0.389208801192427,0.18093733079733,0.569281842596533,7,0.142857142857143,0.350846470298204,"0.58281319672131",-0.0790428376355905,0.737610799398833
60117,NA,NA,NA,NA,NA,NA,NA,0.211365238206305,1,1,0.211365238206305,"0.393714511878871",-0.0790428376355905,0.737610799398833
60118,NA,NA,NA,NA,NA,NA,NA,0.569281842596533,1,1,0.569281842596533,"0.878952261491454",-0.0790428376355905,0.737610799398833
60119,1.58004881285104,-0.167552917230512,-0.9877743351278,0.0345732933243508,0.706858350254859,-0.918130177649138,-0.333491023068246,1.28511505137699,8,0.125,0.149955881841443,"0.310460095844139",-0.0790428376355905,0.737610799398833
60124,NA,NA,NA,NA,NA,NA,NA,0.0324069360111874,1,1,0.0324069360111874,"0.151095637072575",-0.0790428376355905,0.737610799398833
60125,-1.08160459629216,NA,0.307347664230169,1.18085755895215,0.779279142480142,0.257250658921331,NA,1.10615674918188,6,0.166666666666667,0.424881196245584,"0.68318418641902",-0.0790428376355905,0.737610799398833
60126,NA,NA,NA,NA,NA,NA,NA,0.569281842596533,1,1,0.569281842596533,"0.878952261491454",-0.0790428376355905,0.737610799398833
60128,0.89317051371731,NA,0.631128164069661,-1.2951164548039,0.779279142480142,0.0809435334357605,NA,0.211365238206305,6,0.166666666666667,0.21679502285088,"0.401075825798082",-0.0790428376355905,0.737610799398833
60129,NA,NA,NA,NA,0.525806369691656,NA,NA,0.390323540401418,2,0.5,0.458064955046537,"0.728172354743017",-0.0790428376355905,0.737610799398833
60130,NA,NA,NA,NA,1.50348706473296,NA,NA,0.748240144791648,2,0.5,1.1258636047623,"1.63352603212957",-0.0790428376355905,0.737610799398833
60131,0.463871576758728,NA,0.0483232643585746,0.0345732933243508,0.127492012452607,0.374788742578378,NA,1.28511505137699,6,0.166666666666667,0.389027323474938,"0.634576068425266",-0.0790428376355905,0.737610799398833
60132,0.292152001975297,NA,0.436859864165966,1.08915481770193,2.01043261030993,0.903710119035088,-0.150938008231721,1.28511505137699,7,0.142857142857143,0.838069493761926,"1.24335534694581",-0.0790428376355905,0.737610799398833
60133,NA,NA,NA,NA,NA,NA,NA,0.0324069360111874,1,1,0.0324069360111874,"0.151095637072575",-0.0790428376355905,0.737610799398833
61300,NA,NA,NA,NA,NA,NA,NA,NA,0,NA,NA,"NaN",-0.0790428376355905,0.737610799398833
61301,NA,NA,0.0483232643585746,-0.653197266052329,0.0550712202273249,NA,NA,-0.146551366183927,4,0.25,-0.174088536912589,"-0.128856165547552",-0.0790428376355905,0.737610799398833
61302,NA,NA,NA,NA,0.670647954142219,NA,NA,0.0324069360111874,2,0.5,0.351527445076703,"0.583736413652317",-0.0790428376355905,0.737610799398833
61303,NA,NA,NA,NA,-0.560505513687569,NA,NA,0.0324069360111874,2,0.5,-0.264049288838191,"-0.250818522930228",-0.0790428376355905,0.737610799398833
61304,NA,NA,NA,NA,NA,NA,NA,-0.504467970574157,1,1,-0.504467970574157,"-0.576760987346302",-0.0790428376355905,0.737610799398833
61305,NA,NA,NA,NA,NA,NA,NA,-1.39925948154973,1,1,-1.39925948154973,"-1.78985536137777",-0.0790428376355905,0.737610799398833
61306,NA,NA,NA,-0.378089042301657,-0.958819870926618,NA,NA,0.0324069360111874,3,0.333333333333333,-0.434833992405696,"-0.482356216937282",-0.0790428376355905,0.737610799398833
61307,NA,NA,NA,NA,NA,NA,NA,NA,0,NA,NA,"NaN",-0.0790428376355905,0.737610799398833
61308,NA,NA,NA,NA,NA,NA,NA,NA,0,NA,NA,"NaN",-0.0790428376355905,0.737610799398833
61309,NA,NA,NA,NA,NA,NA,NA,-0.146551366183927,1,1,-0.146551366183927,"-0.0915232377337164",-0.0790428376355905,0.737610799398833
61310,NA,NA,NA,NA,NA,NA,NA,-0.683426272769272,1,1,-0.683426272769272,"-0.819379862152595",-0.0790428376355905,0.737610799398833
61311,NA,NA,NA,NA,-0.850188682588695,NA,NA,-2.83092589911065,2,0.5,-1.84055729084967,"-2.38813538881175",-0.0790428376355905,0.737610799398833
61312,NA,NA,NA,NA,NA,NA,NA,-1.39925948154973,1,1,-1.39925948154973,"-1.78985536137777",-0.0790428376355905,0.737610799398833
61313,NA,NA,NA,NA,NA,NA,NA,0.390323540401418,1,1,0.390323540401418,"0.636333386685161",-0.0790428376355905,0.737610799398833
61314,NA,NA,NA,NA,0.417175181353733,NA,NA,0.748240144791648,2,0.5,0.582707663072691,"0.897154029262614",-0.0790428376355905,0.737610799398833
61315,NA,NA,NA,NA,NA,NA,NA,0.390323540401418,1,1,0.390323540401418,"0.636333386685161",-0.0790428376355905,0.737610799398833
61316,NA,NA,NA,NA,NA,NA,NA,-1.22030117935462,1,1,-1.22030117935462,"-1.54723648657147",-0.0790428376355905,0.737610799398833
61317,NA,NA,NA,NA,NA,NA,NA,-0.504467970574157,1,1,-0.504467970574157,"-0.576760987346302",-0.0790428376355905,0.737610799398833
61318,NA,NA,NA,NA,NA,NA,NA,NA,0,NA,NA,"NaN",-0.0790428376355905,0.737610799398833
61319,NA,NA,NA,NA,NA,NA,NA,NA,0,NA,NA,"NaN",-0.0790428376355905,0.737610799398833
61320,NA,NA,NA,NA,NA,NA,NA,0.569281842596533,1,1,0.569281842596533,"0.878952261491454",-0.0790428376355905,0.737610799398833
61321,NA,NA,-0.599237735320409,NA,0.706858350254859,NA,NA,-0.862384574964387,3,0.333333333333333,-0.251587986676646,"-0.233924380149644",-0.0790428376355905,0.737610799398833
61322,NA,NA,-0.858262135192003,-1.47852193730435,0.417175181353733,NA,NA,-0.862384574964387,4,0.25,-0.69549836652675,"-0.835746343998194",-0.0790428376355905,0.737610799398833
61323,NA,NA,NA,NA,NA,NA,NA,NA,0,NA,NA,"NaN",-0.0790428376355905,0.737610799398833
61324,NA,NA,NA,NA,0.670647954142219,NA,NA,-0.146551366183927,2,0.5,0.262048293979146,"0.462426976249172",-0.0790428376355905,0.737610799398833
61325,NA,NA,NA,NA,-1.0312406631519,NA,NA,0.0324069360111874,2,0.5,-0.499416863570356,"-0.569913057505907",-0.0790428376355905,0.737610799398833
61326,NA,NA,NA,NA,-0.0535599681105977,NA,NA,-0.146551366183927,2,0.5,-0.100055667147262,"-0.0284876923287965",-0.0790428376355905,0.737610799398833
61327,NA,NA,NA,-2.21214386730614,0.417175181353733,0.0809435334357605,NA,0.211365238206305,4,0.25,-0.375664978577584,"-0.402139097182073",-0.0790428376355905,0.737610799398833
61328,NA,NA,NA,NA,NA,NA,NA,NA,0,NA,NA,"NaN",-0.0790428376355905,0.737610799398833
61336,NA,NA,NA,NA,NA,NA,NA,NA,0,NA,NA,"NaN",-0.0790428376355905,0.737610799398833
61343,NA,NA,NA,NA,NA,NA,NA,NA,0,NA,NA,"NaN",-0.0790428376355905,0.737610799398833
61344,NA,NA,-0.663993835288308,-0.332237671676545,-0.886399078701336,NA,NA,0.211365238206305,4,0.25,-0.417816336864971,"-0.459284895917315",-0.0790428376355905,0.737610799398833
70002,0.20629221458358,0.191199498291271,-0.534481635352511,-0.286386301051433,0.0550712202273249,-1.56458963776289,-2.45421328053086,0.569281842596533,8,0.125,-0.477228259874874,"-0.539831334578903",-0.0790428376355905,0.737610799398833
70003,NA,NA,-0.404969435416714,-0.699048636677441,0.815489538592783,0.668633951720995,NA,-0.862384574964387,5,0.2,-0.0964558313489529,"-0.0236072922570471",-0.0790428376355905,0.737610799398833
70004,NA,NA,-0.469725535384612,0.447235628950359,0.199912804677888,0.668633951720995,NA,-0.146551366183927,5,0.2,0.139901096756141,"0.29682853690615",-0.0790428376355905,0.737610799398833
70005,0.635591151542161,-0.167552917230512,-1.89435973467838,0.355532887700135,1.28622468805711,-0.0953635920498098,-0.771963512604676,0.390323540401418,8,0.125,-0.0326959361078187,"0.0628338163778858",-0.0790428376355905,0.737610799398833
70006,0.721450938933877,-0.287137055737774,0.307347664230169,-0.102980818550985,0.887910330818063,1.13878628634918,-1.15433223871617,0.927198446986763,8,0.125,0.304780444289141,"0.520360171295695",-0.0790428376355905,0.737610799398833
70007,0.20629221458358,NA,-0.14594503554512,0.538938370200583,0.236123200790529,0.0221744916072371,0.256461627715514,0.569281842596533,7,0.142857142857143,0.240475244564122,"0.433179777817958",-0.0790428376355905,0.737610799398833
70008,NA,NA,0.890152563941255,-0.790751377927665,-0.596715909800209,NA,NA,0.569281842596533,4,0.25,0.0179917797024783,"0.131552598493886",-0.0790428376355905,0.737610799398833
70010,0.292152001975297,-0.0479687787232517,1.34344526371654,1.18085755895215,1.64832864918352,0.786172035378042,0.56157978726498,1.10615674918188,8,0.125,0.858840408366145,"1.27151506833431",-0.0790428376355905,0.737610799398833
70011,NA,NA,1.34344526371654,-0.240534930426321,0.815489538592783,0.551095868063948,NA,-0.325509668379042,5,0.2,0.428797214313582,"0.688493243812417",-0.0790428376355905,0.737610799398833
70016,0.89317051371731,NA,0.307347664230169,-1.11171097230345,-0.19840155256116,-0.506746884849472,-0.670113603617868,-0.325509668379042,7,0.142857142857143,-0.230280643394788,"-0.205037407102036",-0.0790428376355905,0.737610799398833
70017,-1.2533241710756,NA,0.372103764198067,-0.194683559801209,0.018860824114684,0.139712575264284,1.41176758685825,0.211365238206305,7,0.142857142857143,0.100828893966399,"0.243857237107412",-0.0790428376355905,0.737610799398833
70018,1.32246945067589,NA,1.01966476387705,1.3642630414526,0.851699934705422,1.37386245366328,0.514970506881185,2.00094826015745,7,0.142857142857143,1.20683977305898,"1.74330773321458",-0.0790428376355905,0.737610799398833
70020,-0.738165446725299,NA,-0.14594503554512,0.172127405199687,0.0550712202273249,0.433557784406901,-0.916107027865668,0.927198446986763,7,0.142857142857143,-0.0303232361879158,"0.0660505533370472",-0.0790428376355905,0.737610799398833
70021,NA,NA,-0.0164328356093239,0.584789740825695,0.634437558029578,0.257250658921331,NA,0.927198446986763,5,0.2,0.477448713830809,"0.754451469419849",-0.0790428376355905,0.737610799398833
70022,1.66590860024276,1.50662502187115,1.08442086384495,1.63937126520327,1.75695983752144,-0.0365945502212864,1.57317379855769,2.35886486454768,8,0.125,1.44359121269596,"2.0642784129144",-0.0790428376355905,0.737610799398833
70024,0.807310726325593,NA,1.01966476387705,0.676492482075919,0.199912804677888,2.07909095560556,0.379889907250376,1.64303165576722,7,0.142857142857143,0.972199042225658,"1.4251986016447",-0.0790428376355905,0.737610799398833
70025,2.09520753720134,0.669536052320317,1.47295746365234,0.401384258325247,0.670647954142219,1.13878628634918,0.322491441592555,2.00094826015745,8,0.125,1.09649490671758,"1.59371005049175",-0.0790428376355905,0.737610799398833
70027,NA,NA,1.53771356362024,0.997452076451703,1.64832864918352,0.0221744916072371,NA,1.28511505137699,5,0.2,1.09815676644794,"1.59596308113028",-0.0790428376355905,0.737610799398833
70028,0.463871576758728,-0.406721194245036,-1.0525304350957,0.447235628950359,-0.669136702025491,-0.683054010335044,0.625020196676255,1.46407335357211,8,0.125,0.0235948017820224,"0.139148775345026",-0.0790428376355905,0.737610799398833
70029,NA,NA,0.113079364326474,0.126276034574575,-0.922609474813977,-0.741823052163566,NA,-0.862384574964387,5,0.2,-0.457492340608176,"-0.51307478589119",-0.0790428376355905,0.737610799398833
70031,NA,NA,1.47295746365234,-0.515643154176993,-0.307032740899083,0.257250658921331,NA,0.390323540401418,5,0.2,0.259571153579803,"0.459068646353023",-0.0790428376355905,0.737610799398833
70033,-0.223006722375001,-0.287137055737774,1.01966476387705,0.493086999575471,0.0912816163399657,0.374788742578378,-0.301555034657127,0.748240144791648,8,0.125,0.239420431799077,"0.431749738065414",-0.0790428376355905,0.737610799398833
70034,0.635591151542161,NA,-0.0811889355772215,0.814046593951255,0.670647954142219,-0.212901675706857,-0.297239360547517,1.46407335357211,7,0.142857142857143,0.427575583053735,"0.686837043468221",-0.0790428376355905,0.737610799398833
70035,-0.394726297158433,NA,-0.0811889355772215,-0.653197266052329,0.960331123043346,-1.44705155410585,0.0324781414267272,1.10615674918188,7,0.142857142857143,-0.0681711484631257,"0.0147390591099336",-0.0790428376355905,0.737610799398833
70036,-0.738165446725299,NA,0.566372064101763,-2.0745897554308,1.17759349971919,-0.506746884849472,1.19857328584349,0.748240144791648,7,0.142857142857143,0.0530395582072177,"0.179067871498706",-0.0790428376355905,0.737610799398833
70038,NA,NA,NA,NA,NA,NA,NA,NA,0,NA,NA,"NaN",-0.0790428376355905,0.737610799398833
80001,0.463871576758728,0.191199498291271,1.73198186352393,0.905749335201479,0.851699934705422,0.609864909892471,0.0493092704542089,2.17990656235257,8,0.125,0.87294786889751,"1.29064095497109",-0.0790428376355905,0.737610799398833
80003,-0.738165446725299,NA,-0.0811889355772215,0.768195223326143,0.598227161916937,0.727402993549518,NA,-0.862384574964387,6,0.166666666666667,0.0686810702542819,"0.200273515531863",-0.0790428376355905,0.737610799398833
80004,-0.566445871941866,0.669536052320317,0.954908663909153,-0.378089042301657,-0.451874325349647,-0.683054010335044,-1.65451886802003,0.748240144791648,8,0.125,-0.170162157115891,"-0.123533060463004",-0.0790428376355905,0.737610799398833
80006,1.83762817502619,NA,-2.41240853442157,-0.699048636677441,0.417175181353733,0.492326826235425,0.558558815388251,0.211365238206305,7,0.142857142857143,0.057942437872985,"0.185714845308964",-0.0790428376355905,0.737610799398833
80007,-0.995744808900447,-0.0479687787232517,0.307347664230169,-0.148832189176097,0.417175181353733,0.492326826235425,-0.714996614357817,-0.504467970574157,8,0.125,-0.149395086239055,"-0.0953785501253552",-0.0790428376355905,0.737610799398833
80009,-1.16746438368388,NA,0.372103764198067,-0.469791783551881,0.344754389128452,-0.506746884849472,NA,0.211365238206305,6,0.166666666666667,-0.202629943425402,"-0.167550564458298",-0.0790428376355905,0.737610799398833
90001,0.807310726325593,0.669536052320317,1.14917696381285,1.22670892957726,-0.379453533124364,-1.15320634496323,0.249556549140137,0.748240144791648,8,0.125,0.414733685985027,"0.669426917316089",-0.0790428376355905,0.737610799398833
90003,1.23660966328417,NA,1.21393306378075,0.355532887700135,0.453385577466374,0.374788742578378,-0.784478967522548,-0.146551366183927,7,0.142857142857143,0.386174228729048,"0.630708046497962",-0.0790428376355905,0.737610799398833
90004,NA,NA,1.27868916374865,1.13500618832704,0.996541519155986,-0.741823052163566,-0.158274654218058,0.927198446986763,6,0.166666666666667,0.572889601972801,"0.883843403783851",-0.0790428376355905,0.737610799398833
90005,0.120432427191864,NA,0.372103764198067,0.217978775824799,0.562016765804296,1.66770766280589,1.22317262826827,1.64303165576722,7,0.142857142857143,0.829491954265773,"1.23172653198928",-0.0790428376355905,0.737610799398833
90008,NA,NA,-0.275457235480917,0.538938370200583,0.236123200790529,NA,NA,-1.22030117935462,4,0.25,-0.180174210961106,"-0.13710668743996",-0.0790428376355905,0.737610799398833
90011,2.35278689937649,0.789120190827578,1.34344526371654,1.86862811832883,1.28622468805711,0.668633951720995,-0.136696283670005,1.82198995796234,8,0.125,1.24926659828998,"1.80082699034257",-0.0790428376355905,0.737610799398833
100001,0.378011789367012,0.789120190827578,0.954908663909153,1.27256030020237,0.562016765804296,-0.271670717535378,0.762258633361869,0.569281842596533,8,0.125,0.627060933566679,"0.95728502318263",-0.0790428376355905,0.737610799398833
100002,-1.08160459629216,0.0716153597840098,-2.80094513422896,-0.653197266052329,-0.19840155256116,1.60893862097737,2.4130039802879,-1.0413428771595,8,0.125,-0.210241683155604,"-0.17787001712413",-0.0790428376355905,0.737610799398833
100006,-0.394726297158433,1.26745674485662,1.60246966358814,1.27256030020237,0.996541519155986,0.668633951720995,1.18735253315851,2.00094826015745,8,0.125,1.07515458446021,"1.56477836690635",-0.0790428376355905,0.737610799398833
100007,1.75176838763447,1.14787260634936,1.60246966358814,1.77692537707861,1.35864548028239,2.25539808109113,0.411394328250532,2.00094826015745,8,0.125,1.53817777305401,"2.19251211073328",-0.0790428376355905,0.737610799398833
100008,-0.652305659333582,1.0282884678421,1.14917696381285,0.814046593951255,1.28622468805711,2.13785999743408,0.366079750099622,2.00094826015745,8,0.125,1.01628988275261,"1.48497381177298",-0.0790428376355905,0.737610799398833
100012,0.292152001975297,1.0282884678421,0.825396463973357,0.630641111450807,1.32243508416975,1.66770766280589,0.971568827677981,2.17990656235257,8,0.125,1.11476202278097,"1.6184753007813",-0.0790428376355905,0.737610799398833
100014,1.58004881285104,NA,0.890152563941255,0.126276034574575,0.0550712202273249,0.374788742578378,1.27927639169321,0.748240144791648,7,0.142857142857143,0.721979130093919,"1.08596832961551",-0.0790428376355905,0.737610799398833
100017,0.463871576758728,0.669536052320317,-1.89435973467838,-0.286386301051433,-0.813978286476055,-0.741823052163566,0.0147838775773241,0.390323540401418,8,0.125,-0.274754040913956,"-0.265331260656533",-0.0790428376355905,0.737610799398833
100018,2.35278689937649,0.430367775305794,-0.275457235480917,0.263830146449911,-0.0535599681105977,0.139712575264284,0.524033422511368,0.927198446986763,8,0.125,0.538614007787886,"0.83737500308683",-0.0790428376355905,0.737610799398833
100019,0.635591151542161,0.310783636798532,0.113079364326474,-0.240534930426321,0.7430687463675,-0.565515926677996,0.609052202470695,-0.504467970574157,8,0.125,0.137632034228361,"0.293752304115593",-0.0790428376355905,0.737610799398833
100022,-1.08160459629216,NA,-0.9877743351278,-1.89118427293035,-1.2122926437151,0.433557784406901,-1.91216461236378,-2.47300929472042,7,0.142857142857143,-1.30349599582039,"-1.66002607226297",-0.0790428376355905,0.737610799398833
100023,0.807310726325593,0.669536052320317,-0.599237735320409,-0.240534930426321,-1.53818620872887,-0.330439759363904,0.883097508430964,-1.93613438813508,8,0.125,-0.285573591862213,"-0.279999634488743",-0.0790428376355905,0.737610799398833
100025,-0.0512871475915684,0.0716153597840098,0.372103764198067,0.217978775824799,0.453385577466374,-0.154132633878333,1.85628202014814,0.211365238206305,8,0.125,0.372163869269724,"0.611713802554215",-0.0790428376355905,0.737610799398833
100026,-2.19778183238447,-0.885057748274082,0.113079364326474,0.217978775824799,0.0912816163399657,-0.565515926677996,-0.723627962577038,-0.325509668379042,8,0.125,-0.534394172725174,"-0.617332793203006",-0.0790428376355905,0.737610799398833
100028,-1.2533241710756,NA,-1.18204263503149,-1.24926508417879,-0.379453533124364,-0.154132633878333,0.228841313414007,-1.93613438813508,7,0.142857142857143,-0.846501590287092,"-1.04046572159328",-0.0790428376355905,0.737610799398833
100029,0.549731364150444,NA,-0.0164328356093239,0.859897964576367,-0.16219115644852,-0.0365945502212864,0.55769568056633,-0.146551366183927,7,0.142857142857143,0.229365014404298,"0.418117321887433",-0.0790428376355905,0.737610799398833
100030,0.635591151542161,NA,1.47295746365234,0.0345732933243508,1.17759349971919,1.25632437000623,NA,1.64303165576722,6,0.166666666666667,1.03667857233525,"1.51261533979732",-0.0790428376355905,0.737610799398833
100032,-0.824025234117015,NA,-1.82960363471048,-1.24926508417879,0.598227161916937,-0.683054010335044,1.34962187967986,0.748240144791648,7,0.142857142857143,-0.269979825278982,"-0.258858720342773",-0.0790428376355905,0.737610799398833
100034,1.32246945067589,-1.00464188678134,0.436859864165966,0.814046593951255,1.28622468805711,1.08001724452066,0.525328124744251,0.927198446986763,8,0.125,0.673437815790069,"1.02015948524472",-0.0790428376355905,0.737610799398833
100035,0.378011789367012,-1.00464188678134,-0.404969435416714,-1.93703564355546,-1.06745105926454,-0.154132633878333,1.43938790115976,-1.93613438813508,8,0.125,-0.585870669563087,"-0.687120948256955",-0.0790428376355905,0.737610799398833
100038,0.120432427191864,0.789120190827578,1.08442086384495,1.18085755895215,0.380964785241092,-0.389208801192427,1.70695969595562,0.748240144791648,8,0.125,0.702723358201559,"1.05986273041868",-0.0790428376355905,0.737610799398833
100039,0.120432427191864,0.549951913813056,-0.404969435416714,0.355532887700135,1.43106627250768,-1.09443730313471,1.01602027100697,-0.325509668379042,8,0.125,0.206010920661155,"0.386455510858937",-0.0790428376355905,0.737610799398833
100040,-0.137146934983285,-0.406721194245036,-0.210701135513018,0.217978775824799,-0.596715909800209,1.08001724452066,0.171442847756186,-1.22030117935462,8,0.125,-0.137768435724315,"-0.0796159683895453",-0.0790428376355905,0.737610799398833
100043,NA,NA,-0.858262135192003,-0.423940412926769,0.779279142480142,-0.212901675706857,NA,0.569281842596533,5,0.2,-0.0293086477497907,"0.0674260598222451",-0.0790428376355905,0.737610799398833
100044,0.292152001975297,0.0716153597840098,0.631128164069661,-0.515643154176993,0.598227161916937,1.08001724452066,1.80535706565474,2.00094826015745,8,0.125,0.74547526298772,"1.11782270717201",-0.0790428376355905,0.737610799398833
100045,0.463871576758728,NA,1.40820136368444,-0.332237671676545,0.127492012452607,0.903710119035088,0.852456222252729,0.390323540401418,7,0.142857142857143,0.544831023272638,"0.845803588310662",-0.0790428376355905,0.737610799398833
100046,0.721450938933877,NA,1.27868916374865,1.04330344707681,1.03275191526863,1.13878628634918,NA,0.569281842596533,6,0.166666666666667,0.964043932328946,"1.41414248654531",-0.0790428376355905,0.737610799398833
100049,-1.42504374585903,NA,0.825396463973357,0.814046593951255,-0.705347098138132,-0.389208801192427,1.28445520062474,0.211365238206305,7,0.142857142857143,0.0879519787951533,"0.226399635914832",-0.0790428376355905,0.737610799398833
100050,NA,NA,1.01966476387705,0.447235628950359,0.960331123043346,NA,NA,0.211365238206305,4,0.25,0.659649188519265,"1.00146584995353",-0.0790428376355905,0.737610799398833
100051,-0.824025234117015,NA,0.307347664230169,1.13500618832704,0.525806369691656,1.31509341183475,1.70005461738024,1.46407335357211,7,0.142857142857143,0.803336624416992,"1.19626700527126",-0.0790428376355905,0.737610799398833
100052,-0.223006722375001,0.90870432933484,-1.44106703490309,-1.06585960167834,-1.90029016985528,-0.44797784302095,1.62798285974974,-0.325509668379042,8,0.125,-0.35837798139089,"-0.378702622010094",-0.0790428376355905,0.737610799398833
100053,0.635591151542161,NA,NA,0.768195223326143,1.35864548028239,NA,NA,-0.504467970574157,4,0.25,0.564490971144135,"0.87245714041093",-0.0790428376355905,0.737610799398833
100054,NA,NA,0.69588426403756,1.31841167082749,1.79317023363408,NA,NA,0.390323540401418,4,0.25,1.04944742722514,"1.52992644058421",-0.0790428376355905,0.737610799398833
100055,0.20629221458358,NA,0.372103764198067,0.905749335201479,0.996541519155986,-0.44797784302095,0.572800539949967,0.927198446986763,7,0.142857142857143,0.504672568150699,"0.791359625241426",-0.0790428376355905,0.737610799398833
100057,-0.137146934983285,0.789120190827578,0.372103764198067,1.59351989457816,0.236123200790529,1.55016957914885,1.47391329403665,1.46407335357211,8,0.125,0.917734542771081,"1.351359526215",-0.0790428376355905,0.737610799398833
100062,0.807310726325593,0.789120190827578,0.307347664230169,-0.148832189176097,-0.560505513687569,0.903710119035088,-0.430593690534483,-0.862384574964387,8,0.125,0.100646591506987,"0.24361008446328",-0.0790428376355905,0.737610799398833
100063,-0.308866509766717,NA,0.825396463973357,0.401384258325247,0.199912804677888,-0.800592093992089,NA,-1.75717608593996,6,0.166666666666667,-0.239990193787046,"-0.218200921519358",-0.0790428376355905,0.737610799398833
100067,0.120432427191864,NA,0.372103764198067,0.217978775824799,0.344754389128452,1.90278383011999,1.01990437770562,-0.325509668379042,7,0.142857142857143,0.521778270827106,"0.814550314274652",-0.0790428376355905,0.737610799398833
100068,0.807310726325593,0.0716153597840098,0.954908663909153,0.997452076451703,0.887910330818063,0.433557784406901,1.50110204092719,0.927198446986763,8,0.125,0.822631928701172,"1.22242619965929",-0.0790428376355905,0.737610799398833
100069,0.635591151542161,NA,0.177835464294372,-0.790751377927665,0.0912816163399657,NA,0.249988116551099,-0.146551366183927,6,0.166666666666667,0.0362322674360011,"0.156281747997105",-0.0790428376355905,0.737610799398833
100071,-2.62708076934305,NA,-0.728749935256206,-1.7077787904299,-1.42955502039095,1.37386245366328,1.08248165229497,-1.0413428771595,7,0.142857142857143,-0.725451898088767,"-0.87635520111692",-0.0790428376355905,0.737610799398833
100072,1.06489008850074,NA,0.760640364005458,1.73107400645349,0.453385577466374,1.66770766280589,1.5131859284341,0.748240144791648,7,0.142857142857143,1.13416053892253,"1.64477442242834",-0.0790428376355905,0.737610799398833
100073,0.0345726398001479,0.0716153597840098,0.954908663909153,1.04330344707681,0.779279142480142,0.433557784406901,1.81657781833972,-1.0413428771595,8,0.125,0.511558997329674,"0.80069575370455",-0.0790428376355905,0.737610799398833
100075,-0.394726297158433,0.430367775305794,0.566372064101763,0.355532887700135,0.851699934705422,0.551095868063948,0.974158232143746,0.748240144791648,8,0.125,0.510342576206753,"0.799046616891596",-0.0790428376355905,0.737610799398833
100077,0.463871576758728,-1.84173085633217,-0.0164328356093239,-1.06585960167834,-0.343243137011723,-1.38828251227732,0.939632839266862,-1.22030117935462,8,0.125,-0.559043213279739,"-0.650750200560184",-0.0790428376355905,0.737610799398833
100080,1.15074987589246,0.191199498291271,1.27868916374865,0.814046593951255,0.380964785241092,0.492326826235425,2.30122802084899,0.569281842596533,8,0.125,0.897310825850708,"1.32367051062979",-0.0790428376355905,0.737610799398833
100084,-1.33918395846731,0.90870432933484,0.307347664230169,1.3642630414526,0.924120726930704,0.903710119035088,0.350974890715985,-0.325509668379042,8,0.125,0.386803393106629,"0.631561022590631",-0.0790428376355905,0.737610799398833
100086,-0.909885021508731,NA,0.177835464294372,0.905749335201479,0.236123200790529,1.25632437000623,0.850729952608885,-0.504467970574157,7,0.142857142857143,0.287487047259801,"0.496915019674495",-0.0790428376355905,0.737610799398833
100087,1.9234879624179,0.789120190827578,1.47295746365234,0.538938370200583,0.525806369691656,0.668633951720995,1.86534493577832,0.569281842596533,8,0.125,1.04419638586074,"1.52280745402832",-0.0790428376355905,0.737610799398833
100088,1.23660966328417,-0.167552917230512,0.760640364005458,0.538938370200583,0.562016765804296,1.66770766280589,0.372984828674999,2.00094826015745,8,0.125,0.871536624712793,"1.28872769097622",-0.0790428376355905,0.737610799398833
100090,-0.824025234117015,0.789120190827578,-0.599237735320409,-0.378089042301657,0.27233359690317,-0.683054010335044,0.492960568922172,-0.683426272769272,8,0.125,-0.20167724227381,"-0.166258960332696",-0.0790428376355905,0.737610799398833
100093,-1.16746438368388,-0.406721194245036,1.14917696381285,0.493086999575471,-0.16219115644852,0.316019700749854,-1.44132456700527,0.211365238206305,8,0.125,-0.126006549879778,"-0.0636700442597428",-0.0790428376355905,0.737610799398833
100099,-0.652305659333582,NA,-1.31155483496729,-0.102980818550985,-0.234611948673802,0.0809435334357605,NA,-1.0413428771595,6,0.166666666666667,-0.5436421008749,"-0.629870473179036",-0.0790428376355905,0.737610799398833
100105,0.463871576758728,-0.167552917230512,0.113079364326474,0.814046593951255,0.308543993015811,0.962479160863611,1.69358110621582,0.569281842596533,8,0.125,0.594666340062215,"0.913366748760853",-0.0790428376355905,0.737610799398833
100107,NA,NA,0.501615964133864,0.126276034574575,0.127492012452607,NA,NA,0.0324069360111874,4,0.25,0.196947736793058,"0.37416829397507",-0.0790428376355905,0.737610799398833
100109,0.89317051371731,NA,0.24259156426227,-0.0112780773007613,0.851699934705422,1.25632437000623,1.65344533699644,-0.325509668379042,7,0.142857142857143,0.651491996286839,"0.99040691177221",-0.0790428376355905,0.737610799398833
100110,-1.2533241710756,-0.287137055737774,-0.923018235159901,1.04330344707681,-0.958819870926618,1.08001724452066,0.300049936222581,0.390323540401418,8,0.125,-0.0760756455848021,"0.00402270689801007",-0.0790428376355905,0.737610799398833
100113,0.721450938933877,0.191199498291271,1.47295746365234,0.584789740825695,1.86559102585937,0.786172035378042,2.6201563375492,2.35886486454768,8,0.125,1.32514773812969,"1.90370121602032",-0.0790428376355905,0.737610799398833
100117,-0.223006722375001,NA,0.177835464294372,0.355532887700135,0.634437558029578,-0.271670717535378,0.2422199031538,0.569281842596533,7,0.142857142857143,0.21209003083772,"0.394697133922916",-0.0790428376355905,0.737610799398833
100118,-0.223006722375001,NA,0.113079364326474,0.997452076451703,1.25001429194447,1.08001724452066,1.98791008049126,0.927198446986763,7,0.142857142857143,0.876094968906619,"1.2949075682198",-0.0790428376355905,0.737610799398833
100121,-0.137146934983285,NA,-0.14594503554512,-0.469791783551881,-0.234611948673802,NA,NA,0.569281842596533,5,0.2,-0.0836427720315109,"-0.00623626226686143",-0.0790428376355905,0.737610799398833
100122,0.979030301109026,NA,-0.9877743351278,1.27256030020237,0.851699934705422,-0.154132633878333,-0.08533976176564,-0.683426272769272,7,0.142857142857143,0.170373933210825,"0.338141430480269",-0.0790428376355905,0.737610799398833
100124,NA,NA,0.954908663909153,0.447235628950359,0.0912816163399657,-0.97689921947766,NA,-0.862384574964387,5,0.2,-0.0691715770485139,"0.01338274954098",-0.0790428376355905,0.737610799398833
100125,NA,NA,-0.275457235480917,-0.332237671676545,0.851699934705422,0.0221744916072371,NA,-0.146551366183927,5,0.2,0.0239256305942542,"0.13959728940217",-0.0790428376355905,0.737610799398833
100126,0.20629221458358,NA,0.177835464294372,1.41011441207771,0.417175181353733,1.13878628634918,NA,0.390323540401418,6,0.166666666666667,0.623421183176666,"0.952350509760402",-0.0790428376355905,0.737610799398833
100127,0.378011789367012,0.310783636798532,-0.0164328356093239,-0.286386301051433,-0.125980760335879,1.4326314954918,-1.32480136604579,-0.325509668379042,8,0.125,0.00528949877948494,"0.114331753932844",-0.0790428376355905,0.737610799398833
100128,0.292152001975297,-0.765473609766821,1.21393306378075,0.355532887700135,1.43106627250768,-0.212901675706857,2.22397745428696,1.64303165576722,8,0.125,0.772664756318045,"1.15468427881993",-0.0790428376355905,0.737610799398833
100130,NA,NA,NA,NA,NA,NA,NA,-0.146551366183927,1,1,-0.146551366183927,"-0.0915232377337164",-0.0790428376355905,0.737610799398833
100131,-0.566445871941866,NA,1.14917696381285,0.722343852701031,0.996541519155986,-0.97689921947766,-0.274366287766581,1.28511505137699,7,0.142857142857143,0.333638001122964,"0.559483184214355",-0.0790428376355905,0.737610799398833
100132,-1.76848289542589,NA,0.825396463973357,-0.790751377927665,-0.63292630591285,0.609864909892471,NA,-1.0413428771595,6,0.166666666666667,-0.46637368042668,"-0.525115471610193",-0.0790428376355905,0.737610799398833
100134,NA,NA,NA,-1.79948153168013,-0.307032740899083,NA,NA,-0.504467970574157,3,0.333333333333333,-0.870327414384456,"-1.0727670709184",-0.0790428376355905,0.737610799398833
100135,-0.308866509766717,1.14787260634936,0.0483232643585746,-0.286386301051433,-0.307032740899083,-0.506746884849472,-1.57295262734839,-0.504467970574157,8,0.125,-0.286282145472665,"-0.280960240828873",-0.0790428376355905,0.737610799398833
100137,-1.42504374585903,NA,-0.275457235480917,-0.102980818550985,-0.596715909800209,1.02124820269213,0.72600697084114,0.390323540401418,7,0.142857142857143,-0.0375169993937782,"0.0562977633674245",-0.0790428376355905,0.737610799398833
100140,0.721450938933877,NA,-1.1172865350636,-0.653197266052329,-0.270822344786443,-0.44797784302095,NA,0.211365238206305,6,0.166666666666667,-0.259411301963856,"-0.24453067183299",-0.0790428376355905,0.737610799398833
100142,NA,NA,-0.469725535384612,-1.57022467855457,-2.91418126100922,-2.03474197239108,NA,-3.18884250350088,5,0.2,-2.03554319016807,"-2.65248333420154",-0.0790428376355905,0.737610799398833
100150,NA,NA,-0.210701135513018,0.951600705826591,1.46727666862032,NA,NA,0.211365238206305,4,0.25,0.604885369285048,"0.927220978160913",-0.0790428376355905,0.737610799398833
100151,0.979030301109026,1.0282884678421,1.92625016342763,1.18085755895215,1.86559102585937,1.72647670463442,2.42465630038385,2.35886486454768,8,0.125,1.68625192334453,"2.39326045987785",-0.0790428376355905,0.737610799398833
100154,-0.738165446725299,0.669536052320317,-0.923018235159901,-0.332237671676545,1.21380389583183,0.316019700749854,-0.587684228124307,1.10615674918188,8,0.125,0.0905513520497286,"0.22992368037933",-0.0790428376355905,0.737610799398833
100156,0.0345726398001479,NA,-1.31155483496729,-0.469791783551881,0.0912816163399657,-0.212901675706857,NA,-0.325509668379042,6,0.166666666666667,-0.36565061774416,"-0.388562342555396",-0.0790428376355905,0.737610799398833
100157,-3.05637970630164,-1.00464188678134,-0.9877743351278,1.45596578270282,-0.379453533124364,-0.97689921947766,-1.37486318571727,1.10615674918188,8,0.125,-0.652236166830671,"-0.777094545880082",-0.0790428376355905,0.737610799398833
100161,-1.33918395846731,0.669536052320317,-0.340213335448815,1.3642630414526,1.50348706473296,0.668633951720995,-1.89188094404861,0.211365238206305,8,0.125,0.105750888808555,"0.250530125907532",-0.0790428376355905,0.737610799398833
100166,-0.308866509766717,NA,0.24259156426227,0.355532887700135,0.380964785241092,0.316019700749854,1.01472556877409,0.390323540401418,7,0.142857142857143,0.34161307676602,"0.57029522174086",-0.0790428376355905,0.737610799398833
100167,-0.0512871475915684,NA,0.436859864165966,1.73107400645349,1.68453904529616,0.609864909892471,0.245240875030527,1.10615674918188,7,0.142857142857143,0.82320690034699,"1.22320570511973",-0.0790428376355905,0.737610799398833
100168,-0.738165446725299,-1.24381016379587,0.501615964133864,-0.0571294479258733,0.27233359690317,-0.212901675706857,2.08371804572461,0.927198446986763,8,0.125,0.191607414949315,"0.36692826732674",-0.0790428376355905,0.737610799398833
100173,-0.48058608455015,-1.1242260252886,0.177835464294372,0.676492482075919,0.7430687463675,-0.97689921947766,0.978042338842395,0.211365238206305,8,0.125,0.0256366175587597,"0.141916923233318",-0.0790428376355905,0.737610799398833
100175,NA,NA,-0.0811889355772215,0.676492482075919,-1.32092383205303,NA,NA,-1.93613438813508,4,0.25,-0.665438668422351,"-0.794993553869717",-0.0790428376355905,0.737610799398833
100176,0.89317051371731,-0.287137055737774,1.40820136368444,0.493086999575471,0.562016765804296,1.90278383011999,0.612504741758383,0.927198446986763,8,0.125,0.81397820073861,"1.21069409382567",-0.0790428376355905,0.737610799398833
100177,0.292152001975297,NA,-1.37631093493519,-0.515643154176993,1.03275191526863,0.0221744916072371,-0.603652222329865,-0.146551366183927,7,0.142857142857143,-0.185011324110688,"-0.143664499708333",-0.0790428376355905,0.737610799398833
100179,-0.394726297158433,-0.526305332752297,-2.02387193461417,0.401384258325247,-0.379453533124364,-0.44797784302095,1.38932608148828,1.10615674918188,8,0.125,-0.109433481459352,"-0.0412014626799532",-0.0790428376355905,0.737610799398833
100180,NA,NA,-0.0811889355772215,0.172127405199687,0.706858350254859,NA,NA,0.390323540401418,4,0.25,0.297030090069686,"0.50985279501301",-0.0790428376355905,0.737610799398833
100181,NA,NA,NA,0.997452076451703,0.960331123043346,NA,NA,0.0324069360111874,3,0.333333333333333,0.663396711835412,"1.00654647420578",-0.0790428376355905,0.737610799398833
100183,NA,NA,0.307347664230169,1.13500618832704,0.960331123043346,NA,NA,0.0324069360111874,4,0.25,0.608772977902935,"0.932491520052457",-0.0790428376355905,0.737610799398833
100187,-0.223006722375001,NA,-0.14594503554512,-0.286386301051433,0.0912816163399657,0.198481617092807,NA,-0.146551366183927,6,0.166666666666667,-0.0853543652871178,"-0.00855671806414895",-0.0790428376355905,0.737610799398833
100189,0.378011789367012,NA,1.47295746365234,0.447235628950359,-0.307032740899083,1.02124820269213,0.455845771579521,0.569281842596533,7,0.142857142857143,0.576792565419831,"0.889134762655238",-0.0790428376355905,0.737610799398833
100191,0.20629221458358,NA,0.501615964133864,-0.882454119177889,-0.343243137011723,0.609864909892471,1.17311080859679,0.211365238206305,7,0.142857142857143,0.2109359827462,"0.393132558007731",-0.0790428376355905,0.737610799398833
100200,NA,NA,-1.24679873499939,0.493086999575471,-0.958819870926618,NA,NA,0.390323540401418,4,0.25,-0.330552016487281,"-0.340978167695857",-0.0790428376355905,0.737610799398833
100204,1.32246945067589,0.669536052320317,-1.44106703490309,0.493086999575471,0.308543993015811,0.316019700749854,1.87397628399754,0.569281842596533,8,0.125,0.513980911003541,"0.803979211153711",-0.0790428376355905,0.737610799398833
100206,-0.223006722375001,NA,-0.340213335448815,-0.148832189176097,0.598227161916937,0.668633951720995,NA,0.569281842596533,6,0.166666666666667,0.187348451539092,"0.361154269150881",-0.0790428376355905,0.737610799398833
100209,1.32246945067589,NA,-0.0811889355772215,1.04330344707681,1.43106627250768,0.609864909892471,0.16885344329042,1.10615674918188,7,0.142857142857143,0.800075048149704,"1.19184519329407",-0.0790428376355905,0.737610799398833
100211,0.549731364150444,NA,0.760640364005458,0.309681517075023,0.815489538592783,1.08001724452066,NA,0.927198446986763,6,0.166666666666667,0.740459745888521,"1.11102302758043",-0.0790428376355905,0.737610799398833
100212,0.549731364150444,-0.167552917230512,-1.1172865350636,-0.790751377927665,-1.93650056596792,-0.389208801192427,-2.23368233352977,-1.75717608593996,8,0.125,-0.980303406587675,"-1.22186466045051",-0.0790428376355905,0.737610799398833
100213,-0.48058608455015,-0.167552917230512,0.177835464294372,0.538938370200583,-0.705347098138132,0.609864909892471,1.25424548185747,0.0324069360111874,8,0.125,0.157475632792161,"0.32065483669778",-0.0790428376355905,0.737610799398833
100217,-0.308866509766717,NA,0.0483232643585746,-0.0112780773007613,0.706858350254859,0.0221744916072371,0.185253004906941,-0.325509668379042,7,0.142857142857143,0.0452792650972988,"0.168547020778728",-0.0790428376355905,0.737610799398833
100220,0.89317051371731,NA,0.177835464294372,0.447235628950359,0.417175181353733,1.25632437000623,1.80492549824377,1.82198995796234,7,0.142857142857143,0.974093802075445,"1.42776738161828",-0.0790428376355905,0.737610799398833
100223,1.06489008850074,1.0282884678421,-1.57057923483889,1.41011441207771,-0.705347098138132,1.4326314954918,-0.546685324083006,-0.504467970574157,8,0.125,0.201105604534771,"0.379805233869526",-0.0790428376355905,0.737610799398833
100224,NA,NA,0.307347664230169,0.0345732933243508,0.996541519155986,0.0809435334357605,NA,0.569281842596533,5,0.2,0.39773757054856,"0.646384798829864",-0.0790428376355905,0.737610799398833
100226,-0.308866509766717,-0.0479687787232517,-0.14594503554512,0.859897964576367,0.163702408565247,-0.565515926677996,1.7259486620379,0.569281842596533,8,0.125,0.281316828382871,"0.488549877946691",-0.0790428376355905,0.737610799398833
100228,-0.738165446725299,0.549951913813056,-0.404969435416714,-0.0112780773007613,-1.50197581261623,0.903710119035088,0.738522425759012,0.390323540401418,8,0.125,-0.00923509663130386,"0.0946403456418768",-0.0790428376355905,0.737610799398833
100230,NA,NA,0.760640364005458,0.538938370200583,0.525806369691656,NA,NA,0.569281842596533,4,0.25,0.598666736623557,"0.918790200484448",-0.0790428376355905,0.737610799398833
100231,0.89317051371731,-0.645889471259559,-2.28289633448577,-0.515643154176993,-0.63292630591285,-0.624284968506521,-0.83497235460499,-0.862384574964387,8,0.125,-0.68822833127422,"-0.825890149839356",-0.0790428376355905,0.737610799398833
100232,-0.137146934983285,NA,-0.599237735320409,-0.561494524802105,-2.04513175430584,0.492326826235425,NA,-0.862384574964387,6,0.166666666666667,-0.618844783023434,"-0.73182489441287",-0.0790428376355905,0.737610799398833
100236,0.721450938933877,-1.60256257931765,-0.14594503554512,-0.653197266052329,-0.488084721462287,1.02124820269213,1.8234828969151,0.0324069360111874,8,0.125,0.088599921521864,"0.22727807035104",-0.0790428376355905,0.737610799398833
100238,0.20629221458358,-0.645889471259559,-1.24679873499939,1.13500618832704,1.32243508416975,1.25632437000623,0.0920344441393524,0.927198446986763,8,0.125,0.380825317744221,"0.623456375306072",-0.0790428376355905,0.737610799398833
100242,-0.566445871941866,NA,0.0483232643585746,0.172127405199687,0.453385577466374,-1.74089676324846,0.00011058560464818,0.0324069360111874,7,0.142857142857143,-0.228712695221408,"-0.202911695039988",-0.0790428376355905,0.737610799398833
100243,0.120432427191864,-0.167552917230512,-0.0164328356093239,1.45596578270282,1.32243508416975,0.316019700749854,0.591357938621292,0.569281842596533,8,0.125,0.523938377899035,"0.81747883304592",-0.0790428376355905,0.737610799398833
100244,-1.59676332064246,NA,0.631128164069661,0.0804246639494628,0.018860824114684,0.668633951720995,0.66429283107371,1.46407335357211,7,0.142857142857143,0.275807209694023,"0.481080330736511",-0.0790428376355905,0.737610799398833
100246,0.292152001975297,-1.36339430230313,-0.923018235159901,0.493086999575471,-1.24850303982774,-0.154132633878333,0.371690126442116,-1.39925948154973,8,0.125,-0.491422320590744,"-0.559074627555956",-0.0790428376355905,0.737610799398833
100248,-1.08160459629216,-0.526305332752297,-0.793506035224105,0.951600705826591,0.236123200790529,-0.0365945502212864,1.52009100700948,0.927198446986763,8,0.125,0.149625355765439,"0.310011992215133",-0.0790428376355905,0.737610799398833
100249,-2.19778183238447,NA,0.113079364326474,-0.928305489803001,-1.2122926437151,0.374788742578378,-1.13577484004484,-0.504467970574157,7,0.142857142857143,-0.784393524230961,"-0.956264044900434",-0.0790428376355905,0.737610799398833
100252,1.06489008850074,NA,-0.210701135513018,0.951600705826591,-0.0173495719979558,1.08001724452066,NA,0.569281842596533,6,0.166666666666667,0.572956528988925,"0.883934138648603",-0.0790428376355905,0.737610799398833
100253,-0.652305659333582,-0.0479687787232517,1.27868916374865,0.126276034574575,0.851699934705422,0.374788742578378,1.7647897290244,0.390323540401418,8,0.125,0.510786588372,"0.799648576848811",-0.0790428376355905,0.737610799398833
100254,1.49418902545932,0.789120190827578,-0.923018235159901,-0.0112780773007613,-0.63292630591285,0.492326826235425,0.326375548291205,0.569281842596533,8,0.125,0.263008851879569,"0.463729231993265",-0.0790428376355905,0.737610799398833
100256,-0.566445871941866,-0.765473609766821,-0.663993835288308,1.08915481770193,-0.560505513687569,-0.154132633878333,2.40782517135637,0.569281842596533,8,0.125,0.169463795886491,"0.33690753134935",-0.0790428376355905,0.737610799398833
100258,0.721450938933877,-0.287137055737774,1.73198186352393,1.50181715332793,0.960331123043346,0.492326826235425,2.56577884376811,0.748240144791648,8,0.125,1.05434872973581,"1.53657127620032",-0.0790428376355905,0.737610799398833
100259,-0.0512871475915684,NA,-0.793506035224105,1.04330344707681,0.127492012452607,0.0809435334357605,0.120517893262783,0.569281842596533,7,0.142857142857143,0.156677935144118,"0.319573375243184",-0.0790428376355905,0.737610799398833
100260,0.463871576758728,NA,-0.469725535384612,0.126276034574575,-0.415663929237006,-0.624284968506521,1.09888121391149,0.0324069360111874,7,0.142857142857143,0.0302516183039774,"0.148173611379667",-0.0790428376355905,0.737610799398833
100264,-1.68262310803418,-1.00464188678134,0.436859864165966,0.0804246639494628,0.7430687463675,0.433557784406901,0.678966123046386,-0.146551366183927,8,0.125,-0.0576173973829036,"0.0290470804795009",-0.0790428376355905,0.737610799398833
100265,-1.33918395846731,NA,-0.0811889355772215,-0.194683559801209,-0.451874325349647,1.72647670463442,0.270271784866269,-0.325509668379042,7,0.142857142857143,-0.0565274225819635,"0.0305247904070514",-0.0790428376355905,0.737610799398833
100266,NA,NA,0.501615964133864,1.22670892957726,0.815489538592783,-0.683054010335044,NA,0.211365238206305,5,0.2,0.414425132035034,"0.66900860192504",-0.0790428376355905,0.737610799398833
100267,-0.137146934983285,NA,-0.0811889355772215,-0.194683559801209,-0.19840155256116,-0.859361135820613,NA,-0.683426272769272,6,0.166666666666667,-0.359034731918793,"-0.379592997433608",-0.0790428376355905,0.737610799398833
100268,NA,NA,0.436859864165966,0.401384258325247,1.06896231138127,0.257250658921331,NA,0.748240144791648,5,0.2,0.582539447517092,"0.89692597463579",-0.0790428376355905,0.737610799398833
100269,0.635591151542161,NA,-0.728749935256206,0.401384258325247,0.562016765804296,0.374788742578378,0.363490345633856,0.0324069360111874,7,0.142857142857143,0.234418323519845,"0.424968237193535",-0.0790428376355905,0.737610799398833
100275,-0.223006722375001,NA,0.113079364326474,-0.790751377927665,-0.488084721462287,-0.389208801192427,1.43420909222823,-0.683426272769272,7,0.142857142857143,-0.146741348453135,"-0.0917808021150456",-0.0790428376355905,0.737610799398833
100276,0.635591151542161,NA,1.34344526371654,0.814046593951255,1.14138310360655,-0.800592093992089,0.260777301825125,0.569281842596533,7,0.142857142857143,0.566276166178011,"0.874877380238398",-0.0790428376355905,0.737610799398833
100277,NA,NA,NA,NA,NA,NA,NA,NA,0,NA,NA,"NaN",-0.0790428376355905,0.737610799398833
100281,1.23660966328417,NA,1.21393306378075,1.13500618832704,1.82938062974672,-1.09443730313471,0.781247599444155,1.10615674918188,7,0.142857142857143,0.886842370090002,"1.30947812655781",-0.0790428376355905,0.737610799398833
100284,NA,NA,0.631128164069661,NA,0.163702408565247,NA,NA,-1.75717608593996,3,0.333333333333333,-0.320781837768351,"-0.327732457726734",-0.0790428376355905,0.737610799398833
100285,NA,NA,0.177835464294372,0.309681517075023,0.525806369691656,0.0809435334357605,NA,0.748240144791648,5,0.2,0.368501405857692,"0.606748496440182",-0.0790428376355905,0.737610799398833
100286,0.20629221458358,0.430367775305794,-0.599237735320409,0.401384258325247,0.0912816163399657,-1.74089676324846,1.27625541981648,-0.325509668379042,8,0.125,-0.0325078603221056,"0.0630887960851601",-0.0790428376355905,0.737610799398833
100287,0.120432427191864,NA,0.501615964133864,0.814046593951255,-0.16219115644852,0.139712575264284,1.77859988617515,0.390323540401418,7,0.142857142857143,0.511791404381331,"0.801010834573548",-0.0790428376355905,0.737610799398833
100288,NA,NA,NA,-0.286386301051433,0.236123200790529,0.139712575264284,1.60381508473592,-0.146551366183927,5,0.2,0.309342638711075,"0.526545268403347",-0.0790428376355905,0.737610799398833
100289,2.09520753720134,0.430367775305794,1.53771356362024,1.59351989457816,1.75695983752144,1.96155287194851,1.67157116825681,1.64303165576722,8,0.125,1.58624053802494,"2.25767217212352",-0.0790428376355905,0.737610799398833
100290,-0.738165446725299,NA,-1.1172865350636,0.309681517075023,-0.741557494250773,1.02124820269213,0.82440434054026,0.390323540401418,7,0.142857142857143,-0.00733598219011888,"0.0972150292592165",-0.0790428376355905,0.737610799398833
100291,-0.223006722375001,NA,-0.599237735320409,-1.47852193730435,-0.813978286476055,NA,-0.897981196605305,-0.862384574964387,6,0.166666666666667,-0.812518408840917,"-0.994393753186807",-0.0790428376355905,0.737610799398833
100292,-0.394726297158433,NA,-1.0525304350957,-2.12044112605591,-0.596715909800209,-0.0953635920498098,NA,-0.146551366183927,6,0.166666666666667,-0.734388121057332,"-0.888470293487921",-0.0790428376355905,0.737610799398833
100296,NA,NA,1.08442086384495,1.45596578270282,2.19148459087313,NA,NA,1.10615674918188,4,0.25,1.4595069966507,"2.08585589519599",-0.0790428376355905,0.737610799398833
100299,-0.394726297158433,NA,-0.275457235480917,-0.974156860428112,-0.16219115644852,-0.0365945502212864,1.22748830237788,-0.683426272769272,7,0.142857142857143,-0.185580581446951,"-0.144436258116327",-0.0790428376355905,0.737610799398833
100302,0.378011789367012,NA,-0.340213335448815,0.263830146449911,0.489595973579015,0.316019700749854,NA,0.390323540401418,6,0.166666666666667,0.249594635849732,"0.445543196700982",-0.0790428376355905,0.737610799398833
100307,0.635591151542161,NA,-0.14594503554512,-0.378089042301657,0.0550712202273249,0.492326826235425,NA,0.211365238206305,6,0.166666666666667,0.14505339306074,"0.303813651967912",-0.0790428376355905,0.737610799398833
100313,NA,NA,NA,0.217978775824799,0.634437558029578,NA,NA,-0.146551366183927,3,0.333333333333333,0.235288322556817,"0.42614771970339",-0.0790428376355905,0.737610799398833
100314,NA,NA,0.954908663909153,0.905749335201479,1.57590785695824,1.08001724452066,NA,2.00094826015745,5,0.2,1.3035062721494,"1.87436126330009",-0.0790428376355905,0.737610799398833
100315,-0.995744808900447,NA,-0.534481635352511,-0.469791783551881,1.03275191526863,1.4326314954918,-1.96006859498046,-1.0413428771595,7,0.142857142857143,-0.362292327026339,"-0.384009412038981",-0.0790428376355905,0.737610799398833
100316,-1.08160459629216,NA,1.21393306378075,-0.699048636677441,0.236123200790529,1.25632437000623,NA,-0.325509668379042,6,0.166666666666667,0.100036288871476,"0.24278267977234",-0.0790428376355905,0.737610799398833
100319,0.463871576758728,NA,-0.14594503554512,1.08915481770193,0.887910330818063,0.139712575264284,1.20461522959695,0.390323540401418,7,0.142857142857143,0.57566329071375,"0.887603772725316",-0.0790428376355905,0.737610799398833
100320,0.463871576758728,NA,0.24259156426227,0.676492482075919,0.598227161916937,-0.506746884849472,NA,0.569281842596533,6,0.166666666666667,0.340619623793486,"0.568948369209222",-0.0790428376355905,0.737610799398833
100321,0.292152001975297,NA,-0.469725535384612,-0.0571294479258733,0.562016765804296,-0.0365945502212864,1.11225980365128,0.0324069360111874,7,0.142857142857143,0.205055139130042,"0.385159730574956",-0.0790428376355905,0.737610799398833
100329,NA,NA,1.08442086384495,1.68522263582838,0.018860824114684,-0.154132633878333,NA,0.748240144791648,5,0.2,0.676522366940266,"1.02434129922129",-0.0790428376355905,0.737610799398833
100330,NA,NA,NA,NA,0.525806369691656,NA,NA,0.211365238206305,2,0.5,0.36858580394898,"0.606862917339872",-0.0790428376355905,0.737610799398833
100350,NA,NA,NA,-0.561494524802105,0.199912804677888,NA,NA,0.211365238206305,3,0.333333333333333,-0.0500721606393039,"0.0392763731494959",-0.0790428376355905,0.737610799398833
100359,0.0345726398001479,NA,0.0483232643585746,0.768195223326143,0.562016765804296,0.433557784406901,-0.835835489426913,0.390323540401418,7,0.142857142857143,0.20016481838151,"0.378529783247018",-0.0790428376355905,0.737610799398833
100360,NA,NA,NA,0.676492482075919,0.525806369691656,NA,NA,0.0324069360111874,3,0.333333333333333,0.411568595926254,"0.665135914443907",-0.0790428376355905,0.737610799398833
100361,NA,NA,NA,0.997452076451703,0.453385577466374,NA,NA,0.0324069360111874,3,0.333333333333333,0.494414863309755,"0.777452962202728",-0.0790428376355905,0.737610799398833
100362,NA,NA,NA,NA,0.380964785241092,NA,NA,0.390323540401418,2,0.5,0.385644162821255,"0.629989421027423",-0.0790428376355905,0.737610799398833
100363,NA,NA,NA,1.08915481770193,0.489595973579015,0.374788742578378,NA,1.28511505137699,4,0.25,0.809663646309078,"1.20484472931928",-0.0790428376355905,0.737610799398833
100364,NA,NA,NA,NA,NA,NA,NA,NA,0,NA,NA,"NaN",-0.0790428376355905,0.737610799398833
101300,NA,NA,NA,NA,NA,NA,NA,NA,0,NA,NA,"NaN",-0.0790428376355905,0.737610799398833
101303,NA,NA,NA,NA,NA,NA,NA,NA,0,NA,NA,"NaN",-0.0790428376355905,0.737610799398833
101304,NA,NA,NA,NA,-0.415663929237006,NA,NA,-0.504467970574157,2,0.5,-0.460065949905581,"-0.516563901424073",-0.0790428376355905,0.737610799398833
101307,NA,NA,-1.44106703490309,NA,-1.90029016985528,NA,NA,-4.26259231667157,3,0.333333333333333,-2.53464984047665,"-3.32913645630246",-0.0790428376355905,0.737610799398833
101308,NA,NA,-0.0164328356093239,-3.72523909793483,-1.53818620872887,NA,NA,-0.683426272769272,4,0.25,-1.49082110376057,"-1.9139880642686",-0.0790428376355905,0.737610799398833
101309,NA,NA,NA,NA,NA,NA,NA,-0.146551366183927,1,1,-0.146551366183927,"-0.0915232377337164",-0.0790428376355905,0.737610799398833
101311,NA,NA,NA,NA,NA,NA,NA,-0.146551366183927,1,1,-0.146551366183927,"-0.0915232377337164",-0.0790428376355905,0.737610799398833
101312,NA,NA,NA,NA,NA,NA,NA,0.211365238206305,1,1,0.211365238206305,"0.393714511878871",-0.0790428376355905,0.737610799398833
101313,NA,NA,0.760640364005458,NA,1.50348706473296,NA,NA,0.569281842596533,3,0.333333333333333,0.944469757111649,"1.38760521887888",-0.0790428376355905,0.737610799398833
101314,NA,NA,NA,NA,NA,NA,NA,NA,0,NA,NA,"NaN",-0.0790428376355905,0.737610799398833
101315,NA,NA,NA,NA,NA,NA,NA,0.569281842596533,1,1,0.569281842596533,"0.878952261491454",-0.0790428376355905,0.737610799398833
110001,-1.2533241710756,0.430367775305794,-1.1172865350636,0.0345732933243508,-0.0535599681105977,-0.212901675706857,-2.98849373530065,-0.683426272769272,8,0.125,-0.730506411174553,"-0.883207748679815",-0.0790428376355905,0.737610799398833
110002,-1.42504374585903,NA,-0.858262135192003,-3.2208740210586,-4.3988075016275,-1.85843484690551,NA,-1.93613438813508,6,0.166666666666667,-2.28292610646295,"-2.98786741005361",-0.0790428376355905,0.737610799398833
110003,0.979030301109026,NA,0.436859864165966,-1.24926508417879,-1.68302779317943,-1.21197538679175,NA,-0.683426272769272,6,0.166666666666667,-0.568634061940709,"-0.663752787654607",-0.0790428376355905,0.737610799398833
110005,-2.36950140716791,NA,-0.9877743351278,0.814046593951255,0.634437558029578,1.60893862097737,-0.786636804577352,2.00094826015745,7,0.142857142857143,0.130636926606085,"0.284268837186995",-0.0790428376355905,0.737610799398833
110006,-1.42504374585903,NA,-0.923018235159901,-0.423940412926769,-1.35713422816567,-0.44797784302095,0.646166999813345,-0.325509668379042,7,0.142857142857143,-0.608065304814002,"-0.7172108483357",-0.0790428376355905,0.737610799398833
110007,-0.394726297158433,-0.0479687787232517,-1.0525304350957,-0.423940412926769,-1.13987185148982,-0.918130177649138,-0.0758452787244969,-1.0413428771595,8,0.125,-0.636794513615889,"-0.756159856166527",-0.0790428376355905,0.737610799398833
110008,-0.995744808900447,NA,0.372103764198067,0.493086999575471,1.43106627250768,1.84401478829146,-0.51561247049381,1.64303165576722,7,0.142857142857143,0.61027802870652,"0.934531960356221",-0.0790428376355905,0.737610799398833
110010,0.292152001975297,0.789120190827578,0.890152563941255,1.45596578270282,1.35864548028239,0.903710119035088,0.594378910498019,1.46407335357211,8,0.125,0.96852480035432,"1.42021732713743",-0.0790428376355905,0.737610799398833
110011,0.549731364150444,NA,-1.31155483496729,-0.148832189176097,0.236123200790529,-0.97689921947766,0.423909783168402,-0.683426272769272,7,0.142857142857143,-0.272992595468706,"-0.262943218823787",-0.0790428376355905,0.737610799398833
110015,0.635591151542161,NA,0.113079364326474,0.217978775824799,-0.307032740899083,-0.0365945502212864,NA,0.748240144791648,6,0.166666666666667,0.228543690894119,"0.417003830177647",-0.0790428376355905,0.737610799398833
110016,0.549731364150444,NA,0.436859864165966,0.538938370200583,-0.0897703642232385,-2.03474197239108,0.174895387043875,1.10615674918188,7,0.142857142857143,0.0974384854469182,"0.239260763571174",-0.0790428376355905,0.737610799398833
110018,0.89317051371731,NA,0.0483232643585746,-0.240534930426321,-0.0535599681105977,-1.44705155410585,NA,-0.683426272769272,6,0.166666666666667,-0.247179824556026,"-0.227948109026427",-0.0790428376355905,0.737610799398833
110023,0.378011789367012,NA,-0.0164328356093239,-0.423940412926769,0.924120726930704,0.0221744916072371,0.384637148770947,-0.325509668379042,7,0.142857142857143,0.134723034251538,"0.2898084898721",-0.0790428376355905,0.737610799398833
110024,NA,NA,-0.858262135192003,-0.469791783551881,-1.42955502039095,-0.506746884849472,-0.93725383100276,-1.0413428771595,6,0.166666666666667,-0.873825422024428,"-1.07750941965139",-0.0790428376355905,0.737610799398833
110025,-1.94020247020933,NA,0.890152563941255,0.126276034574575,0.380964785241092,-0.624284968506521,0.37384796349692,-0.683426272769272,7,0.142857142857143,-0.210953194890182,"-0.178834633877515",-0.0790428376355905,0.737610799398833
110027,NA,NA,0.436859864165966,-0.194683559801209,0.562016765804296,-0.0365945502212864,NA,0.0324069360111874,5,0.2,0.160001091191791,"0.324078672685116",-0.0790428376355905,0.737610799398833
110028,-0.308866509766717,-2.79840396439026,0.177835464294372,-0.607345895427217,-0.813978286476055,0.492326826235425,-0.538053975863786,-0.325509668379042,8,0.125,-0.590249501221661,"-0.693057455236167",-0.0790428376355905,0.737610799398833
110029,-0.0512871475915684,-0.526305332752297,0.631128164069661,-0.744900007302553,0.417175181353733,0.844941077206565,-0.631272536631373,0.211365238206305,8,0.125,0.0188555795698091,"0.132723676612637",-0.0790428376355905,0.737610799398833
110030,0.378011789367012,NA,-0.599237735320409,0.493086999575471,1.43106627250768,-1.27074442862028,0.316449497839101,0.569281842596533,7,0.142857142857143,0.188273462563587,"0.362408332981357",-0.0790428376355905,0.737610799398833
110031,-0.909885021508731,NA,0.307347664230169,-0.0571294479258733,-0.958819870926618,-0.859361135820613,NA,0.390323540401418,6,0.166666666666667,-0.347920711925041,"-0.364525403517128",-0.0790428376355905,0.737610799398833
110032,NA,NA,1.01966476387705,0.447235628950359,-0.777767890363414,NA,NA,-0.683426272769272,4,0.25,0.00142655742368142,"0.109094654152103",-0.0790428376355905,0.737610799398833
110034,-0.137146934983285,-0.167552917230512,-0.404969435416714,-0.607345895427217,-1.68302779317943,0.0221744916072371,-1.8642606297471,-0.146551366183927,8,0.125,-0.623585060070119,"-0.738251423214439",-0.0790428376355905,0.737610799398833
110035,2.86794562372678,0.669536052320317,-0.0164328356093239,0.997452076451703,0.525806369691656,0.198481617092807,0.383342446538064,2.17990656235257,8,0.125,0.975754739070571,"1.43001916127834",-0.0790428376355905,0.737610799398833
110036,-1.76848289542589,-2.55923568737574,-1.1172865350636,-0.882454119177889,-0.596715909800209,0.492326826235425,0.330259654989854,-2.29405099252531,8,0.125,-1.04945495726792,"-1.31561539015323",-0.0790428376355905,0.737610799398833
110038,0.378011789367012,NA,-0.534481635352511,-0.469791783551881,-0.560505513687569,-0.859361135820613,-1.77967341719874,0.0324069360111874,7,0.142857142857143,-0.541913537176159,"-0.627527010067934",-0.0790428376355905,0.737610799398833
110041,NA,NA,-0.210701135513018,-0.0571294479258733,0.0912816163399657,NA,NA,-1.22030117935462,4,0.25,-0.349212536613386,"-0.366276767094501",-0.0790428376355905,0.737610799398833
110042,1.32246945067589,NA,-0.340213335448815,0.630641111450807,1.10517270749391,0.844941077206565,0.864971677170601,1.46407335357211,7,0.142857142857143,0.841722291731581,"1.24830754934393",-0.0790428376355905,0.737610799398833
110043,-2.97051991890992,-1.72214671782491,-1.57057923483889,-2.0745897554308,-0.99503026703926,0.962479160863611,-0.074119009080653,0.211365238206305,8,0.125,-1.02914256300681,"-1.2880772978725",-0.0790428376355905,0.737610799398833
110044,NA,NA,0.177835464294372,0.768195223326143,-0.777767890363414,-1.3295134704488,NA,-0.146551366183927,5,0.2,-0.261560407875125,"-0.247444276016959",-0.0790428376355905,0.737610799398833
110045,NA,NA,0.760640364005458,-0.286386301051433,0.779279142480142,NA,NA,0.390323540401418,4,0.25,0.410964186458896,"0.664316499289126",-0.0790428376355905,0.737610799398833
110046,-0.223006722375001,NA,0.760640364005458,0.126276034574575,-0.125980760335879,-0.0953635920498098,NA,-0.146551366183927,6,0.166666666666667,0.0493356596059027,"0.174046390516685",-0.0790428376355905,0.737610799398833
110050,NA,NA,NA,0.768195223326143,1.86559102585937,NA,NA,0.211365238206305,3,0.333333333333333,0.948383829130604,"1.39291163795808",-0.0790428376355905,0.737610799398833
110051,NA,NA,0.24259156426227,-0.882454119177889,-0.379453533124364,NA,NA,-1.57821778374485,4,0.25,-0.649383467946207,"-0.773227060633406",-0.0790428376355905,0.737610799398833
110054,1.15074987589246,NA,0.24259156426227,-1.38681919605412,-0.922609474813977,-0.271670717535378,-2.91771667990303,-0.862384574964387,7,0.142857142857143,-0.709694171873738,"-0.854992002221416",-0.0790428376355905,0.737610799398833
110064,-1.33918395846731,NA,0.24259156426227,-0.561494524802105,-0.922609474813977,-2.85750855799041,-0.445266982507159,-0.504467970574157,7,0.142857142857143,-0.912562843556121,"-1.13002684694945",-0.0790428376355905,0.737610799398833
110069,1.06489008850074,NA,0.69588426403756,-0.0571294479258733,-0.63292630591285,-0.154132633878333,0.869718918691171,-1.39925948154973,7,0.142857142857143,0.0552922002803835,"0.182121842610574",-0.0790428376355905,0.737610799398833
110071,NA,NA,NA,NA,-0.596715909800209,NA,NA,-1.22030117935462,2,0.5,-0.908508544577413,"-1.12453031818115",-0.0790428376355905,0.737610799398833
110073,NA,NA,NA,NA,-2.44344611154489,NA,NA,-2.11509269033019,2,0.5,-2.27926940093754,"-2.9829099100707",-0.0790428376355905,0.737610799398833
110074,-0.0512871475915684,0.789120190827578,1.53771356362024,0.630641111450807,0.344754389128452,-0.800592093992089,0.71780719003288,-0.683426272769272,8,0.125,0.310591366338378,"0.528238204065787",-0.0790428376355905,0.737610799398833
110075,-1.51090353325075,NA,0.0483232643585746,0.0345732933243508,0.344754389128452,-0.97689921947766,0.281060970140295,-1.22030117935462,7,0.142857142857143,-0.428484573590193,"-0.473748128741342",-0.0790428376355905,0.737610799398833
110076,-1.85434268281761,NA,-0.793506035224105,0.997452076451703,0.199912804677888,1.4326314954918,-1.69853874393806,0.211365238206305,7,0.142857142857143,-0.215003692450297,"-0.184326008954203",-0.0790428376355905,0.737610799398833
110078,-0.909885021508731,1.14787260634936,0.760640364005458,0.309681517075023,0.380964785241092,0.257250658921331,1.29394968366589,0.748240144791648,8,0.125,0.498589342317634,"0.783112422464538",-0.0790428376355905,0.737610799398833
110079,0.979030301109026,NA,0.954908663909153,0.0804246639494628,0.525806369691656,-0.154132633878333,0.379026772428453,0.927198446986763,7,0.142857142857143,0.527466083456597,"0.822261444092879",-0.0790428376355905,0.737610799398833
110082,-0.824025234117015,-1.00464188678134,0.825396463973357,0.447235628950359,0.562016765804296,1.49140053732032,-0.412036291863157,2.35886486454768,8,0.125,0.430526355979313,"0.690837490489852",-0.0790428376355905,0.737610799398833
110083,1.83762817502619,0.310783636798532,0.760640364005458,1.13500618832704,1.79317023363408,1.25632437000623,1.33279075065238,1.64303165576722,8,0.125,1.25867192177714,"1.81357805566702",-0.0790428376355905,0.737610799398833
110086,NA,NA,NA,NA,-0.0897703642232385,NA,NA,0.0324069360111874,2,0.5,-0.0286817141060256,"0.0682760116454507",-0.0790428376355905,0.737610799398833
110087,0.292152001975297,0.90870432933484,-0.0811889355772215,0.401384258325247,0.489595973579015,0.374788742578378,0.993147198226033,0.927198446986763,8,0.125,0.538222751928544,"0.836844566358325",-0.0790428376355905,0.737610799398833
110089,0.120432427191864,NA,-0.923018235159901,-2.76236031480748,-1.17608224760246,0.433557784406901,NA,-1.93613438813508,6,0.166666666666667,-1.04060082901769,"-1.30361159593351",-0.0790428376355905,0.737610799398833
110091,0.463871576758728,NA,0.69588426403756,0.355532887700135,0.706858350254859,1.13878628634918,1.00221011385621,0.211365238206305,7,0.142857142857143,0.653501245308998,"0.993130907982401",-0.0790428376355905,0.737610799398833
110092,NA,NA,NA,NA,-0.886399078701336,NA,NA,-0.325509668379042,2,0.5,-0.605954373540189,"-0.714348998596606",-0.0790428376355905,0.737610799398833
110095,-1.51090353325075,NA,-0.275457235480917,0.355532887700135,-1.06745105926454,-0.683054010335044,1.03069356297964,-0.504467970574157,7,0.142857142857143,-0.379301051175089,"-0.407068624516093",-0.0790428376355905,0.737610799398833
110100,NA,NA,NA,NA,-0.886399078701336,NA,NA,NA,1,1,-0.886399078701336,"-1.0945558846532",-0.0790428376355905,0.737610799398833
110101,NA,NA,NA,NA,NA,NA,NA,-0.325509668379042,1,1,-0.325509668379042,"-0.334142112540009",-0.0790428376355905,0.737610799398833
110104,NA,NA,0.307347664230169,0.768195223326143,-0.560505513687569,1.60893862097737,NA,-0.504467970574157,5,0.2,0.323901604854391,"0.546283274076775",-0.0790428376355905,0.737610799398833
110105,NA,NA,0.825396463973357,-0.469791783551881,-0.307032740899083,0.962479160863611,NA,0.0324069360111874,5,0.2,0.208691607279438,"0.390089794169958",-0.0790428376355905,0.737610799398833
110107,-2.54122098195134,-1.1242260252886,-0.728749935256206,0.722343852701031,-0.379453533124364,-0.389208801192427,0.160222095071199,-1.39925948154973,8,0.125,-0.709944101323805,"-0.855330838705739",-0.0790428376355905,0.737610799398833
110109,NA,NA,0.0483232643585746,-0.148832189176097,-0.777767890363414,NA,NA,0.0324069360111874,4,0.25,-0.211467469792437,"-0.179531851031432",-0.0790428376355905,0.737610799398833
110111,NA,NA,NA,NA,-0.0535599681105977,NA,NA,0.390323540401418,2,0.5,0.16838178614541,"0.335440619880642",-0.0790428376355905,0.737610799398833
110113,NA,NA,NA,NA,NA,NA,NA,0.0324069360111874,1,1,0.0324069360111874,"0.151095637072575",-0.0790428376355905,0.737610799398833
110121,NA,NA,NA,NA,-1.46576541650359,NA,NA,-1.0413428771595,2,0.5,-1.25355414683155,"-1.59231848307157",-0.0790428376355905,0.737610799398833
110122,-1.08160459629216,0.789120190827578,0.177835464294372,-1.38681919605412,-0.705347098138132,-2.15228005604813,-0.788363074221196,-0.862384574964387,8,0.125,-0.751230367574522,"-0.911303807491399",-0.0790428376355905,0.737610799398833
110124,NA,NA,1.01966476387705,-0.240534930426321,-1.10366145537718,NA,NA,-0.504467970574157,4,0.25,-0.207249898125152,"-0.173813968822111",-0.0790428376355905,0.737610799398833
110125,-2.19778183238447,NA,-0.728749935256206,0.538938370200583,-0.0535599681105977,0.668633951720995,0.201652566523461,-0.146551366183927,7,0.142857142857143,-0.245345459070024,"-0.225461207414497",-0.0790428376355905,0.737610799398833
110128,-0.0512871475915684,NA,0.69588426403756,0.0804246639494628,0.634437558029578,-0.0953635920498098,NA,0.211365238206305,6,0.166666666666667,0.245910164096921,"0.440548053251599",-0.0790428376355905,0.737610799398833
110129,-0.394726297158433,0.191199498291271,-0.0811889355772215,-0.378089042301657,0.018860824114684,-1.38828251227732,1.00393638350006,-0.325509668379042,8,0.125,-0.169224968723458,"-0.122262487427472",-0.0790428376355905,0.737610799398833
110132,NA,NA,NA,-0.102980818550985,-2.51586690377017,NA,NA,-2.11509269033019,3,0.333333333333333,-1.57798013755045,"-2.03215205245981",-0.0790428376355905,0.737610799398833
110142,NA,NA,NA,NA,0.163702408565247,NA,NA,-1.0413428771595,2,0.5,-0.438820234297127,"-0.487760478771138",-0.0790428376355905,0.737610799398833
110143,-1.51090353325075,NA,0.69588426403756,0.0804246639494628,-0.16219115644852,1.25632437000623,0.159358960249277,1.46407335357211,7,0.142857142857143,0.283281560302196,"0.491213521050786",-0.0790428376355905,0.737610799398833
110146,NA,NA,NA,0.493086999575471,-0.0535599681105977,NA,NA,-0.146551366183927,3,0.333333333333333,0.097658555093649,"0.239559118268407",-0.0790428376355905,0.737610799398833
110150,NA,NA,0.501615964133864,-0.515643154176993,-1.50197581261623,NA,NA,-1.39925948154973,4,0.25,-0.728815621052273,"-0.880915496283758",-0.0790428376355905,0.737610799398833
110161,-0.394726297158433,NA,-0.469725535384612,0.997452076451703,0.489595973579015,0.727402993549518,-0.40081553917817,1.28511505137699,7,0.142857142857143,0.319185531890859,"0.539889559441121",-0.0790428376355905,0.737610799398833
110164,0.120432427191864,0.0716153597840098,0.631128164069661,-1.06585960167834,-0.488084721462287,1.72647670463442,0.111023410221639,0.390323540401418,8,0.125,0.187131910395298,"0.360860698145724",-0.0790428376355905,0.737610799398833
110165,NA,NA,NA,-0.607345895427217,-0.669136702025491,-1.03566826130618,NA,-1.39925948154973,4,0.25,-0.927852585077156,"-1.15075558564674",-0.0790428376355905,0.737610799398833
110168,0.89317051371731,0.669536052320317,-0.210701135513018,0.951600705826591,0.634437558029578,1.08001724452066,1.11787017999378,-0.146551366183927,8,0.125,0.623672469088911,"0.952691185239191",-0.0790428376355905,0.737610799398833
110177,0.549731364150444,NA,-1.70009143477468,-0.836602748552777,-0.524295117574929,-1.3295134704488,-0.437067201698899,-0.146551366183927,7,0.142857142857143,-0.632055710726224,"-0.749735325921678",-0.0790428376355905,0.737610799398833
110184,-0.0512871475915684,NA,0.566372064101763,0.997452076451703,1.43106627250768,0.0221744916072371,NA,0.927198446986763,6,0.166666666666667,0.648829367343929,"0.986797109766762",-0.0790428376355905,0.737610799398833
110190,NA,NA,NA,NA,NA,NA,NA,NA,0,NA,NA,"NaN",-0.0790428376355905,0.737610799398833
110191,-0.652305659333582,NA,0.501615964133864,0.630641111450807,0.163702408565247,-0.97689921947766,-0.948474583687747,-0.146551366183927,7,0.142857142857143,-0.204038763504714,"-0.169460542024327",-0.0790428376355905,0.737610799398833
110192,-0.909885021508731,NA,1.01966476387705,0.401384258325247,0.7430687463675,-0.271670717535378,0.205105105811149,-0.683426272769272,7,0.142857142857143,0.0720344089382237,"0.2048197324347",-0.0790428376355905,0.737610799398833
110194,NA,NA,NA,NA,0.27233359690317,NA,NA,-0.325509668379042,2,0.5,-0.0265880357379358,"0.0711144711281428",-0.0790428376355905,0.737610799398833
110198,-0.394726297158433,NA,-0.404969435416714,-0.0571294479258733,0.851699934705422,-1.21197538679175,-0.336511994944973,0.927198446986763,7,0.142857142857143,-0.0894877400779374,"-0.0141604521664537",-0.0790428376355905,0.737610799398833
110200,0.20629221458358,NA,-0.210701135513018,0.447235628950359,-0.524295117574929,1.08001724452066,NA,0.0324069360111874,6,0.166666666666667,0.17182596182964,"0.34010998709576",-0.0790428376355905,0.737610799398833
110201,NA,NA,NA,0.263830146449911,1.14138310360655,0.139712575264284,NA,0.0324069360111874,4,0.25,0.394333190332983,"0.641769383466706",-0.0790428376355905,0.737610799398833
110209,NA,NA,NA,NA,NA,NA,NA,0.927198446986763,1,1,0.927198446986763,"1.36419001110404",-0.0790428376355905,0.737610799398833
110215,2.52450647415992,NA,0.436859864165966,1.08915481770193,0.417175181353733,-0.389208801192427,0.732912049416518,0.927198446986763,7,0.142857142857143,0.819799718941771,"1.21858649210388",-0.0790428376355905,0.737610799398833
110225,NA,NA,0.24259156426227,0.722343852701031,1.64832864918352,0.844941077206565,NA,0.927198446986763,5,0.2,0.87708071806803,"1.29624397647496",-0.0790428376355905,0.737610799398833
110226,NA,NA,NA,-0.240534930426321,-0.0535599681105977,0.198481617092807,NA,0.748240144791648,4,0.25,0.163156715836884,"0.328356843025986",-0.0790428376355905,0.737610799398833
110229,1.40832923806761,NA,-0.275457235480917,0.401384258325247,0.380964785241092,-0.800592093992089,-0.672271440672673,0.569281842596533,7,0.142857142857143,0.1445199077264,"0.303090390683269",-0.0790428376355905,0.737610799398833
110230,-0.394726297158433,NA,0.566372064101763,0.584789740825695,2.04664300642257,1.66770766280589,0.200357864290578,1.64303165576722,7,0.142857142857143,0.902025099579327,"1.33006178599135",-0.0790428376355905,0.737610799398833
110233,NA,NA,NA,NA,NA,NA,NA,0.748240144791648,1,1,0.748240144791648,"1.12157113629775",-0.0790428376355905,0.737610799398833
110234,NA,NA,NA,NA,NA,NA,NA,NA,0,NA,NA,"NaN",-0.0790428376355905,0.737610799398833
110236,NA,NA,NA,-0.836602748552777,0.453385577466374,NA,NA,0.390323540401418,3,0.333333333333333,0.00236878977167154,"0.110372065422055",-0.0790428376355905,0.737610799398833
110237,NA,NA,0.372103764198067,0.0345732933243508,1.32243508416975,NA,NA,0.0324069360111874,4,0.25,0.44037976942584,"0.704196044153325",-0.0790428376355905,0.737610799398833
110252,NA,NA,0.113079364326474,1.08915481770193,0.344754389128452,-0.330439759363904,NA,1.10615674918188,5,0.2,0.464541112194965,"0.736952265711927",-0.0790428376355905,0.737610799398833
111302,NA,NA,NA,NA,NA,NA,NA,NA,0,NA,NA,"NaN",-0.0790428376355905,0.737610799398833
111303,NA,NA,NA,NA,NA,NA,NA,NA,0,NA,NA,"NaN",-0.0790428376355905,0.737610799398833
111304,NA,NA,NA,NA,NA,NA,NA,0.211365238206305,1,1,0.211365238206305,"0.393714511878871",-0.0790428376355905,0.737610799398833
111305,NA,NA,NA,NA,NA,NA,NA,-1.0413428771595,1,1,-1.0413428771595,"-1.30461761176518",-0.0790428376355905,0.737610799398833
111306,NA,NA,NA,NA,0.996541519155986,NA,NA,NA,1,1,0.996541519155986,"1.45820039195223",-0.0790428376355905,0.737610799398833
111308,NA,NA,NA,NA,NA,NA,NA,NA,0,NA,NA,"NaN",-0.0790428376355905,0.737610799398833
111310,NA,NA,-0.469725535384612,0.630641111450807,-0.886399078701336,NA,NA,-1.39925948154973,4,0.25,-0.531185746046218,"-0.612983037638729",-0.0790428376355905,0.737610799398833
111311,NA,NA,NA,NA,NA,NA,NA,NA,0,NA,NA,"NaN",-0.0790428376355905,0.737610799398833
111312,NA,NA,NA,NA,NA,NA,NA,NA,0,NA,NA,"NaN",-0.0790428376355905,0.737610799398833
111313,NA,NA,NA,NA,-0.307032740899083,NA,NA,-0.862384574964387,2,0.5,-0.584708657931735,"-0.68554557594367",-0.0790428376355905,0.737610799398833
111314,NA,NA,NA,NA,NA,NA,NA,NA,0,NA,NA,"NaN",-0.0790428376355905,0.737610799398833
111316,NA,NA,NA,NA,NA,NA,NA,NA,0,NA,NA,"NaN",-0.0790428376355905,0.737610799398833
111318,NA,NA,NA,NA,NA,NA,NA,NA,0,NA,NA,"NaN",-0.0790428376355905,0.737610799398833
111319,NA,NA,NA,NA,NA,NA,NA,NA,0,NA,NA,"NaN",-0.0790428376355905,0.737610799398833
111320,NA,NA,NA,NA,NA,NA,NA,NA,0,NA,NA,"NaN",-0.0790428376355905,0.737610799398833
111323,NA,NA,NA,NA,NA,NA,NA,0.211365238206305,1,1,0.211365238206305,"0.393714511878871",-0.0790428376355905,0.737610799398833
111324,NA,NA,NA,NA,-1.71923818929207,NA,NA,-3.18884250350088,2,0.5,-2.45404034639648,"-3.21985186591161",-0.0790428376355905,0.737610799398833
111325,NA,NA,NA,NA,NA,NA,NA,-1.57821778374485,1,1,-1.57821778374485,"-2.03247423618406",-0.0790428376355905,0.737610799398833
111326,NA,NA,NA,NA,NA,NA,NA,NA,0,NA,NA,"NaN",-0.0790428376355905,0.737610799398833
111327,NA,NA,NA,NA,-1.82786937763,NA,NA,-1.57821778374485,2,0.5,-1.70304358068742,"-2.20170412956999",-0.0790428376355905,0.737610799398833
111328,NA,NA,NA,NA,NA,NA,NA,NA,0,NA,NA,"NaN",-0.0790428376355905,0.737610799398833
111329,NA,NA,-0.858262135192003,0.355532887700135,0.308543993015811,-0.271670717535378,NA,0.0324069360111874,5,0.2,-0.0866898072000496,"-0.0103672147570121",-0.0790428376355905,0.737610799398833
111330,NA,NA,NA,NA,NA,NA,NA,NA,0,NA,NA,"NaN",-0.0790428376355905,0.737610799398833
111331,NA,NA,NA,NA,NA,NA,NA,NA,0,NA,NA,"NaN",-0.0790428376355905,0.737610799398833
111332,NA,NA,NA,NA,NA,NA,NA,NA,0,NA,NA,"NaN",-0.0790428376355905,0.737610799398833
111333,NA,NA,NA,NA,-0.777767890363414,NA,NA,-0.504467970574157,2,0.5,-0.641117930468785,"-0.762021235713057",-0.0790428376355905,0.737610799398833
111334,NA,NA,NA,NA,NA,NA,NA,-1.0413428771595,1,1,-1.0413428771595,"-1.30461761176518",-0.0790428376355905,0.737610799398833
111335,NA,NA,NA,NA,0.489595973579015,NA,NA,-1.0413428771595,2,0.5,-0.275873451790244,"-0.266848877911053",-0.0790428376355905,0.737610799398833
111336,NA,NA,NA,NA,NA,NA,NA,0.569281842596533,1,1,0.569281842596533,"0.878952261491454",-0.0790428376355905,0.737610799398833
111337,NA,NA,NA,NA,-0.343243137011723,NA,NA,-0.683426272769272,2,0.5,-0.513334704890498,"-0.588781871969422",-0.0790428376355905,0.737610799398833
120001,0.0345726398001479,0.789120190827578,0.954908663909153,0.630641111450807,-0.16219115644852,0.551095868063948,-0.331333186013441,1.82198995796234,8,0.125,0.536100511194001,"0.833967384060734",-0.0790428376355905,0.737610799398833
120002,0.378011789367012,NA,-1.0525304350957,-0.974156860428112,-2.0089213581932,-2.85750855799041,-0.746501035357974,-0.325509668379042,7,0.142857142857143,-1.08387373229677,"-1.3622779052044",-0.0790428376355905,0.737610799398833
120005,0.463871576758728,NA,-0.469725535384612,0.263830146449911,-0.777767890363414,1.72647670463442,-0.777142321536209,0.748240144791648,7,0.142857142857143,0.168254689335781,"0.33526831111058",-0.0790428376355905,0.737610799398833
120006,0.0345726398001479,NA,-1.82960363471048,-0.102980818550985,0.127492012452607,0.786172035378042,0.641851325703735,0.748240144791648,7,0.142857142857143,0.057963386409245,"0.185743245837098",-0.0790428376355905,0.737610799398833
120007,-0.223006722375001,NA,NA,1.22670892957726,1.28622468805711,0.433557784406901,NA,1.46407335357211,5,0.2,0.837511606647676,"1.24259900347212",-0.0790428376355905,0.737610799398833
120011,NA,NA,NA,0.401384258325247,1.28622468805711,NA,NA,0.748240144791648,3,0.333333333333333,0.811949697058003,"1.20794399352581",-0.0790428376355905,0.737610799398833
120014,NA,NA,NA,-1.79948153168013,-0.488084721462287,0.551095868063948,NA,0.569281842596533,4,0.25,-0.291797135620484,"-0.288437070279193",-0.0790428376355905,0.737610799398833
120019,NA,NA,-0.599237735320409,0.630641111450807,-1.82786937763,0.786172035378042,NA,-0.504467970574157,5,0.2,-0.302952387339143,"-0.303560563221204",-0.0790428376355905,0.737610799398833
120022,1.06489008850074,-0.406721194245036,0.631128164069661,0.630641111450807,-0.19840155256116,1.1975553281777,0.712628381101349,0.927198446986763,8,0.125,0.569864846685104,"0.879742656763657",-0.0790428376355905,0.737610799398833
120026,-0.824025234117015,NA,0.177835464294372,0.997452076451703,-0.270822344786443,1.55016957914885,0.473108468017963,1.46407335357211,7,0.142857142857143,0.509684480368791,"0.798154417592862",-0.0790428376355905,0.737610799398833
120028,NA,NA,NA,0.447235628950359,1.17759349971919,-0.330439759363904,NA,-0.146551366183927,4,0.25,0.28695950078043,"0.49619980986493",-0.0790428376355905,0.737610799398833
121300,NA,NA,NA,NA,NA,NA,NA,0.0324069360111874,1,1,0.0324069360111874,"0.151095637072575",-0.0790428376355905,0.737610799398833
121301,NA,NA,NA,NA,NA,NA,NA,NA,0,NA,NA,"NaN",-0.0790428376355905,0.737610799398833
121302,NA,NA,NA,NA,NA,NA,NA,NA,0,NA,NA,"NaN",-0.0790428376355905,0.737610799398833
121303,NA,NA,NA,NA,NA,NA,NA,NA,0,NA,NA,"NaN",-0.0790428376355905,0.737610799398833
121304,NA,NA,NA,NA,NA,NA,NA,NA,0,NA,NA,"NaN",-0.0790428376355905,0.737610799398833
121305,NA,NA,NA,NA,NA,NA,NA,NA,0,NA,NA,"NaN",-0.0790428376355905,0.737610799398833
121306,NA,NA,NA,NA,NA,NA,NA,NA,0,NA,NA,"NaN",-0.0790428376355905,0.737610799398833
121307,NA,NA,NA,NA,NA,NA,NA,NA,0,NA,NA,"NaN",-0.0790428376355905,0.737610799398833
121308,NA,NA,NA,NA,NA,NA,NA,NA,0,NA,NA,"NaN",-0.0790428376355905,0.737610799398833
130002,0.378011789367012,NA,-0.469725535384612,-1.34096782542901,0.417175181353733,-0.565515926677996,0.055782781618625,0.390323540401418,7,0.142857142857143,-0.162130856392976,"-0.112644796991995",-0.0790428376355905,0.737610799398833
130003,-0.223006722375001,NA,-1.37631093493519,-1.11171097230345,-1.13987185148982,-1.38828251227732,-0.526833223178797,-1.0413428771595,7,0.142857142857143,-0.972479870531298,"-1.21125806946411",-0.0790428376355905,0.737610799398833
130006,0.0345726398001479,0.430367775305794,-2.02387193461417,-1.34096782542901,-0.125980760335879,-1.09443730313471,1.49117599047509,1.82198995796234,8,0.125,-0.1008939324963,"-0.0296241525727642",-0.0790428376355905,0.737610799398833
130007,-0.909885021508731,-0.765473609766821,-2.47716463438946,-1.2951164548039,0.670647954142219,-2.97504664164746,-1.07665010474318,0.0324069360111874,8,0.125,-1.09953519708827,"-1.3835105997423",-0.0790428376355905,0.737610799398833
130013,0.635591151542161,NA,-0.0811889355772215,1.08915481770193,1.21380389583183,-0.330439759363904,0.527485961799056,-0.146551366183927,7,0.142857142857143,0.415407966535703,"0.670341058691495",-0.0790428376355905,0.737610799398833
130014,NA,NA,NA,0.309681517075023,1.43106627250768,0.727402993549518,NA,0.211365238206305,4,0.25,0.669879005334631,"1.01533470440049",-0.0790428376355905,0.737610799398833
130018,1.49418902545932,-3.39632465692657,-0.275457235480917,-1.11171097230345,-0.705347098138132,-1.74089676324846,-0.462529678945601,0.748240144791648,8,0.125,-0.68122965434902,"-0.816401843904975",-0.0790428376355905,0.737610799398833
130025,NA,NA,NA,NA,0.562016765804296,NA,NA,-0.146551366183927,2,0.5,0.207732699810185,"0.388789775962476",-0.0790428376355905,0.737610799398833
130028,0.463871576758728,0.191199498291271,-0.9877743351278,-0.974156860428112,-0.19840155256116,-0.330439759363904,0.0963501182489639,0.748240144791648,8,0.125,-0.123888896173796,"-0.0607990807276079",-0.0790428376355905,0.737610799398833
130049,-0.652305659333582,-0.0479687787232517,-2.21814023451787,-1.15756234292856,0.380964785241092,0.492326826235425,0.596536747552824,1.10615674918188,8,0.125,-0.187498988411506,"-0.14703709715789",-0.0790428376355905,0.737610799398833
130063,NA,NA,NA,NA,NA,NA,NA,0.0324069360111874,1,1,0.0324069360111874,"0.151095637072575",-0.0790428376355905,0.737610799398833
130065,NA,NA,NA,NA,NA,NA,NA,0.211365238206305,1,1,0.211365238206305,"0.393714511878871",-0.0790428376355905,0.737610799398833
130066,NA,NA,NA,NA,NA,NA,NA,0.569281842596533,1,1,0.569281842596533,"0.878952261491454",-0.0790428376355905,0.737610799398833
130071,0.721450938933877,NA,0.825396463973357,-0.699048636677441,0.344754389128452,0.609864909892471,NA,0.390323540401418,6,0.166666666666667,0.365456934275356,"0.602621019476968",-0.0790428376355905,0.737610799398833
130073,NA,NA,NA,NA,NA,NA,NA,NA,0,NA,NA,"NaN",-0.0790428376355905,0.737610799398833
130074,NA,NA,-0.793506035224105,-0.607345895427217,0.562016765804296,0.139712575264284,0.523170287689445,-1.22030117935462,6,0.166666666666667,-0.232708913541319,"-0.208329482202497",-0.0790428376355905,0.737610799398833
131301,NA,NA,NA,NA,NA,NA,NA,-0.325509668379042,1,1,-0.325509668379042,"-0.334142112540009",-0.0790428376355905,0.737610799398833
131302,NA,NA,NA,NA,NA,NA,NA,-0.862384574964387,1,1,-0.862384574964387,"-1.06199873695889",-0.0790428376355905,0.737610799398833
131303,NA,NA,NA,NA,0.996541519155986,NA,NA,0.390323540401418,2,0.5,0.693432529778702,"1.0472668893187",-0.0790428376355905,0.737610799398833
131304,NA,NA,NA,NA,NA,NA,NA,NA,0,NA,NA,"NaN",-0.0790428376355905,0.737610799398833
131305,NA,NA,NA,-0.332237671676545,0.453385577466374,NA,NA,0.390323540401418,3,0.333333333333333,0.170490482063749,"0.33829943908456",-0.0790428376355905,0.737610799398833
131307,NA,NA,NA,NA,NA,NA,NA,0.0324069360111874,1,1,0.0324069360111874,"0.151095637072575",-0.0790428376355905,0.737610799398833
131309,NA,NA,NA,NA,NA,NA,NA,-0.504467970574157,1,1,-0.504467970574157,"-0.576760987346302",-0.0790428376355905,0.737610799398833
131310,NA,NA,NA,NA,NA,NA,NA,NA,0,NA,NA,"NaN",-0.0790428376355905,0.737610799398833
131311,NA,NA,0.307347664230169,NA,0.417175181353733,NA,NA,0.748240144791648,3,0.333333333333333,0.49092099679185,"0.77271622770704",-0.0790428376355905,0.737610799398833
131312,NA,NA,NA,NA,0.0550712202273249,NA,NA,0.0324069360111874,2,0.5,0.0437390781192561,"0.166458945361044",-0.0790428376355905,0.737610799398833
131313,NA,NA,NA,NA,NA,NA,NA,-0.146551366183927,1,1,-0.146551366183927,"-0.0915232377337164",-0.0790428376355905,0.737610799398833
131314,NA,NA,-0.534481635352511,NA,-0.813978286476055,NA,NA,-0.862384574964387,3,0.333333333333333,-0.736948165597651,"-0.891941018892709",-0.0790428376355905,0.737610799398833
131315,NA,NA,NA,NA,0.018860824114684,NA,NA,-2.47300929472042,2,0.5,-1.22707423530287,"-1.5564189117119",-0.0790428376355905,0.737610799398833
131316,NA,NA,NA,NA,-0.488084721462287,NA,NA,0.211365238206305,2,0.5,-0.138359741627991,"-0.0804176186692831",-0.0790428376355905,0.737610799398833
131317,NA,NA,NA,NA,NA,NA,NA,-1.39925948154973,1,1,-1.39925948154973,"-1.78985536137777",-0.0790428376355905,0.737610799398833
131318,NA,NA,NA,NA,NA,NA,NA,NA,0,NA,NA,"NaN",-0.0790428376355905,0.737610799398833
131319,NA,NA,NA,NA,-0.705347098138132,NA,NA,0.211365238206305,2,0.5,-0.246990929965913,"-0.227692019242674",-0.0790428376355905,0.737610799398833
131320,NA,NA,-1.18204263503149,-2.57895483230703,-0.669136702025491,-0.271670717535378,NA,0.0324069360111874,5,0.2,-0.933879590177642,"-1.15892656837286",-0.0790428376355905,0.737610799398833
131321,NA,NA,NA,NA,-0.560505513687569,NA,NA,-1.22030117935462,2,0.5,-0.890403346521093,"-1.09998458475225",-0.0790428376355905,0.737610799398833
131322,NA,NA,NA,0.355532887700135,-0.958819870926618,NA,NA,-1.0413428771595,3,0.333333333333333,-0.548209953461995,"-0.636063241222586",-0.0790428376355905,0.737610799398833
131323,NA,NA,NA,-0.699048636677441,-0.63292630591285,NA,NA,0.390323540401418,3,0.333333333333333,-0.313883800729625,"-0.318380592157048",-0.0790428376355905,0.737610799398833
131324,NA,NA,NA,NA,NA,NA,NA,NA,0,NA,NA,"NaN",-0.0790428376355905,0.737610799398833
131325,NA,NA,NA,NA,-0.63292630591285,NA,NA,0.0324069360111874,2,0.5,-0.300259684950831,"-0.299909989788025",-0.0790428376355905,0.737610799398833
131326,NA,NA,NA,-1.11171097230345,0.018860824114684,NA,NA,-0.862384574964387,3,0.333333333333333,-0.651744907717717,"-0.776428531888213",-0.0790428376355905,0.737610799398833
131327,NA,NA,NA,-1.61607604917968,-0.850188682588695,0.609864909892471,NA,-0.146551366183927,4,0.25,-0.500737797014958,"-0.571703884654423",-0.0790428376355905,0.737610799398833
131328,NA,NA,-2.67143293429316,NA,-1.53818620872887,0.492326826235425,NA,-2.47300929472042,4,0.25,-1.54757540287676,"-1.99093148641268",-0.0790428376355905,0.737610799398833
140001,NA,NA,0.436859864165966,-1.2951164548039,-1.53818620872887,NA,NA,-0.862384574964387,4,0.25,-0.814706843582797,"-0.997360676588232",-0.0790428376355905,0.737610799398833
140002,1.58004881285104,NA,1.14917696381285,0.126276034574575,0.163702408565247,-0.0365945502212864,NA,1.10615674918188,6,0.166666666666667,0.68146106979405,"1.03103683954935",-0.0790428376355905,0.737610799398833
140007,-0.137146934983285,-0.0479687787232517,1.21393306378075,0.0345732933243508,0.525806369691656,-0.389208801192427,0.985810552239695,0.390323540401418,8,0.125,0.322015288067363,"0.543725940604209",-0.0790428376355905,0.737610799398833
140008,-0.0512871475915684,NA,-0.275457235480917,0.630641111450807,-0.0173495719979558,0.0809435334357605,0.34450137955157,0.569281842596533,7,0.142857142857143,0.183039130280604,"0.355311999403746",-0.0790428376355905,0.737610799398833
140010,1.9234879624179,1.0282884678421,2.12051846333133,1.54766852395305,1.5396974608456,2.1966290392626,1.9874785130803,2.17990656235257,8,0.125,1.81545937413568,"2.56843068636648",-0.0790428376355905,0.737610799398833
140011,-1.42504374585903,NA,-0.275457235480917,-0.102980818550985,-0.777767890363414,1.13878628634918,0.662134994018905,-1.0413428771595,7,0.142857142857143,-0.260238755292251,"-0.245652473912176",-0.0790428376355905,0.737610799398833
140012,-0.48058608455015,NA,-0.534481635352511,-1.11171097230345,-0.488084721462287,NA,NA,-0.146551366183927,5,0.2,-0.552282955970465,"-0.641585126899679",-0.0790428376355905,0.737610799398833
140013,-0.48058608455015,NA,-0.663993835288308,-0.790751377927665,-0.0897703642232385,-0.0953635920498098,NA,0.927198446986763,6,0.166666666666667,-0.198877801175401,"-0.162463678185675",-0.0790428376355905,0.737610799398833
140015,0.807310726325593,-0.526305332752297,0.307347664230169,-0.286386301051433,-0.379453533124364,-1.03566826130618,-0.221715063629333,-0.146551366183927,8,0.125,-0.185177683436472,"-0.143890037791452",-0.0790428376355905,0.737610799398833
140018,0.0345726398001479,NA,-0.210701135513018,0.768195223326143,0.380964785241092,-0.683054010335044,-1.15476380612713,-0.325509668379042,7,0.142857142857143,-0.170042281712407,"-0.123370541959233",-0.0790428376355905,0.737610799398833
140029,0.549731364150444,-0.287137055737774,-0.210701135513018,0.814046593951255,0.344754389128452,0.492326826235425,-0.0995814863273553,1.28511505137699,8,0.125,0.361069318408053,"0.596672603495424",-0.0790428376355905,0.737610799398833
140030,0.463871576758728,0.549951913813056,-0.0811889355772215,1.54766852395305,0.996541519155986,1.37386245366328,1.44370357526937,1.46407335357211,8,0.125,0.969810497576044,"1.42196038353352",-0.0790428376355905,0.737610799398833
140032,-0.995744808900447,NA,0.436859864165966,-0.790751377927665,-0.63292630591285,0.374788742578378,NA,-1.39925948154973,6,0.166666666666667,-0.501172227924392,"-0.572292855029841",-0.0790428376355905,0.737610799398833
140034,NA,NA,-0.275457235480917,-1.06585960167834,-0.0897703642232385,-1.09443730313471,NA,0.390323540401418,5,0.2,-0.427040192823156,"-0.471789940536649",-0.0790428376355905,0.737610799398833
140043,-0.909885021508731,NA,-1.89435973467838,-1.61607604917968,-3.49354759881148,-3.68027514358974,NA,-1.57821778374485,6,0.166666666666667,-2.19539355525214,"-2.8691970336408",-0.0790428376355905,0.737610799398833
140046,1.49418902545932,NA,0.890152563941255,0.263830146449911,0.199912804677888,0.727402993549518,-0.6342935085081,0.748240144791648,7,0.142857142857143,0.527062024337349,"0.821713649619727",-0.0790428376355905,0.737610799398833
140048,2.35278689937649,NA,0.307347664230169,1.54766852395305,0.851699934705422,1.13878628634918,0.912012524965354,0.748240144791648,7,0.142857142857143,1.12264885405304,"1.62916770289702",-0.0790428376355905,0.737610799398833
140049,NA,NA,-0.0811889355772215,0.217978775824799,0.7430687463675,0.609864909892471,NA,-0.504467970574157,5,0.2,0.197051105186678,"0.374308433454731",-0.0790428376355905,0.737610799398833
140052,0.549731364150444,NA,-2.28289633448577,-0.0571294479258733,-0.705347098138132,0.374788742578378,NA,-0.504467970574157,6,0.166666666666667,-0.437553457399185,"-0.486043073197664",-0.0790428376355905,0.737610799398833
140053,-0.308866509766717,0.789120190827578,-0.858262135192003,-0.0112780773007613,-1.06745105926454,-0.506746884849472,-0.103465593026005,-0.325509668379042,8,0.125,-0.29905746711887,"-0.298280108781753",-0.0790428376355905,0.737610799398833
140054,-0.394726297158433,NA,0.501615964133864,-0.561494524802105,0.634437558029578,0.962479160863611,-1.03910373998957,0.211365238206305,7,0.142857142857143,0.0449390513261789,"0.168085783265127",-0.0790428376355905,0.737610799398833
140059,NA,NA,-2.02387193461417,-0.423940412926769,-2.44344611154489,NA,NA,0.0324069360111874,4,0.25,-1.21471288076866,"-1.53966027078056",-0.0790428376355905,0.737610799398833
140062,0.463871576758728,-0.167552917230512,2.12051846333133,0.538938370200583,0.7430687463675,0.903710119035088,0.760532363718025,2.00094826015745,8,0.125,0.920504372792274,"1.35511466378002",-0.0790428376355905,0.737610799398833
140063,-0.137146934983285,NA,1.08442086384495,1.86862811832883,1.93801181808465,0.609864909892471,NA,1.28511505137699,6,0.166666666666667,1.10814897109077,"1.60950979797739",-0.0790428376355905,0.737610799398833
140064,-0.566445871941866,NA,0.436859864165966,0.0804246639494628,-0.886399078701336,-0.859361135820613,NA,-0.146551366183927,6,0.166666666666667,-0.323578820755385,"-0.331524407342051",-0.0790428376355905,0.737610799398833
140065,0.979030301109026,NA,1.14917696381285,0.905749335201479,0.163702408565247,0.668633951720995,-0.59717871116545,0.0324069360111874,7,0.142857142857143,0.471645883607905,"0.746584406969525",-0.0790428376355905,0.737610799398833
140067,0.89317051371731,1.14787260634936,0.631128164069661,-0.469791783551881,-0.777767890363414,-0.741823052163566,-1.81808291677427,1.10615674918188,8,0.125,-0.00364220119186499,"0.102222793518179",-0.0790428376355905,0.737610799398833
140068,NA,NA,0.631128164069661,0.447235628950359,0.525806369691656,NA,NA,-0.325509668379042,4,0.25,0.319665123583159,"0.540539755578014",-0.0790428376355905,0.737610799398833
140077,NA,NA,NA,NA,NA,NA,NA,NA,0,NA,NA,"NaN",-0.0790428376355905,0.737610799398833
140080,0.0345726398001479,NA,0.0483232643585746,0.859897964576367,-0.669136702025491,0.609864909892471,0.490371164456406,0.211365238206305,7,0.142857142857143,0.226465497037826,"0.41418636348927",-0.0790428376355905,0.737610799398833
140082,0.292152001975297,NA,0.69588426403756,1.31841167082749,0.525806369691656,0.903710119035088,NA,-0.146551366183927,6,0.166666666666667,0.598235509897193,"0.918205574111413",-0.0790428376355905,0.737610799398833
140083,NA,NA,NA,NA,NA,NA,NA,0.390323540401418,1,1,0.390323540401418,"0.636333386685161",-0.0790428376355905,0.737610799398833
140084,1.49418902545932,NA,-2.28289633448577,0.951600705826591,0.996541519155986,0.433557784406901,NA,-0.504467970574157,6,0.166666666666667,0.181420788298146,"0.35311796701732",-0.0790428376355905,0.737610799398833
140088,1.32246945067589,1.14787260634936,1.21393306378075,1.96033085957905,0.815489538592783,1.31509341183475,1.00005227680141,1.82198995796234,8,0.125,1.32465389569704,"1.90303169974826",-0.0790428376355905,0.737610799398833
140089,NA,NA,0.825396463973357,-1.89118427293035,-0.343243137011723,NA,NA,-0.504467970574157,4,0.25,-0.478374729135719,"-0.541385635657167",-0.0790428376355905,0.737610799398833
140091,0.635591151542161,-0.765473609766821,0.0483232643585746,0.172127405199687,0.634437558029578,0.139712575264284,-0.753406113933351,1.10615674918188,8,0.125,0.152183622484499,"0.31348030737693",-0.0790428376355905,0.737610799398833
140093,0.120432427191864,NA,0.436859864165966,-0.0112780773007613,-0.886399078701336,0.609864909892471,NA,-0.683426272769272,6,0.166666666666667,-0.0689910379201778,"0.0136275115868763",-0.0790428376355905,0.737610799398833
140095,NA,NA,NA,NA,NA,NA,NA,0.0324069360111874,1,1,0.0324069360111874,"0.151095637072575",-0.0790428376355905,0.737610799398833
140100,NA,NA,NA,NA,NA,NA,NA,0.0324069360111874,1,1,0.0324069360111874,"0.151095637072575",-0.0790428376355905,0.737610799398833
140101,0.549731364150444,NA,0.501615964133864,0.538938370200583,0.127492012452607,0.316019700749854,NA,-0.504467970574157,6,0.166666666666667,0.254888240185533,"0.452719887091246",-0.0790428376355905,0.737610799398833
140103,NA,NA,NA,-0.378089042301657,1.25001429194447,NA,NA,0.0324069360111874,3,0.333333333333333,0.301444061884667,"0.515836942504586",-0.0790428376355905,0.737610799398833
140110,NA,NA,-0.404969435416714,-1.24926508417879,-0.16219115644852,-1.56458963776289,NA,0.569281842596533,5,0.2,-0.562346694242076,"-0.655228823927724",-0.0790428376355905,0.737610799398833
140113,-1.94020247020933,-1.24381016379587,0.24259156426227,-0.699048636677441,0.0550712202273249,1.08001724452066,NA,0.569281842596533,7,0.142857142857143,-0.276585628439407,"-0.267814396108107",-0.0790428376355905,0.737610799398833
140114,-0.137146934983285,NA,0.177835464294372,-0.102980818550985,-0.125980760335879,0.903710119035088,-0.169063839492084,0.211365238206305,7,0.142857142857143,0.108248352596219,"0.253916008800922",-0.0790428376355905,0.737610799398833
140115,NA,NA,NA,NA,1.06896231138127,NA,NA,0.211365238206305,2,0.5,0.640163774793786,"0.975048918773347",-0.0790428376355905,0.737610799398833
140116,0.89317051371731,1.0282884678421,2.12051846333133,1.91447948895394,1.57590785695824,0.551095868063948,1.56799498962616,2.35886486454768,8,0.125,1.50129006413009,"2.14250239157789",-0.0790428376355905,0.737610799398833
140117,0.0345726398001479,0.191199498291271,0.307347664230169,0.722343852701031,0.562016765804296,-0.330439759363904,0.814478290088157,-0.146551366183927,8,0.125,0.269370948170905,"0.472354507404799",-0.0790428376355905,0.737610799398833
140119,1.58004881285104,0.669536052320317,1.66722576355604,2.5105473070804,1.90180142197201,1.72647670463442,1.47391329403665,0.927198446986763,8,0.125,1.5570934754297,"2.21815666798639",-0.0790428376355905,0.737610799398833
140120,-0.738165446725299,NA,1.01966476387705,-1.79948153168013,0.525806369691656,-0.565515926677996,NA,0.748240144791648,6,0.166666666666667,-0.134908604453845,"-0.0757388135637191",-0.0790428376355905,0.737610799398833
140122,0.635591151542161,0.191199498291271,0.436859864165966,1.18085755895215,0.562016765804296,0.844941077206565,-0.172516378779773,0.748240144791648,8,0.125,0.553398710246786,"0.857419045922088",-0.0790428376355905,0.737610799398833
140124,-0.223006722375001,NA,1.21393306378075,1.73107400645349,1.46727666862032,NA,-1.02227261096209,0.748240144791648,6,0.166666666666667,0.652540758384853,"0.991828748462872",-0.0790428376355905,0.737610799398833
140125,NA,NA,0.631128164069661,-0.469791783551881,-1.86407977374264,NA,NA,-0.325509668379042,4,0.25,-0.507063265400975,"-0.580279502569959",-0.0790428376355905,0.737610799398833
140127,0.979030301109026,-0.765473609766821,-1.31155483496729,-1.15756234292856,0.236123200790529,0.316019700749854,0.8239727731293,0.390323540401418,8,0.125,-0.0611401589353183,"0.0242711721613393",-0.0790428376355905,0.737610799398833
140130,0.0345726398001479,NA,1.14917696381285,2.78565553083107,2.19148459087313,2.4317052065767,0.368669154565389,2.5378231667428,7,0.142857142857143,1.64272675045744,"2.33425214150377",-0.0790428376355905,0.737610799398833
140133,NA,NA,0.631128164069661,1.68522263582838,-0.524295117574929,-0.154132633878333,NA,-0.504467970574157,5,0.2,0.226691015574125,"0.414492105401513",-0.0790428376355905,0.737610799398833
140135,-0.223006722375001,NA,0.307347664230169,-0.194683559801209,-0.451874325349647,0.962479160863611,-0.916538595276629,-0.146551366183927,7,0.142857142857143,-0.0946896776989474,"-0.0212128673768191",-0.0790428376355905,0.737610799398833
140137,NA,NA,NA,-1.06585960167834,-0.0535599681105977,NA,NA,-0.146551366183927,3,0.333333333333333,-0.421990311990954,"-0.464943673052065",-0.0790428376355905,0.737610799398833
140145,NA,NA,0.177835464294372,-0.836602748552777,1.68453904529616,-0.0365945502212864,NA,0.748240144791648,5,0.2,0.347483471121624,"0.578253882813052",-0.0790428376355905,0.737610799398833
140148,-0.566445871941866,-0.406721194245036,0.0483232643585746,-0.102980818550985,-0.16219115644852,0.492326826235425,-0.854824455509199,0.927198446986763,8,0.125,-0.0781643698893555,"0.00119096378056152",-0.0790428376355905,0.737610799398833
140150,0.0345726398001479,NA,-0.14594503554512,0.997452076451703,1.7207494414088,1.78524574646294,-0.241998731944502,1.28511505137699,7,0.142857142857143,0.776455884001566,"1.15982401875678",-0.0790428376355905,0.737610799398833
140155,-0.0512871475915684,NA,-0.923018235159901,-0.240534930426321,0.127492012452607,-0.0365945502212864,0.14813820756429,0.0324069360111874,7,0.142857142857143,-0.134771101052999,"-0.075552396281112",-0.0790428376355905,0.737610799398833
140158,NA,NA,NA,0.126276034574575,1.10517270749391,NA,NA,0.211365238206305,3,0.333333333333333,0.480937993424929,"0.759181985292128",-0.0790428376355905,0.737610799398833
140160,-0.137146934983285,NA,-1.24679873499939,-0.928305489803001,0.380964785241092,0.0221744916072371,NA,0.0324069360111874,6,0.166666666666667,-0.312784157821027,"-0.316889774900178",-0.0790428376355905,0.737610799398833
140161,NA,NA,-0.340213335448815,-1.20341371355367,-0.379453533124364,-0.0953635920498098,NA,-1.0413428771595,5,0.2,-0.611957410267233,"-0.722487486715186",-0.0790428376355905,0.737610799398833
140162,-0.394726297158433,-1.36339430230313,-0.923018235159901,-0.423940412926769,-1.28471343594039,-0.0953635920498098,-0.519065009781499,0.569281842596533,8,0.125,-0.554367430340424,"-0.644411108259576",-0.0790428376355905,0.737610799398833
140164,-0.824025234117015,-1.60256257931765,-0.469725535384612,0.0345732933243508,-0.270822344786443,-0.918130177649138,0.522738720278485,-1.75717608593996,8,0.125,-0.660641242948998,"-0.788489547316039",-0.0790428376355905,0.737610799398833
140166,-0.652305659333582,NA,0.24259156426227,-0.0112780773007613,0.0912816163399657,1.25632437000623,-0.154390547519408,-0.683426272769272,7,0.142857142857143,0.0126852848122058,"0.12435843201124",-0.0790428376355905,0.737610799398833
140172,0.292152001975297,NA,-0.793506035224105,1.27256030020237,0.199912804677888,0.786172035378042,0.281492537551256,0.748240144791648,7,0.142857142857143,0.398146255621771,"0.646938864840754",-0.0790428376355905,0.737610799398833
140174,0.635591151542161,NA,-0.9877743351278,0.263830146449911,-0.234611948673802,1.1975553281777,NA,-0.325509668379042,6,0.166666666666667,0.0915134456648556,"0.231228018135652",-0.0790428376355905,0.737610799398833
140177,NA,NA,NA,0.401384258325247,0.127492012452607,NA,NA,0.0324069360111874,3,0.333333333333333,0.187094402263014,"0.360809847300922",-0.0790428376355905,0.737610799398833
140179,0.20629221458358,NA,1.66722576355604,1.13500618832704,0.525806369691656,1.84401478829146,-1.167279261045,-0.504467970574157,7,0.142857142857143,0.529514013261516,"0.825037880943571",-0.0790428376355905,0.737610799398833
140180,-0.0512871475915684,NA,0.566372064101763,0.309681517075023,1.14138310360655,-0.330439759363904,NA,0.748240144791648,6,0.166666666666667,0.397324987103252,"0.645825447684729",-0.0790428376355905,0.737610799398833
140181,NA,NA,NA,NA,-0.270822344786443,NA,NA,0.927198446986763,2,0.5,0.32818805110016,"0.552094531516691",-0.0790428376355905,0.737610799398833
140182,-0.652305659333582,NA,0.501615964133864,1.27256030020237,0.417175181353733,1.66770766280589,0.133464915591614,1.10615674918188,7,0.142857142857143,0.635196444847968,"0.968314567880076",-0.0790428376355905,0.737610799398833
140184,-0.48058608455015,NA,-0.469725535384612,-1.2951164548039,-1.2122926437151,NA,NA,-0.862384574964387,5,0.2,-0.86402105868363,"-1.06421736461534",-0.0790428376355905,0.737610799398833
140185,2.09520753720134,0.90870432933484,1.66722576355604,0.859897964576367,1.14138310360655,-0.0365945502212864,0.322491441592555,2.17990656235257,8,0.125,1.14227776899987,"1.65577918277615",-0.0790428376355905,0.737610799398833
140186,-0.738165446725299,0.191199498291271,1.53771356362024,-0.607345895427217,0.525806369691656,1.4326314954918,-0.303281304300973,-1.22030117935462,8,0.125,0.102282137660857,"0.245827441035613",-0.0790428376355905,0.737610799398833
140187,-1.08160459629216,-2.55923568737574,-0.14594503554512,0.355532887700135,0.924120726930704,1.1975553281777,0.208126077687876,0.211365238206305,8,0.125,-0.111260632563788,"-0.0436785835490142",-0.0790428376355905,0.737610799398833
140189,-1.51090353325075,NA,0.501615964133864,-0.515643154176993,0.634437558029578,-0.624284968506521,-1.29243381022371,-1.0413428771595,7,0.142857142857143,-0.549793545879147,"-0.638210162632145",-0.0790428376355905,0.737610799398833
140191,-0.824025234117015,NA,0.436859864165966,1.3642630414526,-0.19840155256116,0.668633951720995,1.20418366218599,0.0324069360111874,7,0.142857142857143,0.383417238408366,"0.62697031608115",-0.0790428376355905,0.737610799398833
140197,NA,NA,NA,NA,NA,NA,NA,NA,0,NA,NA,"NaN",-0.0790428376355905,0.737610799398833
140200,0.807310726325593,0.191199498291271,1.14917696381285,0.859897964576367,-0.307032740899083,-0.212901675706857,0.0695929387693784,-1.22030117935462,8,0.125,0.167117811976863,"0.333727014047352",-0.0790428376355905,0.737610799398833
140202,0.549731364150444,0.90870432933484,1.08442086384495,0.997452076451703,0.489595973579015,1.72647670463442,-0.285155473040608,1.10615674918188,8,0.125,0.82217282351708,"1.22180377766592",-0.0790428376355905,0.737610799398833
140206,NA,NA,NA,-0.0571294479258733,0.525806369691656,NA,NA,-0.504467970574157,3,0.333333333333333,-0.0119303496027914,"0.0909863143103342",-0.0790428376355905,0.737610799398833
140208,1.23660966328417,0.669536052320317,0.69588426403756,2.05203360082928,1.32243508416975,2.1966290392626,0.555969410922485,2.00094826015745,8,0.125,1.34125567187295,"1.925539201251",-0.0790428376355905,0.737610799398833
140209,-0.308866509766717,0.669536052320317,-0.793506035224105,-0.561494524802105,-1.06745105926454,0.668633951720995,-0.530717329877447,1.28511505137699,8,0.125,-0.0798438004395764,"-0.00108588811964069",-0.0790428376355905,0.737610799398833
140210,NA,NA,0.566372064101763,-0.699048636677441,-1.42955502039095,NA,NA,-1.93613438813508,4,0.25,-0.874591495275426,"-1.07854800700888",-0.0790428376355905,0.737610799398833
140211,-0.308866509766717,NA,0.69588426403756,1.3642630414526,0.380964785241092,1.1975553281777,1.4954916645847,1.64303165576722,7,0.142857142857143,0.924046318499166,"1.35991658060361",-0.0790428376355905,0.737610799398833
140213,-0.995744808900447,1.26745674485662,0.631128164069661,-0.148832189176097,0.0912816163399657,-0.330439759363904,0.547338062703264,0.748240144791648,8,0.125,0.226303496915089,"0.413966735302063",-0.0790428376355905,0.737610799398833
140217,0.120432427191864,NA,0.113079364326474,0.172127405199687,-0.415663929237006,-0.506746884849472,NA,-0.146551366183927,6,0.166666666666667,-0.110553830592063,"-0.0427203519554687",-0.0790428376355905,0.737610799398833
140223,1.40832923806761,1.0282884678421,1.99100626339553,1.13500618832704,0.960331123043346,1.90278383011999,1.2749607175836,2.17990656235257,8,0.125,1.48507654884147,"2.12052126643462",-0.0790428376355905,0.737610799398833
140224,0.0345726398001479,NA,0.760640364005458,0.584789740825695,1.03275191526863,0.492326826235425,NA,0.927198446986763,6,0.166666666666667,0.638713322187019,"0.973082498802342",-0.0790428376355905,0.737610799398833
140228,0.20629221458358,0.90870432933484,0.372103764198067,0.630641111450807,-0.0535599681105977,-2.15228005604813,0.00572096194714168,0.390323540401418,8,0.125,0.0384932372196412,"0.159347009223598",-0.0790428376355905,0.737610799398833
140231,0.292152001975297,0.0716153597840098,0.501615964133864,0.768195223326143,0.163702408565247,0.0221744916072371,-0.531148897288409,-0.504467970574157,8,0.125,0.097979822691154,"0.239994669914027",-0.0790428376355905,0.737610799398833
140233,0.0345726398001479,-0.526305332752297,-0.793506035224105,-0.240534930426321,-0.741557494250773,-0.212901675706857,-2.80162504635451,0.569281842596533,8,0.125,-0.589072004039773,"-0.69146108872032",-0.0790428376355905,0.737610799398833
140239,0.292152001975297,-0.645889471259559,-0.14594503554512,0.584789740825695,0.525806369691656,-1.74089676324846,-0.825909438974808,0.569281842596533,8,0.125,-0.173326344242346,"-0.127822839204088",-0.0790428376355905,0.737610799398833
140242,0.89317051371731,1.26745674485662,0.631128164069661,1.04330344707681,0.489595973579015,1.49140053732032,0.819225531608729,1.64303165576722,8,0.125,1.03478907099946,"1.51005368894117",-0.0790428376355905,0.737610799398833
140251,0.807310726325593,NA,0.113079364326474,1.13500618832704,-0.270822344786443,0.433557784406901,NA,-1.75717608593996,6,0.166666666666667,0.0768259387766005,"0.211315746107876",-0.0790428376355905,0.737610799398833
140252,0.20629221458358,-0.526305332752297,1.66722576355604,0.814046593951255,0.308543993015811,0.551095868063948,0.532664770730588,0.748240144791648,8,0.125,0.537725501992571,"0.83617043043681",-0.0790428376355905,0.737610799398833
140258,0.378011789367012,0.90870432933484,0.69588426403756,0.997452076451703,0.779279142480142,0.374788742578378,-0.127201800628862,0.569281842596533,8,0.125,0.572025048277163,"0.882671303678561",-0.0790428376355905,0.737610799398833
140275,-0.995744808900447,NA,-0.275457235480917,-0.194683559801209,-0.0173495719979558,0.198481617092807,NA,0.0324069360111874,6,0.166666666666667,-0.208724437179422,"-0.175813043477027",-0.0790428376355905,0.737610799398833
140276,1.32246945067589,0.90870432933484,0.631128164069661,1.13500618832704,0.489595973579015,0.0221744916072371,-0.190210642629176,-0.862384574964387,8,0.125,0.432060422500015,"0.692917268228942",-0.0790428376355905,0.737610799398833
140280,0.89317051371731,0.310783636798532,-1.37631093493519,-0.790751377927665,-0.850188682588695,-0.330439759363904,-0.131085907327512,1.10615674918188,8,0.125,-0.146083220305656,"-0.0908885590133773",-0.0790428376355905,0.737610799398833
140281,1.58004881285104,0.549951913813056,0.954908663909153,2.87735827208129,2.37253657143634,1.55016957914885,1.16447946037757,3.43261467771837,8,0.125,1.81025849391696,"2.56137970470655",-0.0790428376355905,0.737610799398833
140286,0.721450938933877,NA,1.01966476387705,1.77692537707861,1.28622468805711,1.49140053732032,0.360469373757128,2.00094826015745,7,0.142857142857143,1.23672627702594,"1.78382571911081",-0.0790428376355905,0.737610799398833
140288,0.807310726325593,-0.287137055737774,1.40820136368444,1.08915481770193,0.380964785241092,1.60893862097737,-0.73225931079626,1.28511505137699,8,0.125,0.695036124846673,"1.04944092889252",-0.0790428376355905,0.737610799398833
140289,0.807310726325593,NA,-1.18204263503149,-0.240534930426321,-1.50197581261623,-0.0365945502212864,NA,-2.11509269033019,6,0.166666666666667,-0.711488315383322,"-0.857424373752643",-0.0790428376355905,0.737610799398833
140290,0.292152001975297,NA,1.08442086384495,1.68522263582838,1.32243508416975,0.433557784406901,0.0937607137831975,0.569281842596533,7,0.142857142857143,0.782975846657859,"1.16866331810219",-0.0790428376355905,0.737610799398833
140291,-0.394726297158433,0.669536052320317,1.40820136368444,1.27256030020237,1.06896231138127,1.60893862097737,-0.00161568403919569,2.00094826015745,8,0.125,0.954100615940699,"1.40066204889939",-0.0790428376355905,0.737610799398833
140292,-0.308866509766717,NA,1.14917696381285,0.493086999575471,-0.524295117574929,-0.154132633878333,NA,0.0324069360111874,6,0.166666666666667,0.114562773029921,"0.262476648692378",-0.0790428376355905,0.737610799398833
140294,NA,NA,NA,NA,0.924120726930704,NA,NA,0.0324069360111874,2,0.5,0.478263831470946,"0.755556547654606",-0.0790428376355905,0.737610799398833
140300,NA,NA,NA,NA,NA,NA,NA,0.211365238206305,1,1,0.211365238206305,"0.393714511878871",-0.0790428376355905,0.737610799398833
140304,-1.51090353325075,NA,-0.728749935256206,1.3642630414526,0.706858350254859,1.13878628634918,NA,-0.146551366183927,6,0.166666666666667,0.137283807227627,"0.293280202838038",-0.0790428376355905,0.737610799398833
140308,NA,NA,NA,NA,NA,NA,NA,0.390323540401418,1,1,0.390323540401418,"0.636333386685161",-0.0790428376355905,0.737610799398833
141300,NA,NA,NA,NA,-0.560505513687569,NA,NA,-1.0413428771595,2,0.5,-0.800924195423535,"-0.978675147349106",-0.0790428376355905,0.737610799398833
141301,NA,NA,NA,NA,0.308543993015811,NA,NA,NA,1,1,0.308543993015811,"0.525462521654092",-0.0790428376355905,0.737610799398833
141302,NA,NA,NA,NA,NA,NA,NA,0.211365238206305,1,1,0.211365238206305,"0.393714511878871",-0.0790428376355905,0.737610799398833
141303,NA,NA,NA,NA,NA,NA,NA,NA,0,NA,NA,"NaN",-0.0790428376355905,0.737610799398833
141304,NA,NA,NA,NA,NA,NA,NA,NA,0,NA,NA,"NaN",-0.0790428376355905,0.737610799398833
141305,NA,NA,0.631128164069661,-1.47852193730435,-1.10366145537718,NA,NA,-1.57821778374485,4,0.25,-0.882318253089178,"-1.0890233929713",-0.0790428376355905,0.737610799398833
141306,NA,NA,NA,NA,NA,NA,NA,0.211365238206305,1,1,0.211365238206305,"0.393714511878871",-0.0790428376355905,0.737610799398833
141307,NA,NA,NA,NA,0.562016765804296,NA,NA,-0.683426272769272,2,0.5,-0.060704753482488,"0.0248614637530366",-0.0790428376355905,0.737610799398833
141308,NA,NA,NA,NA,NA,NA,NA,NA,0,NA,NA,"NaN",-0.0790428376355905,0.737610799398833
141309,NA,NA,NA,NA,0.27233359690317,NA,NA,0.569281842596533,2,0.5,0.420807719749851,"0.677661658143874",-0.0790428376355905,0.737610799398833
141310,NA,NA,0.436859864165966,-1.7077787904299,-1.24850303982774,NA,NA,-0.683426272769272,4,0.25,-0.800712059715239,"-0.978387548918511",-0.0790428376355905,0.737610799398833
141311,NA,NA,-1.1172865350636,-1.47852193730435,-1.32092383205303,NA,NA,-1.0413428771595,4,0.25,-1.23951879539512,"-1.5732903567916",-0.0790428376355905,0.737610799398833
141312,NA,NA,NA,NA,0.308543993015811,NA,NA,-0.862384574964387,2,0.5,-0.276920290974288,"-0.268268107652398",-0.0790428376355905,0.737610799398833
141313,NA,NA,NA,NA,NA,NA,NA,-2.29405099252531,1,1,-2.29405099252531,"-3.00294973540923",-0.0790428376355905,0.737610799398833
141315,NA,NA,-0.14594503554512,-2.34969797918147,-0.777767890363414,NA,NA,-1.0413428771595,4,0.25,-1.07868844556238,"-1.35524806407596",-0.0790428376355905,0.737610799398833
141316,NA,NA,NA,NA,0.598227161916937,NA,NA,-0.325509668379042,2,0.5,0.136358746768948,"0.292026071988229",-0.0790428376355905,0.737610799398833
141317,NA,NA,0.825396463973357,-0.148832189176097,0.996541519155986,NA,NA,0.390323540401418,4,0.25,0.515857333588666,"0.806523130774538",-0.0790428376355905,0.737610799398833
141318,NA,NA,NA,-0.561494524802105,0.127492012452607,NA,NA,0.211365238206305,3,0.333333333333333,-0.0742124247143978,"0.00654872857763139",-0.0790428376355905,0.737610799398833
141319,NA,NA,NA,NA,-0.19840155256116,NA,NA,-1.0413428771595,2,0.5,-0.619872214860331,"-0.733217813060122",-0.0790428376355905,0.737610799398833
141320,NA,NA,-2.67143293429316,NA,0.127492012452607,NA,NA,-1.22030117935462,3,0.333333333333333,-1.25474736706506,"-1.59393616577698",-0.0790428376355905,0.737610799398833
141321,NA,NA,NA,NA,0.344754389128452,NA,NA,-1.75717608593996,2,0.5,-0.706210848405755,"-0.850269561239231",-0.0790428376355905,0.737610799398833
141322,NA,NA,1.01966476387705,0.584789740825695,0.0550712202273249,NA,NA,1.10615674918188,4,0.25,0.691420618527988,"1.04453928384932",-0.0790428376355905,0.737610799398833
141323,NA,NA,-0.728749935256206,NA,1.14138310360655,NA,NA,-0.504467970574157,3,0.333333333333333,-0.0306116007412713,"0.0656596092868916",-0.0790428376355905,0.737610799398833
141324,NA,NA,0.69588426403756,-0.332237671676545,-2.73312928044602,NA,NA,-3.367800805696,4,0.25,-1.43432087344525,"-1.83738909044477",-0.0790428376355905,0.737610799398833
141325,NA,NA,NA,-0.240534930426321,0.924120726930704,NA,NA,-0.504467970574157,3,0.333333333333333,0.0597059419767422,"0.188105678123769",-0.0790428376355905,0.737610799398833
141326,NA,NA,0.307347664230169,-0.194683559801209,-1.2122926437151,NA,NA,0.0324069360111874,4,0.25,-0.266805400818739,"-0.254555062556268",-0.0790428376355905,0.737610799398833
141327,NA,NA,-3.77228663374743,NA,-4.10912433272637,NA,NA,-2.47300929472042,3,0.333333333333333,-3.45147342039807,"-4.57210033463593",-0.0790428376355905,0.737610799398833
141328,NA,NA,-0.793506035224105,NA,-1.28471343594039,NA,NA,-2.47300929472042,3,0.333333333333333,-1.51707625529497,"-1.94958292209307",-0.0790428376355905,0.737610799398833
141329,NA,NA,NA,NA,NA,NA,NA,NA,0,NA,NA,"NaN",-0.0790428376355905,0.737610799398833
141330,NA,NA,NA,NA,NA,NA,NA,-0.146551366183927,1,1,-0.146551366183927,"-0.0915232377337164",-0.0790428376355905,0.737610799398833
141331,NA,NA,NA,NA,0.163702408565247,NA,NA,-0.862384574964387,2,0.5,-0.34934108319957,"-0.366451041367992",-0.0790428376355905,0.737610799398833
141332,NA,NA,NA,NA,-0.669136702025491,NA,NA,0.0324069360111874,2,0.5,-0.318364883007152,"-0.324455723216923",-0.0790428376355905,0.737610799398833
141333,NA,NA,NA,NA,0.018860824114684,NA,NA,0.390323540401418,2,0.5,0.204592182258051,"0.384532086738439",-0.0790428376355905,0.737610799398833
141334,NA,NA,NA,NA,NA,NA,NA,-0.683426272769272,1,1,-0.683426272769272,"-0.819379862152595",-0.0790428376355905,0.737610799398833
141335,NA,NA,NA,NA,NA,NA,NA,0.211365238206305,1,1,0.211365238206305,"0.393714511878871",-0.0790428376355905,0.737610799398833
141336,NA,NA,0.177835464294372,-1.20341371355367,-0.125980760335879,0.257250658921331,NA,-0.325509668379042,5,0.2,-0.243963603810578,"-0.223587786823893",-0.0790428376355905,0.737610799398833
141337,NA,NA,-0.923018235159901,-0.423940412926769,-0.307032740899083,NA,NA,-1.22030117935462,4,0.25,-0.718573142085092,"-0.867029475396417",-0.0790428376355905,0.737610799398833
141338,NA,NA,NA,NA,-2.04513175430584,NA,NA,-2.47300929472042,2,0.5,-2.25907052451313,"-2.95552571715911",-0.0790428376355905,0.737610799398833
141339,NA,NA,-1.1172865350636,-0.974156860428112,-2.62449809210809,NA,NA,-1.39925948154973,4,0.25,-1.52880024228738,"-1.96547746566804",-0.0790428376355905,0.737610799398833
141340,NA,NA,-0.340213335448815,NA,-1.24850303982774,NA,NA,-1.0413428771595,3,0.333333333333333,-0.876686417478687,"-1.08138815279439",-0.0790428376355905,0.737610799398833
141341,NA,NA,-0.404969435416714,NA,-0.0897703642232385,NA,NA,0.211365238206305,3,0.333333333333333,-0.0944581871445492,"-0.0208990290292963",-0.0790428376355905,0.737610799398833
141342,NA,NA,NA,NA,-1.71923818929207,NA,NA,-1.57821778374485,2,0.5,-1.64872798651846,"-2.12806692928329",-0.0790428376355905,0.737610799398833
141343,NA,NA,0.372103764198067,-0.515643154176993,0.308543993015811,NA,NA,-0.146551366183927,4,0.25,0.0046133092132396,"0.113415024450579",-0.0790428376355905,0.737610799398833
141344,NA,NA,NA,NA,-0.560505513687569,NA,NA,-0.325509668379042,2,0.5,-0.443007591033305,"-0.49343739773652",-0.0790428376355905,0.737610799398833
141345,NA,NA,0.307347664230169,NA,0.199912804677888,NA,NA,-0.862384574964387,3,0.333333333333333,-0.118374702018777,"-0.053323330427432",-0.0790428376355905,0.737610799398833
141346,NA,NA,NA,NA,-1.17608224760246,NA,NA,-2.11509269033019,2,0.5,-1.64558746896633,"-2.12380924005926",-0.0790428376355905,0.737610799398833
141347,NA,NA,NA,-0.194683559801209,0.127492012452607,NA,NA,0.927198446986763,3,0.333333333333333,0.286668966546054,"0.495805924316328",-0.0790428376355905,0.737610799398833
141348,NA,NA,NA,0.768195223326143,1.46727666862032,NA,NA,0.0324069360111874,3,0.333333333333333,0.755959609319216,"1.13203663454406",-0.0790428376355905,0.737610799398833
141349,NA,NA,NA,0.0345732933243508,-0.813978286476055,NA,NA,-0.683426272769272,3,0.333333333333333,-0.487610421973659,"-0.553906727872014",-0.0790428376355905,0.737610799398833
141350,NA,NA,-0.0164328356093239,0.263830146449911,-1.28471343594039,NA,NA,-0.683426272769272,4,0.25,-0.430185599467268,"-0.476054258042134",-0.0790428376355905,0.737610799398833
141351,NA,NA,NA,-0.0571294479258733,-0.125980760335879,NA,NA,-1.39925948154973,3,0.333333333333333,-0.527456563270495,"-0.607927278180268",-0.0790428376355905,0.737610799398833
141352,NA,NA,NA,NA,NA,NA,NA,NA,0,NA,NA,"NaN",-0.0790428376355905,0.737610799398833
141353,NA,NA,NA,NA,NA,NA,NA,-0.325509668379042,1,1,-0.325509668379042,"-0.334142112540009",-0.0790428376355905,0.737610799398833
141354,NA,NA,NA,NA,NA,NA,NA,-1.39925948154973,1,1,-1.39925948154973,"-1.78985536137777",-0.0790428376355905,0.737610799398833
141355,NA,NA,-1.50582313487099,-0.882454119177889,0.344754389128452,-2.26981813970518,NA,-0.325509668379042,5,0.2,-0.927770134600928,"-1.15064380518434",-0.0790428376355905,0.737610799398833
150001,NA,NA,0.501615964133864,0.263830146449911,-0.415663929237006,1.02124820269213,NA,-0.504467970574157,5,0.2,0.173312482692949,"0.342125305830954",-0.0790428376355905,0.737610799398833
150002,-1.16746438368388,NA,1.47295746365234,-0.332237671676545,0.0912816163399657,-0.0953635920498098,-0.861729534084576,0.211365238206305,7,0.142857142857143,-0.0973129804708856,"-0.0247693537705598",-0.0790428376355905,0.737610799398833
150005,0.0345726398001479,NA,-1.18204263503149,0.0345732933243508,0.634437558029578,0.257250658921331,NA,0.0324069360111874,6,0.166666666666667,-0.03146692482415,"0.0645000220308811",-0.0790428376355905,0.737610799398833
150006,-1.51090353325075,NA,-0.0164328356093239,-1.75363016105502,-0.958819870926618,-0.330439759363904,-0.74865887241278,-0.504467970574157,7,0.142857142857143,-0.831907571884649,"-1.02068019457234",-0.0790428376355905,0.737610799398833
150007,-1.08160459629216,NA,-2.21814023451787,-1.93703564355546,-0.379453533124364,-0.0365945502212864,NA,0.0324069360111874,6,0.166666666666667,-0.936736936949994,"-1.16280035489372",-0.0790428376355905,0.737610799398833
150008,NA,NA,0.24259156426227,-0.607345895427217,0.996541519155986,0.668633951720995,1.51189122620122,0.0324069360111874,6,0.166666666666667,0.474119883654073,"0.749938479399301",-0.0790428376355905,0.737610799398833
150009,-0.137146934983285,NA,0.631128164069661,-0.882454119177889,0.670647954142219,0.433557784406901,-0.485834319137498,0.0324069360111874,7,0.142857142857143,0.0374722093330424,"0.157962772594429",-0.0790428376355905,0.737610799398833
150010,NA,NA,0.177835464294372,-0.744900007302553,-0.488084721462287,0.374788742578378,NA,0.211365238206305,5,0.2,-0.093799056737157,"-0.0200054271352766",-0.0790428376355905,0.737610799398833
150011,-0.48058608455015,NA,-0.0164328356093239,0.401384258325247,-0.596715909800209,-1.79966580507699,NA,-0.862384574964387,6,0.166666666666667,-0.559066825279302,"-0.650782212021489",-0.0790428376355905,0.737610799398833
150012,-1.68262310803418,-1.36339430230313,1.34344526371654,-1.2951164548039,-1.35713422816567,0.316019700749854,-1.37486318571727,-0.862384574964387,8,0.125,-0.784506361190266,"-0.95641702118467",-0.0790428376355905,0.737610799398833
150015,0.20629221458358,NA,0.307347664230169,-0.469791783551881,-0.669136702025491,0.609864909892471,0.684144931977918,-0.325509668379042,7,0.142857142857143,0.0490302238182464,"0.173632302507256",-0.0790428376355905,0.737610799398833
150017,-1.2533241710756,0.430367775305794,-0.923018235159901,0.172127405199687,-0.99503026703926,-1.09443730313471,-1.51684886392346,-0.146551366183927,8,0.125,-0.665839378251421,"-0.79553680761464",-0.0790428376355905,0.737610799398833
150018,-0.566445871941866,1.26745674485662,1.40820136368444,0.814046593951255,0.562016765804296,-0.624284968506521,-0.0810240876560297,0.569281842596533,8,0.125,0.418656047848592,"0.674744575174084",-0.0790428376355905,0.737610799398833
150021,-0.566445871941866,0.430367775305794,0.0483232643585746,-1.98288701418058,0.163702408565247,-0.683054010335044,-0.721901692933194,-0.146551366183927,8,0.125,-0.432305813418124,"-0.478928692571271",-0.0790428376355905,0.737610799398833
150022,NA,NA,0.631128164069661,1.08915481770193,0.489595973579015,0.0221744916072371,NA,-0.325509668379042,5,0.2,0.38130875571576,"0.62411178595344",-0.0790428376355905,0.737610799398833
150023,0.979030301109026,0.430367775305794,-1.44106703490309,-0.423940412926769,-0.63292630591285,0.139712575264284,-0.692555108987842,-0.862384574964387,8,0.125,-0.312970348251979,"-0.317142198578226",-0.0790428376355905,0.737610799398833
150024,-0.0512871475915684,NA,0.825396463973357,1.08915481770193,0.417175181353733,0.492326826235425,-0.136264716259045,0.748240144791648,7,0.142857142857143,0.483534510029354,"0.762702156914535",-0.0790428376355905,0.737610799398833
150026,-0.137146934983285,NA,-1.70009143477468,-1.79948153168013,-0.741557494250773,-0.506746884849472,NA,-2.47300929472042,6,0.166666666666667,-1.22633892920979,"-1.555422036268",-0.0790428376355905,0.737610799398833
150030,NA,NA,0.113079364326474,-0.469791783551881,-1.71923818929207,-2.3285871815337,NA,-1.22030117935462,5,0.2,-1.12496779388116,"-1.41799029664156",-0.0790428376355905,0.737610799398833
150034,-1.59676332064246,-0.645889471259559,1.08442086384495,-1.11171097230345,-1.46576541650359,0.316019700749854,-0.554453537480305,0.569281842596533,8,0.125,-0.425607538874753,"-0.469847650714469",-0.0790428376355905,0.737610799398833
150035,-0.48058608455015,-0.406721194245036,-0.404969435416714,-0.378089042301657,-1.24850303982774,0.198481617092807,0.707881139580776,-1.0413428771595,8,0.125,-0.381731114603402,"-0.410363130819815",-0.0790428376355905,0.737610799398833
150037,-0.909885021508731,NA,-0.793506035224105,0.997452076451703,-0.99503026703926,0.551095868063948,NA,-2.11509269033019,6,0.166666666666667,-0.544161011597773,"-0.630573975247193",-0.0790428376355905,0.737610799398833
150042,-0.137146934983285,NA,-0.0811889355772215,-0.790751377927665,-0.705347098138132,0.257250658921331,0.354427430003674,-2.29405099252531,7,0.142857142857143,-0.485258178603801,"-0.550717724441241",-0.0790428376355905,0.737610799398833
150044,0.89317051371731,0.430367775305794,0.372103764198067,-0.378089042301657,-0.451874325349647,-0.0365945502212864,-0.893665522495693,-1.22030117935462,8,0.125,-0.160610320812716,"-0.110583363534814",-0.0790428376355905,0.737610799398833
150045,NA,NA,NA,-0.0571294479258733,-0.234611948673802,NA,NA,0.390323540401418,3,0.333333333333333,0.0328607146005808,"0.151710837649577",-0.0790428376355905,0.737610799398833
150046,0.378011789367012,0.191199498291271,-0.210701135513018,-0.423940412926769,0.308543993015811,-0.154132633878333,-0.391321056137027,-0.325509668379042,8,0.125,-0.078481203270012,"0.000761423729202799",-0.0790428376355905,0.737610799398833
150047,NA,NA,NA,-0.378089042301657,0.489595973579015,NA,NA,0.748240144791648,3,0.333333333333333,0.286582358689669,"0.495688507575066",-0.0790428376355905,0.737610799398833
150048,-0.566445871941866,0.549951913813056,-0.14594503554512,-1.43267056667923,-0.16219115644852,-0.800592093992089,-0.161727193505747,-1.57821778374485,8,0.125,-0.537229723505546,"-0.621177030275839",-0.0790428376355905,0.737610799398833
150051,-0.995744808900447,-0.645889471259559,0.372103764198067,-0.974156860428112,0.127492012452607,0.374788742578378,0.483466085881029,0.569281842596533,8,0.125,-0.0860823366101882,"-0.00954364955113862",-0.0790428376355905,0.737610799398833
150056,0.20629221458358,0.0716153597840098,0.954908663909153,0.355532887700135,0.598227161916937,0.139712575264284,0.161085229893122,1.28511505137699,8,0.125,0.471561143053527,"0.746469521782856",-0.0790428376355905,0.737610799398833
150057,NA,NA,0.954908663909153,0.355532887700135,0.27233359690317,NA,NA,0.927198446986763,4,0.25,0.627493398874805,"0.957871328736288",-0.0790428376355905,0.737610799398833
150058,0.120432427191864,0.789120190827578,-1.95911583464628,-1.47852193730435,-0.741557494250773,-1.3295134704488,-1.20180465392189,-0.683426272769272,8,0.125,-0.810548380665239,"-0.991722929796905",-0.0790428376355905,0.737610799398833
150059,0.807310726325593,NA,1.27868916374865,-1.02000823105323,0.236123200790529,-0.0953635920498098,NA,0.748240144791648,6,0.166666666666667,0.32583190209223,"0.548900233100981",-0.0790428376355905,0.737610799398833
150061,NA,NA,NA,-0.790751377927665,-0.705347098138132,NA,NA,-2.11509269033019,3,0.333333333333333,-1.20373038879866,"-1.52477099315752",-0.0790428376355905,0.737610799398833
150065,NA,NA,0.24259156426227,-3.08331990918326,-0.63292630591285,1.66770766280589,NA,0.390323540401418,5,0.2,-0.283124689525307,"-0.276679587739289",-0.0790428376355905,0.737610799398833
150069,NA,NA,0.372103764198067,-1.79948153168013,-1.35713422816567,0.844941077206565,NA,-1.75717608593996,5,0.2,-0.739349400876225,"-0.895196442051549",-0.0790428376355905,0.737610799398833
150072,NA,NA,0.24259156426227,0.355532887700135,-1.0312406631519,NA,NA,-0.683426272769272,4,0.25,-0.279135620989692,"-0.271271493743286",-0.0790428376355905,0.737610799398833
150074,-0.909885021508731,0.430367775305794,-0.404969435416714,-1.89118427293035,0.851699934705422,-4.0916584363894,-0.33521729271209,0.390323540401418,8,0.125,-0.745065401068082,"-0.902945786552084",-0.0790428376355905,0.737610799398833
150075,NA,NA,-0.0811889355772215,NA,-0.958819870926618,NA,NA,-0.683426272769272,3,0.333333333333333,-0.574478359757704,"-0.671676068905041",-0.0790428376355905,0.737610799398833
150076,NA,NA,0.24259156426227,-0.286386301051433,-0.560505513687569,NA,NA,0.748240144791648,4,0.25,0.0359849735787292,"0.155946484661111",-0.0790428376355905,0.737610799398833
150082,-1.51090353325075,-1.48297844081039,-0.404969435416714,0.126276034574575,-0.343243137011723,-1.85843484690551,-0.233367383725282,0.927198446986763,8,0.125,-0.597552786944878,"-0.702958728006536",-0.0790428376355905,0.737610799398833
150084,0.721450938933877,0.669536052320317,-1.70009143477468,-0.423940412926769,-0.415663929237006,-1.50582059593437,-0.520359712014383,0.748240144791648,8,0.125,-0.303331118605171,"-0.304074020001307",-0.0790428376355905,0.737610799398833
150086,0.721450938933877,NA,0.954908663909153,0.538938370200583,2.11906379864785,-0.330439759363904,NA,1.28511505137699,6,0.166666666666667,0.881506177284092,"1.30224369776385",-0.0790428376355905,0.737610799398833
150088,NA,NA,-0.0811889355772215,-0.102980818550985,-0.234611948673802,0.0221744916072371,NA,-1.0413428771595,5,0.2,-0.287590017670855,"-0.282733360473076",-0.0790428376355905,0.737610799398833
150089,0.20629221458358,-1.84173085633217,1.60246966358814,-0.332237671676545,0.851699934705422,0.257250658921331,1.12909093267876,0.569281842596533,8,0.125,0.305264589883131,"0.521016541287003",-0.0790428376355905,0.737610799398833
150090,0.0345726398001479,NA,-1.18204263503149,0.676492482075919,0.562016765804296,-0.918130177649138,0.858066598595222,0.390323540401418,7,0.142857142857143,0.0601856019994814,"0.188755966898188",-0.0790428376355905,0.737610799398833
150091,NA,NA,0.0483232643585746,0.997452076451703,-0.125980760335879,NA,NA,0.211365238206305,4,0.25,0.282789954670176,"0.490547037273135",-0.0790428376355905,0.737610799398833
150097,NA,NA,0.566372064101763,0.447235628950359,0.525806369691656,0.492326826235425,NA,1.46407335357211,5,0.2,0.699162848510262,"1.05503564587192",-0.0790428376355905,0.737610799398833
150100,-1.08160459629216,-1.60256257931765,-0.469725535384612,-1.24926508417879,-0.813978286476055,0.962479160863611,-0.334785725301129,-0.146551366183927,8,0.125,-0.591999251533839,"-0.695429641643422",-0.0790428376355905,0.737610799398833
150101,NA,NA,0.825396463973357,-0.469791783551881,-0.234611948673802,-0.565515926677996,NA,0.390323540401418,5,0.2,-0.0108399309057809,"0.0924646260404488",-0.0790428376355905,0.737610799398833
150102,NA,NA,0.825396463973357,-0.194683559801209,1.35864548028239,NA,NA,-1.0413428771595,4,0.25,0.23700387682376,"0.428473545556728",-0.0790428376355905,0.737610799398833
150104,0.120432427191864,NA,-0.0164328356093239,-1.11171097230345,-0.19840155256116,0.139712575264284,NA,-0.683426272769272,6,0.166666666666667,-0.291637771797843,"-0.288221016199222",-0.0790428376355905,0.737610799398833
150109,-1.68262310803418,0.669536052320317,-0.793506035224105,0.676492482075919,-1.57439660484151,-1.27074442862028,-1.27344484414142,1.28511505137699,8,0.125,-0.495446429386033,"-0.564530226631469",-0.0790428376355905,0.737610799398833
150112,0.463871576758728,-3.15715637991205,1.79673796349183,-0.286386301051433,0.0912816163399657,0.433557784406901,1.31121238010433,-0.146551366183927,8,0.125,0.0633209092442936,"0.193006592359973",-0.0790428376355905,0.737610799398833
150113,-1.33918395846731,NA,0.307347664230169,-0.653197266052329,-0.343243137011723,-1.79966580507699,NA,-0.683426272769272,6,0.166666666666667,-0.751894795857909,"-0.912204591867019",-0.0790428376355905,0.737610799398833
150115,-0.0512871475915684,NA,-1.31155483496729,-1.93703564355546,-1.24850303982774,-0.741823052163566,NA,-0.862384574964387,6,0.166666666666667,-1.02543138217834,"-1.2830459441674",-0.0790428376355905,0.737610799398833
150125,-0.394726297158433,0.0716153597840098,-0.534481635352511,0.172127405199687,-0.234611948673802,1.96155287194851,0.0575090512624689,0.927198446986763,8,0.125,0.253272906749586,"0.450529933477141",-0.0790428376355905,0.737610799398833
150126,0.463871576758728,-0.765473609766821,0.0483232643585746,-0.423940412926769,-0.741557494250773,-1.56458963776289,-0.839288028714601,-0.325509668379042,8,0.125,-0.518520501335449,"-0.595812404127003",-0.0790428376355905,0.737610799398833
150128,-0.223006722375001,NA,0.24259156426227,0.126276034574575,-0.886399078701336,-1.91720388873403,-1.45513472415602,0.211365238206305,7,0.142857142857143,-0.557358796703321,"-0.648466588962047",-0.0790428376355905,0.737610799398833
150133,-0.137146934983285,NA,0.372103764198067,0.0345732933243508,0.236123200790529,-1.79966580507699,NA,0.0324069360111874,6,0.166666666666667,-0.210267590956023,"-0.177905141068139",-0.0790428376355905,0.737610799398833
150146,NA,NA,-0.210701135513018,0.263830146449911,-0.125980760335879,-0.0365945502212864,NA,0.0324069360111874,5,0.2,-0.0154078727218172,"0.0862717370266773",-0.0790428376355905,0.737610799398833
150149,NA,NA,NA,NA,NA,NA,NA,NA,0,NA,NA,"NaN",-0.0790428376355905,0.737610799398833
150150,NA,NA,0.113079364326474,0.309681517075023,1.06896231138127,NA,NA,0.211365238206305,4,0.25,0.425772107747267,"0.684392020553782",-0.0790428376355905,0.737610799398833
150153,1.75176838763447,0.669536052320317,NA,1.45596578270282,NA,NA,-1.77665244532201,1.10615674918188,5,0.2,0.641354905303496,"0.976663768380594",-0.0790428376355905,0.737610799398833
150157,NA,NA,0.177835464294372,0.172127405199687,-0.415663929237006,0.492326826235425,NA,0.748240144791648,5,0.2,0.234973182256825,"0.425720475009781",-0.0790428376355905,0.737610799398833
150158,-0.394726297158433,NA,0.825396463973357,1.18085755895215,0.598227161916937,0.962479160863611,0.956463968294343,1.28511505137699,7,0.142857142857143,0.773401866888422,"1.15568360064518",-0.0790428376355905,0.737610799398833
150160,NA,NA,NA,NA,NA,NA,NA,0.748240144791648,1,1,0.748240144791648,"1.12157113629775",-0.0790428376355905,0.737610799398833
150161,0.549731364150444,NA,-0.0164328356093239,1.18085755895215,0.163702408565247,1.13878628634918,0.388521255469596,0.569281842596533,7,0.142857142857143,0.567778268639119,"0.876913823390168",-0.0790428376355905,0.737610799398833
150162,0.549731364150444,-0.406721194245036,0.501615964133864,0.584789740825695,-0.125980760335879,0.668633951720995,-0.635156643330023,1.10615674918188,8,0.125,0.280383646512742,"0.487284736667728",-0.0790428376355905,0.737610799398833
150165,-0.48058608455015,NA,0.113079364326474,0.768195223326143,-0.488084721462287,0.727402993549518,NA,0.211365238206305,6,0.166666666666667,0.141895335566001,"0.299532183343384",-0.0790428376355905,0.737610799398833
150166,NA,NA,NA,NA,NA,NA,NA,0.390323540401418,1,1,0.390323540401418,"0.636333386685161",-0.0790428376355905,0.737610799398833
150167,NA,NA,NA,NA,NA,NA,NA,0.211365238206305,1,1,0.211365238206305,"0.393714511878871",-0.0790428376355905,0.737610799398833
150168,NA,NA,NA,NA,NA,NA,NA,0.390323540401418,1,1,0.390323540401418,"0.636333386685161",-0.0790428376355905,0.737610799398833
150169,NA,NA,-0.599237735320409,-0.882454119177889,-0.63292630591285,-1.27074442862028,-1.12973289629139,0.211365238206305,6,0.166666666666667,-0.717288374519419,"-0.865287679361542",-0.0790428376355905,0.737610799398833
150172,NA,NA,NA,NA,NA,NA,NA,0.211365238206305,1,1,0.211365238206305,"0.393714511878871",-0.0790428376355905,0.737610799398833
150173,0.0345726398001479,0.669536052320317,0.436859864165966,-0.561494524802105,0.163702408565247,1.1975553281777,0.458866743456248,0.748240144791648,8,0.125,0.393479832059397,"0.640612461314425",-0.0790428376355905,0.737610799398833
150177,NA,NA,NA,NA,NA,NA,NA,0.211365238206305,1,1,0.211365238206305,"0.393714511878871",-0.0790428376355905,0.737610799398833
150179,NA,NA,NA,NA,NA,NA,NA,NA,0,NA,NA,"NaN",-0.0790428376355905,0.737610799398833
150181,NA,NA,NA,-0.0571294479258733,-0.125980760335879,NA,NA,-0.504467970574157,3,0.333333333333333,-0.229192726278636,"-0.203562486836447",-0.0790428376355905,0.737610799398833
150183,NA,NA,0.113079364326474,0.859897964576367,0.308543993015811,NA,NA,0.0324069360111874,4,0.25,0.32848206448246,"0.55249313384537",-0.0790428376355905,0.737610799398833
150193,NA,NA,NA,NA,NA,NA,NA,0.390323540401418,1,1,0.390323540401418,"0.636333386685161",-0.0790428376355905,0.737610799398833
150195,NA,NA,NA,NA,NA,NA,NA,NA,0,NA,NA,"NaN",-0.0790428376355905,0.737610799398833
151300,NA,NA,NA,NA,NA,NA,NA,-0.683426272769272,1,1,-0.683426272769272,"-0.819379862152595",-0.0790428376355905,0.737610799398833
151301,NA,NA,NA,NA,NA,NA,NA,-0.325509668379042,1,1,-0.325509668379042,"-0.334142112540009",-0.0790428376355905,0.737610799398833
151303,NA,NA,NA,NA,-0.99503026703926,NA,NA,NA,1,1,-0.99503026703926,"-1.24183028522659",-0.0790428376355905,0.737610799398833
151304,NA,NA,NA,NA,-1.0312406631519,NA,NA,-1.0413428771595,2,0.5,-1.0362917701557,"-1.29776968192479",-0.0790428376355905,0.737610799398833
151305,NA,NA,NA,NA,0.453385577466374,NA,NA,-0.504467970574157,2,0.5,-0.0255411965538913,"0.0725337008694885",-0.0790428376355905,0.737610799398833
151306,NA,NA,NA,NA,0.417175181353733,NA,NA,1.10615674918188,2,0.5,0.761665965267806,"1.13977290406891",-0.0790428376355905,0.737610799398833
151307,NA,NA,-1.0525304350957,-1.38681919605412,-1.28471343594039,NA,NA,-0.683426272769272,4,0.25,-1.10187233496487,"-1.386679124225",-0.0790428376355905,0.737610799398833
151308,NA,NA,NA,NA,NA,NA,NA,NA,0,NA,NA,"NaN",-0.0790428376355905,0.737610799398833
151309,NA,NA,NA,NA,NA,NA,NA,-0.325509668379042,1,1,-0.325509668379042,"-0.334142112540009",-0.0790428376355905,0.737610799398833
151310,NA,NA,NA,-0.744900007302553,-0.669136702025491,NA,NA,0.0324069360111874,3,0.333333333333333,-0.460543257772286,"-0.517211001313464",-0.0790428376355905,0.737610799398833
151311,NA,NA,NA,-0.790751377927665,0.27233359690317,NA,NA,-0.504467970574157,3,0.333333333333333,-0.340961917199551,"-0.355091167018473",-0.0790428376355905,0.737610799398833
151312,NA,NA,0.890152563941255,0.309681517075023,1.21380389583183,NA,NA,0.211365238206305,4,0.25,0.656250803763603,"0.996858562806391",-0.0790428376355905,0.737610799398833
151313,NA,NA,NA,NA,0.127492012452607,NA,NA,0.0324069360111874,2,0.5,0.079949474231897,"0.215550412218841",-0.0790428376355905,0.737610799398833
151314,NA,NA,NA,NA,NA,NA,NA,NA,0,NA,NA,"NaN",-0.0790428376355905,0.737610799398833
151315,NA,NA,NA,0.126276034574575,-0.307032740899083,NA,NA,0.211365238206305,3,0.333333333333333,0.0102028439605991,"0.12099291614077",-0.0790428376355905,0.737610799398833
151316,NA,NA,NA,NA,0.598227161916937,NA,NA,0.0324069360111874,2,0.5,0.315317048964062,"0.534644946794521",-0.0790428376355905,0.737610799398833
151317,NA,NA,0.501615964133864,-1.66192741980479,-1.10366145537718,-0.271670717535378,NA,-0.683426272769272,5,0.2,-0.643813980270552,"-0.765676347330138",-0.0790428376355905,0.737610799398833
151318,NA,NA,-0.469725535384612,-1.47852193730435,-0.524295117574929,NA,NA,-0.862384574964387,4,0.25,-0.833731791307068,"-1.02315334087647",-0.0790428376355905,0.737610799398833
151319,NA,NA,NA,NA,NA,NA,NA,NA,0,NA,NA,"NaN",-0.0790428376355905,0.737610799398833
151320,NA,NA,NA,0.401384258325247,0.996541519155986,NA,NA,0.0324069360111874,3,0.333333333333333,0.47677757116414,"0.753541582163296",-0.0790428376355905,0.737610799398833
151322,NA,NA,0.501615964133864,-0.102980818550985,-0.813978286476055,NA,NA,-1.75717608593996,4,0.25,-0.543129806708284,"-0.629175941364922",-0.0790428376355905,0.737610799398833
151323,NA,NA,NA,0.0804246639494628,-1.32092383205303,NA,NA,0.390323540401418,3,0.333333333333333,-0.283391875900715,"-0.277041819929525",-0.0790428376355905,0.737610799398833
151324,NA,NA,NA,NA,-0.270822344786443,NA,NA,0.569281842596533,2,0.5,0.149229748905045,"0.309475656710398",-0.0790428376355905,0.737610799398833
151325,NA,NA,NA,NA,NA,NA,NA,0.211365238206305,1,1,0.211365238206305,"0.393714511878871",-0.0790428376355905,0.737610799398833
151326,NA,NA,0.760640364005458,0.401384258325247,-1.28471343594039,NA,NA,-0.325509668379042,4,0.25,-0.11204962049718,"-0.0447482369950266",-0.0790428376355905,0.737610799398833
151327,NA,NA,NA,NA,0.489595973579015,NA,NA,0.0324069360111874,2,0.5,0.261001454795101,"0.461007746507825",-0.0790428376355905,0.737610799398833
151328,-0.137146934983285,NA,0.24259156426227,-0.0112780773007613,-0.379453533124364,0.374788742578378,NA,-0.862384574964387,6,0.166666666666667,-0.128813802255358,"-0.0674759163780303",-0.0790428376355905,0.737610799398833
151329,NA,NA,-1.37631093493519,-0.653197266052329,-0.415663929237006,NA,NA,-1.0413428771595,4,0.25,-0.871628751846007,"-1.07453133123375",-0.0790428376355905,0.737610799398833
151330,NA,NA,NA,-0.790751377927665,-1.39334462427831,NA,NA,-0.146551366183927,3,0.333333333333333,-0.776882456129967,"-0.946081075633828",-0.0790428376355905,0.737610799398833
151331,NA,NA,0.0483232643585746,-0.102980818550985,0.27233359690317,NA,NA,-0.504467970574157,4,0.25,-0.0716979819658492,"0.00995763033259205",-0.0790428376355905,0.737610799398833
151332,NA,NA,-0.14594503554512,-1.15756234292856,-0.99503026703926,NA,NA,-0.504467970574157,4,0.25,-0.700751404021774,"-0.842868036765308",-0.0790428376355905,0.737610799398833
151333,NA,NA,NA,0.355532887700135,-0.0173495719979558,NA,NA,0.211365238206305,3,0.333333333333333,0.183182851302828,"0.355506846093004",-0.0790428376355905,0.737610799398833
151334,NA,NA,0.566372064101763,NA,-0.343243137011723,NA,NA,-0.325509668379042,3,0.333333333333333,-0.0341269137630008,"0.0608937991542383",-0.0790428376355905,0.737610799398833
160001,NA,NA,0.177835464294372,-3.31257676230882,-0.886399078701336,NA,NA,-1.22030117935462,4,0.25,-1.3103603890176,"-1.66933232591708",-0.0790428376355905,0.737610799398833
160013,NA,NA,0.825396463973357,0.997452076451703,0.706858350254859,-0.389208801192427,NA,0.927198446986763,5,0.2,0.613539307294851,"0.93895336876156",-0.0790428376355905,0.737610799398833
160016,1.58004881285104,NA,-1.63533533480678,-1.47852193730435,-0.669136702025491,-0.0953635920498098,NA,0.211365238206305,6,0.166666666666667,-0.347823919188181,"-0.364394178842897",-0.0790428376355905,0.737610799398833
160028,-0.137146934983285,NA,NA,0.217978775824799,0.779279142480142,-0.212901675706857,NA,1.10615674918188,5,0.2,0.350673211359335,"0.582578304635931",-0.0790428376355905,0.737610799398833
160029,0.979030301109026,NA,-1.31155483496729,0.951600705826591,0.634437558029578,0.786172035378042,NA,-1.0413428771595,6,0.166666666666667,0.166390481369407,"0.332740951196797",-0.0790428376355905,0.737610799398833
160030,0.89317051371731,NA,0.113079364326474,-0.744900007302553,0.127492012452607,0.492326826235425,0.379889907250376,-0.325509668379042,7,0.142857142857143,0.133649849757228,"0.288353543042167",-0.0790428376355905,0.737610799398833
160032,NA,NA,NA,-0.378089042301657,0.0550712202273249,NA,NA,0.748240144791648,3,0.333333333333333,0.141740774239105,"0.299322640143879",-0.0790428376355905,0.737610799398833
160033,-0.308866509766717,0.669536052320317,0.177835464294372,-0.102980818550985,-0.0535599681105977,-1.44705155410585,-0.783615832700625,0.390323540401418,8,0.125,-0.182297453277333,"-0.139985227610411",-0.0790428376355905,0.737610799398833
160040,NA,NA,NA,NA,0.562016765804296,NA,NA,0.390323540401418,2,0.5,0.476170153102857,"0.752718088171915",-0.0790428376355905,0.737610799398833
160045,0.89317051371731,0.90870432933484,0.24259156426227,0.814046593951255,0.489595973579015,-0.624284968506521,-0.0620351215737434,1.28511505137699,8,0.125,0.493362992017677,"0.776026910288989",-0.0790428376355905,0.737610799398833
160047,1.23660966328417,NA,0.24259156426227,-1.02000823105323,0.453385577466374,-0.565515926677996,0.78728954319761,0.0324069360111874,7,0.142857142857143,0.166679875212914,"0.333133290684969",-0.0790428376355905,0.737610799398833
160057,-0.0512871475915684,NA,1.14917696381285,-1.15756234292856,0.0550712202273249,-0.741823052163566,-0.731827743385298,0.390323540401418,7,0.142857142857143,-0.155418365946772,"-0.103544482230234",-0.0790428376355905,0.737610799398833
160058,0.20629221458358,0.90870432933484,-1.63533533480678,0.0345732933243508,-0.270822344786443,-0.212901675706857,-1.92209066281588,1.10615674918188,8,0.125,-0.223177928961415,"-0.195408054550309",-0.0790428376355905,0.737610799398833
160064,-1.76848289542589,-1.00464188678134,-2.54192073435736,-1.43267056667923,0.308543993015811,-0.0365945502212864,-0.778437023769092,-1.0413428771595,8,0.125,-1.03694331767224,"-1.29865300347738",-0.0790428376355905,0.737610799398833
160067,0.20629221458358,NA,-0.858262135192003,0.0345732933243508,-0.270822344786443,-0.154132633878333,-0.11813888499868,-0.683426272769272,7,0.142857142857143,-0.263416680530971,"-0.249960877803916",-0.0790428376355905,0.737610799398833
160069,-0.738165446725299,-1.48297844081039,-1.44106703490309,-0.332237671676545,0.489595973579015,0.316019700749854,-1.13534327263388,-0.504467970574157,8,0.125,-0.603580520374312,"-0.711130698148982",-0.0790428376355905,0.737610799398833
160079,-2.02606225760104,-1.72214671782491,-0.0164328356093239,0.401384258325247,0.525806369691656,-0.44797784302095,0.0083103664129081,0.748240144791648,8,0.125,-0.316109814354346,"-0.321398462321823",-0.0790428376355905,0.737610799398833
160080,-1.08160459629216,NA,-2.02387193461417,-0.332237671676545,-1.13987185148982,1.02124820269213,NA,-0.146551366183927,6,0.166666666666667,-0.617148202927416,"-0.729524792384265",-0.0790428376355905,0.737610799398833
160082,-1.42504374585903,0.310783636798532,-0.534481635352511,-1.7077787904299,-0.379453533124364,0.727402993549518,-1.85606084893884,1.10615674918188,8,0.125,-0.46980939677184,"-0.529773370258044",-0.0790428376355905,0.737610799398833
160083,-0.824025234117015,-0.885057748274082,-0.14594503554512,-0.561494524802105,-0.270822344786443,-0.330439759363904,-1.71493830555458,-0.325509668379042,8,0.125,-0.632279077602786,"-0.750038150767442",-0.0790428376355905,0.737610799398833
160089,0.635591151542161,NA,NA,-0.836602748552777,-0.307032740899083,NA,NA,0.0324069360111874,4,0.25,-0.118909350474628,"-0.0540481685890843",-0.0790428376355905,0.737610799398833
160101,NA,NA,NA,NA,NA,NA,NA,0.0324069360111874,1,1,0.0324069360111874,"0.151095637072575",-0.0790428376355905,0.737610799398833
160104,-0.137146934983285,NA,-0.0164328356093239,-0.836602748552777,0.199912804677888,-1.44705155410585,NA,0.569281842596533,6,0.166666666666667,-0.278006570996135,"-0.269740808462544",-0.0790428376355905,0.737610799398833
160110,0.635591151542161,0.0716153597840098,-0.599237735320409,-2.67065757355726,0.0912816163399657,0.374788742578378,0.687597471265607,0.390323540401418,8,0.125,-0.127337178370766,"-0.0654740152591803",-0.0790428376355905,0.737610799398833
160112,NA,NA,0.177835464294372,-0.423940412926769,0.127492012452607,-0.97689921947766,NA,-1.0413428771595,5,0.2,-0.42737100656339,"-0.472238434160256",-0.0790428376355905,0.737610799398833
160117,0.89317051371731,NA,-0.599237735320409,-1.06585960167834,-1.2122926437151,0.727402993549518,NA,0.390323540401418,6,0.166666666666667,-0.144415488840934,"-0.0886275678970856",-0.0790428376355905,0.737610799398833
160124,NA,NA,0.372103764198067,-2.71650894418237,-0.451874325349647,-0.0365945502212864,NA,-0.683426272769272,5,0.2,-0.703260065664902,"-0.846269100910751",-0.0790428376355905,0.737610799398833
160146,-0.48058608455015,NA,-1.76484753474258,-1.34096782542901,-0.379453533124364,-0.330439759363904,-1.5695000880607,0.927198446986763,7,0.142857142857143,-0.705513768326278,"-0.849324509892308",-0.0790428376355905,0.737610799398833
160147,NA,NA,0.113079364326474,-0.790751377927665,0.0912816163399657,0.198481617092807,NA,1.10615674918188,5,0.2,0.143649593802692,"0.301910481272483",-0.0790428376355905,0.737610799398833
160153,-1.33918395846731,-0.645889471259559,1.53771356362024,-0.790751377927665,0.525806369691656,-0.918130177649138,-0.184168698875721,-0.683426272769272,8,0.125,-0.312253752954596,"-0.316170689893745",-0.0790428376355905,0.737610799398833
161301,NA,NA,NA,NA,NA,NA,NA,0.0324069360111874,1,1,0.0324069360111874,"0.151095637072575",-0.0790428376355905,0.737610799398833
161302,NA,NA,NA,NA,-1.2122926437151,NA,NA,-0.325509668379042,2,0.5,-0.768901156047073,"-0.935260599456692",-0.0790428376355905,0.737610799398833
161303,NA,NA,NA,NA,-0.343243137011723,NA,NA,-0.325509668379042,2,0.5,-0.334376402695382,"-0.34616299716313",-0.0790428376355905,0.737610799398833
161304,NA,NA,NA,-1.15756234292856,-0.16219115644852,NA,NA,-1.22030117935462,3,0.333333333333333,-0.846684892910566,"-1.04071423018836",-0.0790428376355905,0.737610799398833
161305,NA,NA,NA,NA,NA,NA,NA,NA,0,NA,NA,"NaN",-0.0790428376355905,0.737610799398833
161306,NA,NA,NA,-1.24926508417879,0.670647954142219,NA,NA,0.211365238206305,3,0.333333333333333,-0.122417297276754,"-0.0588039921277106",-0.0790428376355905,0.737610799398833
161307,NA,NA,NA,NA,-0.524295117574929,NA,NA,-0.862384574964387,2,0.5,-0.693339846269658,"-0.832819976517062",-0.0790428376355905,0.737610799398833
161308,NA,NA,NA,NA,-0.850188682588695,NA,NA,0.211365238206305,2,0.5,-0.319411722191195,"-0.325874952958267",-0.0790428376355905,0.737610799398833
161309,NA,NA,NA,0.401384258325247,-0.343243137011723,NA,NA,-0.862384574964387,3,0.333333333333333,-0.268081151216954,"-0.256284633760018",-0.0790428376355905,0.737610799398833
161310,NA,NA,NA,NA,-0.488084721462287,NA,NA,-0.325509668379042,2,0.5,-0.406797194920664,"-0.444345930878723",-0.0790428376355905,0.737610799398833
161311,NA,NA,NA,NA,0.199912804677888,NA,NA,-0.504467970574157,2,0.5,-0.152277582948134,"-0.0992864331328004",-0.0790428376355905,0.737610799398833
161312,NA,NA,NA,NA,NA,NA,NA,0.211365238206305,1,1,0.211365238206305,"0.393714511878871",-0.0790428376355905,0.737610799398833
161313,NA,NA,NA,NA,0.525806369691656,NA,NA,0.390323540401418,2,0.5,0.458064955046537,"0.728172354743017",-0.0790428376355905,0.737610799398833
161314,NA,NA,NA,NA,-0.0535599681105977,NA,NA,0.0324069360111874,2,0.5,-0.0105765160497051,"0.0928217450743491",-0.0790428376355905,0.737610799398833
161315,NA,NA,NA,NA,NA,NA,NA,NA,0,NA,NA,"NaN",-0.0790428376355905,0.737610799398833
161316,NA,NA,NA,-0.148832189176097,-0.379453533124364,NA,NA,0.0324069360111874,3,0.333333333333333,-0.165292928763091,"-0.11693170869759",-0.0790428376355905,0.737610799398833
161317,NA,NA,NA,-0.469791783551881,-0.488084721462287,NA,NA,-0.504467970574157,3,0.333333333333333,-0.487448158529442,"-0.553686742692365",-0.0790428376355905,0.737610799398833
161318,NA,NA,NA,NA,-0.415663929237006,NA,NA,-0.504467970574157,2,0.5,-0.460065949905581,"-0.516563901424073",-0.0790428376355905,0.737610799398833
161319,NA,NA,NA,NA,NA,NA,NA,0.211365238206305,1,1,0.211365238206305,"0.393714511878871",-0.0790428376355905,0.737610799398833
161320,NA,NA,NA,NA,0.236123200790529,NA,NA,-0.146551366183927,2,0.5,0.0447859173033013,"0.167878175102391",-0.0790428376355905,0.737610799398833
161321,NA,NA,NA,NA,NA,NA,NA,-0.504467970574157,1,1,-0.504467970574157,"-0.576760987346302",-0.0790428376355905,0.737610799398833
161322,NA,NA,NA,NA,NA,NA,NA,NA,0,NA,NA,"NaN",-0.0790428376355905,0.737610799398833
161323,NA,NA,NA,-0.0112780773007613,-1.64681739706679,NA,NA,-0.146551366183927,3,0.333333333333333,-0.601548946850494,"-0.708376435975118",-0.0790428376355905,0.737610799398833
161324,NA,NA,NA,NA,-0.307032740899083,NA,NA,-0.683426272769272,2,0.5,-0.495229506834177,"-0.564236138540524",-0.0790428376355905,0.737610799398833
161325,NA,NA,NA,NA,-0.669136702025491,NA,NA,-0.325509668379042,2,0.5,-0.497323185202266,"-0.567074598023215",-0.0790428376355905,0.737610799398833
161326,NA,NA,NA,NA,-0.560505513687569,NA,NA,-1.39925948154973,2,0.5,-0.97988249761865,"-1.2212940221554",-0.0790428376355905,0.737610799398833
161327,NA,NA,NA,NA,NA,NA,NA,0.211365238206305,1,1,0.211365238206305,"0.393714511878871",-0.0790428376355905,0.737610799398833
161328,NA,NA,NA,-0.699048636677441,0.0550712202273249,NA,NA,-0.325509668379042,3,0.333333333333333,-0.323162361609719,"-0.330959801799392",-0.0790428376355905,0.737610799398833
161329,NA,NA,NA,NA,-1.13987185148982,NA,NA,-2.83092589911065,2,0.5,-1.98539887530024,"-2.58450125624294",-0.0790428376355905,0.737610799398833
161330,NA,NA,NA,NA,-2.0089213581932,NA,NA,0.211365238206305,2,0.5,-0.898778059993448,"-1.11133842268302",-0.0790428376355905,0.737610799398833
161331,NA,NA,NA,NA,-1.50197581261623,NA,NA,-0.683426272769272,2,0.5,-1.09270104269275,"-1.37424534169417",-0.0790428376355905,0.737610799398833
161332,NA,NA,NA,NA,NA,NA,NA,0.0324069360111874,1,1,0.0324069360111874,"0.151095637072575",-0.0790428376355905,0.737610799398833
161333,NA,NA,NA,NA,NA,NA,NA,-0.325509668379042,1,1,-0.325509668379042,"-0.334142112540009",-0.0790428376355905,0.737610799398833
161334,NA,NA,NA,NA,0.380964785241092,NA,NA,-0.146551366183927,2,0.5,0.117206709528583,"0.266061108817985",-0.0790428376355905,0.737610799398833
161335,NA,NA,NA,NA,0.380964785241092,NA,NA,0.0324069360111874,2,0.5,0.20668586062614,"0.38737054622113",-0.0790428376355905,0.737610799398833
161336,NA,NA,NA,NA,-0.99503026703926,NA,NA,0.211365238206305,2,0.5,-0.391832514416477,"-0.424057886673862",-0.0790428376355905,0.737610799398833
161337,NA,NA,NA,NA,0.598227161916937,NA,NA,-0.146551366183927,2,0.5,0.225837897866505,"0.413335509391375",-0.0790428376355905,0.737610799398833
161338,NA,NA,NA,NA,NA,NA,NA,-0.683426272769272,1,1,-0.683426272769272,"-0.819379862152595",-0.0790428376355905,0.737610799398833
161339,NA,NA,NA,-1.84533290230524,-0.307032740899083,NA,NA,0.0324069360111874,3,0.333333333333333,-0.706652902397712,"-0.850868866445062",-0.0790428376355905,0.737610799398833
161340,NA,NA,NA,NA,0.199912804677888,NA,NA,-0.325509668379042,2,0.5,-0.0627984318505767,"0.022023004270346",-0.0790428376355905,0.737610799398833
161341,NA,NA,NA,NA,-0.560505513687569,NA,NA,-0.862384574964387,2,0.5,-0.711445044325978,"-0.85736570994596",-0.0790428376355905,0.737610799398833
161342,NA,NA,NA,NA,-1.17608224760246,NA,NA,-0.504467970574157,2,0.5,-0.84027510908831,"-1.03202430343094",-0.0790428376355905,0.737610799398833
161343,NA,NA,NA,-1.61607604917968,-0.524295117574929,NA,NA,-0.504467970574157,3,0.333333333333333,-0.881613045776255,"-1.08806732330217",-0.0790428376355905,0.737610799398833
161344,NA,NA,NA,NA,0.236123200790529,NA,NA,-0.683426272769272,2,0.5,-0.223651535989371,"-0.196050137107048",-0.0790428376355905,0.737610799398833
161345,NA,NA,NA,NA,NA,NA,NA,-0.146551366183927,1,1,-0.146551366183927,"-0.0915232377337164",-0.0790428376355905,0.737610799398833
161346,NA,NA,NA,NA,-0.922609474813977,NA,NA,0.211365238206305,2,0.5,-0.355622118303836,"-0.374966419816064",-0.0790428376355905,0.737610799398833
161347,NA,NA,-3.05996953410055,-1.20341371355367,-0.922609474813977,NA,NA,-0.504467970574157,4,0.25,-1.42261517326059,"-1.82151933881667",-0.0790428376355905,0.737610799398833
161348,NA,NA,NA,-0.148832189176097,0.489595973579015,NA,NA,-0.146551366183927,3,0.333333333333333,0.0647374727396639,"0.194927067896021",-0.0790428376355905,0.737610799398833
161349,NA,NA,NA,-0.148832189176097,0.236123200790529,NA,NA,-0.325509668379042,3,0.333333333333333,-0.0794062189215364,"-0.000492646374269572",-0.0790428376355905,0.737610799398833
161350,NA,NA,NA,NA,-1.39334462427831,NA,NA,-1.39925948154973,2,0.5,-1.39630205291402,"-1.78584589102006",-0.0790428376355905,0.737610799398833
161351,NA,NA,NA,-1.93703564355546,-2.08134215041848,NA,NA,-1.39925948154973,3,0.333333333333333,-1.80587909184123,"-2.34112116527177",-0.0790428376355905,0.737610799398833
161352,NA,NA,-0.275457235480917,-1.66192741980479,-0.850188682588695,NA,NA,-0.146551366183927,4,0.25,-0.733531176014583,"-0.887308508650379",-0.0790428376355905,0.737610799398833
161353,NA,NA,-2.15338413454997,-0.882454119177889,-1.10366145537718,-1.56458963776289,NA,-2.29405099252531,5,0.2,-1.59962806787865,"-2.06150076908088",-0.0790428376355905,0.737610799398833
161354,NA,NA,NA,NA,-0.813978286476055,NA,NA,0.211365238206305,2,0.5,-0.301306524134875,"-0.30132921952937",-0.0790428376355905,0.737610799398833
161355,NA,NA,-0.210701135513018,NA,-0.451874325349647,NA,NA,-1.39925948154973,3,0.333333333333333,-0.687278314137466,"-0.824602184509228",-0.0790428376355905,0.737610799398833
161356,NA,NA,NA,NA,-0.596715909800209,NA,NA,-0.504467970574157,2,0.5,-0.550591940187183,"-0.639292568568565",-0.0790428376355905,0.737610799398833
161357,NA,NA,NA,NA,-1.75544858540472,NA,NA,-0.146551366183927,2,0.5,-0.950999975794321,"-1.18213716348702",-0.0790428376355905,0.737610799398833
161358,NA,NA,NA,0.0804246639494628,0.0912816163399657,NA,NA,-0.862384574964387,3,0.333333333333333,-0.230226098224986,"-0.204963458659517",-0.0790428376355905,0.737610799398833
161359,NA,NA,NA,-1.7077787904299,-1.93650056596792,NA,NA,-1.22030117935462,3,0.333333333333333,-1.62152684525081,"-2.0911895661945",-0.0790428376355905,0.737610799398833
161360,NA,NA,NA,-0.240534930426321,-0.415663929237006,NA,NA,-1.22030117935462,3,0.333333333333333,-0.625500013005981,"-0.740847579530782",-0.0790428376355905,0.737610799398833
161361,NA,NA,NA,-0.882454119177889,0.489595973579015,NA,NA,-0.325509668379042,3,0.333333333333333,-0.239455937992639,"-0.217476615700025",-0.0790428376355905,0.737610799398833
161362,NA,NA,NA,-3.03746853855815,-1.2122926437151,NA,NA,-2.47300929472042,3,0.333333333333333,-2.24092349233123,"-2.9309232680129",-0.0790428376355905,0.737610799398833
161363,NA,NA,NA,NA,-0.16219115644852,NA,NA,0.0324069360111874,2,0.5,-0.0648921102186664,"0.0191845447876539",-0.0790428376355905,0.737610799398833
161364,NA,NA,NA,-2.25799523793125,0.018860824114684,NA,NA,-0.504467970574157,3,0.333333333333333,-0.91453412813024,"-1.13269937367456",-0.0790428376355905,0.737610799398833
161365,NA,NA,-0.534481635352511,-1.2951164548039,-0.741557494250773,0.0221744916072371,NA,-2.29405099252531,5,0.2,-0.96860641706505,"-1.2060067181154",-0.0790428376355905,0.737610799398833
161366,NA,NA,NA,NA,-0.596715909800209,NA,NA,-1.93613438813508,2,0.5,-1.26642514896764,"-1.60976806779374",-0.0790428376355905,0.737610799398833
161367,NA,NA,-0.793506035224105,-1.02000823105323,-0.379453533124364,NA,NA,0.0324069360111874,4,0.25,-0.540140215847627,"-0.62512286776148",-0.0790428376355905,0.737610799398833
161368,NA,NA,NA,-2.34969797918147,-0.99503026703926,NA,NA,-0.146551366183927,3,0.333333333333333,-1.16375987080155,"-1.47058182180905",-0.0790428376355905,0.737610799398833
161369,NA,NA,NA,-1.34096782542901,-0.451874325349647,NA,NA,-2.11509269033019,3,0.333333333333333,-1.30264494703628,"-1.65887228115146",-0.0790428376355905,0.737610799398833
161370,NA,NA,NA,NA,-1.57439660484151,NA,NA,-0.683426272769272,2,0.5,-1.12891143880539,"-1.42333680855197",-0.0790428376355905,0.737610799398833
161371,NA,NA,0.113079364326474,-1.24926508417879,-0.0897703642232385,NA,NA,-1.0413428771595,4,0.25,-0.566824740308763,"-0.661299838709959",-0.0790428376355905,0.737610799398833
161372,NA,NA,NA,NA,-0.0535599681105977,NA,NA,-0.504467970574157,2,0.5,-0.279013969342377,"-0.271106567135089",-0.0790428376355905,0.737610799398833
161373,NA,NA,NA,NA,-1.75544858540472,NA,NA,-0.146551366183927,2,0.5,-0.950999975794321,"-1.18213716348702",-0.0790428376355905,0.737610799398833
161374,NA,NA,-0.275457235480917,-1.34096782542901,-1.2122926437151,NA,NA,-1.22030117935462,4,0.25,-1.01225472099491,"-1.2651819687563",-0.0790428376355905,0.737610799398833
161375,NA,NA,NA,-2.76236031480748,-1.86407977374264,NA,NA,-2.65196759691554,3,0.333333333333333,-2.42613589515522,"-3.18202100543071",-0.0790428376355905,0.737610799398833
161376,NA,NA,NA,0.768195223326143,-0.270822344786443,-2.85750855799041,NA,0.0324069360111874,4,0.25,-0.58193218585988,"-0.681781433561106",-0.0790428376355905,0.737610799398833
161377,NA,NA,NA,NA,-0.415663929237006,NA,NA,-0.862384574964387,2,0.5,-0.639024252100697,"-0.759182776230366",-0.0790428376355905,0.737610799398833
161378,NA,NA,NA,NA,NA,NA,NA,NA,0,NA,NA,"NaN",-0.0790428376355905,0.737610799398833
161379,NA,NA,-1.44106703490309,0.309681517075023,0.344754389128452,-2.0935110142196,NA,-1.39925948154973,5,0.2,-0.85588032489379,"-1.05318073961409",-0.0790428376355905,0.737610799398833
161380,NA,NA,NA,NA,0.7430687463675,NA,NA,-0.862384574964387,2,0.5,-0.0596579142984436,"0.0262806934943821",-0.0790428376355905,0.737610799398833
161381,NA,NA,NA,NA,-0.270822344786443,NA,NA,-0.683426272769272,2,0.5,-0.477124308777857,"-0.539690405111626",-0.0790428376355905,0.737610799398833
161382,NA,NA,NA,-1.38681919605412,-3.13144363768507,-0.212901675706857,NA,-2.47300929472042,4,0.25,-1.80104345104162,"-2.33456534911025",-0.0790428376355905,0.737610799398833
170006,-0.137146934983285,NA,-0.0811889355772215,-0.561494524802105,-2.33481492320697,0.0221744916072371,NA,0.0324069360111874,6,0.166666666666667,-0.510010648491859,"-0.584275353896006",-0.0790428376355905,0.737610799398833
170009,NA,NA,NA,0.263830146449911,0.199912804677888,NA,NA,1.28511505137699,3,0.333333333333333,0.582952667501597,"0.897486188755271",-0.0790428376355905,0.737610799398833
170012,-0.394726297158433,-1.36339430230313,-0.858262135192003,-2.57895483230703,-0.850188682588695,-0.97689921947766,-1.04902979044167,0.0324069360111874,8,0.125,-1.00488104043218,"-1.25518525969409",-0.0790428376355905,0.737610799398833
170013,0.378011789367012,-4.2334136264774,-1.0525304350957,0.905749335201479,-0.16219115644852,0.551095868063948,-0.134106879204239,-1.22030117935462,8,0.125,-0.620960785493505,"-0.734693619317379",-0.0790428376355905,0.737610799398833
170014,NA,NA,0.631128164069661,-0.423940412926769,0.127492012452607,NA,NA,-0.862384574964387,4,0.25,-0.131926202842222,"-0.0716954866302562",-0.0790428376355905,0.737610799398833
170016,-0.566445871941866,0.0716153597840098,-1.76484753474258,-0.240534930426321,-0.813978286476055,0.551095868063948,-0.109075969368498,-1.0413428771595,8,0.125,-0.489189280283358,"-0.556047231117067",-0.0790428376355905,0.737610799398833
170017,NA,NA,NA,NA,-0.0173495719979558,NA,NA,0.390323540401418,2,0.5,0.186486984201731,"0.359986353309541",-0.0790428376355905,0.737610799398833
170020,-3.14223949369335,-2.32006741036122,0.566372064101763,-2.02873838480569,-0.813978286476055,1.1975553281777,1.28316049839186,-1.93613438813508,8,0.125,-0.899258759100008,"-1.11199012017301",-0.0790428376355905,0.737610799398833
170023,0.979030301109026,NA,0.24259156426227,-1.57022467855457,-0.99503026703926,0.0809435334357605,NA,-0.504467970574157,6,0.166666666666667,-0.294526252893488,"-0.292137012410231",-0.0790428376355905,0.737610799398833
170027,NA,NA,-0.14594503554512,-0.332237671676545,0.018860824114684,NA,NA,0.0324069360111874,4,0.25,-0.106728736773948,"-0.0375345631611175",-0.0790428376355905,0.737610799398833
170040,0.549731364150444,1.14787260634936,2.31478676323502,1.77692537707861,1.5396974608456,-1.38828251227732,1.02292534958235,1.10615674918188,8,0.125,1.00872664476824,"1.47472011430742",-0.0790428376355905,0.737610799398833
170049,0.0345726398001479,-0.287137055737774,-0.728749935256206,0.447235628950359,-1.13987185148982,1.13878628634918,0.0363622481253768,0.390323540401418,8,0.125,-0.0135598123571649,"0.0887772051762197",-0.0790428376355905,0.737610799398833
170068,NA,NA,0.890152563941255,-0.744900007302553,-1.06745105926454,NA,NA,-0.683426272769272,4,0.25,-0.401406193848778,"-0.43703719695525",-0.0790428376355905,0.737610799398833
170074,NA,NA,NA,-0.240534930426321,-1.50197581261623,NA,NA,-1.0413428771595,3,0.333333333333333,-0.927951206734017,"-1.15088928983999",-0.0790428376355905,0.737610799398833
170086,0.378011789367012,-0.167552917230512,0.177835464294372,-0.102980818550985,-0.596715909800209,-0.389208801192427,-0.380963438273961,0.927198446986763,8,0.125,-0.0192970230499934,"0.0809991049945189",-0.0790428376355905,0.737610799398833
170103,NA,NA,-0.14594503554512,-0.0571294479258733,0.489595973579015,0.786172035378042,NA,-0.504467970574157,5,0.2,0.113645110982381,"0.261232548079578",-0.0790428376355905,0.737610799398833
170104,-0.308866509766717,0.191199498291271,1.08442086384495,0.493086999575471,-0.125980760335879,-0.44797784302095,0.248261846907254,0.748240144791648,8,0.125,0.235298030035881,"0.426160880409648",-0.0790428376355905,0.737610799398833
170105,NA,NA,-0.923018235159901,-1.2951164548039,0.127492012452607,NA,NA,-0.146551366183927,4,0.25,-0.55929851092378,"-0.651096314858197",-0.0790428376355905,0.737610799398833
170109,NA,NA,NA,NA,0.199912804677888,NA,NA,0.390323540401418,2,0.5,0.295118172539653,"0.507260753882931",-0.0790428376355905,0.737610799398833
170120,NA,NA,-2.21814023451787,-1.34096782542901,-0.307032740899083,NA,NA,-0.146551366183927,4,0.25,-1.00317304175747,"-1.25286967717266",-0.0790428376355905,0.737610799398833
170122,1.40832923806761,0.90870432933484,-0.599237735320409,-1.06585960167834,-0.596715909800209,0.492326826235425,-0.908770381879331,0.211365238206305,8,0.125,-0.0187322496042638,"0.0817647844642201",-0.0790428376355905,0.737610799398833
170123,0.979030301109026,-0.885057748274082,-0.9877743351278,0.859897964576367,0.453385577466374,2.31416712291965,0.364785047866739,0.569281842596533,8,0.125,0.458464471641601,"0.728713990786564",-0.0790428376355905,0.737610799398833
170137,1.40832923806761,NA,-1.37631093493519,-1.2951164548039,0.0912816163399657,-1.09443730313471,0.291418588003359,0.390323540401418,7,0.142857142857143,-0.226358815723064,"-0.199720473463157",-0.0790428376355905,0.737610799398833
170142,-1.2533241710756,NA,-1.70009143477468,-0.286386301051433,-0.451874325349647,-0.389208801192427,NA,-0.146551366183927,6,0.166666666666667,-0.704572733271285,"-0.848048721826624",-0.0790428376355905,0.737610799398833
170146,-0.824025234117015,NA,0.760640364005458,0.814046593951255,-0.741557494250773,-0.0365945502212864,1.24906667292594,0.211365238206305,7,0.142857142857143,0.204705941499983,"0.38468631338754",-0.0790428376355905,0.737610799398833
170175,-0.137146934983285,NA,-0.210701135513018,-1.47852193730435,-0.379453533124364,NA,NA,-0.504467970574157,5,0.2,-0.542058302299834,"-0.627723272275311",-0.0790428376355905,0.737610799398833
170176,-0.308866509766717,0.90870432933484,-0.9877743351278,1.41011441207771,0.127492012452607,1.13878628634918,-0.430162123123522,0.569281842596533,8,0.125,0.303446989349104,"0.518552368398661",-0.0790428376355905,0.737610799398833
170182,0.721450938933877,NA,0.954908663909153,1.27256030020237,0.815489538592783,0.0221744916072371,0.448077558182222,0.927198446986763,7,0.142857142857143,0.73740856263063,"1.10688645140722",-0.0790428376355905,0.737610799398833
170183,NA,NA,NA,NA,NA,NA,NA,-0.504467970574157,1,1,-0.504467970574157,"-0.576760987346302",-0.0790428376355905,0.737610799398833
170185,0.807310726325593,NA,0.825396463973357,-0.332237671676545,-0.125980760335879,0.962479160863611,NA,0.927198446986763,6,0.166666666666667,0.51069439435615,"0.799523586791825",-0.0790428376355905,0.737610799398833
170186,-0.738165446725299,0.90870432933484,NA,-0.194683559801209,NA,NA,NA,-2.11509269033019,4,0.25,-0.534809341880465,"-0.617895649868918",-0.0790428376355905,0.737610799398833
170187,NA,NA,NA,NA,NA,NA,NA,0.748240144791648,1,1,0.748240144791648,"1.12157113629775",-0.0790428376355905,0.737610799398833
170188,NA,NA,NA,NA,NA,NA,NA,0.927198446986763,1,1,0.927198446986763,"1.36419001110404",-0.0790428376355905,0.737610799398833
170190,NA,NA,NA,NA,NA,NA,NA,0.390323540401418,1,1,0.390323540401418,"0.636333386685161",-0.0790428376355905,0.737610799398833
170191,NA,NA,NA,0.768195223326143,0.887910330818063,-0.389208801192427,NA,0.211365238206305,4,0.25,0.369565497789521,"0.608191116223808",-0.0790428376355905,0.737610799398833
170194,NA,NA,NA,NA,NA,NA,NA,0.0324069360111874,1,1,0.0324069360111874,"0.151095637072575",-0.0790428376355905,0.737610799398833
170196,NA,NA,NA,NA,NA,NA,NA,0.390323540401418,1,1,0.390323540401418,"0.636333386685161",-0.0790428376355905,0.737610799398833
170197,-2.54122098195134,-0.0479687787232517,-0.0164328356093239,-1.34096782542901,-0.307032740899083,-1.15320634496323,NA,-0.325509668379042,7,0.142857142857143,-0.818905596564897,"-1.00305304576927",-0.0790428376355905,0.737610799398833
170198,NA,NA,NA,NA,NA,NA,NA,0.390323540401418,1,1,0.390323540401418,"0.636333386685161",-0.0790428376355905,0.737610799398833
170199,NA,NA,NA,NA,NA,NA,NA,NA,0,NA,NA,"NaN",-0.0790428376355905,0.737610799398833
170200,-0.0512871475915684,NA,NA,0.859897964576367,1.35864548028239,1.49140053732032,NA,-0.146551366183927,5,0.2,0.702421093680718,"1.05945294178612",-0.0790428376355905,0.737610799398833
170203,NA,NA,NA,NA,NA,NA,NA,0.211365238206305,1,1,0.211365238206305,"0.393714511878871",-0.0790428376355905,0.737610799398833
170204,NA,NA,-0.534481635352511,0.309681517075023,0.199912804677888,NA,NA,0.569281842596533,4,0.25,0.136098632249233,"0.29167342731447",-0.0790428376355905,0.737610799398833
170208,NA,NA,NA,-0.928305489803001,1.10517270749391,NA,NA,0.211365238206305,3,0.333333333333333,0.129410818632404,"0.282606567634162",-0.0790428376355905,0.737610799398833
171300,NA,NA,NA,NA,NA,NA,NA,NA,0,NA,NA,"NaN",-0.0790428376355905,0.737610799398833
171301,NA,NA,NA,NA,NA,NA,NA,0.0324069360111874,1,1,0.0324069360111874,"0.151095637072575",-0.0790428376355905,0.737610799398833
171303,NA,NA,NA,NA,NA,NA,NA,NA,0,NA,NA,"NaN",-0.0790428376355905,0.737610799398833
171304,NA,NA,NA,NA,NA,NA,NA,NA,0,NA,NA,"NaN",-0.0790428376355905,0.737610799398833
171306,NA,NA,NA,NA,NA,NA,NA,NA,0,NA,NA,"NaN",-0.0790428376355905,0.737610799398833
171307,NA,NA,NA,NA,NA,NA,NA,-1.93613438813508,1,1,-1.93613438813508,"-2.51771198579664",-0.0790428376355905,0.737610799398833
171308,NA,NA,NA,NA,NA,NA,NA,NA,0,NA,NA,"NaN",-0.0790428376355905,0.737610799398833
171309,NA,NA,NA,NA,NA,NA,NA,NA,0,NA,NA,"NaN",-0.0790428376355905,0.737610799398833
171310,NA,NA,NA,NA,-0.596715909800209,NA,NA,0.390323540401418,2,0.5,-0.103196184699396,"-0.0327453815528336",-0.0790428376355905,0.737610799398833
171311,NA,NA,NA,NA,-0.307032740899083,NA,NA,-0.683426272769272,2,0.5,-0.495229506834177,"-0.564236138540524",-0.0790428376355905,0.737610799398833
171312,NA,NA,NA,NA,NA,NA,NA,-1.22030117935462,1,1,-1.22030117935462,"-1.54723648657147",-0.0790428376355905,0.737610799398833
171313,NA,NA,NA,NA,-0.16219115644852,NA,NA,-0.146551366183927,2,0.5,-0.154371261316223,"-0.102124892615492",-0.0790428376355905,0.737610799398833
171314,NA,NA,NA,NA,NA,NA,NA,NA,0,NA,NA,"NaN",-0.0790428376355905,0.737610799398833
171315,NA,NA,NA,NA,-2.9866020532345,NA,NA,-0.862384574964387,2,0.5,-1.92449331409945,"-2.50192984968215",-0.0790428376355905,0.737610799398833
171316,NA,NA,NA,NA,NA,NA,NA,-0.146551366183927,1,1,-0.146551366183927,"-0.0915232377337164",-0.0790428376355905,0.737610799398833
171317,NA,NA,NA,NA,NA,NA,NA,NA,0,NA,NA,"NaN",-0.0790428376355905,0.737610799398833
171318,NA,NA,NA,NA,1.03275191526863,NA,NA,0.390323540401418,2,0.5,0.711537727835022,"1.07181262274759",-0.0790428376355905,0.737610799398833
171319,NA,NA,NA,NA,0.27233359690317,NA,NA,-1.57821778374485,2,0.5,-0.652942093420838,"-0.778051590693881",-0.0790428376355905,0.737610799398833
171321,NA,NA,NA,NA,NA,NA,NA,-0.325509668379042,1,1,-0.325509668379042,"-0.334142112540009",-0.0790428376355905,0.737610799398833
171322,NA,NA,NA,NA,NA,NA,NA,0.0324069360111874,1,1,0.0324069360111874,"0.151095637072575",-0.0790428376355905,0.737610799398833
171323,NA,NA,NA,NA,NA,NA,NA,NA,0,NA,NA,"NaN",-0.0790428376355905,0.737610799398833
171324,NA,NA,NA,NA,NA,NA,NA,NA,0,NA,NA,"NaN",-0.0790428376355905,0.737610799398833
171325,NA,NA,NA,NA,-0.125980760335879,NA,NA,0.0324069360111874,2,0.5,-0.046786912162346,"0.0437302782165523",-0.0790428376355905,0.737610799398833
171326,NA,NA,NA,NA,-0.524295117574929,NA,NA,0.0324069360111874,2,0.5,-0.245944090781871,"-0.22627278950133",-0.0790428376355905,0.737610799398833
171327,NA,NA,0.372103764198067,0.493086999575471,-1.97271096208056,NA,NA,-2.29405099252531,4,0.25,-0.850392797708082,"-1.04574114248484",-0.0790428376355905,0.737610799398833
171328,NA,NA,NA,NA,NA,NA,NA,-0.862384574964387,1,1,-0.862384574964387,"-1.06199873695889",-0.0790428376355905,0.737610799398833
171329,NA,NA,NA,NA,-0.596715909800209,NA,NA,-0.325509668379042,2,0.5,-0.461112789089625,"-0.517983131165418",-0.0790428376355905,0.737610799398833
171330,NA,NA,NA,NA,0.380964785241092,NA,NA,-1.75717608593996,2,0.5,-0.688105650349434,"-0.825723827810333",-0.0790428376355905,0.737610799398833
171331,NA,NA,NA,NA,0.308543993015811,NA,NA,-0.146551366183927,2,0.5,0.0809963134159421,"0.216969641960188",-0.0790428376355905,0.737610799398833
171332,NA,NA,NA,NA,NA,NA,NA,-0.325509668379042,1,1,-0.325509668379042,"-0.334142112540009",-0.0790428376355905,0.737610799398833
171333,NA,NA,NA,-2.34969797918147,-1.13987185148982,NA,NA,-2.65196759691554,3,0.333333333333333,-2.04717914252894,"-2.66825852671547",-0.0790428376355905,0.737610799398833
171334,NA,NA,NA,NA,-0.777767890363414,NA,NA,-2.65196759691554,2,0.5,-1.71486774363948,"-2.21773448455081",-0.0790428376355905,0.737610799398833
171335,NA,NA,NA,0.0804246639494628,0.7430687463675,NA,NA,0.211365238206305,3,0.333333333333333,0.344952882841089,"0.57482309209985",-0.0790428376355905,0.737610799398833
171336,NA,NA,NA,NA,-2.51586690377017,NA,NA,-0.146551366183927,2,0.5,-1.33120913497705,"-1.69759756549389",-0.0790428376355905,0.737610799398833
171337,NA,NA,NA,NA,0.851699934705422,NA,NA,-0.146551366183927,2,0.5,0.352574284260748,"0.585155643393663",-0.0790428376355905,0.737610799398833
171338,NA,NA,NA,NA,0.236123200790529,NA,NA,-0.146551366183927,2,0.5,0.0447859173033013,"0.167878175102391",-0.0790428376355905,0.737610799398833
171339,NA,NA,NA,NA,-2.87797086489658,NA,NA,-1.0413428771595,2,0.5,-1.95965687102804,"-2.5496020867986",-0.0790428376355905,0.737610799398833
171341,NA,NA,0.69588426403756,-2.0745897554308,-2.73312928044602,NA,NA,0.0324069360111874,4,0.25,-1.01985695895702,"-1.2754885396041",-0.0790428376355905,0.737610799398833
171343,NA,NA,NA,NA,NA,NA,NA,-0.146551366183927,1,1,-0.146551366183927,"-0.0915232377337164",-0.0790428376355905,0.737610799398833
171344,NA,NA,NA,NA,-2.15376294264376,NA,NA,-0.683426272769272,2,0.5,-1.41859460770652,"-1.81606854341434",-0.0790428376355905,0.737610799398833
171345,NA,NA,NA,NA,-0.125980760335879,NA,NA,-0.504467970574157,2,0.5,-0.315224365455018,"-0.320198033992886",-0.0790428376355905,0.737610799398833
171346,NA,NA,NA,0.447235628950359,NA,NA,NA,-0.504467970574157,2,0.5,-0.0286161708118988,"0.0683648705588237",-0.0790428376355905,0.737610799398833
171347,NA,NA,NA,NA,0.706858350254859,NA,NA,-0.504467970574157,2,0.5,0.101195189840351,"0.244353834871777",-0.0790428376355905,0.737610799398833
171348,NA,NA,NA,NA,-0.850188682588695,NA,NA,-1.0413428771595,2,0.5,-0.945765779874099,"-1.17504101478029",-0.0790428376355905,0.737610799398833
171349,NA,NA,NA,NA,-0.99503026703926,NA,NA,-0.683426272769272,2,0.5,-0.839228269904266,"-1.03060507368959",-0.0790428376355905,0.737610799398833
171350,NA,NA,NA,-0.102980818550985,0.199912804677888,NA,NA,-0.862384574964387,3,0.333333333333333,-0.255150862945828,"-0.23875467313354",-0.0790428376355905,0.737610799398833
171351,NA,NA,NA,NA,NA,NA,NA,-0.146551366183927,1,1,-0.146551366183927,"-0.0915232377337164",-0.0790428376355905,0.737610799398833
171352,NA,NA,NA,NA,NA,NA,NA,NA,0,NA,NA,"NaN",-0.0790428376355905,0.737610799398833
171353,NA,NA,NA,NA,-0.16219115644852,NA,NA,-0.146551366183927,2,0.5,-0.154371261316223,"-0.102124892615492",-0.0790428376355905,0.737610799398833
171354,NA,NA,NA,NA,-1.39334462427831,NA,NA,-0.504467970574157,2,0.5,-0.948906297426232,"-1.17929870400433",-0.0790428376355905,0.737610799398833
171355,NA,NA,NA,NA,-0.958819870926618,NA,NA,0.211365238206305,2,0.5,-0.373727316360156,"-0.399512153244963",-0.0790428376355905,0.737610799398833
171356,NA,NA,NA,NA,NA,NA,NA,0.0324069360111874,1,1,0.0324069360111874,"0.151095637072575",-0.0790428376355905,0.737610799398833
171357,NA,NA,NA,NA,-0.488084721462287,NA,NA,-0.146551366183927,2,0.5,-0.317318043823107,"-0.323036493475577",-0.0790428376355905,0.737610799398833
171358,NA,NA,NA,NA,0.0550712202273249,NA,NA,0.390323540401418,2,0.5,0.222697380314371,"0.409077820167337",-0.0790428376355905,0.737610799398833
171359,NA,NA,NA,NA,-0.0173495719979558,NA,NA,-0.683426272769272,2,0.5,-0.350387922383614,"-0.367870271109337",-0.0790428376355905,0.737610799398833
171360,NA,NA,NA,NA,NA,NA,NA,NA,0,NA,NA,"NaN",-0.0790428376355905,0.737610799398833
171361,NA,NA,-0.404969435416714,NA,0.453385577466374,NA,NA,-1.75717608593996,3,0.333333333333333,-0.569586647963434,"-0.665044235696719",-0.0790428376355905,0.737610799398833
171362,NA,NA,-0.728749935256206,0.172127405199687,-0.958819870926618,NA,NA,-1.0413428771595,4,0.25,-0.63919631953566,"-0.759416052959915",-0.0790428376355905,0.737610799398833
171363,NA,NA,-0.0164328356093239,-0.928305489803001,0.163702408565247,NA,NA,-1.75717608593996,4,0.25,-0.63455300069676,"-0.753120973166229",-0.0790428376355905,0.737610799398833
171364,NA,NA,NA,NA,0.525806369691656,NA,NA,-0.146551366183927,2,0.5,0.189627501753865,"0.364244042533578",-0.0790428376355905,0.737610799398833
171365,NA,NA,NA,NA,NA,NA,NA,NA,0,NA,NA,"NaN",-0.0790428376355905,0.737610799398833
171367,NA,NA,NA,NA,-0.0535599681105977,NA,NA,0.211365238206305,2,0.5,0.0789026350478537,"0.214131182477497",-0.0790428376355905,0.737610799398833
171368,NA,NA,NA,NA,0.163702408565247,NA,NA,-1.22030117935462,2,0.5,-0.528299385394685,"-0.609069916174285",-0.0790428376355905,0.737610799398833
171369,NA,NA,NA,NA,NA,NA,NA,0.0324069360111874,1,1,0.0324069360111874,"0.151095637072575",-0.0790428376355905,0.737610799398833
171370,NA,NA,-0.0811889355772215,0.263830146449911,-0.0897703642232385,NA,NA,-0.504467970574157,4,0.25,-0.102899280981176,"-0.0323428607133049",-0.0790428376355905,0.737610799398833
171371,NA,NA,0.372103764198067,0.172127405199687,-0.958819870926618,NA,NA,-2.65196759691554,4,0.25,-0.7666390746111,"-0.932193831131423",-0.0790428376355905,0.737610799398833
171372,NA,NA,-0.663993835288308,0.447235628950359,0.308543993015811,NA,NA,-1.0413428771595,4,0.25,-0.23738927262041,"-0.214674778506327",-0.0790428376355905,0.737610799398833
171373,NA,NA,NA,0.355532887700135,-0.705347098138132,NA,NA,0.0324069360111874,3,0.333333333333333,-0.105802424808937,"-0.0362787356084748",-0.0790428376355905,0.737610799398833
171374,NA,NA,NA,NA,0.453385577466374,NA,NA,-0.683426272769272,2,0.5,-0.115020347651449,"-0.048775736533658",-0.0790428376355905,0.737610799398833
171375,NA,NA,0.760640364005458,-0.332237671676545,-3.67459957937468,NA,NA,-2.29405099252531,4,0.25,-1.38506196989277,"-1.77060738986144",-0.0790428376355905,0.737610799398833
171376,NA,NA,-0.534481635352511,NA,-1.13987185148982,NA,NA,-2.47300929472042,3,0.333333333333333,-1.38245426052092,"-1.76707204388498",-0.0790428376355905,0.737610799398833
171377,NA,NA,NA,NA,-2.44344611154489,NA,NA,-1.75717608593996,2,0.5,-2.10031109874243,"-2.74029103526441",-0.0790428376355905,0.737610799398833
171378,NA,NA,NA,NA,-0.270822344786443,NA,NA,-0.146551366183927,2,0.5,-0.208686855485185,"-0.175762092902187",-0.0790428376355905,0.737610799398833
171379,NA,NA,-0.0811889355772215,NA,0.163702408565247,NA,NA,-0.862384574964387,3,0.333333333333333,-0.25995703399212,"-0.245270536309905",-0.0790428376355905,0.737610799398833
171380,NA,NA,-0.275457235480917,-1.79948153168013,-2.8055500726713,NA,NA,-1.0413428771595,4,0.25,-1.48045792924796,"-1.89993841298765",-0.0790428376355905,0.737610799398833
171381,NA,NA,NA,-0.653197266052329,-2.47965650765753,NA,NA,-1.39925948154973,3,0.333333333333333,-1.51070441841986,"-1.94094444109428",-0.0790428376355905,0.737610799398833
171382,NA,NA,NA,NA,0.779279142480142,NA,NA,-0.504467970574157,2,0.5,0.137405585952993,"0.293445301729574",-0.0790428376355905,0.737610799398833
171383,NA,NA,-0.9877743351278,-0.515643154176993,-1.93650056596792,NA,NA,-0.683426272769272,4,0.25,-1.0308360820105,"-1.29037324989091",-0.0790428376355905,0.737610799398833
171384,-0.48058608455015,NA,-1.44106703490309,-2.94576579730793,-0.596715909800209,-0.683054010335044,NA,0.0324069360111874,6,0.166666666666667,-1.01913031681421,"-1.27450341012469",-0.0790428376355905,0.737610799398833
171385,NA,NA,NA,-0.469791783551881,0.417175181353733,NA,NA,-0.683426272769272,3,0.333333333333333,-0.24534762498914,"-0.225464143812822",-0.0790428376355905,0.737610799398833
171386,NA,NA,NA,NA,NA,NA,NA,NA,0,NA,NA,"NaN",-0.0790428376355905,0.737610799398833
171388,NA,NA,NA,NA,0.417175181353733,NA,NA,0.569281842596533,2,0.5,0.493228511975133,"0.775844591859468",-0.0790428376355905,0.737610799398833
180001,NA,NA,1.14917696381285,0.997452076451703,1.57590785695824,1.25632437000623,NA,1.64303165576722,5,0.2,1.32437858459925,"1.90265845264014",-0.0790428376355905,0.737610799398833
180002,NA,NA,0.0483232643585746,-0.423940412926769,-1.24850303982774,NA,NA,-0.862384574964387,4,0.25,-0.621626190840082,"-0.735595728325435",-0.0790428376355905,0.737610799398833
180004,NA,NA,-0.210701135513018,0.630641111450807,-0.850188682588695,NA,NA,0.0324069360111874,4,0.25,-0.0994604426599298,"-0.0276807295134237",-0.0790428376355905,0.737610799398833
180005,-0.566445871941866,NA,0.372103764198067,-0.286386301051433,-1.28471343594039,0.492326826235425,NA,-1.0413428771595,6,0.166666666666667,-0.385742982609949,"-0.41580213470888",-0.0790428376355905,0.737610799398833
180009,-1.76848289542589,0.430367775305794,-1.37631093493519,0.309681517075023,0.7430687463675,-1.62335867959142,0.424772917990325,1.46407335357211,8,0.125,-0.174523524955219,"-0.129445891244335",-0.0790428376355905,0.737610799398833
180010,0.721450938933877,-4.2334136264774,-0.0811889355772215,0.263830146449911,0.924120726930704,0.668633951720995,0.975452934376629,1.46407335357211,8,0.125,0.0878699362412001,"0.226288408484295",-0.0790428376355905,0.737610799398833
180011,-1.2533241710756,NA,-1.18204263503149,-0.378089042301657,1.28622468805711,-0.212901675706857,0.734206751649401,0.211365238206305,7,0.142857142857143,-0.113508692314684,"-0.0467263422758771",-0.0790428376355905,0.737610799398833
180012,-2.02606225760104,NA,1.21393306378075,-0.790751377927665,-0.524295117574929,0.198481617092807,-0.820299062632314,-0.146551366183927,7,0.142857142857143,-0.413649214435189,"-0.453635409178267",-0.0790428376355905,0.737610799398833
180013,-1.59676332064246,-1.36339430230313,-3.38375003394004,-0.928305489803001,-0.596715909800209,-0.330439759363904,-0.645082693782126,-2.11509269033019,8,0.125,-1.36994302499563,"-1.75011020501889",-0.0790428376355905,0.737610799398833
180016,NA,NA,-0.275457235480917,NA,0.018860824114684,NA,NA,0.927198446986763,3,0.333333333333333,0.22353401187351,"0.410212065435737",-0.0790428376355905,0.737610799398833
180017,0.20629221458358,NA,-0.599237735320409,-0.607345895427217,-1.13987185148982,0.844941077206565,NA,-2.65196759691554,6,0.166666666666667,-0.657864964560473,"-0.784725667515489",-0.0790428376355905,0.737610799398833
180018,-0.566445871941866,NA,-0.0811889355772215,0.538938370200583,0.163702408565247,0.139712575264284,-1.50001773489597,-1.22030117935462,7,0.142857142857143,-0.360800052534223,"-0.381986292945101",-0.0790428376355905,0.737610799398833
180019,0.979030301109026,NA,NA,-0.515643154176993,0.344754389128452,NA,NA,1.28511505137699,4,0.25,0.523314146859369,"0.816632545220179",-0.0790428376355905,0.737610799398833
180020,NA,NA,-0.793506035224105,-1.15756234292856,-2.95039165712186,NA,NA,-1.93613438813508,4,0.25,-1.7093986058524,"-2.21031981845383",-0.0790428376355905,0.737610799398833
180024,NA,NA,0.0483232643585746,0.172127405199687,-0.234611948673802,NA,NA,-0.862384574964387,4,0.25,-0.219136463519982,"-0.189928924574546",-0.0790428376355905,0.737610799398833
180025,NA,NA,NA,0.722343852701031,-0.488084721462287,NA,NA,-0.146551366183927,3,0.333333333333333,0.0292359216849391,"0.146796602501995",-0.0790428376355905,0.737610799398833
180027,-0.394726297158433,NA,-0.0164328356093239,-1.02000823105323,-0.741557494250773,-2.0935110142196,NA,-0.146551366183927,6,0.166666666666667,-0.735464539745881,"-0.889929625007235",-0.0790428376355905,0.737610799398833
180029,0.463871576758728,NA,1.01966476387705,-0.744900007302553,-0.560505513687569,0.139712575264284,-0.692123541576881,-1.39925948154973,7,0.142857142857143,-0.253362804030953,"-0.236330550660913",-0.0790428376355905,0.737610799398833
180035,1.15074987589246,0.789120190827578,1.27868916374865,1.22670892957726,0.670647954142219,0.374788742578378,0.59481047790898,1.64303165576722,8,0.125,0.966068373805343,"1.41688707959905",-0.0790428376355905,0.737610799398833
180038,-0.738165446725299,-1.48297844081039,-0.923018235159901,-1.11171097230345,-0.741557494250773,-0.918130177649138,-0.670545171028829,-0.504467970574157,8,0.125,-0.886321738562742,"-1.0944510324213",-0.0790428376355905,0.737610799398833
180040,0.635591151542161,0.90870432933484,-0.0164328356093239,-1.06585960167834,-0.270822344786443,0.0809435334357605,-2.33294283805081,0.390323540401418,8,0.125,-0.208811883176342,"-0.175931596509318",-0.0790428376355905,0.737610799398833
180043,NA,NA,NA,0.0804246639494628,0.489595973579015,NA,NA,0.0324069360111874,3,0.333333333333333,0.200809191179888,"0.379403377829559",-0.0790428376355905,0.737610799398833
180044,-2.28364161977619,-1.24381016379587,-1.44106703490309,-0.286386301051433,-0.270822344786443,-1.74089676324846,-2.18534678350213,-1.39925948154973,8,0.125,-1.35640381157667,"-1.7317547072008",-0.0790428376355905,0.737610799398833
180045,-0.223006722375001,NA,-0.340213335448815,0.172127405199687,-0.524295117574929,0.198481617092807,0.0622562927830398,0.748240144791648,7,0.142857142857143,0.0133700406383481,"0.125286775016387",-0.0790428376355905,0.737610799398833
180046,NA,NA,NA,-0.882454119177889,-0.813978286476055,NA,NA,-0.862384574964387,3,0.333333333333333,-0.852938993539444,"-1.04919309279988",-0.0790428376355905,0.737610799398833
180048,-0.995744808900447,NA,-0.9877743351278,-1.57022467855457,-0.741557494250773,-1.38828251227732,-1.13879581192157,-0.504467970574157,7,0.142857142857143,-1.04669251594381,"-1.31187026965558",-0.0790428376355905,0.737610799398833
180049,-1.08160459629216,NA,-1.63533533480678,-0.653197266052329,-1.42955502039095,0.492326826235425,NA,0.0324069360111874,6,0.166666666666667,-0.712493075882602,"-0.858786556220823",-0.0790428376355905,0.737610799398833
180050,NA,NA,0.566372064101763,-1.43267056667923,-0.958819870926618,NA,NA,-0.325509668379042,4,0.25,-0.537657010470782,"-0.621756315402338",-0.0790428376355905,0.737610799398833
180051,NA,NA,-1.76484753474258,-1.20341371355367,-1.57439660484151,-0.859361135820613,NA,-2.11509269033019,5,0.2,-1.50342233585771,"-1.93107191405416",-0.0790428376355905,0.737610799398833
180056,NA,NA,-2.21814023451787,-0.286386301051433,0.924120726930704,-1.44705155410585,NA,0.390323540401418,5,0.2,-0.527426764468606,"-0.60788687909458",-0.0790428376355905,0.737610799398833
180064,NA,NA,NA,0.263830146449911,1.21380389583183,NA,NA,0.390323540401418,3,0.333333333333333,0.622652527561053,"0.951308421417554",-0.0790428376355905,0.737610799398833
180066,NA,NA,NA,0.0345732933243508,0.0550712202273249,NA,NA,0.0324069360111874,3,0.333333333333333,0.0406838165209543,"0.162316840065417",-0.0790428376355905,0.737610799398833
180067,-0.223006722375001,0.0716153597840098,0.954908663909153,-0.0571294479258733,1.57590785695824,0.0221744916072371,1.96590014253225,1.10615674918188,8,0.125,0.677065886708986,"1.02507816447484",-0.0790428376355905,0.737610799398833
180069,NA,NA,0.760640364005458,0.951600705826591,-1.28471343594039,NA,NA,0.211365238206305,4,0.25,0.159723218024492,"0.323701952106289",-0.0790428376355905,0.737610799398833
180070,NA,NA,-0.793506035224105,0.0345732933243508,0.018860824114684,NA,NA,0.0324069360111874,4,0.25,-0.176916245443471,"-0.132689770659064",-0.0790428376355905,0.737610799398833
180078,NA,NA,-0.469725535384612,-0.699048636677441,-1.2122926437151,NA,NA,-1.39925948154973,4,0.25,-0.945081574331722,"-1.17411341781054",-0.0790428376355905,0.737610799398833
180079,-0.566445871941866,NA,-0.0811889355772215,-1.15756234292856,-3.20386442991035,NA,NA,-1.75717608593996,5,0.2,-1.35324753325959,"-1.72747565065818",-0.0790428376355905,0.737610799398833
180080,-0.48058608455015,NA,-1.0525304350957,0.217978775824799,-0.0535599681105977,1.1975553281777,-0.51518090308285,0.211365238206305,7,0.142857142857143,-0.0678511498043552,"0.0151728904191163",-0.0790428376355905,0.737610799398833
180087,NA,NA,-2.08862803458207,-0.561494524802105,0.308543993015811,NA,NA,-0.504467970574157,4,0.25,-0.711511634235631,"-0.857455987785855",-0.0790428376355905,0.737610799398833
180088,0.635591151542161,0.0716153597840098,-0.0164328356093239,-1.24926508417879,-0.379453533124364,0.198481617092807,-1.0852814529624,-1.0413428771595,8,0.125,-0.358260956826925,"-0.378543968470774",-0.0790428376355905,0.737610799398833
180092,0.120432427191864,NA,-2.41240853442157,0.722343852701031,-0.125980760335879,-0.624284968506521,NA,-1.22030117935462,6,0.166666666666667,-0.590033193787615,"-0.692764201077982",-0.0790428376355905,0.737610799398833
180093,-2.19778183238447,-4.11382948797014,1.14917696381285,-2.57895483230703,-1.64681739706679,0.198481617092807,0.0920344441393524,-1.39925948154973,8,0.125,-1.31211875077914,"-1.67171618711187",-0.0790428376355905,0.737610799398833
180101,NA,NA,NA,0.859897964576367,-0.850188682588695,NA,NA,-0.683426272769272,3,0.333333333333333,-0.224572330260533,"-0.197298484164755",-0.0790428376355905,0.737610799398833
180102,1.23660966328417,0.430367775305794,-0.599237735320409,-0.286386301051433,-0.270822344786443,0.0809435334357605,0.562442922086901,0.927198446986763,8,0.125,0.260139494992639,"0.459839163017501",-0.0790428376355905,0.737610799398833
180103,-0.652305659333582,-1.24381016379587,1.60246966358814,-0.194683559801209,0.236123200790529,0.727402993549518,0.284945076838943,1.46407335357211,8,0.125,0.278026863176072,"0.484089578274452",-0.0790428376355905,0.737610799398833
180104,-1.08160459629216,0.549951913813056,0.631128164069661,-0.836602748552777,-0.415663929237006,0.257250658921331,-0.606673194206593,-0.683426272769272,8,0.125,-0.273205000531721,"-0.263231182426255",-0.0790428376355905,0.737610799398833
180105,NA,NA,0.0483232643585746,0.676492482075919,-0.415663929237006,NA,NA,-1.0413428771595,4,0.25,-0.183047764990504,"-0.141002446601486",-0.0790428376355905,0.737610799398833
180115,NA,NA,-0.728749935256206,-1.20341371355367,-2.91418126100922,NA,NA,-2.11509269033019,4,0.25,-1.74035940003732,"-2.2522942502411",-0.0790428376355905,0.737610799398833
180116,-2.02606225760104,NA,1.01966476387705,-1.2951164548039,0.199912804677888,-0.0953635920498098,NA,-1.22030117935462,6,0.166666666666667,-0.569544319209071,"-0.664986849397065",-0.0790428376355905,0.737610799398833
180124,-0.909885021508731,NA,-1.1172865350636,-1.06585960167834,-0.0897703642232385,0.0221744916072371,NA,0.211365238206305,6,0.166666666666667,-0.49154363211006,"-0.559239093042924",-0.0790428376355905,0.737610799398833
180127,0.463871576758728,NA,-1.37631093493519,0.0345732933243508,-0.451874325349647,0.198481617092807,NA,-0.683426272769272,6,0.166666666666667,-0.302447507646371,"-0.302876083420768",-0.0790428376355905,0.737610799398833
180128,NA,NA,-0.728749935256206,-1.15756234292856,0.0912816163399657,NA,NA,-0.504467970574157,4,0.25,-0.574874658104739,"-0.672213341877941",-0.0790428376355905,0.737610799398833
180130,0.721450938933877,0.789120190827578,0.113079364326474,-0.332237671676545,-0.16219115644852,-0.918130177649138,-1.53324842553998,0.569281842596533,8,0.125,-0.0941093868287145,"-0.0204261504921072",-0.0790428376355905,0.737610799398833
180132,-0.652305659333582,NA,-1.76484753474258,-0.0112780773007613,-0.741557494250773,0.316019700749854,-1.37615788795015,-2.65196759691554,7,0.142857142857143,-0.983156364249076,"-1.22573249652846",-0.0790428376355905,0.737610799398833
180138,NA,NA,-0.663993835288308,0.768195223326143,-0.379453533124364,NA,NA,0.390323540401418,4,0.25,0.028767848828722,"0.146162022779737",-0.0790428376355905,0.737610799398833
180141,-0.909885021508731,NA,0.24259156426227,0.263830146449911,-0.741557494250773,-1.09443730313471,-2.06450790843303,-0.504467970574157,7,0.142857142857143,-0.686919141027031,"-0.82411524327853",-0.0790428376355905,0.737610799398833
180143,NA,NA,NA,1.08915481770193,0.887910330818063,0.374788742578378,NA,1.10615674918188,4,0.25,0.864502660070061,"1.27919154447665",-0.0790428376355905,0.737610799398833
180149,NA,NA,NA,NA,-1.06745105926454,NA,NA,-1.39925948154973,2,0.5,-1.23335527040714,"-1.56493429015998",-0.0790428376355905,0.737610799398833
180154,NA,NA,NA,-1.11171097230345,-1.35713422816567,NA,NA,-1.75717608593996,3,0.333333333333333,-1.40867376213636,"-1.80261857009746",-0.0790428376355905,0.737610799398833
181301,NA,NA,-0.469725535384612,-0.102980818550985,0.163702408565247,NA,NA,-0.862384574964387,4,0.25,-0.317847130083684,"-0.323753790810443",-0.0790428376355905,0.737610799398833
181302,NA,NA,NA,NA,NA,NA,NA,-0.504467970574157,1,1,-0.504467970574157,"-0.576760987346302",-0.0790428376355905,0.737610799398833
181304,NA,NA,NA,NA,NA,NA,NA,-0.862384574964387,1,1,-0.862384574964387,"-1.06199873695889",-0.0790428376355905,0.737610799398833
181305,NA,NA,NA,NA,NA,NA,NA,NA,0,NA,NA,"NaN",-0.0790428376355905,0.737610799398833
181306,NA,NA,NA,NA,0.127492012452607,NA,NA,NA,1,1,0.127492012452607,"0.280005187365108",-0.0790428376355905,0.737610799398833
181307,NA,NA,NA,NA,NA,NA,NA,NA,0,NA,NA,"NaN",-0.0790428376355905,0.737610799398833
181308,NA,NA,NA,NA,NA,NA,NA,NA,0,NA,NA,"NaN",-0.0790428376355905,0.737610799398833
181309,NA,NA,-0.0164328356093239,0.217978775824799,-0.850188682588695,NA,NA,-2.29405099252531,4,0.25,-0.735673433724632,"-0.890212828532619",-0.0790428376355905,0.737610799398833
181310,NA,NA,NA,NA,NA,NA,NA,NA,0,NA,NA,"NaN",-0.0790428376355905,0.737610799398833
181311,NA,NA,NA,NA,NA,NA,NA,NA,0,NA,NA,"NaN",-0.0790428376355905,0.737610799398833
181314,NA,NA,NA,NA,NA,NA,NA,NA,0,NA,NA,"NaN",-0.0790428376355905,0.737610799398833
181315,NA,NA,NA,NA,0.018860824114684,NA,NA,-0.683426272769272,2,0.5,-0.332282724327294,"-0.343324537680439",-0.0790428376355905,0.737610799398833
181316,NA,NA,NA,NA,NA,NA,NA,NA,0,NA,NA,"NaN",-0.0790428376355905,0.737610799398833
181317,NA,NA,NA,NA,-1.64681739706679,NA,NA,-0.146551366183927,2,0.5,-0.89668438162536,"-1.10849996320033",-0.0790428376355905,0.737610799398833
181318,NA,NA,NA,NA,-0.813978286476055,NA,NA,0.390323540401418,2,0.5,-0.211827373037319,"-0.180019782126225",-0.0790428376355905,0.737610799398833
181319,NA,NA,-0.404969435416714,NA,-2.44344611154489,NA,NA,-3.00988420130577,3,0.333333333333333,-1.95276658275579,"-2.54026072645265",-0.0790428376355905,0.737610799398833
181320,NA,NA,-0.275457235480917,-1.11171097230345,-0.596715909800209,NA,NA,-1.39925948154973,4,0.25,-0.845785899783577,"-1.03949543956365",-0.0790428376355905,0.737610799398833
181321,NA,NA,NA,NA,-0.234611948673802,NA,NA,NA,1,1,-0.234611948673802,"-0.210909481212861",-0.0790428376355905,0.737610799398833
181322,NA,NA,NA,NA,NA,NA,NA,-4.08363401447646,1,1,-4.08363401447646,"-5.42913848347216",-0.0790428376355905,0.737610799398833
181323,NA,NA,-3.44850613390794,NA,-1.68302779317943,NA,NA,-0.862384574964387,3,0.333333333333333,-1.99797283401725,"-2.60154813072914",-0.0790428376355905,0.737610799398833
181324,NA,NA,NA,NA,NA,NA,NA,0.390323540401418,1,1,0.390323540401418,"0.636333386685161",-0.0790428376355905,0.737610799398833
181325,NA,NA,NA,NA,NA,NA,NA,NA,0,NA,NA,"NaN",-0.0790428376355905,0.737610799398833
181327,NA,NA,-1.0525304350957,NA,-0.415663929237006,NA,NA,-1.0413428771595,3,0.333333333333333,-0.836512413830735,"-1.02692311014494",-0.0790428376355905,0.737610799398833
181328,NA,NA,NA,NA,NA,NA,NA,-2.83092589911065,1,1,-2.83092589911065,"-3.7308063598281",-0.0790428376355905,0.737610799398833
181329,NA,NA,NA,0.814046593951255,0.525806369691656,NA,NA,0.390323540401418,3,0.333333333333333,0.576725501348109,"0.889043841980301",-0.0790428376355905,0.737610799398833
181330,NA,NA,NA,NA,-0.379453533124364,NA,NA,-0.683426272769272,2,0.5,-0.531439902946818,"-0.613327605398321",-0.0790428376355905,0.737610799398833
181331,NA,NA,NA,NA,NA,NA,NA,NA,0,NA,NA,"NaN",-0.0790428376355905,0.737610799398833
181333,NA,NA,NA,NA,NA,NA,NA,NA,0,NA,NA,"NaN",-0.0790428376355905,0.737610799398833
181334,NA,NA,NA,NA,NA,NA,NA,NA,0,NA,NA,"NaN",-0.0790428376355905,0.737610799398833
190002,-1.94020247020933,-1.84173085633217,0.177835464294372,-0.240534930426321,0.779279142480142,-0.0365945502212864,0.174895387043875,-0.862384574964387,8,0.125,-0.473679673541888,"-0.535020414869107",-0.0790428376355905,0.737610799398833
190004,-2.19778183238447,-1.60256257931765,-1.44106703490309,-2.48725209105681,-2.22618373486905,-1.50582059593437,NA,-2.65196759691554,7,0.142857142857143,-2.01609078076871,"-2.62611114792768",-0.0790428376355905,0.737610799398833
190005,-1.08160459629216,NA,NA,-1.24926508417879,0.634437558029578,0.433557784406901,-0.778005456358132,0.0324069360111874,6,0.166666666666667,-0.334745476396902,"-0.34666336090756",-0.0790428376355905,0.737610799398833
190006,NA,NA,-2.08862803458207,-0.240534930426321,-0.451874325349647,NA,NA,-0.862384574964387,4,0.25,-0.910855466330607,"-1.12771210694442",-0.0790428376355905,0.737610799398833
190007,NA,NA,NA,0.630641111450807,-0.99503026703926,NA,NA,-0.683426272769272,3,0.333333333333333,-0.349271809452575,"-0.36635712497326",-0.0790428376355905,0.737610799398833
190008,0.549731364150444,-1.84173085633217,1.01966476387705,-1.38681919605412,-0.19840155256116,0.139712575264284,-0.219125659163566,-0.504467970574157,8,0.125,-0.305179566424175,"-0.306580013433765",-0.0790428376355905,0.737610799398833
190011,NA,NA,NA,0.355532887700135,NA,0.727402993549518,NA,-0.325509668379042,3,0.333333333333333,0.252475404290204,"0.44944873664538",-0.0790428376355905,0.737610799398833
190013,NA,NA,-0.340213335448815,-0.194683559801209,-0.886399078701336,-1.91720388873403,NA,-1.39925948154973,5,0.2,-0.947551868847025,"-1.17746246654643",-0.0790428376355905,0.737610799398833
190014,NA,NA,-1.89435973467838,-0.882454119177889,-1.57439660484151,NA,NA,-0.862384574964387,4,0.25,-1.30339875841554,"-1.65989424473967",-0.0790428376355905,0.737610799398833
190015,-1.42504374585903,-1.00464188678134,0.566372064101763,-0.790751377927665,-0.669136702025491,-0.97689921947766,-0.52769635800072,-1.75717608593996,8,0.125,-0.823121663988763,"-1.00876888863288",-0.0790428376355905,0.737610799398833
190017,-0.394726297158433,NA,0.501615964133864,-2.67065757355726,-1.13987185148982,-1.27074442862028,0.576253079237654,-2.47300929472042,7,0.142857142857143,-0.981591486024956,"-1.22361094648419",-0.0790428376355905,0.737610799398833
190019,-1.08160459629216,-2.32006741036122,0.436859864165966,0.401384258325247,-0.0173495719979558,0.0809435334357605,-0.360248202547831,-1.0413428771595,8,0.125,-0.487678125303962,"-0.553998515208044",-0.0790428376355905,0.737610799398833
190020,-0.394726297158433,NA,NA,-1.79948153168013,-0.886399078701336,0.903710119035088,NA,-1.0413428771595,5,0.2,-0.643647933132863,"-0.765451232489324",-0.0790428376355905,0.737610799398833
190025,NA,NA,NA,0.126276034574575,0.779279142480142,NA,NA,0.0324069360111874,3,0.333333333333333,0.312654037688635,"0.531034626449973",-0.0790428376355905,0.737610799398833
190026,-0.48058608455015,0.191199498291271,-0.599237735320409,1.31841167082749,0.0912816163399657,0.0221744916072371,-0.175968918067461,-0.325509668379042,8,0.125,0.00522060884361237,"0.114238357881798",-0.0790428376355905,0.737610799398833
190027,-0.223006722375001,-0.406721194245036,-1.44106703490309,0.0804246639494628,-0.0535599681105977,0.374788742578378,1.62194091599629,-0.504467970574157,8,0.125,-0.068958570960469,"0.0136715279702255",-0.0790428376355905,0.737610799398833
190034,NA,NA,NA,-1.52437330792946,0.598227161916937,NA,NA,-0.683426272769272,3,0.333333333333333,-0.53652413959393,"-0.620220450041127",-0.0790428376355905,0.737610799398833
190036,0.807310726325593,0.0716153597840098,-2.28289633448577,-0.102980818550985,1.28622468805711,0.139712575264284,0.0372253829472994,1.46407335357211,8,0.125,0.177535616614207,"0.347850728946639",-0.0790428376355905,0.737610799398833
190039,-1.51090353325075,NA,-0.923018235159901,-1.43267056667923,-0.234611948673802,-0.0953635920498098,NA,-0.504467970574157,6,0.166666666666667,-0.783505974397941,"-0.955060768275765",-0.0790428376355905,0.737610799398833
190040,-0.0512871475915684,-0.287137055737774,0.436859864165966,0.0345732933243508,-0.125980760335879,0.257250658921331,-0.181147726998994,-0.504467970574157,8,0.125,-0.0526671056033405,"0.0357583322447919",-0.0790428376355905,0.737610799398833
190041,0.549731364150444,0.549951913813056,0.501615964133864,0.584789740825695,0.163702408565247,0.198481617092807,0.362195643400973,-0.683426272769272,8,0.125,0.278380297401602,"0.48456873913519",-0.0790428376355905,0.737610799398833
190044,NA,NA,0.307347664230169,-0.332237671676545,-1.97271096208056,NA,NA,-0.862384574964387,4,0.25,-0.714996386122831,"-0.862180365316715",-0.0790428376355905,0.737610799398833
190045,-0.394726297158433,-0.287137055737774,-1.50582313487099,-0.515643154176993,-0.270822344786443,0.139712575264284,-0.181147726998994,0.211365238206305,8,0.125,-0.350527737532379,"-0.368059822494538",-0.0790428376355905,0.737610799398833
190046,0.0345726398001479,0.191199498291271,-0.210701135513018,0.447235628950359,1.06896231138127,0.786172035378042,NA,0.390323540401418,7,0.142857142857143,0.386823502669927,"0.631588285699189",-0.0790428376355905,0.737610799398833
190050,NA,NA,0.631128164069661,0.0804246639494628,-0.741557494250773,NA,NA,-0.504467970574157,4,0.25,-0.133618159201451,"-0.0739893201270112",-0.0790428376355905,0.737610799398833
190053,NA,NA,0.24259156426227,-2.02873838480569,-0.0535599681105977,NA,NA,-1.0413428771595,4,0.25,-0.72026241645338,"-0.869319672841552",-0.0790428376355905,0.737610799398833
190054,-1.16746438368388,NA,-1.57057923483889,-0.928305489803001,0.199912804677888,0.903710119035088,NA,-1.93613438813508,6,0.166666666666667,-0.749810095457978,"-0.909378304071843",-0.0790428376355905,0.737610799398833
190060,0.292152001975297,-0.287137055737774,-1.63533533480678,0.0804246639494628,1.17759349971919,1.25632437000623,-0.896686494372421,-1.39925948154973,8,0.125,-0.176490478852067,"-0.132112546746737",-0.0790428376355905,0.737610799398833
190064,-1.16746438368388,1.0282884678421,-1.89435973467838,-0.240534930426321,-1.35713422816567,-0.741823052163566,-1.18713136194921,-0.862384574964387,8,0.125,-0.802817974773663,"-0.981242598031324",-0.0790428376355905,0.737610799398833
190065,0.463871576758728,0.90870432933484,0.566372064101763,-0.469791783551881,-0.63292630591285,0.316019700749854,-0.647672098247893,0.390323540401418,8,0.125,0.111862627954247,"0.25881598499565",-0.0790428376355905,0.737610799398833
190079,NA,NA,NA,NA,NA,NA,NA,0.0324069360111874,1,1,0.0324069360111874,"0.151095637072575",-0.0790428376355905,0.737610799398833
190086,-0.394726297158433,NA,-2.47716463438946,-0.194683559801209,0.0912816163399657,0.139712575264284,NA,-0.862384574964387,6,0.166666666666667,-0.616327479118207,"-0.72841211370619",-0.0790428376355905,0.737610799398833
190088,NA,NA,NA,0.217978775824799,0.634437558029578,NA,NA,0.211365238206305,3,0.333333333333333,0.354593857353561,"0.587893636240919",-0.0790428376355905,0.737610799398833
190090,NA,NA,NA,NA,-2.69691888433338,NA,NA,-3.18884250350088,2,0.5,-2.94288069391713,"-3.88258666849187",-0.0790428376355905,0.737610799398833
190098,-0.137146934983285,NA,0.890152563941255,-1.38681919605412,0.7430687463675,-0.44797784302095,0.414415300127259,0.390323540401418,7,0.142857142857143,0.0665737395398681,"0.197416547173847",-0.0790428376355905,0.737610799398833
190099,NA,NA,NA,-1.84533290230524,-2.29860452709433,NA,NA,-0.325509668379042,3,0.333333333333333,-1.48981569925954,"-1.91262500870886",-0.0790428376355905,0.737610799398833
190102,-0.223006722375001,-1.00464188678134,-1.57057923483889,-0.378089042301657,-1.71923818929207,-0.859361135820613,-1.50605967864943,-1.0413428771595,8,0.125,-1.03778984590231,"-1.29980066594486",-0.0790428376355905,0.737610799398833
190106,NA,NA,NA,-0.240534930426321,0.0550712202273249,NA,NA,-0.683426272769272,3,0.333333333333333,-0.289629994322756,"-0.28549901500737",-0.0790428376355905,0.737610799398833
190111,0.292152001975297,-1.24381016379587,-0.923018235159901,0.355532887700135,-0.451874325349647,-0.0365945502212864,-0.599768115631217,-2.47300929472042,8,0.125,-0.635048724400363,"-0.753793039930988",-0.0790428376355905,0.737610799398833
190114,NA,NA,NA,-1.02000823105323,-0.307032740899083,NA,NA,-1.57821778374485,3,0.333333333333333,-0.968419585232385,"-1.20575342487075",-0.0790428376355905,0.737610799398833
190116,NA,NA,NA,-0.286386301051433,-0.524295117574929,NA,NA,-1.39925948154973,3,0.333333333333333,-0.736646966725365,"-0.891532674990298",-0.0790428376355905,0.737610799398833
190118,NA,NA,NA,0.309681517075023,0.127492012452607,NA,NA,0.0324069360111874,3,0.333333333333333,0.156526821846272,"0.319368506635012",-0.0790428376355905,0.737610799398833
190125,-0.652305659333582,-0.526305332752297,-1.24679873499939,0.0345732933243508,-0.850188682588695,-0.0953635920498098,-0.62997783439849,0.0324069360111874,8,0.125,-0.491744950848341,"-0.55951202659873",-0.0790428376355905,0.737610799398833
190128,NA,NA,NA,NA,NA,NA,NA,0.211365238206305,1,1,0.211365238206305,"0.393714511878871",-0.0790428376355905,0.737610799398833
190133,NA,NA,NA,NA,NA,NA,NA,0.569281842596533,1,1,0.569281842596533,"0.878952261491454",-0.0790428376355905,0.737610799398833
190140,NA,NA,NA,NA,0.996541519155986,NA,NA,-0.325509668379042,2,0.5,0.335515925388472,"0.56202913970611",-0.0790428376355905,0.737610799398833
190144,NA,NA,-0.0164328356093239,-0.286386301051433,-1.10366145537718,0.727402993549518,NA,-1.22030117935462,5,0.2,-0.379875755568607,"-0.407847767654977",-0.0790428376355905,0.737610799398833
190145,NA,NA,NA,-0.928305489803001,-1.53818620872887,NA,NA,-3.367800805696,3,0.333333333333333,-1.94476416807596,"-2.52941162461418",-0.0790428376355905,0.737610799398833
190151,NA,NA,NA,NA,-0.19840155256116,NA,NA,-1.57821778374485,2,0.5,-0.888309668153003,"-1.09714612526956",-0.0790428376355905,0.737610799398833
190160,-0.995744808900447,-0.765473609766821,0.177835464294372,0.447235628950359,-0.343243137011723,1.13878628634918,0.233588554934578,0.211365238206305,8,0.125,0.0130437021319756,"0.124844348594975",-0.0790428376355905,0.737610799398833
190164,NA,NA,0.631128164069661,-0.378089042301657,-0.560505513687569,NA,NA,-1.93613438813508,4,0.25,-0.56090019501366,"-0.653267763664513",-0.0790428376355905,0.737610799398833
190167,NA,NA,-0.340213335448815,-1.24926508417879,-0.886399078701336,-0.800592093992089,NA,-0.862384574964387,5,0.2,-0.827770833457083,"-1.01507190029175",-0.0790428376355905,0.737610799398833
190176,-0.824025234117015,-0.406721194245036,0.436859864165966,0.584789740825695,-1.10366145537718,-0.154132633878333,-1.18713136194921,-1.22030117935462,8,0.125,-0.484290431741216,"-0.54940572241609",-0.0790428376355905,0.737610799398833
190183,NA,NA,NA,0.905749335201479,-1.32092383205303,NA,NA,0.211365238206305,3,0.333333333333333,-0.0679364195484142,"0.0150572877949024",-0.0790428376355905,0.737610799398833
190184,NA,NA,0.501615964133864,-0.194683559801209,-0.234611948673802,NA,NA,-1.22030117935462,4,0.25,-0.286995180923941,"-0.281926923328448",-0.0790428376355905,0.737610799398833
190190,NA,NA,NA,0.768195223326143,NA,NA,NA,NA,1,1,0.768195223326143,"1.14862480545601",-0.0790428376355905,0.737610799398833
190201,NA,NA,NA,NA,NA,NA,NA,0.390323540401418,1,1,0.390323540401418,"0.636333386685161",-0.0790428376355905,0.737610799398833
190202,0.292152001975297,NA,-2.41240853442157,0.905749335201479,0.163702408565247,-1.21197538679175,-0.986020948441359,-0.325509668379042,7,0.142857142857143,-0.510615827470242,"-0.585095812298833",-0.0790428376355905,0.737610799398833
190208,NA,NA,-0.534481635352511,NA,NA,NA,NA,-0.504467970574157,2,0.5,-0.519474802963334,"-0.597106178063965",-0.0790428376355905,0.737610799398833
190218,NA,NA,NA,NA,-2.55207729988281,NA,NA,-2.83092589911065,2,0.5,-2.69150159949673,"-3.54178485996998",-0.0790428376355905,0.737610799398833
190241,NA,NA,NA,NA,NA,NA,NA,NA,0,NA,NA,"NaN",-0.0790428376355905,0.737610799398833
190245,NA,NA,NA,NA,NA,NA,NA,0.211365238206305,1,1,0.211365238206305,"0.393714511878871",-0.0790428376355905,0.737610799398833
190251,NA,NA,NA,NA,NA,NA,NA,0.211365238206305,1,1,0.211365238206305,"0.393714511878871",-0.0790428376355905,0.737610799398833
190255,NA,NA,NA,NA,NA,NA,NA,0.211365238206305,1,1,0.211365238206305,"0.393714511878871",-0.0790428376355905,0.737610799398833
190256,NA,NA,NA,NA,NA,NA,NA,0.211365238206305,1,1,0.211365238206305,"0.393714511878871",-0.0790428376355905,0.737610799398833
190259,NA,NA,NA,NA,NA,NA,NA,-0.146551366183927,1,1,-0.146551366183927,"-0.0915232377337164",-0.0790428376355905,0.737610799398833
190266,NA,NA,NA,NA,NA,NA,NA,-0.146551366183927,1,1,-0.146551366183927,"-0.0915232377337164",-0.0790428376355905,0.737610799398833
190267,NA,NA,NA,NA,NA,NA,NA,0.390323540401418,1,1,0.390323540401418,"0.636333386685161",-0.0790428376355905,0.737610799398833
190270,NA,NA,NA,NA,NA,NA,NA,0.211365238206305,1,1,0.211365238206305,"0.393714511878871",-0.0790428376355905,0.737610799398833
190274,0.378011789367012,NA,-0.728749935256206,-1.38681919605412,0.018860824114684,-0.271670717535378,NA,-0.146551366183927,6,0.166666666666667,-0.356153100257989,"-0.375686287196783",-0.0790428376355905,0.737610799398833
190278,NA,NA,NA,NA,NA,NA,NA,-0.146551366183927,1,1,-0.146551366183927,"-0.0915232377337164",-0.0790428376355905,0.737610799398833
190298,NA,NA,NA,NA,NA,NA,NA,0.211365238206305,1,1,0.211365238206305,"0.393714511878871",-0.0790428376355905,0.737610799398833
190300,NA,NA,NA,NA,NA,NA,NA,0.211365238206305,1,1,0.211365238206305,"0.393714511878871",-0.0790428376355905,0.737610799398833
190303,NA,NA,NA,NA,NA,NA,NA,-0.504467970574157,1,1,-0.504467970574157,"-0.576760987346302",-0.0790428376355905,0.737610799398833
190308,NA,NA,NA,-0.332237671676545,0.525806369691656,NA,NA,0.211365238206305,3,0.333333333333333,0.134977978740472,"0.290154125387662",-0.0790428376355905,0.737610799398833
190312,NA,NA,0.24259156426227,-0.469791783551881,-0.16219115644852,NA,NA,0.0324069360111874,4,0.25,-0.0892461099317359,"-0.0138328672851066",-0.0790428376355905,0.737610799398833
190313,NA,NA,NA,NA,NA,NA,NA,0.211365238206305,1,1,0.211365238206305,"0.393714511878871",-0.0790428376355905,0.737610799398833
190316,NA,NA,NA,NA,0.598227161916937,NA,NA,0.211365238206305,2,0.5,0.404796200061621,"0.655954384197669",-0.0790428376355905,0.737610799398833
190317,NA,NA,NA,NA,NA,NA,NA,NA,0,NA,NA,"NaN",-0.0790428376355905,0.737610799398833
190318,NA,NA,0.631128164069661,0.401384258325247,-0.307032740899083,NA,NA,0.748240144791648,4,0.25,0.368429956571868,"0.606651630605406",-0.0790428376355905,0.737610799398833
190319,NA,NA,NA,NA,NA,NA,NA,NA,0,NA,NA,"NaN",-0.0790428376355905,0.737610799398833
191300,NA,NA,NA,NA,NA,NA,NA,NA,0,NA,NA,"NaN",-0.0790428376355905,0.737610799398833
191301,NA,NA,NA,NA,-1.79165898151736,NA,NA,-0.862384574964387,2,0.5,-1.32702177824087,"-1.6919206465285",-0.0790428376355905,0.737610799398833
191302,NA,NA,NA,NA,0.453385577466374,NA,NA,-0.504467970574157,2,0.5,-0.0255411965538913,"0.0725337008694885",-0.0790428376355905,0.737610799398833
191304,NA,NA,NA,NA,-0.16219115644852,NA,NA,-0.504467970574157,2,0.5,-0.333329563511338,"-0.344743767421785",-0.0790428376355905,0.737610799398833
191305,NA,NA,NA,NA,NA,NA,NA,NA,0,NA,NA,"NaN",-0.0790428376355905,0.737610799398833
191306,NA,NA,NA,NA,NA,NA,NA,NA,0,NA,NA,"NaN",-0.0790428376355905,0.737610799398833
191307,NA,NA,NA,NA,NA,NA,NA,NA,0,NA,NA,"NaN",-0.0790428376355905,0.737610799398833
191308,NA,NA,NA,NA,NA,NA,NA,NA,0,NA,NA,"NaN",-0.0790428376355905,0.737610799398833
191309,NA,NA,NA,NA,NA,NA,NA,NA,0,NA,NA,"NaN",-0.0790428376355905,0.737610799398833
191310,NA,NA,NA,NA,-1.2122926437151,NA,NA,0.211365238206305,2,0.5,-0.500463702754399,"-0.571332287247251",-0.0790428376355905,0.737610799398833
191311,NA,NA,NA,NA,NA,NA,NA,NA,0,NA,NA,"NaN",-0.0790428376355905,0.737610799398833
191312,NA,NA,-0.340213335448815,0.401384258325247,1.03275191526863,NA,NA,-0.504467970574157,4,0.25,0.147363716892725,"0.306945823885498",-0.0790428376355905,0.737610799398833
191313,NA,NA,NA,NA,NA,NA,NA,NA,0,NA,NA,"NaN",-0.0790428376355905,0.737610799398833
191314,NA,NA,NA,NA,NA,NA,NA,NA,0,NA,NA,"NaN",-0.0790428376355905,0.737610799398833
191315,NA,NA,NA,NA,-1.28471343594039,NA,NA,-0.146551366183927,2,0.5,-0.715632401062156,"-0.863042628911342",-0.0790428376355905,0.737610799398833
191316,NA,NA,NA,NA,NA,NA,NA,NA,0,NA,NA,"NaN",-0.0790428376355905,0.737610799398833
191317,NA,NA,NA,NA,-0.16219115644852,NA,NA,-1.39925948154973,2,0.5,-0.780725318999126,"-0.951290954437517",-0.0790428376355905,0.737610799398833
191318,NA,NA,0.0483232643585746,-0.744900007302553,-0.0535599681105977,NA,NA,-0.504467970574157,4,0.25,-0.313651170407183,"-0.318065208593479",-0.0790428376355905,0.737610799398833
191320,NA,NA,NA,NA,NA,NA,NA,NA,0,NA,NA,"NaN",-0.0790428376355905,0.737610799398833
191321,NA,NA,NA,NA,NA,NA,NA,NA,0,NA,NA,"NaN",-0.0790428376355905,0.737610799398833
191322,NA,NA,NA,NA,-0.234611948673802,NA,NA,-0.504467970574157,2,0.5,-0.369539959623979,"-0.393835234279581",-0.0790428376355905,0.737610799398833
191323,NA,NA,NA,NA,-0.415663929237006,NA,NA,-0.504467970574157,2,0.5,-0.460065949905581,"-0.516563901424073",-0.0790428376355905,0.737610799398833
191324,NA,NA,NA,NA,1.17759349971919,NA,NA,0.569281842596533,2,0.5,0.873437671157862,"1.29130499386633",-0.0790428376355905,0.737610799398833
191325,NA,NA,NA,NA,NA,NA,NA,NA,0,NA,NA,"NaN",-0.0790428376355905,0.737610799398833
191326,NA,NA,NA,NA,NA,NA,NA,0.0324069360111874,1,1,0.0324069360111874,"0.151095637072575",-0.0790428376355905,0.737610799398833
191327,NA,NA,NA,NA,0.0912816163399657,NA,NA,-0.683426272769272,2,0.5,-0.296072328214653,"-0.294233070822642",-0.0790428376355905,0.737610799398833
200001,-0.394726297158433,NA,1.40820136368444,-1.75363016105502,-0.777767890363414,-0.271670717535378,NA,-0.146551366183927,6,0.166666666666667,-0.322690844768621,"-0.330320552968596",-0.0790428376355905,0.737610799398833
200008,-0.308866509766717,NA,-0.0811889355772215,-0.286386301051433,0.960331123043346,-0.859361135820613,NA,0.390323540401418,6,0.166666666666667,-0.0308580364618701,"0.0653255093512621",-0.0790428376355905,0.737610799398833
200009,-0.652305659333582,0.310783636798532,-0.728749935256206,-1.24926508417879,0.815489538592783,0.316019700749854,-0.464255948589445,1.10615674918188,8,0.125,-0.0682658752543715,"0.0146106352971004",-0.0790428376355905,0.737610799398833
200018,-0.223006722375001,NA,-0.469725535384612,-0.286386301051433,-0.234611948673802,NA,NA,-0.325509668379042,5,0.2,-0.307848035172778,"-0.310197732630363",-0.0790428376355905,0.737610799398833
200020,0.635591151542161,NA,-0.0164328356093239,-0.561494524802105,-0.234611948673802,-0.506746884849472,NA,0.569281842596533,6,0.166666666666667,-0.0190688666326683,"0.0813084231573103",-0.0790428376355905,0.737610799398833
200021,-2.54122098195134,NA,-0.469725535384612,0.172127405199687,-1.93650056596792,-1.03566826130618,NA,-0.325509668379042,6,0.166666666666667,-1.02274960129823,"-1.27941017733442",-0.0790428376355905,0.737610799398833
200024,-0.223006722375001,-0.0479687787232517,0.760640364005458,-0.928305489803001,-0.234611948673802,-1.85843484690551,-0.172084811368811,-0.325509668379042,8,0.125,-0.37866023777787,"-0.40619985551523",-0.0790428376355905,0.737610799398833
200031,NA,NA,-2.08862803458207,-1.24926508417879,-1.06745105926454,NA,NA,-0.325509668379042,4,0.25,-1.18271346160111,"-1.4962777454791",-0.0790428376355905,0.737610799398833
200033,-0.0512871475915684,0.549951913813056,-1.57057923483889,0.859897964576367,0.779279142480142,-1.3295134704488,-0.22473603550606,-0.325509668379042,8,0.125,-0.164062066986849,"-0.11526299427903",-0.0790428376355905,0.737610799398833
200034,NA,NA,NA,-0.194683559801209,-1.35713422816567,NA,NA,-0.146551366183927,3,0.333333333333333,-0.566123051383601,"-0.66034853901948",-0.0790428376355905,0.737610799398833
200039,-0.995744808900447,NA,-0.599237735320409,-1.52437330792946,0.887910330818063,-0.741823052163566,NA,0.569281842596533,6,0.166666666666667,-0.400664455149881,"-0.436031600644158",-0.0790428376355905,0.737610799398833
200050,0.463871576758728,NA,NA,0.309681517075023,-0.886399078701336,-0.506746884849472,NA,0.569281842596533,5,0.2,-0.0100622054241049,"0.0935190106594238",-0.0790428376355905,0.737610799398833
200063,0.0345726398001479,NA,-0.340213335448815,-0.515643154176993,-0.886399078701336,0.316019700749854,NA,0.569281842596533,6,0.166666666666667,-0.137063564196768,"-0.078660353954234",-0.0790428376355905,0.737610799398833
201300,NA,NA,NA,NA,0.779279142480142,NA,NA,0.569281842596533,2,0.5,0.674280492538337,"1.02130192614845",-0.0790428376355905,0.737610799398833
201301,NA,NA,NA,NA,NA,NA,NA,-0.146551366183927,1,1,-0.146551366183927,"-0.0915232377337164",-0.0790428376355905,0.737610799398833
201302,NA,NA,-0.599237735320409,-0.423940412926769,0.0550712202273249,-2.44612526519074,NA,-0.146551366183927,5,0.2,-0.712156711878905,"-0.858330537946725",-0.0790428376355905,0.737610799398833
201303,NA,NA,NA,NA,NA,NA,NA,0.390323540401418,1,1,0.390323540401418,"0.636333386685161",-0.0790428376355905,0.737610799398833
201304,NA,NA,NA,NA,-0.270822344786443,NA,NA,-0.862384574964387,2,0.5,-0.566603459875415,"-0.660999842514773",-0.0790428376355905,0.737610799398833
201305,NA,NA,NA,NA,-1.82786937763,NA,NA,0.569281842596533,2,0.5,-0.629293767516732,"-0.745990880732232",-0.0790428376355905,0.737610799398833
201306,NA,NA,NA,NA,0.562016765804296,NA,NA,-0.146551366183927,2,0.5,0.207732699810185,"0.388789775962476",-0.0790428376355905,0.737610799398833
201307,-2.36950140716791,NA,NA,-0.102980818550985,-1.68302779317943,NA,NA,-1.57821778374485,4,0.25,-1.43343195066079,"-1.83618395247067",-0.0790428376355905,0.737610799398833
201308,NA,NA,-1.70009143477468,-3.45013087418416,0.779279142480142,NA,NA,0.569281842596533,4,0.25,-0.950415330970543,"-1.1813445438233",-0.0790428376355905,0.737610799398833
201309,NA,NA,-0.404969435416714,NA,-0.705347098138132,NA,NA,-0.325509668379042,3,0.333333333333333,-0.478608733977962,"-0.541702882696438",-0.0790428376355905,0.737610799398833
201310,NA,NA,NA,-1.79948153168013,-0.379453533124364,NA,NA,-0.504467970574157,3,0.333333333333333,-0.89446767845955,"-1.10549471549026",-0.0790428376355905,0.737610799398833
201311,NA,NA,-0.469725535384612,NA,0.199912804677888,NA,NA,0.390323540401418,3,0.333333333333333,0.0401702698982312,"0.161620610260835",-0.0790428376355905,0.737610799398833
201312,NA,NA,0.372103764198067,-2.30384660855636,-0.125980760335879,NA,NA,0.390323540401418,4,0.25,-0.416850016073189,"-0.457974827257027",-0.0790428376355905,0.737610799398833
201313,NA,NA,-0.663993835288308,NA,-0.524295117574929,NA,NA,-0.146551366183927,3,0.333333333333333,-0.444946773015721,"-0.496066402062374",-0.0790428376355905,0.737610799398833
201314,0.0345726398001479,NA,-1.37631093493519,-2.21214386730614,-0.958819870926618,-0.918130177649138,NA,-1.22030117935462,6,0.166666666666667,-1.10852223172859,"-1.39569457894603",-0.0790428376355905,0.737610799398833
201315,NA,NA,-0.275457235480917,-0.515643154176993,-0.415663929237006,-0.683054010335044,NA,0.211365238206305,5,0.2,-0.335690618204731,"-0.347944716615203",-0.0790428376355905,0.737610799398833
201316,NA,NA,-1.31155483496729,-0.515643154176993,0.163702408565247,-0.330439759363904,NA,0.211365238206305,5,0.2,-0.356514020347327,"-0.376175596856609",-0.0790428376355905,0.737610799398833
201317,NA,NA,NA,NA,NA,NA,NA,NA,0,NA,NA,"NaN",-0.0790428376355905,0.737610799398833
210001,0.120432427191864,NA,-1.1172865350636,-0.286386301051433,-0.63292630591285,-0.859361135820613,0.112318112454522,0.211365238206305,7,0.142857142857143,-0.3502634999994,"-0.367701588134094",-0.0790428376355905,0.737610799398833
210002,-0.909885021508731,0.90870432933484,0.566372064101763,-0.332237671676545,1.06896231138127,-0.97689921947766,-0.294649956081751,1.28511505137699,8,0.125,0.164435235931272,"0.330090169185839",-0.0790428376355905,0.737610799398833
210003,1.58004881285104,0.90870432933484,-0.0811889355772215,0.630641111450807,-0.560505513687569,-0.0953635920498098,-0.207473339067619,0.748240144791648,8,0.125,0.365387877255764,"0.602527396905759",-0.0790428376355905,0.737610799398833
210004,-0.223006722375001,NA,-0.210701135513018,-0.423940412926769,0.27233359690317,1.49140053732032,0.228409746003046,0.211365238206305,7,0.142857142857143,0.192265835374008,"0.367820906676963",-0.0790428376355905,0.737610799398833
210005,-1.33918395846731,NA,-0.14594503554512,0.172127405199687,-0.234611948673802,-0.859361135820613,0.0829715285091712,1.10615674918188,7,0.142857142857143,-0.173978056516587,"-0.128706384123403",-0.0790428376355905,0.737610799398833
210008,NA,NA,0.177835464294372,1.08915481770193,-0.16219115644852,0.257250658921331,-1.05895584089378,-0.325509668379042,6,0.166666666666667,-0.00373595413395144,"0.102095689980428",-0.0790428376355905,0.737610799398833
210009,0.89317051371731,-0.287137055737774,2.25003066326712,2.18958771270461,2.04664300642257,1.78524574646294,0.575821511826694,2.71678146893791,8,0.125,1.52126794595017,"2.16958697580085",-0.0790428376355905,0.737610799398833
210011,0.463871576758728,NA,-0.599237735320409,1.41011441207771,-0.560505513687569,0.0221744916072371,0.684144931977918,0.211365238206305,7,0.142857142857143,0.233132485945703,"0.423224990517658",-0.0790428376355905,0.737610799398833
210012,0.120432427191864,1.0282884678421,-0.275457235480917,0.538938370200583,0.670647954142219,-0.389208801192427,0.76657430747148,0.569281842596533,8,0.125,0.37868716659643,"0.620557622807419",-0.0790428376355905,0.737610799398833
210015,-0.308866509766717,NA,1.86149406345973,1.68522263582838,0.634437558029578,-0.565515926677996,-0.0680770653271976,1.28511505137699,7,0.142857142857143,0.646258543846111,"0.983311771021839",-0.0790428376355905,0.737610799398833
210016,-1.51090353325075,-0.167552917230512,1.86149406345973,0.447235628950359,-0.0897703642232385,-0.154132633878333,-0.844035270235173,1.10615674918188,8,0.125,0.0810614653467458,"0.217057970291141",-0.0790428376355905,0.737610799398833
210017,0.807310726325593,NA,-0.0811889355772215,-3.26672539168371,-1.32092383205303,-0.918130177649138,NA,0.0324069360111874,6,0.166666666666667,-0.791208445771053,"-0.965503228417874",-0.0790428376355905,0.737610799398833
210018,0.292152001975297,NA,-1.0525304350957,0.126276034574575,0.163702408565247,0.433557784406901,0.487781759990639,-0.146551366183927,7,0.142857142857143,0.0434840268904335,"0.166113165135171",-0.0790428376355905,0.737610799398833
210019,0.549731364150444,-0.406721194245036,-1.89435973467838,0.768195223326143,-0.488084721462287,-0.330439759363904,-1.64631908721177,1.10615674918188,8,0.125,-0.292730145037864,"-0.289701977759046",-0.0790428376355905,0.737610799398833
210022,1.75176838763447,-1.00464188678134,-1.0525304350957,0.309681517075023,-0.125980760335879,0.433557784406901,0.218052128139981,2.35886486454768,8,0.125,0.361096449948892,"0.596709386499228",-0.0790428376355905,0.737610799398833
210023,0.89317051371731,-1.1242260252886,-1.24679873499939,0.722343852701031,-0.16219115644852,0.727402993549518,-0.328312214136713,0.927198446986763,8,0.125,0.0510734595101738,"0.176402375415072",-0.0790428376355905,0.737610799398833
210024,0.721450938933877,0.789120190827578,1.14917696381285,1.3642630414526,1.25001429194447,-0.271670717535378,0.268545515222423,0.927198446986763,8,0.125,0.774762333955648,"1.15752802465352",-0.0790428376355905,0.737610799398833
210027,0.120432427191864,1.0282884678421,0.760640364005458,0.447235628950359,0.0912816163399657,-0.330439759363904,0.646598567224307,1.28511505137699,8,0.125,0.506144045445893,"0.79335454898223",-0.0790428376355905,0.737610799398833
210028,0.0345726398001479,NA,-0.275457235480917,0.447235628950359,-0.125980760335879,0.316019700749854,0.590063236388409,0.748240144791648,7,0.142857142857143,0.247813336409089,"0.443128238240375",-0.0790428376355905,0.737610799398833
210029,-1.2533241710756,NA,1.47295746365234,1.13500618832704,0.7430687463675,-0.97689921947766,-0.462098111534639,2.35886486454768,7,0.142857142857143,0.43108225154381,"0.691591133962737",-0.0790428376355905,0.737610799398833
210030,NA,NA,0.631128164069661,0.355532887700135,0.453385577466374,NA,NA,-0.146551366183927,4,0.25,0.323373815763061,"0.545567735351257",-0.0790428376355905,0.737610799398833
210032,-0.308866509766717,NA,-0.534481635352511,0.722343852701031,0.127492012452607,1.13878628634918,NA,-0.325509668379042,6,0.166666666666667,0.136627389667425,"0.292390278828334",-0.0790428376355905,0.737610799398833
210033,0.635591151542161,NA,-0.14594503554512,-0.699048636677441,-0.596715909800209,-0.800592093992089,0.528349096620978,0.0324069360111874,7,0.142857142857143,-0.149422070262933,"-0.0954151331362058",-0.0790428376355905,0.737610799398833
210034,0.549731364150444,NA,1.01966476387705,0.722343852701031,0.815489538592783,-0.859361135820613,NA,1.64303165576722,6,0.166666666666667,0.648483339877986,"0.986327990461263",-0.0790428376355905,0.737610799398833
210035,0.807310726325593,NA,-0.14594503554512,-0.974156860428112,-0.0897703642232385,0.551095868063948,-0.263145535081594,0.927198446986763,7,0.142857142857143,0.116083892299749,"0.264538873474156",-0.0790428376355905,0.737610799398833
210037,0.20629221458358,NA,0.954908663909153,-0.102980818550985,0.127492012452607,-2.97504664164746,-0.338669831999779,1.28511505137699,7,0.142857142857143,-0.120412764267984,"-0.0560863895513875",-0.0790428376355905,0.737610799398833
210038,NA,NA,1.01966476387705,0.493086999575471,1.35864548028239,-0.800592093992089,NA,0.927198446986763,5,0.2,0.599600719345918,"0.920056427501626",-0.0790428376355905,0.737610799398833
210039,0.549731364150444,NA,1.14917696381285,0.630641111450807,-0.0897703642232385,1.1975553281777,NA,0.748240144791648,6,0.166666666666667,0.697595758026702,"1.05291109660443",-0.0790428376355905,0.737610799398833
210040,0.292152001975297,NA,-1.57057923483889,-1.24926508417879,-1.32092383205303,-0.624284968506521,1.0699661973771,0.0324069360111874,7,0.142857142857143,-0.481503997744805,"-0.545628074368255",-0.0790428376355905,0.737610799398833
210043,-0.308866509766717,NA,1.14917696381285,0.172127405199687,1.57590785695824,-0.918130177649138,1.47391329403665,2.17990656235257,7,0.142857142857143,0.760576484992019,"1.13829586458321",-0.0790428376355905,0.737610799398833
210044,-0.308866509766717,NA,0.177835464294372,0.676492482075919,0.163702408565247,0.374788742578378,-0.0767084135464194,1.64303165576722,7,0.142857142857143,0.378610832852572,"0.620454134973564",-0.0790428376355905,0.737610799398833
210048,0.378011789367012,NA,-0.0811889355772215,1.31841167082749,0.236123200790529,0.492326826235425,-0.147053901533071,1.82198995796234,7,0.142857142857143,0.574088658296071,"0.885468998642612",-0.0790428376355905,0.737610799398833
210049,0.721450938933877,NA,-1.95911583464628,0.126276034574575,-0.451874325349647,-1.50582059593437,-0.648966800480776,1.10615674918188,7,0.142857142857143,-0.373127690531534,"-0.398699223405661",-0.0790428376355905,0.737610799398833
210051,0.979030301109026,NA,1.34344526371654,1.08915481770193,-0.451874325349647,1.84401478829146,0.223662504482474,0.748240144791648,7,0.142857142857143,0.825096213534776,"1.22576710089827",-0.0790428376355905,0.737610799398833
210056,0.0345726398001479,NA,1.79673796349183,2.00618223020417,1.46727666862032,-0.0365945502212864,0.607757500237812,0.569281842596533,7,0.142857142857143,0.920744899247075,"1.35544075235546",-0.0790428376355905,0.737610799398833
210057,-0.308866509766717,NA,-1.1172865350636,-0.148832189176097,-0.524295117574929,-0.154132633878333,0.102823629413379,-0.325509668379042,7,0.142857142857143,-0.353728432060762,"-0.372399095361735",-0.0790428376355905,0.737610799398833
210058,NA,NA,NA,NA,NA,NA,NA,NA,0,NA,NA,"NaN",-0.0790428376355905,0.737610799398833
210060,NA,NA,0.372103764198067,0.951600705826591,-0.705347098138132,0.374788742578378,NA,-0.504467970574157,5,0.2,0.0977356287781494,"0.239663609260897",-0.0790428376355905,0.737610799398833
210061,-1.2533241710756,NA,0.501615964133864,-0.469791783551881,-0.307032740899083,-2.97504664164746,NA,-3.00988420130577,6,0.166666666666667,-1.25224392905765,"-1.59054218346348",-0.0790428376355905,0.737610799398833
210062,1.23660966328417,NA,1.92625016342763,1.45596578270282,0.7430687463675,-1.44705155410585,1.08636575899362,0.927198446986763,7,0.142857142857143,0.846915286808095,"1.25534784089164",-0.0790428376355905,0.737610799398833
210063,0.292152001975297,0.90870432933484,1.40820136368444,0.905749335201479,1.25001429194447,1.02124820269213,0.385068716181909,1.82198995796234,8,0.125,0.999141024872114,"1.46172461599863",-0.0790428376355905,0.737610799398833
210064,NA,NA,NA,NA,NA,NA,NA,0.569281842596533,1,1,0.569281842596533,"0.878952261491454",-0.0790428376355905,0.737610799398833
210065,0.635591151542161,NA,1.01966476387705,0.401384258325247,-0.488084721462287,-0.565515926677996,-0.00981546484745561,0.927198446986763,7,0.142857142857143,0.274346072534784,"0.479099425412959",-0.0790428376355905,0.737610799398833
220001,0.721450938933877,NA,0.631128164069661,0.859897964576367,0.815489538592783,1.02124820269213,NA,1.10615674918188,6,0.166666666666667,0.859228593007783,"1.27204134132538",-0.0790428376355905,0.737610799398833
220002,0.807310726325593,1.0282884678421,1.34344526371654,0.951600705826591,1.5396974608456,1.72647670463442,-0.560927048644722,0.748240144791648,8,0.125,0.948016553167221,"1.39241371145852",-0.0790428376355905,0.737610799398833
220008,0.292152001975297,NA,1.60246966358814,0.355532887700135,0.525806369691656,-1.21197538679175,0.215031156263254,1.64303165576722,7,0.142857142857143,0.488864049741992,"0.769927565920182",-0.0790428376355905,0.737610799398833
220010,-0.394726297158433,NA,-1.44106703490309,-0.0112780773007613,-0.0897703642232385,-0.741823052163566,0.33673316615427,0.211365238206305,7,0.142857142857143,-0.30436663162693,"-0.30547789454138",-0.0790428376355905,0.737610799398833
220011,NA,NA,-0.0164328356093239,1.77692537707861,-0.343243137011723,0.609864909892471,NA,0.390323540401418,5,0.2,0.48348757095029,"0.76263852026618",-0.0790428376355905,0.737610799398833
220012,0.20629221458358,-1.1242260252886,0.372103764198067,-0.561494524802105,-0.0897703642232385,0.962479160863611,-2.30704879339314,0.748240144791648,8,0.125,-0.224178052908773,"-0.196763951112796",-0.0790428376355905,0.737610799398833
220015,0.20629221458358,NA,0.0483232643585746,-0.561494524802105,0.344754389128452,-0.565515926677996,NA,1.64303165576722,6,0.166666666666667,0.185898512059621,"0.359188544841187",-0.0790428376355905,0.737610799398833
220016,NA,NA,0.372103764198067,-0.102980818550985,0.887910330818063,1.02124820269213,NA,1.10615674918188,5,0.2,0.656887645667832,"0.997721947540925",-0.0790428376355905,0.737610799398833
220019,-0.48058608455015,NA,0.0483232643585746,0.0804246639494628,-0.415663929237006,1.08001724452066,NA,0.0324069360111874,6,0.166666666666667,0.0574870158421212,"0.185097416671483",-0.0790428376355905,0.737610799398833
220020,1.06489008850074,NA,0.566372064101763,-0.378089042301657,1.06896231138127,0.139712575264284,NA,-0.325509668379042,6,0.166666666666667,0.35605638809456,"0.589876430883013",-0.0790428376355905,0.737610799398833
220024,-0.48058608455015,NA,1.14917696381285,1.04330344707681,-0.0897703642232385,0.786172035378042,NA,-0.504467970574157,6,0.166666666666667,0.31730467115336,"0.537339622890529",-0.0790428376355905,0.737610799398833
220029,-0.738165446725299,NA,0.24259156426227,0.951600705826591,-0.343243137011723,0.433557784406901,NA,-0.146551366183927,6,0.166666666666667,0.0666316840958022,"0.197495104261109",-0.0790428376355905,0.737610799398833
220030,NA,NA,0.760640364005458,1.18085755895215,-0.343243137011723,0.551095868063948,NA,0.569281842596533,5,0.2,0.543726499321273,"0.844306153684887",-0.0790428376355905,0.737610799398833
220031,0.378011789367012,0.549951913813056,1.08442086384495,2.05203360082928,1.28622468805711,-0.624284968506521,-0.0719611720258472,0.927198446986763,8,0.125,0.697699395295725,"1.05305160060614",-0.0790428376355905,0.737610799398833
220033,1.32246945067589,NA,1.27868916374865,1.3642630414526,1.14138310360655,-0.44797784302095,0.921507008006497,0.748240144791648,7,0.142857142857143,0.904082009894411,"1.33285039797583",-0.0790428376355905,0.737610799398833
220035,0.378011789367012,NA,1.73198186352393,1.50181715332793,2.04664300642257,1.08001724452066,1.70695969595562,2.00094826015745,7,0.142857142857143,1.49233985903931,"2.13036834324499",-0.0790428376355905,0.737610799398833
220036,0.292152001975297,0.90870432933484,-0.340213335448815,-0.286386301051433,0.344754389128452,-0.624284968506521,-0.790089343865041,0.211365238206305,8,0.125,-0.0354997487783646,"0.0590326075658252",-0.0790428376355905,0.737610799398833
220046,-0.824025234117015,NA,0.307347664230169,-0.0112780773007613,-0.0535599681105977,0.609864909892471,-0.000752549217273142,0.927198446986763,7,0.142857142857143,0.136399313194822,"0.292081069048884",-0.0790428376355905,0.737610799398833
220049,-0.223006722375001,NA,1.01966476387705,0.217978775824799,1.46727666862032,-0.330439759363904,NA,0.390323540401418,6,0.166666666666667,0.42363287783078,"0.681491805537637",-0.0790428376355905,0.737610799398833
220052,-0.995744808900447,NA,-0.210701135513018,0.630641111450807,0.380964785241092,0.844941077206565,NA,NA,5,0.2,0.130020205897,"0.283432731330643",-0.0790428376355905,0.737610799398833
220060,0.120432427191864,NA,0.954908663909153,1.31841167082749,1.50348706473296,0.903710119035088,-1.03867217257861,1.46407335357211,7,0.142857142857143,0.74662158952715,"1.11937681475878",-0.0790428376355905,0.737610799398833
220062,NA,NA,NA,NA,NA,NA,NA,0.390323540401418,1,1,0.390323540401418,"0.636333386685161",-0.0790428376355905,0.737610799398833
220063,0.549731364150444,NA,-0.0164328356093239,0.630641111450807,-0.234611948673802,-2.38735622336222,-0.614009840192931,0.927198446986763,7,0.142857142857143,-0.163548560750038,"-0.11456681922678",-0.0790428376355905,0.737610799398833
220065,NA,NA,0.69588426403756,0.309681517075023,0.960331123043346,-0.212901675706857,NA,0.0324069360111874,5,0.2,0.357080432892052,"0.591264757624334",-0.0790428376355905,0.737610799398833
220066,0.979030301109026,NA,0.501615964133864,-0.423940412926769,-1.75544858540472,1.13878628634918,-1.30322299549773,-0.862384574964387,7,0.142857142857143,-0.246509145314505,"-0.227038850048566",-0.0790428376355905,0.737610799398833
220070,-0.566445871941866,NA,1.21393306378075,0.538938370200583,0.815489538592783,0.139712575264284,0.641851325703735,0.390323540401418,7,0.142857142857143,0.453400363143098,"0.721848434448953",-0.0790428376355905,0.737610799398833
220071,2.18106732459305,1.98496157590019,1.73198186352393,2.28129045395484,1.28622468805711,0.316019700749854,-0.702481159439947,3.96948958430372,8,0.125,1.63106925395534,"2.31844774098306",-0.0790428376355905,0.737610799398833
220073,0.120432427191864,NA,0.890152563941255,-0.699048636677441,1.25001429194447,0.0221744916072371,NA,-0.504467970574157,6,0.166666666666667,0.179876194572205,"0.351023917245815",-0.0790428376355905,0.737610799398833
220074,-0.308866509766717,0.0716153597840098,0.372103764198067,0.859897964576367,0.27233359690317,1.08001724452066,0.732912049416518,0.927198446986763,8,0.125,0.500901489577354,"0.786247066455115",-0.0790428376355905,0.737610799398833
220075,NA,NA,NA,NA,NA,NA,NA,1.46407335357211,1,1,1.46407335357211,"2.09204663552292",-0.0790428376355905,0.737610799398833
220077,0.549731364150444,-0.0479687787232517,0.954908663909153,-0.194683559801209,-0.234611948673802,-1.09443730313471,0.540864551538848,1.64303165576722,8,0.125,0.264604330629087,"0.465892268042655",-0.0790428376355905,0.737610799398833
220080,-0.652305659333582,NA,0.890152563941255,0.676492482075919,0.815489538592783,0.139712575264284,0.273724324153956,0.211365238206305,7,0.142857142857143,0.336375866128703,"0.563194985896176",-0.0790428376355905,0.737610799398833
220083,NA,NA,0.501615964133864,1.27256030020237,2.04664300642257,1.02124820269213,NA,2.17990656235257,5,0.2,1.4043948071607,"2.01113872791088",-0.0790428376355905,0.737610799398833
220084,0.20629221458358,NA,1.73198186352393,0.814046593951255,1.43106627250768,-0.271670717535378,1.12952250008973,0.0324069360111874,7,0.142857142857143,0.724806523304569,"1.08980150723839",-0.0790428376355905,0.737610799398833
220086,0.721450938933877,-0.0479687787232517,1.47295746365234,2.09788497145439,1.86559102585937,1.25632437000623,-0.370605820410897,2.5378231667428,8,0.125,1.19168216718936,"1.72275813458888",-0.0790428376355905,0.737610799398833
220088,NA,NA,NA,NA,NA,NA,0.868424216458288,1.82198995796234,2,0.5,1.34520708721031,"1.93089624773213",-0.0790428376355905,0.737610799398833
220090,-0.566445871941866,NA,1.47295746365234,0.951600705826591,0.308543993015811,-0.0953635920498098,-0.472887296808666,0.927198446986763,7,0.142857142857143,0.360800549811595,"0.596308226242981",-0.0790428376355905,0.737610799398833
220095,NA,NA,0.825396463973357,-0.286386301051433,-0.234611948673802,-0.44797784302095,NA,-0.504467970574157,5,0.2,-0.129609519869397,"-0.0685546934440485",-0.0790428376355905,0.737610799398833
220100,1.15074987589246,NA,1.86149406345973,0.905749335201479,0.127492012452607,-0.154132633878333,-1.07233443063357,0.569281842596533,7,0.142857142857143,0.484042866441558,"0.763391350202673",-0.0790428376355905,0.737610799398833
220101,-0.0512871475915684,NA,1.53771356362024,1.22670892957726,1.10517270749391,0.844941077206565,1.2671925041863,2.71678146893791,7,0.142857142857143,1.23531758620437,"1.78191591678321",-0.0790428376355905,0.737610799398833
220105,0.549731364150444,NA,1.47295746365234,0.997452076451703,1.14138310360655,0.844941077206565,0.281060970140295,0.927198446986763,7,0.142857142857143,0.887817786027809,"1.31080052576699",-0.0790428376355905,0.737610799398833
220108,0.0345726398001479,NA,0.954908663909153,1.31841167082749,1.7207494414088,0.962479160863611,NA,1.46407335357211,6,0.166666666666667,1.07586582173022,"1.5657426115603",-0.0790428376355905,0.737610799398833
220110,2.61036626155163,0.90870432933484,1.86149406345973,2.09788497145439,2.11906379864785,0.374788742578378,0.675082016347737,3.43261467771837,8,0.125,1.75999985763662,"2.49324263794817",-0.0790428376355905,0.737610799398833
220111,0.463871576758728,NA,1.53771356362024,-0.194683559801209,0.996541519155986,1.1975553281777,0.738522425759012,-0.683426272769272,7,0.142857142857143,0.579442082985884,"0.892726789193098",-0.0790428376355905,0.737610799398833
220116,1.06489008850074,1.14787260634936,1.21393306378075,0.768195223326143,2.04664300642257,0.139712575264284,-0.209631176122423,0.390323540401418,8,0.125,0.820242365990355,"1.2191866013335",-0.0790428376355905,0.737610799398833
220119,0.807310726325593,NA,2.12051846333133,2.32714182457995,2.77085092867539,2.25539808109113,NA,2.17990656235257,6,0.166666666666667,2.07685443105933,"2.9228114209445",-0.0790428376355905,0.737610799398833
220126,NA,NA,NA,NA,NA,NA,NA,NA,0,NA,NA,"NaN",-0.0790428376355905,0.737610799398833
220135,0.807310726325593,NA,1.27868916374865,0.814046593951255,0.634437558029578,1.25632437000623,-0.258398293561022,0.569281842596533,7,0.142857142857143,0.728813137299544,"1.0952333881141",-0.0790428376355905,0.737610799398833
220163,0.89317051371731,-0.287137055737774,1.08442086384495,0.447235628950359,1.43106627250768,1.4326314954918,-1.40636760671743,1.28511505137699,8,0.125,0.610016895429236,"0.934177934523767",-0.0790428376355905,0.737610799398833
220171,-0.0512871475915684,0.669536052320317,1.01966476387705,1.31841167082749,0.960331123043346,-0.0365945502212864,-0.138422553313849,1.64303165576722,8,0.125,0.67308387683859,"1.01967964011262",-0.0790428376355905,0.737610799398833
220175,0.292152001975297,NA,1.14917696381285,0.0804246639494628,0.996541519155986,-0.918130177649138,-0.74865887241278,-0.325509668379042,7,0.142857142857143,0.0751423472075193,"0.209033252995718",-0.0790428376355905,0.737610799398833
220176,1.58004881285104,0.0716153597840098,0.566372064101763,1.18085755895215,0.706858350254859,0.0809435334357605,0.672061044471008,0.927198446986763,8,0.125,0.723244396354669,"1.08768368717505",-0.0790428376355905,0.737610799398833
220177,NA,NA,NA,-0.423940412926769,1.17759349971919,NA,NA,0.211365238206305,3,0.333333333333333,0.321672774999575,"0.543261585868532",-0.0790428376355905,0.737610799398833
221300,NA,NA,1.21393306378075,0.309681517075023,0.670647954142219,NA,NA,0.390323540401418,4,0.25,0.646146518849852,"0.983159895539064",-0.0790428376355905,0.737610799398833
221302,NA,NA,-0.404969435416714,-0.194683559801209,0.27233359690317,NA,NA,1.28511505137699,4,0.25,0.23944891326556,"0.431788351201917",-0.0790428376355905,0.737610799398833
221303,NA,NA,0.631128164069661,0.447235628950359,0.851699934705422,NA,NA,0.927198446986763,4,0.25,0.714315543678051,"1.07557858691907",-0.0790428376355905,0.737610799398833
221304,NA,NA,NA,NA,NA,NA,NA,NA,0,NA,NA,"NaN",-0.0790428376355905,0.737610799398833
230002,-0.48058608455015,NA,0.954908663909153,-0.0112780773007613,-0.488084721462287,0.0809435334357605,-2.02480370662461,0.390323540401418,7,0.142857142857143,-0.225510978884497,"-0.198571036877824",-0.0790428376355905,0.737610799398833
230003,NA,NA,NA,-0.423940412926769,0.670647954142219,NA,NA,0.748240144791648,3,0.333333333333333,0.331649228669033,"0.556786948671773",-0.0790428376355905,0.737610799398833
230005,-0.137146934983285,NA,-0.469725535384612,-0.836602748552777,-0.125980760335879,-0.918130177649138,NA,-0.862384574964387,6,0.166666666666667,-0.55832845531168,"-0.649781182795474",-0.0790428376355905,0.737610799398833
230015,NA,NA,0.501615964133864,-0.974156860428112,-0.19840155256116,NA,NA,0.211365238206305,4,0.25,-0.114894302662276,"-0.0486048537465895",-0.0790428376355905,0.737610799398833
230017,-0.909885021508731,-0.167552917230512,-0.0164328356093239,-0.378089042301657,-0.596715909800209,-1.09443730313471,-0.487560588781342,1.10615674918188,8,0.125,-0.318064608648075,"-0.324048632703442",-0.0790428376355905,0.737610799398833
230019,0.20629221458358,0.90870432933484,1.40820136368444,0.493086999575471,1.57590785695824,0.374788742578378,1.03457766967829,1.82198995796234,8,0.125,0.977943641794448,"1.4329867191363",-0.0790428376355905,0.737610799398833
230020,0.20629221458358,0.310783636798532,1.79673796349183,1.41011441207771,1.57590785695824,0.786172035378042,-0.42541488160295,1.28511505137699,8,0.125,0.868213536132747,"1.28422248500208",-0.0790428376355905,0.737610799398833
230021,-0.566445871941866,0.191199498291271,0.760640364005458,-0.0571294479258733,0.199912804677888,0.433557784406901,0.218915262961902,0.0324069360111874,8,0.125,0.151632166310859,"0.312732682512856",-0.0790428376355905,0.737610799398833
230022,NA,NA,0.0483232643585746,-0.607345895427217,-1.2122926437151,-1.3295134704488,NA,-1.22030117935462,5,0.2,-0.864225984917433,"-1.06449518895572",-0.0790428376355905,0.737610799398833
230024,-0.824025234117015,NA,0.372103764198067,0.538938370200583,0.163702408565247,0.0809435334357605,0.150296044619096,0.211365238206305,7,0.142857142857143,0.0990463035868634,"0.241440528484127",-0.0790428376355905,0.737610799398833
230029,-0.652305659333582,0.430367775305794,0.566372064101763,0.538938370200583,0.308543993015811,-0.741823052163566,-1.1418167837983,-0.325509668379042,8,0.125,-0.127154120131317,"-0.0652258379824948",-0.0790428376355905,0.737610799398833
230030,NA,NA,-0.275457235480917,-0.790751377927665,-2.22618373486905,0.316019700749854,NA,-0.683426272769272,5,0.2,-0.731959784059409,"-0.885178127755123",-0.0790428376355905,0.737610799398833
230031,NA,NA,0.566372064101763,0.951600705826591,-0.0173495719979558,0.374788742578378,NA,1.10615674918188,5,0.2,0.596313737938131,"0.915600173050814",-0.0790428376355905,0.737610799398833
230035,NA,NA,0.954908663909153,-0.423940412926769,0.779279142480142,1.08001724452066,NA,0.390323540401418,5,0.2,0.55611763567692,"0.86110517068104",-0.0790428376355905,0.737610799398833
230036,-0.223006722375001,NA,0.177835464294372,-1.57022467855457,0.417175181353733,0.257250658921331,NA,-0.146551366183927,6,0.166666666666667,-0.181253577090677,"-0.138570014889139",-0.0790428376355905,0.737610799398833
230037,NA,NA,0.113079364326474,0.217978775824799,-0.488084721462287,-1.68212772141994,NA,-0.325509668379042,5,0.2,-0.432932794221999,"-0.479778708330784",-0.0790428376355905,0.737610799398833
230038,1.06489008850074,-0.0479687787232517,0.177835464294372,-0.0112780773007613,1.46727666862032,0.609864909892471,2.52909561383642,1.64303165576722,8,0.125,0.929093443110942,"1.36675911140154",-0.0790428376355905,0.737610799398833
230041,0.20629221458358,0.0716153597840098,0.113079364326474,0.584789740825695,-0.234611948673802,-0.44797784302095,0.540432984127888,0.211365238206305,8,0.125,0.1306231387699,"0.284250144624201",-0.0790428376355905,0.737610799398833
230046,1.15074987589246,0.669536052320317,0.307347664230169,1.22670892957726,1.79317023363408,-0.44797784302095,-1.98164696552851,1.82198995796234,8,0.125,0.567484738133396,"0.876515875711037",-0.0790428376355905,0.737610799398833
230047,0.979030301109026,-0.0479687787232517,0.0483232643585746,0.0804246639494628,0.417175181353733,-1.21197538679175,0.179642628564446,0.390323540401418,8,0.125,0.104371926777707,"0.248660627749463",-0.0790428376355905,0.737610799398833
230053,-2.11192204499276,0.90870432933484,0.566372064101763,-0.286386301051433,-0.343243137011723,1.1975553281777,-1.92985887621318,0.390323540401418,8,0.125,-0.201056887156671,"-0.165417927205682",-0.0790428376355905,0.737610799398833
230054,-0.308866509766717,0.191199498291271,1.01966476387705,-0.974156860428112,-0.741557494250773,1.25632437000623,-0.85137191622151,0.211365238206305,8,0.125,-0.024674863785782,"0.0737082129140727",-0.0790428376355905,0.737610799398833
230055,NA,NA,-0.858262135192003,0.126276034574575,0.670647954142219,-1.44705155410585,NA,0.0324069360111874,5,0.2,-0.295196552913974,"-0.293045757267318",-0.0790428376355905,0.737610799398833
230058,NA,NA,-1.1172865350636,-0.699048636677441,0.27233359690317,-0.271670717535378,NA,-0.146551366183927,5,0.2,-0.392444731711435,"-0.424887887123226",-0.0790428376355905,0.737610799398833
230059,-0.137146934983285,NA,0.0483232643585746,0.447235628950359,0.344754389128452,-0.389208801192427,-1.08010264403087,-0.146551366183927,7,0.142857142857143,-0.13038520913616,"-0.0696063175083862",-0.0790428376355905,0.737610799398833
230066,-0.223006722375001,0.0716153597840098,0.24259156426227,-0.928305489803001,0.598227161916937,0.433557784406901,-1.58762591932107,-0.146551366183927,8,0.125,-0.19243720341411,"-0.153731976092186",-0.0790428376355905,0.737610799398833
230069,NA,NA,0.890152563941255,0.630641111450807,0.887910330818063,1.13878628634918,NA,0.927198446986763,5,0.2,0.894937747909214,"1.32045326117597",-0.0790428376355905,0.737610799398833
230070,-1.16746438368388,0.789120190827578,-0.275457235480917,0.538938370200583,-0.850188682588695,-0.800592093992089,0.0277308999061562,0.927198446986763,8,0.125,-0.101339310978063,"-0.0302279648842509",-0.0790428376355905,0.737610799398833
230071,NA,NA,NA,NA,NA,NA,NA,-2.29405099252531,1,1,-2.29405099252531,"-3.00294973540923",-0.0790428376355905,0.737610799398833
230072,0.979030301109026,NA,-1.44106703490309,-1.75363016105502,-0.270822344786443,0.0809435334357605,NA,0.569281842596533,6,0.166666666666667,-0.306043977267205,"-0.307751919869699",-0.0790428376355905,0.737610799398833
230075,NA,NA,0.177835464294372,-0.286386301051433,0.163702408565247,1.08001724452066,NA,0.927198446986763,5,0.2,0.412473452663122,"0.666362654531776",-0.0790428376355905,0.737610799398833
230077,-0.137146934983285,-0.0479687787232517,0.954908663909153,-0.102980818550985,-0.234611948673802,0.609864909892471,0.694070982430023,-0.504467970574157,8,0.125,0.153958513090771,"0.315886577197978",-0.0790428376355905,0.737610799398833
230078,NA,NA,NA,NA,NA,NA,NA,NA,0,NA,NA,"NaN",-0.0790428376355905,0.737610799398833
230080,NA,NA,-1.57057923483889,-0.148832189176097,-1.53818620872887,NA,NA,-0.862384574964387,4,0.25,-1.02999555192706,"-1.28923371928192",-0.0790428376355905,0.737610799398833
230081,NA,NA,0.69588426403756,-0.423940412926769,-0.0897703642232385,0.0221744916072371,NA,0.0324069360111874,5,0.2,0.0473509829011953,"0.171355707698151",-0.0790428376355905,0.737610799398833
230085,NA,NA,NA,0.0804246639494628,-0.16219115644852,NA,NA,-0.325509668379042,3,0.333333333333333,-0.1357587202927,"-0.0768913398547495",-0.0790428376355905,0.737610799398833
230089,0.549731364150444,NA,0.69588426403756,1.45596578270282,1.50348706473296,1.08001724452066,0.37384796349692,1.28511505137699,7,0.142857142857143,0.992006962145479,"1.45205276367157",-0.0790428376355905,0.737610799398833
230092,-1.08160459629216,0.430367775305794,-0.663993835288308,-0.332237671676545,0.0912816163399657,-0.154132633878333,-0.172516378779773,0.569281842596533,8,0.125,-0.164194235209104,"-0.115442178507844",-0.0790428376355905,0.737610799398833
230093,NA,NA,-0.469725535384612,0.493086999575471,1.03275191526863,0.198481617092807,NA,0.927198446986763,5,0.2,0.436358688707811,"0.698744550328525",-0.0790428376355905,0.737610799398833
230095,NA,NA,0.631128164069661,0.309681517075023,-0.451874325349647,0.786172035378042,NA,-0.504467970574157,5,0.2,0.154127884119784,"0.316116198333069",-0.0790428376355905,0.737610799398833
230097,-1.51090353325075,0.549951913813056,-0.9877743351278,-0.607345895427217,1.17759349971919,-0.212901675706857,-1.74299018726705,1.64303165576722,8,0.125,-0.211417319685025,"-0.179463861100355",-0.0790428376355905,0.737610799398833
230099,-1.42504374585903,NA,-0.728749935256206,-0.332237671676545,-0.99503026703926,-0.859361135820613,NA,-0.146551366183927,6,0.166666666666667,-0.74782902030593,"-0.906692503980979",-0.0790428376355905,0.737610799398833
230100,NA,NA,0.113079364326474,-1.38681919605412,0.0550712202273249,NA,NA,-0.325509668379042,4,0.25,-0.386044569969841,"-0.416211005295018",-0.0790428376355905,0.737610799398833
230104,-1.33918395846731,-1.60256257931765,0.954908663909153,1.50181715332793,0.199912804677888,NA,0.654366780621605,0.569281842596533,7,0.142857142857143,0.134077243906879,"0.288932973481633",-0.0790428376355905,0.737610799398833
230105,-0.48058608455015,0.90870432933484,0.501615964133864,-0.699048636677441,-0.125980760335879,-0.389208801192427,-0.22042036139645,0.0324069360111874,8,0.125,-0.0590646768340569,"0.0270849624460707",-0.0790428376355905,0.737610799398833
230108,NA,NA,NA,-0.561494524802105,0.7430687463675,NA,NA,0.748240144791648,3,0.333333333333333,0.309938122119014,"0.527352582244771",-0.0790428376355905,0.737610799398833
230110,NA,NA,1.01966476387705,-1.06585960167834,1.35864548028239,1.37386245366328,NA,0.211365238206305,5,0.2,0.579535666870138,"0.892853663534322",-0.0790428376355905,0.737610799398833
230117,-0.909885021508731,0.90870432933484,-0.858262135192003,-1.15756234292856,-1.68302779317943,-1.79966580507699,-0.190210642629176,0.211365238206305,8,0.125,-0.684818021621718,"-0.82126669576943",-0.0790428376355905,0.737610799398833
230121,NA,NA,0.0483232643585746,-0.836602748552777,-0.669136702025491,0.257250658921331,NA,0.0324069360111874,5,0.2,-0.233551718257435,"-0.209472096595891",-0.0790428376355905,0.737610799398833
230130,1.06489008850074,0.310783636798532,-0.404969435416714,1.77692537707861,0.779279142480142,1.02124820269213,0.306955014797958,2.17990656235257,8,0.125,0.879377323660496,"1.29935755018394",-0.0790428376355905,0.737610799398833
230132,0.0345726398001479,NA,0.0483232643585746,0.217978775824799,0.706858350254859,-0.212901675706857,-0.756427085810079,-0.862384574964387,7,0.142857142857143,-0.11771147232042,"-0.0524241710077258",-0.0790428376355905,0.737610799398833
230133,NA,NA,-0.9877743351278,-0.607345895427217,0.453385577466374,0.844941077206565,NA,0.390323540401418,5,0.2,0.0187059929038681,"0.132520877702883",-0.0790428376355905,0.737610799398833
230141,-0.223006722375001,0.789120190827578,-0.858262135192003,-0.0112780773007613,-0.705347098138132,-1.68212772141994,-0.870360882303796,0.211365238206305,8,0.125,-0.418737150961969,"-0.460533269853472",-0.0790428376355905,0.737610799398833
230142,0.463871576758728,NA,-0.210701135513018,0.584789740825695,-0.488084721462287,0.257250658921331,NA,0.748240144791648,6,0.166666666666667,0.225894377387016,"0.413412080288326",-0.0790428376355905,0.737610799398833
230144,NA,NA,NA,NA,NA,NA,NA,NA,0,NA,NA,"NaN",-0.0790428376355905,0.737610799398833
230146,-0.995744808900447,NA,0.436859864165966,0.493086999575471,0.0550712202273249,-0.506746884849472,-0.439656606164665,0.0324069360111874,7,0.142857142857143,-0.132103325704948,"-0.0719356171474207",-0.0790428376355905,0.737610799398833
230151,0.0345726398001479,NA,0.436859864165966,0.126276034574575,0.887910330818063,0.316019700749854,0.307386582208919,1.46407335357211,7,0.142857142857143,0.510442643698519,"0.79918228124446",-0.0790428376355905,0.737610799398833
230156,1.9234879624179,1.26745674485662,0.825396463973357,1.18085755895215,1.32243508416975,1.1975553281777,-1.18324725525056,1.82198995796234,8,0.125,1.04449148065741,"1.52320752246131",-0.0790428376355905,0.737610799398833
230165,-0.394726297158433,-2.55923568737574,-1.82960363471048,0.768195223326143,-0.234611948673802,-0.741823052163566,-0.559200779000876,0.390323540401418,8,0.125,-0.645085329419417,"-0.767399951634605",-0.0790428376355905,0.737610799398833
230167,0.0345726398001479,0.549951913813056,-0.340213335448815,-1.52437330792946,-2.37102531931961,0.139712575264284,-0.0469302621901068,0.211365238206305,8,0.125,-0.418367482225525,"-0.460032099403222",-0.0790428376355905,0.737610799398833
230174,NA,NA,NA,-0.882454119177889,-0.415663929237006,NA,NA,0.0324069360111874,3,0.333333333333333,-0.421903704134569,"-0.464826256310804",-0.0790428376355905,0.737610799398833
230176,-0.308866509766717,NA,1.14917696381285,-0.102980818550985,1.03275191526863,-1.74089676324846,1.13988011795279,0.0324069360111874,7,0.142857142857143,0.171638834497041,"0.339856293233426",-0.0790428376355905,0.737610799398833
230180,NA,NA,-0.14594503554512,-1.66192741980479,-0.777767890363414,-0.0365945502212864,NA,-1.39925948154973,5,0.2,-0.804298875496869,"-0.983250297382273",-0.0790428376355905,0.737610799398833
230193,-0.308866509766717,NA,-0.534481635352511,-0.469791783551881,-0.886399078701336,0.198481617092807,NA,-0.146551366183927,6,0.166666666666667,-0.357934792743927,"-0.378101778520107",-0.0790428376355905,0.737610799398833
230195,-0.0512871475915684,NA,0.566372064101763,-0.423940412926769,0.525806369691656,1.08001724452066,-1.09348123377066,0.0324069360111874,7,0.142857142857143,0.090841974290895,"0.230317685241248",-0.0790428376355905,0.737610799398833
230197,-1.2533241710756,-0.0479687787232517,0.760640364005458,-0.378089042301657,0.018860824114684,1.13878628634918,0.375142665729804,-0.862384574964387,8,0.125,-0.0310420533582206,"0.0650760323960705",-0.0790428376355905,0.737610799398833
230207,0.120432427191864,NA,NA,1.04330344707681,0.706858350254859,-0.330439759363904,NA,0.390323540401418,5,0.2,0.38609560111221,"0.63060144879508",-0.0790428376355905,0.737610799398833
230208,NA,NA,-0.275457235480917,0.355532887700135,-0.0173495719979558,NA,NA,0.569281842596533,4,0.25,0.158001980704449,"0.321368421575762",-0.0790428376355905,0.737610799398833
230216,-1.42504374585903,-0.0479687787232517,-0.0811889355772215,-0.928305489803001,-1.32092383205303,-0.154132633878333,-0.120728289464446,-0.683426272769272,8,0.125,-0.595214747265948,"-0.699788980924692",-0.0790428376355905,0.737610799398833
230217,NA,NA,-0.404969435416714,-1.57022467855457,-0.813978286476055,0.727402993549518,NA,-0.146551366183927,5,0.2,-0.441664154616349,"-0.49161606266652",-0.0790428376355905,0.737610799398833
230222,-0.394726297158433,0.0716153597840098,1.01966476387705,0.630641111450807,-0.705347098138132,0.0809435334357605,-1.76543169263702,-0.504467970574157,8,0.125,-0.195888536245014,"-0.158411046455197",-0.0790428376355905,0.737610799398833
230227,0.0345726398001479,0.669536052320317,-0.793506035224105,0.401384258325247,-0.705347098138132,0.139712575264284,1.52440668111909,-0.146551366183927,8,0.125,0.140525963410365,"0.297675686452677",-0.0790428376355905,0.737610799398833
230230,-1.51090353325075,0.0716153597840098,-0.404969435416714,0.0804246639494628,-0.524295117574929,0.0809435334357605,0.0812452588653261,-0.325509668379042,8,0.125,-0.306431117323359,"-0.308276776686423",-0.0790428376355905,0.737610799398833
230236,0.120432427191864,NA,-0.0164328356093239,-0.469791783551881,0.018860824114684,-0.624284968506521,-0.322270270383259,0.390323540401418,7,0.142857142857143,-0.12902329519186,"-0.067759931927521",-0.0790428376355905,0.737610799398833
230239,NA,NA,-1.37631093493519,0.263830146449911,-0.307032740899083,-3.26889185079007,NA,-0.683426272769272,5,0.2,-1.07436633058874,"-1.34938844952427",-0.0790428376355905,0.737610799398833
230241,NA,NA,0.69588426403756,-0.974156860428112,0.0912816163399657,NA,NA,0.211365238206305,4,0.25,0.00609356453892956,"0.115421848817707",-0.0790428376355905,0.737610799398833
230244,0.120432427191864,NA,-0.0811889355772215,0.997452076451703,-0.415663929237006,-0.212901675706857,1.20806776888464,0.0324069360111874,7,0.142857142857143,0.235514952574044,"0.42645496848203",-0.0790428376355905,0.737610799398833
230254,-0.566445871941866,-0.167552917230512,0.631128164069661,0.401384258325247,-0.379453533124364,0.492326826235425,-0.364132309246481,0.748240144791648,8,0.125,0.0994368452348447,"0.241969996935917",-0.0790428376355905,0.737610799398833
230259,NA,NA,0.307347664230169,0.126276034574575,0.706858350254859,1.31509341183475,NA,1.46407335357211,5,0.2,0.783929762893292,"1.16995656955161",-0.0790428376355905,0.737610799398833
230264,NA,NA,NA,NA,NA,NA,NA,NA,0,NA,NA,"NaN",-0.0790428376355905,0.737610799398833
230269,1.83762817502619,0.669536052320317,-0.404969435416714,0.859897964576367,0.417175181353733,0.962479160863611,1.16620573002142,1.10615674918188,8,0.125,0.826763697240849,"1.2280277561211",-0.0790428376355905,0.737610799398833
230270,0.378011789367012,NA,0.24259156426227,-0.240534930426321,-0.488084721462287,0.609864909892471,NA,0.927198446986763,6,0.166666666666667,0.238174509769985,"0.430060606032495",-0.0790428376355905,0.737610799398833
230273,-0.995744808900447,NA,0.566372064101763,-0.836602748552777,0.453385577466374,-2.03474197239108,-0.525106953534954,0.927198446986763,7,0.142857142857143,-0.34932005640348,"-0.366422534740775",-0.0790428376355905,0.737610799398833
230275,NA,NA,NA,NA,NA,NA,NA,NA,0,NA,NA,"NaN",-0.0790428376355905,0.737610799398833
230277,-0.0512871475915684,NA,0.760640364005458,1.08915481770193,1.57590785695824,-2.44612526519074,0.363058778222894,0.0324069360111874,7,0.142857142857143,0.189108048588199,"0.363539805060254",-0.0790428376355905,0.737610799398833
230279,NA,NA,NA,NA,NA,NA,NA,0.927198446986763,1,1,0.927198446986763,"1.36419001110404",-0.0790428376355905,0.737610799398833
230297,NA,NA,NA,NA,0.0912816163399657,NA,NA,0.390323540401418,2,0.5,0.240802578370692,"0.433623553596236",-0.0790428376355905,0.737610799398833
230301,NA,NA,NA,NA,NA,NA,NA,-1.0413428771595,1,1,-1.0413428771595,"-1.30461761176518",-0.0790428376355905,0.737610799398833
230302,1.58004881285104,NA,0.113079364326474,0.0804246639494628,0.27233359690317,0.433557784406901,0.176190089276759,0.569281842596533,7,0.142857142857143,0.46070230775862,"0.731747889041366",-0.0790428376355905,0.737610799398833
230303,NA,NA,NA,0.538938370200583,-0.19840155256116,NA,NA,-0.325509668379042,3,0.333333333333333,0.00500904975346049,"0.113951541188869",-0.0790428376355905,0.737610799398833
231300,NA,NA,NA,NA,NA,NA,NA,NA,0,NA,NA,"NaN",-0.0790428376355905,0.737610799398833
231301,NA,NA,NA,NA,1.25001429194447,NA,NA,0.927198446986763,2,0.5,1.08860636946562,"1.58301533553042",-0.0790428376355905,0.737610799398833
231303,NA,NA,NA,NA,NA,NA,NA,-0.862384574964387,1,1,-0.862384574964387,"-1.06199873695889",-0.0790428376355905,0.737610799398833
231304,NA,NA,NA,NA,NA,NA,NA,-0.862384574964387,1,1,-0.862384574964387,"-1.06199873695889",-0.0790428376355905,0.737610799398833
231305,NA,NA,NA,0.309681517075023,0.562016765804296,NA,NA,0.0324069360111874,3,0.333333333333333,0.301368406296835,"0.515734374066199",-0.0790428376355905,0.737610799398833
231306,NA,NA,NA,NA,NA,NA,NA,-0.862384574964387,1,1,-0.862384574964387,"-1.06199873695889",-0.0790428376355905,0.737610799398833
231307,NA,NA,NA,NA,NA,NA,NA,-1.0413428771595,1,1,-1.0413428771595,"-1.30461761176518",-0.0790428376355905,0.737610799398833
231308,NA,NA,NA,NA,NA,NA,NA,NA,0,NA,NA,"NaN",-0.0790428376355905,0.737610799398833
231310,NA,NA,NA,NA,-0.234611948673802,NA,NA,0.0324069360111874,2,0.5,-0.101102506331307,"-0.029906922070143",-0.0790428376355905,0.737610799398833
231311,NA,NA,NA,NA,NA,NA,NA,NA,0,NA,NA,"NaN",-0.0790428376355905,0.737610799398833
231312,NA,NA,NA,NA,NA,NA,NA,NA,0,NA,NA,"NaN",-0.0790428376355905,0.737610799398833
231313,NA,NA,NA,NA,NA,NA,NA,NA,0,NA,NA,"NaN",-0.0790428376355905,0.737610799398833
231314,NA,NA,NA,NA,NA,NA,NA,-1.75717608593996,1,1,-1.75717608593996,"-2.27509311099035",-0.0790428376355905,0.737610799398833
231315,NA,NA,NA,NA,NA,NA,NA,0.0324069360111874,1,1,0.0324069360111874,"0.151095637072575",-0.0790428376355905,0.737610799398833
231316,NA,NA,NA,0.126276034574575,-0.270822344786443,NA,NA,-0.146551366183927,3,0.333333333333333,-0.0970325587985981,"-0.024389178110827",-0.0790428376355905,0.737610799398833
231318,NA,NA,NA,-0.699048636677441,-1.68302779317943,NA,NA,0.211365238206305,3,0.333333333333333,-0.723570397216857,"-0.873804396717847",-0.0790428376355905,0.737610799398833
231319,NA,NA,NA,-0.653197266052329,-1.61060700095415,NA,NA,-0.325509668379042,3,0.333333333333333,-0.863104645128508,"-1.06297495661932",-0.0790428376355905,0.737610799398833
231320,NA,NA,NA,NA,0.670647954142219,NA,NA,0.211365238206305,2,0.5,0.441006596174262,"0.705045851055466",-0.0790428376355905,0.737610799398833
231321,NA,NA,NA,NA,-0.63292630591285,NA,NA,-0.683426272769272,2,0.5,-0.658176289341061,"-0.78514773940061",-0.0790428376355905,0.737610799398833
231322,NA,NA,NA,NA,-1.10366145537718,NA,NA,-0.325509668379042,2,0.5,-0.714585561878111,"-0.861623399169996",-0.0790428376355905,0.737610799398833
231323,NA,NA,NA,NA,NA,NA,NA,0.211365238206305,1,1,0.211365238206305,"0.393714511878871",-0.0790428376355905,0.737610799398833
231324,NA,NA,NA,NA,NA,NA,NA,-0.862384574964387,1,1,-0.862384574964387,"-1.06199873695889",-0.0790428376355905,0.737610799398833
231325,NA,NA,NA,NA,-0.813978286476055,NA,NA,-1.93613438813508,2,0.5,-1.37505633730557,"-1.75704246836713",-0.0790428376355905,0.737610799398833
231326,NA,NA,0.954908663909153,-0.240534930426321,0.562016765804296,NA,NA,0.748240144791648,4,0.25,0.506157661019694,"0.793373008003996",-0.0790428376355905,0.737610799398833
231327,NA,NA,0.69588426403756,0.768195223326143,0.815489538592783,NA,NA,0.569281842596533,4,0.25,0.712212717138254,"1.07272772499906",-0.0790428376355905,0.737610799398833
231328,NA,NA,NA,NA,-0.0897703642232385,NA,NA,-0.325509668379042,2,0.5,-0.20764001630114,"-0.174342863160841",-0.0790428376355905,0.737610799398833
231329,NA,NA,NA,NA,NA,NA,NA,NA,0,NA,NA,"NaN",-0.0790428376355905,0.737610799398833
231330,NA,NA,NA,NA,NA,NA,NA,-0.146551366183927,1,1,-0.146551366183927,"-0.0915232377337164",-0.0790428376355905,0.737610799398833
231331,NA,NA,0.760640364005458,-0.423940412926769,0.489595973579015,NA,NA,0.390323540401418,4,0.25,0.30415486626478,"0.519512057324384",-0.0790428376355905,0.737610799398833
231332,NA,NA,0.0483232643585746,-0.469791783551881,0.706858350254859,NA,NA,0.569281842596533,4,0.25,0.213667918414521,"0.396836321117691",-0.0790428376355905,0.737610799398833
231333,NA,NA,0.69588426403756,-0.974156860428112,-1.10366145537718,NA,NA,0.0324069360111874,4,0.25,-0.337381778939137,"-0.350237471460691",-0.0790428376355905,0.737610799398833
231337,NA,NA,-0.210701135513018,-0.744900007302553,0.0550712202273249,NA,NA,-0.325509668379042,4,0.25,-0.306509897741822,"-0.308383581546829",-0.0790428376355905,0.737610799398833
231338,NA,NA,0.501615964133864,-0.148832189176097,-0.488084721462287,NA,NA,0.927198446986763,4,0.25,0.197974375120561,"0.375560136839002",-0.0790428376355905,0.737610799398833
231339,NA,NA,0.372103764198067,0.172127405199687,-0.741557494250773,NA,NA,0.211365238206305,4,0.25,0.00350972833832153,"0.111918868380444",-0.0790428376355905,0.737610799398833
231340,NA,NA,NA,0.355532887700135,1.25001429194447,NA,NA,0.390323540401418,3,0.333333333333333,0.665290240015341,"1.0091135843694",-0.0790428376355905,0.737610799398833
240001,-0.566445871941866,-1.84173085633217,-1.24679873499939,0.905749335201479,0.0912816163399657,-1.09443730313471,-1.97128934766544,0.390323540401418,8,0.125,-0.66666845276634,"-0.796660807582638",-0.0790428376355905,0.737610799398833
240002,0.807310726325593,0.549951913813056,0.113079364326474,0.905749335201479,0.815489538592783,0.257250658921331,-0.178558322533227,0.748240144791648,8,0.125,0.502314169929892,"0.788162277503664",-0.0790428376355905,0.737610799398833
240004,0.635591151542161,NA,0.24259156426227,1.08915481770193,0.815489538592783,0.962479160863611,-0.289471147150218,0.748240144791648,7,0.142857142857143,0.600582175800597,"0.921387016011825",-0.0790428376355905,0.737610799398833
240006,NA,NA,NA,0.355532887700135,1.7207494414088,NA,NA,0.927198446986763,3,0.333333333333333,1.00116025869857,"1.46446214889281",-0.0790428376355905,0.737610799398833
240010,3.21138477329365,1.26745674485662,1.14917696381285,1.82277674770372,1.93801181808465,1.84401478829146,1.40529407569384,3.43261467771837,8,0.125,2.00884132368189,"2.83060411129982",-0.0790428376355905,0.737610799398833
240014,NA,NA,NA,-1.06585960167834,0.598227161916937,NA,NA,0.390323540401418,3,0.333333333333333,-0.025769633119994,"0.0722240029010084",-0.0790428376355905,0.737610799398833
240018,NA,NA,NA,0.447235628950359,1.10517270749391,NA,NA,0.211365238206305,3,0.333333333333333,0.587924524883524,"0.904226677622814",-0.0790428376355905,0.737610799398833
240019,NA,NA,NA,NA,NA,NA,NA,0.211365238206305,1,1,0.211365238206305,"0.393714511878871",-0.0790428376355905,0.737610799398833
240020,NA,NA,0.890152563941255,-0.882454119177889,0.163702408565247,NA,NA,0.211365238206305,4,0.25,0.0956915228837295,"0.236892356594741",-0.0790428376355905,0.737610799398833
240022,NA,NA,-0.275457235480917,-0.423940412926769,-1.64681739706679,NA,NA,0.390323540401418,4,0.25,-0.488972876268265,"-0.555753846021202",-0.0790428376355905,0.737610799398833
240030,NA,NA,0.501615964133864,-0.607345895427217,0.779279142480142,-0.565515926677996,NA,0.211365238206305,5,0.2,0.0638797045430196,"0.193764167085263",-0.0790428376355905,0.737610799398833
240036,0.979030301109026,0.669536052320317,0.307347664230169,0.951600705826591,0.598227161916937,1.13878628634918,-1.15044813201752,0.390323540401418,8,0.125,0.485550447517015,"0.765435220868186",-0.0790428376355905,0.737610799398833
240038,-0.48058608455015,0.669536052320317,0.372103764198067,0.172127405199687,-0.125980760335879,1.08001724452066,0.00011058560464818,0.927198446986763,8,0.125,0.326815831743014,"0.550234174593684",-0.0790428376355905,0.737610799398833
240040,NA,NA,NA,-0.148832189176097,0.779279142480142,NA,NA,0.748240144791648,3,0.333333333333333,0.459562366031898,"0.7302024375273",-0.0790428376355905,0.737610799398833
240043,NA,NA,1.27868916374865,0.951600705826591,2.3363261753237,0.257250658921331,NA,0.748240144791648,5,0.2,1.11442136972238,"1.61801346771315",-0.0790428376355905,0.737610799398833
240044,NA,NA,NA,-1.11171097230345,-1.24850303982774,0.0221744916072371,NA,-1.0413428771595,4,0.25,-0.844845599420865,"-1.03822064754125",-0.0790428376355905,0.737610799398833
240047,-1.16746438368388,-0.0479687787232517,-0.599237735320409,-0.332237671676545,-1.97271096208056,-1.3295134704488,1.46657664805031,0.0324069360111874,8,0.125,-0.493768677233994,"-0.562255650183556",-0.0790428376355905,0.737610799398833
240050,NA,NA,-0.0811889355772215,-0.607345895427217,0.453385577466374,-1.50582059593437,NA,0.748240144791648,5,0.2,-0.198545940936157,"-0.162013765793511",-0.0790428376355905,0.737610799398833
240052,NA,NA,NA,0.217978775824799,0.308543993015811,-0.97689921947766,NA,0.0324069360111874,4,0.25,-0.104492378656466,"-0.0345026686724449",-0.0790428376355905,0.737610799398833
240053,-0.652305659333582,-0.645889471259559,0.566372064101763,0.355532887700135,1.10517270749391,-0.624284968506521,-0.60969416608332,1.28511505137699,8,0.125,0.0975023056862269,"0.239347286489982",-0.0790428376355905,0.737610799398833
240056,1.23660966328417,NA,1.27868916374865,1.50181715332793,1.39485587639504,-0.918130177649138,NA,0.569281842596533,6,0.166666666666667,0.843853920283864,"1.2511974589738",-0.0790428376355905,0.737610799398833
240057,0.807310726325593,-0.406721194245036,0.760640364005458,0.905749335201479,0.779279142480142,1.55016957914885,-0.587252660713345,1.28511505137699,8,0.125,0.636786292947516,"0.970469970296694",-0.0790428376355905,0.737610799398833
240064,NA,NA,NA,0.263830146449911,-0.379453533124364,0.374788742578378,NA,0.569281842596533,4,0.25,0.207111799625114,"0.387948003871318",-0.0790428376355905,0.737610799398833
240066,0.549731364150444,NA,-0.599237735320409,-0.790751377927665,0.163702408565247,0.0809435334357605,NA,0.927198446986763,6,0.166666666666667,0.0552644399816901,"0.182084207181814",-0.0790428376355905,0.737610799398833
240069,NA,NA,NA,-1.47852193730435,1.10517270749391,0.0221744916072371,NA,-0.325509668379042,4,0.25,-0.16917110164556,"-0.122189458293488",-0.0790428376355905,0.737610799398833
240071,NA,NA,NA,-0.378089042301657,-0.0897703642232385,NA,NA,-0.504467970574157,3,0.333333333333333,-0.324109125699684,"-0.3322433568812",-0.0790428376355905,0.737610799398833
240075,0.20629221458358,NA,-0.275457235480917,-0.423940412926769,0.0550712202273249,-0.624284968506521,NA,0.0324069360111874,6,0.166666666666667,-0.171652041015352,"-0.125552938562234",-0.0790428376355905,0.737610799398833
240076,NA,NA,NA,1.31841167082749,0.670647954142219,0.551095868063948,NA,0.211365238206305,4,0.25,0.68788018280999,"1.03973941416074",-0.0790428376355905,0.737610799398833
240078,0.979030301109026,0.789120190827578,1.01966476387705,1.50181715332793,1.25001429194447,0.727402993549518,0.67680828599158,2.17990656235257,8,0.125,1.14047056787247,"1.65332910865999",-0.0790428376355905,0.737610799398833
240080,0.378011789367012,0.0716153597840098,0.501615964133864,0.493086999575471,1.61211825307088,0.0809435334357605,-1.07362913286645,1.28511505137699,8,0.125,0.418609727234692,"0.674681776996593",-0.0790428376355905,0.737610799398833
240084,NA,NA,NA,0.584789740825695,NA,NA,NA,0.0324069360111874,2,0.5,0.308598338418441,"0.52553619926656",-0.0790428376355905,0.737610799398833
240088,NA,NA,NA,0.814046593951255,1.28622468805711,-0.565515926677996,NA,0.748240144791648,4,0.25,0.570748875030505,"0.880941159207116",-0.0790428376355905,0.737610799398833
240093,1.75176838763447,NA,1.92625016342763,1.86862811832883,2.15527419476049,1.4326314954918,0.594378910498019,1.64303165576722,7,0.142857142857143,1.62456613227264,"2.30963127342591",-0.0790428376355905,0.737610799398833
240100,-0.223006722375001,NA,1.08442086384495,0.905749335201479,0.018860824114684,-0.0365945502212864,-0.350322152095728,0.390323540401418,7,0.142857142857143,0.255633019838645,"0.453729606110706",-0.0790428376355905,0.737610799398833
240101,NA,NA,-0.599237735320409,1.3642630414526,-0.125980760335879,0.492326826235425,NA,0.0324069360111874,5,0.2,0.232755661608584,"0.422714119015471",-0.0790428376355905,0.737610799398833
240104,NA,NA,1.40820136368444,-0.607345895427217,-0.0897703642232385,1.1975553281777,NA,0.569281842596533,5,0.2,0.495584454961645,"0.779038610966064",-0.0790428376355905,0.737610799398833
240106,1.06489008850074,0.549951913813056,0.177835464294372,0.447235628950359,0.598227161916937,0.374788742578378,0.781247599444155,0.927198446986763,8,0.125,0.615171880810595,"0.941166695243595",-0.0790428376355905,0.737610799398833
240115,1.06489008850074,0.789120190827578,1.34344526371654,0.951600705826591,0.344754389128452,-0.800592093992089,-0.935527561358916,1.10615674918188,8,0.125,0.482980966478847,"0.761951702134104",-0.0790428376355905,0.737610799398833
240141,NA,NA,NA,0.814046593951255,0.887910330818063,NA,NA,1.10615674918188,3,0.333333333333333,0.936037891317065,"1.37617389791468",-0.0790428376355905,0.737610799398833
240166,NA,NA,1.27868916374865,-0.469791783551881,1.57590785695824,0.609864909892471,NA,0.211365238206305,5,0.2,0.641207077050756,"0.976463353401772",-0.0790428376355905,0.737610799398833
240187,NA,NA,NA,-0.332237671676545,1.17759349971919,NA,NA,-0.146551366183927,3,0.333333333333333,0.232934820619573,"0.422957009996913",-0.0790428376355905,0.737610799398833
240206,NA,NA,NA,NA,NA,NA,NA,NA,0,NA,NA,"NaN",-0.0790428376355905,0.737610799398833
240207,0.292152001975297,NA,-0.404969435416714,0.126276034574575,1.43106627250768,0.374788742578378,0.152022314262939,1.46407335357211,7,0.142857142857143,0.490772754864894,"0.772515251898284",-0.0790428376355905,0.737610799398833
240210,0.292152001975297,0.90870432933484,0.760640364005458,0.630641111450807,1.21380389583183,0.374788742578378,-0.61746237948062,2.00094826015745,8,0.125,0.69552704073168,"1.05010647756047",-0.0790428376355905,0.737610799398833
240213,NA,NA,0.566372064101763,1.08915481770193,1.25001429194447,0.257250658921331,NA,1.46407335357211,5,0.2,0.92537303724832,"1.36171525105452",-0.0790428376355905,0.737610799398833
240214,NA,NA,0.566372064101763,0.814046593951255,1.5396974608456,NA,NA,1.10615674918188,4,0.25,1.00656821702012,"1.47179387224334",-0.0790428376355905,0.737610799398833
241301,NA,NA,NA,NA,NA,NA,NA,NA,0,NA,NA,"NaN",-0.0790428376355905,0.737610799398833
241302,NA,NA,NA,NA,NA,NA,NA,NA,0,NA,NA,"NaN",-0.0790428376355905,0.737610799398833
241303,NA,NA,NA,NA,NA,NA,NA,0.569281842596533,1,1,0.569281842596533,"0.878952261491454",-0.0790428376355905,0.737610799398833
241304,NA,NA,NA,NA,NA,NA,NA,NA,0,NA,NA,"NaN",-0.0790428376355905,0.737610799398833
241305,NA,NA,NA,NA,NA,NA,NA,-0.504467970574157,1,1,-0.504467970574157,"-0.576760987346302",-0.0790428376355905,0.737610799398833
241306,NA,NA,NA,-0.836602748552777,-1.10366145537718,NA,NA,0.0324069360111874,3,0.333333333333333,-0.63595242263959,"-0.755018209410561",-0.0790428376355905,0.737610799398833
241308,NA,NA,NA,NA,NA,NA,NA,NA,0,NA,NA,"NaN",-0.0790428376355905,0.737610799398833
241309,NA,NA,NA,NA,NA,NA,NA,NA,0,NA,NA,"NaN",-0.0790428376355905,0.737610799398833
241311,NA,NA,NA,NA,NA,NA,NA,NA,0,NA,NA,"NaN",-0.0790428376355905,0.737610799398833
241312,NA,NA,NA,NA,NA,NA,NA,NA,0,NA,NA,"NaN",-0.0790428376355905,0.737610799398833
241313,NA,NA,NA,NA,NA,NA,NA,NA,0,NA,NA,"NaN",-0.0790428376355905,0.737610799398833
241314,NA,NA,NA,NA,NA,NA,NA,-0.146551366183927,1,1,-0.146551366183927,"-0.0915232377337164",-0.0790428376355905,0.737610799398833
241315,NA,NA,NA,NA,NA,NA,NA,NA,0,NA,NA,"NaN",-0.0790428376355905,0.737610799398833
241316,NA,NA,NA,NA,NA,NA,NA,NA,0,NA,NA,"NaN",-0.0790428376355905,0.737610799398833
241317,NA,NA,NA,NA,NA,NA,NA,NA,0,NA,NA,"NaN",-0.0790428376355905,0.737610799398833
241318,NA,NA,NA,NA,NA,NA,NA,NA,0,NA,NA,"NaN",-0.0790428376355905,0.737610799398833
241319,NA,NA,NA,NA,NA,NA,NA,-0.683426272769272,1,1,-0.683426272769272,"-0.819379862152595",-0.0790428376355905,0.737610799398833
241320,NA,NA,NA,NA,-0.307032740899083,NA,NA,-0.504467970574157,2,0.5,-0.40575035573662,"-0.442926701137378",-0.0790428376355905,0.737610799398833
241321,NA,NA,NA,NA,NA,NA,NA,NA,0,NA,NA,"NaN",-0.0790428376355905,0.737610799398833
241322,NA,NA,NA,NA,NA,NA,NA,-1.0413428771595,1,1,-1.0413428771595,"-1.30461761176518",-0.0790428376355905,0.737610799398833
241323,NA,NA,NA,NA,NA,NA,NA,NA,0,NA,NA,"NaN",-0.0790428376355905,0.737610799398833
241325,NA,NA,NA,NA,-0.307032740899083,NA,NA,-0.862384574964387,2,0.5,-0.584708657931735,"-0.68554557594367",-0.0790428376355905,0.737610799398833
241326,NA,NA,NA,NA,0.851699934705422,NA,NA,0.390323540401418,2,0.5,0.62101173755342,"0.949083955603102",-0.0790428376355905,0.737610799398833
241327,NA,NA,NA,NA,-0.63292630591285,NA,NA,-1.0413428771595,2,0.5,-0.837134591536176,"-1.0277666142069",-0.0790428376355905,0.737610799398833
241328,NA,NA,NA,NA,NA,NA,NA,NA,0,NA,NA,"NaN",-0.0790428376355905,0.737610799398833
241329,NA,NA,NA,NA,-0.488084721462287,NA,NA,-0.504467970574157,2,0.5,-0.496276346018222,"-0.56565536828187",-0.0790428376355905,0.737610799398833
241330,NA,NA,NA,-0.0112780773007613,0.670647954142219,NA,NA,0.0324069360111874,3,0.333333333333333,0.230592270950882,"0.419781148593311",-0.0790428376355905,0.737610799398833
241332,NA,NA,NA,NA,NA,NA,NA,-0.325509668379042,1,1,-0.325509668379042,"-0.334142112540009",-0.0790428376355905,0.737610799398833
241333,NA,NA,NA,NA,-0.343243137011723,NA,NA,0.569281842596533,2,0.5,0.113019352792405,"0.260384189852602",-0.0790428376355905,0.737610799398833
241334,NA,NA,NA,NA,NA,NA,NA,-0.504467970574157,1,1,-0.504467970574157,"-0.576760987346302",-0.0790428376355905,0.737610799398833
241335,NA,NA,NA,NA,NA,NA,NA,-0.325509668379042,1,1,-0.325509668379042,"-0.334142112540009",-0.0790428376355905,0.737610799398833
241336,NA,NA,NA,NA,NA,NA,NA,NA,0,NA,NA,"NaN",-0.0790428376355905,0.737610799398833
241337,NA,NA,NA,NA,NA,NA,NA,0.390323540401418,1,1,0.390323540401418,"0.636333386685161",-0.0790428376355905,0.737610799398833
241338,NA,NA,NA,NA,NA,NA,NA,-0.325509668379042,1,1,-0.325509668379042,"-0.334142112540009",-0.0790428376355905,0.737610799398833
241339,NA,NA,NA,NA,NA,NA,NA,NA,0,NA,NA,"NaN",-0.0790428376355905,0.737610799398833
241340,NA,NA,NA,NA,NA,NA,NA,NA,0,NA,NA,"NaN",-0.0790428376355905,0.737610799398833
241341,NA,NA,NA,NA,NA,NA,NA,NA,0,NA,NA,"NaN",-0.0790428376355905,0.737610799398833
241342,NA,NA,NA,NA,-1.2122926437151,NA,NA,0.390323540401418,2,0.5,-0.410984551656843,"-0.450022849844107",-0.0790428376355905,0.737610799398833
241343,NA,NA,NA,NA,NA,NA,NA,NA,0,NA,NA,"NaN",-0.0790428376355905,0.737610799398833
241344,NA,NA,NA,NA,-1.71923818929207,NA,NA,-0.146551366183927,2,0.5,-0.932894777738001,"-1.15759143005812",-0.0790428376355905,0.737610799398833
241345,NA,NA,NA,NA,0.670647954142219,NA,NA,0.211365238206305,2,0.5,0.441006596174262,"0.705045851055466",-0.0790428376355905,0.737610799398833
241346,NA,NA,NA,NA,NA,NA,NA,0.569281842596533,1,1,0.569281842596533,"0.878952261491454",-0.0790428376355905,0.737610799398833
241347,NA,NA,NA,NA,-0.307032740899083,NA,NA,0.569281842596533,2,0.5,0.131124550848725,"0.2849299232815",-0.0790428376355905,0.737610799398833
241348,NA,NA,NA,NA,-0.958819870926618,NA,NA,NA,1,1,-0.958819870926618,"-1.1927388183688",-0.0790428376355905,0.737610799398833
241349,NA,NA,NA,NA,-0.234611948673802,NA,NA,0.0324069360111874,2,0.5,-0.101102506331307,"-0.029906922070143",-0.0790428376355905,0.737610799398833
241350,NA,NA,NA,NA,NA,NA,NA,-1.0413428771595,1,1,-1.0413428771595,"-1.30461761176518",-0.0790428376355905,0.737610799398833
241351,NA,NA,NA,NA,-0.0535599681105977,NA,NA,-0.504467970574157,2,0.5,-0.279013969342377,"-0.271106567135089",-0.0790428376355905,0.737610799398833
241353,NA,NA,NA,-0.0112780773007613,-0.741557494250773,NA,NA,0.211365238206305,3,0.333333333333333,-0.180490111115076,"-0.137534962289282",-0.0790428376355905,0.737610799398833
241354,NA,NA,NA,-2.0745897554308,0.562016765804296,NA,NA,0.211365238206305,3,0.333333333333333,-0.433735917140067,"-0.480867524978699",-0.0790428376355905,0.737610799398833
241355,NA,NA,NA,0.309681517075023,NA,NA,NA,-0.504467970574157,2,0.5,-0.0973932267495669,"-0.0248781459394742",-0.0790428376355905,0.737610799398833
241356,NA,NA,NA,NA,NA,NA,NA,-0.325509668379042,1,1,-0.325509668379042,"-0.334142112540009",-0.0790428376355905,0.737610799398833
241357,NA,NA,NA,NA,NA,NA,NA,-0.325509668379042,1,1,-0.325509668379042,"-0.334142112540009",-0.0790428376355905,0.737610799398833
241358,NA,NA,NA,NA,NA,NA,NA,NA,0,NA,NA,"NaN",-0.0790428376355905,0.737610799398833
241359,NA,NA,NA,NA,0.670647954142219,NA,NA,0.0324069360111874,2,0.5,0.351527445076703,"0.583736413652317",-0.0790428376355905,0.737610799398833
241360,NA,NA,NA,NA,NA,NA,NA,0.0324069360111874,1,1,0.0324069360111874,"0.151095637072575",-0.0790428376355905,0.737610799398833
241361,NA,NA,NA,0.722343852701031,-0.125980760335879,NA,NA,0.390323540401418,3,0.333333333333333,0.328895544255523,"0.55305370016761",-0.0790428376355905,0.737610799398833
241362,NA,NA,NA,NA,0.0912816163399657,NA,NA,0.211365238206305,2,0.5,0.151323427273135,"0.312314116193091",-0.0790428376355905,0.737610799398833
241363,NA,NA,NA,NA,0.163702408565247,NA,NA,-0.146551366183927,2,0.5,0.00857552119066045,"0.118786708244594",-0.0790428376355905,0.737610799398833
241364,NA,NA,NA,NA,0.525806369691656,NA,NA,0.390323540401418,2,0.5,0.458064955046537,"0.728172354743017",-0.0790428376355905,0.737610799398833
241365,NA,NA,NA,NA,0.308543993015811,NA,NA,0.0324069360111874,2,0.5,0.170475464513499,"0.338279079363333",-0.0790428376355905,0.737610799398833
241366,NA,NA,NA,NA,NA,NA,NA,-0.325509668379042,1,1,-0.325509668379042,"-0.334142112540009",-0.0790428376355905,0.737610799398833
241367,NA,NA,NA,-1.06585960167834,0.453385577466374,NA,NA,0.390323540401418,3,0.333333333333333,-0.0740501612701818,"0.00676871375727932",-0.0790428376355905,0.737610799398833
241368,NA,NA,NA,NA,NA,NA,NA,0.569281842596533,1,1,0.569281842596533,"0.878952261491454",-0.0790428376355905,0.737610799398833
241369,NA,NA,NA,0.126276034574575,-0.813978286476055,NA,NA,-0.325509668379042,3,0.333333333333333,-0.337737306760174,"-0.350719470668575",-0.0790428376355905,0.737610799398833
241370,NA,NA,NA,0.309681517075023,0.779279142480142,NA,NA,-0.504467970574157,3,0.333333333333333,0.194830896327003,"0.371298432975501",-0.0790428376355905,0.737610799398833
241371,NA,NA,NA,NA,-2.29860452709433,NA,NA,0.211365238206305,2,0.5,-1.04361964444401,"-1.3077042901142",-0.0790428376355905,0.737610799398833
241372,NA,NA,NA,NA,NA,NA,NA,-0.146551366183927,1,1,-0.146551366183927,"-0.0915232377337164",-0.0790428376355905,0.737610799398833
241373,NA,NA,NA,-0.974156860428112,-0.0897703642232385,NA,NA,0.211365238206305,3,0.333333333333333,-0.284187328815015,"-0.278120238134557",-0.0790428376355905,0.737610799398833
241374,NA,NA,NA,NA,NA,NA,NA,0.0324069360111874,1,1,0.0324069360111874,"0.151095637072575",-0.0790428376355905,0.737610799398833
241375,NA,NA,NA,NA,NA,NA,NA,NA,0,NA,NA,"NaN",-0.0790428376355905,0.737610799398833
241376,NA,NA,NA,-1.24926508417879,-0.379453533124364,NA,NA,-0.325509668379042,3,0.333333333333333,-0.65140942856073,"-0.77597371322604",-0.0790428376355905,0.737610799398833
241377,NA,NA,NA,NA,-0.488084721462287,NA,NA,-0.504467970574157,2,0.5,-0.496276346018222,"-0.56565536828187",-0.0790428376355905,0.737610799398833
241378,NA,NA,NA,0.172127405199687,1.17759349971919,NA,NA,0.569281842596533,3,0.333333333333333,0.639667582505137,"0.974376216734475",-0.0790428376355905,0.737610799398833
241379,NA,NA,NA,NA,NA,NA,NA,NA,0,NA,NA,"NaN",-0.0790428376355905,0.737610799398833
241380,NA,NA,NA,-2.89991442668282,0.127492012452607,NA,NA,0.0324069360111874,3,0.333333333333333,-0.913338492739674,"-1.13107841667184",-0.0790428376355905,0.737610799398833
241381,NA,NA,NA,NA,-2.04513175430584,NA,NA,0.0324069360111874,2,0.5,-1.00636240914733,"-1.25719359351506",-0.0790428376355905,0.737610799398833
250001,-0.995744808900447,1.0282884678421,0.113079364326474,0.951600705826591,1.57590785695824,1.1975553281777,-2.18362051385828,-0.325509668379042,8,0.125,0.170194591499167,"0.337898291806317",-0.0790428376355905,0.737610799398833
250002,NA,NA,-0.923018235159901,-2.0745897554308,-1.2122926437151,NA,NA,-1.57821778374485,4,0.25,-1.44702960451266,"-1.85461867965058",-0.0790428376355905,0.737610799398833
250004,-1.85434268281761,-0.287137055737774,-4.61411593333011,-2.48725209105681,-0.850188682588695,-1.38828251227732,-0.180284592177073,-2.65196759691554,8,0.125,-1.78919639336262,"-2.31850395509506",-0.0790428376355905,0.737610799398833
250006,NA,NA,0.177835464294372,-1.20341371355367,0.453385577466374,1.37386245366328,NA,0.211365238206305,5,0.2,0.202607004015331,"0.381840723970516",-0.0790428376355905,0.737610799398833
250007,NA,NA,-1.31155483496729,-1.38681919605412,-0.63292630591285,-1.44705155410585,NA,-0.862384574964387,5,0.2,-1.1281472932009,"-1.42230083455984",-0.0790428376355905,0.737610799398833
250009,-0.48058608455015,-1.48297844081039,-0.793506035224105,-1.84533290230524,-1.06745105926454,0.0221744916072371,0.0605300231391959,-1.93613438813508,8,0.125,-0.940410549442883,"-1.16778077613468",-0.0790428376355905,0.737610799398833
250017,NA,NA,NA,NA,NA,NA,NA,NA,0,NA,NA,"NaN",-0.0790428376355905,0.737610799398833
250018,NA,NA,NA,NA,NA,NA,NA,NA,0,NA,NA,"NaN",-0.0790428376355905,0.737610799398833
250019,-2.19778183238447,-0.765473609766821,-0.0164328356093239,-0.515643154176993,-0.813978286476055,-1.09443730313471,-0.36370074183552,-1.0413428771595,8,0.125,-0.851098830067924,"-1.0466983306936",-0.0790428376355905,0.737610799398833
250020,NA,NA,-1.18204263503149,-0.928305489803001,-0.379453533124364,0.551095868063948,NA,-4.6205089210618,5,0.2,-1.31184294219134,"-1.67134226554235",-0.0790428376355905,0.737610799398833
250025,NA,NA,-0.0164328356093239,-1.98288701418058,-1.97271096208056,NA,NA,-0.862384574964387,4,0.25,-1.20860384670871,"-1.53137807905434",-0.0790428376355905,0.737610799398833
250027,NA,NA,NA,NA,-1.13987185148982,NA,NA,-1.57821778374485,2,0.5,-1.35904481761733,"-1.73533519442092",-0.0790428376355905,0.737610799398833
250031,0.120432427191864,0.669536052320317,0.113079364326474,0.584789740825695,-1.86407977374264,-0.918130177649138,-0.637746047795789,-1.39925948154973,8,0.125,-0.416422237009118,"-0.457394874978103",-0.0790428376355905,0.737610799398833
250034,-0.566445871941866,-0.526305332752297,0.825396463973357,-0.194683559801209,0.236123200790529,0.316019700749854,1.59949941062631,0.748240144791648,8,0.125,0.304730519554541,"0.520292486908969",-0.0790428376355905,0.737610799398833
250036,NA,NA,NA,-0.836602748552777,-5.08680502776767,NA,NA,-4.97842552545203,3,0.333333333333333,-3.63394443392416,"-4.81948149238851",-0.0790428376355905,0.737610799398833
250038,NA,NA,-0.0811889355772215,0.0804246639494628,-0.125980760335879,NA,NA,-0.146551366183927,4,0.25,-0.0683240995368911,"0.0145316989765271",-0.0790428376355905,0.737610799398833
250040,-2.8846601315182,0.0716153597840098,-0.923018235159901,-1.43267056667923,-1.35713422816567,-0.624284968506521,-0.162158760916708,-1.75717608593996,8,0.125,-1.13368595213777,"-1.4298097524626",-0.0790428376355905,0.737610799398833
250042,NA,NA,NA,-0.423940412926769,-0.63292630591285,NA,NA,-0.862384574964387,3,0.333333333333333,-0.639750431268002,"-0.760167278040667",-0.0790428376355905,0.737610799398833
250043,NA,NA,-0.0164328356093239,-1.15756234292856,-1.75544858540472,-0.859361135820613,NA,-0.683426272769272,5,0.2,-0.894446234506497,"-1.10546564331145",-0.0790428376355905,0.737610799398833
250044,NA,NA,-1.31155483496729,-0.102980818550985,-0.379453533124364,NA,NA,-1.22030117935462,4,0.25,-0.753572591499315,"-0.914479227274707",-0.0790428376355905,0.737610799398833
250048,-1.76848289542589,0.549951913813056,-4.03131103361903,-0.423940412926769,-1.10366145537718,-0.212901675706857,-1.2958863495114,-1.0413428771595,8,0.125,-1.1659468482392,"-1.47354676950155",-0.0790428376355905,0.737610799398833
250049,NA,NA,NA,-0.836602748552777,NA,NA,NA,-0.504467970574157,2,0.5,-0.670535359563467,"-0.801903283425289",-0.0790428376355905,0.737610799398833
250050,NA,NA,NA,-0.515643154176993,-2.11755254653112,-1.44705155410585,NA,-1.22030117935462,4,0.25,-1.32513710854215,"-1.68936554606053",-0.0790428376355905,0.737610799398833
250057,NA,NA,-0.923018235159901,-2.62480620293214,-0.850188682588695,NA,NA,-2.83092589911065,4,0.25,-1.80723475494785,"-2.34295907641369",-0.0790428376355905,0.737610799398833
250058,-1.42504374585903,NA,-1.31155483496729,-2.62480620293214,-2.33481492320697,-0.0953635920498098,-0.50741268968555,-3.54675910789111,7,0.142857142857143,-1.69225072808456,"-2.18707195144616",-0.0790428376355905,0.737610799398833
250061,NA,NA,0.113079364326474,NA,0.236123200790529,NA,NA,-0.683426272769272,3,0.333333333333333,-0.111407902550756,"-0.0438782416710058",-0.0790428376355905,0.737610799398833
250067,NA,NA,NA,-0.882454119177889,0.0912816163399657,NA,NA,0.569281842596533,3,0.333333333333333,-0.0739635534137969,"0.00688613049854114",-0.0790428376355905,0.737610799398833
250069,-1.85434268281761,NA,-0.663993835288308,-1.02000823105323,-2.66070848822074,0.198481617092807,0.450235395237027,-0.862384574964387,7,0.142857142857143,-0.916102971430633,"-1.13482629928583",-0.0790428376355905,0.737610799398833
250072,-0.137146934983285,NA,NA,0.355532887700135,-0.958819870926618,0.374788742578378,NA,-0.504467970574157,5,0.2,-0.174022629241109,"-0.128766812637409",-0.0790428376355905,0.737610799398833
250077,NA,NA,-0.210701135513018,-1.02000823105323,-1.24850303982774,-0.154132633878333,NA,-1.39925948154973,5,0.2,-0.806520904364411,"-0.98626276529808",-0.0790428376355905,0.737610799398833
250078,-0.223006722375001,-1.24381016379587,-0.14594503554512,-1.57022467855457,-1.10366145537718,0.0221744916072371,-0.914812325632785,0.0324069360111874,8,0.125,-0.643359869207762,"-0.765060696009468",-0.0790428376355905,0.737610799398833
250081,NA,NA,NA,NA,NA,NA,NA,NA,0,NA,NA,"NaN",-0.0790428376355905,0.737610799398833
250082,-3.74325800543537,NA,-4.8731403332017,-1.52437330792946,-5.73859215779521,-1.21197538679175,NA,-4.6205089210618,6,0.166666666666667,-3.61864135203588,"-4.79873466777484",-0.0790428376355905,0.737610799398833
250084,NA,NA,-0.340213335448815,-0.286386301051433,-1.39334462427831,0.198481617092807,NA,-1.93613438813508,5,0.2,-0.751519406364165,"-0.911695665622922",-0.0790428376355905,0.737610799398833
250085,NA,NA,-0.275457235480917,-0.469791783551881,-1.57439660484151,NA,NA,-1.57821778374485,4,0.25,-0.974465851904789,"-1.21395052105932",-0.0790428376355905,0.737610799398833
250093,NA,NA,-2.80094513422896,-0.378089042301657,-1.50197581261623,0.0809435334357605,NA,-1.57821778374485,5,0.2,-1.23565684789119,"-1.56805460440419",-0.0790428376355905,0.737610799398833
250094,-2.02606225760104,-1.96131499483943,-0.663993835288308,-1.43267056667923,-0.958819870926618,0.844941077206565,0.429951726921858,-1.39925948154973,8,0.125,-0.895903525344493,"-1.10744133406759",-0.0790428376355905,0.737610799398833
250095,NA,NA,NA,-1.52437330792946,-0.669136702025491,NA,NA,-1.0413428771595,3,0.333333333333333,-1.07828429570482,"-1.35470014658628",-0.0790428376355905,0.737610799398833
250096,NA,NA,-2.41240853442157,-0.882454119177889,-0.596715909800209,NA,NA,-0.683426272769272,4,0.25,-1.14375120904223,"-1.44345550834451",-0.0790428376355905,0.737610799398833
250097,-2.8846601315182,NA,-1.63533533480678,-0.561494524802105,0.163702408565247,NA,0.59869458460763,-1.75717608593996,6,0.166666666666667,-1.01271151398236,"-1.26580125603873",-0.0790428376355905,0.737610799398833
250099,NA,NA,NA,-0.102980818550985,-2.29860452709433,-1.03566826130618,NA,-0.862384574964387,4,0.25,-1.07490954547897,"-1.35012490144536",-0.0790428376355905,0.737610799398833
250100,-1.68262310803418,0.191199498291271,0.372103764198067,-1.43267056667923,-0.886399078701336,-0.212901675706857,0.331985924633698,0.0324069360111874,8,0.125,-0.410862288248422,"-0.449857093853928",-0.0790428376355905,0.737610799398833
250102,-2.11192204499276,-1.96131499483943,-0.0164328356093239,-0.0571294479258733,0.0550712202273249,1.08001724452066,-0.367584848534169,0.0324069360111874,8,0.125,-0.418361096392798,"-0.460023441947649",-0.0790428376355905,0.737610799398833
250104,-0.738165446725299,-3.39632465692657,0.69588426403756,-0.928305489803001,-1.24850303982774,-0.97689921947766,-1.1517428342504,0.211365238206305,8,0.125,-0.941586398095852,"-1.16937490769285",-0.0790428376355905,0.737610799398833
250117,NA,NA,-1.18204263503149,0.447235628950359,-2.55207729988281,NA,NA,-1.93613438813508,4,0.25,-1.30575467352476,"-1.66308822605222",-0.0790428376355905,0.737610799398833
250123,-2.11192204499276,NA,-1.1172865350636,-0.515643154176993,-0.560505513687569,0.492326826235425,NA,-0.683426272769272,6,0.166666666666667,-0.749409449075794,"-0.908835136343672",-0.0790428376355905,0.737610799398833
250124,NA,NA,NA,0.309681517075023,-0.958819870926618,NA,NA,-0.862384574964387,3,0.333333333333333,-0.503840976271994,"-0.575910953286777",-0.0790428376355905,0.737610799398833
250127,NA,NA,NA,NA,NA,NA,NA,NA,0,NA,NA,"NaN",-0.0790428376355905,0.737610799398833
250134,NA,NA,NA,NA,NA,NA,NA,NA,0,NA,NA,"NaN",-0.0790428376355905,0.737610799398833
250136,NA,NA,NA,NA,NA,NA,NA,NA,0,NA,NA,"NaN",-0.0790428376355905,0.737610799398833
250138,-0.995744808900447,NA,NA,-0.515643154176993,-0.0173495719979558,0.374788742578378,-0.442246010630432,-0.325509668379042,6,0.166666666666667,-0.320284078584415,"-0.327057631403229",-0.0790428376355905,0.737610799398833
250141,0.0345726398001479,0.789120190827578,0.307347664230169,0.217978775824799,-0.415663929237006,0.492326826235425,0.540864551538848,1.64303165576722,8,0.125,0.451197296873398,"0.71886167466792",-0.0790428376355905,0.737610799398833
250151,NA,NA,NA,NA,NA,NA,NA,NA,0,NA,NA,"NaN",-0.0790428376355905,0.737610799398833
250152,NA,NA,NA,NA,NA,NA,NA,NA,0,NA,NA,"NaN",-0.0790428376355905,0.737610799398833
250162,NA,NA,NA,0.0804246639494628,0.960331123043346,NA,NA,-1.0413428771595,3,0.333333333333333,-0.000195696722231108,"0.106895317934094",-0.0790428376355905,0.737610799398833
250167,0.635591151542161,NA,-0.923018235159901,-0.332237671676545,-1.06745105926454,-1.56458963776289,NA,-0.325509668379042,6,0.166666666666667,-0.596202520116794,"-0.701128132753341",-0.0790428376355905,0.737610799398833
250168,NA,NA,-3.12472563406845,0.722343852701031,-1.42955502039095,-0.741823052163566,NA,-1.22030117935462,5,0.2,-1.15881220665531,"-1.4638741324012",-0.0790428376355905,0.737610799398833
250172,NA,NA,NA,NA,0.562016765804296,NA,NA,-0.504467970574157,2,0.5,0.0287743976150695,"0.146170901156183",-0.0790428376355905,0.737610799398833
251300,NA,NA,NA,NA,NA,NA,NA,0.0324069360111874,1,1,0.0324069360111874,"0.151095637072575",-0.0790428376355905,0.737610799398833
251302,NA,NA,NA,NA,NA,NA,NA,-0.146551366183927,1,1,-0.146551366183927,"-0.0915232377337164",-0.0790428376355905,0.737610799398833
251304,NA,NA,NA,NA,NA,NA,NA,NA,0,NA,NA,"NaN",-0.0790428376355905,0.737610799398833
251305,NA,NA,NA,NA,-0.813978286476055,NA,NA,-0.146551366183927,2,0.5,-0.480264826329991,"-0.543948094335663",-0.0790428376355905,0.737610799398833
251307,NA,NA,NA,NA,NA,NA,NA,NA,0,NA,NA,"NaN",-0.0790428376355905,0.737610799398833
251308,NA,NA,NA,NA,0.525806369691656,NA,NA,-1.0413428771595,2,0.5,-0.257768253733923,"-0.242303144482154",-0.0790428376355905,0.737610799398833
251309,NA,NA,NA,NA,NA,NA,NA,-1.75717608593996,1,1,-1.75717608593996,"-2.27509311099035",-0.0790428376355905,0.737610799398833
251312,NA,NA,NA,NA,-0.379453533124364,NA,NA,-1.22030117935462,2,0.5,-0.799877356239491,"-0.97725591760776",-0.0790428376355905,0.737610799398833
251313,NA,NA,NA,NA,-1.71923818929207,NA,NA,0.0324069360111874,2,0.5,-0.843415626640444,"-1.03628199265498",-0.0790428376355905,0.737610799398833
251315,NA,NA,0.113079364326474,-1.34096782542901,-1.68302779317943,NA,NA,-0.862384574964387,4,0.25,-0.943325207311589,"-1.17173226094358",-0.0790428376355905,0.737610799398833
251316,NA,NA,NA,NA,NA,NA,NA,-0.146551366183927,1,1,-0.146551366183927,"-0.0915232377337164",-0.0790428376355905,0.737610799398833
251317,NA,NA,-0.210701135513018,-0.469791783551881,-2.0089213581932,NA,NA,-3.90467571228134,4,0.25,-1.64852249738486,"-2.1277883418036",-0.0790428376355905,0.737610799398833
251318,NA,NA,NA,-0.653197266052329,-2.66070848822074,NA,NA,-3.00988420130577,3,0.333333333333333,-2.10792998519294,"-2.75062017694282",-0.0790428376355905,0.737610799398833
251319,NA,NA,NA,NA,-0.850188682588695,NA,NA,-1.22030117935462,2,0.5,-1.03524493097166,"-1.29635045218344",-0.0790428376355905,0.737610799398833
251320,NA,NA,0.890152563941255,0.401384258325247,0.199912804677888,NA,NA,0.0324069360111874,4,0.25,0.380964140738894,"0.623644581599672",-0.0790428376355905,0.737610799398833
251322,NA,NA,NA,NA,NA,NA,NA,NA,0,NA,NA,"NaN",-0.0790428376355905,0.737610799398833
251323,NA,NA,NA,NA,NA,NA,NA,0.748240144791648,1,1,0.748240144791648,"1.12157113629775",-0.0790428376355905,0.737610799398833
251324,NA,NA,NA,NA,NA,NA,NA,-0.146551366183927,1,1,-0.146551366183927,"-0.0915232377337164",-0.0790428376355905,0.737610799398833
251325,NA,NA,NA,NA,NA,NA,NA,NA,0,NA,NA,"NaN",-0.0790428376355905,0.737610799398833
251326,NA,NA,NA,NA,NA,NA,NA,NA,0,NA,NA,"NaN",-0.0790428376355905,0.737610799398833
251327,NA,NA,NA,NA,-0.850188682588695,NA,NA,-1.93613438813508,2,0.5,-1.39316153536189,"-1.78158820179602",-0.0790428376355905,0.737610799398833
251330,NA,NA,NA,NA,NA,NA,NA,-0.862384574964387,1,1,-0.862384574964387,"-1.06199873695889",-0.0790428376355905,0.737610799398833
251331,NA,NA,NA,NA,0.199912804677888,NA,NA,-0.683426272769272,2,0.5,-0.241756734045692,"-0.220595870535947",-0.0790428376355905,0.737610799398833
251333,NA,NA,NA,NA,NA,NA,NA,NA,0,NA,NA,"NaN",-0.0790428376355905,0.737610799398833
251334,NA,NA,NA,NA,NA,NA,NA,NA,0,NA,NA,"NaN",-0.0790428376355905,0.737610799398833
251335,NA,NA,NA,NA,NA,NA,NA,NA,0,NA,NA,"NaN",-0.0790428376355905,0.737610799398833
251336,NA,NA,NA,NA,-1.64681739706679,NA,NA,-3.54675910789111,2,0.5,-2.59678825247895,"-3.41337927386011",-0.0790428376355905,0.737610799398833
251337,NA,NA,-0.469725535384612,0.0345732933243508,-0.777767890363414,NA,NA,-2.83092589911065,4,0.25,-1.01096150788358,"-1.26342872285428",-0.0790428376355905,0.737610799398833
260001,-0.652305659333582,-0.765473609766821,-1.70009143477468,-2.25799523793125,-1.57439660484151,-1.68212772141994,0.110591842810678,0.0324069360111874,8,0.125,-1.06117393615574,"-1.33150314409795",-0.0790428376355905,0.737610799398833
260005,0.635591151542161,NA,1.14917696381285,0.584789740825695,-0.234611948673802,0.609864909892471,-1.36105302856651,0.211365238206305,7,0.142857142857143,0.227874718148452,"0.41609688474489",-0.0790428376355905,0.737610799398833
260006,1.32246945067589,-1.96131499483943,1.79673796349183,0.401384258325247,1.10517270749391,-2.50489430701927,0.878350266910392,0.748240144791648,8,0.125,0.223268186228777,"0.40985167802689",-0.0790428376355905,0.737610799398833
260009,NA,NA,0.954908663909153,0.126276034574575,-0.922609474813977,-0.859361135820613,NA,-1.0413428771595,5,0.2,-0.348425757862073,"-0.365210108699648",-0.0790428376355905,0.737610799398833
260011,0.635591151542161,NA,0.566372064101763,-0.515643154176993,-0.379453533124364,-0.271670717535378,-0.572579368740669,0.211365238206305,7,0.142857142857143,-0.0465740456753109,"0.0440188673847268",-0.0790428376355905,0.737610799398833
260017,0.20629221458358,NA,-1.57057923483889,-1.66192741980479,-0.850188682588695,-0.0953635920498098,-0.724922664809921,-0.683426272769272,7,0.142857142857143,-0.768587950325399,"-0.93483597752609",-0.0790428376355905,0.737610799398833
260020,0.120432427191864,-0.0479687787232517,0.501615964133864,1.27256030020237,1.5396974608456,1.25632437000623,-1.14009051415445,2.17990656235257,8,0.125,0.710309723981849,"1.07014778289686",-0.0790428376355905,0.737610799398833
260022,-0.137146934983285,NA,-1.0525304350957,0.859897964576367,-0.524295117574929,NA,NA,-0.504467970574157,5,0.2,-0.27170849873034,"-0.261202332248628",-0.0790428376355905,0.737610799398833
260023,-0.909885021508731,NA,-0.0164328356093239,0.217978775824799,0.127492012452607,-0.97689921947766,-0.702912726850908,0.211365238206305,7,0.142857142857143,-0.292756253851845,"-0.289737374222876",-0.0790428376355905,0.737610799398833
260024,NA,NA,-1.24679873499939,-2.0745897554308,-3.45733720269883,NA,NA,-4.26259231667157,4,0.25,-2.76032950245015,"-3.63509681121787",-0.0790428376355905,0.737610799398833
260025,0.120432427191864,NA,0.825396463973357,-0.515643154176993,-0.451874325349647,-0.330439759363904,-0.431025257945444,-0.146551366183927,7,0.142857142857143,-0.132814995979242,"-0.0729004488376209",-0.0790428376355905,0.737610799398833
260027,0.378011789367012,-0.406721194245036,-0.404969435416714,0.493086999575471,-0.270822344786443,0.139712575264284,0.0695929387693784,-0.146551366183927,8,0.125,-0.0185825047069967,"0.0819677978926964",-0.0790428376355905,0.737610799398833
260032,-0.909885021508731,1.26745674485662,-0.469725535384612,1.27256030020237,0.417175181353733,1.1975553281777,0.722122864142492,2.00094826015745,8,0.125,0.68727601524963,"1.03892032696618",-0.0790428376355905,0.737610799398833
260034,NA,NA,NA,-0.607345895427217,-0.922609474813977,NA,NA,-0.862384574964387,3,0.333333333333333,-0.79744664840186,"-0.973960537659946",-0.0790428376355905,0.737610799398833
260040,-0.738165446725299,-0.0479687787232517,1.21393306378075,-1.24926508417879,1.03275191526863,-0.741823052163566,-0.984294678797515,0.211365238206305,8,0.125,-0.162933352916592,"-0.113732764419087",-0.0790428376355905,0.737610799398833
260048,NA,NA,NA,0.493086999575471,-0.0173495719979558,NA,NA,0.748240144791648,3,0.333333333333333,0.407992524123054,"0.660287731898161",-0.0790428376355905,0.737610799398833
260052,0.463871576758728,NA,0.113079364326474,-1.11171097230345,-1.17608224760246,0.257250658921331,0.341048840263881,0.390323540401418,7,0.142857142857143,-0.10317417703344,"-0.0327155451323613",-0.0790428376355905,0.737610799398833
260057,NA,NA,-2.34765243445367,-2.30384660855636,-1.86407977374264,NA,NA,-3.367800805696,4,0.25,-2.47084490561217,"-3.24263428616547",-0.0790428376355905,0.737610799398833
260059,NA,NA,NA,0.263830146449911,0.525806369691656,NA,NA,0.569281842596533,3,0.333333333333333,0.452972786246033,"0.721268756253605",-0.0790428376355905,0.737610799398833
260061,NA,NA,NA,NA,-0.560505513687569,NA,NA,-1.0413428771595,2,0.5,-0.800924195423535,"-0.978675147349106",-0.0790428376355905,0.737610799398833
260062,0.89317051371731,NA,-1.50582313487099,-0.102980818550985,0.0550712202273249,1.55016957914885,NA,0.569281842596533,6,0.166666666666667,0.243148200378007,"0.436803580256945",-0.0790428376355905,0.737610799398833
260065,0.635591151542161,0.669536052320317,-0.404969435416714,0.538938370200583,-0.343243137011723,-0.389208801192427,-2.29496490588624,1.28511505137699,8,0.125,-0.0379007067583809,"0.0557775603485486",-0.0790428376355905,0.737610799398833
260068,0.0345726398001479,0.310783636798532,0.372103764198067,-0.790751377927665,0.7430687463675,-0.212901675706857,1.16706886484334,0.0324069360111874,8,0.125,0.207043941798031,"0.387856007079598",-0.0790428376355905,0.737610799398833
260070,NA,NA,NA,NA,-0.886399078701336,NA,NA,-1.75717608593996,2,0.5,-1.32178758232065,"-1.68482449782178",-0.0790428376355905,0.737610799398833
260074,NA,NA,-0.210701135513018,-0.423940412926769,-1.68302779317943,NA,NA,-1.39925948154973,4,0.25,-0.929232205792238,"-1.15262597680182",-0.0790428376355905,0.737610799398833
260077,1.49418902545932,-0.287137055737774,-0.0811889355772215,-0.423940412926769,0.018860824114684,0.727402993549518,-1.21345697401783,0.927198446986763,8,0.125,0.145240988981336,"0.30406798110836",-0.0790428376355905,0.737610799398833
260078,-3.14223949369335,NA,-0.728749935256206,-0.699048636677441,-0.705347098138132,-0.330439759363904,NA,-0.325509668379042,6,0.166666666666667,-0.988555765251346,"-1.23305261847715",-0.0790428376355905,0.737610799398833
260081,0.635591151542161,NA,-0.404969435416714,-0.699048636677441,1.10517270749391,0.962479160863611,-1.59021532378683,1.28511505137699,7,0.142857142857143,0.184874953627955,"0.357800877479889",-0.0790428376355905,0.737610799398833
260085,0.292152001975297,-1.1242260252886,-0.469725535384612,1.82277674770372,-0.19840155256116,0.492326826235425,-0.350322152095728,0.211365238206305,8,0.125,0.0844931935988301,"0.221710462167454",-0.0790428376355905,0.737610799398833
260091,-0.0512871475915684,NA,-0.0164328356093239,0.905749335201479,1.21380389583183,0.668633951720995,0.502023484552353,0.569281842596533,7,0.142857142857143,0.5416817895289,"0.84153408229705",-0.0790428376355905,0.737610799398833
260094,-0.738165446725299,NA,0.69588426403756,0.0345732933243508,-0.705347098138132,-0.212901675706857,NA,0.0324069360111874,6,0.166666666666667,-0.148924954532865,"-0.0947411791614625",-0.0790428376355905,0.737610799398833
260095,1.75176838763447,0.549951913813056,-0.923018235159901,0.172127405199687,-0.270822344786443,1.4326314954918,0.357448401880401,0.211365238206305,8,0.125,0.410181532784922,"0.663255433379283",-0.0790428376355905,0.737610799398833
260096,-0.48058608455015,-0.885057748274082,0.307347664230169,-0.0571294479258733,0.598227161916937,-0.44797784302095,0.171442847756186,-0.146551366183927,8,0.125,-0.117535602006461,"-0.0521857386066514",-0.0790428376355905,0.737610799398833
260097,NA,NA,0.307347664230169,-0.653197266052329,-0.0173495719979558,NA,NA,-1.22030117935462,4,0.25,-0.395875088293683,"-0.429538519387619",-0.0790428376355905,0.737610799398833
260102,NA,NA,NA,NA,NA,NA,NA,0.211365238206305,1,1,0.211365238206305,"0.393714511878871",-0.0790428376355905,0.737610799398833
260104,1.23660966328417,0.789120190827578,-0.534481635352511,0.0345732933243508,0.634437558029578,2.02032191377703,-1.50692281347135,0.927198446986763,8,0.125,0.450107077175702,"0.717383632726853",-0.0790428376355905,0.737610799398833
260105,-0.48058608455015,-0.645889471259559,0.631128164069661,-0.102980818550985,-0.125980760335879,-0.859361135820613,-1.46592390943005,0.569281842596533,8,0.125,-0.31003902166013,"-0.313168115505909",-0.0790428376355905,0.737610799398833
260108,1.15074987589246,1.0282884678421,0.177835464294372,1.13500618832704,0.851699934705422,1.55016957914885,0.939201271855902,2.00094826015745,8,0.125,1.10423738027795,"1.60420674274012",-0.0790428376355905,0.737610799398833
260110,-0.738165446725299,-0.406721194245036,-1.82960363471048,-1.38681919605412,-2.95039165712186,-0.624284968506521,0.290987020592399,-2.47300929472042,8,0.125,-1.26475104643642,"-1.60749843924086",-0.0790428376355905,0.737610799398833
260113,NA,NA,-0.858262135192003,-1.34096782542901,-1.93650056596792,-1.97597293056256,NA,-1.75717608593996,5,0.2,-1.57377590861829,"-2.02645225937708",-0.0790428376355905,0.737610799398833
260119,-1.51090353325075,NA,-0.14594503554512,-1.79948153168013,-1.39334462427831,-0.741823052163566,-1.13750110968869,-1.22030117935462,7,0.142857142857143,-1.13561429513731,"-1.43242406207019",-0.0790428376355905,0.737610799398833
260137,-1.68262310803418,0.0716153597840098,-0.275457235480917,-2.4414007204317,-0.63292630591285,-0.683054010335044,-1.8366403154456,-1.57821778374485,8,0.125,-1.13233801495014,"-1.42798231556941",-0.0790428376355905,0.737610799398833
260138,0.721450938933877,1.14787260634936,0.307347664230169,1.13500618832704,0.163702408565247,0.492326826235425,0.292281722825282,1.64303165576722,8,0.125,0.737877501404203,"1.10752220507834",-0.0790428376355905,0.737610799398833
260141,0.979030301109026,0.90870432933484,1.01966476387705,-1.15756234292856,0.634437558029578,-1.62335867959142,0.486487057757756,-0.146551366183927,8,0.125,0.137606452675543,"0.293717622474762",-0.0790428376355905,0.737610799398833
260142,NA,NA,0.307347664230169,-0.240534930426321,-0.922609474813977,NA,NA,0.0324069360111874,4,0.25,-0.205847451249735,"-0.17191263159039",-0.0790428376355905,0.737610799398833
260160,NA,NA,-0.0164328356093239,NA,0.0550712202273249,NA,NA,-1.39925948154973,3,0.333333333333333,-0.45354036564391,"-0.507716980707905",-0.0790428376355905,0.737610799398833
260162,NA,NA,NA,0.630641111450807,1.17759349971919,NA,NA,0.390323540401418,3,0.333333333333333,0.732852717190472,"1.10070996179526",-0.0790428376355905,0.737610799398833
260163,0.721450938933877,NA,-0.14594503554512,0.905749335201479,1.03275191526863,-0.212901675706857,NA,1.10615674918188,6,0.166666666666667,0.567877037888981,"0.877047727679452",-0.0790428376355905,0.737610799398833
260175,NA,NA,0.113079364326474,-0.699048636677441,0.851699934705422,0.668633951720995,NA,-0.325509668379042,5,0.2,0.121770989139282,"0.272249032875521",-0.0790428376355905,0.737610799398833
260176,NA,NA,NA,-0.240534930426321,0.598227161916937,NA,NA,-0.325509668379042,3,0.333333333333333,0.0107275210371917,"0.121704235819143",-0.0790428376355905,0.737610799398833
260177,0.292152001975297,-0.0479687787232517,0.24259156426227,-0.378089042301657,-1.53818620872887,0.492326826235425,-0.872518719358602,0.569281842596533,8,0.125,-0.155051314255357,"-0.103046859782578",-0.0790428376355905,0.737610799398833
260179,0.0345726398001479,0.90870432933484,0.372103764198067,1.22670892957726,0.706858350254859,0.609864909892471,0.399310440743623,1.64303165576722,8,0.125,0.737644377446062,"1.10720615227877",-0.0790428376355905,0.737610799398833
260180,0.635591151542161,0.549951913813056,1.27868916374865,1.50181715332793,1.21380389583183,0.786172035378042,0.597831449785707,1.10615674918188,8,0.125,0.958751689076157,"1.4069676414141",-0.0790428376355905,0.737610799398833
260183,-1.16746438368388,-1.96131499483943,-1.24679873499939,-1.61607604917968,-0.813978286476055,-3.21012280896155,-1.19144703605882,0.927198446986763,8,0.125,-1.28500048090151,"-1.63495117513029",-0.0790428376355905,0.737610799398833
260186,-0.48058608455015,0.789120190827578,-1.63533533480678,-3.5876849860595,-0.886399078701336,-0.44797784302095,NA,-1.57821778374485,7,0.142857142857143,-1.11815441715086,"-1.40875320746681",-0.0790428376355905,0.737610799398833
260190,0.20629221458358,NA,-0.340213335448815,0.217978775824799,-0.16219115644852,0.786172035378042,0.349248621072141,0.211365238206305,7,0.142857142857143,0.18123605616679,"0.352867520397631",-0.0790428376355905,0.737610799398833
260191,0.463871576758728,NA,-2.02387193461417,-0.515643154176993,-0.0535599681105977,-0.0365945502212864,0.0320465740157665,0.569281842596533,7,0.142857142857143,-0.223495659107432,"-0.195838810372046",-0.0790428376355905,0.737610799398833
260193,0.0345726398001479,NA,0.760640364005458,-0.0112780773007613,1.93801181808465,-0.271670717535378,NA,0.0324069360111874,6,0.166666666666667,0.413780493844217,"0.6681346475424",-0.0790428376355905,0.737610799398833
260195,-1.2533241710756,NA,NA,-2.0745897554308,-0.922609474813977,0.0221744916072371,NA,-0.325509668379042,5,0.2,-0.910771715618436,"-1.12759856371506",-0.0790428376355905,0.737610799398833
260200,-0.0512871475915684,NA,0.177835464294372,0.584789740825695,0.670647954142219,0.668633951720995,-0.776279186714286,1.28511505137699,7,0.142857142857143,0.365636546864917,"0.602864525387819",-0.0790428376355905,0.737610799398833
260214,NA,NA,0.177835464294372,-1.66192741980479,0.779279142480142,0.727402993549518,NA,-1.0413428771595,5,0.2,-0.203750539328052,"-0.169069788286859",-0.0790428376355905,0.737610799398833
260216,0.549731364150444,NA,0.307347664230169,1.31841167082749,0.018860824114684,0.668633951720995,-0.0391620487928076,1.64303165576722,7,0.142857142857143,0.638122154574028,"0.972281036007229",-0.0790428376355905,0.737610799398833
260219,-0.566445871941866,NA,0.69588426403756,0.355532887700135,1.61211825307088,0.609864909892471,NA,1.10615674918188,6,0.166666666666667,0.635518531990176,"0.968751230605826",-0.0790428376355905,0.737610799398833
261301,NA,NA,NA,NA,NA,NA,NA,NA,0,NA,NA,"NaN",-0.0790428376355905,0.737610799398833
261302,NA,NA,NA,NA,-2.51586690377017,NA,NA,-0.862384574964387,2,0.5,-1.68912573936728,"-2.18283531510647",-0.0790428376355905,0.737610799398833
261303,NA,NA,0.890152563941255,-1.2951164548039,-1.71923818929207,NA,NA,-2.11509269033019,4,0.25,-1.05982369262123,"-1.32967258042452",-0.0790428376355905,0.737610799398833
261305,NA,NA,NA,NA,NA,NA,NA,-2.83092589911065,1,1,-2.83092589911065,"-3.7308063598281",-0.0790428376355905,0.737610799398833
261306,NA,NA,NA,NA,NA,NA,NA,NA,0,NA,NA,"NaN",-0.0790428376355905,0.737610799398833
261307,NA,NA,0.501615964133864,NA,-0.669136702025491,NA,NA,-1.57821778374485,3,0.333333333333333,-0.581912840545491,"-0.681755206566592",-0.0790428376355905,0.737610799398833
261308,NA,NA,-0.0164328356093239,NA,-0.125980760335879,NA,NA,-0.862384574964387,3,0.333333333333333,-0.33493272363653,"-0.346917217331274",-0.0790428376355905,0.737610799398833
261309,NA,NA,NA,0.126276034574575,-0.63292630591285,NA,NA,0.390323540401418,3,0.333333333333333,-0.0387755769789526,"0.054591473836143",-0.0790428376355905,0.737610799398833
261310,NA,NA,-0.404969435416714,NA,-1.97271096208056,NA,NA,-2.65196759691554,3,0.333333333333333,-1.67654933147094,"-2.165785120198",-0.0790428376355905,0.737610799398833
261311,NA,NA,-0.0811889355772215,-0.653197266052329,-1.39334462427831,NA,NA,-0.683426272769272,4,0.25,-0.702789274669283,"-0.845630836129375",-0.0790428376355905,0.737610799398833
261312,NA,NA,0.113079364326474,NA,-0.343243137011723,NA,NA,0.0324069360111874,3,0.333333333333333,-0.0659189455580207,"0.0177924348291349",-0.0790428376355905,0.737610799398833
261313,NA,NA,-0.534481635352511,NA,-1.68302779317943,NA,NA,-1.93613438813508,3,0.333333333333333,-1.38454793888901,"-1.76991050336767",-0.0790428376355905,0.737610799398833
261314,NA,NA,NA,NA,NA,NA,NA,NA,0,NA,NA,"NaN",-0.0790428376355905,0.737610799398833
261316,NA,NA,NA,NA,-1.39334462427831,NA,NA,0.390323540401418,2,0.5,-0.501510541938445,"-0.572751516988599",-0.0790428376355905,0.737610799398833
261317,NA,NA,NA,NA,-0.270822344786443,NA,NA,0.390323540401418,2,0.5,0.0597505978074875,"0.188166219307252",-0.0790428376355905,0.737610799398833
261318,NA,NA,NA,-0.102980818550985,0.562016765804296,NA,NA,0.748240144791648,3,0.333333333333333,0.402425364014986,"0.652740174144661",-0.0790428376355905,0.737610799398833
261319,NA,NA,NA,NA,0.634437558029578,NA,NA,0.0324069360111874,2,0.5,0.333422247020383,"0.559190680223419",-0.0790428376355905,0.737610799398833
261320,NA,NA,NA,-0.744900007302553,0.018860824114684,NA,NA,-0.146551366183927,3,0.333333333333333,-0.290863516457265,"-0.287171336149515",-0.0790428376355905,0.737610799398833
261321,NA,NA,0.113079364326474,0.126276034574575,1.06896231138127,NA,NA,0.211365238206305,4,0.25,0.379920737122155,"0.622230009554917",-0.0790428376355905,0.737610799398833
261322,NA,NA,NA,NA,-0.0897703642232385,NA,NA,-0.325509668379042,2,0.5,-0.20764001630114,"-0.174342863160841",-0.0790428376355905,0.737610799398833
261323,NA,NA,NA,NA,-0.0535599681105977,NA,NA,NA,1,1,-0.0535599681105977,"0.0345478530761234",-0.0790428376355905,0.737610799398833
261324,NA,NA,0.436859864165966,NA,0.27233359690317,NA,NA,0.211365238206305,3,0.333333333333333,0.30685289975848,"0.5231698582892",-0.0790428376355905,0.737610799398833
261325,NA,NA,NA,NA,0.598227161916937,NA,NA,-0.325509668379042,2,0.5,0.136358746768948,"0.292026071988229",-0.0790428376355905,0.737610799398833
261327,NA,NA,NA,NA,NA,NA,NA,0.211365238206305,1,1,0.211365238206305,"0.393714511878871",-0.0790428376355905,0.737610799398833
261328,NA,NA,NA,NA,-0.741557494250773,NA,NA,-0.862384574964387,2,0.5,-0.80197103460758,"-0.980094377090452",-0.0790428376355905,0.737610799398833
261329,NA,NA,NA,-0.607345895427217,-0.850188682588695,NA,NA,0.211365238206305,3,0.333333333333333,-0.415389779936536,"-0.455995143475495",-0.0790428376355905,0.737610799398833
261330,NA,NA,NA,-2.89991442668282,0.670647954142219,NA,NA,0.569281842596533,3,0.333333333333333,-0.553328209981355,"-0.643002207576565",-0.0790428376355905,0.737610799398833
261331,NA,NA,NA,-0.653197266052329,-0.19840155256116,NA,NA,0.390323540401418,3,0.333333333333333,-0.15375842607069,"-0.101294054392906",-0.0790428376355905,0.737610799398833
261332,NA,NA,NA,NA,0.453385577466374,NA,NA,0.0324069360111874,2,0.5,0.242896256738781,"0.436462013078927",-0.0790428376355905,0.737610799398833
261333,NA,NA,NA,NA,0.380964785241092,NA,NA,-0.146551366183927,2,0.5,0.117206709528583,"0.266061108817985",-0.0790428376355905,0.737610799398833
261335,NA,NA,NA,NA,NA,NA,NA,NA,0,NA,NA,"NaN",-0.0790428376355905,0.737610799398833
261336,NA,NA,NA,NA,0.199912804677888,NA,NA,0.0324069360111874,2,0.5,0.116159870344538,"0.264641879076638",-0.0790428376355905,0.737610799398833
261337,NA,NA,NA,-2.25799523793125,-0.234611948673802,NA,NA,0.390323540401418,3,0.333333333333333,-0.700761215401211,"-0.842881338332265",-0.0790428376355905,0.737610799398833
261338,NA,NA,NA,0.722343852701031,-0.307032740899083,NA,NA,0.748240144791648,3,0.333333333333333,0.387850418864532,"0.632980505275478",-0.0790428376355905,0.737610799398833
261340,NA,NA,NA,NA,NA,NA,NA,NA,0,NA,NA,"NaN",-0.0790428376355905,0.737610799398833
270003,-0.824025234117015,NA,0.113079364326474,-2.76236031480748,0.7430687463675,-1.97597293056256,-0.387868516849338,0.748240144791648,7,0.142857142857143,-0.620834105835824,"-0.734521876092113",-0.0790428376355905,0.737610799398833
270004,-0.223006722375001,-0.167552917230512,-1.18204263503149,-0.332237671676545,-0.379453533124364,-0.506746884849472,-1.35544265222402,0.748240144791648,8,0.125,-0.42478035896497,"-0.468726219316695",-0.0790428376355905,0.737610799398833
270012,-0.995744808900447,-1.84173085633217,-3.64277443381164,-3.26672539168371,-2.26239413098169,-2.62243239067631,-1.23071967045628,-0.862384574964387,8,0.125,-2.09061328222583,"-2.72714342879701",-0.0790428376355905,0.737610799398833
270014,1.15074987589246,0.789120190827578,1.14917696381285,0.309681517075023,0.562016765804296,0.374788742578378,-0.138854120724811,1.10615674918188,8,0.125,0.662854585555956,"1.00581149814537",-0.0790428376355905,0.737610799398833
270017,0.378011789367012,NA,NA,-0.0112780773007613,-0.0535599681105977,-0.0365945502212864,NA,0.0324069360111874,5,0.2,0.0617972259491108,"0.190940891455885",-0.0790428376355905,0.737610799398833
270023,0.378011789367012,NA,0.69588426403756,-0.0571294479258733,0.127492012452607,0.316019700749854,0.573663674771889,-0.325509668379042,7,0.142857142857143,0.244061760724858,"0.438042120077126",-0.0790428376355905,0.737610799398833
270049,0.20629221458358,0.669536052320317,-1.0525304350957,0.263830146449911,0.634437558029578,1.02124820269213,-0.520359712014383,1.64303165576722,8,0.125,0.358185710341583,"0.592763213789065",-0.0790428376355905,0.737610799398833
270051,0.89317051371731,1.0282884678421,-0.404969435416714,-1.38681919605412,-0.379453533124364,0.962479160863611,-0.301123467246167,-0.862384574964387,8,0.125,-0.0563515080478413,"0.0307632827586623",-0.0790428376355905,0.737610799398833
270057,0.979030301109026,NA,1.01966476387705,0.584789740825695,2.01043261030993,-0.624284968506521,0.323354576414478,1.10615674918188,7,0.142857142857143,0.771306253315934,"1.15284251755069",-0.0790428376355905,0.737610799398833
270074,NA,NA,NA,NA,NA,NA,NA,-0.504467970574157,1,1,-0.504467970574157,"-0.576760987346302",-0.0790428376355905,0.737610799398833
270086,-1.51090353325075,-3.63549293394109,-0.275457235480917,-1.24926508417879,-0.63292630591285,NA,NA,0.0324069360111874,6,0.166666666666667,-1.2119396927922,"-1.53590058073979",-0.0790428376355905,0.737610799398833
271300,NA,NA,NA,NA,NA,NA,NA,NA,0,NA,NA,"NaN",-0.0790428376355905,0.737610799398833
271301,NA,NA,NA,NA,NA,NA,NA,-0.862384574964387,1,1,-0.862384574964387,"-1.06199873695889",-0.0790428376355905,0.737610799398833
271302,NA,NA,NA,NA,NA,NA,NA,NA,0,NA,NA,"NaN",-0.0790428376355905,0.737610799398833
271303,NA,NA,NA,NA,NA,NA,NA,NA,0,NA,NA,"NaN",-0.0790428376355905,0.737610799398833
271304,NA,NA,NA,NA,NA,NA,NA,NA,0,NA,NA,"NaN",-0.0790428376355905,0.737610799398833
271305,NA,NA,NA,NA,NA,NA,NA,NA,0,NA,NA,"NaN",-0.0790428376355905,0.737610799398833
271306,NA,NA,NA,NA,NA,NA,NA,NA,0,NA,NA,"NaN",-0.0790428376355905,0.737610799398833
271307,NA,NA,NA,NA,NA,NA,NA,NA,0,NA,NA,"NaN",-0.0790428376355905,0.737610799398833
271308,NA,NA,NA,NA,NA,NA,NA,NA,0,NA,NA,"NaN",-0.0790428376355905,0.737610799398833
271309,NA,NA,NA,NA,NA,NA,NA,NA,0,NA,NA,"NaN",-0.0790428376355905,0.737610799398833
271310,NA,NA,NA,NA,NA,NA,NA,NA,0,NA,NA,"NaN",-0.0790428376355905,0.737610799398833
271311,NA,NA,NA,NA,NA,NA,NA,NA,0,NA,NA,"NaN",-0.0790428376355905,0.737610799398833
271312,NA,NA,NA,NA,-0.270822344786443,NA,NA,-0.504467970574157,2,0.5,-0.3876451576803,"-0.41838096770848",-0.0790428376355905,0.737610799398833
271313,NA,NA,NA,NA,NA,NA,NA,-0.325509668379042,1,1,-0.325509668379042,"-0.334142112540009",-0.0790428376355905,0.737610799398833
271314,NA,NA,NA,NA,NA,NA,NA,-0.325509668379042,1,1,-0.325509668379042,"-0.334142112540009",-0.0790428376355905,0.737610799398833
271316,NA,NA,NA,NA,-1.68302779317943,NA,NA,-3.367800805696,2,0.5,-2.52541429943772,"-3.31661556988586",-0.0790428376355905,0.737610799398833
271317,NA,NA,-0.599237735320409,0.355532887700135,0.127492012452607,-1.38828251227732,NA,-0.683426272769272,5,0.2,-0.437584324042853,"-0.48608491998691",-0.0790428376355905,0.737610799398833
271318,NA,NA,NA,-0.790751377927665,-1.24850303982774,NA,NA,-0.862384574964387,3,0.333333333333333,-0.967212997573266,"-1.20411761956516",-0.0790428376355905,0.737610799398833
271319,NA,NA,NA,NA,NA,NA,NA,NA,0,NA,NA,"NaN",-0.0790428376355905,0.737610799398833
271320,NA,NA,-2.02387193461417,NA,0.127492012452607,NA,NA,-1.93613438813508,3,0.333333333333333,-1.27750477009888,"-1.62478902619113",-0.0790428376355905,0.737610799398833
271321,NA,NA,NA,NA,NA,NA,NA,NA,0,NA,NA,"NaN",-0.0790428376355905,0.737610799398833
271322,NA,NA,NA,NA,NA,NA,NA,0.211365238206305,1,1,0.211365238206305,"0.393714511878871",-0.0790428376355905,0.737610799398833
271323,NA,NA,NA,NA,NA,NA,NA,-0.683426272769272,1,1,-0.683426272769272,"-0.819379862152595",-0.0790428376355905,0.737610799398833
271324,NA,NA,NA,NA,NA,NA,NA,NA,0,NA,NA,"NaN",-0.0790428376355905,0.737610799398833
271325,NA,NA,NA,NA,0.417175181353733,NA,NA,0.0324069360111874,2,0.5,0.22479105868246,"0.411916279650029",-0.0790428376355905,0.737610799398833
271326,NA,NA,NA,NA,NA,NA,NA,NA,0,NA,NA,"NaN",-0.0790428376355905,0.737610799398833
271327,NA,NA,NA,NA,NA,NA,NA,NA,0,NA,NA,"NaN",-0.0790428376355905,0.737610799398833
271328,NA,NA,NA,NA,NA,NA,NA,-1.39925948154973,1,1,-1.39925948154973,"-1.78985536137777",-0.0790428376355905,0.737610799398833
271329,NA,NA,NA,NA,NA,NA,NA,-0.325509668379042,1,1,-0.325509668379042,"-0.334142112540009",-0.0790428376355905,0.737610799398833
271330,NA,NA,NA,NA,NA,NA,NA,-0.146551366183927,1,1,-0.146551366183927,"-0.0915232377337164",-0.0790428376355905,0.737610799398833
271331,NA,NA,NA,NA,NA,NA,NA,NA,0,NA,NA,"NaN",-0.0790428376355905,0.737610799398833
271332,NA,NA,NA,-1.38681919605412,-1.79165898151736,NA,NA,-1.93613438813508,3,0.333333333333333,-1.70487085523552,"-2.20418141779514",-0.0790428376355905,0.737610799398833
271333,NA,NA,NA,NA,NA,NA,NA,NA,0,NA,NA,"NaN",-0.0790428376355905,0.737610799398833
271334,NA,NA,NA,NA,NA,NA,NA,NA,0,NA,NA,"NaN",-0.0790428376355905,0.737610799398833
271335,NA,NA,0.177835464294372,0.172127405199687,0.417175181353733,NA,NA,0.390323540401418,4,0.25,0.289365397812303,"0.499461553095688",-0.0790428376355905,0.737610799398833
271336,NA,NA,-2.41240853442157,-2.94576579730793,-0.850188682588695,NA,NA,-3.00988420130577,4,0.25,-2.30456180390599,"-3.01719954220334",-0.0790428376355905,0.737610799398833
271337,NA,NA,NA,NA,NA,NA,NA,NA,0,NA,NA,"NaN",-0.0790428376355905,0.737610799398833
271338,NA,NA,NA,NA,NA,NA,NA,NA,0,NA,NA,"NaN",-0.0790428376355905,0.737610799398833
271339,NA,NA,NA,NA,NA,NA,NA,-0.504467970574157,1,1,-0.504467970574157,"-0.576760987346302",-0.0790428376355905,0.737610799398833
271340,NA,NA,-0.469725535384612,-1.06585960167834,-1.06745105926454,-0.506746884849472,NA,-0.862384574964387,5,0.2,-0.79443353122827,"-0.969875568763007",-0.0790428376355905,0.737610799398833
271341,NA,NA,NA,NA,-0.850188682588695,NA,NA,-0.862384574964387,2,0.5,-0.856286628776541,"-1.05373157737715",-0.0790428376355905,0.737610799398833
271342,NA,NA,NA,NA,NA,NA,NA,NA,0,NA,NA,"NaN",-0.0790428376355905,0.737610799398833
271343,NA,NA,NA,0.172127405199687,NA,NA,NA,0.390323540401418,2,0.5,0.281225472800552,"0.488426024577959",-0.0790428376355905,0.737610799398833
271344,NA,NA,-1.37631093493519,-0.0112780773007613,-0.705347098138132,NA,NA,-1.93613438813508,4,0.25,-1.00726762462729,"-1.25842081996118",-0.0790428376355905,0.737610799398833
271345,NA,NA,NA,NA,0.996541519155986,NA,NA,0.390323540401418,2,0.5,0.693432529778702,"1.0472668893187",-0.0790428376355905,0.737610799398833
271346,NA,NA,NA,NA,NA,NA,NA,NA,0,NA,NA,"NaN",-0.0790428376355905,0.737610799398833
271347,NA,NA,NA,-2.02873838480569,1.10517270749391,NA,NA,0.390323540401418,3,0.333333333333333,-0.177747378970121,"-0.133816562087996",-0.0790428376355905,0.737610799398833
271348,NA,NA,NA,NA,NA,NA,NA,NA,0,NA,NA,"NaN",-0.0790428376355905,0.737610799398833
271389,NA,NA,NA,NA,NA,NA,NA,NA,0,NA,NA,"NaN",-0.0790428376355905,0.737610799398833
280003,-2.62708076934305,-1.1242260252886,-0.210701135513018,-0.332237671676545,-0.922609474813977,-1.62335867959142,-0.327449079314792,-0.146551366183927,8,0.125,-0.914276775215667,"-1.13235047298766",-0.0790428376355905,0.737610799398833
280009,0.549731364150444,-1.60256257931765,0.69588426403756,1.18085755895215,0.996541519155986,-0.0365945502212864,-0.982136841742709,0.0324069360111874,8,0.125,0.10426595887821,"0.248516964045538",-0.0790428376355905,0.737610799398833
280013,1.40832923806761,0.789120190827578,0.825396463973357,1.18085755895215,1.32243508416975,1.1975553281777,-2.56469453773689,1.64303165576722,8,0.125,0.72525387277481,"1.09040799167517",-0.0790428376355905,0.737610799398833
280020,NA,NA,0.24259156426227,-1.34096782542901,0.815489538592783,0.551095868063948,1.16447946037757,1.10615674918188,6,0.166666666666667,0.42314089250824,"0.680824807002718",-0.0790428376355905,0.737610799398833
280023,0.463871576758728,NA,-0.793506035224105,-0.332237671676545,0.380964785241092,0.257250658921331,NA,0.748240144791648,6,0.166666666666667,0.120763909802025,"0.270883706692556",-0.0790428376355905,0.737610799398833
280032,-1.08160459629216,NA,-2.99521343413265,-3.77109046855994,-1.64681739706679,-1.03566826130618,NA,0.0324069360111874,6,0.166666666666667,-1.74966453689109,"-2.26490948968899",-0.0790428376355905,0.737610799398833
280040,1.15074987589246,0.430367775305794,0.0483232643585746,0.172127405199687,0.489595973579015,0.139712575264284,-0.752542979111429,1.10615674918188,8,0.125,0.348061329958783,"0.579037302521155",-0.0790428376355905,0.737610799398833
280059,NA,NA,NA,NA,NA,NA,NA,NA,0,NA,NA,"NaN",-0.0790428376355905,0.737610799398833
280060,0.378011789367012,-1.84173085633217,0.501615964133864,0.493086999575471,-0.63292630591285,-0.859361135820613,-0.995083864071541,1.10615674918188,8,0.125,-0.231278832484869,"-0.206390680523325",-0.0790428376355905,0.737610799398833
280061,1.06489008850074,NA,-0.793506035224105,-1.06585960167834,0.018860824114684,0.139712575264284,0.17273754998907,-1.39925948154973,7,0.142857142857143,-0.266060582940485,"-0.253545291713892",-0.0790428376355905,0.737610799398833
280065,0.120432427191864,NA,-2.15338413454997,-0.607345895427217,0.344754389128452,-0.741823052163566,-1.10642825609949,-0.683426272769272,7,0.142857142857143,-0.689602970669886,"-0.827753787677612",-0.0790428376355905,0.737610799398833
280077,-0.48058608455015,NA,-1.82960363471048,-1.89118427293035,-0.379453533124364,0.609864909892471,NA,-0.504467970574157,6,0.166666666666667,-0.745905097666172,"-0.904084187181217",-0.0790428376355905,0.737610799398833
280081,0.20629221458358,NA,-1.24679873499939,-0.928305489803001,-0.234611948673802,0.139712575264284,NA,0.390323540401418,6,0.166666666666667,-0.278897973871152,"-0.270949308766151",-0.0790428376355905,0.737610799398833
280105,NA,NA,NA,-0.0112780773007613,0.562016765804296,NA,NA,0.569281842596533,3,0.333333333333333,0.373340177033356,"0.613308556541806",-0.0790428376355905,0.737610799398833
280111,-0.308866509766717,NA,0.501615964133864,-0.240534930426321,-0.777767890363414,-1.79966580507699,NA,-0.146551366183927,6,0.166666666666667,-0.461961756280584,"-0.519134100201732",-0.0790428376355905,0.737610799398833
280125,-0.308866509766717,0.0716153597840098,-0.923018235159901,-0.882454119177889,0.127492012452607,-0.97689921947766,-0.72017542328935,-0.146551366183927,8,0.125,-0.469857187602353,"-0.529838161650133",-0.0790428376355905,0.737610799398833
280127,NA,NA,NA,NA,NA,NA,NA,0.211365238206305,1,1,0.211365238206305,"0.393714511878871",-0.0790428376355905,0.737610799398833
280128,0.292152001975297,-0.765473609766821,NA,-0.423940412926769,NA,NA,NA,0.211365238206305,4,0.25,-0.171474195627997,"-0.12531182849782",-0.0790428376355905,0.737610799398833
280129,NA,NA,NA,NA,NA,NA,NA,0.390323540401418,1,1,0.390323540401418,"0.636333386685161",-0.0790428376355905,0.737610799398833
280130,0.721450938933877,NA,0.372103764198067,-1.38681919605412,0.308543993015811,-0.212901675706857,0.602578691306279,0.748240144791648,7,0.142857142857143,0.164742380069244,"0.330506573254518",-0.0790428376355905,0.737610799398833
280131,NA,NA,NA,NA,NA,NA,NA,0.211365238206305,1,1,0.211365238206305,"0.393714511878871",-0.0790428376355905,0.737610799398833
280132,0.721450938933877,NA,0.760640364005458,1.18085755895215,1.17759349971919,0.786172035378042,NA,1.46407335357211,6,0.166666666666667,1.01513129176014,"1.48340307691739",-0.0790428376355905,0.737610799398833
280133,NA,NA,NA,NA,NA,NA,NA,0.0324069360111874,1,1,0.0324069360111874,"0.151095637072575",-0.0790428376355905,0.737610799398833
280134,-0.0512871475915684,0.549951913813056,-0.663993835288308,0.309681517075023,0.887910330818063,0.316019700749854,0.273724324153956,0.211365238206305,8,0.125,0.229171505242048,"0.417854975996608",-0.0790428376355905,0.737610799398833
280139,NA,NA,-0.728749935256206,-0.653197266052329,-1.28471343594039,NA,NA,-0.504467970574157,4,0.25,-0.792782151955769,"-0.967636746780131",-0.0790428376355905,0.737610799398833
281300,NA,NA,NA,NA,NA,NA,NA,-0.325509668379042,1,1,-0.325509668379042,"-0.334142112540009",-0.0790428376355905,0.737610799398833
281301,NA,NA,NA,-0.699048636677441,-0.886399078701336,NA,NA,-0.146551366183927,3,0.333333333333333,-0.577333027187568,"-0.675546222964866",-0.0790428376355905,0.737610799398833
281302,NA,NA,NA,NA,NA,NA,NA,NA,0,NA,NA,"NaN",-0.0790428376355905,0.737610799398833
281303,NA,NA,NA,NA,NA,NA,NA,NA,0,NA,NA,"NaN",-0.0790428376355905,0.737610799398833
281304,NA,NA,NA,NA,-0.415663929237006,NA,NA,-0.683426272769272,2,0.5,-0.549545101003139,"-0.63787333882722",-0.0790428376355905,0.737610799398833
281305,NA,NA,NA,NA,-0.560505513687569,NA,NA,0.0324069360111874,2,0.5,-0.264049288838191,"-0.250818522930228",-0.0790428376355905,0.737610799398833
281306,NA,NA,NA,NA,NA,NA,NA,-0.862384574964387,1,1,-0.862384574964387,"-1.06199873695889",-0.0790428376355905,0.737610799398833
281307,NA,NA,NA,NA,-1.39334462427831,NA,NA,-0.683426272769272,2,0.5,-1.03838544852379,"-1.30060814140748",-0.0790428376355905,0.737610799398833
281308,NA,NA,NA,NA,NA,NA,NA,-0.146551366183927,1,1,-0.146551366183927,"-0.0915232377337164",-0.0790428376355905,0.737610799398833
281309,NA,NA,NA,NA,-0.850188682588695,NA,NA,-0.862384574964387,2,0.5,-0.856286628776541,"-1.05373157737715",-0.0790428376355905,0.737610799398833
281310,NA,NA,NA,NA,NA,NA,NA,NA,0,NA,NA,"NaN",-0.0790428376355905,0.737610799398833
281311,NA,NA,NA,NA,NA,NA,NA,NA,0,NA,NA,"NaN",-0.0790428376355905,0.737610799398833
281312,NA,NA,NA,NA,NA,NA,NA,NA,0,NA,NA,"NaN",-0.0790428376355905,0.737610799398833
281313,NA,NA,NA,NA,-1.71923818929207,NA,NA,-0.862384574964387,2,0.5,-1.29081138212823,"-1.64282917967071",-0.0790428376355905,0.737610799398833
281314,NA,NA,NA,NA,NA,NA,NA,-2.65196759691554,1,1,-2.65196759691554,"-3.48818748502182",-0.0790428376355905,0.737610799398833
281315,NA,NA,NA,-0.423940412926769,-1.2122926437151,NA,NA,-0.683426272769272,3,0.333333333333333,-0.773219776470382,"-0.941115476346819",-0.0790428376355905,0.737610799398833
281316,NA,NA,NA,NA,NA,NA,NA,NA,0,NA,NA,"NaN",-0.0790428376355905,0.737610799398833
281318,NA,NA,NA,NA,NA,NA,NA,-1.75717608593996,1,1,-1.75717608593996,"-2.27509311099035",-0.0790428376355905,0.737610799398833
281319,NA,NA,NA,NA,-0.958819870926618,NA,NA,-0.683426272769272,2,0.5,-0.821123071847945,"-1.0060593402607",-0.0790428376355905,0.737610799398833
281320,NA,NA,NA,NA,-1.2122926437151,NA,NA,0.748240144791648,2,0.5,-0.232026249461728,"-0.207403975037814",-0.0790428376355905,0.737610799398833
281322,NA,NA,NA,-2.12044112605591,-1.2122926437151,-0.683054010335044,NA,-1.75717608593996,4,0.25,-1.44324096651151,"-1.84948231504713",-0.0790428376355905,0.737610799398833
281323,NA,NA,NA,NA,NA,NA,NA,NA,0,NA,NA,"NaN",-0.0790428376355905,0.737610799398833
281324,NA,NA,NA,NA,-0.524295117574929,NA,NA,0.0324069360111874,2,0.5,-0.245944090781871,"-0.22627278950133",-0.0790428376355905,0.737610799398833
281325,NA,NA,NA,NA,NA,NA,NA,-0.862384574964387,1,1,-0.862384574964387,"-1.06199873695889",-0.0790428376355905,0.737610799398833
281326,NA,NA,NA,NA,NA,NA,NA,0.0324069360111874,1,1,0.0324069360111874,"0.151095637072575",-0.0790428376355905,0.737610799398833
281327,NA,NA,NA,NA,-0.0173495719979558,NA,NA,-1.0413428771595,2,0.5,-0.529346224578729,"-0.61048914591563",-0.0790428376355905,0.737610799398833
281328,NA,NA,NA,NA,0.706858350254859,NA,NA,-0.862384574964387,2,0.5,-0.077763112354764,"0.00173496006548377",-0.0790428376355905,0.737610799398833
281329,NA,NA,NA,0.722343852701031,-0.741557494250773,NA,NA,0.390323540401418,3,0.333333333333333,0.123703299617225,"0.274868721306762",-0.0790428376355905,0.737610799398833
281331,NA,NA,NA,NA,NA,NA,NA,NA,0,NA,NA,"NaN",-0.0790428376355905,0.737610799398833
281332,NA,NA,NA,NA,-1.0312406631519,NA,NA,0.211365238206305,2,0.5,-0.409937712472797,"-0.448603620102759",-0.0790428376355905,0.737610799398833
281333,NA,NA,NA,NA,NA,NA,NA,NA,0,NA,NA,"NaN",-0.0790428376355905,0.737610799398833
281334,NA,NA,0.760640364005458,-0.148832189176097,-0.270822344786443,NA,NA,-0.325509668379042,4,0.25,0.00386904041596923,"0.112405998012955",-0.0790428376355905,0.737610799398833
281335,NA,NA,NA,NA,-0.0897703642232385,NA,NA,0.390323540401418,2,0.5,0.15027658808909,"0.310894886451744",-0.0790428376355905,0.737610799398833
281336,NA,NA,0.0483232643585746,0.172127405199687,0.417175181353733,NA,NA,-0.504467970574157,4,0.25,0.0332894700844595,"0.152292113688686",-0.0790428376355905,0.737610799398833
281338,NA,NA,NA,NA,NA,NA,NA,0.211365238206305,1,1,0.211365238206305,"0.393714511878871",-0.0790428376355905,0.737610799398833
281339,NA,NA,NA,-1.57022467855457,0.417175181353733,NA,NA,0.211365238206305,3,0.333333333333333,-0.313894752998177,"-0.318395440459921",-0.0790428376355905,0.737610799398833
281340,NA,NA,NA,NA,0.127492012452607,NA,NA,0.0324069360111874,2,0.5,0.079949474231897,"0.215550412218841",-0.0790428376355905,0.737610799398833
281341,NA,NA,NA,-2.62480620293214,-0.234611948673802,NA,NA,-1.0413428771595,3,0.333333333333333,-1.30025367625515,"-1.65563036714602",-0.0790428376355905,0.737610799398833
281342,NA,NA,NA,0.905749335201479,0.199912804677888,NA,NA,0.211365238206305,3,0.333333333333333,0.439009126028557,"0.702337823804058",-0.0790428376355905,0.737610799398833
281343,NA,NA,NA,NA,NA,NA,NA,-0.504467970574157,1,1,-0.504467970574157,"-0.576760987346302",-0.0790428376355905,0.737610799398833
281344,NA,NA,NA,NA,0.417175181353733,NA,NA,0.390323540401418,2,0.5,0.403749360877576,"0.654535154456321",-0.0790428376355905,0.737610799398833
281345,NA,NA,NA,-2.62480620293214,-2.8055500726713,NA,NA,-0.683426272769272,3,0.333333333333333,-2.03792751612424,"-2.65571583290968",-0.0790428376355905,0.737610799398833
281346,NA,NA,NA,NA,NA,NA,NA,NA,0,NA,NA,"NaN",-0.0790428376355905,0.737610799398833
281347,NA,NA,NA,NA,0.960331123043346,NA,NA,0.390323540401418,2,0.5,0.675327331722382,"1.0227211558898",-0.0790428376355905,0.737610799398833
281348,NA,NA,NA,NA,-0.886399078701336,NA,NA,0.211365238206305,2,0.5,-0.337516920247516,"-0.350420686387166",-0.0790428376355905,0.737610799398833
281349,NA,NA,NA,NA,-0.307032740899083,NA,NA,-0.504467970574157,2,0.5,-0.40575035573662,"-0.442926701137378",-0.0790428376355905,0.737610799398833
281350,NA,NA,NA,NA,0.127492012452607,NA,NA,-0.146551366183927,2,0.5,-0.00952967686565998,"0.0942409748156956",-0.0790428376355905,0.737610799398833
281351,NA,NA,NA,NA,0.525806369691656,NA,NA,-0.325509668379042,2,0.5,0.100148350656307,"0.242934605130432",-0.0790428376355905,0.737610799398833
281352,NA,NA,1.08442086384495,-2.12044112605591,-0.488084721462287,NA,NA,-0.683426272769272,4,0.25,-0.55188281411063,"-0.641042643166848",-0.0790428376355905,0.737610799398833
281353,NA,NA,NA,NA,-1.86407977374264,NA,NA,-1.39925948154973,2,0.5,-1.63166962764619,"-2.10494042559574",-0.0790428376355905,0.737610799398833
281354,NA,NA,NA,NA,NA,NA,NA,-0.146551366183927,1,1,-0.146551366183927,"-0.0915232377337164",-0.0790428376355905,0.737610799398833
281355,NA,NA,NA,NA,-2.0089213581932,NA,NA,-0.862384574964387,2,0.5,-1.43565296657879,"-1.8391950471019",-0.0790428376355905,0.737610799398833
281356,NA,NA,NA,NA,-0.63292630591285,NA,NA,-0.683426272769272,2,0.5,-0.658176289341061,"-0.78514773940061",-0.0790428376355905,0.737610799398833
281357,NA,NA,NA,NA,-1.35713422816567,NA,NA,-1.0413428771595,2,0.5,-1.19923855266258,"-1.51868128278487",-0.0790428376355905,0.737610799398833
281358,NA,NA,NA,NA,-0.0897703642232385,NA,NA,-0.325509668379042,2,0.5,-0.20764001630114,"-0.174342863160841",-0.0790428376355905,0.737610799398833
281359,NA,NA,NA,NA,NA,NA,NA,-1.0413428771595,1,1,-1.0413428771595,"-1.30461761176518",-0.0790428376355905,0.737610799398833
281360,NA,NA,-1.0525304350957,-0.561494524802105,-0.488084721462287,NA,NA,-0.504467970574157,4,0.25,-0.651644412983562,"-0.776292288310654",-0.0790428376355905,0.737610799398833
281361,NA,NA,NA,NA,-1.32092383205303,NA,NA,-1.22030117935462,2,0.5,-1.27061250570382,"-1.61544498675912",-0.0790428376355905,0.737610799398833
281362,NA,NA,NA,-0.332237671676545,-2.33481492320697,NA,NA,-0.862384574964387,3,0.333333333333333,-1.17647905661597,"-1.48782558481357",-0.0790428376355905,0.737610799398833
281363,NA,NA,-0.0811889355772215,-2.34969797918147,-0.99503026703926,NA,NA,-1.0413428771595,4,0.25,-1.11681501473936,"-1.40693734141308",-0.0790428376355905,0.737610799398833
281364,NA,NA,-0.9877743351278,-1.7077787904299,-2.69691888433338,NA,NA,0.390323540401418,4,0.25,-1.25053711737242,"-1.58822821017753",-0.0790428376355905,0.737610799398833
281365,NA,NA,NA,0.493086999575471,-0.63292630591285,NA,NA,-0.504467970574157,3,0.333333333333333,-0.214769092303845,"-0.184007954844037",-0.0790428376355905,0.737610799398833
290001,0.635591151542161,0.789120190827578,-1.1172865350636,-0.148832189176097,-0.0173495719979558,-0.683054010335044,-2.4770863533118,0.927198446986763,8,0.125,-0.261462358815999,"-0.247311348110797",-0.0790428376355905,0.737610799398833
290003,0.292152001975297,-0.167552917230512,-1.37631093493519,1.50181715332793,0.199912804677888,-0.624284968506521,1.14592206170625,1.28511505137699,8,0.125,0.282096281549017,"0.489606604836782",-0.0790428376355905,0.737610799398833
290005,NA,NA,0.566372064101763,1.3642630414526,0.380964785241092,NA,NA,-0.325509668379042,4,0.25,0.496522555604103,"0.780310420764976",-0.0790428376355905,0.737610799398833
290007,-0.223006722375001,0.430367775305794,0.825396463973357,1.08915481770193,-0.343243137011723,0.609864909892471,-0.172516378779773,0.211365238206305,8,0.125,0.30342287086417,"0.518519670280691",-0.0790428376355905,0.737610799398833
290008,-0.652305659333582,NA,-0.340213335448815,-0.699048636677441,-0.596715909800209,-0.389208801192427,NA,0.569281842596533,6,0.166666666666667,-0.351368416642657,"-0.369199555143467",-0.0790428376355905,0.737610799398833
290009,0.721450938933877,NA,0.501615964133864,0.722343852701031,0.7430687463675,-0.212901675706857,-0.530285762466486,1.28511505137699,7,0.142857142857143,0.461486730762846,"0.732811353682699",-0.0790428376355905,0.737610799398833
290012,NA,NA,NA,NA,NA,NA,NA,NA,0,NA,NA,"NaN",-0.0790428376355905,0.737610799398833
290019,-1.68262310803418,0.0716153597840098,0.24259156426227,0.0345732933243508,0.0912816163399657,-0.859361135820613,-0.612715137960047,0.211365238206305,8,0.125,-0.312909038737242,"-0.317059079520333",-0.0790428376355905,0.737610799398833
290021,0.979030301109026,-0.765473609766821,-0.0164328356093239,0.263830146449911,0.851699934705422,-1.3295134704488,0.554243141278641,-0.504467970574157,8,0.125,0.00411445464298736,"0.112738713080601",-0.0790428376355905,0.737610799398833
290032,-1.42504374585903,NA,-1.18204263503149,-0.607345895427217,-0.99503026703926,-0.154132633878333,NA,0.390323540401418,6,0.166666666666667,-0.662211939472319,"-0.790618985394496",-0.0790428376355905,0.737610799398833
290039,2.18106732459305,0.191199498291271,-0.858262135192003,2.46469593645529,1.14138310360655,-0.800592093992089,-0.191073777451099,2.00094826015745,8,0.125,0.766170764558553,"1.1458801889601",-0.0790428376355905,0.737610799398833
290041,-0.995744808900447,-0.406721194245036,1.01966476387705,0.584789740825695,1.21380389583183,1.31509341183475,0.435130535853391,-0.146551366183927,8,0.125,0.377433122361664,"0.618857479268594",-0.0790428376355905,0.737610799398833
290045,-0.137146934983285,-1.60256257931765,-0.340213335448815,0.172127405199687,0.453385577466374,0.786172035378042,0.67680828599158,-0.504467970574157,8,0.125,-0.061987189536028,"0.0231228286156645",-0.0790428376355905,0.737610799398833
290046,-0.738165446725299,0.90870432933484,1.01966476387705,-0.423940412926769,-0.234611948673802,-2.85750855799041,0.952579861595693,-0.683426272769272,8,0.125,-0.257087960534746,"-0.241380851587674",-0.0790428376355905,0.737610799398833
290047,0.378011789367012,NA,0.177835464294372,1.77692537707861,0.779279142480142,-0.741823052163566,2.40221479501387,0.748240144791648,7,0.142857142857143,0.78866909440887,"1.17638181646969",-0.0790428376355905,0.737610799398833
290049,NA,NA,-2.08862803458207,0.447235628950359,-0.307032740899083,0.374788742578378,-0.276524124821387,0.211365238206305,6,0.166666666666667,-0.273132548427917,"-0.263132957042539",-0.0790428376355905,0.737610799398833
290053,0.20629221458358,-0.645889471259559,0.631128164069661,-0.240534930426321,-1.68302779317943,0.198481617092807,0.133464915591614,0.0324069360111874,8,0.125,-0.170959793439558,"-0.124614438778393",-0.0790428376355905,0.737610799398833
290054,-0.995744808900447,NA,-1.31155483496729,-0.423940412926769,-0.596715909800209,-1.74089676324846,0.166695606235615,0.211365238206305,7,0.142857142857143,-0.670113126485895,"-0.801330849998451",-0.0790428376355905,0.737610799398833
290057,-0.394726297158433,NA,0.890152563941255,0.447235628950359,0.7430687463675,-0.506746884849472,0.219778397783825,0.211365238206305,7,0.142857142857143,0.230018199034477,"0.41900286292169",-0.0790428376355905,0.737610799398833
290058,NA,NA,NA,NA,0.7430687463675,NA,NA,0.211365238206305,2,0.5,0.477216992286902,"0.754137317913262",-0.0790428376355905,0.737610799398833
290062,NA,NA,NA,NA,NA,NA,NA,NA,0,NA,NA,"NaN",-0.0790428376355905,0.737610799398833
291300,NA,NA,NA,NA,NA,NA,NA,-1.39925948154973,1,1,-1.39925948154973,"-1.78985536137777",-0.0790428376355905,0.737610799398833
291301,NA,NA,NA,NA,NA,NA,NA,NA,0,NA,NA,"NaN",-0.0790428376355905,0.737610799398833
291302,NA,NA,0.825396463973357,NA,NA,NA,NA,-0.504467970574157,2,0.5,0.1604642466996,"0.324706585817877",-0.0790428376355905,0.737610799398833
291303,NA,NA,NA,NA,NA,NA,NA,NA,0,NA,NA,"NaN",-0.0790428376355905,0.737610799398833
291304,NA,NA,NA,NA,NA,NA,NA,NA,0,NA,NA,"NaN",-0.0790428376355905,0.737610799398833
291306,NA,NA,0.760640364005458,-0.194683559801209,1.39485587639504,NA,NA,0.390323540401418,4,0.25,0.587784055250176,"0.904036238934195",-0.0790428376355905,0.737610799398833
291307,NA,NA,-0.404969435416714,0.493086999575471,-2.33481492320697,NA,NA,-0.862384574964387,4,0.25,-0.77727048350315,"-0.946607135411558",-0.0790428376355905,0.737610799398833
291308,NA,NA,-0.663993835288308,-0.148832189176097,-1.2122926437151,NA,NA,-1.93613438813508,4,0.25,-0.990313264078646,"-1.23543530976737",-0.0790428376355905,0.737610799398833
291309,NA,NA,NA,NA,NA,NA,NA,0.390323540401418,1,1,0.390323540401418,"0.636333386685161",-0.0790428376355905,0.737610799398833
291311,NA,NA,0.177835464294372,0.309681517075023,-0.524295117574929,NA,NA,-1.39925948154973,4,0.25,-0.359009404438816,"-0.379558660246574",-0.0790428376355905,0.737610799398833
291312,NA,NA,NA,NA,-1.39334462427831,NA,NA,-2.65196759691554,2,0.5,-2.02265611059692,"-2.63501195284209",-0.0790428376355905,0.737610799398833
291313,NA,NA,-1.82960363471048,-0.744900007302553,-1.39334462427831,NA,NA,0.0324069360111874,4,0.25,-0.983860332570038,"-1.22668688646084",-0.0790428376355905,0.737610799398833
291314,NA,NA,NA,NA,NA,NA,NA,NA,0,NA,NA,"NaN",-0.0790428376355905,0.737610799398833
300001,-0.0512871475915684,-0.765473609766821,-0.728749935256206,-0.928305489803001,-0.0535599681105977,-1.27074442862028,-0.763332164385456,0.748240144791648,8,0.125,-0.476651574842785,"-0.539049506231814",-0.0790428376355905,0.737610799398833
300003,0.463871576758728,0.310783636798532,1.01966476387705,0.493086999575471,0.562016765804296,-0.859361135820613,-1.37961042723784,1.82198995796234,8,0.125,0.304055267214745,"0.519377028051336",-0.0790428376355905,0.737610799398833
300005,1.15074987589246,NA,1.40820136368444,-0.744900007302553,0.344754389128452,0.492326826235425,NA,0.569281842596533,6,0.166666666666667,0.536735715039126,"0.834828548031818",-0.0790428376355905,0.737610799398833
300011,-0.223006722375001,NA,-0.793506035224105,-0.790751377927665,-1.13987185148982,0.609864909892471,-0.686944732645349,-0.504467970574157,7,0.142857142857143,-0.504097682906232,"-0.57625897779299",-0.0790428376355905,0.737610799398833
300012,-1.42504374585903,NA,-0.728749935256206,-0.836602748552777,-0.234611948673802,-1.38828251227732,-0.201431395314163,-0.683426272769272,7,0.142857142857143,-0.785449794100368,"-0.957696060090921",-0.0790428376355905,0.737610799398833
300014,NA,NA,-0.0811889355772215,-0.653197266052329,0.489595973579015,0.0221744916072371,NA,0.927198446986763,5,0.2,0.140916542108693,"0.298205205134679",-0.0790428376355905,0.737610799398833
300017,1.23660966328417,NA,0.372103764198067,0.997452076451703,1.68453904529616,-0.44797784302095,NA,1.46407335357211,6,0.166666666666667,0.88446667663021,"1.30625733117123",-0.0790428376355905,0.737610799398833
300018,0.635591151542161,NA,0.436859864165966,0.355532887700135,-0.125980760335879,1.02124820269213,0.527054394388095,1.82198995796234,7,0.142857142857143,0.667470814016421,"1.0120698507403",-0.0790428376355905,0.737610799398833
300019,0.807310726325593,NA,-0.0164328356093239,0.172127405199687,0.0550712202273249,-1.68212772141994,NA,0.390323540401418,6,0.166666666666667,-0.045621277479207,"0.0453105624044858",-0.0790428376355905,0.737610799398833
300020,-1.08160459629216,NA,-1.44106703490309,0.722343852701031,0.779279142480142,-1.03566826130618,-1.44348240406008,0.390323540401418,7,0.142857142857143,-0.444267965854132,"-0.495146123831439",-0.0790428376355905,0.737610799398833
300023,-0.0512871475915684,NA,-0.0811889355772215,-0.423940412926769,0.0550712202273249,0.551095868063948,NA,-0.325509668379042,6,0.166666666666667,-0.0459598460305546,"0.0448515553622577",-0.0790428376355905,0.737610799398833
300029,0.807310726325593,0.669536052320317,-0.663993835288308,-0.928305489803001,-0.0535599681105977,-1.56458963776289,-0.739164389371636,0.748240144791648,8,0.125,-0.21556579961236,"-0.185088073667086",-0.0790428376355905,0.737610799398833
300034,0.979030301109026,1.26745674485662,1.34344526371654,1.63937126520327,1.46727666862032,0.962479160863611,-0.743048496070286,1.64303165576722,8,0.125,1.06988032050829,"1.55762789682618",-0.0790428376355905,0.737610799398833
301300,NA,NA,NA,NA,NA,NA,NA,0.569281842596533,1,1,0.569281842596533,"0.878952261491454",-0.0790428376355905,0.737610799398833
301301,NA,NA,NA,-1.02000823105323,-1.10366145537718,NA,NA,-1.22030117935462,3,0.333333333333333,-1.11465695526167,"-1.40401159862373",-0.0790428376355905,0.737610799398833
301302,NA,NA,-1.0525304350957,-1.2951164548039,-0.741557494250773,-0.859361135820613,NA,-0.504467970574157,5,0.2,-0.890606698109028,"-1.10026027430032",-0.0790428376355905,0.737610799398833
301303,NA,NA,NA,NA,-0.922609474813977,NA,NA,0.0324069360111874,2,0.5,-0.445101269401395,"-0.496275857219212",-0.0790428376355905,0.737610799398833
301304,NA,NA,0.372103764198067,0.0345732933243508,0.018860824114684,NA,NA,-0.325509668379042,4,0.25,0.0250070533145151,"0.141063405030008",-0.0790428376355905,0.737610799398833
301305,NA,NA,NA,1.77692537707861,1.64832864918352,NA,NA,0.569281842596533,3,0.333333333333333,1.33151195628622,"1.91232936810502",-0.0790428376355905,0.737610799398833
301306,NA,NA,NA,NA,0.706858350254859,NA,NA,0.390323540401418,2,0.5,0.548590945328138,"0.850901021887508",-0.0790428376355905,0.737610799398833
301307,NA,NA,0.0483232643585746,0.263830146449911,0.344754389128452,0.198481617092807,NA,-0.146551366183927,5,0.2,0.141767610169164,"0.299359022379714",-0.0790428376355905,0.737610799398833
301308,NA,NA,-0.858262135192003,-0.469791783551881,-1.39334462427831,NA,NA,-2.29405099252531,4,0.25,-1.25386238388687,"-1.59273636883948",-0.0790428376355905,0.737610799398833
301309,NA,NA,-0.469725535384612,-0.607345895427217,-1.24850303982774,-0.506746884849472,NA,0.0324069360111874,5,0.2,-0.559982883895572,"-0.652024138816781",-0.0790428376355905,0.737610799398833
301310,NA,NA,-1.70009143477468,-0.699048636677441,-2.11755254653112,NA,NA,-0.683426272769272,4,0.25,-1.30002972268813,"-1.65532674690727",-0.0790428376355905,0.737610799398833
301311,NA,NA,0.69588426403756,0.217978775824799,-0.0173495719979558,-1.27074442862028,NA,0.569281842596533,5,0.2,0.0390101763681317,"0.16004783837213",-0.0790428376355905,0.737610799398833
301312,NA,NA,-0.728749935256206,-0.699048636677441,0.308543993015811,-0.154132633878333,NA,-1.0413428771595,5,0.2,-0.462946017991134,"-0.520468491877332",-0.0790428376355905,0.737610799398833
310001,2.00934774980962,1.26745674485662,1.66722576355604,1.59351989457816,2.26390538309841,1.66770766280589,0.461024580511054,1.82198995796234,8,0.125,1.59402221714727,"2.26822201647053",-0.0790428376355905,0.737610799398833
310002,-0.48058608455015,0.0716153597840098,0.436859864165966,-0.378089042301657,-0.669136702025491,-0.271670717535378,-0.984726246208476,0.0324069360111874,8,0.125,-0.280415829082499,"-0.273007108370744",-0.0790428376355905,0.737610799398833
310003,-0.824025234117015,NA,0.825396463973357,1.68522263582838,0.417175181353733,1.25632437000623,NA,0.390323540401418,6,0.166666666666667,0.625069492907684,"0.954585170278336",-0.0790428376355905,0.737610799398833
310005,0.463871576758728,NA,1.34344526371654,0.309681517075023,2.04664300642257,1.02124820269213,0.398878873332662,0.927198446986763,7,0.142857142857143,0.930138126712061,"1.36817541875763",-0.0790428376355905,0.737610799398833
310006,0.89317051371731,NA,-0.599237735320409,0.768195223326143,0.489595973579015,-0.624284968506521,NA,0.569281842596533,6,0.166666666666667,0.249453474898678,"0.445351820773231",-0.0790428376355905,0.737610799398833
310008,0.20629221458358,NA,1.40820136368444,0.538938370200583,0.562016765804296,0.316019700749854,0.707449572169816,0.927198446986763,7,0.142857142857143,0.666588062025619,"1.01087307868718",-0.0790428376355905,0.737610799398833
310009,-1.76848289542589,NA,-0.210701135513018,0.309681517075023,-0.596715909800209,1.4326314954918,-1.3390430906075,-0.146551366183927,7,0.142857142857143,-0.331311626423389,"-0.342007992552987",-0.0790428376355905,0.737610799398833
310010,0.378011789367012,NA,0.0483232643585746,0.538938370200583,1.06896231138127,1.96155287194851,-0.294649956081751,1.10615674918188,7,0.142857142857143,0.686756485765153,"1.03821598602527",-0.0790428376355905,0.737610799398833
310011,0.463871576758728,NA,0.954908663909153,-0.928305489803001,0.670647954142219,0.551095868063948,NA,-0.325509668379042,6,0.166666666666667,0.231118150782001,"0.420494098880302",-0.0790428376355905,0.737610799398833
310012,-0.909885021508731,0.430367775305794,0.177835464294372,-1.15756234292856,-0.0173495719979558,0.727402993549518,-1.86382906233614,2.00094826015745,8,0.125,-0.0765089381830315,"0.0034352797635612",-0.0790428376355905,0.737610799398833
310014,-0.652305659333582,1.0282884678421,-0.275457235480917,1.04330344707681,0.417175181353733,0.551095868063948,-1.22769869857955,0.569281842596533,8,0.125,0.181710401692385,"0.353510604156684",-0.0790428376355905,0.737610799398833
310015,1.32246945067589,1.0282884678421,1.08442086384495,1.18085755895215,1.28622468805711,2.02032191377703,0.919780738362654,3.43261467771837,8,0.125,1.53437229490378,"2.1873529154594",-0.0790428376355905,0.737610799398833
310016,1.06489008850074,NA,-0.0164328356093239,-0.469791783551881,0.308543993015811,0.257250658921331,NA,0.211365238206305,6,0.166666666666667,0.225970893247164,"0.41351581502243",-0.0790428376355905,0.737610799398833
310017,0.292152001975297,NA,-0.0164328356093239,1.27256030020237,-0.0897703642232385,1.49140053732032,0.225388774126318,1.46407335357211,7,0.142857142857143,0.662767395337694,"1.0056932918795",-0.0790428376355905,0.737610799398833
310019,-1.08160459629216,-0.287137055737774,0.566372064101763,0.951600705826591,0.598227161916937,0.139712575264284,-0.970484521646761,0.390323540401418,8,0.125,0.0383762342292868,"0.159188384932238",-0.0790428376355905,0.737610799398833
310022,-1.76848289542589,NA,0.177835464294372,0.309681517075023,-0.234611948673802,1.13878628634918,0.00701566418002489,0.390323540401418,7,0.142857142857143,0.00293537545718944,"0.111140201796928",-0.0790428376355905,0.737610799398833
310024,0.979030301109026,NA,-0.534481635352511,0.0804246639494628,-0.922609474813977,1.08001724452066,0.506339158661965,-0.325509668379042,7,0.142857142857143,0.12331579852794,"0.274343375027124",-0.0790428376355905,0.737610799398833
310025,-0.995744808900447,NA,1.53771356362024,0.172127405199687,0.308543993015811,-0.97689921947766,0.355722132236557,0.0324069360111874,7,0.142857142857143,0.0619814288150534,"0.191190620535357",-0.0790428376355905,0.737610799398833
310027,NA,NA,0.372103764198067,-2.21214386730614,-0.705347098138132,0.433557784406901,NA,0.0324069360111874,5,0.2,-0.415884496165622,"-0.456665844378315",-0.0790428376355905,0.737610799398833
310028,1.66590860024276,NA,0.890152563941255,0.172127405199687,0.815489538592783,1.1975553281777,0.606031230593968,1.64303165576722,7,0.142857142857143,0.998613760359339,"1.46100978845923",-0.0790428376355905,0.737610799398833
310029,-0.48058608455015,0.669536052320317,0.69588426403756,-0.561494524802105,-0.19840155256116,-0.624284968506521,-1.48966011703291,-0.683426272769272,8,0.125,-0.33405415048303,"-0.345726110647076",-0.0790428376355905,0.737610799398833
310031,0.549731364150444,0.191199498291271,0.307347664230169,0.722343852701031,0.417175181353733,NA,-1.12714349182562,-1.57821778374485,7,0.142857142857143,-0.0739376735491175,"0.00692121656927183",-0.0790428376355905,0.737610799398833
310032,0.20629221458358,NA,1.27868916374865,0.0804246639494628,0.018860824114684,0.727402993549518,-0.115981047943875,0.211365238206305,7,0.142857142857143,0.343864864315474,"0.573348034350558",-0.0790428376355905,0.737610799398833
310034,-1.42504374585903,NA,-0.275457235480917,0.493086999575471,0.706858350254859,0.139712575264284,0.499865647497549,0.390323540401418,7,0.142857142857143,0.0756208759505193,"0.209682008061926",-0.0790428376355905,0.737610799398833
310038,0.807310726325593,0.669536052320317,1.66722576355604,0.447235628950359,-0.125980760335879,-1.09443730313471,0.128717674071043,0.927198446986763,8,0.125,0.428350778592441,"0.687887998171348",-0.0790428376355905,0.737610799398833
310039,0.979030301109026,NA,1.14917696381285,-0.148832189176097,0.7430687463675,0.433557784406901,0.314723228195257,-0.146551366183927,7,0.142857142857143,0.47488192407593,"0.750971599335286",-0.0790428376355905,0.737610799398833
310040,NA,NA,NA,0.172127405199687,0.163702408565247,NA,NA,-0.146551366183927,3,0.333333333333333,0.0630928158603359,"0.192697359653315",-0.0790428376355905,0.737610799398833
310041,-1.94020247020933,NA,0.372103764198067,-0.607345895427217,-0.958819870926618,-0.800592093992089,-1.89490191592534,-0.504467970574157,7,0.142857142857143,-0.90488949326524,"-1.11962386708916",-0.0790428376355905,0.737610799398833
310044,-0.223006722375001,NA,0.890152563941255,-1.89118427293035,-0.63292630591285,0.374788742578378,-0.697733917919375,-0.862384574964387,7,0.142857142857143,-0.434613498226048,"-0.482057286688663",-0.0790428376355905,0.737610799398833
310045,1.75176838763447,1.0282884678421,1.47295746365234,0.630641111450807,0.163702408565247,-2.21104909787665,0.321628306770634,0.927198446986763,8,0.125,0.510641936878214,"0.799452468692716",-0.0790428376355905,0.737610799398833
310047,0.549731364150444,NA,-1.70009143477468,0.355532887700135,0.417175181353733,-0.330439759363904,-0.15482211493037,-0.683426272769272,7,0.142857142857143,-0.220905735519131,"-0.192327577089654",-0.0790428376355905,0.737610799398833
310048,-0.0512871475915684,NA,-0.0811889355772215,-0.102980818550985,-1.24850303982774,-0.389208801192427,-0.974800195756372,0.748240144791648,7,0.142857142857143,-0.299961256243524,"-0.299505401477292",-0.0790428376355905,0.737610799398833
310050,-0.137146934983285,NA,0.631128164069661,0.0345732933243508,-1.06745105926454,-0.97689921947766,-0.878992230523018,-0.146551366183927,7,0.142857142857143,-0.363048479005488,"-0.385034548845228",-0.0790428376355905,0.737610799398833
310051,0.89317051371731,NA,1.34344526371654,0.538938370200583,0.815489538592783,0.786172035378042,0.964663749102603,2.35886486454768,7,0.142857142857143,1.10010633360794,"1.5986061649376",-0.0790428376355905,0.737610799398833
310052,0.292152001975297,NA,1.14917696381285,0.859897964576367,0.924120726930704,1.4326314954918,1.16491102778853,0.927198446986763,7,0.142857142857143,0.964298375366044,"1.41448744222831",-0.0790428376355905,0.737610799398833
310054,0.292152001975297,NA,-0.0164328356093239,0.859897964576367,0.670647954142219,0.962479160863611,1.19598388137773,0.211365238206305,7,0.142857142857143,0.5965847665046,"0.915967614209066",-0.0790428376355905,0.737610799398833
310057,-0.824025234117015,NA,0.307347664230169,-0.240534930426321,0.27233359690317,1.60893862097737,-1.33472741649789,-1.57821778374485,7,0.142857142857143,-0.255555068953624,"-0.239302666747686",-0.0790428376355905,0.737610799398833
310058,NA,NA,NA,NA,-0.0535599681105977,NA,NA,0.211365238206305,2,0.5,0.0789026350478537,"0.214131182477497",-0.0790428376355905,0.737610799398833
310060,NA,NA,0.372103764198067,0.905749335201479,0.453385577466374,0.727402993549518,NA,1.10615674918188,5,0.2,0.712959683919463,"1.07374040917046",-0.0790428376355905,0.737610799398833
310061,-0.566445871941866,NA,0.631128164069661,0.126276034574575,-0.307032740899083,-0.330439759363904,NA,-0.862384574964387,6,0.166666666666667,-0.218149791420834,"-0.188591265066371",-0.0790428376355905,0.737610799398833
310064,1.32246945067589,0.310783636798532,0.436859864165966,0.447235628950359,0.887910330818063,-0.271670717535378,1.07514500630863,0.927198446986763,8,0.125,0.641991455896104,"0.977526758175654",-0.0790428376355905,0.737610799398833
310069,-0.48058608455015,NA,0.566372064101763,-0.148832189176097,0.706858350254859,1.78524574646294,-0.440519740986587,0.927198446986763,7,0.142857142857143,0.416533799013356,"0.671867381894152",-0.0790428376355905,0.737610799398833
310070,0.979030301109026,NA,-0.469725535384612,1.08915481770193,0.815489538592783,-2.03474197239108,-0.241998731944502,-1.0413428771595,7,0.142857142857143,-0.129162065639423,"-0.0679480669815043",-0.0790428376355905,0.737610799398833
310073,0.979030301109026,1.26745674485662,0.69588426403756,1.04330344707681,1.28622468805711,0.903710119035088,1.8234828969151,0.211365238206305,8,0.125,1.0263072124117,"1.4985545913213",-0.0790428376355905,0.737610799398833
310074,-1.33918395846731,0.789120190827578,-1.44106703490309,1.04330344707681,-1.06745105926454,0.257250658921331,-1.79477827658237,0.390323540401418,8,0.125,-0.395310311498771,"-0.428772835377336",-0.0790428376355905,0.737610799398833
310075,-0.308866509766717,NA,0.177835464294372,-0.974156860428112,-0.307032740899083,-1.44705155410585,-0.478929240562121,1.10615674918188,7,0.142857142857143,-0.318863527469376,"-0.325131749737454",-0.0790428376355905,0.737610799398833
310076,0.20629221458358,-0.287137055737774,0.436859864165966,0.355532887700135,-0.596715909800209,0.198481617092807,-2.31568014161237,0.748240144791648,8,0.125,-0.156765797352026,"-0.105371233419822",-0.0790428376355905,0.737610799398833
310083,NA,NA,NA,0.309681517075023,0.598227161916937,NA,NA,-0.146551366183927,3,0.333333333333333,0.253785770936011,"0.451225238083368",-0.0790428376355905,0.737610799398833
310084,-1.51090353325075,NA,-1.1172865350636,-0.194683559801209,1.14138310360655,0.433557784406901,NA,-0.146551366183927,6,0.166666666666667,-0.232414017714338,"-0.207929683518392",-0.0790428376355905,0.737610799398833
310086,1.23660966328417,NA,1.27868916374865,-0.148832189176097,0.634437558029578,0.316019700749854,-0.0654876608614312,0.211365238206305,7,0.142857142857143,0.494685924854433,"0.777820448070477",-0.0790428376355905,0.737610799398833
310092,-0.824025234117015,NA,0.69588426403756,0.355532887700135,-1.86407977374264,-0.44797784302095,0.286671346482788,0.211365238206305,7,0.142857142857143,-0.226661302064831,"-0.200130562824666",-0.0790428376355905,0.737610799398833
310096,NA,NA,0.177835464294372,1.31841167082749,1.06896231138127,NA,NA,0.569281842596533,4,0.25,0.783622822274915,"1.16954044140025",-0.0790428376355905,0.737610799398833
310108,-0.223006722375001,NA,1.34344526371654,0.0804246639494628,-0.379453533124364,1.66770766280589,1.95985819877879,-0.683426272769272,7,0.142857142857143,0.537935608711722,"0.836455278108945",-0.0790428376355905,0.737610799398833
310110,0.635591151542161,NA,1.08442086384495,0.768195223326143,-0.777767890363414,-0.0953635920498098,1.30430730152895,0.748240144791648,7,0.142857142857143,0.523946171802947,"0.817489399463762",-0.0790428376355905,0.737610799398833
310111,1.40832923806761,NA,0.372103764198067,0.493086999575471,0.7430687463675,2.02032191377703,-0.48669745395942,1.64303165576722,7,0.142857142857143,0.884749266256211,"1.30664044598765",-0.0790428376355905,0.737610799398833
310112,0.549731364150444,NA,0.69588426403756,1.08915481770193,0.344754389128452,0.786172035378042,1.60985702848938,-0.146551366183927,7,0.142857142857143,0.704143218957411,"1.06178767614481",-0.0790428376355905,0.737610799398833
310113,0.549731364150444,NA,1.40820136368444,0.0804246639494628,0.27233359690317,0.139712575264284,0.785131706142805,0.390323540401418,7,0.142857142857143,0.517979830070861,"0.809400659796516",-0.0790428376355905,0.737610799398833
310115,-0.137146934983285,NA,1.14917696381285,-0.148832189176097,0.0550712202273249,-0.506746884849472,-0.389594786493183,0.211365238206305,7,0.142857142857143,0.0333275181063489,"0.152343696477225",-0.0790428376355905,0.737610799398833
310118,NA,NA,0.113079364326474,-0.378089042301657,-2.33481492320697,NA,NA,-0.146551366183927,4,0.25,-0.68659399184152,"-0.823674429253334",-0.0790428376355905,0.737610799398833
310119,NA,NA,-0.0811889355772215,-0.102980818550985,0.525806369691656,-1.56458963776289,0.270703352277229,0.211365238206305,6,0.166666666666667,-0.123480738619318,"-0.0602457298889138",-0.0790428376355905,0.737610799398833
310130,-1.85434268281761,NA,1.14917696381285,0.768195223326143,0.344754389128452,1.1975553281777,NA,0.211365238206305,6,0.166666666666667,0.302784076638974,"0.517653638728935",-0.0790428376355905,0.737610799398833
320001,0.89317051371731,NA,1.73198186352393,0.401384258325247,-0.0535599681105977,-0.330439759363904,-1.00803088640037,0.569281842596533,7,0.142857142857143,0.31482683775545,"0.533980353476457",-0.0790428376355905,0.737610799398833
320002,1.32246945067589,NA,-0.210701135513018,1.22670892957726,0.960331123043346,0.257250658921331,0.581431888169187,1.10615674918188,7,0.142857142857143,0.749092523436554,"1.12272673033948",-0.0790428376355905,0.737610799398833
320004,-0.566445871941866,NA,-0.534481635352511,-1.2951164548039,-0.705347098138132,-0.271670717535378,NA,-0.504467970574157,6,0.166666666666667,-0.646254958057657,"-0.76898565054139",-0.0790428376355905,0.737610799398833
320005,-0.137146934983285,NA,-2.34765243445367,-0.607345895427217,-0.0897703642232385,-1.50582059593437,-0.00549979073784532,0.211365238206305,7,0.142857142857143,-0.640267253936188,"-0.760867949273528",-0.0790428376355905,0.737610799398833
320006,-0.223006722375001,NA,-1.82960363471048,-0.836602748552777,-1.57439660484151,0.668633951720995,NA,-2.65196759691554,6,0.166666666666667,-1.07449055927905,"-1.34955686990317",-0.0790428376355905,0.737610799398833
320009,0.635591151542161,-0.885057748274082,-0.210701135513018,0.126276034574575,0.0550712202273249,0.257250658921331,-1.75205310289723,0.211365238206305,8,0.125,-0.195282210401579,"-0.157589033214706",-0.0790428376355905,0.737610799398833
320011,NA,NA,NA,NA,0.7430687463675,NA,NA,0.0324069360111874,2,0.5,0.387737841189344,"0.632827880510114",-0.0790428376355905,0.737610799398833
320017,NA,NA,NA,0.951600705826591,0.634437558029578,NA,NA,-0.146551366183927,3,0.333333333333333,0.479828965890748,"0.757678445030671",-0.0790428376355905,0.737610799398833
320018,-0.909885021508731,0.549951913813056,-0.534481635352511,-0.286386301051433,-1.90029016985528,-0.683054010335044,-0.161295626094785,-1.22030117935462,8,0.125,-0.643217753717418,"-0.764868025985575",-0.0790428376355905,0.737610799398833
320021,0.463871576758728,0.310783636798532,1.60246966358814,0.997452076451703,0.887910330818063,-2.56366334884779,1.16447946037757,0.569281842596533,8,0.125,0.429073154817684,"0.688867344224623",-0.0790428376355905,0.737610799398833
320022,NA,NA,0.566372064101763,-0.974156860428112,-0.596715909800209,-1.21197538679175,NA,0.748240144791648,5,0.2,-0.293647189625333,"-0.290945241263616",-0.0790428376355905,0.737610799398833
320030,NA,NA,NA,NA,0.489595973579015,NA,NA,0.0324069360111874,2,0.5,0.261001454795101,"0.461007746507825",-0.0790428376355905,0.737610799398833
320033,NA,NA,NA,NA,-1.64681739706679,NA,NA,-1.22030117935462,2,0.5,-1.4335592882107,"-1.8363565876192",-0.0790428376355905,0.737610799398833
320059,NA,NA,NA,-0.699048636677441,-0.813978286476055,NA,NA,0.0324069360111874,3,0.333333333333333,-0.493539995714103,"-0.561945620124239",-0.0790428376355905,0.737610799398833
320060,NA,NA,NA,NA,NA,NA,NA,-0.146551366183927,1,1,-0.146551366183927,"-0.0915232377337164",-0.0790428376355905,0.737610799398833
320061,NA,NA,NA,0.355532887700135,0.562016765804296,NA,NA,0.0324069360111874,3,0.333333333333333,0.316652196505206,"0.536455044399154",-0.0790428376355905,0.737610799398833
320062,NA,NA,NA,NA,NA,NA,NA,NA,0,NA,NA,"NaN",-0.0790428376355905,0.737610799398833
320063,1.06489008850074,NA,-2.28289633448577,0.401384258325247,-0.524295117574929,NA,NA,-1.57821778374485,5,0.2,-0.583826977795911,"-0.684350257034915",-0.0790428376355905,0.737610799398833
320065,NA,NA,NA,-1.52437330792946,-0.813978286476055,NA,NA,0.390323540401418,3,0.333333333333333,-0.649342684668031,"-0.773171769579901",-0.0790428376355905,0.737610799398833
320074,NA,NA,NA,-0.286386301051433,1.46727666862032,NA,NA,0.211365238206305,3,0.333333333333333,0.464085201925063,"0.736334175154856",-0.0790428376355905,0.737610799398833
320084,NA,NA,NA,NA,-0.16219115644852,NA,NA,-0.146551366183927,2,0.5,-0.154371261316223,"-0.102124892615492",-0.0790428376355905,0.737610799398833
320085,-1.42504374585903,-0.0479687787232517,-2.02387193461417,-0.148832189176097,-0.922609474813977,-0.741823052163566,0.396289468866896,-1.0413428771595,8,0.125,-0.744400322955338,"-0.90204412118427",-0.0790428376355905,0.737610799398833
320086,NA,NA,NA,-2.34969797918147,-0.270822344786443,NA,NA,-0.146551366183927,3,0.333333333333333,-0.922357230050614,"-1.1433053760904",-0.0790428376355905,0.737610799398833
320090,NA,NA,NA,0.263830146449911,1.25001429194447,NA,NA,0.748240144791648,3,0.333333333333333,0.754028194395344,"1.12941816024101",-0.0790428376355905,0.737610799398833
320091,-0.909885021508731,NA,NA,0.0345732933243508,-0.307032740899083,NA,NA,-1.39925948154973,4,0.25,-0.645400987658299,"-0.76782789851274",-0.0790428376355905,0.737610799398833
321300,NA,NA,NA,NA,NA,NA,NA,-0.325509668379042,1,1,-0.325509668379042,"-0.334142112540009",-0.0790428376355905,0.737610799398833
321301,NA,NA,NA,NA,-0.99503026703926,NA,NA,-0.504467970574157,2,0.5,-0.749749118806708,"-0.909295636286448",-0.0790428376355905,0.737610799398833
321302,NA,NA,NA,NA,NA,NA,NA,NA,0,NA,NA,"NaN",-0.0790428376355905,0.737610799398833
321304,NA,NA,NA,NA,NA,NA,NA,-0.504467970574157,1,1,-0.504467970574157,"-0.576760987346302",-0.0790428376355905,0.737610799398833
321305,NA,NA,NA,NA,0.562016765804296,NA,NA,0.211365238206305,2,0.5,0.3866910020053,"0.63140865076877",-0.0790428376355905,0.737610799398833
321306,NA,NA,0.436859864165966,0.126276034574575,-1.75544858540472,NA,NA,-0.325509668379042,4,0.25,-0.379455588760804,"-0.407278135529002",-0.0790428376355905,0.737610799398833
321307,NA,NA,NA,NA,-1.39334462427831,NA,NA,-0.146551366183927,2,0.5,-0.769947995231117,"-0.936679829198037",-0.0790428376355905,0.737610799398833
321308,NA,NA,NA,NA,NA,NA,NA,-0.146551366183927,1,1,-0.146551366183927,"-0.0915232377337164",-0.0790428376355905,0.737610799398833
321309,NA,NA,NA,NA,-0.234611948673802,NA,NA,-0.325509668379042,2,0.5,-0.280060808526422,"-0.272525796876435",-0.0790428376355905,0.737610799398833
321310,NA,NA,NA,0.0804246639494628,0.380964785241092,-3.68027514358974,NA,-0.146551366183927,4,0.25,-0.841359265145777,"-1.03349412472199",-0.0790428376355905,0.737610799398833
321311,NA,NA,NA,-1.61607604917968,-0.415663929237006,NA,NA,-0.146551366183927,3,0.333333333333333,-0.726097114866871,"-0.877229939906848",-0.0790428376355905,0.737610799398833
321312,NA,NA,NA,NA,NA,NA,NA,NA,0,NA,NA,"NaN",-0.0790428376355905,0.737610799398833
321313,NA,NA,NA,NA,NA,NA,NA,NA,0,NA,NA,"NaN",-0.0790428376355905,0.737610799398833
330005,1.15074987589246,1.26745674485662,1.21393306378075,0.814046593951255,1.57590785695824,-0.918130177649138,-2.78134137803934,-0.504467970574157,8,0.125,0.227269326147086,"0.415276137540728",-0.0790428376355905,0.737610799398833
330006,NA,NA,NA,-0.515643154176993,0.598227161916937,NA,NA,-1.39925948154973,3,0.333333333333333,-0.438891824603263,"-0.487857535791173",-0.0790428376355905,0.737610799398833
330009,NA,NA,0.177835464294372,1.50181715332793,0.924120726930704,1.13878628634918,NA,0.211365238206305,5,0.2,0.7907849738217,"1.17925037454199",-0.0790428376355905,0.737610799398833
330011,-0.137146934983285,NA,-1.18204263503149,-1.75363016105502,1.17759349971919,-0.506746884849472,-1.32825390533347,1.10615674918188,7,0.142857142857143,-0.374867181764525,"-0.401057501286636",-0.0790428376355905,0.737610799398833
330013,-0.394726297158433,0.0716153597840098,-1.0525304350957,-0.469791783551881,-0.415663929237006,-1.44705155410585,-1.22251988964802,0.0324069360111874,8,0.125,-0.612282699125211,"-0.722928490098329",-0.0790428376355905,0.737610799398833
330014,-0.738165446725299,NA,0.760640364005458,-0.378089042301657,0.27233359690317,0.0809435334357605,-0.982999976564632,0.390323540401418,7,0.142857142857143,-0.0850019186922545,"-0.00807889616247586",-0.0790428376355905,0.737610799398833
330019,-0.394726297158433,NA,1.34344526371654,0.401384258325247,-0.19840155256116,-0.330439759363904,-0.945885179221981,-1.0413428771595,7,0.142857142857143,-0.166566591917598,"-0.118658450165509",-0.0790428376355905,0.737610799398833
330023,0.120432427191864,1.0282884678421,0.501615964133864,1.50181715332793,0.851699934705422,0.668633951720995,2.02027763631334,2.17990656235257,8,0.125,1.10908401219851,"1.61077745987782",-0.0790428376355905,0.737610799398833
330024,-0.308866509766717,1.38704088336389,0.825396463973357,1.86862811832883,0.924120726930704,1.37386245366328,0.0773611521666777,1.82198995796234,8,0.125,0.996191655827794,"1.45772607225887",-0.0790428376355905,0.737610799398833
330027,0.463871576758728,NA,-1.57057923483889,0.0345732933243508,-0.886399078701336,0.844941077206565,-3.24268694035671,0.390323540401418,7,0.142857142857143,-0.566565109457981,"-0.660947849759969",-0.0790428376355905,0.737610799398833
330028,0.721450938933877,NA,0.113079364326474,1.13500618832704,0.417175181353733,0.962479160863611,0.0898766070845479,-0.862384574964387,7,0.142857142857143,0.368097552274985,"0.606200980618781",-0.0790428376355905,0.737610799398833
330030,NA,NA,0.890152563941255,0.997452076451703,1.10517270749391,0.609864909892471,NA,0.390323540401418,5,0.2,0.798593159636151,"1.18983615476757",-0.0790428376355905,0.737610799398833
330033,NA,NA,NA,-0.148832189176097,-1.79165898151736,NA,NA,0.390323540401418,3,0.333333333333333,-0.516722543430678,"-0.59337486131142",-0.0790428376355905,0.737610799398833
330043,-1.16746438368388,1.62620916037841,-0.0811889355772215,0.355532887700135,0.525806369691656,0.903710119035088,0.048877703043247,1.46407335357211,8,0.125,0.459444534269942,"0.730042689646641",-0.0790428376355905,0.737610799398833
330044,-0.137146934983285,NA,-1.0525304350957,-0.423940412926769,-1.75544858540472,-0.44797784302095,-1.95704762310373,-2.65196759691554,7,0.142857142857143,-1.20372277592153,"-1.52476067216284",-0.0790428376355905,0.737610799398833
330045,-0.0512871475915684,NA,1.40820136368444,1.77692537707861,1.79317023363408,2.13785999743408,-0.50309701557594,2.17990656235257,7,0.142857142857143,1.24881133871661,"1.80020978195334",-0.0790428376355905,0.737610799398833
330046,1.66590860024276,0.191199498291271,0.825396463973357,2.37299319520506,1.61211825307088,1.4326314954918,0.551222169401914,1.82198995796234,8,0.125,1.30918245420492,"1.88205662521745",-0.0790428376355905,0.737610799398833
330047,NA,NA,-0.404969435416714,0.538938370200583,1.10517270749391,0.551095868063948,NA,0.390323540401418,5,0.2,0.436112210148629,"0.698410392315406",-0.0790428376355905,0.737610799398833
330049,-0.394726297158433,NA,1.99100626339553,0.997452076451703,1.35864548028239,0.844941077206565,NA,1.10615674918188,6,0.166666666666667,0.983912558226606,"1.44107894939787",-0.0790428376355905,0.737610799398833
330055,1.23660966328417,NA,1.92625016342763,1.50181715332793,0.7430687463675,1.02124820269213,0.552516871634797,2.5378231667428,7,0.142857142857143,1.35990485249671,"1.95082242736287",-0.0790428376355905,0.737610799398833
330056,1.32246945067589,NA,0.113079364326474,0.905749335201479,-1.06745105926454,0.844941077206565,NA,1.10615674918188,6,0.166666666666667,0.537490819554624,"0.835852264761717",-0.0790428376355905,0.737610799398833
330057,1.06489008850074,-0.167552917230512,-1.24679873499939,0.859897964576367,0.127492012452607,0.786172035378042,0.149432909797173,0.569281842596533,8,0.125,0.267851900133945,"0.470295090652497",-0.0790428376355905,0.737610799398833
330058,NA,NA,-1.82960363471048,0.126276034574575,-1.28471343594039,0.668633951720995,NA,-0.146551366183927,5,0.2,-0.493191690107844,"-0.561473412278932",-0.0790428376355905,0.737610799398833
330059,2.18106732459305,-0.167552917230512,1.99100626339553,2.64810141895574,2.01043261030993,0.786172035378042,0.00960506864579131,1.10615674918188,8,0.125,1.32062356915368,"1.89756767109433",-0.0790428376355905,0.737610799398833
330060,NA,NA,NA,NA,NA,NA,NA,NA,0,NA,NA,"NaN",-0.0790428376355905,0.737610799398833
330065,-0.137146934983285,NA,-0.14594503554512,-2.76236031480748,-0.270822344786443,NA,NA,-1.0413428771595,5,0.2,-0.871523501456366,"-1.0743886402784",-0.0790428376355905,0.737610799398833
330073,NA,NA,-1.0525304350957,-1.11171097230345,1.03275191526863,NA,NA,0.0324069360111874,4,0.25,-0.274770639029833,"-0.265353763195665",-0.0790428376355905,0.737610799398833
330074,-1.08160459629216,NA,0.501615964133864,-0.194683559801209,0.344754389128452,0.668633951720995,NA,-0.683426272769272,6,0.166666666666667,-0.0741183539798889,"0.00667626295563342",-0.0790428376355905,0.737610799398833
330078,NA,NA,-0.404969435416714,0.172127405199687,1.57590785695824,-1.03566826130618,NA,0.569281842596533,5,0.2,0.175335881606312,"0.344868485452255",-0.0790428376355905,0.737610799398833
330079,NA,NA,0.566372064101763,-2.25799523793125,-0.524295117574929,-1.79966580507699,NA,-0.325509668379042,5,0.2,-0.868218752972089,"-1.06990829849521",-0.0790428376355905,0.737610799398833
330080,NA,NA,NA,1.18085755895215,-0.524295117574929,0.551095868063948,NA,0.0324069360111874,4,0.25,0.310016311363089,"0.527458585633196",-0.0790428376355905,0.737610799398833
330085,NA,NA,0.760640364005458,-0.928305489803001,1.03275191526863,-1.27074442862028,NA,0.569281842596533,5,0.2,0.0327248406894679,"0.15152662951268",-0.0790428376355905,0.737610799398833
330086,NA,NA,NA,0.814046593951255,0.417175181353733,NA,NA,0.211365238206305,3,0.333333333333333,0.480862337837098,"0.759079416853741",-0.0790428376355905,0.737610799398833
330090,-1.2533241710756,NA,-0.0811889355772215,-1.52437330792946,-0.234611948673802,0.139712575264284,-0.910496651523175,-0.862384574964387,7,0.142857142857143,-0.675238144925622,"-0.808278983680746",-0.0790428376355905,0.737610799398833
330094,NA,NA,-1.37631093493519,-1.2951164548039,-0.0173495719979558,0.551095868063948,NA,-1.57821778374485,5,0.2,-0.743179775483588,"-0.900389390162511",-0.0790428376355905,0.737610799398833
330096,NA,NA,-0.14594503554512,0.859897964576367,1.25001429194447,NA,NA,-0.683426272769272,4,0.25,0.320135237051612,"0.541177101816486",-0.0790428376355905,0.737610799398833
330100,NA,NA,NA,NA,NA,NA,NA,NA,0,NA,NA,"NaN",-0.0790428376355905,0.737610799398833
330101,1.9234879624179,1.0282884678421,1.92625016342763,2.05203360082928,1.7207494414088,1.72647670463442,0.73809085834805,3.61157297991349,8,0.125,1.84086877235271,"2.60287893229473",-0.0790428376355905,0.737610799398833
330102,-1.42504374585903,NA,-1.57057923483889,-2.25799523793125,-0.777767890363414,0.0221744916072371,NA,0.211365238206305,6,0.166666666666667,-0.966307729863172,"-1.20289032230916",-0.0790428376355905,0.737610799398833
330103,0.807310726325593,NA,-0.599237735320409,-0.790751377927665,-2.47965650765753,-0.271670717535378,-1.51253318981384,-2.29405099252531,7,0.142857142857143,-1.02008425635065,"-1.27579669316396",-0.0790428376355905,0.737610799398833
330104,1.15074987589246,NA,0.113079364326474,0.859897964576367,0.489595973579015,0.198481617092807,-0.566968992398176,0.390323540401418,7,0.142857142857143,0.376451334781481,"0.617526441842104",-0.0790428376355905,0.737610799398833
330106,1.40832923806761,1.86537743739293,1.34344526371654,1.3642630414526,1.61211825307088,1.49140053732032,-0.771531945193715,2.5378231667428,8,0.125,1.35640312407125,"1.94607503425486",-0.0790428376355905,0.737610799398833
330107,0.378011789367012,NA,0.954908663909153,-0.423940412926769,0.380964785241092,-0.271670717535378,-0.676587114782284,0.927198446986763,7,0.142857142857143,0.181269348608513,"0.352912655910492",-0.0790428376355905,0.737610799398833
330111,NA,NA,NA,NA,0.27233359690317,NA,NA,-1.57821778374485,2,0.5,-0.652942093420838,"-0.778051590693881",-0.0790428376355905,0.737610799398833
330115,NA,NA,-1.31155483496729,-1.06585960167834,-1.35713422816567,NA,NA,-0.504467970574157,4,0.25,-1.05975415884636,"-1.32957831150259",-0.0790428376355905,0.737610799398833
330119,0.807310726325593,1.26745674485662,0.566372064101763,1.45596578270282,0.960331123043346,2.13785999743408,1.87958666034004,2.00094826015745,8,0.125,1.38447891987021,"1.98413819143999",-0.0790428376355905,0.737610799398833
330125,1.23660966328417,1.14787260634936,0.631128164069661,0.676492482075919,0.598227161916937,-0.212901675706857,0.0173732820430906,1.46407335357211,8,0.125,0.694859379700549,"1.04920131045652",-0.0790428376355905,0.737610799398833
330126,1.49418902545932,0.549951913813056,1.21393306378075,1.18085755895215,1.28622468805711,0.198481617092807,-0.94976928592063,0.0324069360111874,8,0.125,0.625784439655719,"0.955554443977444",-0.0790428376355905,0.737610799398833
330127,NA,NA,0.631128164069661,1.08915481770193,0.236123200790529,0.433557784406901,-0.199273558259359,0.0324069360111874,6,0.166666666666667,0.370516224120141,"0.609480043028289",-0.0790428376355905,0.737610799398833
330128,0.463871576758728,NA,1.01966476387705,1.18085755895215,0.308543993015811,-1.21197538679175,NA,0.748240144791648,6,0.166666666666667,0.418200441767273,"0.674126897014152",-0.0790428376355905,0.737610799398833
330135,0.292152001975297,NA,-0.404969435416714,-0.836602748552777,0.163702408565247,NA,NA,0.569281842596533,5,0.2,-0.0432871861664828,"0.0484749565736418",-0.0790428376355905,0.737610799398833
330136,-0.566445871941866,-0.885057748274082,0.113079364326474,-0.286386301051433,-0.850188682588695,-0.0365945502212864,-1.15476380612713,0.748240144791648,8,0.125,-0.364764681385796,"-0.387361253364342",-0.0790428376355905,0.737610799398833
330140,-0.0512871475915684,1.38704088336389,0.372103764198067,0.0345732933243508,-0.19840155256116,0.433557784406901,-0.0732558742587304,0.211365238206305,8,0.125,0.264462048636006,"0.465699372286252",-0.0790428376355905,0.737610799398833
330141,1.40832923806761,NA,1.21393306378075,0.905749335201479,0.706858350254859,0.668633951720995,-0.44569854991812,2.00094826015745,7,0.142857142857143,0.922679092752146,"1.35806299366029",-0.0790428376355905,0.737610799398833
330151,NA,NA,-0.9877743351278,0.676492482075919,1.06896231138127,NA,NA,0.390323540401418,4,0.25,0.287000999682701,"0.496256071110434",-0.0790428376355905,0.737610799398833
330153,0.378011789367012,0.310783636798532,0.113079364326474,0.859897964576367,0.236123200790529,0.0809435334357605,-0.788363074221196,-0.146551366183927,8,0.125,0.130490631111194,"0.284070500211708",-0.0790428376355905,0.737610799398833
330157,NA,NA,-0.404969435416714,-1.15756234292856,-0.379453533124364,-2.38735622336222,0.220641532605747,-0.504467970574157,6,0.166666666666667,-0.768861328800045,"-0.935206604521883",-0.0790428376355905,0.737610799398833
330158,0.378011789367012,0.191199498291271,0.372103764198067,0.263830146449911,0.018860824114684,-0.154132633878333,-1.16296358693539,-0.504467970574157,8,0.125,-0.074694771120867,"0.0058947977961647",-0.0790428376355905,0.737610799398833
330160,0.979030301109026,0.430367775305794,-0.14594503554512,0.676492482075919,0.525806369691656,1.55016957914885,-1.6316457952391,1.46407335357211,8,0.125,0.481043628764891,"0.759325198135606",-0.0790428376355905,0.737610799398833
330162,1.9234879624179,NA,1.66722576355604,1.13500618832704,0.670647954142219,1.49140053732032,1.26762407159726,1.10615674918188,7,0.142857142857143,1.32307846093467,"1.90089583790396",-0.0790428376355905,0.737610799398833
330164,NA,NA,1.21393306378075,0.309681517075023,1.82938062974672,0.139712575264284,-0.59717871116545,0.748240144791648,6,0.166666666666667,0.607294869915496,"0.930487606893046",-0.0790428376355905,0.737610799398833
330166,NA,NA,NA,NA,0.417175181353733,NA,NA,NA,1,1,0.417175181353733,"0.672736922227482",-0.0790428376355905,0.737610799398833
330169,0.120432427191864,NA,-0.534481635352511,1.77692537707861,1.35864548028239,2.13785999743408,1.10017591614437,0.748240144791648,7,0.142857142857143,0.958256815367208,"1.40629672701134",-0.0790428376355905,0.737610799398833
330175,NA,NA,-0.0164328356093239,-0.148832189176097,1.46727666862032,0.668633951720995,NA,0.748240144791648,5,0.2,0.543777148069508,"0.844374819637549",-0.0790428376355905,0.737610799398833
330180,0.20629221458358,NA,-1.37631093493519,-0.194683559801209,1.5396974608456,0.374788742578378,0.224094071893435,0.211365238206305,7,0.142857142857143,0.1407490333387,"0.297978108717259",-0.0790428376355905,0.737610799398833
330181,0.721450938933877,NA,1.01966476387705,1.86862811832883,0.525806369691656,1.08001724452066,NA,0.927198446986763,6,0.166666666666667,1.02379431372314,"1.4951477828925",-0.0790428376355905,0.737610799398833
330182,1.06489008850074,-0.0479687787232517,1.79673796349183,1.41011441207771,1.61211825307088,2.66678137389079,-0.391321056137027,1.46407335357211,8,0.125,1.19692820121797,"1.72987033255682",-0.0790428376355905,0.737610799398833
330184,-1.16746438368388,NA,1.14917696381285,-0.423940412926769,-1.71923818929207,0.903710119035088,NA,-1.0413428771595,6,0.166666666666667,-0.383183130035715,"-0.41233166955799",-0.0790428376355905,0.737610799398833
330185,0.807310726325593,NA,0.436859864165966,1.18085755895215,2.37253657143634,0.786172035378042,0.0540565119747799,2.5378231667428,7,0.142857142857143,1.16794520499652,"1.69057725788239",-0.0790428376355905,0.737610799398833
330188,NA,NA,1.14917696381285,-0.607345895427217,-1.13987185148982,0.492326826235425,NA,0.0324069360111874,5,0.2,-0.0146614041715156,"0.0872837457322303",-0.0790428376355905,0.737610799398833
330191,-1.2533241710756,NA,-1.63533533480678,-0.928305489803001,-0.343243137011723,1.55016957914885,-0.86777147783803,-0.146551366183927,7,0.142857142857143,-0.517765913938602,"-0.594789388469609",-0.0790428376355905,0.737610799398833
330193,NA,NA,0.0483232643585746,-0.240534930426321,-0.560505513687569,-0.44797784302095,-0.543664352206279,-0.683426272769272,6,0.166666666666667,-0.404630941291969,"-0.441409079045127",-0.0790428376355905,0.737610799398833
330194,1.66590860024276,0.789120190827578,1.08442086384495,2.37299319520506,1.17759349971919,2.07909095560556,-1.32825390533347,1.10615674918188,8,0.125,1.11837876866169,"1.6233786263341",-0.0790428376355905,0.737610799398833
330195,0.120432427191864,NA,1.01966476387705,1.59351989457816,0.851699934705422,2.4317052065767,-0.365427011479364,2.17990656235257,7,0.142857142857143,1.11878596825749,"1.62393067844089",-0.0790428376355905,0.737610799398833
330196,0.0345726398001479,NA,-0.469725535384612,0.676492482075919,0.453385577466374,1.60893862097737,0.696228819484827,0.927198446986763,7,0.142857142857143,0.561013007343827,"0.867741965683088",-0.0790428376355905,0.737610799398833
330197,0.635591151542161,NA,0.372103764198067,0.126276034574575,-1.75544858540472,-0.389208801192427,NA,-0.683426272769272,6,0.166666666666667,-0.282352118175269,"-0.275632190723589",-0.0790428376355905,0.737610799398833
330198,1.15074987589246,NA,0.69588426403756,0.997452076451703,0.815489538592783,0.844941077206565,0.918917603540732,1.28511505137699,7,0.142857142857143,0.958364212442685,"1.40644232828991",-0.0790428376355905,0.737610799398833
330199,NA,NA,NA,NA,0.924120726930704,NA,NA,0.390323540401418,2,0.5,0.657222133666061,"0.998175422460899",-0.0790428376355905,0.737610799398833
330202,NA,NA,-1.18204263503149,0.584789740825695,-0.777767890363414,1.13878628634918,-1.17634217667518,0.390323540401418,6,0.166666666666667,-0.170375522415633,"-0.123822325885793",-0.0790428376355905,0.737610799398833
330203,0.979030301109026,NA,-0.469725535384612,-0.0112780773007613,-1.28471343594039,0.962479160863611,-1.35285324775825,0.390323540401418,7,0.142857142857143,-0.112391042001423,"-0.0452111118668702",-0.0790428376355905,0.737610799398833
330204,1.32246945067589,NA,NA,1.04330344707681,0.887910330818063,-1.09443730313471,-1.11333333467487,0.390323540401418,6,0.166666666666667,0.239372688527102,"0.431685011149792",-0.0790428376355905,0.737610799398833
330205,0.635591151542161,NA,0.307347664230169,-0.0112780773007613,0.018860824114684,NA,NA,-0.862384574964387,5,0.2,0.017627397524373,"0.131058595181567",-0.0790428376355905,0.737610799398833
330208,0.549731364150444,NA,0.825396463973357,0.768195223326143,0.380964785241092,-0.741823052163566,NA,-0.862384574964387,6,0.166666666666667,0.153346701593847,"0.315057126900582",-0.0790428376355905,0.737610799398833
330214,4.67100115895282,1.74579329888567,2.18527456329922,2.69395278958085,2.73464053256274,3.01939562486193,2.75135283048136,4.32740618869395,8,0.125,3.01610212341482,"4.19617630811942",-0.0790428376355905,0.737610799398833
330215,NA,NA,-0.599237735320409,-1.06585960167834,-1.24850303982774,-0.0953635920498098,NA,-0.325509668379042,5,0.2,-0.666894727451069,"-0.796967574626875",-0.0790428376355905,0.737610799398833
330218,NA,NA,0.566372064101763,-0.515643154176993,-1.57439660484151,NA,NA,-0.504467970574157,4,0.25,-0.507033916372725,"-0.580239713255222",-0.0790428376355905,0.737610799398833
330219,NA,NA,0.113079364326474,0.630641111450807,0.489595973579015,NA,-2.8693811298754,-0.146551366183927,5,0.2,-0.356523209340605,"-0.376188054636899",-0.0790428376355905,0.737610799398833
330221,0.807310726325593,NA,1.14917696381285,0.309681517075023,-0.524295117574929,0.903710119035088,NA,0.0324069360111874,6,0.166666666666667,0.446331857447469,"0.712265459658738",-0.0790428376355905,0.737610799398833
330222,-0.394726297158433,NA,-0.663993835288308,-1.75363016105502,1.03275191526863,-0.212901675706857,-1.76413699040414,0.748240144791648,7,0.142857142857143,-0.429770985650354,"-0.4754921542643",-0.0790428376355905,0.737610799398833
330224,0.549731364150444,NA,-0.923018235159901,-0.561494524802105,-0.16219115644852,-0.0953635920498098,-1.14785872755175,0.211365238206305,7,0.142857142857143,-0.30411851909362,"-0.305141521302929",-0.0790428376355905,0.737610799398833
330226,0.635591151542161,NA,0.177835464294372,0.263830146449911,0.163702408565247,0.316019700749854,0.278039998263567,1.28511505137699,7,0.142857142857143,0.445733417320301,"0.711454137308719",-0.0790428376355905,0.737610799398833
330229,NA,NA,-0.210701135513018,-2.02873838480569,-0.0173495719979558,NA,NA,-1.22030117935462,4,0.25,-0.86927256791782,"-1.07133698547565",-0.0790428376355905,0.737610799398833
330231,-0.137146934983285,NA,0.436859864165966,0.997452076451703,0.960331123043346,NA,NA,0.748240144791648,5,0.2,0.601147254693876,"0.922153109585481",-0.0790428376355905,0.737610799398833
330233,-0.308866509766717,NA,-0.534481635352511,-0.607345895427217,-1.0312406631519,-0.506746884849472,-2.11241189104971,-1.57821778374485,7,0.142857142857143,-0.954187323334625,"-1.18645834146178",-0.0790428376355905,0.737610799398833
330234,0.549731364150444,1.0282884678421,0.0483232643585746,0.0345732933243508,-0.234611948673802,-0.0953635920498098,-1.37054751160766,0.927198446986763,8,0.125,0.110948973041371,"0.257577316969611",-0.0790428376355905,0.737610799398833
330235,NA,NA,-0.0164328356093239,-0.744900007302553,0.163702408565247,-0.859361135820613,NA,-0.683426272769272,5,0.2,-0.428083568587303,"-0.47320447482085",-0.0790428376355905,0.737610799398833
330238,NA,NA,-2.02387193461417,0.309681517075023,-0.705347098138132,NA,NA,-0.504467970574157,4,0.25,-0.73100137156286,"-0.883878780596255",-0.0790428376355905,0.737610799398833
330239,0.549731364150444,NA,-0.793506035224105,-0.0112780773007613,-0.415663929237006,-1.56458963776289,NA,-0.504467970574157,6,0.166666666666667,-0.45662904765808,"-0.511904395014592",-0.0790428376355905,0.737610799398833
330240,NA,NA,0.307347664230169,1.13500618832704,1.46727666862032,0.962479160863611,NA,0.569281842596533,5,0.2,0.888278304927534,"1.31142486437496",-0.0790428376355905,0.737610799398833
330241,-0.0512871475915684,0.90870432933484,0.436859864165966,-0.423940412926769,1.64832864918352,-1.50582059593437,-0.2985340627804,0.927198446986763,8,0.125,0.205188633804748,"0.385340713113192",-0.0790428376355905,0.737610799398833
330246,0.292152001975297,NA,-0.0164328356093239,-0.378089042301657,1.46727666862032,-0.330439759363904,NA,0.0324069360111874,6,0.166666666666667,0.177812328221986,"0.348225874766094",-0.0790428376355905,0.737610799398833
330250,0.20629221458358,NA,-0.340213335448815,-0.378089042301657,0.670647954142219,1.25632437000623,-0.552727267836462,-0.146551366183927,7,0.142857142857143,0.102240503851595,"0.245770996892854",-0.0790428376355905,0.737610799398833
330259,0.721450938933877,NA,0.69588426403756,-0.0112780773007613,0.380964785241092,1.02124820269213,0.713923083334232,-0.146551366183927,7,0.142857142857143,0.482234547250601,"0.760939760295868",-0.0790428376355905,0.737610799398833
330261,NA,NA,0.372103764198067,0.538938370200583,-0.451874325349647,0.727402993549518,0.956895535705305,0.390323540401418,6,0.166666666666667,0.422298313117541,"0.679682498089417",-0.0790428376355905,0.737610799398833
330264,0.979030301109026,NA,0.501615964133864,0.355532887700135,-0.560505513687569,-0.0953635920498098,-1.15476380612713,0.569281842596533,7,0.142857142857143,0.0849754405250069,"0.222364258080651",-0.0790428376355905,0.737610799398833
330265,NA,NA,NA,0.217978775824799,0.27233359690317,NA,NA,0.569281842596533,3,0.333333333333333,0.353198071774834,"0.586001329919124",-0.0790428376355905,0.737610799398833
330267,0.89317051371731,NA,0.501615964133864,0.722343852701031,0.851699934705422,1.72647670463442,0.202947268756344,0.927198446986763,7,0.142857142857143,0.832207526519307,"1.23540811075107",-0.0790428376355905,0.737610799398833
330270,NA,NA,NA,NA,NA,NA,0.738953993169972,1.46407335357211,2,0.5,1.10151367337104,"1.60051413559672",-0.0790428376355905,0.737610799398833
330273,NA,NA,-0.210701135513018,1.18085755895215,1.21380389583183,-0.624284968506521,NA,1.46407335357211,5,0.2,0.60474974086731,"0.927037102846385",-0.0790428376355905,0.737610799398833
330276,NA,NA,-2.08862803458207,-1.34096782542901,-1.24850303982774,NA,NA,-0.325509668379042,4,0.25,-1.25090214205447,"-1.58872308455077",-0.0790428376355905,0.737610799398833
330277,NA,NA,1.01966476387705,0.493086999575471,-0.850188682588695,0.257250658921331,NA,-1.0413428771595,5,0.2,-0.0243058274748687,"0.0742085259669917",-0.0790428376355905,0.737610799398833
330279,-1.94020247020933,-0.0479687787232517,-1.82960363471048,-1.47852193730435,-0.524295117574929,-0.859361135820613,-0.663640092453452,0.211365238206305,8,0.125,-0.891528491073762,"-1.10150997531539",-0.0790428376355905,0.737610799398833
330285,0.20629221458358,0.549951913813056,-0.599237735320409,-0.286386301051433,1.43106627250768,0.139712575264284,-0.822025332276158,0.748240144791648,8,0.125,0.17095171903903,"0.338924751208051",-0.0790428376355905,0.737610799398833
330286,-2.36950140716791,0.191199498291271,0.436859864165966,-0.515643154176993,-1.13987185148982,0.433557784406901,-2.06019223432342,-0.683426272769272,8,0.125,-0.713377221632909,"-0.859985217833461",-0.0790428376355905,0.737610799398833
330304,-0.137146934983285,0.549951913813056,0.890152563941255,1.31841167082749,2.11906379864785,1.84401478829146,1.80708333529858,1.10615674918188,8,0.125,1.18721098562729,"1.71669642621135",-0.0790428376355905,0.737610799398833
330307,0.635591151542161,NA,-2.21814023451787,-0.148832189176097,-1.53818620872887,-0.97689921947766,-0.299397197602323,0.0324069360111874,7,0.142857142857143,-0.644779565992782,"-0.766985419435666",-0.0790428376355905,0.737610799398833
330331,1.15074987589246,NA,1.14917696381285,0.676492482075919,1.06896231138127,1.02124820269213,NA,1.10615674918188,6,0.166666666666667,1.02879776417275,"1.50193110338305",-0.0790428376355905,0.737610799398833
330332,-0.824025234117015,NA,-0.210701135513018,1.45596578270282,-0.705347098138132,0.609864909892471,-0.312344219931154,-1.57821778374485,7,0.142857142857143,-0.223543539835553,"-0.195903723640887",-0.0790428376355905,0.737610799398833
330350,0.549731364150444,NA,NA,0.263830146449911,-0.705347098138132,0.844941077206565,NA,0.390323540401418,5,0.2,0.268695806014041,"0.471439197925309",-0.0790428376355905,0.737610799398833
330386,NA,NA,1.01966476387705,1.41011441207771,0.0912816163399657,-0.154132633878333,NA,0.569281842596533,5,0.2,0.587242000202586,"0.90330135944486",-0.0790428376355905,0.737610799398833
330393,0.807310726325593,0.789120190827578,1.08442086384495,1.08915481770193,1.25001429194447,1.02124820269213,-0.886760443920316,2.00094826015745,8,0.125,0.894432113696724,"1.31976775845163",-0.0790428376355905,0.737610799398833
330394,-0.652305659333582,-1.60256257931765,-0.858262135192003,-1.38681919605412,-0.307032740899083,-1.09443730313471,-1.82455642793869,0.748240144791648,8,0.125,-0.872216987134773,"-1.07532881859327",-0.0790428376355905,0.737610799398833
330395,0.292152001975297,NA,-1.1172865350636,0.401384258325247,-3.67459957937468,-2.56366334884779,-0.168200704670163,-3.00988420130577,7,0.142857142857143,-1.40572830128021,"-1.79862532479987",-0.0790428376355905,0.737610799398833
330396,NA,NA,NA,0.951600705826591,-0.415663929237006,NA,NA,0.569281842596533,3,0.333333333333333,0.368406206395372,"0.606619431813692",-0.0790428376355905,0.737610799398833
330399,NA,NA,NA,0.172127405199687,-0.19840155256116,-0.44797784302095,NA,0.211365238206305,4,0.25,-0.0657216880440296,"0.0180598624673308",-0.0790428376355905,0.737610799398833
330401,1.40832923806761,NA,-0.663993835288308,0.584789740825695,0.127492012452607,2.1966290392626,0.433835833620508,0.927198446986763,7,0.142857142857143,0.716325782275353,"1.07830392472451",-0.0790428376355905,0.737610799398833
330405,NA,NA,NA,NA,NA,NA,NA,NA,0,NA,NA,"NaN",-0.0790428376355905,0.737610799398833
330406,NA,NA,NA,NA,NA,NA,NA,1.46407335357211,1,1,1.46407335357211,"2.09204663552292",-0.0790428376355905,0.737610799398833
331301,NA,NA,NA,NA,NA,NA,NA,NA,0,NA,NA,"NaN",-0.0790428376355905,0.737610799398833
331302,NA,NA,-0.0164328356093239,-0.744900007302553,-0.524295117574929,NA,NA,-0.325509668379042,4,0.25,-0.402784407216462,"-0.438905680129313",-0.0790428376355905,0.737610799398833
331303,NA,NA,NA,NA,NA,NA,NA,NA,0,NA,NA,"NaN",-0.0790428376355905,0.737610799398833
331304,NA,NA,NA,NA,NA,NA,NA,-0.325509668379042,1,1,-0.325509668379042,"-0.334142112540009",-0.0790428376355905,0.737610799398833
331305,NA,NA,NA,NA,NA,NA,NA,-0.862384574964387,1,1,-0.862384574964387,"-1.06199873695889",-0.0790428376355905,0.737610799398833
331309,NA,NA,NA,NA,NA,NA,NA,NA,0,NA,NA,"NaN",-0.0790428376355905,0.737610799398833
331310,NA,NA,NA,NA,0.453385577466374,NA,NA,0.569281842596533,2,0.5,0.511333710031453,"0.800390325288366",-0.0790428376355905,0.737610799398833
331311,NA,NA,NA,0.355532887700135,-2.73312928044602,NA,NA,-0.683426272769272,3,0.333333333333333,-1.02034088850505,"-1.27614461669574",-0.0790428376355905,0.737610799398833
331312,NA,NA,NA,0.309681517075023,0.0550712202273249,NA,NA,0.211365238206305,3,0.333333333333333,0.192039325169551,"0.367513820331913",-0.0790428376355905,0.737610799398833
331313,NA,NA,NA,NA,-1.13987185148982,NA,NA,-0.862384574964387,2,0.5,-1.0011282132271,"-1.25009744480833",-0.0790428376355905,0.737610799398833
331314,NA,NA,NA,NA,-0.524295117574929,NA,NA,-0.504467970574157,2,0.5,-0.514381544074543,"-0.590201101710769",-0.0790428376355905,0.737610799398833
331315,NA,NA,NA,NA,0.670647954142219,NA,NA,0.390323540401418,2,0.5,0.530485747271818,"0.82635528845861",-0.0790428376355905,0.737610799398833
331316,NA,NA,0.177835464294372,-1.15756234292856,-0.451874325349647,NA,NA,-0.146551366183927,4,0.25,-0.39453814254194,"-0.427725983897585",-0.0790428376355905,0.737610799398833
331317,NA,NA,NA,NA,NA,NA,NA,NA,0,NA,NA,"NaN",-0.0790428376355905,0.737610799398833
331318,NA,NA,NA,NA,NA,NA,NA,NA,0,NA,NA,"NaN",-0.0790428376355905,0.737610799398833
331319,NA,NA,NA,NA,NA,NA,NA,NA,0,NA,NA,"NaN",-0.0790428376355905,0.737610799398833
331320,NA,NA,0.307347664230169,-0.148832189176097,-0.560505513687569,NA,NA,-0.325509668379042,4,0.25,-0.181874926753135,"-0.139412396349612",-0.0790428376355905,0.737610799398833
331321,NA,NA,0.372103764198067,0.0345732933243508,0.960331123043346,NA,NA,0.211365238206305,4,0.25,0.394593354693017,"0.642122095710407",-0.0790428376355905,0.737610799398833
331322,NA,NA,NA,NA,0.887910330818063,NA,NA,-0.146551366183927,2,0.5,0.370679482317068,"0.609701376822562",-0.0790428376355905,0.737610799398833
331323,NA,NA,NA,NA,NA,NA,NA,NA,0,NA,NA,"NaN",-0.0790428376355905,0.737610799398833
340001,-1.2533241710756,1.0282884678421,1.27868916374865,1.77692537707861,-0.415663929237006,0.668633951720995,0.499865647497549,0.390323540401418,8,0.125,0.496717255997089,"0.780574381641287",-0.0790428376355905,0.737610799398833
340002,1.06489008850074,0.191199498291271,0.566372064101763,0.0345732933243508,0.380964785241092,-0.154132633878333,-0.0715296046148866,0.927198446986763,8,0.125,0.367441992244095,"0.605312219186025",-0.0790428376355905,0.737610799398833
340003,NA,NA,-2.67143293429316,0.630641111450807,0.779279142480142,-0.565515926677996,NA,0.569281842596533,5,0.2,-0.251549352888735,"-0.233872003221401",-0.0790428376355905,0.737610799398833
340004,-0.48058608455015,NA,-0.14594503554512,-0.790751377927665,0.924120726930704,-1.27074442862028,0.287966048715672,0.927198446986763,7,0.142857142857143,-0.078391672001439,"0.00088280382375394",-0.0790428376355905,0.737610799398833
340008,-0.995744808900447,NA,-0.0811889355772215,0.538938370200583,-0.63292630591285,-0.154132633878333,NA,-1.39925948154973,6,0.166666666666667,-0.454052299269667,"-0.508411023726491",-0.0790428376355905,0.737610799398833
340010,1.06489008850074,NA,-1.31155483496729,0.951600705826591,0.489595973579015,0.433557784406901,-0.361542904780715,-1.0413428771595,7,0.142857142857143,0.0321719907722486,"0.150777115110681",-0.0790428376355905,0.737610799398833
340013,0.0345726398001479,NA,-1.89435973467838,-2.16629249668102,1.14138310360655,-0.859361135820613,NA,-0.325509668379042,6,0.166666666666667,-0.678261215358727,"-0.81237744649551",-0.0790428376355905,0.737610799398833
340014,0.120432427191864,-2.32006741036122,-0.340213335448815,-0.515643154176993,0.380964785241092,0.0221744916072371,1.63273010127031,-0.146551366183927,8,0.125,-0.145771682607556,"-0.0904661984699118",-0.0790428376355905,0.737610799398833
340015,-1.16746438368388,NA,-0.663993835288308,-1.93703564355546,-0.922609474813977,-2.03474197239108,0.614662578813189,-0.325509668379042,7,0.142857142857143,-0.919527485614081,"-1.13946901084353",-0.0790428376355905,0.737610799398833
340016,NA,NA,-0.0164328356093239,-0.0112780773007613,0.7430687463675,0.257250658921331,NA,0.211365238206305,5,0.2,0.23679474611701,"0.428190021092444",-0.0790428376355905,0.737610799398833
340017,0.0345726398001479,NA,-0.404969435416714,-0.882454119177889,1.06896231138127,1.60893862097737,-0.264008669903517,0.211365238206305,7,0.142857142857143,0.196058083695281,"0.372962165894377",-0.0790428376355905,0.737610799398833
340020,NA,NA,-0.923018235159901,0.309681517075023,-0.705347098138132,-0.800592093992089,NA,0.0324069360111874,5,0.2,-0.417373794840782,"-0.458684929072267",-0.0790428376355905,0.737610799398833
340021,-1.33918395846731,NA,-0.728749935256206,0.0345732933243508,-0.19840155256116,-1.62335867959142,NA,-0.325509668379042,6,0.166666666666667,-0.696771750155131,"-0.83747270650457",-0.0790428376355905,0.737610799398833
340023,NA,NA,1.14917696381285,0.584789740825695,0.851699934705422,0.551095868063948,NA,1.10615674918188,5,0.2,0.848583851317959,"1.257609961391",-0.0790428376355905,0.737610799398833
340024,NA,NA,0.501615964133864,-0.423940412926769,-0.886399078701336,-0.859361135820613,NA,0.390323540401418,5,0.2,-0.255552224582687,"-0.239298810552876",-0.0790428376355905,0.737610799398833
340027,-0.308866509766717,NA,-0.275457235480917,0.172127405199687,0.27233359690317,0.786172035378042,NA,0.0324069360111874,6,0.166666666666667,0.113119371374075,"0.260519787896655",-0.0790428376355905,0.737610799398833
340028,-1.33918395846731,0.310783636798532,-0.0164328356093239,0.768195223326143,-1.90029016985528,0.962479160863611,-1.20525719320957,0.0324069360111874,8,0.125,-0.298412400017752,"-0.297405572913184",-0.0790428376355905,0.737610799398833
340030,2.00934774980962,1.0282884678421,0.760640364005458,1.08915481770193,1.57590785695824,-0.0953635920498098,-1.81592507971946,2.00094826015745,8,0.125,0.81912485558819,"1.21767156060595",-0.0790428376355905,0.737610799398833
340032,-0.223006722375001,-0.0479687787232517,0.760640364005458,0.172127405199687,0.634437558029578,0.903710119035088,0.483034518470067,0.569281842596533,8,0.125,0.40653203827977,"0.658307709582226",-0.0790428376355905,0.737610799398833
340039,-1.76848289542589,NA,-0.469725535384612,-0.974156860428112,0.0550712202273249,0.786172035378042,-0.165179732793435,0.569281842596533,7,0.142857142857143,-0.281002846547164,"-0.273802944691394",-0.0790428376355905,0.737610799398833
340040,-0.909885021508731,0.549951913813056,-1.0525304350957,-0.882454119177889,-0.0535599681105977,-0.271670717535378,-1.28984440575794,0.390323540401418,8,0.125,-0.43995865162147,"-0.489303863609417",-0.0790428376355905,0.737610799398833
340041,-0.0512871475915684,NA,-1.76484753474258,-1.06585960167834,-0.596715909800209,0.0221744916072371,NA,-0.325509668379042,6,0.166666666666667,-0.630340895097417,"-0.747410501461129",-0.0790428376355905,0.737610799398833
340042,-1.85434268281761,NA,-1.37631093493519,-1.2951164548039,-1.71923818929207,-0.212901675706857,NA,-1.22030117935462,6,0.166666666666667,-1.27970185281837,"-1.62776767390248",-0.0790428376355905,0.737610799398833
340047,-0.738165446725299,-2.0808991333467,0.0483232643585746,0.401384258325247,1.32243508416975,0.139712575264284,0.772616251224934,0.927198446986763,8,0.125,0.0990756625321952,"0.241480331243734",-0.0790428376355905,0.737610799398833
340049,NA,NA,NA,NA,NA,NA,NA,0.390323540401418,1,1,0.390323540401418,"0.636333386685161",-0.0790428376355905,0.737610799398833
340050,-1.42504374585903,NA,-1.63533533480678,-0.0112780773007613,-1.24850303982774,-0.506746884849472,NA,-0.325509668379042,6,0.166666666666667,-0.858736125170472,"-1.05705242950665",-0.0790428376355905,0.737610799398833
340051,-0.137146934983285,NA,-2.15338413454997,0.401384258325247,0.417175181353733,0.0221744916072371,0.901223339691328,0.211365238206305,7,0.142857142857143,-0.0481726514784865,"0.0418515918995",-0.0790428376355905,0.737610799398833
340053,0.463871576758728,-0.167552917230512,0.113079364326474,-0.515643154176993,0.236123200790529,-0.800592093992089,1.35005344709082,0.569281842596533,8,0.125,0.156077658270437,"0.318759562763526",-0.0790428376355905,0.737610799398833
340060,NA,NA,0.307347664230169,0.493086999575471,0.960331123043346,0.257250658921331,NA,-0.146551366183927,5,0.2,0.374293015917278,"0.614600347395057",-0.0790428376355905,0.737610799398833
340061,1.49418902545932,-0.645889471259559,1.60246966358814,0.814046593951255,1.06896231138127,-0.0365945502212864,0.519717748401758,1.28511505137699,8,0.125,0.762752046584736,"1.14124533548913",-0.0790428376355905,0.737610799398833
340064,NA,NA,0.24259156426227,0.538938370200583,0.960331123043346,-0.330439759363904,NA,0.569281842596533,5,0.2,0.396140628147766,"0.644219778466692",-0.0790428376355905,0.737610799398833
340068,NA,NA,0.436859864165966,-1.24926508417879,-2.62449809210809,0.903710119035088,NA,-1.22030117935462,5,0.2,-0.750698874488089,"-0.910583247154069",-0.0790428376355905,0.737610799398833
340069,-2.19778183238447,1.14787260634936,-0.923018235159901,-0.332237671676545,0.924120726930704,-0.154132633878333,-1.92813260656934,1.10615674918188,8,0.125,-0.294644112150831,"-0.292296797567172",-0.0790428376355905,0.737610799398833
340070,-3.05637970630164,NA,-1.31155483496729,-0.0112780773007613,-0.379453533124364,-0.154132633878333,-0.626956862521763,0.748240144791648,7,0.142857142857143,-0.6845022147575,"-0.820838547395687",-0.0790428376355905,0.737610799398833
340071,-0.223006722375001,NA,-0.275457235480917,-0.515643154176993,1.14138310360655,0.374788742578378,NA,0.569281842596533,6,0.166666666666667,0.178557762791425,"0.349236481674299",-0.0790428376355905,0.737610799398833
340075,-0.652305659333582,NA,0.0483232643585746,-0.561494524802105,0.308543993015811,-0.800592093992089,-0.730533041152416,-0.146551366183927,7,0.142857142857143,-0.362087061155676,"-0.383731127243219",-0.0790428376355905,0.737610799398833
340084,NA,NA,NA,NA,-0.524295117574929,NA,NA,-0.862384574964387,2,0.5,-0.693339846269658,"-0.832819976517062",-0.0790428376355905,0.737610799398833
340085,NA,NA,-0.663993835288308,0.217978775824799,-0.270822344786443,-2.0935110142196,NA,-0.325509668379042,5,0.2,-0.62717161736972,"-0.74311382124674",-0.0790428376355905,0.737610799398833
340087,NA,NA,0.113079364326474,-0.653197266052329,-0.16219115644852,0.198481617092807,NA,-0.325509668379042,5,0.2,-0.165867421892122,"-0.117710565419182",-0.0790428376355905,0.737610799398833
340090,-0.0512871475915684,NA,-0.404969435416714,-0.790751377927665,0.127492012452607,0.609864909892471,-0.947179881454864,-0.146551366183927,7,0.142857142857143,-0.229054612318523,"-0.203375241801225",-0.0790428376355905,0.737610799398833
340091,0.635591151542161,0.191199498291271,-0.469725535384612,0.217978775824799,0.380964785241092,-0.271670717535378,-1.31099120889503,1.28511505137699,8,0.125,0.0823077250576615,"0.21874756012894",-0.0790428376355905,0.737610799398833
340096,NA,NA,0.501615964133864,-1.11171097230345,-0.379453533124364,-1.15320634496323,NA,-0.504467970574157,5,0.2,-0.529444571366267,"-0.610622477460692",-0.0790428376355905,0.737610799398833
340097,NA,NA,-0.0164328356093239,-1.52437330792946,-1.17608224760246,-1.27074442862028,NA,-1.22030117935462,5,0.2,-1.04158679982323,"-1.30494830467793",-0.0790428376355905,0.737610799398833
340098,-0.394726297158433,0.669536052320317,0.825396463973357,0.493086999575471,-0.125980760335879,2.13785999743408,-0.337806697177856,0.211365238206305,8,0.125,0.43484137460467,"0.69668748431976",-0.0790428376355905,0.737610799398833
340099,NA,NA,0.0483232643585746,-0.607345895427217,-0.307032740899083,-0.0953635920498098,NA,-0.325509668379042,5,0.2,-0.257385726479315,"-0.241784541372059",-0.0790428376355905,0.737610799398833
340107,NA,NA,0.372103764198067,-2.21214386730614,-1.46576541650359,-0.389208801192427,NA,-0.146551366183927,5,0.2,-0.768313137397602,"-0.934463405801244",-0.0790428376355905,0.737610799398833
340109,-0.223006722375001,NA,-1.0525304350957,-0.0112780773007613,-0.379453533124364,-0.624284968506521,-0.239409327478736,0.211365238206305,7,0.142857142857143,-0.331228260810682,"-0.341894971413959",-0.0790428376355905,0.737610799398833
340113,2.09520753720134,0.90870432933484,1.53771356362024,0.859897964576367,0.815489538592783,0.0221744916072371,-0.287313310095413,0.927198446986763,8,0.125,0.859884070228019,"1.27292999048936",-0.0790428376355905,0.737610799398833
340114,1.15074987589246,1.38704088336389,0.113079364326474,1.59351989457816,1.14138310360655,1.13878628634918,0.646166999813345,1.28511505137699,8,0.125,1.05698018241338,"1.54013881165359",-0.0790428376355905,0.737610799398833
340115,0.549731364150444,0.0716153597840098,0.566372064101763,0.355532887700135,-0.560505513687569,-1.21197538679175,-0.119865154642525,-0.325509668379042,8,0.125,-0.0843255059705671,"-0.00716186414201372",-0.0790428376355905,0.737610799398833
340116,-0.223006722375001,-0.0479687787232517,-2.02387193461417,-3.17502265043349,0.562016765804296,-0.389208801192427,-0.653714042001348,0.0324069360111874,8,0.125,-0.739796153440526,"-0.895802117245927",-0.0790428376355905,0.737610799398833
340119,-0.394726297158433,NA,0.372103764198067,-1.02000823105323,-1.35713422816567,-0.741823052163566,NA,-0.683426272769272,6,0.166666666666667,-0.637502386185349,"-0.75711953919996",-0.0790428376355905,0.737610799398833
340120,NA,NA,-0.275457235480917,0.263830146449911,-0.234611948673802,-0.271670717535378,NA,0.748240144791648,5,0.2,0.0460660779102923,"0.169613725351973",-0.0790428376355905,0.737610799398833
340123,NA,NA,0.177835464294372,-0.928305489803001,0.779279142480142,0.316019700749854,NA,-0.862384574964387,5,0.2,-0.103511151448604,"-0.0331723909586947",-0.0790428376355905,0.737610799398833
340126,-0.137146934983285,NA,-1.0525304350957,0.126276034574575,-1.42955502039095,-0.624284968506521,NA,-0.862384574964387,6,0.166666666666667,-0.663270983227711,"-0.792054761221334",-0.0790428376355905,0.737610799398833
340127,NA,NA,NA,-0.928305489803001,-3.31249561824827,-1.3295134704488,NA,-0.146551366183927,4,0.25,-1.429216486171,"-1.83046892702198",-0.0790428376355905,0.737610799398833
340129,-0.824025234117015,NA,0.890152563941255,-0.653197266052329,-2.26239413098169,-2.26981813970518,NA,-1.0413428771595,6,0.166666666666667,-1.02677084734574,"-1.28486189530111",-0.0790428376355905,0.737610799398833
340130,1.23660966328417,NA,0.69588426403756,-0.102980818550985,0.562016765804296,0.0809435334357605,0.0752033151118719,-0.146551366183927,7,0.142857142857143,0.343017908134107,"0.572199791697309",-0.0790428376355905,0.737610799398833
340131,-0.738165446725299,0.430367775305794,-1.0525304350957,0.0345732933243508,0.634437558029578,0.609864909892471,-2.39077287111959,0.927198446986763,8,0.125,-0.193128346175204,"-0.154668978047223",-0.0790428376355905,0.737610799398833
340132,0.635591151542161,NA,-0.793506035224105,0.217978775824799,-1.75544858540472,-0.506746884849472,NA,-1.93613438813508,6,0.166666666666667,-0.689710994374402,"-0.82790023849504",-0.0790428376355905,0.737610799398833
340141,-0.995744808900447,-3.15715637991205,-1.50582313487099,-0.653197266052329,-0.379453533124364,0.139712575264284,-0.64637739601501,0.390323540401418,8,0.125,-0.850964550401186,"-1.04651628391928",-0.0790428376355905,0.737610799398833
340142,-1.33918395846731,NA,-0.14594503554512,-0.744900007302553,-2.84176046878394,-0.683054010335044,NA,-1.39925948154973,6,0.166666666666667,-1.19235049366395,"-1.50934294472875",-0.0790428376355905,0.737610799398833
340143,-3.48567864326022,NA,-1.63533533480678,-2.30384660855636,-3.38491641047355,-0.624284968506521,-2.29108079918759,-1.75717608593996,7,0.142857142857143,-2.21175983581871,"-2.8913852670288",-0.0790428376355905,0.737610799398833
340145,NA,NA,-1.0525304350957,0.0804246639494628,-1.17608224760246,-0.0365945502212864,NA,-1.39925948154973,5,0.2,-0.716808410103943,"-0.864636977913208",-0.0790428376355905,0.737610799398833
340147,-0.137146934983285,NA,1.21393306378075,0.493086999575471,0.634437558029578,1.08001724452066,-0.199705125670319,0.748240144791648,7,0.142857142857143,0.547551850006357,"0.849492290721115",-0.0790428376355905,0.737610799398833
340148,NA,NA,NA,NA,NA,NA,NA,0.390323540401418,1,1,0.390323540401418,"0.636333386685161",-0.0790428376355905,0.737610799398833
340151,-0.137146934983285,NA,1.14917696381285,0.905749335201479,-0.850188682588695,-1.68212772141994,NA,0.211365238206305,6,0.166666666666667,-0.0671953002952147,"0.0160620443057935",-0.0790428376355905,0.737610799398833
340155,0.807310726325593,-0.406721194245036,0.24259156426227,-0.423940412926769,0.634437558029578,1.1975553281777,1.69875991514736,1.46407335357211,8,0.125,0.651758354792851,"0.990768021596292",-0.0790428376355905,0.737610799398833
340156,NA,NA,NA,NA,NA,NA,NA,-0.146551366183927,1,1,-0.146551366183927,"-0.0915232377337164",-0.0790428376355905,0.737610799398833
340158,0.292152001975297,NA,0.307347664230169,-0.102980818550985,-0.922609474813977,-0.389208801192427,NA,-0.325509668379042,6,0.166666666666667,-0.190134849455161,"-0.150610609158804",-0.0790428376355905,0.737610799398833
340159,NA,NA,NA,-0.515643154176993,-0.270822344786443,NA,NA,0.390323540401418,3,0.333333333333333,-0.132047319520673,"-0.0718596879659054",-0.0790428376355905,0.737610799398833
340166,NA,NA,0.631128164069661,0.217978775824799,0.0912816163399657,0.786172035378042,NA,0.569281842596533,5,0.2,0.4591684868418,"0.729668444274464",-0.0790428376355905,0.737610799398833
340171,1.15074987589246,NA,0.69588426403756,1.63937126520327,1.32243508416975,0.903710119035088,0.88137123878712,0.927198446986763,7,0.142857142857143,1.07438861344457,"1.56373991815227",-0.0790428376355905,0.737610799398833
340173,-0.738165446725299,NA,-0.663993835288308,0.905749335201479,-0.0897703642232385,0.609864909892471,0.2422199031538,1.46407335357211,7,0.142857142857143,0.247139693654716,"0.44221496154361",-0.0790428376355905,0.737610799398833
340183,0.721450938933877,NA,1.53771356362024,0.0804246639494628,0.127492012452607,-0.97689921947766,-0.153095845286525,-0.325509668379042,7,0.142857142857143,0.144510920830423,"0.303078206892054",-0.0790428376355905,0.737610799398833
340184,0.721450938933877,NA,-0.210701135513018,-1.61607604917968,-0.270822344786443,-0.44797784302095,NA,-0.862384574964387,6,0.166666666666667,-0.4477518347551,"-0.49986930427268",-0.0790428376355905,0.737610799398833
340188,NA,NA,0.890152563941255,0.584789740825695,0.453385577466374,NA,NA,0.927198446986763,4,0.25,0.713881582305022,"1.07499025310755",-0.0790428376355905,0.737610799398833
340190,NA,NA,-0.534481635352511,0.859897964576367,2.01043261030993,-0.506746884849472,NA,0.927198446986763,5,0.2,0.551260100334215,"0.854519671462938",-0.0790428376355905,0.737610799398833
340195,NA,NA,NA,NA,0.525806369691656,NA,NA,0.748240144791648,2,0.5,0.637023257241652,"0.97079122954931",-0.0790428376355905,0.737610799398833
341303,NA,NA,NA,NA,0.127492012452607,NA,NA,0.748240144791648,2,0.5,0.437866078622127,"0.700788161831427",-0.0790428376355905,0.737610799398833
341304,NA,NA,NA,-1.06585960167834,-2.22618373486905,-0.271670717535378,NA,-0.146551366183927,4,0.25,-0.927566355066672,"-1.15036753545724",-0.0790428376355905,0.737610799398833
341305,NA,NA,NA,NA,NA,NA,NA,NA,0,NA,NA,"NaN",-0.0790428376355905,0.737610799398833
341307,NA,NA,NA,NA,NA,NA,NA,0.569281842596533,1,1,0.569281842596533,"0.878952261491454",-0.0790428376355905,0.737610799398833
341311,NA,NA,NA,0.0804246639494628,0.308543993015811,NA,NA,0.748240144791648,3,0.333333333333333,0.37906960058564,"0.621076099474955",-0.0790428376355905,0.737610799398833
341314,NA,NA,NA,NA,-0.777767890363414,NA,NA,-2.11509269033019,2,0.5,-1.4464302903468,"-1.85380617234137",-0.0790428376355905,0.737610799398833
341315,NA,NA,NA,NA,-0.741557494250773,NA,NA,0.569281842596533,2,0.5,-0.08613782582712,"-0.00961887786528076",-0.0790428376355905,0.737610799398833
341316,NA,NA,NA,NA,0.0912816163399657,NA,NA,0.0324069360111874,2,0.5,0.0618442761755765,"0.191004678789943",-0.0790428376355905,0.737610799398833
341317,NA,NA,NA,NA,NA,NA,NA,NA,0,NA,NA,"NaN",-0.0790428376355905,0.737610799398833
341318,NA,NA,-1.95911583464628,-0.515643154176993,-0.669136702025491,0.433557784406901,NA,-0.683426272769272,5,0.2,-0.678752835842226,"-0.813043950407736",-0.0790428376355905,0.737610799398833
341319,NA,NA,0.566372064101763,-0.653197266052329,-0.99503026703926,NA,NA,0.0324069360111874,4,0.25,-0.26236213324466,"-0.248531197968465",-0.0790428376355905,0.737610799398833
341320,NA,NA,NA,NA,-0.886399078701336,NA,NA,-1.22030117935462,2,0.5,-1.05335012902798,"-1.32089618561234",-0.0790428376355905,0.737610799398833
341322,NA,NA,NA,0.768195223326143,0.453385577466374,NA,NA,0.211365238206305,3,0.333333333333333,0.477648679666274,"0.754722568806719",-0.0790428376355905,0.737610799398833
341323,NA,NA,NA,NA,0.634437558029578,NA,NA,0.390323540401418,2,0.5,0.512380549215498,"0.801809555029712",-0.0790428376355905,0.737610799398833
341324,NA,NA,0.24259156426227,0.217978775824799,0.779279142480142,0.551095868063948,NA,-0.683426272769272,5,0.2,0.221503815572377,"0.407459670401951",-0.0790428376355905,0.737610799398833
341325,NA,NA,NA,-0.194683559801209,-0.63292630591285,-0.506746884849472,NA,0.0324069360111874,4,0.25,-0.325487453638086,"-0.334111995382053",-0.0790428376355905,0.737610799398833
341326,NA,NA,-0.14594503554512,0.997452076451703,0.0550712202273249,0.727402993549518,NA,-1.93613438813508,5,0.2,-0.0604306266903301,"0.0252331052642256",-0.0790428376355905,0.737610799398833
341327,NA,NA,NA,0.309681517075023,-0.99503026703926,NA,NA,0.0324069360111874,3,0.333333333333333,-0.217647271317683,"-0.187909984228889",-0.0790428376355905,0.737610799398833
341328,NA,NA,-0.0811889355772215,-0.0112780773007613,-0.379453533124364,-0.565515926677996,NA,0.390323540401418,5,0.2,-0.129422586455785,"-0.068301262483216",-0.0790428376355905,0.737610799398833
341329,NA,NA,NA,-0.974156860428112,0.706858350254859,-0.389208801192427,NA,-0.683426272769272,4,0.25,-0.334983396033738,"-0.346985915345524",-0.0790428376355905,0.737610799398833
350002,-0.394726297158433,-3.51590879543383,-0.728749935256206,0.676492482075919,0.525806369691656,-0.741823052163566,0.25085125137302,1.10615674918188,8,0.125,-0.352737653461196,"-0.371055868553811",-0.0790428376355905,0.737610799398833
350006,0.807310726325593,-0.287137055737774,-0.663993835288308,0.0345732933243508,-0.922609474813977,0.0221744916072371,-0.651556204946543,0.211365238206305,8,0.125,-0.181234102665389,"-0.138543612855298",-0.0790428376355905,0.737610799398833
350011,0.807310726325593,1.0282884678421,-0.0164328356093239,0.905749335201479,1.79317023363408,0.139712575264284,-0.596747143754488,0.927198446986763,8,0.125,0.623531225736311,"0.952499697597315",-0.0790428376355905,0.737610799398833
350015,1.23660966328417,0.549951913813056,1.27868916374865,0.722343852701031,0.996541519155986,0.551095868063948,0.536980444840199,1.46407335357211,8,0.125,0.917035722397393,"1.35041211550157",-0.0790428376355905,0.737610799398833
350019,-0.909885021508731,0.310783636798532,-0.0811889355772215,0.263830146449911,0.344754389128452,0.844941077206565,0.171442847756186,0.569281842596533,8,0.125,0.189244997856278,"0.363725471089264",-0.0790428376355905,0.737610799398833
350063,NA,NA,0.69588426403756,NA,-1.0312406631519,NA,NA,-1.39925948154973,3,0.333333333333333,-0.578205293554691,"-0.67672877935888",-0.0790428376355905,0.737610799398833
350070,0.635591151542161,0.0716153597840098,-0.923018235159901,-0.148832189176097,1.14138310360655,-0.0365945502212864,-0.504823285219784,0.569281842596533,8,0.125,0.100575399719023,"0.243513567725697",-0.0790428376355905,0.737610799398833
351300,NA,NA,NA,NA,NA,NA,NA,-1.0413428771595,1,1,-1.0413428771595,"-1.30461761176518",-0.0790428376355905,0.737610799398833
351301,NA,NA,NA,NA,NA,NA,NA,NA,0,NA,NA,"NaN",-0.0790428376355905,0.737610799398833
351302,NA,NA,NA,NA,NA,NA,NA,-0.325509668379042,1,1,-0.325509668379042,"-0.334142112540009",-0.0790428376355905,0.737610799398833
351303,NA,NA,NA,NA,-0.922609474813977,NA,NA,NA,1,1,-0.922609474813977,"-1.143647351511",-0.0790428376355905,0.737610799398833
351304,NA,NA,NA,NA,NA,NA,NA,NA,0,NA,NA,"NaN",-0.0790428376355905,0.737610799398833
351305,NA,NA,NA,NA,NA,NA,NA,NA,0,NA,NA,"NaN",-0.0790428376355905,0.737610799398833
351306,NA,NA,NA,NA,NA,NA,NA,NA,0,NA,NA,"NaN",-0.0790428376355905,0.737610799398833
351307,NA,NA,NA,NA,-1.17608224760246,NA,NA,-2.65196759691554,2,0.5,-1.914024922259,"-2.4877375522687",-0.0790428376355905,0.737610799398833
351308,NA,NA,NA,NA,NA,NA,NA,NA,0,NA,NA,"NaN",-0.0790428376355905,0.737610799398833
351309,NA,NA,NA,NA,NA,NA,NA,-0.862384574964387,1,1,-0.862384574964387,"-1.06199873695889",-0.0790428376355905,0.737610799398833
351310,NA,NA,NA,NA,-0.669136702025491,NA,NA,-0.862384574964387,2,0.5,-0.765760638494939,"-0.931002910232655",-0.0790428376355905,0.737610799398833
351311,NA,NA,NA,NA,NA,NA,NA,NA,0,NA,NA,"NaN",-0.0790428376355905,0.737610799398833
351312,NA,NA,NA,NA,NA,NA,NA,-0.683426272769272,1,1,-0.683426272769272,"-0.819379862152595",-0.0790428376355905,0.737610799398833
351313,NA,NA,NA,NA,NA,NA,NA,NA,0,NA,NA,"NaN",-0.0790428376355905,0.737610799398833
351314,NA,NA,NA,NA,NA,NA,NA,NA,0,NA,NA,"NaN",-0.0790428376355905,0.737610799398833
351315,NA,NA,NA,NA,-0.524295117574929,NA,NA,0.569281842596533,2,0.5,0.0224933625108021,"0.137655522708109",-0.0790428376355905,0.737610799398833
351316,NA,NA,NA,NA,-1.17608224760246,NA,NA,-1.0413428771595,2,0.5,-1.10871256238098,"-1.39595261564038",-0.0790428376355905,0.737610799398833
351318,NA,NA,NA,NA,-0.99503026703926,NA,NA,-0.325509668379042,2,0.5,-0.660269967709151,"-0.787986198883302",-0.0790428376355905,0.737610799398833
351319,NA,NA,NA,NA,0.525806369691656,NA,NA,0.390323540401418,2,0.5,0.458064955046537,"0.728172354743017",-0.0790428376355905,0.737610799398833
351320,NA,NA,NA,NA,-0.922609474813977,NA,NA,0.0324069360111874,2,0.5,-0.445101269401395,"-0.496275857219212",-0.0790428376355905,0.737610799398833
351321,NA,NA,NA,NA,0.453385577466374,NA,NA,0.211365238206305,2,0.5,0.33237540783634,"0.557771450482075",-0.0790428376355905,0.737610799398833
351322,NA,NA,NA,NA,NA,NA,NA,NA,0,NA,NA,"NaN",-0.0790428376355905,0.737610799398833
351323,NA,NA,NA,NA,0.236123200790529,NA,NA,0.0324069360111874,2,0.5,0.134265068400858,"0.289187612505536",-0.0790428376355905,0.737610799398833
351324,NA,NA,NA,0.217978775824799,0.199912804677888,NA,NA,-0.146551366183927,3,0.333333333333333,0.0904467381062535,"0.229781852272203",-0.0790428376355905,0.737610799398833
351325,NA,NA,NA,NA,NA,NA,NA,NA,0,NA,NA,"NaN",-0.0790428376355905,0.737610799398833
351326,NA,NA,NA,NA,-0.415663929237006,NA,NA,-0.325509668379042,2,0.5,-0.370586798808024,"-0.395254464020927",-0.0790428376355905,0.737610799398833
351327,NA,NA,NA,-0.744900007302553,0.380964785241092,NA,NA,-1.0413428771595,3,0.333333333333333,-0.468426033073654,"-0.527897904634014",-0.0790428376355905,0.737610799398833
351328,NA,NA,NA,NA,NA,NA,NA,-0.146551366183927,1,1,-0.146551366183927,"-0.0915232377337164",-0.0790428376355905,0.737610799398833
351329,NA,NA,NA,NA,NA,NA,NA,NA,0,NA,NA,"NaN",-0.0790428376355905,0.737610799398833
351330,NA,NA,0.113079364326474,-0.332237671676545,-2.18997333875641,NA,NA,-0.862384574964387,4,0.25,-0.817879055267716,"-1.00166133445211",-0.0790428376355905,0.737610799398833
351331,NA,NA,NA,NA,-0.307032740899083,NA,NA,-1.57821778374485,2,0.5,-0.942625262321964,"-1.17078332555626",-0.0790428376355905,0.737610799398833
351332,NA,NA,NA,-1.61607604917968,0.127492012452607,NA,NA,-0.683426272769272,3,0.333333333333333,-0.724003436498782,"-0.874391480424157",-0.0790428376355905,0.737610799398833
351333,NA,NA,-0.275457235480917,0.0345732933243508,-1.53818620872887,NA,NA,0.390323540401418,4,0.25,-0.347186652621005,"-0.363530218380691",-0.0790428376355905,0.737610799398833
351334,NA,NA,0.177835464294372,-1.47852193730435,-0.560505513687569,NA,NA,0.0324069360111874,4,0.25,-0.457196262671589,"-0.512673384587374",-0.0790428376355905,0.737610799398833
351335,NA,NA,-1.37631093493519,-1.06585960167834,-0.488084721462287,NA,NA,-0.146551366183927,4,0.25,-0.769201656064935,"-0.935667995902226",-0.0790428376355905,0.737610799398833
351336,NA,NA,NA,-0.790751377927665,-0.0897703642232385,NA,NA,-0.504467970574157,3,0.333333333333333,-0.46166323757502,"-0.518729389877795",-0.0790428376355905,0.737610799398833
351364,NA,NA,NA,NA,NA,NA,NA,NA,0,NA,NA,"NaN",-0.0790428376355905,0.737610799398833
360001,-0.223006722375001,-0.526305332752297,-0.663993835288308,0.0345732933243508,0.199912804677888,0.433557784406901,-0.423688611959106,0.390323540401418,8,0.125,-0.0973283849455193,"-0.0247902380562105",-0.0790428376355905,0.737610799398833
360002,NA,NA,0.501615964133864,0.676492482075919,0.199912804677888,0.198481617092807,NA,-0.146551366183927,5,0.2,0.28599030035931,"0.494885837209013",-0.0790428376355905,0.737610799398833
360003,0.292152001975297,0.669536052320317,-0.663993835288308,0.0345732933243508,1.35864548028239,0.551095868063948,-1.00587304934557,0.0324069360111874,8,0.125,0.158567843417952,"0.322135577796854",-0.0790428376355905,0.737610799398833
360006,1.66590860024276,1.38704088336389,-1.24679873499939,0.630641111450807,0.163702408565247,0.0221744916072371,0.377300502784609,1.10615674918188,8,0.125,0.513265751524628,"0.803009649049284",-0.0790428376355905,0.737610799398833
360008,-3.31395906847678,0.0716153597840098,0.307347664230169,0.263830146449911,-0.524295117574929,-2.73997047433336,0.48432922070295,-1.0413428771595,8,0.125,-0.811555643297192,"-0.993088504477718",-0.0790428376355905,0.737610799398833
360009,0.20629221458358,0.90870432933484,-1.0525304350957,0.355532887700135,0.0550712202273249,0.551095868063948,-0.356364095849182,-1.0413428771595,8,0.125,-0.0466926110243192,"0.0438581249591754",-0.0790428376355905,0.737610799398833
360010,NA,NA,-0.923018235159901,-1.02000823105323,-0.850188682588695,0.786172035378042,NA,0.748240144791648,5,0.2,-0.251760593726426,"-0.234158388450392",-0.0790428376355905,0.737610799398833
360011,2.18106732459305,NA,0.566372064101763,-0.0571294479258733,0.344754389128452,1.66770766280589,-1.43959829736143,0.390323540401418,7,0.142857142857143,0.521928176534754,"0.814753545718348",-0.0790428376355905,0.737610799398833
360012,-0.738165446725299,NA,-0.275457235480917,-1.38681919605412,-0.777767890363414,0.0221744916072371,0.048877703043247,0.569281842596533,7,0.142857142857143,-0.362553675910962,"-0.384363730176454",-0.0790428376355905,0.737610799398833
360013,0.292152001975297,NA,-0.0164328356093239,-1.89118427293035,-0.270822344786443,-1.44705155410585,NA,-0.683426272769272,6,0.166666666666667,-0.669460879704324,"-0.800446580432303",-0.0790428376355905,0.737610799398833
360014,NA,NA,0.566372064101763,0.905749335201479,1.32243508416975,-0.565515926677996,NA,0.390323540401418,5,0.2,0.523872819439283,"0.817389953572076",-0.0790428376355905,0.737610799398833
360016,0.463871576758728,-0.287137055737774,1.08442086384495,1.59351989457816,0.815489538592783,-0.506746884849472,0.658682454731217,0.927198446986763,8,0.125,0.593662354363169,"0.912005616711452",-0.0790428376355905,0.737610799398833
360017,-1.08160459629216,0.0716153597840098,0.24259156426227,0.905749335201479,-0.0897703642232385,-0.565515926677996,-1.23028810304532,0.211365238206305,8,0.125,-0.191982186598081,"-0.153115096816015",-0.0790428376355905,0.737610799398833
360020,1.23660966328417,0.310783636798532,-0.793506035224105,0.263830146449911,0.924120726930704,0.316019700749854,2.33618498113683,1.46407335357211,8,0.125,0.757264521712251,"1.13380574149599",-0.0790428376355905,0.737610799398833
360025,-0.824025234117015,NA,0.372103764198067,-1.11171097230345,0.0912816163399657,0.786172035378042,NA,-1.39925948154973,6,0.166666666666667,-0.347573045342354,"-0.364054062014304",-0.0790428376355905,0.737610799398833
360026,NA,NA,NA,0.814046593951255,1.06896231138127,NA,NA,0.569281842596533,3,0.333333333333333,0.817430249309685,"1.21537413453805",-0.0790428376355905,0.737610799398833
360027,0.549731364150444,1.0282884678421,1.40820136368444,1.08915481770193,1.14138310360655,0.609864909892471,1.90418600276482,2.35886486454768,8,0.125,1.2612093617738,"1.81701813544721",-0.0790428376355905,0.737610799398833
360029,NA,NA,NA,-0.194683559801209,-1.28471343594039,NA,NA,-1.22030117935462,3,0.333333333333333,-0.899899391698737,"-1.1128586440602",-0.0790428376355905,0.737610799398833
360032,NA,NA,0.566372064101763,-1.15756234292856,0.236123200790529,-0.0365945502212864,NA,-0.146551366183927,5,0.2,-0.107642598888296,"-0.0387735120961015",-0.0790428376355905,0.737610799398833
360035,-0.223006722375001,-0.645889471259559,-0.728749935256206,0.126276034574575,-0.813978286476055,-0.0365945502212864,0.347522351428297,0.569281842596533,8,0.125,-0.175642342123588,"-0.130962703592095",-0.0790428376355905,0.737610799398833
360036,-0.738165446725299,NA,-0.404969435416714,-0.469791783551881,-0.63292630591285,0.0221744916072371,NA,-1.39925948154973,6,0.166666666666667,-0.60382299359154,"-0.711459426005768",-0.0790428376355905,0.737610799398833
360039,1.58004881285104,0.0716153597840098,0.113079364326474,-0.423940412926769,0.344754389128452,1.08001724452066,0.708312706991737,-0.325509668379042,8,0.125,0.39354722453707,"0.640703827218677",-0.0790428376355905,0.737610799398833
360040,-0.909885021508731,NA,1.53771356362024,-0.194683559801209,-0.958819870926618,NA,NA,-1.0413428771595,5,0.2,-0.313403553155164,"-0.317729506822002",-0.0790428376355905,0.737610799398833
360041,-0.48058608455015,0.310783636798532,0.24259156426227,-0.607345895427217,0.996541519155986,-0.212901675706857,0.338027868387154,-0.325509668379042,8,0.125,0.0327001580675846,"0.151493166578157",-0.0790428376355905,0.737610799398833
360046,NA,NA,0.566372064101763,-0.378089042301657,0.0550712202273249,NA,NA,-0.146551366183927,4,0.25,0.024200718960876,"0.139970234547287",-0.0790428376355905,0.737610799398833
360048,0.0345726398001479,-0.885057748274082,0.69588426403756,0.126276034574575,0.199912804677888,0.139712575264284,0.39801573851074,-0.862384574964387,8,0.125,-0.0191335332966594,"0.0812207527164168",-0.0790428376355905,0.737610799398833
360051,0.463871576758728,1.14787260634936,0.890152563941255,1.13500618832704,1.03275191526863,-0.506746884849472,-0.0814556550669904,1.64303165576722,8,0.125,0.715560495811971,"1.07726640403744",-0.0790428376355905,0.737610799398833
360054,0.0345726398001479,NA,-0.275457235480917,0.584789740825695,0.598227161916937,-0.212901675706857,NA,-0.683426272769272,6,0.166666666666667,0.00763405976428917,"0.11751034213507",-0.0790428376355905,0.737610799398833
360055,0.20629221458358,NA,0.760640364005458,0.126276034574575,-0.488084721462287,0.0809435334357605,0.078224286988599,-1.0413428771595,7,0.142857142857143,-0.0395787378619737,"0.0535026057180572",-0.0790428376355905,0.737610799398833
360056,0.292152001975297,0.191199498291271,-0.663993835288308,-0.790751377927665,-0.0535599681105977,0.727402993549518,0.0160785798102074,0.748240144791648,8,0.125,0.0583460046364213,"0.186261972281298",-0.0790428376355905,0.737610799398833
360058,NA,NA,0.177835464294372,0.309681517075023,-0.524295117574929,-1.09443730313471,NA,-0.683426272769272,5,0.2,-0.362928342421902,"-0.384871676252143",-0.0790428376355905,0.737610799398833
360059,0.378011789367012,NA,0.372103764198067,1.18085755895215,1.43106627250768,-0.683054010335044,-1.03780903775669,-0.146551366183927,7,0.142857142857143,0.213517852964179,"0.396632873106266",-0.0790428376355905,0.737610799398833
360064,1.32246945067589,0.310783636798532,1.01966476387705,0.814046593951255,-0.560505513687569,0.198481617092807,1.71559104417484,0.390323540401418,8,0.125,0.651356891660528,"0.990223746576661",-0.0790428376355905,0.737610799398833
360065,-0.394726297158433,NA,-0.404969435416714,-0.882454119177889,1.39485587639504,-0.97689921947766,NA,-0.325509668379042,6,0.166666666666667,-0.26495047720245,"-0.252040289700718",-0.0790428376355905,0.737610799398833
360066,-0.223006722375001,0.191199498291271,-0.14594503554512,0.951600705826591,-0.379453533124364,-0.800592093992089,0.500297214908509,1.82198995796234,8,0.125,0.239511248994017,"0.431872861527021",-0.0790428376355905,0.737610799398833
360068,0.549731364150444,1.26745674485662,-0.340213335448815,0.676492482075919,0.924120726930704,1.49140053732032,0.366511317510583,-0.146551366183927,8,0.125,0.598618558901482,"0.918724884572432",-0.0790428376355905,0.737610799398833
360070,-0.566445871941866,0.191199498291271,1.14917696381285,0.905749335201479,-0.0535599681105977,0.844941077206565,0.578842483703421,0.748240144791648,8,0.125,0.474767957869346,"0.750817092098303",-0.0790428376355905,0.737610799398833
360071,NA,NA,NA,-0.102980818550985,0.27233359690317,NA,NA,-0.146551366183927,3,0.333333333333333,0.00760047072275292,"0.117464804513382",-0.0790428376355905,0.737610799398833
360072,-1.76848289542589,-0.765473609766821,-0.275457235480917,-0.836602748552777,-0.270822344786443,-0.97689921947766,0.54949589975807,0.0324069360111874,8,0.125,-0.538979402215156,"-0.623549119609451",-0.0790428376355905,0.737610799398833
360075,-0.738165446725299,NA,0.69588426403756,-0.561494524802105,0.924120726930704,0.433557784406901,NA,0.0324069360111874,6,0.166666666666667,0.131051623309825,"0.284831053336863",-0.0790428376355905,0.737610799398833
360076,1.75176838763447,-0.287137055737774,-0.0164328356093239,-1.24926508417879,0.27233359690317,0.609864909892471,-0.486265886548458,0.0324069360111874,8,0.125,0.0784091210458698,"0.213462111468252",-0.0790428376355905,0.737610799398833
360077,2.69622604894335,1.0282884678421,1.99100626339553,1.77692537707861,1.97422221419729,-0.0365945502212864,0.0665719668926513,1.82198995796234,8,0.125,1.41482946826132,"2.02528529559823",-0.0790428376355905,0.737610799398833
360078,-1.33918395846731,NA,0.307347664230169,1.45596578270282,-0.813978286476055,1.13878628634918,NA,0.211365238206305,6,0.166666666666667,0.160050454424185,"0.324145595827286",-0.0790428376355905,0.737610799398833
360079,0.807310726325593,1.0282884678421,0.69588426403756,-0.0112780773007613,0.127492012452607,-1.56458963776289,0.0518986749199754,0.569281842596533,8,0.125,0.213036034138839,"0.395979657581586",-0.0790428376355905,0.737610799398833
360080,NA,NA,-0.728749935256206,-0.194683559801209,-2.11755254653112,NA,NA,-1.0413428771595,4,0.25,-1.02058222968701,"-1.27647180982002",-0.0790428376355905,0.737610799398833
360082,NA,NA,1.08442086384495,1.08915481770193,0.489595973579015,1.08001724452066,NA,0.748240144791648,5,0.2,0.89828580888764,"1.3249923229429",-0.0790428376355905,0.737610799398833
360084,1.58004881285104,1.14787260634936,0.69588426403756,1.27256030020237,-0.705347098138132,-0.44797784302095,-0.543232784795318,-0.862384574964387,8,0.125,0.267177960315194,"0.469381411217082",-0.0790428376355905,0.737610799398833
360085,-0.738165446725299,0.549951913813056,1.40820136368444,1.04330344707681,1.93801181808465,1.25632437000623,-0.805625770659638,0.390323540401418,8,0.125,0.630290654460209,"0.96166364792099",-0.0790428376355905,0.737610799398833
360086,1.75176838763447,0.669536052320317,0.69588426403756,0.814046593951255,0.489595973579015,0.903710119035088,1.78593653216149,0.927198446986763,8,0.125,1.00470954621324,"1.46927401921462",-0.0790428376355905,0.737610799398833
360087,NA,NA,NA,0.355532887700135,0.0912816163399657,NA,NA,0.390323540401418,3,0.333333333333333,0.279046014813839,"0.485471271219564",-0.0790428376355905,0.737610799398833
360089,NA,NA,-0.210701135513018,0.447235628950359,-0.270822344786443,NA,NA,-0.862384574964387,4,0.25,-0.224168106578372,"-0.196750466588968",-0.0790428376355905,0.737610799398833
360091,-0.308866509766717,NA,1.40820136368444,1.50181715332793,1.68453904529616,0.551095868063948,0.296165829523932,1.46407335357211,7,0.142857142857143,0.94243230052883,"1.38484298087412",-0.0790428376355905,0.737610799398833
360092,NA,NA,0.436859864165966,-0.423940412926769,0.525806369691656,NA,NA,1.10615674918188,4,0.25,0.411220642528183,"0.664664184097287",-0.0790428376355905,0.737610799398833
360095,-2.11192204499276,0.669536052320317,-0.923018235159901,-1.98288701418058,-0.270822344786443,-2.79873951616188,-1.35242168034729,-0.146551366183927,8,0.125,-1.11460326868656,"-1.40393881420252",-0.0790428376355905,0.737610799398833
360096,-0.0512871475915684,NA,0.954908663909153,1.59351989457816,1.97422221419729,0.374788742578378,NA,1.82198995796234,6,0.166666666666667,1.11135705427229,"1.6138590878524",-0.0790428376355905,0.737610799398833
360098,-0.223006722375001,0.430367775305794,0.69588426403756,-0.194683559801209,-0.125980760335879,-0.0365945502212864,-1.51986983580018,0.569281842596533,8,0.125,-0.0505751933242089,"0.0385943973903083",-0.0790428376355905,0.737610799398833
360107,NA,NA,-0.210701135513018,-0.286386301051433,-0.270822344786443,NA,NA,0.390323540401418,4,0.25,-0.0943965602373691,"-0.0208154796734161",-0.0790428376355905,0.737610799398833
360109,NA,NA,NA,0.814046593951255,0.0550712202273249,NA,NA,0.0324069360111874,3,0.333333333333333,0.300508250063256,"0.514568235725653",-0.0790428376355905,0.737610799398833
360112,0.721450938933877,0.310783636798532,-0.9877743351278,-0.0112780773007613,0.127492012452607,0.903710119035088,-0.714565046946857,0.569281842596533,8,0.125,0.114887636305152,"0.262917075100853",-0.0790428376355905,0.737610799398833
360118,1.15074987589246,-0.885057748274082,1.47295746365234,1.08915481770193,0.887910330818063,0.551095868063948,-0.468571622699055,0.211365238206305,8,0.125,0.501200527920238,"0.786652481266188",-0.0790428376355905,0.737610799398833
360121,0.979030301109026,NA,-0.275457235480917,0.0804246639494628,-1.79165898151736,NA,NA,-0.504467970574157,5,0.2,-0.302425844502788,"-0.302846714079104",-0.0790428376355905,0.737610799398833
360123,-0.566445871941866,NA,0.372103764198067,0.126276034574575,0.670647954142219,-0.0953635920498098,1.07816597818536,0.0324069360111874,7,0.142857142857143,0.231113029017105,"0.420487155157541",-0.0790428376355905,0.737610799398833
360125,0.20629221458358,NA,-0.404969435416714,0.355532887700135,0.27233359690317,0.257250658921331,NA,-1.75717608593996,6,0.166666666666667,-0.178456027208077,"-0.134777296717333",-0.0790428376355905,0.737610799398833
360131,NA,NA,-0.210701135513018,0.493086999575471,0.344754389128452,NA,NA,-0.146551366183927,4,0.25,0.120147221751744,"0.270047645112678",-0.0790428376355905,0.737610799398833
360132,-0.995744808900447,NA,-0.275457235480917,-0.194683559801209,-0.0173495719979558,0.0221744916072371,0.486055490346795,0.748240144791648,7,0.142857142857143,-0.0323950070621212,"0.0632417944686929",-0.0790428376355905,0.737610799398833
360133,1.49418902545932,-0.287137055737774,0.69588426403756,0.309681517075023,1.39485587639504,0.316019700749854,-0.623072755823113,1.28511505137699,8,0.125,0.573191952941613,"0.884253309616382",-0.0790428376355905,0.737610799398833
360134,-0.652305659333582,NA,-0.340213335448815,1.63937126520327,0.380964785241092,-0.212901675706857,0.749311611033038,0.211365238206305,7,0.142857142857143,0.253656032742064,"0.451049348313245",-0.0790428376355905,0.737610799398833
360137,-0.0512871475915684,1.38704088336389,0.760640364005458,1.50181715332793,0.0550712202273249,-1.56458963776289,0.462750850154898,0.390323540401418,8,0.125,0.367720903265807,"0.605690346813683",-0.0790428376355905,0.737610799398833
360143,NA,NA,0.0483232643585746,0.951600705826591,0.960331123043346,1.1975553281777,NA,1.82198995796234,5,0.2,0.995960075873711,"1.45741211270964",-0.0790428376355905,0.737610799398833
360144,NA,NA,1.53771356362024,1.3642630414526,1.97422221419729,0.668633951720995,NA,1.64303165576722,5,0.2,1.43757288535167,"2.05611919486988",-0.0790428376355905,0.737610799398833
360145,1.40832923806761,0.0716153597840098,0.631128164069661,0.401384258325247,0.960331123043346,0.551095868063948,0.368237587154427,-0.146551366183927,8,0.125,0.53069627904054,"0.826640712382573",-0.0790428376355905,0.737610799398833
360147,-0.738165446725299,-1.1242260252886,1.73198186352393,0.0345732933243508,0.417175181353733,-1.44705155410585,-0.176400485478423,-0.146551366183927,8,0.125,-0.18108306744751,"-0.138338850102363",-0.0790428376355905,0.737610799398833
360148,NA,NA,NA,-1.38681919605412,-0.922609474813977,NA,NA,-0.146551366183927,3,0.333333333333333,-0.818660012350675,"-1.00272010024512",-0.0790428376355905,0.737610799398833
360150,NA,NA,-0.9877743351278,0.217978775824799,0.489595973579015,-0.389208801192427,NA,-0.504467970574157,5,0.2,-0.234775271498114,"-0.211130902624322",-0.0790428376355905,0.737610799398833
360152,0.120432427191864,NA,0.501615964133864,0.997452076451703,-0.125980760335879,-0.44797784302095,0.429520159510897,0.390323540401418,7,0.142857142857143,0.266483652047559,"0.468440117694536",-0.0790428376355905,0.737610799398833
360155,0.635591151542161,NA,1.27868916374865,0.447235628950359,0.924120726930704,-0.683054010335044,0.748016908800155,0.748240144791648,7,0.142857142857143,0.585548530632661,"0.901005474445204",-0.0790428376355905,0.737610799398833
360156,NA,NA,-0.534481635352511,-0.102980818550985,-0.669136702025491,0.844941077206565,NA,-0.504467970574157,5,0.2,-0.193225209859316,"-0.154800298906667",-0.0790428376355905,0.737610799398833
360159,-0.652305659333582,-0.406721194245036,-0.599237735320409,-0.0571294479258733,-0.0535599681105977,0.786172035378042,-0.311049517698271,0.569281842596533,8,0.125,-0.0905687055823993,"-0.015625947933792",-0.0790428376355905,0.737610799398833
360161,-0.738165446725299,NA,1.47295746365234,0.447235628950359,0.236123200790529,-0.0953635920498098,NA,0.390323540401418,6,0.166666666666667,0.28551846583659,"0.49424615768818",-0.0790428376355905,0.737610799398833
360163,0.292152001975297,0.789120190827578,-0.923018235159901,0.722343852701031,0.960331123043346,1.08001724452066,-0.374058359698585,0.211365238206305,8,0.125,0.344781632051966,"0.574590922520361",-0.0790428376355905,0.737610799398833
360170,NA,NA,-0.210701135513018,-1.52437330792946,0.0912816163399657,NA,NA,-0.325509668379042,4,0.25,-0.492325623870388,"-0.560299261577556",-0.0790428376355905,0.737610799398833
360172,-1.42504374585903,NA,-0.0811889355772215,0.217978775824799,-0.0535599681105977,-0.565515926677996,0.839077632512936,-0.146551366183927,7,0.142857142857143,-0.173543362010148,"-0.128117056382007",-0.0790428376355905,0.737610799398833
360174,-0.223006722375001,NA,0.501615964133864,-0.836602748552777,0.7430687463675,1.60893862097737,NA,-0.146551366183927,6,0.166666666666667,0.274577082394505,"0.479412612068997",-0.0790428376355905,0.737610799398833
360175,0.463871576758728,NA,-0.923018235159901,0.126276034574575,-0.99503026703926,-0.741823052163566,NA,-1.39925948154973,6,0.166666666666667,-0.578163904096526,"-0.676672666489873",-0.0790428376355905,0.737610799398833
360179,0.120432427191864,0.0716153597840098,-0.9877743351278,0.217978775824799,-0.850188682588695,0.257250658921331,0.290123885770476,-0.325509668379042,8,0.125,-0.150758947325382,"-0.0972275755022046",-0.0790428376355905,0.737610799398833
360180,2.00934774980962,1.98496157590019,0.631128164069661,2.18958771270461,1.5396974608456,1.84401478829146,0.0941922811941582,3.25365637552326,8,0.125,1.69332326354232,"2.4028472774835",-0.0790428376355905,0.737610799398833
360185,NA,NA,0.69588426403756,0.263830146449911,0.236123200790529,-0.0953635920498098,NA,0.0324069360111874,5,0.2,0.226576191047875,"0.414336434516077",-0.0790428376355905,0.737610799398833
360189,NA,NA,NA,-0.102980818550985,-0.234611948673802,NA,NA,-0.683426272769272,3,0.333333333333333,-0.340339679998019,"-0.354247582295963",-0.0790428376355905,0.737610799398833
360197,-0.738165446725299,NA,0.436859864165966,0.172127405199687,-0.270822344786443,NA,NA,0.390323540401418,5,0.2,-0.00193539634893408,"0.104536757527819",-0.0790428376355905,0.737610799398833
360203,NA,NA,0.372103764198067,0.951600705826591,-0.0535599681105977,NA,NA,-1.57821778374485,4,0.25,-0.0770183204576965,"0.00274469568442331",-0.0790428376355905,0.737610799398833
360210,NA,NA,-0.599237735320409,-0.332237671676545,0.598227161916937,NA,NA,-1.0413428771595,4,0.25,-0.34364778055988,"-0.358732468586343",-0.0790428376355905,0.737610799398833
360211,-0.738165446725299,-0.167552917230512,-1.24679873499939,-0.332237671676545,0.380964785241092,-0.800592093992089,1.40140996899519,0.211365238206305,8,0.125,-0.161450859022656,"-0.111722905161137",-0.0790428376355905,0.737610799398833
360218,0.721450938933877,NA,0.24259156426227,-0.0112780773007613,-0.343243137011723,-0.212901675706857,0.346659216606374,-1.57821778374485,7,0.142857142857143,-0.119276993423095,"-0.0545465926207917",-0.0790428376355905,0.737610799398833
360230,1.40832923806761,0.789120190827578,0.436859864165966,1.59351989457816,2.19148459087313,1.13878628634918,0.647030134635268,2.71678146893791,8,0.125,1.36523895855435,"1.95805402709269",-0.0790428376355905,0.737610799398833
360234,0.463871576758728,NA,0.631128164069661,0.309681517075023,1.17759349971919,0.374788742578378,-0.674429277727478,1.46407335357211,7,0.142857142857143,0.535243939435087,"0.832806105294734",-0.0790428376355905,0.737610799398833
360236,NA,NA,1.08442086384495,0.768195223326143,0.851699934705422,NA,NA,1.28511505137699,4,0.25,0.997357768313377,"1.4593070042172",-0.0790428376355905,0.737610799398833
360239,NA,NA,-0.534481635352511,0.493086999575471,0.380964785241092,0.374788742578378,NA,0.927198446986763,5,0.2,0.328311467805839,"0.552261851064858",-0.0790428376355905,0.737610799398833
360245,NA,NA,NA,NA,NA,NA,NA,0.569281842596533,1,1,0.569281842596533,"0.878952261491454",-0.0790428376355905,0.737610799398833
360259,0.89317051371731,NA,0.631128164069661,-0.102980818550985,-0.524295117574929,NA,NA,-0.683426272769272,5,0.2,0.0427192937783571,"0.16507639464225",-0.0790428376355905,0.737610799398833
360263,NA,NA,NA,NA,NA,NA,NA,0.569281842596533,1,1,0.569281842596533,"0.878952261491454",-0.0790428376355905,0.737610799398833
360266,NA,NA,NA,NA,NA,NA,NA,0.0324069360111874,1,1,0.0324069360111874,"0.151095637072575",-0.0790428376355905,0.737610799398833
360270,NA,NA,1.34344526371654,-0.102980818550985,0.525806369691656,NA,NA,0.0324069360111874,4,0.25,0.4496694377171,"0.716790312429809",-0.0790428376355905,0.737610799398833
360276,0.807310726325593,NA,-0.534481635352511,1.59351989457816,-0.343243137011723,0.374788742578378,0.215894291085175,0.748240144791648,7,0.142857142857143,0.408861289570674,"0.661465541995746",-0.0790428376355905,0.737610799398833
360348,-0.48058608455015,NA,1.08442086384495,-1.43267056667923,0.27233359690317,0.668633951720995,-0.241567164533542,0.390323540401418,7,0.142857142857143,0.0372697338725155,"0.15768827083728",-0.0790428376355905,0.737610799398833
360351,NA,NA,NA,NA,NA,NA,NA,1.10615674918188,1,1,1.10615674918188,"1.60680888591033",-0.0790428376355905,0.737610799398833
360352,NA,NA,NA,NA,NA,NA,NA,0.211365238206305,1,1,0.211365238206305,"0.393714511878871",-0.0790428376355905,0.737610799398833
360354,0.292152001975297,NA,-0.275457235480917,0.493086999575471,-0.488084721462287,1.90278383011999,NA,0.390323540401418,6,0.166666666666667,0.385800735854828,"0.630201691555051",-0.0790428376355905,0.737610799398833
360355,NA,NA,NA,NA,NA,NA,NA,0.211365238206305,1,1,0.211365238206305,"0.393714511878871",-0.0790428376355905,0.737610799398833
360358,NA,NA,NA,NA,NA,NA,NA,NA,0,NA,NA,"NaN",-0.0790428376355905,0.737610799398833
360359,0.0345726398001479,0.90870432933484,0.436859864165966,1.18085755895215,1.10517270749391,0.0809435334357605,-0.662345390220569,0.211365238206305,8,0.125,0.412016310146064,"0.665742893382088",-0.0790428376355905,0.737610799398833
360360,1.75176838763447,NA,0.372103764198067,0.0345732933243508,0.670647954142219,-0.389208801192427,1.33538015511815,0.748240144791648,7,0.142857142857143,0.646214985430925,"0.983252717635933",-0.0790428376355905,0.737610799398833
360361,NA,NA,NA,NA,NA,NA,NA,NA,0,NA,NA,"NaN",-0.0790428376355905,0.737610799398833
360364,0.549731364150444,NA,0.890152563941255,1.59351989457816,1.79317023363408,0.903710119035088,NA,2.00094826015745,6,0.166666666666667,1.28853873924941,"1.85406935202089",-0.0790428376355905,0.737610799398833
360365,-0.824025234117015,NA,-0.14594503554512,0.997452076451703,0.851699934705422,0.0809435334357605,NA,-0.504467970574157,6,0.166666666666667,0.0759428840594324,"0.210118563639984",-0.0790428376355905,0.737610799398833
360367,NA,NA,NA,NA,NA,NA,NA,0.211365238206305,1,1,0.211365238206305,"0.393714511878871",-0.0790428376355905,0.737610799398833
360368,NA,NA,0.631128164069661,0.263830146449911,0.815489538592783,0.844941077206565,NA,0.927198446986763,5,0.2,0.696517474661137,"1.05144923708929",-0.0790428376355905,0.737610799398833
360374,NA,NA,NA,NA,NA,NA,NA,0.211365238206305,1,1,0.211365238206305,"0.393714511878871",-0.0790428376355905,0.737610799398833
361300,NA,NA,NA,NA,-0.705347098138132,NA,NA,-0.683426272769272,2,0.5,-0.694386685453702,"-0.834239206258407",-0.0790428376355905,0.737610799398833
361302,NA,NA,NA,NA,NA,NA,NA,NA,0,NA,NA,"NaN",-0.0790428376355905,0.737610799398833
361303,NA,NA,NA,NA,NA,NA,NA,NA,0,NA,NA,"NaN",-0.0790428376355905,0.737610799398833
361304,NA,NA,NA,NA,-0.379453533124364,NA,NA,NA,1,1,-0.379453533124364,"-0.407275348644047",-0.0790428376355905,0.737610799398833
361306,NA,NA,0.372103764198067,0.355532887700135,0.344754389128452,NA,NA,0.569281842596533,4,0.25,0.410418220905797,"0.663576318215931",-0.0790428376355905,0.737610799398833
361307,NA,NA,0.631128164069661,0.859897964576367,1.14138310360655,-0.506746884849472,NA,0.569281842596533,5,0.2,0.538988837999927,"0.83788317109677",-0.0790428376355905,0.737610799398833
361308,NA,NA,0.501615964133864,-0.744900007302553,0.779279142480142,NA,NA,0.0324069360111874,4,0.25,0.14210050883066,"0.299810342590546",-0.0790428376355905,0.737610799398833
361309,NA,NA,-1.70009143477468,-1.66192741980479,-0.777767890363414,NA,NA,-0.146551366183927,4,0.25,-1.0715845277817,"-1.34561708011197",-0.0790428376355905,0.737610799398833
361310,NA,NA,NA,NA,-0.451874325349647,NA,NA,-0.325509668379042,2,0.5,-0.388691996864344,"-0.419800197449826",-0.0790428376355905,0.737610799398833
361311,NA,NA,NA,NA,NA,NA,NA,0.390323540401418,1,1,0.390323540401418,"0.636333386685161",-0.0790428376355905,0.737610799398833
361312,NA,NA,0.890152563941255,0.0804246639494628,-0.270822344786443,NA,NA,0.0324069360111874,4,0.25,0.183040454778866,"0.355313795063818",-0.0790428376355905,0.737610799398833
361313,NA,NA,NA,NA,NA,NA,NA,-0.862384574964387,1,1,-0.862384574964387,"-1.06199873695889",-0.0790428376355905,0.737610799398833
361314,NA,NA,-0.793506035224105,-0.744900007302553,-0.125980760335879,NA,NA,-1.0413428771595,4,0.25,-0.67643242000551,"-0.809898096471477",-0.0790428376355905,0.737610799398833
361315,NA,NA,NA,NA,0.199912804677888,NA,NA,0.211365238206305,2,0.5,0.205639021442097,"0.385951316479786",-0.0790428376355905,0.737610799398833
361316,NA,NA,NA,NA,-1.53818620872887,NA,NA,-0.862384574964387,2,0.5,-1.20028539184663,"-1.52010051252622",-0.0790428376355905,0.737610799398833
361318,NA,NA,-0.340213335448815,0.676492482075919,0.598227161916937,NA,NA,0.390323540401418,4,0.25,0.331207462236365,"0.556188033318271",-0.0790428376355905,0.737610799398833
361319,NA,NA,NA,NA,NA,NA,NA,0.927198446986763,1,1,0.927198446986763,"1.36419001110404",-0.0790428376355905,0.737610799398833
361320,NA,NA,0.307347664230169,NA,-0.63292630591285,NA,NA,0.0324069360111874,3,0.333333333333333,-0.0977239018904981,"-0.025326451660053",-0.0790428376355905,0.737610799398833
361321,NA,NA,NA,NA,-1.64681739706679,NA,NA,-0.325509668379042,2,0.5,-0.986163532722917,"-1.22980940060347",-0.0790428376355905,0.737610799398833
361322,NA,NA,NA,NA,NA,NA,NA,NA,0,NA,NA,"NaN",-0.0790428376355905,0.737610799398833
361323,NA,NA,NA,NA,-1.57439660484151,NA,NA,-0.146551366183927,2,0.5,-0.860473985512719,"-1.05940849634253",-0.0790428376355905,0.737610799398833
361324,NA,NA,NA,0.676492482075919,0.924120726930704,NA,NA,0.569281842596533,3,0.333333333333333,0.723298350534385,"1.08775683439545",-0.0790428376355905,0.737610799398833
361325,-0.566445871941866,NA,NA,-2.30384660855636,-0.415663929237006,NA,NA,-1.75717608593996,4,0.25,-1.2607831239188,"-1.60211901350461",-0.0790428376355905,0.737610799398833
361326,NA,NA,0.307347664230169,-0.286386301051433,0.127492012452607,NA,NA,-0.325509668379042,4,0.25,-0.0442640731869248,"0.047150562975774",-0.0790428376355905,0.737610799398833
361327,NA,NA,NA,NA,NA,NA,NA,NA,0,NA,NA,"NaN",-0.0790428376355905,0.737610799398833
361328,NA,NA,0.631128164069661,0.172127405199687,-1.61060700095415,NA,NA,-0.325509668379042,4,0.25,-0.283215275015961,"-0.276802397072786",-0.0790428376355905,0.737610799398833
361329,NA,NA,0.372103764198067,-0.240534930426321,0.996541519155986,NA,NA,0.0324069360111874,4,0.25,0.29012932223473,"0.500497227224985",-0.0790428376355905,0.737610799398833
361330,NA,NA,NA,NA,0.851699934705422,NA,NA,0.748240144791648,2,0.5,0.799970039748535,"1.19170283040939",-0.0790428376355905,0.737610799398833
361331,NA,NA,NA,-0.286386301051433,0.670647954142219,NA,NA,0.569281842596533,3,0.333333333333333,0.317847831895773,"0.538076001401874",-0.0790428376355905,0.737610799398833
361332,NA,NA,0.501615964133864,0.217978775824799,0.7430687463675,NA,NA,-0.325509668379042,4,0.25,0.28428845448678,"0.492578596216992",-0.0790428376355905,0.737610799398833
361333,NA,NA,-2.34765243445367,-0.974156860428112,-0.415663929237006,NA,NA,-1.39925948154973,4,0.25,-1.28418317641713,"-1.63384313212842",-0.0790428376355905,0.737610799398833
361334,NA,NA,NA,NA,-0.307032740899083,NA,NA,0.390323540401418,2,0.5,0.0416453997511675,"0.163620485878354",-0.0790428376355905,0.737610799398833
361335,NA,NA,-0.340213335448815,-0.286386301051433,-3.05902284545979,-1.21197538679175,NA,-0.504467970574157,5,0.2,-1.08041316786519,"-1.35758631929703",-0.0790428376355905,0.737610799398833
370001,0.0345726398001479,0.669536052320317,0.372103764198067,0.447235628950359,-1.28471343594039,-1.79966580507699,-0.135833148848084,0.569281842596533,8,0.125,-0.140935307750004,"-0.0839093871251034",-0.0790428376355905,0.737610799398833
370002,NA,NA,0.501615964133864,-0.332237671676545,-1.2122926437151,NA,NA,0.211365238206305,4,0.25,-0.20788727826287,"-0.17467808325514",-0.0790428376355905,0.737610799398833
370004,NA,NA,-0.404969435416714,-2.02873838480569,-0.850188682588695,NA,NA,-1.39925948154973,4,0.25,-1.17078899609021,"-1.48011140745826",-0.0790428376355905,0.737610799398833
370006,NA,NA,-0.210701135513018,0.676492482075919,-2.08134215041848,-0.212901675706857,NA,-2.11509269033019,5,0.2,-0.788709033978526,"-0.962114704558729",-0.0790428376355905,0.737610799398833
370008,-1.33918395846731,-0.645889471259559,-2.99521343413265,-1.47852193730435,0.598227161916937,-1.09443730313471,-0.948906151098708,-2.29405099252531,8,0.125,-1.27474701075071,"-1.62105025318181",-0.0790428376355905,0.737610799398833
370013,NA,NA,0.501615964133864,-0.836602748552777,0.018860824114684,0.551095868063948,0.537412012251161,-0.325509668379042,6,0.166666666666667,0.0744787086053063,"0.20813353921339",-0.0790428376355905,0.737610799398833
370014,-1.85434268281761,NA,0.566372064101763,0.0804246639494628,-0.0535599681105977,0.198481617092807,NA,-0.683426272769272,6,0.166666666666667,-0.291008429758908,"-0.287367799245989",-0.0790428376355905,0.737610799398833
370015,NA,NA,NA,0.493086999575471,1.46727666862032,NA,NA,0.211365238206305,3,0.333333333333333,0.723909635467364,"1.08858557081509",-0.0790428376355905,0.737610799398833
370016,0.549731364150444,NA,-1.50582313487099,-1.79948153168013,-0.596715909800209,-0.683054010335044,NA,-1.39925948154973,6,0.166666666666667,-0.90576711734761,"-1.12081368709056",-0.0790428376355905,0.737610799398833
370018,-1.08160459629216,NA,-2.08862803458207,-2.71650894418237,0.0550712202273249,-1.50582059593437,-0.405562780698742,-1.39925948154973,7,0.142857142857143,-1.30604474471602,"-1.66348148384007",-0.0790428376355905,0.737610799398833
370019,NA,NA,NA,-1.2951164548039,0.236123200790529,NA,NA,-0.146551366183927,3,0.333333333333333,-0.401848206732432,"-0.437636446429382",-0.0790428376355905,0.737610799398833
370020,NA,NA,0.372103764198067,0.859897964576367,1.03275191526863,0.374788742578378,NA,0.927198446986763,5,0.2,0.71334816672164,"1.07426708638627",-0.0790428376355905,0.737610799398833
370022,NA,NA,-0.404969435416714,-0.790751377927665,-0.596715909800209,0.433557784406901,NA,-1.0413428771595,5,0.2,-0.480044363179438,"-0.543649206154074",-0.0790428376355905,0.737610799398833
370023,-0.223006722375001,NA,0.113079364326474,0.355532887700135,0.380964785241092,-0.0365945502212864,0.0173732820430906,0.390323540401418,7,0.142857142857143,0.142524655302275,"0.300385370060263",-0.0790428376355905,0.737610799398833
370025,0.463871576758728,NA,2.18527456329922,1.27256030020237,1.06896231138127,1.4326314954918,1.06608209067845,1.64303165576722,7,0.142857142857143,1.3046305705113,"1.87588550665826",-0.0790428376355905,0.737610799398833
370026,-0.48058608455015,NA,-1.1172865350636,-1.34096782542901,-2.0089213581932,-1.68212772141994,0.553380006456719,-1.0413428771595,7,0.142857142857143,-1.01683605647981,"-1.27139301594898",-0.0790428376355905,0.737610799398833
370028,-1.16746438368388,-0.406721194245036,-0.793506035224105,-0.744900007302553,0.562016765804296,-1.03566826130618,-0.648966800480776,0.0324069360111874,8,0.125,-0.525350372553381,"-0.605071855349108",-0.0790428376355905,0.737610799398833
370034,0.635591151542161,NA,0.177835464294372,0.951600705826591,-0.524295117574929,0.316019700749854,NA,-0.146551366183927,6,0.166666666666667,0.235033423109021,"0.425802145251383",-0.0790428376355905,0.737610799398833
370037,1.06489008850074,-0.0479687787232517,0.566372064101763,0.401384258325247,-0.379453533124364,1.25632437000623,-0.820730630043275,0.0324069360111874,8,0.125,0.259153096881785,"0.458501874963072",-0.0790428376355905,0.737610799398833
370039,NA,NA,0.954908663909153,-0.882454119177889,-0.560505513687569,NA,NA,-0.146551366183927,4,0.25,-0.158650583785058,"-0.107926492147823",-0.0790428376355905,0.737610799398833
370047,0.292152001975297,NA,0.631128164069661,1.77692537707861,1.06896231138127,1.31509341183475,0.579274051114383,1.64303165576722,7,0.142857142857143,1.04379528188874,"1.52226366593258",-0.0790428376355905,0.737610799398833
370049,-1.16746438368388,NA,-0.599237735320409,-0.699048636677441,0.634437558029578,-1.09443730313471,-0.10993910419042,0.211365238206305,7,0.142857142857143,-0.403474909538711,"-0.439841813823141",-0.0790428376355905,0.737610799398833
370054,NA,NA,-1.24679873499939,-0.561494524802105,-0.596715909800209,NA,NA,-2.65196759691554,4,0.25,-1.26424419162931,"-1.60681128172158",-0.0790428376355905,0.737610799398833
370056,-0.48058608455015,-2.79840396439026,1.66722576355604,0.538938370200583,0.308543993015811,0.0221744916072371,0.320333604537751,-0.146551366183927,8,0.125,-0.0710406490258654,"0.0108487953487761",-0.0790428376355905,0.737610799398833
370057,NA,NA,NA,NA,0.0912816163399657,NA,NA,0.211365238206305,2,0.5,0.151323427273135,"0.312314116193091",-0.0790428376355905,0.737610799398833
370078,0.549731364150444,0.191199498291271,-0.0164328356093239,-1.20341371355367,-1.93650056596792,0.0809435334357605,-0.94976928592063,-0.862384574964387,8,0.125,-0.518328322517307,"-0.595551861821631",-0.0790428376355905,0.737610799398833
370083,NA,NA,-0.663993835288308,0.309681517075023,-0.560505513687569,NA,NA,-0.683426272769272,4,0.25,-0.399561026167531,"-0.43453565049911",-0.0790428376355905,0.737610799398833
370089,-1.33918395846731,NA,-0.210701135513018,-0.194683559801209,-0.922609474813977,0.257250658921331,0.0786558543995596,0.0324069360111874,7,0.142857142857143,-0.328409239894777,"-0.338073144349872",-0.0790428376355905,0.737610799398833
370091,-1.2533241710756,1.0282884678421,1.34344526371654,0.997452076451703,0.7430687463675,0.551095868063948,-0.322270270383259,1.82198995796234,8,0.125,0.61371824236816,"0.939195956144302",-0.0790428376355905,0.737610799398833
370093,-1.68262310803418,NA,-0.728749935256206,0.401384258325247,-0.813978286476055,-1.56458963776289,-0.2985340627804,0.569281842596533,7,0.142857142857143,-0.588258418483993,"-0.690358087576027",-0.0790428376355905,0.737610799398833
370094,-1.33918395846731,NA,-0.210701135513018,0.722343852701031,0.308543993015811,1.08001724452066,-0.530717329877447,-0.504467970574157,7,0.142857142857143,-0.0677379005992047,"0.0153264255968046",-0.0790428376355905,0.737610799398833
370097,NA,NA,0.113079364326474,0.263830146449911,0.0912816163399657,1.02124820269213,NA,-1.57821778374485,5,0.2,-0.0177556907872721,"0.0830887331073088",-0.0790428376355905,0.737610799398833
370099,NA,NA,0.69588426403756,NA,0.127492012452607,NA,NA,-1.0413428771595,3,0.333333333333333,-0.0726555335564453,"0.00865945032848073",-0.0790428376355905,0.737610799398833
370100,NA,NA,0.0483232643585746,-0.286386301051433,-0.813978286476055,NA,NA,-2.47300929472042,4,0.25,-0.881262654472333,"-1.08759228781705",-0.0790428376355905,0.737610799398833
370106,-1.08160459629216,-0.885057748274082,-1.95911583464628,-0.882454119177889,0.670647954142219,1.72647670463442,-0.567832127220098,-0.325509668379042,8,0.125,-0.413056179401614,"-0.452831414667805",-0.0790428376355905,0.737610799398833
370112,NA,NA,NA,0.355532887700135,0.7430687463675,NA,NA,0.569281842596533,3,0.333333333333333,0.555961158888056,"0.860893030635108",-0.0790428376355905,0.737610799398833
370113,NA,NA,0.760640364005458,0.401384258325247,0.380964785241092,0.139712575264284,NA,-0.146551366183927,5,0.2,0.307230123330431,"0.523681271045437",-0.0790428376355905,0.737610799398833
370114,-0.223006722375001,-2.20048327185396,1.40820136368444,-0.148832189176097,-0.596715909800209,-0.859361135820613,-0.485834319137498,-0.146551366183927,8,0.125,-0.406572943832857,"-0.444041907282554",-0.0790428376355905,0.737610799398833
370149,-0.995744808900447,NA,-2.93045733416475,-0.378089042301657,-0.922609474813977,-0.0953635920498098,NA,-1.0413428771595,6,0.166666666666667,-1.06060118823169,"-1.33072665340053",-0.0790428376355905,0.737610799398833
370158,NA,NA,NA,0.172127405199687,0.127492012452607,NA,NA,-0.504467970574157,3,0.333333333333333,-0.0682828509739544,"0.0145876208298545",-0.0790428376355905,0.737610799398833
370166,NA,NA,NA,-0.194683559801209,0.634437558029578,NA,NA,-0.862384574964387,3,0.333333333333333,-0.140876858912006,"-0.0838301463682625",-0.0790428376355905,0.737610799398833
370170,NA,NA,NA,NA,NA,NA,NA,0.211365238206305,1,1,0.211365238206305,"0.393714511878871",-0.0790428376355905,0.737610799398833
370171,-0.909885021508731,NA,-0.14594503554512,-2.02873838480569,0.634437558029578,0.433557784406901,NA,-0.683426272769272,6,0.166666666666667,-0.449999895365389,"-0.502917064164645",-0.0790428376355905,0.737610799398833
370172,NA,NA,NA,0.401384258325247,NA,NA,NA,-0.683426272769272,2,0.5,-0.141021007222012,"-0.0840255723437554",-0.0790428376355905,0.737610799398833
370173,NA,NA,NA,NA,NA,NA,NA,0.211365238206305,1,1,0.211365238206305,"0.393714511878871",-0.0790428376355905,0.737610799398833
370178,NA,NA,0.760640364005458,NA,0.779279142480142,NA,NA,0.748240144791648,3,0.333333333333333,0.762719883759083,"1.14120173142899",-0.0790428376355905,0.737610799398833
370180,NA,NA,NA,0.217978775824799,0.236123200790529,NA,NA,0.211365238206305,3,0.333333333333333,0.221822404940544,"0.407891591095664",-0.0790428376355905,0.737610799398833
370183,NA,NA,NA,NA,-0.0535599681105977,NA,NA,0.927198446986763,2,0.5,0.436819239438083,"0.699368932090081",-0.0790428376355905,0.737610799398833
370192,NA,NA,NA,NA,NA,NA,NA,0.211365238206305,1,1,0.211365238206305,"0.393714511878871",-0.0790428376355905,0.737610799398833
370199,NA,NA,NA,NA,NA,NA,NA,NA,0,NA,NA,"NaN",-0.0790428376355905,0.737610799398833
370201,NA,NA,NA,NA,NA,NA,NA,0.211365238206305,1,1,0.211365238206305,"0.393714511878871",-0.0790428376355905,0.737610799398833
370202,-0.995744808900447,NA,-0.404969435416714,0.172127405199687,0.525806369691656,0.316019700749854,0.309544419263724,0.390323540401418,7,0.142857142857143,0.0447295987127396,"0.167801822382762",-0.0790428376355905,0.737610799398833
370203,NA,NA,NA,NA,NA,NA,NA,0.0324069360111874,1,1,0.0324069360111874,"0.151095637072575",-0.0790428376355905,0.737610799398833
370206,NA,NA,NA,NA,NA,NA,NA,1.82198995796234,1,1,1.82198995796234,"2.5772843851355",-0.0790428376355905,0.737610799398833
370210,NA,NA,NA,NA,NA,NA,NA,0.927198446986763,1,1,0.927198446986763,"1.36419001110404",-0.0790428376355905,0.737610799398833
370211,NA,NA,-0.0811889355772215,-0.928305489803001,-0.125980760335879,0.374788742578378,0.668608505183321,-0.683426272769272,6,0.166666666666667,-0.129250701787279,"-0.0680682335353673",-0.0790428376355905,0.737610799398833
370212,NA,NA,NA,NA,NA,NA,NA,0.211365238206305,1,1,0.211365238206305,"0.393714511878871",-0.0790428376355905,0.737610799398833
370214,NA,NA,NA,NA,NA,NA,NA,NA,0,NA,NA,"NaN",-0.0790428376355905,0.737610799398833
370215,-0.909885021508731,0.90870432933484,-0.923018235159901,-1.15756234292856,-0.488084721462287,NA,0.188705544194629,-0.325509668379042,7,0.142857142857143,-0.386664302272722,"-0.417051194054979",-0.0790428376355905,0.737610799398833
370216,NA,NA,NA,NA,NA,NA,NA,0.0324069360111874,1,1,0.0324069360111874,"0.151095637072575",-0.0790428376355905,0.737610799398833
370218,0.20629221458358,NA,0.307347664230169,1.77692537707861,0.887910330818063,0.962479160863611,NA,1.46407335357211,6,0.166666666666667,0.934171350191023,"1.37364337486979",-0.0790428376355905,0.737610799398833
370220,NA,NA,NA,NA,NA,NA,NA,0.211365238206305,1,1,0.211365238206305,"0.393714511878871",-0.0790428376355905,0.737610799398833
370222,NA,NA,NA,NA,NA,NA,NA,0.569281842596533,1,1,0.569281842596533,"0.878952261491454",-0.0790428376355905,0.737610799398833
370225,NA,NA,NA,NA,NA,NA,NA,0.0324069360111874,1,1,0.0324069360111874,"0.151095637072575",-0.0790428376355905,0.737610799398833
370227,NA,NA,NA,-0.148832189176097,0.815489538592783,NA,NA,0.0324069360111874,3,0.333333333333333,0.233021428475958,"0.423074426738175",-0.0790428376355905,0.737610799398833
370228,NA,NA,NA,0.447235628950359,0.598227161916937,NA,NA,0.569281842596533,3,0.333333333333333,0.53824821115461,"0.83687908215729",-0.0790428376355905,0.737610799398833
370234,1.83762817502619,NA,-0.210701135513018,0.676492482075919,0.996541519155986,NA,-0.18373713146476,0.211365238206305,6,0.166666666666667,0.55459819124777,"0.85904521652854",-0.0790428376355905,0.737610799398833
370235,NA,NA,NA,0.951600705826591,0.7430687463675,NA,NA,0.211365238206305,3,0.333333333333333,0.635344896800132,"0.968515828425996",-0.0790428376355905,0.737610799398833
370236,-0.738165446725299,NA,0.24259156426227,-0.469791783551881,-0.19840155256116,-0.683054010335044,NA,-1.39925948154973,6,0.166666666666667,-0.541013451743474,"-0.62630673857324",-0.0790428376355905,0.737610799398833
370237,NA,NA,NA,0.217978775824799,-0.307032740899083,NA,NA,0.0324069360111874,3,0.333333333333333,-0.0188823430210321,"0.0815612985379151",-0.0790428376355905,0.737610799398833
370240,NA,NA,NA,NA,-0.307032740899083,NA,NA,-1.57821778374485,2,0.5,-0.942625262321964,"-1.17078332555626",-0.0790428376355905,0.737610799398833
370243,NA,NA,NA,NA,NA,NA,NA,0.390323540401418,1,1,0.390323540401418,"0.636333386685161",-0.0790428376355905,0.737610799398833
370244,NA,NA,NA,NA,NA,NA,NA,0.390323540401418,1,1,0.390323540401418,"0.636333386685161",-0.0790428376355905,0.737610799398833
370245,NA,NA,NA,NA,NA,NA,NA,NA,0,NA,NA,"NaN",-0.0790428376355905,0.737610799398833
370246,NA,NA,NA,NA,NA,NA,NA,NA,0,NA,NA,"NaN",-0.0790428376355905,0.737610799398833
371300,NA,NA,NA,0.172127405199687,-0.596715909800209,NA,NA,-0.862384574964387,3,0.333333333333333,-0.428991026521637,"-0.474434741426319",-0.0790428376355905,0.737610799398833
371301,NA,NA,NA,NA,NA,NA,NA,NA,0,NA,NA,"NaN",-0.0790428376355905,0.737610799398833
371302,NA,NA,NA,NA,NA,NA,NA,NA,0,NA,NA,"NaN",-0.0790428376355905,0.737610799398833
371303,NA,NA,NA,NA,0.562016765804296,NA,NA,0.748240144791648,2,0.5,0.655128455297972,"0.995336962978207",-0.0790428376355905,0.737610799398833
371304,NA,NA,NA,NA,NA,NA,NA,NA,0,NA,NA,"NaN",-0.0790428376355905,0.737610799398833
371305,NA,NA,NA,NA,NA,NA,NA,-0.325509668379042,1,1,-0.325509668379042,"-0.334142112540009",-0.0790428376355905,0.737610799398833
371306,NA,NA,NA,NA,NA,NA,NA,NA,0,NA,NA,"NaN",-0.0790428376355905,0.737610799398833
371307,NA,NA,NA,NA,NA,NA,NA,0.569281842596533,1,1,0.569281842596533,"0.878952261491454",-0.0790428376355905,0.737610799398833
371309,NA,NA,NA,NA,NA,NA,NA,-1.22030117935462,1,1,-1.22030117935462,"-1.54723648657147",-0.0790428376355905,0.737610799398833
371310,NA,NA,NA,NA,NA,NA,NA,NA,0,NA,NA,"NaN",-0.0790428376355905,0.737610799398833
371311,NA,NA,NA,NA,NA,NA,NA,NA,0,NA,NA,"NaN",-0.0790428376355905,0.737610799398833
371312,NA,NA,NA,NA,0.851699934705422,NA,NA,0.748240144791648,2,0.5,0.799970039748535,"1.19170283040939",-0.0790428376355905,0.737610799398833
371313,NA,NA,NA,NA,0.851699934705422,NA,NA,0.211365238206305,2,0.5,0.531532586455864,"0.827774518199957",-0.0790428376355905,0.737610799398833
371314,NA,NA,NA,NA,NA,NA,NA,0.390323540401418,1,1,0.390323540401418,"0.636333386685161",-0.0790428376355905,0.737610799398833
371316,NA,NA,NA,NA,NA,NA,NA,NA,0,NA,NA,"NaN",-0.0790428376355905,0.737610799398833
371317,NA,NA,NA,NA,NA,NA,NA,0.569281842596533,1,1,0.569281842596533,"0.878952261491454",-0.0790428376355905,0.737610799398833
371318,NA,NA,NA,NA,NA,NA,NA,NA,0,NA,NA,"NaN",-0.0790428376355905,0.737610799398833
371319,NA,NA,NA,0.630641111450807,0.163702408565247,NA,NA,-0.683426272769272,3,0.333333333333333,0.0369724157489276,"0.157285188176573",-0.0790428376355905,0.737610799398833
371320,NA,NA,NA,NA,NA,NA,NA,NA,0,NA,NA,"NaN",-0.0790428376355905,0.737610799398833
371321,NA,NA,NA,NA,0.562016765804296,NA,NA,0.0324069360111874,2,0.5,0.297211850907742,"0.510099213365622",-0.0790428376355905,0.737610799398833
371322,NA,NA,NA,NA,NA,NA,NA,NA,0,NA,NA,"NaN",-0.0790428376355905,0.737610799398833
371323,NA,NA,NA,NA,-2.76933967655866,NA,NA,-3.00988420130577,2,0.5,-2.88961193893221,"-3.81036869794652",-0.0790428376355905,0.737610799398833
371325,NA,NA,NA,NA,0.199912804677888,NA,NA,-0.504467970574157,2,0.5,-0.152277582948134,"-0.0992864331328004",-0.0790428376355905,0.737610799398833
371326,NA,NA,NA,NA,-1.28471343594039,NA,NA,NA,1,1,-1.28471343594039,"-1.63456202008897",-0.0790428376355905,0.737610799398833
371327,NA,NA,NA,NA,NA,NA,NA,NA,0,NA,NA,"NaN",-0.0790428376355905,0.737610799398833
371328,NA,NA,-0.0164328356093239,NA,-1.57439660484151,NA,NA,-1.0413428771595,3,0.333333333333333,-0.877390772536779,"-1.08234306703733",-0.0790428376355905,0.737610799398833
371329,NA,NA,NA,NA,-0.922609474813977,NA,NA,-1.57821778374485,2,0.5,-1.25041362927941,"-1.58806079384753",-0.0790428376355905,0.737610799398833
371330,NA,NA,NA,NA,0.344754389128452,NA,NA,0.927198446986763,2,0.5,0.635976418057607,"0.969371999807964",-0.0790428376355905,0.737610799398833
371331,NA,NA,NA,NA,NA,NA,NA,0.390323540401418,1,1,0.390323540401418,"0.636333386685161",-0.0790428376355905,0.737610799398833
371332,NA,NA,NA,NA,-0.234611948673802,NA,NA,-0.504467970574157,2,0.5,-0.369539959623979,"-0.393835234279581",-0.0790428376355905,0.737610799398833
371333,NA,NA,NA,NA,0.489595973579015,NA,NA,0.569281842596533,2,0.5,0.529438908087774,"0.824936058717265",-0.0790428376355905,0.737610799398833
371334,NA,NA,NA,NA,-0.705347098138132,NA,NA,0.390323540401418,2,0.5,-0.157511778868357,"-0.106382581839529",-0.0790428376355905,0.737610799398833
371335,NA,NA,NA,NA,-0.0173495719979558,NA,NA,NA,1,1,-0.0173495719979558,"0.0836393199339216",-0.0790428376355905,0.737610799398833
371336,NA,NA,NA,NA,0.344754389128452,NA,NA,0.211365238206305,2,0.5,0.278059813667378,"0.48413425019538",-0.0790428376355905,0.737610799398833
371337,NA,NA,NA,0.172127405199687,0.562016765804296,NA,NA,0.211365238206305,3,0.333333333333333,0.315169803070096,"0.534445321336099",-0.0790428376355905,0.737610799398833
371338,NA,NA,NA,NA,-0.270822344786443,NA,NA,NA,1,1,-0.270822344786443,"-0.260000948070658",-0.0790428376355905,0.737610799398833
371340,NA,NA,NA,NA,-3.02281244934714,NA,NA,-1.0413428771595,2,0.5,-2.03207766325332,"-2.6477850205142",-0.0790428376355905,0.737610799398833
371341,NA,NA,NA,NA,-0.741557494250773,NA,NA,-0.504467970574157,2,0.5,-0.623012732412465,"-0.737475502284159",-0.0790428376355905,0.737610799398833
371342,NA,NA,0.436859864165966,-1.34096782542901,-0.451874325349647,NA,NA,-1.0413428771595,4,0.25,-0.599331290943048,"-0.705369896606045",-0.0790428376355905,0.737610799398833
380001,NA,NA,-1.31155483496729,0.126276034574575,-0.270822344786443,-1.62335867959142,NA,0.0324069360111874,5,0.2,-0.609410577751878,"-0.719034673229496",-0.0790428376355905,0.737610799398833
380002,0.721450938933877,NA,-0.0164328356093239,0.493086999575471,0.779279142480142,0.316019700749854,NA,-0.325509668379042,6,0.166666666666667,0.327982379625163,"0.551815696831563",-0.0790428376355905,0.737610799398833
380004,0.292152001975297,1.26745674485662,1.79673796349183,0.447235628950359,1.06896231138127,0.727402993549518,-1.57554203181416,1.28511505137699,8,0.125,0.663690082970967,"1.00694420582223",-0.0790428376355905,0.737610799398833
380005,NA,NA,NA,NA,0.344754389128452,NA,NA,-0.146551366183927,2,0.5,0.0991015114722626,"0.241515375389086",-0.0790428376355905,0.737610799398833
380007,-0.48058608455015,1.0282884678421,-0.663993835288308,0.401384258325247,-0.19840155256116,-1.09443730313471,-2.01530922358347,0.0324069360111874,8,0.125,-0.373831042117407,"-0.399652777212691",-0.0790428376355905,0.737610799398833
380009,0.120432427191864,-0.526305332752297,NA,0.722343852701031,-0.488084721462287,-0.0365945502212864,1.0134308665412,0.927198446986763,7,0.142857142857143,0.247488712712141,"0.442688136635013",-0.0790428376355905,0.737610799398833
380014,-2.62708076934305,-1.00464188678134,-0.0164328356093239,-1.75363016105502,0.851699934705422,-0.683054010335044,0.403194547442272,0.569281842596533,8,0.125,-0.532582917297444,"-0.614877222556256",-0.0790428376355905,0.737610799398833
380017,-0.909885021508731,NA,0.0483232643585746,0.263830146449911,0.562016765804296,0.0809435334357605,-1.06629248688011,1.10615674918188,7,0.142857142857143,0.0121561358345106,"0.123641049648988",-0.0790428376355905,0.737610799398833
380018,-0.137146934983285,0.0716153597840098,1.14917696381285,0.493086999575471,1.64832864918352,-0.506746884849472,-0.274366287766581,-0.325509668379042,8,0.125,0.264804774547184,"0.466164015579784",-0.0790428376355905,0.737610799398833
380020,-0.48058608455015,0.669536052320317,-3.44850613390794,-1.93703564355546,-0.451874325349647,-0.271670717535378,-0.427141151246795,-0.146551366183927,8,0.125,-0.811728671251123,"-0.993323083410229",-0.0790428376355905,0.737610799398833
380021,-0.223006722375001,NA,-0.599237735320409,-0.607345895427217,-0.777767890363414,1.02124820269213,NA,0.569281842596533,6,0.166666666666667,-0.102804699699562,"-0.0322146341720296",-0.0790428376355905,0.737610799398833
380022,NA,NA,-0.14594503554512,-0.882454119177889,0.634437558029578,0.0809435334357605,NA,0.211365238206305,5,0.2,-0.0203305650102731,"0.0795979026787149",-0.0790428376355905,0.737610799398833
380025,-0.308866509766717,NA,-0.0164328356093239,-0.607345895427217,-0.0897703642232385,1.37386245366328,NA,0.569281842596533,6,0.166666666666667,0.153454781872219,"0.3152036544168",-0.0790428376355905,0.737610799398833
380027,-1.16746438368388,NA,-1.95911583464628,-1.15756234292856,-0.343243137011723,-5.20827023113135,NA,-0.146551366183927,6,0.166666666666667,-1.66370121593095,"-2.14836656348699",-0.0790428376355905,0.737610799398833
380029,NA,NA,NA,NA,0.634437558029578,NA,NA,0.569281842596533,2,0.5,0.601859700313056,"0.923118992432858",-0.0790428376355905,0.737610799398833
380037,-0.137146934983285,NA,NA,0.355532887700135,-0.343243137011723,-1.15320634496323,NA,0.211365238206305,5,0.2,-0.21333965821036,"-0.18207003027101",-0.0790428376355905,0.737610799398833
380038,-0.0512871475915684,NA,NA,1.54766852395305,-0.343243137011723,0.609864909892471,NA,0.748240144791648,5,0.2,0.502248658806775,"0.788073462205446",-0.0790428376355905,0.737610799398833
380047,-0.308866509766717,0.669536052320317,0.177835464294372,-1.66192741980479,0.887910330818063,-1.97597293056256,0.135191185235458,0.748240144791648,8,0.125,-0.166006710334276,"-0.117899402733207",-0.0790428376355905,0.737610799398833
380050,-1.59676332064246,NA,0.631128164069661,-0.469791783551881,-0.813978286476055,-3.56273705993269,NA,-0.504467970574157,6,0.166666666666667,-1.0527683761846,"-1.32010748668893",-0.0790428376355905,0.737610799398833
380051,-2.36950140716791,-1.24381016379587,0.954908663909153,-1.61607604917968,-0.596715909800209,0.0221744916072371,-0.686513165234388,1.28511505137699,8,0.125,-0.531302311035583,"-0.613141068119655",-0.0790428376355905,0.737610799398833
380052,NA,NA,1.21393306378075,-0.515643154176993,1.06896231138127,NA,NA,0.0324069360111874,4,0.25,0.449914789249052,"0.717122942499965",-0.0790428376355905,0.737610799398833
380056,NA,NA,NA,NA,-1.39334462427831,NA,NA,-0.325509668379042,2,0.5,-0.859427146328675,"-1.05798926660118",-0.0790428376355905,0.737610799398833
380060,0.292152001975297,-1.1242260252886,-0.599237735320409,0.0804246639494628,0.344754389128452,0.433557784406901,-0.311481085109232,0.390323540401418,8,0.125,-0.0617165582320895,"0.0234897311937708",-0.0790428376355905,0.737610799398833
380061,-0.652305659333582,NA,0.307347664230169,0.768195223326143,0.887910330818063,-1.74089676324846,0.849003682965041,0.927198446986763,7,0.142857142857143,0.192350417963447,"0.367935577706059",-0.0790428376355905,0.737610799398833
380071,-0.223006722375001,NA,0.566372064101763,-1.06585960167834,-0.451874325349647,-1.56458963776289,NA,-0.504467970574157,6,0.166666666666667,-0.540571032273046,"-0.62570693787782",-0.0790428376355905,0.737610799398833
380075,-0.909885021508731,NA,-0.793506035224105,-0.653197266052329,0.163702408565247,-0.624284968506521,0.226251908948241,0.390323540401418,7,0.142857142857143,-0.314370776196683,"-0.319040798687993",-0.0790428376355905,0.737610799398833
380082,0.0345726398001479,NA,NA,-0.790751377927665,-0.307032740899083,-0.683054010335044,NA,0.211365238206305,5,0.2,-0.306980050231068,"-0.309020980686902",-0.0790428376355905,0.737610799398833
380089,-0.48058608455015,NA,-0.793506035224105,-0.836602748552777,0.27233359690317,-0.0953635920498098,-1.36321086562132,0.569281842596533,7,0.142857142857143,-0.389664840928351,"-0.421119109896335",-0.0790428376355905,0.737610799398833
380090,-0.909885021508731,NA,-0.210701135513018,-1.52437330792946,-0.560505513687569,-1.91720388873403,0.231430717879774,0.390323540401418,7,0.142857142857143,-0.642987801298803,"-0.764556272932606",-0.0790428376355905,0.737610799398833
380091,-0.0512871475915684,NA,NA,-0.0112780773007613,1.06896231138127,0.551095868063948,NA,0.748240144791648,5,0.2,0.461146619868907,"0.732350255642626",-0.0790428376355905,0.737610799398833
380102,0.0345726398001479,0.549951913813056,-0.0811889355772215,-0.974156860428112,0.0912816163399657,-0.44797784302095,-0.241135597122581,0.927198446986763,8,0.125,-0.0176818274011166,"0.0831888718067636",-0.0790428376355905,0.737610799398833
380103,NA,NA,NA,-0.607345895427217,0.0912816163399657,NA,NA,0.569281842596533,3,0.333333333333333,0.0177391878364271,"0.131210152496272",-0.0790428376355905,0.737610799398833
381301,NA,NA,NA,NA,NA,NA,NA,NA,0,NA,NA,"NaN",-0.0790428376355905,0.737610799398833
381302,NA,NA,-0.340213335448815,-1.61607604917968,-0.379453533124364,0.609864909892471,NA,0.569281842596533,5,0.2,-0.231319233052771,"-0.206445452725596",-0.0790428376355905,0.737610799398833
381303,NA,NA,NA,-0.286386301051433,-0.19840155256116,-0.0365945502212864,NA,0.748240144791648,4,0.25,0.0567144352394422,"0.184050007111715",-0.0790428376355905,0.737610799398833
381304,NA,NA,NA,-1.57022467855457,-0.343243137011723,NA,NA,-1.93613438813508,3,0.333333333333333,-1.28320073456712,"-1.63251120768967",-0.0790428376355905,0.737610799398833
381305,NA,NA,NA,NA,NA,NA,NA,-1.0413428771595,1,1,-1.0413428771595,"-1.30461761176518",-0.0790428376355905,0.737610799398833
381306,NA,NA,NA,-0.102980818550985,-0.99503026703926,NA,NA,0.390323540401418,3,0.333333333333333,-0.235895848396276,"-0.212650100687955",-0.0790428376355905,0.737610799398833
381307,NA,NA,NA,NA,-1.13987185148982,NA,NA,-0.683426272769272,2,0.5,-0.911649062129547,"-1.12878800740519",-0.0790428376355905,0.737610799398833
381308,NA,NA,NA,NA,NA,NA,NA,NA,0,NA,NA,"NaN",-0.0790428376355905,0.737610799398833
381309,NA,NA,NA,NA,-0.125980760335879,NA,NA,-1.93613438813508,2,0.5,-1.03105757423548,"-1.29067353321806",-0.0790428376355905,0.737610799398833
381310,NA,NA,NA,NA,NA,NA,NA,NA,0,NA,NA,"NaN",-0.0790428376355905,0.737610799398833
381311,NA,NA,NA,NA,NA,NA,NA,-0.146551366183927,1,1,-0.146551366183927,"-0.0915232377337164",-0.0790428376355905,0.737610799398833
381312,NA,NA,NA,NA,-0.922609474813977,NA,NA,-0.504467970574157,2,0.5,-0.713538722694067,"-0.860204169428651",-0.0790428376355905,0.737610799398833
381313,NA,NA,NA,-0.423940412926769,-0.850188682588695,NA,NA,0.390323540401418,3,0.333333333333333,-0.294601851704682,"-0.292239503874911",-0.0790428376355905,0.737610799398833
381314,NA,NA,-3.51326223387584,-0.469791783551881,-1.28471343594039,-1.03566826130618,NA,-0.683426272769272,5,0.2,-1.39737239748871,"-1.78729698768997",-0.0790428376355905,0.737610799398833
381315,NA,NA,-0.858262135192003,-3.77109046855994,-2.91418126100922,-1.3295134704488,NA,-0.146551366183927,5,0.2,-1.80391974027878,"-2.33846481647096",-0.0790428376355905,0.737610799398833
381316,NA,NA,NA,0.172127405199687,0.960331123043346,0.374788742578378,NA,0.211365238206305,4,0.25,0.429653127256929,"0.689653629403361",-0.0790428376355905,0.737610799398833
381317,NA,NA,NA,-1.52437330792946,0.0912816163399657,0.0221744916072371,NA,0.211365238206305,4,0.25,-0.299887990443987,"-0.299406072943061",-0.0790428376355905,0.737610799398833
381318,0.292152001975297,NA,NA,-1.24926508417879,0.0912816163399657,0.316019700749854,NA,0.390323540401418,5,0.2,-0.0318976449424502,"0.0639160824808483",-0.0790428376355905,0.737610799398833
381319,NA,NA,-0.404969435416714,-2.02873838480569,-0.0897703642232385,-0.97689921947766,NA,-0.146551366183927,5,0.2,-0.729385754021446,"-0.881688441812263",-0.0790428376355905,0.737610799398833
381320,NA,NA,NA,NA,NA,NA,NA,NA,0,NA,NA,"NaN",-0.0790428376355905,0.737610799398833
381321,NA,NA,-4.09606713358692,-0.332237671676545,-0.343243137011723,-1.3295134704488,NA,-0.146551366183927,5,0.2,-1.24952255578158,"-1.58685274008997",-0.0790428376355905,0.737610799398833
381322,NA,NA,0.0483232643585746,-0.836602748552777,-1.71923818929207,NA,NA,-2.29405099252531,4,0.25,-1.2003921665029,"-1.52024526997331",-0.0790428376355905,0.737610799398833
381323,NA,NA,-0.0811889355772215,-0.515643154176993,-1.2122926437151,NA,NA,0.748240144791648,4,0.25,-0.265221147169418,"-0.252407244695395",-0.0790428376355905,0.737610799398833
381324,NA,NA,NA,-0.928305489803001,NA,NA,NA,0.0324069360111874,2,0.5,-0.447949276895907,"-0.500136982214716",-0.0790428376355905,0.737610799398833
381325,NA,NA,NA,-1.66192741980479,-1.35713422816567,-1.91720388873403,NA,-0.683426272769272,4,0.25,-1.40492295236844,"-1.7975334903088",-0.0790428376355905,0.737610799398833
390001,-0.566445871941866,0.0716153597840098,-0.14594503554512,0.447235628950359,0.525806369691656,-0.389208801192427,-0.452603628493496,0.927198446986763,8,0.125,0.0522065585299848,"0.1779385500762",-0.0790428376355905,0.737610799398833
390002,NA,NA,0.0483232643585746,0.217978775824799,-0.379453533124364,NA,NA,0.390323540401418,4,0.25,0.0692930118651067,"0.201103142228386",-0.0790428376355905,0.737610799398833
390003,NA,NA,-0.275457235480917,-0.102980818550985,1.39485587639504,0.492326826235425,NA,0.927198446986763,5,0.2,0.487188619117064,"0.767656136832791",-0.0790428376355905,0.737610799398833
390004,-0.566445871941866,-1.84173085633217,-0.0811889355772215,0.0804246639494628,1.25001429194447,-1.09443730313471,1.29351811625493,1.10615674918188,8,0.125,0.0182888567930964,"0.13195535437932",-0.0790428376355905,0.737610799398833
390006,0.89317051371731,1.38704088336389,0.307347664230169,-0.0571294479258733,1.57590785695824,0.0221744916072371,-1.47455525764927,1.82198995796234,8,0.125,0.559493332783004,"0.865681699534516",-0.0790428376355905,0.737610799398833
390009,0.0345726398001479,0.0716153597840098,0.631128164069661,0.859897964576367,0.706858350254859,0.316019700749854,-0.423257044548146,0.927198446986763,8,0.125,0.39050419770919,"0.636578308950289",-0.0790428376355905,0.737610799398833
390012,-0.223006722375001,NA,1.66722576355604,0.355532887700135,-0.0897703642232385,0.727402993549518,NA,0.211365238206305,6,0.166666666666667,0.441458299402292,"0.705658238005871",-0.0790428376355905,0.737610799398833
390013,1.15074987589246,NA,0.890152563941255,0.355532887700135,-0.0535599681105977,0.903710119035088,NA,0.390323540401418,6,0.166666666666667,0.606151503143293,"0.928937511947127",-0.0790428376355905,0.737610799398833
390016,0.807310726325593,NA,NA,0.493086999575471,-0.813978286476055,-1.03566826130618,NA,0.390323540401418,5,0.2,-0.0317850562959513,"0.0640687221203312",-0.0790428376355905,0.737610799398833
390025,NA,NA,NA,NA,NA,NA,NA,NA,0,NA,NA,"NaN",-0.0790428376355905,0.737610799398833
390026,0.292152001975297,NA,1.53771356362024,1.31841167082749,0.308543993015811,-0.0953635920498098,NA,-0.146551366183927,6,0.166666666666667,0.535817711867516,"0.833583984947387",-0.0790428376355905,0.737610799398833
390027,-0.48058608455015,0.430367775305794,1.21393306378075,0.768195223326143,1.43106627250768,1.78524574646294,-0.904886275180681,1.28511505137699,8,0.125,0.691056346628682,"1.04404543004511",-0.0790428376355905,0.737610799398833
390028,-0.995744808900447,NA,1.34344526371654,0.0804246639494628,1.35864548028239,-0.0953635920498098,-2.59058858239456,0.748240144791648,7,0.142857142857143,-0.0215630615149665,"0.0779269720121657",-0.0790428376355905,0.737610799398833
390030,NA,NA,0.890152563941255,0.355532887700135,-0.524295117574929,-1.09443730313471,NA,0.0324069360111874,5,0.2,-0.0681280066114116,"0.0147975477488599",-0.0790428376355905,0.737610799398833
390032,NA,NA,0.566372064101763,0.217978775824799,0.634437558029578,0.433557784406901,NA,0.390323540401418,5,0.2,0.448533944552892,"0.715250891958832",-0.0790428376355905,0.737610799398833
390035,NA,NA,0.954908663909153,0.905749335201479,1.35864548028239,0.139712575264284,NA,0.927198446986763,5,0.2,0.857242900328814,"1.26934928112156",-0.0790428376355905,0.737610799398833
390036,0.721450938933877,-0.167552917230512,-1.70009143477468,0.630641111450807,-0.234611948673802,0.198481617092807,NA,0.0324069360111874,7,0.142857142857143,-0.0741822424557597,"0.0065896475265713",-0.0790428376355905,0.737610799398833
390037,NA,NA,0.566372064101763,0.309681517075023,-1.46576541650359,1.02124820269213,NA,0.211365238206305,5,0.2,0.128580321114327,"0.281480638460194",-0.0790428376355905,0.737610799398833
390039,0.292152001975297,NA,NA,-0.148832189176097,-1.24850303982774,-1.85843484690551,NA,-0.146551366183927,5,0.2,-0.622033888023596,"-0.736148455026084",-0.0790428376355905,0.737610799398833
390041,-1.08160459629216,NA,-1.18204263503149,0.538938370200583,-0.705347098138132,-0.44797784302095,NA,0.211365238206305,6,0.166666666666667,-0.444444760679309,"-0.495385809618742",-0.0790428376355905,0.737610799398833
390042,0.120432427191864,0.669536052320317,0.825396463973357,-1.89118427293035,-0.19840155256116,0.316019700749854,NA,-1.57821778374485,7,0.142857142857143,-0.248059852142995,"-0.229141187527564",-0.0790428376355905,0.737610799398833
390044,0.120432427191864,0.310783636798532,0.825396463973357,1.45596578270282,0.815489538592783,0.962479160863611,0.915465064253043,2.00094826015745,8,0.125,0.925870041816683,"1.36238905432417",-0.0790428376355905,0.737610799398833
390045,-1.2533241710756,0.549951913813056,-2.08862803458207,-0.286386301051433,-0.560505513687569,-0.0365945502212864,-1.577268301458,-0.146551366183927,8,0.125,-0.674913290555854,"-0.807838569345662",-0.0790428376355905,0.737610799398833
390046,0.0345726398001479,0.549951913813056,1.47295746365234,0.217978775824799,-0.343243137011723,-0.271670717535378,1.77126324018881,1.10615674918188,8,0.125,0.567245865989242,"0.876192029931733",-0.0790428376355905,0.737610799398833
390048,-0.394726297158433,NA,0.177835464294372,1.45596578270282,-0.270822344786443,0.609864909892471,NA,0.927198446986763,6,0.166666666666667,0.417552660321926,"0.673248681231689",-0.0790428376355905,0.737610799398833
390049,0.89317051371731,0.191199498291271,1.14917696381285,0.951600705826591,0.779279142480142,0.0221744916072371,3.39093573352565,2.00094826015745,8,0.125,1.17231066367731,"1.69649563473417",-0.0790428376355905,0.737610799398833
390050,-0.137146934983285,-0.287137055737774,0.631128164069661,0.172127405199687,0.525806369691656,0.0221744916072371,0.0272993324951944,0.569281842596533,8,0.125,0.190441701867364,"0.365347876851301",-0.0790428376355905,0.737610799398833
390056,0.378011789367012,NA,-0.210701135513018,0.493086999575471,-0.379453533124364,NA,NA,-0.146551366183927,5,0.2,0.0268785508242347,"0.143600647585628",-0.0790428376355905,0.737610799398833
390057,0.635591151542161,NA,1.21393306378075,0.768195223326143,0.598227161916937,0.0809435334357605,0.851593087430808,0.211365238206305,7,0.142857142857143,0.622835494234123,"0.951556474555088",-0.0790428376355905,0.737610799398833
390058,-0.48058608455015,NA,0.566372064101763,0.0345732933243508,0.127492012452607,-0.330439759363904,NA,0.569281842596533,6,0.166666666666667,0.0811155614268666,"0.217131309889971",-0.0790428376355905,0.737610799398833
390062,-0.137146934983285,NA,NA,0.768195223326143,0.236123200790529,NA,NA,0.211365238206305,4,0.25,0.269634181834923,"0.472711380791458",-0.0790428376355905,0.737610799398833
390063,-2.11192204499276,1.0282884678421,-1.1172865350636,-0.423940412926769,0.887910330818063,-1.09443730313471,-2.58972544757263,0.748240144791648,8,0.125,-0.584109100029831,"-0.684732738194559",-0.0790428376355905,0.737610799398833
390065,0.463871576758728,NA,-1.18204263503149,-0.148832189176097,-0.813978286476055,-0.330439759363904,0.420888811291675,0.748240144791648,7,0.142857142857143,-0.120327476743643,"-0.0559707628219381",-0.0790428376355905,0.737610799398833
390066,0.979030301109026,0.310783636798532,0.631128164069661,0.768195223326143,0.199912804677888,1.08001724452066,0.802394402581247,2.00094826015745,8,0.125,0.846551254655076,"1.25485431211832",-0.0790428376355905,0.737610799398833
390067,-0.995744808900447,0.90870432933484,-0.210701135513018,0.447235628950359,0.018860824114684,2.02032191377703,-0.31881773109557,1.28511505137699,8,0.125,0.394371759005609,"0.641821672116299",-0.0790428376355905,0.737610799398833
390068,0.979030301109026,NA,NA,0.0804246639494628,-0.451874325349647,0.0809435334357605,NA,0.390323540401418,5,0.2,0.215769542709204,"0.399685553119711",-0.0790428376355905,0.737610799398833
390070,0.721450938933877,NA,NA,0.447235628950359,0.634437558029578,NA,NA,-0.146551366183927,4,0.25,0.414143189932472,"0.668626364974616",-0.0790428376355905,0.737610799398833
390073,-0.48058608455015,0.430367775305794,-1.1172865350636,0.676492482075919,0.525806369691656,0.139712575264284,-3.671664946852,0.390323540401418,8,0.125,-0.388354352965834,"-0.419342443985823",-0.0790428376355905,0.737610799398833
390079,-1.08160459629216,-1.48297844081039,0.177835464294372,-1.61607604917968,-0.0535599681105977,0.139712575264284,-2.40889870237995,0.0324069360111874,8,0.125,-0.786645347650367,"-0.959316906140049",-0.0790428376355905,0.737610799398833
390086,-1.51090353325075,-2.0808991333467,-0.210701135513018,-0.653197266052329,-0.0897703642232385,-3.56273705993269,-1.62215131219795,0.390323540401418,8,0.125,-1.16750453301441,"-1.47565856718195",-0.0790428376355905,0.737610799398833
390090,0.549731364150444,NA,NA,-0.515643154176993,-0.451874325349647,NA,0.607757500237812,0.927198446986763,5,0.2,0.223433966369676,"0.41007643089254",-0.0790428376355905,0.737610799398833
390091,-0.652305659333582,NA,-1.37631093493519,1.54766852395305,0.706858350254859,0.668633951720995,NA,0.390323540401418,6,0.166666666666667,0.214144628676924,"0.397482610817884",-0.0790428376355905,0.737610799398833
390093,NA,NA,-1.89435973467838,-0.561494524802105,-2.0089213581932,-0.624284968506521,NA,-0.504467970574157,5,0.2,-1.11870571135087,"-1.40950061273862",-0.0790428376355905,0.737610799398833
390096,-0.0512871475915684,0.191199498291271,-1.37631093493519,0.309681517075023,0.308543993015811,0.316019700749854,NA,0.569281842596533,7,0.142857142857143,0.0381612098859618,"0.158896870296742",-0.0790428376355905,0.737610799398833
390097,-0.394726297158433,NA,-0.0811889355772215,-0.561494524802105,0.163702408565247,0.668633951720995,NA,0.569281842596533,6,0.166666666666667,0.0607014075575025,"0.189455259205786",-0.0790428376355905,0.737610799398833
390100,1.40832923806761,1.50662502187115,-0.469725535384612,1.54766852395305,2.15527419476049,2.1966290392626,-0.575168773206436,2.35886486454768,8,0.125,1.26606207173394,"1.82359709275653",-0.0790428376355905,0.737610799398833
390101,0.120432427191864,NA,-0.404969435416714,0.217978775824799,0.7430687463675,0.139712575264284,0.136485887468341,0.390323540401418,7,0.142857142857143,0.191861788157356,"0.3672731283405",-0.0790428376355905,0.737610799398833
390102,NA,NA,0.566372064101763,0.172127405199687,0.127492012452607,-0.859361135820613,NA,0.569281842596533,5,0.2,0.115182437705995,"0.263316745768748",-0.0790428376355905,0.737610799398833
390107,0.89317051371731,-0.167552917230512,0.566372064101763,-0.0112780773007613,0.562016765804296,0.551095868063948,-1.75895818147261,0.927198446986763,8,0.125,0.195258060333775,"0.371877551403702",-0.0790428376355905,0.737610799398833
390110,-0.137146934983285,0.90870432933484,0.113079364326474,-0.836602748552777,0.236123200790529,-0.0365945502212864,1.38112630068002,-0.325509668379042,8,0.125,0.162897411624434,"0.328005296908899",-0.0790428376355905,0.737610799398833
390111,-0.652305659333582,0.90870432933484,1.92625016342763,1.82277674770372,2.84327172090067,1.4326314954918,-0.226462305149905,2.35886486454768,8,0.125,1.30171641961536,"1.8719347091668",-0.0790428376355905,0.737610799398833
390112,NA,NA,NA,-2.62480620293214,-0.922609474813977,NA,NA,-0.504467970574157,3,0.333333333333333,-1.35062788277343,"-1.72392411577244",-0.0790428376355905,0.737610799398833
390113,-1.33918395846731,NA,-0.0811889355772215,-0.744900007302553,0.525806369691656,0.139712575264284,0.423046648346481,0.211365238206305,7,0.142857142857143,-0.123620295691194,"-0.0604349313919144",-0.0790428376355905,0.737610799398833
390114,NA,NA,NA,0.355532887700135,0.199912804677888,NA,0.0769295847557158,0.390323540401418,4,0.25,0.255674704383789,"0.453786119037548",-0.0790428376355905,0.737610799398833
390115,-0.48058608455015,0.789120190827578,0.954908663909153,0.905749335201479,0.489595973579015,0.609864909892471,0.411394328250532,0.569281842596533,8,0.125,0.531166144963326,"0.827277723016324",-0.0790428376355905,0.737610799398833
390116,NA,NA,NA,0.768195223326143,0.887910330818063,NA,NA,0.390323540401418,3,0.333333333333333,0.682143031515208,"1.03196139450667",-0.0790428376355905,0.737610799398833
390117,NA,NA,NA,1.41011441207771,-0.0897703642232385,NA,NA,0.390323540401418,3,0.333333333333333,0.57022252941863,"0.880227577447868",-0.0790428376355905,0.737610799398833
390123,0.721450938933877,NA,0.24259156426227,-0.0571294479258733,0.706858350254859,0.0809435334357605,NA,0.927198446986763,6,0.166666666666667,0.436985564324609,"0.699594423482917",-0.0790428376355905,0.737610799398833
390125,-0.909885021508731,NA,-1.37631093493519,-1.15756234292856,-1.10366145537718,-1.09443730313471,NA,-0.862384574964387,6,0.166666666666667,-1.08404027214146,"-1.36250368802214",-0.0790428376355905,0.737610799398833
390127,0.378011789367012,NA,0.307347664230169,1.31841167082749,0.163702408565247,0.198481617092807,-1.54835328492361,0.211365238206305,7,0.142857142857143,0.146995300480774,"0.306446351247283",-0.0790428376355905,0.737610799398833
390133,0.979030301109026,1.0282884678421,1.79673796349183,0.722343852701031,1.28622468805711,0.668633951720995,0.394994766634012,1.28511505137699,8,0.125,1.02017113036664,"1.49023572987015",-0.0790428376355905,0.737610799398833
390137,-1.68262310803418,-2.43965154886848,-2.41240853442157,-1.61607604917968,-0.234611948673802,-2.50489430701927,-0.878560663112056,-1.57821778374485,8,0.125,-1.66838049288173,"-2.1547103927186",-0.0790428376355905,0.737610799398833
390138,0.378011789367012,NA,-0.793506035224105,0.263830146449911,0.598227161916937,-0.0365945502212864,NA,0.569281842596533,6,0.166666666666667,0.163208392480834,"0.328426902526188",-0.0790428376355905,0.737610799398833
390139,-0.137146934983285,NA,1.99100626339553,-0.102980818550985,0.525806369691656,0.0809435334357605,0.230567583057851,1.28511505137699,7,0.142857142857143,0.553330149631931,"0.85732609634094",-0.0790428376355905,0.737610799398833
390142,0.0345726398001479,-0.0479687787232517,0.436859864165966,1.3642630414526,-0.125980760335879,-0.212901675706857,0.960348074992992,1.28511505137699,8,0.125,0.461788432127839,"0.733220378828804",-0.0790428376355905,0.737610799398833
390145,1.23660966328417,1.14787260634936,0.24259156426227,0.493086999575471,0.706858350254859,1.25632437000623,0.681987094923113,1.28511505137699,8,0.125,0.881305712504059,"1.30197192194359",-0.0790428376355905,0.737610799398833
390146,NA,NA,0.113079364326474,-0.515643154176993,0.562016765804296,0.257250658921331,NA,0.569281842596533,5,0.2,0.197197095494328,"0.374506356678969",-0.0790428376355905,0.737610799398833
390147,0.0345726398001479,NA,-0.728749935256206,-0.790751377927665,-0.63292630591285,-0.271670717535378,NA,0.0324069360111874,6,0.166666666666667,-0.392853126803461,"-0.425441559998351",-0.0790428376355905,0.737610799398833
390150,NA,NA,NA,NA,NA,NA,NA,0.211365238206305,1,1,0.211365238206305,"0.393714511878871",-0.0790428376355905,0.737610799398833
390151,-0.48058608455015,NA,0.0483232643585746,0.0345732933243508,-0.596715909800209,-0.741823052163566,0.773047818635895,1.28511505137699,7,0.142857142857143,0.0459906258831267,"0.169511432886587",-0.0790428376355905,0.737610799398833
390153,0.635591151542161,NA,0.825396463973357,1.13500618832704,1.32243508416975,0.609864909892471,1.86232396390159,1.28511505137699,7,0.142857142857143,1.0965332590262,"1.59376204581048",-0.0790428376355905,0.737610799398833
390156,-0.652305659333582,NA,1.21393306378075,1.13500618832704,-0.451874325349647,0.374788742578378,0.338891003209075,0.748240144791648,7,0.142857142857143,0.38666845114338,"0.631378077922034",-0.0790428376355905,0.737610799398833
390160,NA,NA,NA,-0.194683559801209,-0.415663929237006,NA,NA,0.569281842596533,3,0.333333333333333,-0.013688548813894,"0.0886026734898153",-0.0790428376355905,0.737610799398833
390162,NA,NA,0.0483232643585746,0.263830146449911,0.27233359690317,NA,NA,0.569281842596533,4,0.25,0.288442212577047,"0.498209964539761",-0.0790428376355905,0.737610799398833
390163,NA,NA,-0.210701135513018,-0.378089042301657,-0.307032740899083,NA,NA,-1.75717608593996,4,0.25,-0.66324975116343,"-0.792025976306176",-0.0790428376355905,0.737610799398833
390164,1.32246945067589,0.430367775305794,0.954908663909153,0.951600705826591,1.06896231138127,0.492326826235425,0.25861946477032,1.64303165576722,8,0.125,0.890285856733958,"1.31414655962137",-0.0790428376355905,0.737610799398833
390168,-1.94020247020933,-1.1242260252886,-0.858262135192003,-0.607345895427217,-0.343243137011723,-1.21197538679175,-1.08830242483913,-0.504467970574157,8,0.125,-0.959753180666739,"-1.19400413300476",-0.0790428376355905,0.737610799398833
390173,0.292152001975297,NA,-1.70009143477468,-1.7077787904299,-1.06745105926454,-0.741823052163566,NA,-1.22030117935462,6,0.166666666666667,-1.02421558566867,"-1.28139765416045",-0.0790428376355905,0.737610799398833
390174,1.83762817502619,0.310783636798532,1.47295746365234,1.63937126520327,0.924120726930704,1.25632437000623,0.580137185936304,2.17990656235257,8,0.125,1.27515367323827,"1.8359228362404",-0.0790428376355905,0.737610799398833
390178,NA,NA,0.177835464294372,-0.561494524802105,0.924120726930704,-0.97689921947766,NA,-0.146551366183927,5,0.2,-0.116597783847723,"-0.0509143117789767",-0.0790428376355905,0.737610799398833
390179,1.32246945067589,0.310783636798532,0.631128164069661,0.676492482075919,1.06896231138127,0.962479160863611,0.0609615905501566,1.10615674918188,8,0.125,0.767429193199615,"1.1475862765636",-0.0790428376355905,0.737610799398833
390180,-1.85434268281761,NA,0.436859864165966,-0.332237671676545,0.127492012452607,-1.62335867959142,-0.536327706219942,-0.504467970574157,7,0.142857142857143,-0.612340404894443,"-0.723006723455649",-0.0790428376355905,0.737610799398833
390183,NA,NA,-0.858262135192003,1.54766852395305,1.06896231138127,0.492326826235425,NA,0.390323540401418,5,0.2,0.528203813355831,"0.823261605559923",-0.0790428376355905,0.737610799398833
390184,NA,NA,NA,NA,NA,NA,NA,NA,0,NA,NA,"NaN",-0.0790428376355905,0.737610799398833
390185,0.635591151542161,NA,0.24259156426227,-0.423940412926769,0.308543993015811,0.257250658921331,-0.62566216028888,-0.325509668379042,7,0.142857142857143,0.00983787516384033,"0.12049811753281",-0.0790428376355905,0.737610799398833
390195,1.23660966328417,1.0282884678421,1.08442086384495,1.18085755895215,0.706858350254859,0.727402993549518,-0.352048421739571,1.28511505137699,8,0.125,0.862188065920647,"1.27605358316792",-0.0790428376355905,0.737610799398833
390198,NA,NA,NA,-1.52437330792946,-0.0897703642232385,NA,NA,-1.39925948154973,3,0.333333333333333,-1.00446771790081,"-1.2546249065489",-0.0790428376355905,0.737610799398833
390199,NA,NA,NA,-0.0571294479258733,-0.307032740899083,NA,NA,-0.683426272769272,3,0.333333333333333,-0.349196153864743,"-0.366254556534872",-0.0790428376355905,0.737610799398833
390201,0.979030301109026,0.0716153597840098,0.890152563941255,0.172127405199687,0.779279142480142,0.198481617092807,0.0333412762486497,0.211365238206305,8,0.125,0.416924113007735,"0.67239654170946",-0.0790428376355905,0.737610799398833
390203,0.807310726325593,-0.765473609766821,0.24259156426227,0.401384258325247,0.380964785241092,0.844941077206565,1.46743978287223,0.390323540401418,8,0.125,0.471185265608449,"0.745959934009218",-0.0790428376355905,0.737610799398833
390204,-1.16746438368388,NA,0.0483232643585746,-0.561494524802105,-0.0173495719979558,0.551095868063948,NA,-0.325509668379042,6,0.166666666666667,-0.24539983607341,"-0.225534927869011",-0.0790428376355905,0.737610799398833
390211,0.378011789367012,NA,-0.728749935256206,0.584789740825695,0.0550712202273249,-0.800592093992089,NA,0.211365238206305,6,0.166666666666667,-0.0500173401036598,"0.0393506949133432",-0.0790428376355905,0.737610799398833
390217,NA,NA,-0.728749935256206,0.722343852701031,0.0912816163399657,NA,NA,-0.325509668379042,4,0.25,-0.0601585336485629,"0.0256019895620002",-0.0790428376355905,0.737610799398833
390219,0.20629221458358,NA,1.08442086384495,0.493086999575471,-0.886399078701336,0.198481617092807,NA,0.748240144791648,6,0.166666666666667,0.307353793531187,"0.52384893426411",-0.0790428376355905,0.737610799398833
390222,0.378011789367012,NA,0.890152563941255,0.905749335201479,0.236123200790529,1.1975553281777,0.243514605386683,0.569281842596533,7,0.142857142857143,0.631484095065885,"0.96328162939123",-0.0790428376355905,0.737610799398833
390223,1.23660966328417,1.38704088336389,1.14917696381285,1.45596578270282,1.35864548028239,1.25632437000623,0.768732144526285,1.82198995796234,8,0.125,1.30431065574262,"1.87545178908128",-0.0790428376355905,0.737610799398833
390225,0.463871576758728,NA,-0.340213335448815,0.676492482075919,-0.16219115644852,1.13878628634918,0.927548951759953,0.748240144791648,7,0.142857142857143,0.493219278548299,"0.775832073839339",-0.0790428376355905,0.737610799398833
390226,0.378011789367012,NA,1.79673796349183,2.28129045395484,1.82938062974672,1.1975553281777,-0.356364095849182,1.28511505137699,7,0.142857142857143,1.20167530289513,"1.73630611370459",-0.0790428376355905,0.737610799398833
390228,-0.308866509766717,NA,0.566372064101763,-0.469791783551881,0.417175181353733,-0.0953635920498098,0.364353480455777,0.0324069360111874,7,0.142857142857143,0.0723265395077218,"0.20521578218036",-0.0790428376355905,0.737610799398833
390231,-0.137146934983285,-0.0479687787232517,2.05576236336343,1.50181715332793,0.887910330818063,0.903710119035088,-0.660187553165763,0.748240144791648,8,0.125,0.656517105557983,"0.997219595744895",-0.0790428376355905,0.737610799398833
390233,-0.394726297158433,NA,-0.663993835288308,-0.378089042301657,0.380964785241092,1.13878628634918,NA,0.390323540401418,6,0.166666666666667,0.0788775728738822,"0.214097204973383",-0.0790428376355905,0.737610799398833
390237,-0.824025234117015,0.430367775305794,-0.340213335448815,-0.607345895427217,-1.13987185148982,0.727402993549518,0.575389944415733,-1.0413428771595,8,0.125,-0.277454810046416,"-0.268992770404846",-0.0790428376355905,0.737610799398833
390256,-0.308866509766717,0.669536052320317,0.113079364326474,0.584789740825695,1.57590785695824,1.25632437000623,0.669040072594281,1.10615674918188,8,0.125,0.708245962055799,"1.06734988198796",-0.0790428376355905,0.737610799398833
390258,1.15074987589246,0.669536052320317,-0.0811889355772215,0.676492482075919,-0.958819870926618,-1.15320634496323,-0.844898405057094,-0.504467970574157,8,0.125,-0.130725389601203,"-0.0700675098679888",-0.0790428376355905,0.737610799398833
390265,-0.652305659333582,0.191199498291271,-0.14594503554512,0.676492482075919,-1.17608224760246,-0.741823052163566,-0.0456355599572236,1.10615674918188,8,0.125,-0.0984928531316109,"-0.0263689407908243",-0.0790428376355905,0.737610799398833
390266,NA,NA,NA,-1.15756234292856,1.03275191526863,NA,NA,-0.325509668379042,3,0.333333333333333,-0.150106698679658,"-0.096343303408771",-0.0790428376355905,0.737610799398833
390267,0.807310726325593,0.310783636798532,0.954908663909153,1.27256030020237,0.851699934705422,-0.154132633878333,-1.08441831814048,1.28511505137699,8,0.125,0.530478420162407,"0.826345354887386",-0.0790428376355905,0.737610799398833
390268,-0.223006722375001,NA,0.501615964133864,-0.469791783551881,0.562016765804296,0.139712575264284,-0.60926259867236,0.748240144791648,7,0.142857142857143,0.0927891921992643,"0.232957584101129",-0.0790428376355905,0.737610799398833
390270,1.40832923806761,-1.00464188678134,1.21393306378075,0.584789740825695,1.39485587639504,1.60893862097737,0.12785453924912,1.28511505137699,8,0.125,0.827396780486403,"1.22888604513486",-0.0790428376355905,0.737610799398833
390272,NA,NA,NA,NA,NA,NA,NA,NA,0,NA,NA,"NaN",-0.0790428376355905,0.737610799398833
390304,NA,NA,NA,1.50181715332793,0.308543993015811,NA,NA,-0.683426272769272,3,0.333333333333333,0.375644957858158,"0.616433213646448",-0.0790428376355905,0.737610799398833
390307,NA,NA,NA,NA,NA,NA,NA,NA,0,NA,NA,"NaN",-0.0790428376355905,0.737610799398833
390316,NA,NA,NA,NA,NA,NA,NA,0.390323540401418,1,1,0.390323540401418,"0.636333386685161",-0.0790428376355905,0.737610799398833
390322,NA,NA,NA,NA,NA,NA,NA,0.390323540401418,1,1,0.390323540401418,"0.636333386685161",-0.0790428376355905,0.737610799398833
390323,NA,NA,NA,NA,NA,NA,NA,0.390323540401418,1,1,0.390323540401418,"0.636333386685161",-0.0790428376355905,0.737610799398833
390324,NA,NA,NA,NA,NA,NA,NA,0.211365238206305,1,1,0.211365238206305,"0.393714511878871",-0.0790428376355905,0.737610799398833
390325,NA,NA,NA,NA,NA,NA,NA,0.0324069360111874,1,1,0.0324069360111874,"0.151095637072575",-0.0790428376355905,0.737610799398833
390327,NA,NA,NA,NA,NA,NA,NA,0.211365238206305,1,1,0.211365238206305,"0.393714511878871",-0.0790428376355905,0.737610799398833
390328,1.15074987589246,NA,0.372103764198067,1.27256030020237,0.018860824114684,0.609864909892471,NA,0.748240144791648,6,0.166666666666667,0.695396636515284,"1.04992968484471",-0.0790428376355905,0.737610799398833
390329,1.40832923806761,0.430367775305794,1.34344526371654,-0.515643154176993,1.17759349971919,0.903710119035088,0.435993670675312,0.927198446986763,8,0.125,0.763874357416163,"1.14276688429555",-0.0790428376355905,0.737610799398833
390330,0.89317051371731,NA,0.825396463973357,1.54766852395305,0.960331123043346,1.37386245366328,NA,1.28511505137699,6,0.166666666666667,1.14759068828789,"1.66298205899806",-0.0790428376355905,0.737610799398833
390331,NA,NA,NA,NA,NA,NA,NA,NA,0,NA,NA,"NaN",-0.0790428376355905,0.737610799398833
390332,NA,NA,0.24259156426227,0.538938370200583,1.14138310360655,0.668633951720995,NA,1.46407335357211,5,0.2,0.811124068672501,"1.20682466557376",-0.0790428376355905,0.737610799398833
390333,NA,NA,NA,NA,0.489595973579015,NA,NA,0.390323540401418,2,0.5,0.439959756990216,"0.703626621314118",-0.0790428376355905,0.737610799398833
390334,0.549731364150444,NA,NA,0.584789740825695,2.19148459087313,0.316019700749854,NA,1.28511505137699,5,0.2,0.985428089595224,"1.4431335985026",-0.0790428376355905,0.737610799398833
390335,NA,NA,1.53771356362024,1.04330344707681,0.924120726930704,0.0809435334357605,NA,0.748240144791648,5,0.2,0.866864283171033,"1.28239326427644",-0.0790428376355905,0.737610799398833
390336,NA,NA,0.890152563941255,0.401384258325247,0.634437558029578,0.962479160863611,NA,0.569281842596533,5,0.2,0.691547076751245,"1.04471072686962",-0.0790428376355905,0.737610799398833
390337,NA,NA,NA,0.0345732933243508,0.7430687463675,NA,NA,-0.683426272769272,3,0.333333333333333,0.0314052556408596,"0.149737630423073",-0.0790428376355905,0.737610799398833
390338,NA,NA,NA,-0.0571294479258733,0.670647954142219,NA,NA,-1.22030117935462,3,0.333333333333333,-0.20226089104609,"-0.167050229620994",-0.0790428376355905,0.737610799398833
390339,-0.137146934983285,NA,NA,0.584789740825695,0.634437558029578,0.551095868063948,NA,0.748240144791648,5,0.2,0.476283275345517,"0.752871451222933",-0.0790428376355905,0.737610799398833
390430,NA,NA,NA,NA,NA,NA,NA,NA,0,NA,NA,"NaN",-0.0790428376355905,0.737610799398833
391300,NA,NA,NA,1.18085755895215,-0.125980760335879,0.0221744916072371,NA,-0.504467970574157,4,0.25,0.143145829912338,"0.301227514197211",-0.0790428376355905,0.737610799398833
391301,NA,NA,NA,-0.515643154176993,-1.46576541650359,NA,NA,0.390323540401418,3,0.333333333333333,-0.530361676759721,"-0.61186582340167",-0.0790428376355905,0.737610799398833
391302,NA,NA,NA,NA,NA,NA,NA,NA,0,NA,NA,"NaN",-0.0790428376355905,0.737610799398833
391303,NA,NA,-0.0164328356093239,-0.882454119177889,-1.2122926437151,NA,NA,0.0324069360111874,4,0.25,-0.519693165622782,"-0.597402218549851",-0.0790428376355905,0.737610799398833
391304,NA,NA,NA,NA,NA,NA,NA,NA,0,NA,NA,"NaN",-0.0790428376355905,0.737610799398833
391305,NA,NA,0.631128164069661,-0.515643154176993,0.199912804677888,NA,NA,-1.57821778374485,4,0.25,-0.315704992293572,"-0.320849633507083",-0.0790428376355905,0.737610799398833
391306,NA,NA,-0.469725535384612,-1.02000823105323,-2.29860452709433,NA,NA,-3.18884250350088,4,0.25,-1.74429519925826,"-2.25763012550777",-0.0790428376355905,0.737610799398833
391307,NA,NA,NA,NA,NA,NA,NA,0.0324069360111874,1,1,0.0324069360111874,"0.151095637072575",-0.0790428376355905,0.737610799398833
391308,NA,NA,NA,-2.71650894418237,-0.741557494250773,NA,NA,-0.862384574964387,3,0.333333333333333,-1.44015033779918,"-1.84529226154622",-0.0790428376355905,0.737610799398833
391309,NA,NA,NA,-2.39554934980658,-2.44344611154489,NA,NA,-3.00988420130577,3,0.333333333333333,-2.61629322088575,"-3.43982271587952",-0.0790428376355905,0.737610799398833
391312,NA,NA,NA,-0.882454119177889,0.127492012452607,NA,NA,-1.22030117935462,3,0.333333333333333,-0.658421095359967,"-0.785479629903169",-0.0790428376355905,0.737610799398833
391313,NA,NA,-0.923018235159901,-1.52437330792946,-1.90029016985528,NA,NA,-1.22030117935462,4,0.25,-1.39199572307481,"-1.78000767682537",-0.0790428376355905,0.737610799398833
391314,NA,NA,NA,-1.61607604917968,-1.13987185148982,NA,NA,-0.146551366183927,3,0.333333333333333,-0.96749975561781,"-1.20450638562549",-0.0790428376355905,0.737610799398833
391315,NA,NA,0.0483232643585746,-1.15756234292856,-0.488084721462287,0.551095868063948,NA,-0.146551366183927,5,0.2,-0.23855585963045,"-0.216256353791004",-0.0790428376355905,0.737610799398833
391316,NA,NA,-1.44106703490309,-0.699048636677441,-0.0535599681105977,-0.44797784302095,NA,0.211365238206305,5,0.2,-0.486057648901155,"-0.551801589127069",-0.0790428376355905,0.737610799398833
391317,NA,NA,NA,NA,NA,NA,NA,0.390323540401418,1,1,0.390323540401418,"0.636333386685161",-0.0790428376355905,0.737610799398833
391318,NA,NA,NA,NA,NA,NA,NA,NA,0,NA,NA,"NaN",-0.0790428376355905,0.737610799398833
400001,NA,NA,NA,NA,-2.08134215041848,NA,NA,-0.146551366183927,2,0.5,-1.11394675830121,"-1.40304876434711",-0.0790428376355905,0.737610799398833
400003,NA,NA,NA,NA,NA,NA,NA,-1.75717608593996,1,1,-1.75717608593996,"-2.27509311099035",-0.0790428376355905,0.737610799398833
400004,NA,NA,NA,NA,-1.50197581261623,NA,NA,-0.146551366183927,2,0.5,-0.824263589400078,"-1.01031702948473",-0.0790428376355905,0.737610799398833
400005,NA,NA,NA,NA,NA,NA,NA,NA,0,NA,NA,"NaN",-0.0790428376355905,0.737610799398833
400006,NA,NA,NA,NA,-1.71923818929207,NA,NA,-0.325509668379042,2,0.5,-1.02237392883556,"-1.27890086746127",-0.0790428376355905,0.737610799398833
400007,NA,NA,NA,NA,NA,NA,NA,-3.90467571228134,1,1,-3.90467571228134,"-5.18651960866586",-0.0790428376355905,0.737610799398833
400010,NA,NA,NA,NA,NA,NA,NA,NA,0,NA,NA,"NaN",-0.0790428376355905,0.737610799398833
400011,NA,NA,NA,NA,NA,NA,NA,-0.146551366183927,1,1,-0.146551366183927,"-0.0915232377337164",-0.0790428376355905,0.737610799398833
400012,NA,NA,NA,NA,NA,NA,NA,NA,0,NA,NA,"NaN",-0.0790428376355905,0.737610799398833
400013,NA,NA,NA,NA,NA,NA,NA,-2.29405099252531,1,1,-2.29405099252531,"-3.00294973540923",-0.0790428376355905,0.737610799398833
400014,NA,NA,NA,NA,NA,NA,NA,-0.325509668379042,1,1,-0.325509668379042,"-0.334142112540009",-0.0790428376355905,0.737610799398833
400015,NA,NA,NA,NA,NA,NA,NA,-1.57821778374485,1,1,-1.57821778374485,"-2.03247423618406",-0.0790428376355905,0.737610799398833
400016,-0.824025234117015,NA,0.372103764198067,0.447235628950359,-1.13987185148982,-1.03566826130618,NA,-1.39925948154973,6,0.166666666666667,-0.596580905885721,"-0.701641121133169",-0.0790428376355905,0.737610799398833
400018,NA,NA,NA,NA,NA,NA,NA,-1.57821778374485,1,1,-1.57821778374485,"-2.03247423618406",-0.0790428376355905,0.737610799398833
400019,-1.16746438368388,NA,NA,0.538938370200583,-2.33481492320697,NA,NA,-1.22030117935462,4,0.25,-1.04591052901122,"-1.31081010766606",-0.0790428376355905,0.737610799398833
400021,NA,NA,NA,NA,NA,NA,NA,-1.93613438813508,1,1,-1.93613438813508,"-2.51771198579664",-0.0790428376355905,0.737610799398833
400022,NA,NA,NA,NA,NA,NA,NA,-1.57821778374485,1,1,-1.57821778374485,"-2.03247423618406",-0.0790428376355905,0.737610799398833
400032,NA,NA,NA,NA,NA,NA,NA,-2.11509269033019,1,1,-2.11509269033019,"-2.76033086060294",-0.0790428376355905,0.737610799398833
400044,-0.48058608455015,NA,NA,NA,-0.777767890363414,NA,NA,-3.00988420130577,3,0.333333333333333,-1.42274605873978,"-1.82169678399412",-0.0790428376355905,0.737610799398833
400048,NA,NA,NA,NA,NA,NA,NA,-3.00988420130577,1,1,-3.00988420130577,"-3.9734252346344",-0.0790428376355905,0.737610799398833
400061,NA,NA,NA,NA,NA,NA,NA,-1.0413428771595,1,1,-1.0413428771595,"-1.30461761176518",-0.0790428376355905,0.737610799398833
400079,NA,NA,NA,NA,NA,NA,NA,-3.72571741008623,1,1,-3.72571741008623,"-4.94390073385957",-0.0790428376355905,0.737610799398833
400087,NA,NA,NA,NA,NA,NA,NA,-2.47300929472042,1,1,-2.47300929472042,"-3.24556861021552",-0.0790428376355905,0.737610799398833
400098,NA,NA,NA,NA,NA,NA,NA,-2.47300929472042,1,1,-2.47300929472042,"-3.24556861021552",-0.0790428376355905,0.737610799398833
400102,NA,NA,NA,NA,NA,NA,NA,-0.683426272769272,1,1,-0.683426272769272,"-0.819379862152595",-0.0790428376355905,0.737610799398833
400103,NA,NA,NA,-1.20341371355367,-1.32092383205303,NA,NA,-2.29405099252531,3,0.333333333333333,-1.60612951271067,"-2.07031496328373",-0.0790428376355905,0.737610799398833
400104,NA,NA,NA,NA,NA,0.139712575264284,NA,-5.33634212984226,2,0.5,-2.59831477728899,"-3.41544882708693",-0.0790428376355905,0.737610799398833
400105,NA,NA,NA,NA,NA,NA,NA,-1.57821778374485,1,1,-1.57821778374485,"-2.03247423618406",-0.0790428376355905,0.737610799398833
400106,NA,NA,NA,NA,NA,NA,NA,-1.75717608593996,1,1,-1.75717608593996,"-2.27509311099035",-0.0790428376355905,0.737610799398833
400109,-0.0512871475915684,NA,NA,0.676492482075919,-1.79165898151736,-1.50582059593437,NA,-1.57821778374485,5,0.2,-0.850098405342445,"-1.04534202635764",-0.0790428376355905,0.737610799398833
400110,NA,NA,NA,NA,NA,NA,NA,-3.54675910789111,1,1,-3.54675910789111,"-4.70128185905328",-0.0790428376355905,0.737610799398833
400111,NA,NA,NA,NA,NA,NA,NA,-1.75717608593996,1,1,-1.75717608593996,"-2.27509311099035",-0.0790428376355905,0.737610799398833
400112,NA,NA,NA,NA,NA,NA,NA,-2.29405099252531,1,1,-2.29405099252531,"-3.00294973540923",-0.0790428376355905,0.737610799398833
400113,NA,NA,NA,NA,NA,NA,NA,-2.65196759691554,1,1,-2.65196759691554,"-3.48818748502182",-0.0790428376355905,0.737610799398833
400114,NA,NA,NA,NA,NA,NA,NA,-4.26259231667157,1,1,-4.26259231667157,"-5.67175735827845",-0.0790428376355905,0.737610799398833
400115,NA,NA,NA,NA,NA,NA,NA,-1.57821778374485,1,1,-1.57821778374485,"-2.03247423618406",-0.0790428376355905,0.737610799398833
400117,NA,NA,NA,NA,NA,NA,NA,-6.41009194301295,1,1,-6.41009194301295,"-8.58318385595396",-0.0790428376355905,0.737610799398833
400118,NA,NA,NA,NA,NA,NA,NA,-2.11509269033019,1,1,-2.11509269033019,"-2.76033086060294",-0.0790428376355905,0.737610799398833
400120,NA,NA,NA,NA,NA,-0.154132633878333,NA,-2.65196759691554,2,0.5,-1.40305011539694,"-1.79499443180663",-0.0790428376355905,0.737610799398833
400122,NA,NA,NA,NA,NA,NA,NA,NA,0,NA,NA,"NaN",-0.0790428376355905,0.737610799398833
400123,NA,NA,NA,NA,NA,NA,NA,-1.22030117935462,1,1,-1.22030117935462,"-1.54723648657147",-0.0790428376355905,0.737610799398833
400124,0.549731364150444,NA,NA,-0.332237671676545,NA,NA,NA,-0.325509668379042,3,0.333333333333333,-0.036005325301714,"0.0583471830522993",-0.0790428376355905,0.737610799398833
400126,NA,NA,NA,NA,NA,NA,NA,-0.504467970574157,1,1,-0.504467970574157,"-0.576760987346302",-0.0790428376355905,0.737610799398833
400127,NA,NA,NA,NA,NA,NA,NA,NA,0,NA,NA,"NaN",-0.0790428376355905,0.737610799398833
400128,NA,NA,NA,NA,NA,NA,NA,-0.146551366183927,1,1,-0.146551366183927,"-0.0915232377337164",-0.0790428376355905,0.737610799398833
400132,NA,NA,NA,NA,NA,NA,NA,-1.57821778374485,1,1,-1.57821778374485,"-2.03247423618406",-0.0790428376355905,0.737610799398833
400135,NA,NA,NA,NA,NA,NA,NA,NA,0,NA,NA,"NaN",-0.0790428376355905,0.737610799398833
400137,NA,NA,NA,NA,NA,NA,NA,-1.57821778374485,1,1,-1.57821778374485,"-2.03247423618406",-0.0790428376355905,0.737610799398833
400138,NA,NA,NA,NA,NA,NA,NA,NA,0,NA,NA,"NaN",-0.0790428376355905,0.737610799398833
410004,NA,NA,-1.57057923483889,0.538938370200583,0.706858350254859,NA,NA,-0.146551366183927,4,0.25,-0.117833470141843,"-0.052589566934035",-0.0790428376355905,0.737610799398833
410005,-0.566445871941866,NA,-1.76484753474258,0.538938370200583,0.127492012452607,NA,NA,0.569281842596533,5,0.2,-0.219116236286945,"-0.189901501937766",-0.0790428376355905,0.737610799398833
410006,NA,NA,0.372103764198067,0.584789740825695,0.163702408565247,0.198481617092807,NA,0.927198446986763,5,0.2,0.449255195533716,"0.716228712486151",-0.0790428376355905,0.737610799398833
410007,0.807310726325593,0.310783636798532,-1.0525304350957,-1.20341371355367,0.236123200790529,-0.565515926677996,0.874897727622704,0.211365238206305,8,0.125,-0.0476224431979627,"0.042597524959282",-0.0790428376355905,0.737610799398833
410008,-0.223006722375001,NA,1.01966476387705,-0.102980818550985,0.27233359690317,-0.97689921947766,NA,-0.325509668379042,6,0.166666666666667,-0.0560663446670775,"0.0311498868878266",-0.0790428376355905,0.737610799398833
410009,-0.652305659333582,NA,1.34344526371654,0.722343852701031,0.0912816163399657,1.72647670463442,NA,0.390323540401418,6,0.166666666666667,0.603594219743299,"0.925470529899035",-0.0790428376355905,0.737610799398833
410010,NA,NA,NA,NA,NA,NA,NA,0.0324069360111874,1,1,0.0324069360111874,"0.151095637072575",-0.0790428376355905,0.737610799398833
410011,0.120432427191864,NA,-0.9877743351278,0.676492482075919,0.018860824114684,0.492326826235425,NA,0.569281842596533,6,0.166666666666667,0.148270011181104,"0.308174512902955",-0.0790428376355905,0.737610799398833
410012,1.75176838763447,NA,0.372103764198067,-0.423940412926769,0.996541519155986,2.13785999743408,0.375142665729804,1.64303165576722,7,0.142857142857143,0.978929653856123,"1.43432348381285",-0.0790428376355905,0.737610799398833
410013,NA,NA,0.69588426403756,-0.102980818550985,-1.13987185148982,-0.918130177649138,NA,-0.325509668379042,5,0.2,-0.358121650406285,"-0.378355106782804",-0.0790428376355905,0.737610799398833
420002,-1.94020247020933,-0.0479687787232517,0.0483232643585746,-0.102980818550985,-0.234611948673802,-1.50582059593437,-0.918264864920474,0.569281842596533,8,0.125,-0.516530546257138,"-0.593114565266816",-0.0790428376355905,0.737610799398833
420004,0.292152001975297,0.789120190827578,1.08442086384495,0.0804246639494628,0.0912816163399657,-0.0365945502212864,-0.466845353055212,1.10615674918188,8,0.125,0.367514522855329,"0.605410551004503",-0.0790428376355905,0.737610799398833
420005,NA,NA,-0.0811889355772215,-0.378089042301657,0.417175181353733,0.609864909892471,NA,-0.146551366183927,5,0.2,0.08424214943668,"0.221370114436165",-0.0790428376355905,0.737610799398833
420007,-1.33918395846731,-0.765473609766821,-2.67143293429316,-0.928305489803001,-0.596715909800209,-1.21197538679175,-2.29971214740681,-1.93613438813508,8,0.125,-1.46861672805802,"-1.88388495878173",-0.0790428376355905,0.737610799398833
420009,0.979030301109026,NA,0.436859864165966,0.447235628950359,-0.19840155256116,0.668633951720995,-0.0447724251353011,0.927198446986763,7,0.142857142857143,0.459397745033807,"0.729979256144618",-0.0790428376355905,0.737610799398833
420010,0.463871576758728,NA,-0.210701135513018,-2.30384660855636,-0.524295117574929,-0.154132633878333,NA,-1.22030117935462,6,0.166666666666667,-0.658234183019755,"-0.785226227512147",-0.0790428376355905,0.737610799398833
420011,NA,NA,NA,NA,0.308543993015811,NA,NA,-0.325509668379042,2,0.5,-0.00848283768161542,"0.0956602045570412",-0.0790428376355905,0.737610799398833
420015,0.549731364150444,NA,-1.50582313487099,0.309681517075023,0.380964785241092,0.257250658921331,NA,1.10615674918188,6,0.166666666666667,0.182993656616464,"0.355250349460202",-0.0790428376355905,0.737610799398833
420018,0.378011789367012,-0.406721194245036,-0.858262135192003,0.401384258325247,0.489595973579015,-0.859361135820613,1.50412301280392,0.211365238206305,8,0.125,0.107516975877981,"0.25292446052257",-0.0790428376355905,0.737610799398833
420019,NA,NA,NA,NA,-0.379453533124364,NA,NA,0.390323540401418,2,0.5,0.0054350036385267,"0.114529019020557",-0.0790428376355905,0.737610799398833
420020,-0.824025234117015,NA,-0.340213335448815,-1.98288701418058,0.7430687463675,0.903710119035088,NA,-0.325509668379042,6,0.166666666666667,-0.304309397787143,"-0.305400300992271",-0.0790428376355905,0.737610799398833
420023,0.20629221458358,0.90870432933484,-0.923018235159901,-0.240534930426321,0.0912816163399657,0.0221744916072371,-0.240704029711619,2.00094826015745,8,0.125,0.228142964590654,"0.416460554097916",-0.0790428376355905,0.737610799398833
420026,-0.652305659333582,0.191199498291271,-0.923018235159901,-0.378089042301657,-0.125980760335879,0.668633951720995,0.386363418414792,-0.146551366183927,8,0.125,-0.122468524360986,"-0.0588734421469809",-0.0790428376355905,0.737610799398833
420027,0.120432427191864,0.549951913813056,-1.0525304350957,-1.20341371355367,-0.270822344786443,-0.741823052163566,0.142959398632757,-0.504467970574157,8,0.125,-0.369964222066982,"-0.394410418975018",-0.0790428376355905,0.737610799398833
420030,NA,NA,-0.534481635352511,-0.148832189176097,-0.63292630591285,-0.565515926677996,NA,-0.325509668379042,5,0.2,-0.441453145099699,"-0.491329991046064",-0.0790428376355905,0.737610799398833
420033,NA,NA,-0.923018235159901,0.0804246639494628,-0.19840155256116,0.433557784406901,NA,0.927198446986763,5,0.2,0.0639522215244132,"0.193862480425378",-0.0790428376355905,0.737610799398833
420036,-0.308866509766717,NA,-1.70009143477468,-1.11171097230345,0.344754389128452,0.316019700749854,0.921507008006497,0.0324069360111874,7,0.142857142857143,-0.215140126135551,"-0.184510975992871",-0.0790428376355905,0.737610799398833
420037,NA,NA,1.01966476387705,-0.515643154176993,1.03275191526863,0.551095868063948,NA,0.390323540401418,5,0.2,0.49563858668681,"0.779111998889898",-0.0790428376355905,0.737610799398833
420038,NA,NA,-0.793506035224105,0.355532887700135,-0.451874325349647,0.668633951720995,NA,0.927198446986763,5,0.2,0.141196985166828,"0.298585409787815",-0.0790428376355905,0.737610799398833
420043,NA,NA,-0.404969435416714,-1.61607604917968,-0.777767890363414,NA,NA,-1.39925948154973,4,0.25,-1.04951821412739,"-1.31570114928191",-0.0790428376355905,0.737610799398833
420048,NA,NA,-0.275457235480917,-1.11171097230345,-1.97271096208056,0.198481617092807,NA,-0.504467970574157,5,0.2,-0.733173104669255,"-0.886823061114064",-0.0790428376355905,0.737610799398833
420049,-1.42504374585903,NA,-2.02387193461417,-2.57895483230703,-0.958819870926618,-0.44797784302095,NA,0.569281842596533,6,0.166666666666667,-1.14423106402188,"-1.44410606142757",-0.0790428376355905,0.737610799398833
420051,-0.738165446725299,0.789120190827578,-1.76484753474258,-0.928305489803001,0.0912816163399657,0.316019700749854,-0.0611719867518209,0.569281842596533,8,0.125,-0.215848388438596,"-0.185471187399242",-0.0790428376355905,0.737610799398833
420053,NA,NA,NA,-1.7077787904299,-2.47965650765753,NA,NA,-1.0413428771595,3,0.333333333333333,-1.74292605841565,"-2.25577394221472",-0.0790428376355905,0.737610799398833
420055,NA,NA,-0.858262135192003,-0.0571294479258733,-0.958819870926618,-0.800592093992089,NA,0.211365238206305,5,0.2,-0.492687661966056,"-0.560790086950454",-0.0790428376355905,0.737610799398833
420065,NA,NA,-0.923018235159901,-1.2951164548039,0.127492012452607,0.962479160863611,0.698386656539633,1.46407335357211,6,0.166666666666667,0.172382748910693,"0.340864839223071",-0.0790428376355905,0.737610799398833
420067,-1.59676332064246,NA,-0.14594503554512,0.172127405199687,0.996541519155986,0.551095868063948,-0.238114625245853,-0.683426272769272,7,0.142857142857143,-0.134926351683298,"-0.0757628739889024",-0.0790428376355905,0.737610799398833
420070,-1.42504374585903,NA,-1.57057923483889,-0.515643154176993,-1.61060700095415,0.316019700749854,NA,-0.146551366183927,6,0.166666666666667,-0.825400800210522,"-1.0118587786177",-0.0790428376355905,0.737610799398833
420071,0.0345726398001479,-0.287137055737774,0.113079364326474,-0.653197266052329,-0.125980760335879,-0.565515926677996,0.401036710387468,-1.22030117935462,8,0.125,-0.287930434205563,"-0.283194872879058",-0.0790428376355905,0.737610799398833
420072,NA,NA,NA,NA,-0.343243137011723,NA,NA,0.0324069360111874,2,0.5,-0.155418100500268,"-0.103544122356838",-0.0790428376355905,0.737610799398833
420073,0.979030301109026,-0.406721194245036,-0.728749935256206,-0.332237671676545,-1.13987185148982,-0.918130177649138,-0.771963512604676,-0.683426272769272,8,0.125,-0.500258789322709,"-0.571054480263056",-0.0790428376355905,0.737610799398833
420078,0.549731364150444,-1.48297844081039,1.21393306378075,-0.102980818550985,0.815489538592783,0.374788742578378,1.72292769016117,1.10615674918188,8,0.125,0.524633486135504,"0.818421211109032",-0.0790428376355905,0.737610799398833
420079,1.32246945067589,0.669536052320317,-1.37631093493519,0.309681517075023,-0.19840155256116,0.198481617092807,-0.00506822332688466,-0.683426272769272,8,0.125,0.0296202066964414,"0.14731758865325",-0.0790428376355905,0.737610799398833
420080,-0.909885021508731,0.0716153597840098,-0.9877743351278,0.722343852701031,0.0912816163399657,-0.0365945502212864,-0.721901692933194,0.211365238206305,8,0.125,-0.194943691594962,"-0.157130093612829",-0.0790428376355905,0.737610799398833
420082,-1.33918395846731,NA,0.631128164069661,-0.836602748552777,-0.886399078701336,-2.85750855799041,-0.406857482931626,-1.75717608593996,7,0.142857142857143,-1.06465710693054,"-1.33622537806963",-0.0790428376355905,0.737610799398833
420085,-0.652305659333582,-0.645889471259559,-0.858262135192003,0.309681517075023,-0.886399078701336,0.198481617092807,1.38673667702251,0.569281842596533,8,0.125,-0.0723343363374505,"0.00909490655994679",-0.0790428376355905,0.737610799398833
420086,NA,NA,0.372103764198067,-0.515643154176993,0.199912804677888,0.903710119035088,0.126991404427198,0.927198446986763,6,0.166666666666667,0.335712230858002,"0.562295276630475",-0.0790428376355905,0.737610799398833
420087,0.0345726398001479,0.191199498291271,0.24259156426227,0.263830146449911,0.453385577466374,0.609864909892471,-0.11813888499868,1.28511505137699,8,0.125,0.370302562817595,"0.609190376306055",-0.0790428376355905,0.737610799398833
420089,NA,NA,NA,0.768195223326143,1.43106627250768,-1.03566826130618,NA,-0.146551366183927,4,0.25,0.254260467085927,"0.451868797193813",-0.0790428376355905,0.737610799398833
420091,0.721450938933877,NA,-1.82960363471048,0.768195223326143,-0.270822344786443,0.668633951720995,0.4549826367576,0.390323540401418,7,0.142857142857143,0.129022901663301,"0.282080657534393",-0.0790428376355905,0.737610799398833
420098,-1.16746438368388,NA,0.825396463973357,-0.378089042301657,-0.777767890363414,0.0221744916072371,-0.621346486179269,0.0324069360111874,7,0.142857142857143,-0.294955701562348,"-0.292719228219992",-0.0790428376355905,0.737610799398833
420101,NA,NA,-0.0811889355772215,-0.469791783551881,-0.560505513687569,-0.97689921947766,NA,-0.504467970574157,5,0.2,-0.518570684573697,"-0.595880438974498",-0.0790428376355905,0.737610799398833
420102,NA,NA,NA,NA,NA,NA,NA,0.390323540401418,1,1,0.390323540401418,"0.636333386685161",-0.0790428376355905,0.737610799398833
420103,NA,NA,0.954908663909153,-0.515643154176993,0.380964785241092,1.31509341183475,NA,0.0324069360111874,5,0.2,0.433546128563838,"0.694931482317231",-0.0790428376355905,0.737610799398833
420104,NA,NA,0.631128164069661,0.493086999575471,1.03275191526863,0.609864909892471,NA,1.28511505137699,5,0.2,0.810389408036644,"1.20582866519462",-0.0790428376355905,0.737610799398833
420105,-2.02606225760104,NA,1.01966476387705,-1.15756234292856,-0.777767890363414,1.08001724452066,-0.331764753424402,0.390323540401418,7,0.142857142857143,-0.257593099359755,"-0.242065682701076",-0.0790428376355905,0.737610799398833
420106,NA,NA,0.631128164069661,0.493086999575471,-0.451874325349647,NA,NA,0.390323540401418,4,0.25,0.265666094674226,"0.467331731843895",-0.0790428376355905,0.737610799398833
420107,NA,NA,0.307347664230169,0.263830146449911,-0.307032740899083,NA,NA,-0.146551366183927,4,0.25,0.0293984258992676,"0.147016914100553",-0.0790428376355905,0.737610799398833
420108,NA,NA,NA,NA,-1.42955502039095,NA,NA,-1.0413428771595,2,0.5,-1.23544894877523,"-1.56777274964267",-0.0790428376355905,0.737610799398833
420109,NA,NA,-0.0164328356093239,-1.11171097230345,-1.68302779317943,-0.0953635920498098,NA,-0.504467970574157,5,0.2,-0.682200632743235,"-0.817718227009731",-0.0790428376355905,0.737610799398833
420110,NA,NA,-0.14594503554512,0.0345732933243508,0.163702408565247,0.786172035378042,NA,-0.146551366183927,5,0.2,0.138390267107719,"0.294780262057607",-0.0790428376355905,0.737610799398833
421300,NA,NA,NA,NA,NA,NA,NA,NA,0,NA,NA,"NaN",-0.0790428376355905,0.737610799398833
421301,NA,NA,NA,NA,-0.777767890363414,NA,NA,0.0324069360111874,2,0.5,-0.372680477176113,"-0.398092923503619",-0.0790428376355905,0.737610799398833
421304,NA,NA,NA,NA,NA,NA,NA,NA,0,NA,NA,"NaN",-0.0790428376355905,0.737610799398833
430005,-0.652305659333582,NA,-0.728749935256206,-1.43267056667923,-0.0173495719979558,-0.506746884849472,NA,-1.0413428771595,6,0.166666666666667,-0.729860915879325,"-0.882332632296279",-0.0790428376355905,0.737610799398833
430008,NA,NA,NA,-0.744900007302553,0.236123200790529,-0.44797784302095,NA,0.211365238206305,4,0.25,-0.186347352831667,"-0.145475791953605",-0.0790428376355905,0.737610799398833
430012,NA,NA,NA,-1.84533290230524,0.127492012452607,0.316019700749854,NA,0.211365238206305,4,0.25,-0.297613987724119,"-0.296323142593178",-0.0790428376355905,0.737610799398833
430014,0.549731364150444,NA,0.501615964133864,0.493086999575471,0.562016765804296,-0.800592093992089,0.0773611521666777,-0.325509668379042,7,0.142857142857143,0.151101497637089,"0.312013239855289",-0.0790428376355905,0.737610799398833
430015,NA,NA,0.0483232643585746,-2.62480620293214,-1.32092383205303,0.0809435334357605,NA,0.211365238206305,5,0.2,-0.721019599796906,"-0.870346207897903",-0.0790428376355905,0.737610799398833
430016,0.0345726398001479,NA,-0.404969435416714,0.355532887700135,0.598227161916937,-0.0953635920498098,0.150296044619096,1.82198995796234,7,0.142857142857143,0.351469380647447,"0.583657694049373",-0.0790428376355905,0.737610799398833
430027,2.26692711198477,0.0716153597840098,-1.76484753474258,0.401384258325247,1.46727666862032,1.90278383011999,-0.759448057686806,1.64303165576722,8,0.125,0.65359041152152,"0.993251793160053",-0.0790428376355905,0.737610799398833
430048,NA,NA,NA,0.0804246639494628,-0.669136702025491,NA,NA,-0.146551366183927,3,0.333333333333333,-0.245087801419985,"-0.225111893589037",-0.0790428376355905,0.737610799398833
430077,0.120432427191864,0.310783636798532,-1.18204263503149,0.722343852701031,0.453385577466374,0.257250658921331,-0.382689707917807,0.0324069360111874,8,0.125,0.0414838432676273,"0.163401459145459",-0.0790428376355905,0.737610799398833
430084,NA,NA,NA,NA,NA,NA,NA,0.211365238206305,1,1,0.211365238206305,"0.393714511878871",-0.0790428376355905,0.737610799398833
430089,NA,NA,NA,NA,NA,NA,NA,-0.504467970574157,1,1,-0.504467970574157,"-0.576760987346302",-0.0790428376355905,0.737610799398833
430090,NA,NA,NA,NA,NA,NA,NA,0.390323540401418,1,1,0.390323540401418,"0.636333386685161",-0.0790428376355905,0.737610799398833
430091,NA,NA,NA,NA,NA,NA,NA,0.569281842596533,1,1,0.569281842596533,"0.878952261491454",-0.0790428376355905,0.737610799398833
430093,NA,NA,NA,NA,NA,NA,NA,NA,0,NA,NA,"NaN",-0.0790428376355905,0.737610799398833
430095,0.120432427191864,-0.885057748274082,NA,0.172127405199687,NA,NA,0.0657088320707288,0.0324069360111874,5,0.2,-0.098876429560123,"-0.0268889662959073",-0.0790428376355905,0.737610799398833
430097,NA,NA,-0.340213335448815,-0.469791783551881,1.14138310360655,NA,NA,-0.504467970574157,4,0.25,-0.043272496492076,"0.0484948717842364",-0.0790428376355905,0.737610799398833
430098,NA,NA,0.890152563941255,NA,NA,NA,NA,-0.146551366183927,2,0.5,0.371800598878664,"0.611221306523306",-0.0790428376355905,0.737610799398833
431300,NA,NA,NA,0.0345732933243508,0.380964785241092,NA,NA,-0.862384574964387,3,0.333333333333333,-0.148948832132981,"-0.0947735507050134",-0.0790428376355905,0.737610799398833
431301,NA,NA,NA,NA,0.308543993015811,NA,NA,0.0324069360111874,2,0.5,0.170475464513499,"0.338279079363333",-0.0790428376355905,0.737610799398833
431302,NA,NA,NA,NA,-0.234611948673802,NA,NA,-1.22030117935462,2,0.5,-0.72745656401421,"-0.879072983892167",-0.0790428376355905,0.737610799398833
431305,NA,NA,NA,NA,NA,NA,NA,-0.325509668379042,1,1,-0.325509668379042,"-0.334142112540009",-0.0790428376355905,0.737610799398833
431306,NA,NA,NA,NA,0.380964785241092,NA,NA,0.390323540401418,2,0.5,0.385644162821255,"0.629989421027423",-0.0790428376355905,0.737610799398833
431307,NA,NA,NA,NA,NA,NA,NA,NA,0,NA,NA,"NaN",-0.0790428376355905,0.737610799398833
431308,NA,NA,NA,NA,NA,NA,NA,NA,0,NA,NA,"NaN",-0.0790428376355905,0.737610799398833
431309,NA,NA,NA,NA,NA,NA,NA,-0.325509668379042,1,1,-0.325509668379042,"-0.334142112540009",-0.0790428376355905,0.737610799398833
431310,NA,NA,NA,NA,-0.16219115644852,NA,NA,-0.325509668379042,2,0.5,-0.243850412413781,"-0.223434330018638",-0.0790428376355905,0.737610799398833
431311,NA,NA,NA,NA,-0.958819870926618,NA,NA,NA,1,1,-0.958819870926618,"-1.1927388183688",-0.0790428376355905,0.737610799398833
431312,NA,NA,NA,NA,NA,NA,NA,0.0324069360111874,1,1,0.0324069360111874,"0.151095637072575",-0.0790428376355905,0.737610799398833
431313,NA,NA,NA,NA,NA,NA,NA,0.211365238206305,1,1,0.211365238206305,"0.393714511878871",-0.0790428376355905,0.737610799398833
431314,NA,NA,NA,NA,NA,NA,NA,NA,0,NA,NA,"NaN",-0.0790428376355905,0.737610799398833
431315,NA,NA,NA,NA,NA,NA,NA,0.211365238206305,1,1,0.211365238206305,"0.393714511878871",-0.0790428376355905,0.737610799398833
431316,NA,NA,0.566372064101763,-0.423940412926769,-1.24850303982774,NA,NA,-0.862384574964387,4,0.25,-0.492113990904284,"-0.560012344728893",-0.0790428376355905,0.737610799398833
431318,NA,NA,NA,NA,NA,NA,NA,NA,0,NA,NA,"NaN",-0.0790428376355905,0.737610799398833
431319,NA,NA,NA,NA,0.7430687463675,NA,NA,-0.325509668379042,2,0.5,0.208779538994229,"0.390209005703822",-0.0790428376355905,0.737610799398833
431320,NA,NA,NA,NA,NA,NA,NA,0.0324069360111874,1,1,0.0324069360111874,"0.151095637072575",-0.0790428376355905,0.737610799398833
431321,NA,NA,NA,NA,0.344754389128452,NA,NA,0.390323540401418,2,0.5,0.367538964764935,"0.605443687598525",-0.0790428376355905,0.737610799398833
431322,NA,NA,NA,NA,0.0912816163399657,NA,NA,-0.325509668379042,2,0.5,-0.117114026019538,"-0.0516141960163493",-0.0790428376355905,0.737610799398833
431323,NA,NA,NA,NA,1.25001429194447,NA,NA,0.569281842596533,2,0.5,0.909648067270502,"1.34039646072413",-0.0790428376355905,0.737610799398833
431324,NA,NA,NA,NA,NA,NA,NA,NA,0,NA,NA,"NaN",-0.0790428376355905,0.737610799398833
431325,NA,NA,NA,NA,-0.343243137011723,NA,NA,-0.146551366183927,2,0.5,-0.244897251597825,"-0.224853559759983",-0.0790428376355905,0.737610799398833
431326,NA,NA,NA,NA,NA,NA,NA,-0.146551366183927,1,1,-0.146551366183927,"-0.0915232377337164",-0.0790428376355905,0.737610799398833
431327,NA,NA,NA,NA,NA,NA,NA,-0.504467970574157,1,1,-0.504467970574157,"-0.576760987346302",-0.0790428376355905,0.737610799398833
431328,NA,NA,NA,NA,NA,NA,NA,NA,0,NA,NA,"NaN",-0.0790428376355905,0.737610799398833
431329,NA,NA,NA,NA,-1.46576541650359,NA,NA,-0.683426272769272,2,0.5,-1.07459584463643,"-1.34969960826527",-0.0790428376355905,0.737610799398833
431330,NA,NA,NA,-0.561494524802105,-0.415663929237006,NA,NA,-0.862384574964387,3,0.333333333333333,-0.613181009667833,"-0.724146355323939",-0.0790428376355905,0.737610799398833
431331,NA,NA,NA,NA,NA,NA,NA,0.0324069360111874,1,1,0.0324069360111874,"0.151095637072575",-0.0790428376355905,0.737610799398833
431332,NA,NA,NA,NA,NA,NA,NA,NA,0,NA,NA,"NaN",-0.0790428376355905,0.737610799398833
431333,NA,NA,NA,NA,-0.0535599681105977,NA,NA,NA,1,1,-0.0535599681105977,"0.0345478530761234",-0.0790428376355905,0.737610799398833
431334,NA,NA,NA,NA,0.0550712202273249,NA,NA,-0.325509668379042,2,0.5,-0.135219224075858,"-0.0761599294452477",-0.0790428376355905,0.737610799398833
431335,NA,NA,-0.793506035224105,NA,-2.76933967655866,NA,NA,-2.11509269033019,3,0.333333333333333,-1.89264613403765,"-2.45875371927876",-0.0790428376355905,0.737610799398833
431336,NA,NA,NA,NA,-1.46576541650359,NA,NA,-0.325509668379042,2,0.5,-0.895637542441315,"-1.10708073345898",-0.0790428376355905,0.737610799398833
431337,NA,NA,NA,NA,-1.79165898151736,NA,NA,-1.0413428771595,2,0.5,-1.41650092933843,"-1.81323008393165",-0.0790428376355905,0.737610799398833
431338,NA,NA,NA,NA,0.562016765804296,NA,NA,0.390323540401418,2,0.5,0.476170153102857,"0.752718088171915",-0.0790428376355905,0.737610799398833
431339,NA,NA,NA,-1.98288701418058,0.0912816163399657,NA,NA,-0.325509668379042,3,0.333333333333333,-0.739038355406551,"-0.894774748836201",-0.0790428376355905,0.737610799398833
431340,NA,NA,-1.1172865350636,-0.0571294479258733,-0.922609474813977,0.0221744916072371,NA,-0.504467970574157,5,0.2,-0.515863787354073,"-0.592210621203621",-0.0790428376355905,0.737610799398833
431383,NA,NA,NA,NA,NA,NA,NA,NA,0,NA,NA,"NaN",-0.0790428376355905,0.737610799398833
440002,-0.738165446725299,0.310783636798532,-1.76484753474258,-0.744900007302553,-1.42955502039095,0.0221744916072371,-0.40901531998643,-0.504467970574157,8,0.125,-0.657249146414525,"-0.783890785289727",-0.0790428376355905,0.737610799398833
440003,-1.42504374585903,NA,0.24259156426227,0.997452076451703,0.417175181353733,0.0809435334357605,1.00738892278775,0.390323540401418,7,0.142857142857143,0.244404438976229,"0.438506698756899",-0.0790428376355905,0.737610799398833
440006,-0.652305659333582,NA,-0.793506035224105,0.630641111450807,-0.99503026703926,-1.74089676324846,-0.606241626795631,0.569281842596533,7,0.142857142857143,-0.512579628227672,"-0.587758193000187",-0.0790428376355905,0.737610799398833
440007,NA,NA,-1.24679873499939,NA,-0.958819870926618,NA,NA,-1.57821778374485,3,0.333333333333333,-1.26127879655695,"-1.60279101103849",-0.0790428376355905,0.737610799398833
440008,NA,NA,NA,NA,NA,NA,NA,-4.97842552545203,1,1,-4.97842552545203,"-6.64223285750362",-0.0790428376355905,0.737610799398833
440009,0.463871576758728,NA,0.0483232643585746,-0.0571294479258733,-0.488084721462287,-0.565515926677996,NA,0.0324069360111874,6,0.166666666666667,-0.0943547198229443,"-0.0207587554301445",-0.0790428376355905,0.737610799398833
440011,0.20629221458358,NA,-0.534481635352511,-1.57022467855457,-1.0312406631519,-0.44797784302095,-0.746501035357974,-2.65196759691554,7,0.142857142857143,-0.968014462538551,"-1.20520418847919",-0.0790428376355905,0.737610799398833
440012,-1.2533241710756,-1.48297844081039,-1.76484753474258,-1.24926508417879,-2.0089213581932,0.0221744916072371,-0.698597052741297,-0.862384574964387,8,0.125,-1.16226796563738,"-1.46855920342359",-0.0790428376355905,0.737610799398833
440015,0.0345726398001479,-0.167552917230512,1.08442086384495,0.722343852701031,-0.0173495719979558,-1.27074442862028,-1.93460611773375,-0.146551366183927,8,0.125,-0.211933380677537,"-0.18016349970778",-0.0790428376355905,0.737610799398833
440016,NA,NA,NA,-0.286386301051433,-0.125980760335879,NA,NA,-1.0413428771595,3,0.333333333333333,-0.484569979515605,"-0.549784713307515",-0.0790428376355905,0.737610799398833
440017,0.378011789367012,-0.526305332752297,-2.08862803458207,-1.47852193730435,-0.850188682588695,-0.0953635920498098,0.23790422904419,-0.504467970574157,8,0.125,-0.615944941430022,"-0.727893496450997",-0.0790428376355905,0.737610799398833
440018,NA,NA,-0.9877743351278,-0.332237671676545,-1.28471343594039,NA,NA,-0.683426272769272,4,0.25,-0.8220379288785,"-1.00729963803196",-0.0790428376355905,0.737610799398833
440020,NA,NA,NA,-0.653197266052329,-0.234611948673802,0.374788742578378,NA,0.0324069360111874,4,0.25,-0.120153384034141,"-0.0557347403699307",-0.0790428376355905,0.737610799398833
440029,0.89317051371731,NA,-0.858262135192003,-1.02000823105323,-0.0897703642232385,-0.330439759363904,-1.20266778874381,-0.504467970574157,7,0.142857142857143,-0.444635105061861,"-0.495643864927459",-0.0790428376355905,0.737610799398833
440030,-1.59676332064246,NA,-2.02387193461417,0.126276034574575,-0.343243137011723,-1.79966580507699,NA,-0.683426272769272,6,0.166666666666667,-1.05344907259001,"-1.3210303262216",-0.0790428376355905,0.737610799398833
440031,NA,NA,-0.404969435416714,0.768195223326143,-0.488084721462287,-0.0953635920498098,NA,0.0324069360111874,5,0.2,-0.0375631179182961,"0.056235239168273",-0.0790428376355905,0.737610799398833
440032,NA,NA,NA,NA,0.308543993015811,NA,NA,-0.504467970574157,2,0.5,-0.097961988779173,"-0.0256492328461052",-0.0790428376355905,0.737610799398833
440033,NA,NA,NA,NA,-0.922609474813977,NA,NA,-0.504467970574157,2,0.5,-0.713538722694067,"-0.860204169428651",-0.0790428376355905,0.737610799398833
440034,0.0345726398001479,0.0716153597840098,0.566372064101763,-0.0571294479258733,-0.307032740899083,0.198481617092807,-0.933369724304111,0.569281842596533,8,0.125,0.0178489512807743,"0.131358961928613",-0.0790428376355905,0.737610799398833
440035,-2.8846601315182,NA,-1.76484753474258,-0.928305489803001,-2.04513175430584,-2.68120143250484,0.308681284441802,-3.367800805696,7,0.142857142857143,-1.90903798058981,"-2.48097661320265",-0.0790428376355905,0.737610799398833
440039,-0.308866509766717,1.26745674485662,-0.534481635352511,0.814046593951255,1.14138310360655,-1.27074442862028,1.21756225192578,1.82198995796234,8,0.125,0.51854325982038,"0.810164517578938",-0.0790428376355905,0.737610799398833
440046,0.20629221458358,NA,-0.210701135513018,-0.607345895427217,1.21380389583183,0.962479160863611,0.632788410073553,0.211365238206305,7,0.142857142857143,0.344097412659806,"0.573663306774066",-0.0790428376355905,0.737610799398833
440048,-0.738165446725299,0.549951913813056,1.66722576355604,-0.194683559801209,0.634437558029578,-0.0365945502212864,0.647893269457191,0.748240144791648,8,0.125,0.409788136612464,"0.662722094967239",-0.0790428376355905,0.737610799398833
440049,0.807310726325593,0.191199498291271,-1.24679873499939,-0.561494524802105,-0.19840155256116,-0.389208801192427,-0.762900596974495,0.0324069360111874,8,0.125,-0.265985881237691,"-0.253444016484659",-0.0790428376355905,0.737610799398833
440050,-0.223006722375001,NA,0.890152563941255,-0.653197266052329,-0.307032740899083,0.139712575264284,0.143390966043718,-0.683426272769272,7,0.142857142857143,-0.0990581281209183,"-0.0271353002174597",-0.0790428376355905,0.737610799398833
440053,0.635591151542161,-1.00464188678134,-1.0525304350957,0.997452076451703,-0.270822344786443,1.1975553281777,-0.20013669308128,0.748240144791648,8,0.125,0.131338417652306,"0.285219868607349",-0.0790428376355905,0.737610799398833
440056,NA,NA,0.372103764198067,-0.515643154176993,-1.24850303982774,-0.683054010335044,NA,-0.504467970574157,5,0.2,-0.515912882143174,"-0.592277180409562",-0.0790428376355905,0.737610799398833
440057,NA,NA,NA,NA,-1.86407977374264,NA,NA,-1.39925948154973,2,0.5,-1.63166962764619,"-2.10494042559574",-0.0790428376355905,0.737610799398833
440058,-0.223006722375001,NA,-1.24679873499939,1.41011441207771,-0.524295117574929,-0.506746884849472,NA,-2.11509269033019,6,0.166666666666667,-0.534304289675213,"-0.617210936188392",-0.0790428376355905,0.737610799398833
440059,0.0345726398001479,0.549951913813056,-1.24679873499939,0.0345732933243508,-0.125980760335879,-0.741823052163566,-0.496191937000563,-0.146551366183927,8,0.125,-0.267281000468222,"-0.255199846566847",-0.0790428376355905,0.737610799398833
440060,NA,NA,NA,NA,0.236123200790529,NA,NA,0.211365238206305,2,0.5,0.223744219498417,"0.410497049908685",-0.0790428376355905,0.737610799398833
440061,NA,NA,-0.275457235480917,-0.653197266052329,-4.03670354050109,NA,NA,-2.47300929472042,4,0.25,-1.85959183418869,"-2.4139410621486",-0.0790428376355905,0.737610799398833
440063,-1.68262310803418,-1.72214671782491,-0.663993835288308,-0.699048636677441,-1.0312406631519,-3.03381568347598,-2.24965032773532,0.390323540401418,8,0.125,-1.33652442897333,"-1.70480366117553",-0.0790428376355905,0.737610799398833
440065,-0.566445871941866,NA,-0.663993835288308,-0.148832189176097,0.308543993015811,-0.741823052163566,NA,0.0324069360111874,6,0.166666666666667,-0.296690669923806,"-0.295071374315022",-0.0790428376355905,0.737610799398833
440068,NA,NA,-0.9877743351278,-0.790751377927665,-2.76933967655866,0.962479160863611,NA,-1.22030117935462,5,0.2,-0.961137481621026,"-1.19588086929362",-0.0790428376355905,0.737610799398833
440072,NA,NA,0.69588426403756,-0.0571294479258733,-1.53818620872887,NA,NA,-0.683426272769272,4,0.25,-0.395714416346614,"-0.429320691846048",-0.0790428376355905,0.737610799398833
440073,-0.137146934983285,NA,0.760640364005458,-0.790751377927665,-1.82786937763,-4.79688693833168,0.317312632661022,-0.146551366183927,7,0.142857142857143,-0.945893285484296,"-1.17521387777295",-0.0790428376355905,0.737610799398833
440081,NA,NA,0.0483232643585746,-1.15756234292856,0.453385577466374,1.08001724452066,NA,0.748240144791648,5,0.2,0.234480777641739,"0.425052908027997",-0.0790428376355905,0.737610799398833
440082,-0.738165446725299,1.0282884678421,-0.210701135513018,0.722343852701031,0.670647954142219,-0.0953635920498098,-2.13830593570737,0.390323540401418,8,0.125,-0.0463665368635912,"0.0443001929996566",-0.0790428376355905,0.737610799398833
440084,NA,NA,-1.24679873499939,0.0804246639494628,-0.777767890363414,-0.741823052163566,NA,-1.0413428771595,5,0.2,-0.745461578147282,"-0.903482895118721",-0.0790428376355905,0.737610799398833
440091,0.463871576758728,1.62620916037841,-2.08862803458207,-0.607345895427217,0.380964785241092,-0.0953635920498098,0.887844749951535,0.390323540401418,8,0.125,0.11973453633401,"0.269488155720616",-0.0790428376355905,0.737610799398833
440102,NA,NA,NA,-0.928305489803001,-1.53818620872887,NA,NA,-0.325509668379042,3,0.333333333333333,-0.930667122303638,"-1.15457133404519",-0.0790428376355905,0.737610799398833
440104,-0.308866509766717,-0.167552917230512,0.307347664230169,0.0804246639494628,0.308543993015811,-0.800592093992089,-0.402541808822014,0.569281842596533,8,0.125,-0.0517443957524197,"0.0370092763086163",-0.0790428376355905,0.737610799398833
440109,NA,NA,-2.08862803458207,NA,-1.24850303982774,NA,NA,-2.83092589911065,3,0.333333333333333,-2.05601899117349,"-2.68024296166647",-0.0790428376355905,0.737610799398833
440110,NA,NA,0.501615964133864,-0.332237671676545,0.887910330818063,0.433557784406901,NA,0.0324069360111874,5,0.2,0.304650668738694,"0.520184230880299",-0.0790428376355905,0.737610799398833
440111,NA,NA,NA,NA,NA,NA,NA,-0.146551366183927,1,1,-0.146551366183927,"-0.0915232377337164",-0.0790428376355905,0.737610799398833
440120,-1.16746438368388,0.669536052320317,-0.340213335448815,-0.0112780773007613,-0.524295117574929,1.4326314954918,0.886550047718653,-1.0413428771595,8,0.125,-0.0119845244546399,"0.0909128679184259",-0.0790428376355905,0.737610799398833
440125,-1.94020247020933,0.0716153597840098,-0.793506035224105,-1.11171097230345,-0.560505513687569,-0.741823052163566,-0.612283570549087,-0.325509668379042,8,0.125,-0.751740740341517,"-0.911995734409241",-0.0790428376355905,0.737610799398833
440130,NA,NA,-0.340213335448815,-0.102980818550985,-0.307032740899083,0.668633951720995,NA,-0.504467970574157,5,0.2,-0.117212182750409,"-0.0517472698961663",-0.0790428376355905,0.737610799398833
440131,NA,NA,0.436859864165966,-0.332237671676545,0.27233359690317,NA,NA,0.569281842596533,4,0.25,0.236559407997281,"0.427870966490856",-0.0790428376355905,0.737610799398833
440132,NA,NA,0.436859864165966,-0.790751377927665,-0.63292630591285,NA,NA,0.0324069360111874,4,0.25,-0.23860272091584,"-0.216319884972257",-0.0790428376355905,0.737610799398833
440137,NA,NA,-1.82960363471048,0.584789740825695,1.43106627250768,NA,NA,0.211365238206305,4,0.25,0.0994044042072991,"0.241926015709542",-0.0790428376355905,0.737610799398833
440144,-0.394726297158433,NA,-0.210701135513018,-0.515643154176993,-0.234611948673802,-0.389208801192427,NA,0.211365238206305,6,0.166666666666667,-0.255587683084728,"-0.239346882655494",-0.0790428376355905,0.737610799398833
440148,NA,NA,NA,NA,0.670647954142219,NA,NA,0.390323540401418,2,0.5,0.530485747271818,"0.82635528845861",-0.0790428376355905,0.737610799398833
440150,0.979030301109026,NA,1.21393306378075,0.0804246639494628,0.27233359690317,0.0809435334357605,-0.887192011331278,0.390323540401418,7,0.142857142857143,0.304256669749758,"0.519650075212761",-0.0790428376355905,0.737610799398833
440151,NA,NA,-0.14594503554512,-0.378089042301657,-0.16219115644852,NA,NA,0.211365238206305,4,0.25,-0.118714999022248,"-0.0537846807815057",-0.0790428376355905,0.737610799398833
440152,NA,NA,NA,NA,NA,NA,-1.4853444429233,-1.57821778374485,2,0.5,-1.53178111333407,"-1.96951871757096",-0.0790428376355905,0.737610799398833
440153,NA,NA,NA,-0.515643154176993,-0.0535599681105977,NA,NA,-0.504467970574157,3,0.333333333333333,-0.357890364287249,"-0.378041545594133",-0.0790428376355905,0.737610799398833
440156,0.0345726398001479,0.310783636798532,-0.14594503554512,0.630641111450807,0.598227161916937,1.25632437000623,-2.10464367765241,1.10615674918188,8,0.125,0.210764619494625,"0.392900235959688",-0.0790428376355905,0.737610799398833
440161,0.292152001975297,0.191199498291271,-1.37631093493519,0.905749335201479,-0.669136702025491,-0.800592093992089,-0.404268078465859,0.569281842596533,8,0.125,-0.161490641419256,"-0.111776839290941",-0.0790428376355905,0.737610799398833
440173,0.378011789367012,-0.406721194245036,-0.663993835288308,-1.79948153168013,-0.488084721462287,0.492326826235425,0.272861189332034,0.748240144791648,8,0.125,-0.183355166618705,"-0.141419199757014",-0.0790428376355905,0.737610799398833
440175,NA,NA,0.177835464294372,-0.836602748552777,-1.64681739706679,-0.624284968506521,NA,-2.11509269033019,5,0.2,-1.00899246803238,"-1.26075923936406",-0.0790428376355905,0.737610799398833
440176,NA,NA,NA,NA,0.380964785241092,NA,NA,0.748240144791648,2,0.5,0.56460246501637,"0.872608295833716",-0.0790428376355905,0.737610799398833
440183,-0.48058608455015,0.191199498291271,-1.18204263503149,-0.836602748552777,0.236123200790529,-0.800592093992089,-1.49699676301925,0.0324069360111874,8,0.125,-0.542136336256596,"-0.627829065136297",-0.0790428376355905,0.737610799398833
440184,NA,NA,-1.37631093493519,-1.02000823105323,-0.0535599681105977,NA,NA,-0.146551366183927,4,0.25,-0.649107625070735,"-0.772853092579119",-0.0790428376355905,0.737610799398833
440185,-1.94020247020933,NA,-1.70009143477468,-0.148832189176097,0.163702408565247,0.316019700749854,-0.207904906478579,-0.504467970574157,7,0.142857142857143,-0.574539551699677,"-0.671759028566184",-0.0790428376355905,0.737610799398833
440187,NA,NA,-1.31155483496729,0.401384258325247,-2.18997333875641,NA,NA,-0.504467970574157,4,0.25,-0.901152971493152,"-1.114558157944",-0.0790428376355905,0.737610799398833
440192,NA,NA,NA,NA,0.308543993015811,NA,NA,0.0324069360111874,2,0.5,0.170475464513499,"0.338279079363333",-0.0790428376355905,0.737610799398833
440193,1.15074987589246,NA,1.79673796349183,-0.0571294479258733,0.127492012452607,1.1975553281777,NA,1.10615674918188,6,0.166666666666667,0.886927080211768,"1.30959297048612",-0.0790428376355905,0.737610799398833
440194,-0.909885021508731,NA,0.954908663909153,0.447235628950359,0.308543993015811,0.668633951720995,1.1286593652678,1.10615674918188,7,0.142857142857143,0.52917904721961,"0.824583757926148",-0.0790428376355905,0.737610799398833
440197,0.721450938933877,NA,NA,-0.0112780773007613,-1.35713422816567,-0.330439759363904,NA,0.390323540401418,5,0.2,-0.117415517099007,"-0.0520229360723723",-0.0790428376355905,0.737610799398833
440200,NA,NA,NA,NA,-0.343243137011723,NA,NA,NA,1,1,-0.343243137011723,"-0.35818388178625",-0.0790428376355905,0.737610799398833
440218,NA,NA,NA,NA,NA,NA,NA,0.748240144791648,1,1,0.748240144791648,"1.12157113629775",-0.0790428376355905,0.737610799398833
440227,-0.738165446725299,NA,0.24259156426227,-1.15756234292856,0.598227161916937,0.844941077206565,-0.997673268537308,-0.504467970574157,7,0.142857142857143,-0.244587032197079,"-0.224432986469843",-0.0790428376355905,0.737610799398833
440228,-3.3998188558685,NA,-2.15338413454997,-0.515643154176993,-1.61060700095415,0.492326826235425,0.552516871634797,-0.862384574964387,7,0.142857142857143,-1.07099914609197,"-1.34482346145805",-0.0790428376355905,0.737610799398833
440238,NA,NA,NA,NA,NA,NA,NA,-0.325509668379042,1,1,-0.325509668379042,"-0.334142112540009",-0.0790428376355905,0.737610799398833
441300,NA,NA,NA,NA,NA,NA,NA,NA,0,NA,NA,"NaN",-0.0790428376355905,0.737610799398833
441301,NA,NA,NA,NA,NA,NA,NA,NA,0,NA,NA,"NaN",-0.0790428376355905,0.737610799398833
441303,NA,NA,NA,NA,-2.95039165712186,NA,NA,-1.75717608593996,2,0.5,-2.35378387153091,"-3.08393130326899",-0.0790428376355905,0.737610799398833
441304,NA,NA,NA,NA,NA,NA,NA,NA,0,NA,NA,"NaN",-0.0790428376355905,0.737610799398833
441305,NA,NA,-0.469725535384612,-0.286386301051433,-0.596715909800209,NA,NA,0.569281842596533,4,0.25,-0.19588647590993,"-0.158408253200156",-0.0790428376355905,0.737610799398833
441306,NA,NA,NA,NA,0.887910330818063,NA,NA,0.748240144791648,2,0.5,0.818075237804856,"1.21624856383829",-0.0790428376355905,0.737610799398833
441307,NA,NA,-0.858262135192003,-0.607345895427217,-1.2122926437151,NA,NA,-1.22030117935462,4,0.25,-0.974550463422235,"-1.21406523130694",-0.0790428376355905,0.737610799398833
441309,NA,NA,NA,NA,0.706858350254859,NA,NA,-0.325509668379042,2,0.5,0.190674340937909,"0.365663272274923",-0.0790428376355905,0.737610799398833
441310,NA,NA,-1.82960363471048,NA,-0.777767890363414,NA,NA,-0.862384574964387,3,0.333333333333333,-1.15658536667943,"-1.46085514192858",-0.0790428376355905,0.737610799398833
441313,NA,NA,NA,NA,NA,NA,NA,NA,0,NA,NA,"NaN",-0.0790428376355905,0.737610799398833
441314,NA,NA,NA,NA,NA,NA,NA,-0.504467970574157,1,1,-0.504467970574157,"-0.576760987346302",-0.0790428376355905,0.737610799398833
441316,NA,NA,NA,NA,0.163702408565247,NA,NA,NA,1,1,0.163702408565247,"0.329096654222904",-0.0790428376355905,0.737610799398833
441320,NA,NA,NA,NA,NA,NA,NA,NA,0,NA,NA,"NaN",-0.0790428376355905,0.737610799398833
441322,NA,NA,NA,NA,NA,NA,NA,-0.862384574964387,1,1,-0.862384574964387,"-1.06199873695889",-0.0790428376355905,0.737610799398833
441323,NA,NA,NA,NA,NA,NA,NA,NA,0,NA,NA,"NaN",-0.0790428376355905,0.737610799398833
450002,-0.137146934983285,NA,NA,0.172127405199687,-0.669136702025491,NA,NA,-0.146551366183927,4,0.25,-0.195176899498254,"-0.157446260219231",-0.0790428376355905,0.737610799398833
450007,0.378011789367012,NA,0.436859864165966,0.126276034574575,-0.270822344786443,-1.27074442862028,NA,-1.39925948154973,6,0.166666666666667,-0.333279761141483,"-0.344676248928433",-0.0790428376355905,0.737610799398833
450010,-0.909885021508731,-2.55923568737574,-1.24679873499939,0.217978775824799,-0.125980760335879,-1.03566826130618,-0.465550650822328,-0.325509668379042,8,0.125,-0.806331251112812,"-0.98600564697531",-0.0790428376355905,0.737610799398833
450011,-2.11192204499276,-1.36339430230313,-1.50582313487099,0.355532887700135,-0.488084721462287,-0.0365945502212864,-0.341259236465545,0.569281842596533,8,0.125,-0.615282907502415,"-0.726995958171804",-0.0790428376355905,0.737610799398833
450015,-0.48058608455015,NA,0.825396463973357,1.31841167082749,0.887910330818063,0.0809435334357605,-1.44693494334776,1.28511505137699,7,0.142857142857143,0.352893717504821,"0.585588708154013",-0.0790428376355905,0.737610799398833
450018,0.979030301109026,-0.645889471259559,1.14917696381285,1.13500618832704,1.14138310360655,-1.85843484690551,0.142096263810836,1.64303165576722,8,0.125,0.460675019783557,"0.731710893955223",-0.0790428376355905,0.737610799398833
450021,-0.394726297158433,0.90870432933484,0.760640364005458,-0.286386301051433,1.61211825307088,0.609864909892471,-0.225599170327982,2.17990656235257,8,0.125,0.645565331264796,"0.982371962952489",-0.0790428376355905,0.737610799398833
450023,-0.566445871941866,-0.0479687787232517,-1.0525304350957,-0.561494524802105,-0.958819870926618,-0.271670717535378,0.166695606235615,-0.683426272769272,8,0.125,-0.496957608194822,"-0.56657897484668",-0.0790428376355905,0.737610799398833
450024,-0.137146934983285,NA,-0.0164328356093239,-0.974156860428112,-0.669136702025491,-0.389208801192427,-1.07060816098973,-0.504467970574157,7,0.142857142857143,-0.537308323686075,"-0.621283590782536",-0.0790428376355905,0.737610799398833
450028,0.721450938933877,NA,-0.210701135513018,-0.286386301051433,0.127492012452607,0.609864909892471,NA,-0.146551366183927,6,0.166666666666667,0.135861509755096,"0.291351953585601",-0.0790428376355905,0.737610799398833
450029,-2.71294055673477,NA,0.631128164069661,0.217978775824799,1.14138310360655,0.844941077206565,0.403194547442272,0.748240144791648,7,0.142857142857143,0.181989322315246,"0.353888744800894",-0.0790428376355905,0.737610799398833
450032,0.807310726325593,-1.60256257931765,1.79673796349183,0.126276034574575,0.525806369691656,-0.0365945502212864,-0.234230518547204,-0.325509668379042,8,0.125,0.132154222202309,"0.286325878105404",-0.0790428376355905,0.737610799398833
450033,0.120432427191864,-3.03757224140479,0.177835464294372,1.04330344707681,0.344754389128452,0.0809435334357605,-0.757290220632,0.569281842596533,8,0.125,-0.182288919789124,"-0.13997365851704",-0.0790428376355905,0.737610799398833
450034,0.89317051371731,0.191199498291271,0.69588426403756,-1.61607604917968,-1.46576541650359,0.727402993549518,0.432109563976664,-1.39925948154973,8,0.125,-0.192666764207585,"-0.154043198207781",-0.0790428376355905,0.737610799398833
450035,NA,NA,NA,0.217978775824799,-0.19840155256116,NA,NA,-0.146551366183927,3,0.333333333333333,-0.0423247143067625,"0.0497798071269481",-0.0790428376355905,0.737610799398833
450039,NA,NA,0.760640364005458,1.18085755895215,1.68453904529616,0.844941077206565,-0.270482181067932,0.390323540401418,6,0.166666666666667,0.765136567465637,"1.14447809846229",-0.0790428376355905,0.737610799398833
450040,-0.652305659333582,-0.167552917230512,-1.95911583464628,0.951600705826591,0.453385577466374,-1.3295134704488,-2.59663052614801,0.390323540401418,8,0.125,-0.6137260730141,"-0.724885313249598",-0.0790428376355905,0.737610799398833
450042,-1.76848289542589,-0.0479687787232517,-0.210701135513018,-1.11171097230345,-1.53818620872887,-0.683054010335044,0.68457649938888,-0.504467970574157,8,0.125,-0.64749943402685,"-0.770672822109658",-0.0790428376355905,0.737610799398833
450044,0.979030301109026,0.90870432933484,1.79673796349183,1.54766852395305,2.19148459087313,0.786172035378042,1.59475216910574,2.00094826015745,8,0.125,1.47568727167539,"2.10779195556534",-0.0790428376355905,0.737610799398833
450046,-0.566445871941866,-1.60256257931765,0.631128164069661,-0.194683559801209,0.7430687463675,-0.389208801192427,0.889139452184418,-0.504467970574157,8,0.125,-0.124254052525716,"-0.0612941336094506",-0.0790428376355905,0.737610799398833
450051,-0.566445871941866,NA,0.825396463973357,-0.0571294479258733,0.7430687463675,0.374788742578378,-1.44822964558065,0.211365238206305,7,0.142857142857143,0.0118306036681646,"0.12319971640575",-0.0790428376355905,0.737610799398833
450054,1.58004881285104,1.0282884678421,1.53771356362024,0.905749335201479,1.35864548028239,0.139712575264284,0.581863455580149,1.64303165576722,8,0.125,1.09688166830111,"1.59423439420234",-0.0790428376355905,0.737610799398833
450055,NA,NA,NA,NA,-0.16219115644852,NA,NA,-1.22030117935462,2,0.5,-0.691246167901569,"-0.82998151703437",-0.0790428376355905,0.737610799398833
450056,0.120432427191864,-0.645889471259559,0.501615964133864,-0.0112780773007613,-0.379453533124364,1.60893862097737,-0.115117913121953,0.211365238206305,8,0.125,0.161326656962846,"0.325875780010734",-0.0790428376355905,0.737610799398833
450058,-1.33918395846731,0.191199498291271,-1.50582313487099,0.584789740825695,-0.415663929237006,0.0221744916072371,0.925391114705147,-0.504467970574157,8,0.125,-0.255198018465014,"-0.238818603215941",-0.0790428376355905,0.737610799398833
450064,NA,NA,-1.1172865350636,-1.20341371355367,0.924120726930704,-0.0953635920498098,0.738953993169972,0.0324069360111874,6,0.166666666666667,-0.120097030759202,"-0.0556583406277022",-0.0790428376355905,0.737610799398833
450068,0.20629221458358,0.310783636798532,-1.31155483496729,0.951600705826591,1.03275191526863,0.198481617092807,0.666450668128515,2.00094826015745,8,0.125,0.506969272861102,"0.794473333327418",-0.0790428376355905,0.737610799398833
450072,1.40832923806761,NA,0.760640364005458,-0.378089042301657,0.598227161916937,0.316019700749854,NA,0.0324069360111874,6,0.166666666666667,0.456255726408231,"0.7257195318725",-0.0790428376355905,0.737610799398833
450079,0.549731364150444,NA,1.14917696381285,1.54766852395305,1.14138310360655,1.37386245366328,0.0380885177692207,1.46407335357211,7,0.142857142857143,1.03771204007536,"1.51401644149072",-0.0790428376355905,0.737610799398833
450080,0.979030301109026,NA,-0.534481635352511,-0.653197266052329,0.562016765804296,1.02124820269213,NA,0.927198446986763,6,0.166666666666667,0.38363580253123,"0.627266629696735",-0.0790428376355905,0.737610799398833
450082,NA,NA,NA,0.217978775824799,-0.125980760335879,NA,NA,0.211365238206305,3,0.333333333333333,0.101121084565075,"0.244253368236341",-0.0790428376355905,0.737610799398833
450083,-0.738165446725299,-0.287137055737774,-3.05996953410055,-0.974156860428112,-0.343243137011723,-1.03566826130618,-2.4516238760651,-0.862384574964387,8,0.125,-1.21904359329239,"-1.54553154127613",-0.0790428376355905,0.737610799398833
450087,0.120432427191864,0.549951913813056,-1.37631093493519,-0.102980818550985,0.163702408565247,0.198481617092807,0.183095167852135,0.390323540401418,8,0.125,0.015836915178794,"0.12863118719481",-0.0790428376355905,0.737610799398833
450090,NA,NA,0.307347664230169,0.263830146449911,0.7430687463675,-0.212901675706857,NA,-0.683426272769272,5,0.2,0.0835837217142902,"0.220477465192246",-0.0790428376355905,0.737610799398833
450092,NA,NA,NA,0.263830146449911,-0.705347098138132,NA,NA,-0.862384574964387,3,0.333333333333333,-0.434633842217536,"-0.482084867618206",-0.0790428376355905,0.737610799398833
450097,-0.48058608455015,NA,-1.24679873499939,-1.11171097230345,-0.234611948673802,0.551095868063948,1.04622998977424,-0.146551366183927,7,0.142857142857143,-0.23184760698179,"-0.20716178433225",-0.0790428376355905,0.737610799398833
450101,-0.0512871475915684,NA,-1.0525304350957,-1.20341371355367,0.018860824114684,-0.800592093992089,1.23525651577518,0.390323540401418,7,0.142857142857143,-0.209054644277392,"-0.176260714658413",-0.0790428376355905,0.737610799398833
450102,-0.566445871941866,-0.287137055737774,-0.210701135513018,-0.653197266052329,-0.16219115644852,-1.44705155410585,0.748880043622076,0.0324069360111874,8,0.125,-0.318179632520761,"-0.324204573848528",-0.0790428376355905,0.737610799398833
450104,-1.16746438368388,NA,-0.404969435416714,-0.836602748552777,-0.19840155256116,-0.800592093992089,NA,-1.39925948154973,6,0.166666666666667,-0.801214949292726,"-0.97906933066289",-0.0790428376355905,0.737610799398833
450107,0.549731364150444,0.549951913813056,-0.663993835288308,0.493086999575471,0.417175181353733,-1.56458963776289,-1.50951221793712,0.569281842596533,8,0.125,-0.144858548687385,"-0.0892282367685449",-0.0790428376355905,0.737610799398833
450108,NA,NA,NA,-0.607345895427217,-1.46576541650359,NA,NA,-1.75717608593996,3,0.333333333333333,-1.27676246595692,"-1.62378266329275",-0.0790428376355905,0.737610799398833
450119,1.66590860024276,0.669536052320317,1.60246966358814,0.814046593951255,0.634437558029578,-0.97689921947766,1.8312511103124,-0.325509668379042,8,0.125,0.739405086323468,"1.10959319552548",-0.0790428376355905,0.737610799398833
450124,NA,NA,NA,NA,1.32243508416975,0.844941077206565,-0.424120179370067,0.0324069360111874,4,0.25,0.44391572950436,"0.708989846089796",-0.0790428376355905,0.737610799398833
450128,NA,NA,NA,1.13500618832704,0.380964785241092,NA,NA,1.10615674918188,3,0.333333333333333,0.874042574250003,"1.29212507824231",-0.0790428376355905,0.737610799398833
450132,0.120432427191864,-0.645889471259559,-1.50582313487099,-0.286386301051433,-0.343243137011723,-0.44797784302095,1.15412184251451,-1.22030117935462,8,0.125,-0.396883349607863,"-0.430905448010412",-0.0790428376355905,0.737610799398833
450133,-3.9149775802188,-3.87466121095562,-0.858262135192003,-1.75363016105502,-2.0089213581932,-0.565515926677996,0.507633860894848,-1.57821778374485,8,0.125,-1.75581903689283,"-2.27325332088934",-0.0790428376355905,0.737610799398833
450135,-0.738165446725299,0.669536052320317,0.436859864165966,0.263830146449911,0.344754389128452,-1.50582059593437,0.846845845910236,1.46407335357211,8,0.125,0.222739201110915,"0.409134517814088",-0.0790428376355905,0.737610799398833
450137,-0.308866509766717,0.669536052320317,1.21393306378075,0.493086999575471,0.562016765804296,0.903710119035088,-0.652419339768465,1.64303165576722,8,0.125,0.565503600843495,"0.873829991378113",-0.0790428376355905,0.737610799398833
450144,NA,NA,NA,NA,-1.2122926437151,NA,NA,0.211365238206305,2,0.5,-0.500463702754399,"-0.571332287247251",-0.0790428376355905,0.737610799398833
450147,-1.16746438368388,NA,-0.728749935256206,0.630641111450807,0.199912804677888,0.0221744916072371,-0.00636292555976787,-1.39925948154973,7,0.142857142857143,-0.349872616901951,"-0.367171656769521",-0.0790428376355905,0.737610799398833
450148,NA,NA,1.01966476387705,-0.699048636677441,1.14138310360655,NA,NA,0.569281842596533,4,0.25,0.507820268350673,"0.795627052186015",-0.0790428376355905,0.737610799398833
450152,0.0345726398001479,NA,-0.599237735320409,-0.928305489803001,-1.57439660484151,0.786172035378042,NA,-1.0413428771595,6,0.166666666666667,-0.553756338657706,"-0.64358263383483",-0.0790428376355905,0.737610799398833
450154,-1.2533241710756,NA,NA,-0.0112780773007613,-0.560505513687569,NA,NA,-0.683426272769272,4,0.25,-0.627133508708299,"-0.743062156247459",-0.0790428376355905,0.737610799398833
450155,NA,NA,NA,NA,-1.82786937763,NA,NA,-1.93613438813508,2,0.5,-1.88200188288254,"-2.44432300437628",-0.0790428376355905,0.737610799398833
450162,NA,NA,NA,NA,NA,NA,NA,0.211365238206305,1,1,0.211365238206305,"0.393714511878871",-0.0790428376355905,0.737610799398833
450163,-0.738165446725299,NA,NA,0.126276034574575,0.018860824114684,NA,NA,-0.862384574964387,4,0.25,-0.363853290750107,"-0.38612565508347",-0.0790428376355905,0.737610799398833
450165,NA,NA,NA,-0.0571294479258733,0.27233359690317,NA,NA,-0.683426272769272,3,0.333333333333333,-0.156074041263992,"-0.104433399959956",-0.0790428376355905,0.737610799398833
450176,0.0345726398001479,NA,0.954908663909153,1.27256030020237,1.5396974608456,-0.0365945502212864,NA,2.00094826015745,6,0.166666666666667,0.961015462448907,"1.41003670354632",-0.0790428376355905,0.737610799398833
450184,-2.36950140716791,0.310783636798532,-0.663993835288308,0.814046593951255,0.598227161916937,0.727402993549518,1.56497401774943,1.28511505137699,8,0.125,0.283381776610806,"0.491349387158892",-0.0790428376355905,0.737610799398833
450193,1.40832923806761,-0.287137055737774,-0.404969435416714,1.27256030020237,1.82938062974672,1.25632437000623,0.698818223950594,1.46407335357211,8,0.125,0.904672453048894,"1.33365087860187",-0.0790428376355905,0.737610799398833
450194,NA,NA,NA,NA,-0.0535599681105977,NA,NA,-0.683426272769272,2,0.5,-0.368493120439935,"-0.392416004538236",-0.0790428376355905,0.737610799398833
450196,-0.48058608455015,NA,-0.9877743351278,-0.790751377927665,-1.0312406631519,-0.154132633878333,-0.769805675549872,-0.504467970574157,7,0.142857142857143,-0.674108391537125,"-0.80674734478742",-0.0790428376355905,0.737610799398833
450200,NA,NA,NA,NA,NA,NA,NA,NA,0,NA,NA,"NaN",-0.0790428376355905,0.737610799398833
450203,-1.08160459629216,NA,-2.93045733416475,0.630641111450807,0.344754389128452,0.786172035378042,0.637967219005085,0.390323540401418,7,0.142857142857143,-0.174600519299016,"-0.129550274672371",-0.0790428376355905,0.737610799398833
450209,-0.137146934983285,-1.00464188678134,0.566372064101763,-0.240534930426321,0.127492012452607,-1.68212772141994,-0.414625696328924,0.211365238206305,8,0.125,-0.321730981897392,"-0.329019239495405",-0.0790428376355905,0.737610799398833
450210,NA,NA,NA,-0.148832189176097,0.634437558029578,NA,NA,0.569281842596533,3,0.333333333333333,0.351629070483338,"0.583874190114806",-0.0790428376355905,0.737610799398833
450211,-0.137146934983285,-1.60256257931765,-0.663993835288308,0.722343852701031,0.163702408565247,-1.44705155410585,0.209852347331721,-0.504467970574157,8,0.125,-0.407415533208906,"-0.445184229733276",-0.0790428376355905,0.737610799398833
450213,-1.08160459629216,0.0716153597840098,0.177835464294372,0.217978775824799,0.851699934705422,0.257250658921331,1.01429400136312,0.0324069360111874,8,0.125,0.19268456682651,"0.368388592850815",-0.0790428376355905,0.737610799398833
450222,-0.137146934983285,0.191199498291271,-1.1172865350636,1.27256030020237,0.0912816163399657,-0.271670717535378,1.26762407159726,-0.146551366183927,8,0.125,0.143751241583086,"0.302048288067715",-0.0790428376355905,0.737610799398833
450229,-0.995744808900447,-1.60256257931765,-0.14594503554512,-1.52437330792946,-0.958819870926618,0.198481617092807,1.04277745048655,0.0324069360111874,8,0.125,-0.494222449878593,"-0.562870842701031",-0.0790428376355905,0.737610799398833
450231,-0.308866509766717,-4.59216604199919,-1.31155483496729,-0.699048636677441,-0.451874325349647,0.257250658921331,-0.442246010630432,-1.0413428771595,8,0.125,-1.07373107220361,"-1.34852721161175",-0.0790428376355905,0.737610799398833
450235,NA,NA,NA,NA,-0.234611948673802,NA,NA,-0.325509668379042,2,0.5,-0.280060808526422,"-0.272525796876435",-0.0790428376355905,0.737610799398833
450236,1.06489008850074,NA,-2.34765243445367,-0.0571294479258733,-0.343243137011723,0.0221744916072371,NA,-1.0413428771595,6,0.166666666666667,-0.450383886073798,"-0.503437651320801",-0.0790428376355905,0.737610799398833
450237,-1.51090353325075,-1.84173085633217,-0.14594503554512,0.676492482075919,0.127492012452607,-1.21197538679175,-0.17122167654689,-0.862384574964387,8,0.125,-0.617522071112818,"-0.730031656147251",-0.0790428376355905,0.737610799398833
450241,NA,NA,NA,NA,-0.958819870926618,NA,NA,-0.504467970574157,2,0.5,-0.731643920750387,"-0.884749902857549",-0.0790428376355905,0.737610799398833
450253,NA,NA,NA,NA,NA,NA,NA,NA,0,NA,NA,"NaN",-0.0790428376355905,0.737610799398833
450272,0.463871576758728,NA,-0.728749935256206,0.859897964576367,-0.234611948673802,0.727402993549518,NA,-0.325509668379042,6,0.166666666666667,0.127050163762594,"0.279406160492978",-0.0790428376355905,0.737610799398833
450289,NA,NA,0.177835464294372,0.630641111450807,NA,NA,-0.0767084135464194,0.748240144791648,4,0.25,0.370002076747602,"0.608782998770046",-0.0790428376355905,0.737610799398833
450292,NA,NA,NA,NA,0.018860824114684,NA,NA,-1.39925948154973,2,0.5,-0.690199328717524,"-0.828562287293025",-0.0790428376355905,0.737610799398833
450324,0.463871576758728,0.669536052320317,1.14917696381285,1.41011441207771,1.61211825307088,1.4326314954918,0.715649352978076,0.390323540401418,8,0.125,0.980427705863972,"1.4363544356496",-0.0790428376355905,0.737610799398833
450330,NA,NA,-0.793506035224105,0.172127405199687,0.27233359690317,NA,NA,-0.683426272769272,4,0.25,-0.25811782647263,"-0.242777070215063",-0.0790428376355905,0.737610799398833
450346,-1.33918395846731,-2.678819825883,-0.14594503554512,0.493086999575471,-1.75544858540472,1.08001724452066,0.123970432550471,-1.75717608593996,8,0.125,-0.747437351824189,"-0.906161507848519",-0.0790428376355905,0.737610799398833
450347,NA,NA,0.566372064101763,0.263830146449911,-0.307032740899083,-0.330439759363904,NA,-0.504467970574157,5,0.2,-0.0623476520570939,"0.0226341392941963",-0.0790428376355905,0.737610799398833
450351,NA,NA,NA,-1.57022467855457,-1.0312406631519,NA,NA,-0.325509668379042,3,0.333333333333333,-0.97565833669517,"-1.21556720670351",-0.0790428376355905,0.737610799398833
450352,-0.394726297158433,NA,0.436859864165966,-0.836602748552777,0.27233359690317,1.1975553281777,0.220641532605747,0.211365238206305,7,0.142857142857143,0.158203787763955,"0.321642017162582",-0.0790428376355905,0.737610799398833
450358,0.463871576758728,0.549951913813056,1.79673796349183,2.41884456583017,2.6984301364501,1.72647670463442,3.0534500181541,2.89573977113303,8,0.125,1.95043783128318,"2.75142483078181",-0.0790428376355905,0.737610799398833
450369,NA,NA,NA,NA,0.670647954142219,NA,NA,-1.0413428771595,2,0.5,-0.185347461508641,"-0.14412021076656",-0.0790428376355905,0.737610799398833
450370,NA,NA,NA,-0.836602748552777,-1.50197581261623,NA,NA,-0.862384574964387,3,0.333333333333333,-1.06698771204446,"-1.33938504589964",-0.0790428376355905,0.737610799398833
450372,0.635591151542161,NA,1.73198186352393,0.0345732933243508,1.5396974608456,1.13878628634918,0.82828844723891,1.10615674918188,7,0.142857142857143,1.00215360742943,"1.46580886010104",-0.0790428376355905,0.737610799398833
450379,NA,NA,NA,0.0345732933243508,1.25001429194447,NA,NA,0.569281842596533,3,0.333333333333333,0.617956475955118,"0.944941850307475",-0.0790428376355905,0.737610799398833
450388,1.15074987589246,0.310783636798532,0.24259156426227,1.86862811832883,-0.234611948673802,0.609864909892471,1.37724219398137,1.64303165576722,8,0.125,0.871035000781169,"1.28804762510404",-0.0790428376355905,0.737610799398833
450389,-0.394726297158433,NA,-0.0811889355772215,-0.561494524802105,-0.270822344786443,0.492326826235425,NA,-1.75717608593996,6,0.166666666666667,-0.428846893671457,"-0.474239336410154",-0.0790428376355905,0.737610799398833
450395,NA,NA,NA,-0.423940412926769,-0.0897703642232385,NA,NA,0.390323540401418,3,0.333333333333333,-0.0411290789161966,"0.0514007641296661",-0.0790428376355905,0.737610799398833
450399,NA,NA,NA,NA,-0.451874325349647,NA,NA,0.211365238206305,2,0.5,-0.120254543571671,"-0.0558718852403853",-0.0790428376355905,0.737610799398833
450400,NA,NA,NA,NA,0.417175181353733,NA,NA,0.748240144791648,2,0.5,0.582707663072691,"0.897154029262614",-0.0790428376355905,0.737610799398833
450403,-2.11192204499276,NA,-0.404969435416714,0.676492482075919,0.924120726930704,1.13878628634918,1.0876604612265,0.927198446986763,7,0.142857142857143,0.319623846165657,"0.540483794605731",-0.0790428376355905,0.737610799398833
450419,NA,NA,0.113079364326474,0.584789740825695,1.32243508416975,NA,NA,0.569281842596533,4,0.25,0.647396507979614,"0.98485454145637",-0.0790428376355905,0.737610799398833
450422,NA,NA,NA,NA,NA,NA,NA,0.211365238206305,1,1,0.211365238206305,"0.393714511878871",-0.0790428376355905,0.737610799398833
450424,0.979030301109026,0.669536052320317,1.14917696381285,1.77692537707861,1.10517270749391,-0.271670717535378,0.936180299979173,1.64303165576722,8,0.125,0.998422830003215,"1.46075093872942",-0.0790428376355905,0.737610799398833
450431,1.06489008850074,0.669536052320317,0.501615964133864,1.82277674770372,0.27233359690317,1.31509341183475,0.798078728471637,1.82198995796234,8,0.125,1.03328931847882,"1.50802043167071",-0.0790428376355905,0.737610799398833
450447,NA,NA,0.177835464294372,-0.286386301051433,0.417175181353733,0.139712575264284,NA,-0.504467970574157,5,0.2,-0.0112262101426399,"0.0919409362609962",-0.0790428376355905,0.737610799398833
450451,NA,NA,NA,NA,-0.741557494250773,NA,NA,0.211365238206305,2,0.5,-0.265096128022234,"-0.252237752671572",-0.0790428376355905,0.737610799398833
450460,NA,NA,NA,NA,0.308543993015811,NA,NA,-0.862384574964387,2,0.5,-0.276920290974288,"-0.268268107652398",-0.0790428376355905,0.737610799398833
450462,0.378011789367012,-0.167552917230512,-0.14594503554512,-0.194683559801209,0.525806369691656,-0.800592093992089,-0.317954596273649,0.390323540401418,8,0.125,-0.0415733129228117,"0.0507985034157813",-0.0790428376355905,0.737610799398833
450465,NA,NA,0.307347664230169,0.217978775824799,0.163702408565247,NA,NA,0.390323540401418,4,0.25,0.269838097255408,"0.472987834743395",-0.0790428376355905,0.737610799398833
450469,-0.48058608455015,NA,0.307347664230169,0.263830146449911,0.380964785241092,0.962479160863611,NA,-0.146551366183927,6,0.166666666666667,0.214580717675118,"0.398073829111528",-0.0790428376355905,0.737610799398833
450475,NA,NA,NA,0.584789740825695,-0.125980760335879,NA,NA,0.211365238206305,3,0.333333333333333,0.22339140623204,"0.410018730899982",-0.0790428376355905,0.737610799398833
450484,0.378011789367012,-2.79840396439026,0.113079364326474,0.126276034574575,0.670647954142219,0.551095868063948,0.999189141979487,-1.22030117935462,8,0.125,-0.147550623911396,"-0.0928779599371925",-0.0790428376355905,0.737610799398833
450489,NA,NA,NA,NA,-0.379453533124364,NA,NA,-0.504467970574157,2,0.5,-0.44196075184926,"-0.492018167995174",-0.0790428376355905,0.737610799398833
450508,-0.0512871475915684,NA,0.177835464294372,-1.75363016105502,-0.125980760335879,NA,NA,0.0324069360111874,5,0.2,-0.344131133735381,"-0.359387764273303",-0.0790428376355905,0.737610799398833
450518,0.120432427191864,-0.167552917230512,0.825396463973357,0.859897964576367,0.27233359690317,0.551095868063948,NA,-0.146551366183927,7,0.142857142857143,0.330721719613467,"0.55552949818932",-0.0790428376355905,0.737610799398833
450537,-1.33918395846731,-0.167552917230512,-0.14594503554512,0.172127405199687,-0.63292630591285,-1.21197538679175,-0.635156643330023,0.390323540401418,8,0.125,-0.446286162709558,"-0.497882250874415",-0.0790428376355905,0.737610799398833
450539,NA,NA,NA,0.126276034574575,0.634437558029578,NA,NA,0.0324069360111874,3,0.333333333333333,0.264373509538447,"0.465579337306244",-0.0790428376355905,0.737610799398833
450563,0.89317051371731,NA,-0.275457235480917,0.538938370200583,1.50348706473296,1.66770766280589,0.201652566523461,1.64303165576722,7,0.142857142857143,0.881790085466644,"1.30262860018499",-0.0790428376355905,0.737610799398833
450565,NA,NA,-1.37631093493519,0.814046593951255,0.380964785241092,NA,NA,-0.504467970574157,4,0.25,-0.17144188157925,"-0.125268019420223",-0.0790428376355905,0.737610799398833
450571,-0.394726297158433,-0.765473609766821,0.436859864165966,-1.20341371355367,0.887910330818063,-1.97597293056256,0.705723302525971,0.569281842596533,8,0.125,-0.217476401366869,"-0.187678330962758",-0.0790428376355905,0.737610799398833
450573,NA,NA,-0.923018235159901,0.172127405199687,-0.813978286476055,NA,NA,-1.22030117935462,4,0.25,-0.696292573947722,"-0.836823073652394",-0.0790428376355905,0.737610799398833
450584,NA,NA,NA,NA,-1.35713422816567,NA,NA,-0.504467970574157,2,0.5,-0.930801099369912,"-1.15475297057543",-0.0790428376355905,0.737610799398833
450587,-1.16746438368388,NA,-0.663993835288308,-0.423940412926769,-1.42955502039095,-0.918130177649138,NA,-0.504467970574157,6,0.166666666666667,-0.851258633418867,"-1.04691498065463",-0.0790428376355905,0.737610799398833
450596,-0.137146934983285,NA,0.0483232643585746,-0.240534930426321,-0.16219115644852,0.198481617092807,NA,0.748240144791648,6,0.166666666666667,0.0758620007308174,"0.210008907804303",-0.0790428376355905,0.737610799398833
450597,NA,NA,NA,0.0345732933243508,-0.596715909800209,NA,NA,-0.504467970574157,3,0.333333333333333,-0.355536862350005,"-0.374850835887656",-0.0790428376355905,0.737610799398833
450604,NA,NA,-0.469725535384612,-1.84533290230524,0.0550712202273249,-1.21197538679175,NA,-0.862384574964387,5,0.2,-0.866869435843734,"-1.06807899077703",-0.0790428376355905,0.737610799398833
450610,-1.42504374585903,0.310783636798532,-0.404969435416714,1.63937126520327,0.851699934705422,0.257250658921331,-0.284292338218686,1.82198995796234,8,0.125,0.345848741762058,"0.576037633592056",-0.0790428376355905,0.737610799398833
450617,0.807310726325593,0.789120190827578,-0.0164328356093239,0.768195223326143,0.779279142480142,-0.800592093992089,1.36429517165254,0.927198446986763,8,0.125,0.577296746499668,"0.889818295326191",-0.0790428376355905,0.737610799398833
450634,0.635591151542161,-0.167552917230512,0.0483232643585746,1.18085755895215,0.018860824114684,-0.741823052163566,-0.248472243108918,0.390323540401418,8,0.125,0.139513515858249,"0.296303082427707",-0.0790428376355905,0.737610799398833
450638,-0.308866509766717,NA,NA,0.538938370200583,0.706858350254859,1.31509341183475,0.546906495292304,0.569281842596533,6,0.166666666666667,0.561368660068719,"0.868224134226691",-0.0790428376355905,0.737610799398833
450639,-0.137146934983285,-2.20048327185396,-0.275457235480917,-0.332237671676545,-0.234611948673802,0.786172035378042,0.391542227346323,0.569281842596533,8,0.125,-0.179117619668451,"-0.135674236486808",-0.0790428376355905,0.737610799398833
450641,NA,NA,NA,-1.34096782542901,-0.0173495719979558,NA,NA,-1.75717608593996,3,0.333333333333333,-1.03849782778898,"-1.30076049718274",-0.0790428376355905,0.737610799398833
450643,1.58004881285104,NA,0.501615964133864,-0.286386301051433,0.924120726930704,0.844941077206565,NA,0.390323540401418,6,0.166666666666667,0.65911063674536,"1.00073571995226",-0.0790428376355905,0.737610799398833
450644,1.40832923806761,NA,NA,1.04330344707681,0.127492012452607,0.844941077206565,0.359606238935206,0.0324069360111874,6,0.166666666666667,0.636013158291665,"0.969421809591236",-0.0790428376355905,0.737610799398833
450647,-0.738165446725299,0.90870432933484,-1.63533533480678,0.997452076451703,-0.0897703642232385,0.492326826235425,0.553380006456719,0.569281842596533,8,0.125,0.132234241914987,"0.286434363112325",-0.0790428376355905,0.737610799398833
450651,0.549731364150444,0.789120190827578,0.0483232643585746,1.08915481770193,0.380964785241092,-0.154132633878333,1.39407332300885,0.927198446986763,8,0.125,0.628054194799612,"0.958631615767421",-0.0790428376355905,0.737610799398833
450653,NA,NA,NA,NA,-0.958819870926618,NA,NA,-1.93613438813508,2,0.5,-1.44747712953085,"-1.85522540208272",-0.0790428376355905,0.737610799398833
450654,NA,NA,0.890152563941255,NA,-0.307032740899083,NA,NA,0.0324069360111874,3,0.333333333333333,0.20517558635112,"0.38532302430815",-0.0790428376355905,0.737610799398833
450656,-1.16746438368388,NA,-0.469725535384612,1.27256030020237,0.308543993015811,-0.0365945502212864,-0.263577102492555,-0.146551366183927,7,0.142857142857143,-0.0718298063925822,"0.00977891219717377",-0.0790428376355905,0.737610799398833
450658,NA,NA,NA,NA,-0.705347098138132,NA,NA,0.390323540401418,2,0.5,-0.157511778868357,"-0.106382581839529",-0.0790428376355905,0.737610799398833
450659,NA,NA,NA,1.68522263582838,1.32243508416975,NA,1.5520269954206,1.10615674918188,4,0.25,1.41646036615015,"2.02749635038506",-0.0790428376355905,0.737610799398833
450661,-0.137146934983285,NA,-2.15338413454997,0.722343852701031,-0.0897703642232385,-0.859361135820613,NA,-0.862384574964387,6,0.166666666666667,-0.563283881973411,"-0.656499396066985",-0.0790428376355905,0.737610799398833
450662,0.0345726398001479,0.0716153597840098,NA,0.355532887700135,0.163702408565247,0.433557784406901,-0.414625696328924,-0.146551366183927,7,0.142857142857143,0.0711148596776559,"0.203573073273368",-0.0790428376355905,0.737610799398833
450668,0.20629221458358,0.191199498291271,NA,0.0804246639494628,-1.2122926437151,0.668633951720995,-0.857845427385926,-0.146551366183927,7,0.142857142857143,-0.152877015534235,"-0.100099100987704",-0.0790428376355905,0.737610799398833
450669,-1.08160459629216,NA,-1.24679873499939,-0.148832189176097,1.03275191526863,0.433557784406901,NA,0.569281842596533,6,0.166666666666667,-0.0736073296992655,"0.00736907314908487",-0.0790428376355905,0.737610799398833
450670,0.292152001975297,-0.645889471259559,1.60246966358814,0.584789740825695,-0.705347098138132,0.198481617092807,0.905107446389978,0.569281842596533,8,0.125,0.350130717883845,"0.581842830757385",-0.0790428376355905,0.737610799398833
450672,1.23660966328417,0.549951913813056,-1.0525304350957,1.54766852395305,0.344754389128452,0.198481617092807,1.41824109802267,-0.146551366183927,8,0.125,0.512078175501823,"0.80139961836132",-0.0790428376355905,0.737610799398833
450674,NA,NA,NA,NA,NA,NA,NA,0.211365238206305,1,1,0.211365238206305,"0.393714511878871",-0.0790428376355905,0.737610799398833
450675,0.292152001975297,-0.406721194245036,-0.340213335448815,0.951600705826591,0.525806369691656,-0.741823052163566,1.23353024613134,0.569281842596533,8,0.125,0.2604516980455,"0.460262425601394",-0.0790428376355905,0.737610799398833
450677,0.635591151542161,NA,-1.0525304350957,0.768195223326143,1.35864548028239,-0.212901675706857,1.09283927015804,0.390323540401418,7,0.142857142857143,0.425737507843942,"0.684345112477933",-0.0790428376355905,0.737610799398833
450678,-0.909885021508731,NA,0.24259156426227,0.997452076451703,-0.777767890363414,NA,NA,-0.862384574964387,5,0.2,-0.261998769224512,"-0.24803857500193",-0.0790428376355905,0.737610799398833
450684,-1.16746438368388,NA,0.113079364326474,0.172127405199687,0.308543993015811,0.962479160863611,0.882234373609042,0.748240144791648,7,0.142857142857143,0.288462865446056,"0.498237964223369",-0.0790428376355905,0.737610799398833
450686,-1.2533241710756,-0.406721194245036,-0.858262135192003,-0.378089042301657,0.0912816163399657,-2.0935110142196,-3.53356337534446,0.390323540401418,8,0.125,-1.00523322195462,"-1.25566272222952",-0.0790428376355905,0.737610799398833
450688,-0.824025234117015,NA,-0.0811889355772215,0.584789740825695,-1.0312406631519,-0.271670717535378,NA,-1.0413428771595,6,0.166666666666667,-0.444113114452554,"-0.494936187369413",-0.0790428376355905,0.737610799398833
450690,NA,NA,0.566372064101763,-0.836602748552777,-0.741557494250773,NA,NA,0.211365238206305,4,0.25,-0.200105735123871,"-0.164128423264611",-0.0790428376355905,0.737610799398833
450694,NA,NA,NA,0.126276034574575,0.562016765804296,NA,NA,0.0324069360111874,3,0.333333333333333,0.240233245463353,"0.432851692734379",-0.0790428376355905,0.737610799398833
450698,NA,NA,NA,NA,NA,NA,NA,NA,0,NA,NA,"NaN",-0.0790428376355905,0.737610799398833
450702,0.292152001975297,-2.91798810289753,1.01966476387705,-0.148832189176097,0.670647954142219,0.433557784406901,0.00960506864579131,-0.325509668379042,8,0.125,-0.120837798425675,"-0.0566626204824396",-0.0790428376355905,0.737610799398833
450709,1.40832923806761,NA,0.825396463973357,1.50181715332793,0.924120726930704,1.02124820269213,1.54684818648906,0.927198446986763,7,0.142857142857143,1.16499405978108,"1.68657630613677",-0.0790428376355905,0.737610799398833
450711,0.20629221458358,NA,NA,1.50181715332793,0.308543993015811,0.374788742578378,NA,0.748240144791648,5,0.2,0.62793644965947,"0.958471985322425",-0.0790428376355905,0.737610799398833
450713,1.49418902545932,0.191199498291271,-0.210701135513018,0.401384258325247,-1.2122926437151,1.55016957914885,0.203378836167305,0.0324069360111874,8,0.125,0.306216794271882,"0.522307471937052",-0.0790428376355905,0.737610799398833
450718,-1.2533241710756,-1.00464188678134,0.177835464294372,-0.148832189176097,0.344754389128452,-0.0953635920498098,-0.219988793985489,0.211365238206305,8,0.125,-0.248524442679901,"-0.229771046170204",-0.0790428376355905,0.737610799398833
450723,0.20629221458358,0.310783636798532,-0.340213335448815,-0.240534930426321,-0.19840155256116,-0.330439759363904,-1.27905522048391,-0.325509668379042,8,0.125,-0.27463482691013,"-0.265169638831144",-0.0790428376355905,0.737610799398833
450730,-0.652305659333582,NA,NA,-0.515643154176993,0.018860824114684,NA,NA,-0.146551366183927,4,0.25,-0.323909838894954,"-0.331973178075667",-0.0790428376355905,0.737610799398833
450742,0.463871576758728,NA,-0.0164328356093239,-0.607345895427217,0.417175181353733,-0.44797784302095,-0.907475679646448,0.390323540401418,7,0.142857142857143,-0.101123136455723,"-0.0299348909182569",-0.0790428376355905,0.737610799398833
450743,-0.223006722375001,1.0282884678421,-0.728749935256206,0.722343852701031,0.706858350254859,0.316019700749854,0.795920891416831,0.748240144791648,8,0.125,0.42073934376564,"0.677568958871755",-0.0790428376355905,0.737610799398833
450747,NA,NA,-1.18204263503149,-2.76236031480748,-1.42955502039095,-2.0935110142196,NA,-1.93613438813508,5,0.2,-1.88072067451692,"-2.44258603365045",-0.0790428376355905,0.737610799398833
450755,NA,NA,NA,NA,0.163702408565247,NA,NA,-0.325509668379042,2,0.5,-0.0809036299068971,"-0.00252272915855243",-0.0790428376355905,0.737610799398833
450771,-2.19778183238447,0.669536052320317,-0.663993835288308,-0.240534930426321,0.851699934705422,0.198481617092807,0.535685742607316,0.748240144791648,8,0.125,-0.0123333883226989,"0.0904399032216733",-0.0790428376355905,0.737610799398833
450774,NA,NA,NA,NA,NA,NA,NA,0.211365238206305,1,1,0.211365238206305,"0.393714511878871",-0.0790428376355905,0.737610799398833
450775,1.23660966328417,-0.0479687787232517,-0.340213335448815,0.951600705826591,0.851699934705422,1.90278383011999,2.0850127479575,0.927198446986763,8,0.125,0.945840401838546,"1.38946344103074",-0.0790428376355905,0.737610799398833
450779,1.66590860024276,NA,0.69588426403756,1.41011441207771,-0.125980760335879,-0.741823052163566,0.133896483002575,0.748240144791648,7,0.142857142857143,0.540891441664686,"0.840462585154034",-0.0790428376355905,0.737610799398833
450788,1.40832923806761,-0.765473609766821,0.177835464294372,1.50181715332793,0.489595973579015,0.198481617092807,2.47299185041149,0.569281842596533,8,0.125,0.756607441200367,"1.13291491870378",-0.0790428376355905,0.737610799398833
450801,-1.08160459629216,-1.00464188678134,-0.0164328356093239,-1.43267056667923,-1.82786937763,0.316019700749854,-1.33559055131981,-1.0413428771595,8,0.125,-0.92801662384019,"-1.15097797767675",-0.0790428376355905,0.737610799398833
450804,NA,NA,NA,NA,NA,NA,NA,0.927198446986763,1,1,0.927198446986763,"1.36419001110404",-0.0790428376355905,0.737610799398833
450808,NA,NA,NA,NA,NA,NA,NA,0.211365238206305,1,1,0.211365238206305,"0.393714511878871",-0.0790428376355905,0.737610799398833
450809,0.20629221458358,NA,-1.1172865350636,0.676492482075919,-0.307032740899083,0.903710119035088,-0.169063839492084,0.927198446986763,7,0.142857142857143,0.160044306746655,"0.324137261245505",-0.0790428376355905,0.737610799398833
450820,1.66590860024276,-0.645889471259559,2.05576236336343,2.05203360082928,2.01043261030993,1.1975553281777,2.59167288842578,1.46407335357211,8,0.125,1.54894365920768,"2.20710772967276",-0.0790428376355905,0.737610799398833
450822,NA,NA,0.436859864165966,-0.240534930426321,-0.560505513687569,-0.389208801192427,NA,0.569281842596533,5,0.2,-0.0368215077087634,"0.0572406612826687",-0.0790428376355905,0.737610799398833
450825,NA,NA,NA,NA,NA,NA,NA,NA,0,NA,NA,"NaN",-0.0790428376355905,0.737610799398833
450827,NA,NA,NA,NA,0.779279142480142,NA,NA,0.211365238206305,2,0.5,0.495322190343223,"0.778683051342161",-0.0790428376355905,0.737610799398833
450828,-0.48058608455015,NA,NA,0.722343852701031,-0.270822344786443,NA,NA,0.0324069360111874,4,0.25,0.000835589843906375,"0.108293462547727",-0.0790428376355905,0.737610799398833
450831,NA,NA,NA,NA,NA,NA,NA,NA,0,NA,NA,"NaN",-0.0790428376355905,0.737610799398833
450833,NA,NA,NA,NA,-0.524295117574929,NA,NA,-0.325509668379042,2,0.5,-0.424902392976985,"-0.468891664307622",-0.0790428376355905,0.737610799398833
450834,NA,NA,NA,NA,NA,NA,NA,0.569281842596533,1,1,0.569281842596533,"0.878952261491454",-0.0790428376355905,0.737610799398833
450840,0.463871576758728,NA,-1.1172865350636,-0.194683559801209,-0.488084721462287,-0.859361135820613,NA,0.390323540401418,6,0.166666666666667,-0.300870139164593,"-0.300737599977924",-0.0790428376355905,0.737610799398833
450844,0.549731364150444,-0.645889471259559,0.69588426403756,1.96033085957905,1.79317023363408,1.60893862097737,2.70862765679622,1.64303165576722,8,0.125,1.2892281479603,"1.8550040030746",-0.0790428376355905,0.737610799398833
450847,-1.85434268281761,NA,0.436859864165966,-0.469791783551881,0.199912804677888,-0.859361135820613,-0.444403847685236,-0.146551366183927,7,0.142857142857143,-0.448239735316487,"-0.500530764980393",-0.0790428376355905,0.737610799398833
450848,-0.48058608455015,NA,0.631128164069661,0.676492482075919,0.960331123043346,-0.506746884849472,1.12477525856915,1.10615674918188,7,0.142857142857143,0.501650115362905,"0.787261999786027",-0.0790428376355905,0.737610799398833
450851,0.292152001975297,NA,NA,1.13500618832704,NA,NA,NA,1.82198995796234,3,0.333333333333333,1.08304938275489,"1.57548157014188",-0.0790428376355905,0.737610799398833
450853,NA,NA,NA,NA,NA,NA,NA,-0.146551366183927,1,1,-0.146551366183927,"-0.0915232377337164",-0.0790428376355905,0.737610799398833
450855,0.292152001975297,-1.24381016379587,0.0483232643585746,1.41011441207771,1.90180142197201,NA,0.201652566523461,0.748240144791648,7,0.142857142857143,0.479781949700404,"0.757614703840356",-0.0790428376355905,0.737610799398833
450856,NA,NA,NA,NA,NA,NA,NA,0.0324069360111874,1,1,0.0324069360111874,"0.151095637072575",-0.0790428376355905,0.737610799398833
450860,NA,NA,NA,NA,NA,NA,NA,NA,0,NA,NA,"NaN",-0.0790428376355905,0.737610799398833
450862,-0.137146934983285,0.90870432933484,-0.14594503554512,-0.0112780773007613,0.489595973579015,0.0221744916072371,0.845982711088313,0.927198446986763,8,0.125,0.362410738095875,"0.598491204428215",-0.0790428376355905,0.737610799398833
450864,NA,NA,NA,NA,NA,NA,NA,0.927198446986763,1,1,0.927198446986763,"1.36419001110404",-0.0790428376355905,0.737610799398833
450865,NA,NA,NA,NA,0.598227161916937,NA,NA,0.211365238206305,2,0.5,0.404796200061621,"0.655954384197669",-0.0790428376355905,0.737610799398833
450867,NA,NA,0.177835464294372,1.13500618832704,0.380964785241092,NA,NA,-0.146551366183927,4,0.25,0.386813767919644,"0.631575088020562",-0.0790428376355905,0.737610799398833
450869,-0.652305659333582,-0.645889471259559,0.24259156426227,-0.240534930426321,0.199912804677888,-0.565515926677996,-0.0797293854231465,-0.862384574964387,8,0.125,-0.325481947393104,"-0.334104530408674",-0.0790428376355905,0.737610799398833
450872,NA,NA,NA,NA,NA,NA,NA,0.0324069360111874,1,1,0.0324069360111874,"0.151095637072575",-0.0790428376355905,0.737610799398833
450874,NA,NA,NA,NA,NA,NA,NA,0.211365238206305,1,1,0.211365238206305,"0.393714511878871",-0.0790428376355905,0.737610799398833
450875,NA,NA,NA,NA,NA,NA,NA,-0.146551366183927,1,1,-0.146551366183927,"-0.0915232377337164",-0.0790428376355905,0.737610799398833
450876,-1.76848289542589,-1.48297844081039,-0.469725535384612,-1.38681919605412,-0.307032740899083,NA,-0.635588210740983,-1.57821778374485,7,0.142857142857143,-1.0898349718657,"-1.37035972772352",-0.0790428376355905,0.737610799398833
450880,NA,NA,NA,NA,NA,NA,NA,0.390323540401418,1,1,0.390323540401418,"0.636333386685161",-0.0790428376355905,0.737610799398833
450883,NA,NA,NA,NA,NA,NA,NA,0.211365238206305,1,1,0.211365238206305,"0.393714511878871",-0.0790428376355905,0.737610799398833
450885,0.0345726398001479,NA,0.760640364005458,0.768195223326143,0.851699934705422,0.374788742578378,NA,1.28511505137699,6,0.166666666666667,0.679168659298757,"1.02792895325327",-0.0790428376355905,0.737610799398833
450888,NA,NA,NA,NA,NA,NA,NA,0.211365238206305,1,1,0.211365238206305,"0.393714511878871",-0.0790428376355905,0.737610799398833
450889,NA,NA,NA,NA,NA,NA,NA,0.390323540401418,1,1,0.390323540401418,"0.636333386685161",-0.0790428376355905,0.737610799398833
450890,0.378011789367012,NA,-0.0811889355772215,0.172127405199687,0.127492012452607,1.60893862097737,-1.54015350411535,1.82198995796234,7,0.142857142857143,0.355316763752348,"0.588873701065589",-0.0790428376355905,0.737610799398833
450891,NA,NA,NA,NA,NA,NA,NA,0.211365238206305,1,1,0.211365238206305,"0.393714511878871",-0.0790428376355905,0.737610799398833
450893,0.20629221458358,0.90870432933484,NA,0.951600705826591,NA,NA,NA,1.10615674918188,4,0.25,0.793188499731722,"1.18250890317522",-0.0790428376355905,0.737610799398833
451300,NA,NA,NA,NA,-0.596715909800209,NA,NA,NA,1,1,-0.596715909800209,"-0.701824149790828",-0.0790428376355905,0.737610799398833
451301,NA,NA,NA,NA,NA,NA,NA,NA,0,NA,NA,"NaN",-0.0790428376355905,0.737610799398833
451303,NA,NA,NA,NA,NA,NA,NA,-1.22030117935462,1,1,-1.22030117935462,"-1.54723648657147",-0.0790428376355905,0.737610799398833
451304,NA,NA,NA,NA,NA,NA,NA,NA,0,NA,NA,"NaN",-0.0790428376355905,0.737610799398833
451305,NA,NA,NA,NA,NA,NA,NA,NA,0,NA,NA,"NaN",-0.0790428376355905,0.737610799398833
451306,NA,NA,NA,NA,NA,NA,NA,-0.146551366183927,1,1,-0.146551366183927,"-0.0915232377337164",-0.0790428376355905,0.737610799398833
451307,NA,NA,NA,NA,NA,NA,NA,NA,0,NA,NA,"NaN",-0.0790428376355905,0.737610799398833
451308,NA,NA,NA,NA,NA,NA,NA,NA,0,NA,NA,"NaN",-0.0790428376355905,0.737610799398833
451310,NA,NA,NA,NA,NA,NA,NA,0.0324069360111874,1,1,0.0324069360111874,"0.151095637072575",-0.0790428376355905,0.737610799398833
451311,NA,NA,NA,NA,NA,NA,NA,-0.504467970574157,1,1,-0.504467970574157,"-0.576760987346302",-0.0790428376355905,0.737610799398833
451312,NA,NA,NA,NA,NA,NA,NA,NA,0,NA,NA,"NaN",-0.0790428376355905,0.737610799398833
451313,NA,NA,NA,NA,NA,NA,NA,NA,0,NA,NA,"NaN",-0.0790428376355905,0.737610799398833
451314,NA,NA,NA,NA,NA,NA,NA,NA,0,NA,NA,"NaN",-0.0790428376355905,0.737610799398833
451315,NA,NA,NA,NA,0.815489538592783,NA,NA,0.569281842596533,2,0.5,0.692385690594658,"1.04584765957735",-0.0790428376355905,0.737610799398833
451316,NA,NA,NA,NA,NA,NA,NA,NA,0,NA,NA,"NaN",-0.0790428376355905,0.737610799398833
451317,NA,NA,NA,NA,NA,NA,NA,NA,0,NA,NA,"NaN",-0.0790428376355905,0.737610799398833
451318,NA,NA,NA,NA,NA,NA,NA,NA,0,NA,NA,"NaN",-0.0790428376355905,0.737610799398833
451319,NA,NA,NA,NA,0.562016765804296,NA,NA,0.390323540401418,2,0.5,0.476170153102857,"0.752718088171915",-0.0790428376355905,0.737610799398833
451320,NA,NA,NA,NA,NA,NA,NA,NA,0,NA,NA,"NaN",-0.0790428376355905,0.737610799398833
451322,NA,NA,NA,NA,NA,NA,NA,NA,0,NA,NA,"NaN",-0.0790428376355905,0.737610799398833
451323,NA,NA,NA,0.0345732933243508,0.634437558029578,NA,NA,0.0324069360111874,3,0.333333333333333,0.233805929121706,"0.424137996640334",-0.0790428376355905,0.737610799398833
451324,NA,NA,NA,NA,NA,NA,NA,NA,0,NA,NA,"NaN",-0.0790428376355905,0.737610799398833
451325,NA,NA,NA,NA,NA,NA,NA,NA,0,NA,NA,"NaN",-0.0790428376355905,0.737610799398833
451328,NA,NA,NA,NA,NA,NA,NA,NA,0,NA,NA,"NaN",-0.0790428376355905,0.737610799398833
451329,NA,NA,NA,NA,NA,NA,NA,NA,0,NA,NA,"NaN",-0.0790428376355905,0.737610799398833
451330,NA,NA,NA,NA,-0.379453533124364,NA,NA,-0.504467970574157,2,0.5,-0.44196075184926,"-0.492018167995174",-0.0790428376355905,0.737610799398833
451331,NA,NA,NA,NA,NA,NA,NA,NA,0,NA,NA,"NaN",-0.0790428376355905,0.737610799398833
451332,NA,NA,NA,NA,NA,NA,NA,NA,0,NA,NA,"NaN",-0.0790428376355905,0.737610799398833
451333,NA,NA,NA,NA,NA,NA,NA,0.569281842596533,1,1,0.569281842596533,"0.878952261491454",-0.0790428376355905,0.737610799398833
451334,NA,NA,NA,NA,NA,NA,NA,NA,0,NA,NA,"NaN",-0.0790428376355905,0.737610799398833
451335,NA,NA,NA,NA,NA,NA,NA,NA,0,NA,NA,"NaN",-0.0790428376355905,0.737610799398833
451337,NA,NA,NA,NA,0.344754389128452,NA,NA,0.0324069360111874,2,0.5,0.18858066256982,"0.362824812792232",-0.0790428376355905,0.737610799398833
451338,NA,NA,NA,NA,NA,NA,NA,NA,0,NA,NA,"NaN",-0.0790428376355905,0.737610799398833
451340,NA,NA,NA,NA,NA,NA,NA,NA,0,NA,NA,"NaN",-0.0790428376355905,0.737610799398833
451341,NA,NA,NA,NA,NA,NA,NA,NA,0,NA,NA,"NaN",-0.0790428376355905,0.737610799398833
451342,NA,NA,NA,NA,NA,NA,NA,NA,0,NA,NA,"NaN",-0.0790428376355905,0.737610799398833
451343,NA,NA,NA,NA,0.489595973579015,NA,NA,0.0324069360111874,2,0.5,0.261001454795101,"0.461007746507825",-0.0790428376355905,0.737610799398833
451344,NA,NA,NA,NA,-1.10366145537718,NA,NA,NA,1,1,-1.10366145537718,"-1.38910468579998",-0.0790428376355905,0.737610799398833
451346,NA,NA,0.372103764198067,-0.836602748552777,-1.53818620872887,NA,NA,0.390323540401418,4,0.25,-0.403090413170541,"-0.439320541129624",-0.0790428376355905,0.737610799398833
451347,NA,NA,NA,NA,-1.82786937763,NA,NA,-0.862384574964387,2,0.5,-1.34512697629719,"-1.7164663799574",-0.0790428376355905,0.737610799398833
451349,NA,NA,NA,NA,NA,NA,NA,NA,0,NA,NA,"NaN",-0.0790428376355905,0.737610799398833
451350,NA,NA,NA,NA,NA,NA,NA,NA,0,NA,NA,"NaN",-0.0790428376355905,0.737610799398833
451351,NA,NA,NA,NA,NA,NA,NA,NA,0,NA,NA,"NaN",-0.0790428376355905,0.737610799398833
451352,NA,NA,NA,NA,NA,NA,NA,NA,0,NA,NA,"NaN",-0.0790428376355905,0.737610799398833
451353,NA,NA,NA,NA,NA,NA,NA,NA,0,NA,NA,"NaN",-0.0790428376355905,0.737610799398833
451354,NA,NA,NA,NA,-0.99503026703926,NA,NA,-0.862384574964387,2,0.5,-0.928707421001823,"-1.15191451109274",-0.0790428376355905,0.737610799398833
451355,NA,NA,NA,NA,NA,NA,NA,NA,0,NA,NA,"NaN",-0.0790428376355905,0.737610799398833
451356,NA,NA,NA,-0.194683559801209,-0.19840155256116,NA,NA,-0.325509668379042,3,0.333333333333333,-0.23953159358047,"-0.217579184138412",-0.0790428376355905,0.737610799398833
451359,NA,NA,NA,NA,-0.560505513687569,NA,NA,0.0324069360111874,2,0.5,-0.264049288838191,"-0.250818522930228",-0.0790428376355905,0.737610799398833
451361,NA,NA,NA,NA,-1.0312406631519,NA,NA,-0.325509668379042,2,0.5,-0.678375165765471,"-0.8125319323122",-0.0790428376355905,0.737610799398833
451362,NA,NA,NA,NA,-0.415663929237006,NA,NA,0.211365238206305,2,0.5,-0.102149345515351,"-0.0313261518114869",-0.0790428376355905,0.737610799398833
451363,NA,NA,NA,NA,NA,NA,NA,NA,0,NA,NA,"NaN",-0.0790428376355905,0.737610799398833
451364,NA,NA,NA,NA,NA,NA,NA,NA,0,NA,NA,"NaN",-0.0790428376355905,0.737610799398833
451365,NA,NA,NA,0.951600705826591,1.5396974608456,NA,NA,0.390323540401418,3,0.333333333333333,0.960540569024536,"1.40939287698527",-0.0790428376355905,0.737610799398833
451367,NA,NA,-2.02387193461417,-1.20341371355367,0.344754389128452,NA,NA,-1.39925948154973,4,0.25,-1.07044768514728,"-1.34407583012573",-0.0790428376355905,0.737610799398833
451369,NA,NA,NA,NA,NA,NA,NA,0.390323540401418,1,1,0.390323540401418,"0.636333386685161",-0.0790428376355905,0.737610799398833
451370,NA,NA,NA,NA,-0.99503026703926,NA,NA,-0.325509668379042,2,0.5,-0.660269967709151,"-0.787986198883302",-0.0790428376355905,0.737610799398833
451371,NA,NA,NA,NA,0.417175181353733,NA,NA,-0.146551366183927,2,0.5,0.135311907584903,"0.290606842246883",-0.0790428376355905,0.737610799398833
451372,NA,NA,NA,NA,NA,NA,NA,NA,0,NA,NA,"NaN",-0.0790428376355905,0.737610799398833
451373,NA,NA,NA,NA,0.018860824114684,NA,NA,-0.504467970574157,2,0.5,-0.242803573229736,"-0.222015100277293",-0.0790428376355905,0.737610799398833
451374,NA,NA,NA,NA,0.344754389128452,NA,NA,0.748240144791648,2,0.5,0.54649726696005,"0.848062562404817",-0.0790428376355905,0.737610799398833
451375,NA,NA,NA,NA,NA,NA,NA,NA,0,NA,NA,"NaN",-0.0790428376355905,0.737610799398833
451376,NA,NA,NA,0.401384258325247,0.815489538592783,NA,NA,0.927198446986763,3,0.333333333333333,0.714690747968264,"1.07608726207746",-0.0790428376355905,0.737610799398833
451377,NA,NA,NA,-0.699048636677441,-0.669136702025491,NA,NA,-0.862384574964387,3,0.333333333333333,-0.743523304555773,"-0.90085512232433",-0.0790428376355905,0.737610799398833
451378,NA,NA,NA,NA,-0.343243137011723,NA,NA,-0.146551366183927,2,0.5,-0.244897251597825,"-0.224853559759983",-0.0790428376355905,0.737610799398833
451379,NA,NA,NA,NA,-0.922609474813977,NA,NA,-1.22030117935462,2,0.5,-1.0714553270843,"-1.34544191904124",-0.0790428376355905,0.737610799398833
451380,NA,NA,-0.210701135513018,-0.148832189176097,1.03275191526863,NA,NA,0.390323540401418,4,0.25,0.265885532745232,"0.467629230295904",-0.0790428376355905,0.737610799398833
451381,NA,NA,NA,NA,NA,NA,NA,NA,0,NA,NA,"NaN",-0.0790428376355905,0.737610799398833
451382,NA,NA,0.501615964133864,-0.0571294479258733,-0.488084721462287,-1.09443730313471,NA,-0.325509668379042,5,0.2,-0.292709035353609,"-0.28967335875798",-0.0790428376355905,0.737610799398833
451384,NA,NA,NA,NA,-1.46576541650359,NA,NA,-0.504467970574157,2,0.5,-0.985116693538873,"-1.22839017086213",-0.0790428376355905,0.737610799398833
451385,NA,NA,NA,NA,-0.596715909800209,NA,NA,-0.504467970574157,2,0.5,-0.550591940187183,"-0.639292568568565",-0.0790428376355905,0.737610799398833
451386,NA,NA,NA,NA,NA,NA,NA,-0.325509668379042,1,1,-0.325509668379042,"-0.334142112540009",-0.0790428376355905,0.737610799398833
451387,NA,NA,0.307347664230169,-0.102980818550985,-0.19840155256116,NA,NA,-0.862384574964387,4,0.25,-0.214104820461591,"-0.183107382560123",-0.0790428376355905,0.737610799398833
451389,NA,NA,NA,NA,NA,NA,NA,NA,0,NA,NA,"NaN",-0.0790428376355905,0.737610799398833
451390,NA,NA,NA,NA,NA,NA,NA,NA,0,NA,NA,"NaN",-0.0790428376355905,0.737610799398833
451391,NA,NA,NA,NA,NA,NA,NA,0.211365238206305,1,1,0.211365238206305,"0.393714511878871",-0.0790428376355905,0.737610799398833
451392,NA,NA,NA,NA,-1.17608224760246,NA,NA,-0.504467970574157,2,0.5,-0.84027510908831,"-1.03202430343094",-0.0790428376355905,0.737610799398833
451393,NA,NA,NA,NA,NA,NA,NA,NA,0,NA,NA,"NaN",-0.0790428376355905,0.737610799398833
451394,NA,NA,NA,NA,NA,NA,NA,NA,0,NA,NA,"NaN",-0.0790428376355905,0.737610799398833
451395,NA,NA,-0.534481635352511,-2.21214386730614,-2.37102531931961,NA,NA,-1.39925948154973,4,0.25,-1.629227575882,"-2.10162966636312",-0.0790428376355905,0.737610799398833
451396,NA,NA,NA,NA,NA,NA,NA,NA,0,NA,NA,"NaN",-0.0790428376355905,0.737610799398833
451397,NA,NA,NA,-0.378089042301657,1.21380389583183,NA,NA,-0.325509668379042,3,0.333333333333333,0.170068395050377,"0.337727203681126",-0.0790428376355905,0.737610799398833
451398,NA,NA,NA,NA,NA,NA,NA,NA,0,NA,NA,"NaN",-0.0790428376355905,0.737610799398833
451399,NA,NA,NA,NA,-0.958819870926618,NA,NA,-0.862384574964387,2,0.5,-0.910602222945502,"-1.12736877766384",-0.0790428376355905,0.737610799398833
460001,0.89317051371731,0.0716153597840098,NA,-0.378089042301657,-0.488084721462287,-0.330439759363904,-0.0305307005735857,0.569281842596533,7,0.142857142857143,0.0438462131994885,"0.166604191445185",-0.0790428376355905,0.737610799398833
460003,NA,NA,NA,NA,0.634437558029578,NA,NA,-0.146551366183927,2,0.5,0.243943095922826,"0.437881242820273",-0.0790428376355905,0.737610799398833
460004,0.979030301109026,-0.167552917230512,0.372103764198067,-1.47852193730435,0.525806369691656,-0.565515926677996,0.260345734414164,0.211365238206305,8,0.125,0.0171325783007955,"0.130387754646178",-0.0790428376355905,0.737610799398833
460005,-0.394726297158433,-1.24381016379587,NA,-1.7077787904299,-0.415663929237006,-1.15320634496323,-0.00377352109400145,0.211365238206305,7,0.142857142857143,-0.672513401210305,"-0.804584970906614",-0.0790428376355905,0.737610799398833
460006,NA,NA,-0.534481635352511,0.859897964576367,-0.415663929237006,NA,NA,-0.862384574964387,4,0.25,-0.238158043744384,"-0.215717023447156",-0.0790428376355905,0.737610799398833
460007,NA,NA,NA,-1.20341371355367,-0.343243137011723,NA,NA,-1.57821778374485,3,0.333333333333333,-1.04162487810341,"-1.3049999284885",-0.0790428376355905,0.737610799398833
460009,0.0345726398001479,0.430367775305794,-0.14594503554512,1.04330344707681,1.28622468805711,-0.330439759363904,0.749743178443999,1.64303165576722,8,0.125,0.588857323692758,"0.905491299575196",-0.0790428376355905,0.737610799398833
460010,3.03966519851022,0.430367775305794,0.177835464294372,0.0345732933243508,-0.16219115644852,1.37386245366328,0.341480407674841,0.390323540401418,8,0.125,0.703239622090718,"1.06056264409887",-0.0790428376355905,0.737610799398833
460011,NA,NA,0.177835464294372,-0.0571294479258733,-1.35713422816567,NA,NA,-0.862384574964387,4,0.25,-0.524703196690389,"-0.604194460571917",-0.0790428376355905,0.737610799398833
460013,NA,NA,NA,-0.332237671676545,1.25001429194447,NA,NA,0.390323540401418,3,0.333333333333333,0.436033386889781,"0.69830352937507",-0.0790428376355905,0.737610799398833
460014,NA,NA,NA,0.217978775824799,0.0912816163399657,NA,NA,0.569281842596533,3,0.333333333333333,0.292847411587099,"0.504182218489463",-0.0790428376355905,0.737610799398833
460015,-0.0512871475915684,NA,NA,0.0345732933243508,-0.234611948673802,NA,NA,-0.504467970574157,4,0.25,-0.188948443378794,"-0.149002164600598",-0.0790428376355905,0.737610799398833
460017,NA,NA,NA,NA,0.0550712202273249,NA,NA,0.569281842596533,2,0.5,0.312176531411929,"0.530387257570484",-0.0790428376355905,0.737610799398833
460019,NA,NA,-0.210701135513018,-0.607345895427217,-0.16219115644852,NA,NA,-1.39925948154973,4,0.25,-0.594874417234622,"-0.699327585793814",-0.0790428376355905,0.737610799398833
460021,1.9234879624179,0.310783636798532,-0.534481635352511,0.263830146449911,-0.0897703642232385,-0.859361135820613,0.546474927881342,0.569281842596533,8,0.125,0.266280672593482,"0.468164932658955",-0.0790428376355905,0.737610799398833
460023,NA,NA,NA,-0.653197266052329,0.815489538592783,NA,NA,0.569281842596533,3,0.333333333333333,0.243858038378995,"0.437765927881962",-0.0790428376355905,0.737610799398833
460026,NA,NA,NA,-0.0112780773007613,0.453385577466374,NA,NA,-0.146551366183927,3,0.333333333333333,0.0985187113272288,"0.240725256608953",-0.0790428376355905,0.737610799398833
460030,NA,NA,NA,-1.52437330792946,0.960331123043346,NA,NA,0.569281842596533,3,0.333333333333333,0.00174655257014082,"0.109528480699545",-0.0790428376355905,0.737610799398833
460039,NA,NA,NA,NA,NA,NA,NA,0.390323540401418,1,1,0.390323540401418,"0.636333386685161",-0.0790428376355905,0.737610799398833
460041,-0.308866509766717,NA,NA,-0.148832189176097,1.61211825307088,-0.154132633878333,NA,0.390323540401418,5,0.2,0.27812209213023,"0.484218682883869",-0.0790428376355905,0.737610799398833
460042,NA,NA,NA,0.722343852701031,1.03275191526863,-0.0953635920498098,NA,0.211365238206305,4,0.25,0.467774353531538,"0.741335663215337",-0.0790428376355905,0.737610799398833
460043,NA,NA,NA,NA,NA,NA,NA,NA,0,NA,NA,"NaN",-0.0790428376355905,0.737610799398833
460044,NA,NA,NA,0.447235628950359,1.68453904529616,NA,NA,0.748240144791648,3,0.333333333333333,0.960004939679389,"1.40866670900402",-0.0790428376355905,0.737610799398833
460047,1.32246945067589,0.310783636798532,-0.275457235480917,0.493086999575471,1.50348706473296,0.727402993549518,0.474834737661807,0.390323540401418,8,0.125,0.618366398489335,"0.945497593979545",-0.0790428376355905,0.737610799398833
460051,0.378011789367012,NA,0.372103764198067,-0.469791783551881,0.670647954142219,-0.212901675706857,NA,-0.683426272769272,6,0.166666666666667,0.00910729594654812,"0.119507650449238",-0.0790428376355905,0.737610799398833
460052,0.120432427191864,NA,NA,-1.75363016105502,-0.922609474813977,NA,NA,0.0324069360111874,4,0.25,-0.630850068166485,"-0.748100801914273",-0.0790428376355905,0.737610799398833
460054,NA,NA,NA,NA,NA,NA,NA,0.211365238206305,1,1,0.211365238206305,"0.393714511878871",-0.0790428376355905,0.737610799398833
460057,NA,NA,NA,0.355532887700135,-0.0535599681105977,NA,NA,0.211365238206305,3,0.333333333333333,0.171112719265281,"0.339143023807071",-0.0790428376355905,0.737610799398833
460058,NA,NA,NA,0.355532887700135,0.670647954142219,NA,NA,0.390323540401418,3,0.333333333333333,0.472168127414591,"0.74729242779448",-0.0790428376355905,0.737610799398833
460060,NA,NA,NA,1.18085755895215,1.06896231138127,NA,NA,0.390323540401418,3,0.333333333333333,0.880047803578279,"1.30026653893293",-0.0790428376355905,0.737610799398833
460061,NA,NA,NA,0.217978775824799,1.03275191526863,NA,NA,0.569281842596533,3,0.333333333333333,0.606670844563319,"0.929641597923701",-0.0790428376355905,0.737610799398833
460062,NA,NA,NA,NA,1.21380389583183,NA,NA,0.390323540401418,2,0.5,0.802063718116624,"1.19454128989209",-0.0790428376355905,0.737610799398833
461300,NA,NA,NA,NA,NA,NA,NA,0.569281842596533,1,1,0.569281842596533,"0.878952261491454",-0.0790428376355905,0.737610799398833
461301,NA,NA,NA,NA,0.7430687463675,NA,NA,0.211365238206305,2,0.5,0.477216992286902,"0.754137317913262",-0.0790428376355905,0.737610799398833
461302,NA,NA,NA,NA,-0.379453533124364,NA,NA,0.0324069360111874,2,0.5,-0.173523298556588,"-0.128089855785736",-0.0790428376355905,0.737610799398833
461303,NA,NA,NA,NA,NA,NA,NA,0.211365238206305,1,1,0.211365238206305,"0.393714511878871",-0.0790428376355905,0.737610799398833
461304,NA,NA,NA,NA,0.453385577466374,NA,NA,0.0324069360111874,2,0.5,0.242896256738781,"0.436462013078927",-0.0790428376355905,0.737610799398833
461305,NA,NA,NA,NA,NA,NA,NA,NA,0,NA,NA,"NaN",-0.0790428376355905,0.737610799398833
461306,NA,NA,NA,-1.20341371355367,-1.06745105926454,NA,NA,-0.504467970574157,3,0.333333333333333,-0.925110914464123,"-1.14703862459456",-0.0790428376355905,0.737610799398833
461307,NA,NA,NA,NA,0.779279142480142,NA,NA,0.569281842596533,2,0.5,0.674280492538337,"1.02130192614845",-0.0790428376355905,0.737610799398833
461308,NA,NA,NA,NA,NA,NA,NA,-0.146551366183927,1,1,-0.146551366183927,"-0.0915232377337164",-0.0790428376355905,0.737610799398833
461309,NA,NA,NA,NA,NA,NA,NA,0.569281842596533,1,1,0.569281842596533,"0.878952261491454",-0.0790428376355905,0.737610799398833
461310,NA,NA,NA,NA,-0.415663929237006,NA,NA,-0.683426272769272,2,0.5,-0.549545101003139,"-0.63787333882722",-0.0790428376355905,0.737610799398833
461333,NA,NA,NA,NA,0.163702408565247,NA,NA,-0.146551366183927,2,0.5,0.00857552119066045,"0.118786708244594",-0.0790428376355905,0.737610799398833
461335,NA,NA,NA,NA,1.32243508416975,NA,NA,NA,1,1,1.32243508416975,"1.9000235936724",-0.0790428376355905,0.737610799398833
470001,0.549731364150444,NA,0.501615964133864,-0.423940412926769,1.57590785695824,-1.38828251227732,NA,0.927198446986763,6,0.166666666666667,0.290371784504203,"0.500825940239586",-0.0790428376355905,0.737610799398833
470003,1.58004881285104,1.26745674485662,-0.469725535384612,-0.469791783551881,0.779279142480142,1.49140053732032,-1.02486201542785,1.82198995796234,8,0.125,0.621974482638265,"0.950389176575503",-0.0790428376355905,0.737610799398833
470005,-1.2533241710756,NA,0.113079364326474,-1.20341371355367,0.308543993015811,-2.0935110142196,NA,0.390323540401418,6,0.166666666666667,-0.623050333517528,"-0.737526479174809",-0.0790428376355905,0.737610799398833
470011,NA,NA,-0.404969435416714,-0.240534930426321,-1.46576541650359,-3.15135376713303,NA,-0.504467970574157,5,0.2,-1.15341830401076,"-1.4565614647329",-0.0790428376355905,0.737610799398833
470012,-2.45536119455962,NA,1.34344526371654,-0.836602748552777,0.489595973579015,-0.271670717535378,NA,-0.683426272769272,6,0.166666666666667,-0.402336616020248,"-0.438298596832027",-0.0790428376355905,0.737610799398833
470024,0.89317051371731,NA,-0.663993835288308,-0.699048636677441,-0.0897703642232385,-2.85750855799041,NA,-1.93613438813508,6,0.166666666666667,-0.892214211432861,"-1.10243962596537",-0.0790428376355905,0.737610799398833
471300,NA,NA,NA,NA,0.562016765804296,NA,NA,-0.862384574964387,2,0.5,-0.150183904580046,"-0.0964479736501099",-0.0790428376355905,0.737610799398833
471301,NA,NA,NA,-0.102980818550985,0.199912804677888,NA,NA,0.211365238206305,3,0.333333333333333,0.102765741444403,"0.246483076479047",-0.0790428376355905,0.737610799398833
471302,NA,NA,NA,NA,0.670647954142219,NA,NA,-0.325509668379042,2,0.5,0.172569142881589,"0.341117538846025",-0.0790428376355905,0.737610799398833
471303,-0.0512871475915684,NA,-0.0164328356093239,-1.11171097230345,-1.06745105926454,-1.09443730313471,NA,-0.683426272769272,6,0.166666666666667,-0.67079093177881,"-0.802249769967448",-0.0790428376355905,0.737610799398833
471304,0.120432427191864,NA,-2.67143293429316,-3.35842813293394,-3.02281244934714,-1.09443730313471,NA,-1.93613438813508,6,0.166666666666667,-1.99380213010869,"-2.59589378847716",-0.0790428376355905,0.737610799398833
471305,-0.0512871475915684,NA,-2.08862803458207,-2.71650894418237,-1.61060700095415,NA,NA,-0.862384574964387,5,0.2,-1.46588314045491,"-1.88017895609666",-0.0790428376355905,0.737610799398833
471306,NA,NA,-0.404969435416714,-1.89118427293035,-2.76933967655866,-2.03474197239108,NA,-1.0413428771595,5,0.2,-1.62831564689126,"-2.10039333821896",-0.0790428376355905,0.737610799398833
471307,NA,NA,0.69588426403756,0.355532887700135,-0.415663929237006,NA,NA,0.748240144791648,4,0.25,0.345998341823084,"0.576240450661909",-0.0790428376355905,0.737610799398833
480001,NA,NA,NA,0.217978775824799,-2.66070848822074,-1.3295134704488,NA,-1.0413428771595,4,0.25,-1.20339651500106,"-1.52431835092686",-0.0790428376355905,0.737610799398833
480002,NA,NA,NA,-1.34096782542901,-1.24850303982774,-2.3285871815337,NA,-2.47300929472042,4,0.25,-1.84776683537772,"-2.39790957397",-0.0790428376355905,0.737610799398833
490002,NA,NA,0.113079364326474,-0.240534930426321,0.562016765804296,NA,NA,0.211365238206305,4,0.25,0.161481609477688,"0.326085853554898",-0.0790428376355905,0.737610799398833
490004,2.18106732459305,-0.167552917230512,0.372103764198067,0.584789740825695,1.14138310360655,0.139712575264284,0.405352384497078,1.10615674918188,8,0.125,0.720376590617012,"1.0837957211366",-0.0790428376355905,0.737610799398833
490005,0.463871576758728,1.38704088336389,-0.340213335448815,-0.0571294479258733,-0.669136702025491,-1.62335867959142,0.503318186785237,0.927198446986763,8,0.125,0.073948866112877,"0.207415216633431",-0.0790428376355905,0.737610799398833
490007,-0.308866509766717,1.14787260634936,0.825396463973357,0.722343852701031,0.779279142480142,-0.97689921947766,-0.136264716259045,1.10615674918188,8,0.125,0.394877296147793,"0.642507043239657",-0.0790428376355905,0.737610799398833
490009,1.23660966328417,0.310783636798532,-0.534481635352511,0.722343852701031,-0.16219115644852,0.844941077206565,1.40054683417327,1.64303165576722,8,0.125,0.68269799101622,"1.03271376893159",-0.0790428376355905,0.737610799398833
490013,NA,NA,-0.275457235480917,-0.882454119177889,-0.524295117574929,-0.741823052163566,NA,0.0324069360111874,5,0.2,-0.478324517677223,"-0.541317562550676",-0.0790428376355905,0.737610799398833
490017,0.292152001975297,0.430367775305794,-0.728749935256206,-1.34096782542901,-0.343243137011723,0.139712575264284,-0.449582656616769,1.10615674918188,8,0.125,-0.111769306573307,"-0.0443682074128917",-0.0790428376355905,0.737610799398833
490018,-1.33918395846731,NA,-0.599237735320409,-2.85406305605771,-0.343243137011723,-1.91720388873403,0.869287351280211,0.211365238206305,7,0.142857142857143,-0.853182740872095,"-1.04952354801129",-0.0790428376355905,0.737610799398833
490019,-0.824025234117015,NA,-1.18204263503149,-0.423940412926769,-0.0535599681105977,0.139712575264284,NA,-0.862384574964387,6,0.166666666666667,-0.534373374980997,"-0.617304597107999",-0.0790428376355905,0.737610799398833
490020,0.0345726398001479,NA,0.113079364326474,0.722343852701031,0.851699934705422,-0.565515926677996,NA,0.211365238206305,6,0.166666666666667,0.227924183843564,"0.416163946798689",-0.0790428376355905,0.737610799398833
490021,0.89317051371731,-0.287137055737774,0.69588426403756,0.905749335201479,-0.524295117574929,0.786172035378042,-0.901433735892992,0.927198446986763,8,0.125,0.311913585764432,"0.530030774656038",-0.0790428376355905,0.737610799398833
490022,-1.08160459629216,0.0716153597840098,0.760640364005458,0.493086999575471,-0.234611948673802,0.198481617092807,-0.492739397712875,0.569281842596533,8,0.125,0.0355187800469299,"0.155314452792571",-0.0790428376355905,0.737610799398833
490023,-0.223006722375001,NA,-0.469725535384612,-1.02000823105323,-0.488084721462287,1.08001724452066,NA,-1.22030117935462,6,0.166666666666667,-0.390184857518181,"-0.42182411121987",-0.0790428376355905,0.737610799398833
490024,-0.0512871475915684,0.669536052320317,0.307347664230169,0.0345732933243508,-0.99503026703926,-2.62243239067631,-1.46635547684101,0.390323540401418,8,0.125,-0.466665591483988,"-0.525511223756915",-0.0790428376355905,0.737610799398833
490032,-0.137146934983285,0.549951913813056,-1.18204263503149,1.41011441207771,0.634437558029578,-0.212901675706857,1.3060335711728,1.10615674918188,8,0.125,0.434325369819173,"0.69598792191379",-0.0790428376355905,0.737610799398833
490033,-0.909885021508731,NA,0.177835464294372,0.447235628950359,-1.17608224760246,-0.154132633878333,NA,-0.325509668379042,6,0.166666666666667,-0.323423079687306,"-0.331313264733773",-0.0790428376355905,0.737610799398833
490037,-0.48058608455015,NA,-0.340213335448815,-0.332237671676545,-2.18997333875641,-0.624284968506521,NA,-0.504467970574157,6,0.166666666666667,-0.745293894918766,"-0.903255562182905",-0.0790428376355905,0.737610799398833
490038,NA,NA,1.21393306378075,-1.79948153168013,-0.813978286476055,NA,NA,-1.0413428771595,4,0.25,-0.610217407883735,"-0.720128515852888",-0.0790428376355905,0.737610799398833
490040,1.66590860024276,NA,1.60246966358814,1.68522263582838,1.82938062974672,1.08001724452066,1.73587471249001,1.46407335357211,7,0.142857142857143,1.58042097714125,"2.24978242743916",-0.0790428376355905,0.737610799398833
490041,-0.0512871475915684,NA,-0.599237735320409,-0.469791783551881,-1.10366145537718,0.198481617092807,NA,0.569281842596533,6,0.166666666666667,-0.24270244369195,"-0.221877996078345",-0.0790428376355905,0.737610799398833
490042,0.292152001975297,NA,-0.0164328356093239,0.722343852701031,0.127492012452607,-0.800592093992089,-0.29810249536944,0.390323540401418,7,0.142857142857143,0.0595977117942141,"0.18795894737821",-0.0790428376355905,0.737610799398833
490043,1.32246945067589,NA,0.890152563941255,1.27256030020237,1.5396974608456,1.31509341183475,0.974589799554708,1.64303165576722,7,0.142857142857143,1.27965637754597,"1.84202728090333",-0.0790428376355905,0.737610799398833
490044,0.89317051371731,NA,0.69588426403756,0.263830146449911,0.236123200790529,0.198481617092807,0.264229841112813,0.927198446986763,7,0.142857142857143,0.496988290026813,"0.780941830206228",-0.0790428376355905,0.737610799398833
490045,-1.42504374585903,NA,-0.858262135192003,-1.34096782542901,-0.99503026703926,-1.50582059593437,-0.367153281123208,-1.75717608593996,7,0.142857142857143,-1.17849341950241,"-1.49055651403543",-0.0790428376355905,0.737610799398833
490046,-0.738165446725299,NA,0.566372064101763,0.447235628950359,-0.451874325349647,-0.330439759363904,1.08636575899362,0.748240144791648,7,0.142857142857143,0.189676295056934,"0.364310193006307",-0.0790428376355905,0.737610799398833
490048,2.00934774980962,-0.765473609766821,-0.0811889355772215,-0.102980818550985,-0.524295117574929,0.609864909892471,0.263366706290891,-0.325509668379042,8,0.125,0.135391402017998,"0.29071461511729",-0.0790428376355905,0.737610799398833
490050,0.807310726325593,0.549951913813056,0.177835464294372,0.126276034574575,1.03275191526863,0.139712575264284,0.898202367814601,1.28511505137699,8,0.125,0.627144506091512,"0.957398324838328",-0.0790428376355905,0.737610799398833
490052,-1.59676332064246,-1.96131499483943,-0.728749935256206,-0.974156860428112,-1.2122926437151,0.0809435334357605,-1.06025054312666,0.390323540401418,8,0.125,-0.88278265302135,"-1.08965299320566",-0.0790428376355905,0.737610799398833
490053,-2.54122098195134,NA,-0.210701135513018,-0.836602748552777,-1.28471343594039,-1.74089676324846,0.343206677318687,0.390323540401418,7,0.142857142857143,-0.840086406783697,"-1.03176847433412",-0.0790428376355905,0.737610799398833
490057,0.292152001975297,0.430367775305794,0.436859864165966,0.676492482075919,0.417175181353733,-1.03566826130618,-0.196684153793592,1.28511505137699,8,0.125,0.288226242644241,"0.497917167941633",-0.0790428376355905,0.737610799398833
490059,0.721450938933877,0.789120190827578,-0.210701135513018,-0.240534930426321,0.0912816163399657,1.60893862097737,0.61509414622415,1.82198995796234,8,0.125,0.649579925665742,"0.987814663092208",-0.0790428376355905,0.737610799398833
490060,-0.308866509766717,NA,0.0483232643585746,0.0804246639494628,-0.0173495719979558,0.0221744916072371,NA,-1.57821778374485,6,0.166666666666667,-0.292251907599041,"-0.28905361762222",-0.0790428376355905,0.737610799398833
490063,0.89317051371731,1.14787260634936,0.436859864165966,0.493086999575471,0.199912804677888,1.4326314954918,1.07169246702094,2.00094826015745,8,0.125,0.959521876394524,"1.40801180633007",-0.0790428376355905,0.737610799398833
490066,0.89317051371731,NA,0.69588426403756,0.951600705826591,0.489595973579015,0.374788742578378,0.868855783869249,1.64303165576722,7,0.142857142857143,0.845275377053618,"1.2531245684615",-0.0790428376355905,0.737610799398833
490067,0.292152001975297,NA,-3.18948173403635,0.401384258325247,-0.343243137011723,-0.271670717535378,-0.699460187563219,0.211365238206305,7,0.142857142857143,-0.514136325377117,"-0.589868651728169",-0.0790428376355905,0.737610799398833
490069,1.06489008850074,0.90870432933484,-1.0525304350957,-0.240534930426321,0.018860824114684,-0.271670717535378,1.80449393083281,1.46407335357211,8,0.125,0.462035805412224,"0.733555749846401",-0.0790428376355905,0.737610799398833
490075,-0.909885021508731,NA,0.760640364005458,-1.11171097230345,-0.234611948673802,-1.44705155410585,-0.906612544824525,0.0324069360111874,7,0.142857142857143,-0.545260677342816,"-0.632064823464084",-0.0790428376355905,0.737610799398833
490077,1.06489008850074,NA,-0.793506035224105,0.447235628950359,0.018860824114684,0.786172035378042,-0.510433661562278,0.569281842596533,7,0.142857142857143,0.226071531821997,"0.413652253608897",-0.0790428376355905,0.737610799398833
490084,NA,NA,0.307347664230169,0.401384258325247,1.10517270749391,0.962479160863611,NA,0.0324069360111874,5,0.2,0.561758145384824,"0.868752170579227",-0.0790428376355905,0.737610799398833
490088,NA,NA,0.24259156426227,0.126276034574575,1.50348706473296,0.609864909892471,NA,-0.325509668379042,5,0.2,0.431341981016647,"0.691943256617461",-0.0790428376355905,0.737610799398833
490089,NA,NA,0.566372064101763,-0.607345895427217,0.670647954142219,0.433557784406901,NA,-0.146551366183927,5,0.2,0.183336108207948,"0.355714620850701",-0.0790428376355905,0.737610799398833
490090,NA,NA,0.69588426403756,0.172127405199687,0.598227161916937,-1.21197538679175,NA,0.211365238206305,5,0.2,0.0931257365137471,"0.233413846827701",-0.0790428376355905,0.737610799398833
490092,NA,NA,NA,-0.286386301051433,-2.04513175430584,-0.859361135820613,NA,-0.504467970574157,4,0.25,-0.923836790438011,"-1.14531125830986",-0.0790428376355905,0.737610799398833
490093,1.15074987589246,NA,0.24259156426227,0.768195223326143,-0.0897703642232385,0.609864909892471,-0.340827669054584,0.748240144791648,7,0.142857142857143,0.441291954983881,"0.705432720133103",-0.0790428376355905,0.737610799398833
490094,NA,NA,NA,NA,NA,NA,NA,NA,0,NA,NA,"NaN",-0.0790428376355905,0.737610799398833
490097,NA,NA,NA,-1.84533290230524,-0.0173495719979558,NA,NA,-0.683426272769272,3,0.333333333333333,-0.848702915690823,"-1.04345012123266",-0.0790428376355905,0.737610799398833
490098,NA,NA,0.113079364326474,-0.515643154176993,0.199912804677888,-0.389208801192427,NA,0.0324069360111874,5,0.2,-0.111890570070774,"-0.0445326077952696",-0.0790428376355905,0.737610799398833
490101,-0.394726297158433,NA,1.27868916374865,0.768195223326143,0.0912816163399657,1.13878628634918,0.178779493742525,1.46407335357211,7,0.142857142857143,0.646439834274305,"0.983557551626383",-0.0790428376355905,0.737610799398833
490104,NA,NA,NA,NA,NA,NA,NA,NA,0,NA,NA,"NaN",-0.0790428376355905,0.737610799398833
490107,0.635591151542161,NA,-0.275457235480917,0.768195223326143,-0.669136702025491,0.609864909892471,0.27933470049645,0.569281842596533,7,0.142857142857143,0.273953412906764,"0.478567085555219",-0.0790428376355905,0.737610799398833
490110,0.89317051371731,NA,-2.02387193461417,-0.744900007302553,0.27233359690317,0.0221744916072371,0.419162541647832,-0.146551366183927,7,0.142857142857143,-0.186926023460729,"-0.146260312231147",-0.0790428376355905,0.737610799398833
490111,NA,NA,-2.02387193461417,-0.240534930426321,-0.560505513687569,-0.0953635920498098,NA,-0.504467970574157,5,0.2,-0.684948788270406,"-0.821443979844981",-0.0790428376355905,0.737610799398833
490112,0.549731364150444,1.38704088336389,0.0483232643585746,0.401384258325247,-0.19840155256116,-1.03566826130618,2.1747787694374,0.927198446986763,8,0.125,0.531798396594371,"0.828134884586572",-0.0790428376355905,0.737610799398833
490113,-0.824025234117015,NA,0.113079364326474,0.447235628950359,-0.19840155256116,0.727402993549518,0.754921987375531,0.390323540401418,7,0.142857142857143,0.201505246846446,"0.380347040350669",-0.0790428376355905,0.737610799398833
490114,NA,NA,0.113079364326474,-1.06585960167834,0.0912816163399657,-0.0953635920498098,NA,0.0324069360111874,5,0.2,-0.184891055410104,"-0.143501448000466",-0.0790428376355905,0.737610799398833
490115,NA,NA,-0.9877743351278,-0.607345895427217,-0.922609474813977,-0.212901675706857,NA,-0.683426272769272,5,0.2,-0.682811530769024,"-0.818546438888255",-0.0790428376355905,0.737610799398833
490116,NA,NA,-0.340213335448815,0.126276034574575,-0.19840155256116,-0.0365945502212864,NA,-0.146551366183927,5,0.2,-0.119096953968123,"-0.0543025079963269",-0.0790428376355905,0.737610799398833
490117,NA,NA,NA,NA,-0.958819870926618,NA,NA,0.0324069360111874,2,0.5,-0.463206467457715,"-0.520821590648111",-0.0790428376355905,0.737610799398833
490118,1.66590860024276,0.310783636798532,-1.1172865350636,-0.332237671676545,-1.46576541650359,-0.859361135820613,1.10923883177456,-0.504467970574157,8,0.125,-0.149148457602832,"-0.0950441886485105",-0.0790428376355905,0.737610799398833
490119,0.979030301109026,NA,0.566372064101763,0.768195223326143,0.417175181353733,1.55016957914885,-0.0611719867518209,0.748240144791648,7,0.142857142857143,0.70971578672562,"1.06934256521741",-0.0790428376355905,0.737610799398833
490120,0.120432427191864,NA,0.436859864165966,1.08915481770193,1.21380389583183,0.786172035378042,-0.627388429932723,1.10615674918188,7,0.142857142857143,0.589313051359826,"0.906109142572397",-0.0790428376355905,0.737610799398833
490122,-0.223006722375001,NA,-0.0164328356093239,1.13500618832704,1.14138310360655,2.1966290392626,-0.54841159372685,1.46407335357211,7,0.142857142857143,0.735605790436732,"1.10444238172255",-0.0790428376355905,0.737610799398833
490126,NA,NA,-0.793506035224105,-0.561494524802105,1.46727666862032,-0.565515926677996,NA,0.211365238206305,5,0.2,-0.0483749159755168,"0.0415773761515811",-0.0790428376355905,0.737610799398833
490127,NA,NA,0.24259156426227,NA,0.598227161916937,NA,NA,0.390323540401418,3,0.333333333333333,0.410380755526875,"0.663525525333082",-0.0790428376355905,0.737610799398833
490130,-0.394726297158433,NA,0.177835464294372,-0.240534930426321,0.562016765804296,-0.0953635920498098,NA,-0.146551366183927,6,0.166666666666667,-0.0228873259533037,"0.0761316289404312",-0.0790428376355905,0.737610799398833
490136,-1.08160459629216,NA,1.08442086384495,-0.515643154176993,-0.488084721462287,0.551095868063948,0.931433058458602,0.927198446986763,7,0.142857142857143,0.201259395060403,"0.380013732071771",-0.0790428376355905,0.737610799398833
490140,0.721450938933877,NA,0.113079364326474,0.951600705826591,0.670647954142219,-0.212901675706857,NA,0.927198446986763,6,0.166666666666667,0.528512622418178,"0.823680266814067",-0.0790428376355905,0.737610799398833
490141,0.292152001975297,NA,-1.18204263503149,0.309681517075023,0.27233359690317,0.668633951720995,NA,-0.504467970574157,6,0.166666666666667,-0.0239515896551945,"0.0746887762832328",-0.0790428376355905,0.737610799398833
490143,0.549731364150444,NA,0.501615964133864,-0.423940412926769,0.851699934705422,1.13878628634918,NA,0.390323540401418,6,0.166666666666667,0.501369446135594,"0.786881488508887",-0.0790428376355905,0.737610799398833
490144,NA,NA,-2.28289633448577,-1.84533290230524,-0.886399078701336,-0.154132633878333,NA,-1.39925948154973,5,0.2,-1.31360408618408,"-1.67372989868733",-0.0790428376355905,0.737610799398833
490145,NA,NA,NA,-0.148832189176097,-0.488084721462287,0.786172035378042,NA,0.0324069360111874,4,0.25,0.0454155151877114,"0.168731738912632",-0.0790428376355905,0.737610799398833
491300,NA,NA,NA,NA,-0.125980760335879,NA,NA,-0.683426272769272,2,0.5,-0.404703516552576,"-0.441507471396033",-0.0790428376355905,0.737610799398833
491302,NA,NA,-0.0811889355772215,-0.194683559801209,0.453385577466374,NA,NA,0.0324069360111874,4,0.25,0.0524800045247828,"0.17830926861099",-0.0790428376355905,0.737610799398833
491303,NA,NA,NA,NA,NA,NA,NA,NA,0,NA,NA,"NaN",-0.0790428376355905,0.737610799398833
491304,NA,NA,0.113079364326474,1.13500618832704,-0.524295117574929,-1.15320634496323,NA,0.211365238206305,5,0.2,-0.0436101343356682,"0.0480371265290593",-0.0790428376355905,0.737610799398833
491305,NA,NA,-0.0811889355772215,-1.20341371355367,-0.596715909800209,NA,NA,0.748240144791648,4,0.25,-0.283269603534864,"-0.276876051795502",-0.0790428376355905,0.737610799398833
491307,NA,NA,NA,1.59351989457816,-0.0173495719979558,NA,NA,0.748240144791648,3,0.333333333333333,0.77480348912395,"1.15758381988908",-0.0790428376355905,0.737610799398833
491308,NA,NA,0.177835464294372,0.584789740825695,0.308543993015811,1.08001724452066,NA,0.748240144791648,5,0.2,0.579885317489637,"0.893327694852443",-0.0790428376355905,0.737610799398833
491309,NA,NA,NA,NA,NA,NA,NA,0.748240144791648,1,1,0.748240144791648,"1.12157113629775",-0.0790428376355905,0.737610799398833
500002,-0.652305659333582,NA,-0.340213335448815,-0.515643154176993,-0.379453533124364,-1.91720388873403,-0.95365339261928,0.211365238206305,7,0.142857142857143,-0.649586817890109,"-0.77350274795261",-0.0790428376355905,0.737610799398833
500003,-0.223006722375001,NA,0.566372064101763,-1.98288701418058,-0.958819870926618,-0.212901675706857,-0.554453537480305,-0.504467970574157,7,0.142857142857143,-0.552880675305965,"-0.642395472051875",-0.0790428376355905,0.737610799398833
500005,-0.0512871475915684,0.669536052320317,1.01966476387705,1.08915481770193,1.28622468805711,-0.506746884849472,0.276745296030683,1.10615674918188,8,0.125,0.611181041840991,"0.935756201019735",-0.0790428376355905,0.737610799398833
500007,-0.223006722375001,NA,NA,-0.928305489803001,-0.0173495719979558,-0.859361135820613,NA,-0.683426272769272,5,0.2,-0.542289838553168,"-0.628037172578185",-0.0790428376355905,0.737610799398833
500008,-0.566445871941866,0.549951913813056,-1.31155483496729,0.309681517075023,0.127492012452607,-0.212901675706857,0.0933291463722356,2.00094826015745,8,0.125,0.123812558406795,"0.275016846564226",-0.0790428376355905,0.737610799398833
500011,0.0345726398001479,NA,1.08442086384495,-0.469791783551881,1.97422221419729,-0.97689921947766,NA,1.10615674918188,6,0.166666666666667,0.45878024399912,"0.729142092378592",-0.0790428376355905,0.737610799398833
500014,0.20629221458358,-0.167552917230512,-1.57057923483889,-0.699048636677441,-0.560505513687569,-0.0953635920498098,-0.866045208194186,0.748240144791648,8,0.125,-0.375570342912897,"-0.402010796912114",-0.0790428376355905,0.737610799398833
500015,-1.08160459629216,NA,-1.70009143477468,-0.378089042301657,-1.28471343594039,0.0809435334357605,NA,0.748240144791648,6,0.166666666666667,-0.602552471846913,"-0.709736943436828",-0.0790428376355905,0.737610799398833
500016,0.807310726325593,-0.167552917230512,-1.44106703490309,-0.790751377927665,-0.125980760335879,-1.85843484690551,-0.522949116480149,1.10615674918188,8,0.125,-0.374158572284417,"-0.400096819202418",-0.0790428376355905,0.737610799398833
500019,0.20629221458358,NA,-0.858262135192003,0.309681517075023,1.25001429194447,-0.271670717535378,NA,0.0324069360111874,6,0.166666666666667,0.111410351147814,"0.258202820428642",-0.0790428376355905,0.737610799398833
500021,NA,NA,-0.0164328356093239,-0.0571294479258733,1.06896231138127,0.0221744916072371,NA,1.10615674918188,5,0.2,0.424746253727037,"0.68300124099759",-0.0790428376355905,0.737610799398833
500024,-0.223006722375001,0.789120190827578,-3.38375003394004,-0.286386301051433,-0.741557494250773,-0.330439759363904,-0.664071659864413,1.46407335357211,8,0.125,-0.422002303305735,"-0.464959930019548",-0.0790428376355905,0.737610799398833
500025,0.807310726325593,0.90870432933484,NA,0.172127405199687,0.199912804677888,1.25632437000623,-0.0788662506012239,1.46407335357211,7,0.142857142857143,0.675655248359303,"1.02316572182781",-0.0790428376355905,0.737610799398833
500026,-1.16746438368388,NA,-0.663993835288308,-0.836602748552777,0.199912804677888,1.02124820269213,NA,1.10615674918188,6,0.166666666666667,-0.0567905351621774,"0.030168081177159",-0.0790428376355905,0.737610799398833
500027,0.378011789367012,NA,0.566372064101763,0.997452076451703,1.17759349971919,0.786172035378042,0.695365684662906,0.927198446986763,7,0.142857142857143,0.789737942381054,"1.17783088415289",-0.0790428376355905,0.737610799398833
500030,-0.137146934983285,0.310783636798532,-1.24679873499939,0.447235628950359,1.46727666862032,0.551095868063948,0.520149315812718,0.748240144791648,8,0.125,0.332604449131856,"0.55808196829947",-0.0790428376355905,0.737610799398833
500031,-0.995744808900447,NA,0.372103764198067,-1.7077787904299,-0.307032740899083,0.139712575264284,-0.551864133014539,-1.22030117935462,7,0.142857142857143,-0.610129330448034,"-0.720009106761031",-0.0790428376355905,0.737610799398833
500033,NA,NA,-1.70009143477468,-1.43267056667923,-0.524295117574929,-4.15042747821792,NA,-0.862384574964387,5,0.2,-1.73397383444223,"-2.24363715682504",-0.0790428376355905,0.737610799398833
500036,-1.85434268281761,NA,-2.60667683432526,-0.744900007302553,-0.886399078701336,-1.97597293056256,-0.355069393616298,0.569281842596533,7,0.142857142857143,-1.12201129781844,"-1.41398209059966",-0.0790428376355905,0.737610799398833
500037,NA,NA,NA,NA,-0.705347098138132,NA,NA,0.0324069360111874,2,0.5,-0.336470081063472,"-0.349001456645822",-0.0790428376355905,0.737610799398833
500039,-0.566445871941866,1.74579329888567,-0.14594503554512,-0.194683559801209,0.815489538592783,0.433557784406901,0.27113491968819,2.35886486454768,8,0.125,0.589720742354129,"0.906661860882155",-0.0790428376355905,0.737610799398833
500041,0.979030301109026,NA,0.372103764198067,-1.24926508417879,0.489595973579015,-1.03566826130618,0.22193623483863,0.390323540401418,7,0.142857142857143,0.024008066948741,"0.139709050719322",-0.0790428376355905,0.737610799398833
500044,-1.51090353325075,0.430367775305794,0.177835464294372,-1.06585960167834,-0.379453533124364,-0.506746884849472,-0.604515357151788,0.569281842596533,8,0.125,-0.361249228482251,"-0.38259525358992",-0.0790428376355905,0.737610799398833
500050,-1.42504374585903,0.430367775305794,1.01966476387705,0.722343852701031,0.779279142480142,-1.15320634496323,-0.729669906330493,0.390323540401418,8,0.125,0.00425738470158546,"0.112932487437911",-0.0790428376355905,0.737610799398833
500051,-2.11192204499276,0.430367775305794,-2.54192073435736,-0.423940412926769,-0.63292630591285,-0.859361135820613,-1.94755314006259,0.927198446986763,8,0.125,-0.895007193972548,"-1.10622615206012",-0.0790428376355905,0.737610799398833
500052,NA,NA,NA,NA,NA,NA,NA,NA,0,NA,NA,"NaN",-0.0790428376355905,0.737610799398833
500053,0.120432427191864,NA,-1.31155483496729,-1.15756234292856,-2.47965650765753,-0.271670717535378,NA,-1.39925948154973,6,0.166666666666667,-1.08321190957444,"-1.36138065326222",-0.0790428376355905,0.737610799398833
500054,-1.51090353325075,1.26745674485662,-1.50582313487099,-1.66192741980479,-0.705347098138132,-0.154132633878333,-0.480223942795004,0.390323540401418,8,0.125,-0.545072184684994,"-0.631809278591401",-0.0790428376355905,0.737610799398833
500058,1.15074987589246,-1.1242260252886,-0.599237735320409,-0.240534930426321,0.27233359690317,0.316019700749854,-0.162590328327668,0.927198446986763,8,0.125,0.0674640751461554,"0.198623600550794",-0.0790428376355905,0.737610799398833
500060,NA,NA,NA,-0.378089042301657,0.417175181353733,NA,NA,0.211365238206305,3,0.333333333333333,0.0834837924194605,"0.22034198819691",-0.0790428376355905,0.737610799398833
500064,-0.308866509766717,NA,-0.0811889355772215,0.768195223326143,0.380964785241092,-0.683054010335044,-2.20433574958441,0.927198446986763,7,0.142857142857143,-0.171583821387057,"-0.12546045126629",-0.0790428376355905,0.737610799398833
500072,-0.566445871941866,NA,-3.77228663374743,-3.17502265043349,-1.0312406631519,-1.3295134704488,NA,0.569281842596533,6,0.166666666666667,-1.55087124118783,"-1.9953997484199",-0.0790428376355905,0.737610799398833
500077,-0.394726297158433,NA,-0.469725535384612,-0.469791783551881,-0.886399078701336,0.257250658921331,-0.596315576343528,0.748240144791648,7,0.142857142857143,-0.258781066775259,"-0.243676244011284",-0.0790428376355905,0.737610799398833
500079,-1.08160459629216,NA,-2.02387193461417,-1.11171097230345,-0.0535599681105977,-0.741823052163566,-1.33774838837462,1.28511505137699,7,0.142857142857143,-0.723600551497368,"-0.873845277736043",-0.0790428376355905,0.737610799398833
500084,NA,NA,NA,-1.11171097230345,-0.125980760335879,NA,NA,0.211365238206305,3,0.333333333333333,-0.342108831477675,"-0.356646071419355",-0.0790428376355905,0.737610799398833
500088,-1.85434268281761,NA,-0.210701135513018,-1.75363016105502,-1.17608224760246,-0.859361135820613,-0.0508143688887564,1.10615674918188,7,0.142857142857143,-0.685539283216514,"-0.822244530686413",-0.0790428376355905,0.737610799398833
500108,0.549731364150444,0.90870432933484,-1.89435973467838,-0.0112780773007613,0.163702408565247,-2.0935110142196,-0.61789394689158,1.28511505137699,8,0.125,-0.21372370245785,"-0.182590690011625",-0.0790428376355905,0.737610799398833
500119,-0.0512871475915684,NA,0.631128164069661,-0.0571294479258733,-0.488084721462287,-0.624284968506521,0.276745296030683,-0.325509668379042,7,0.142857142857143,-0.0912032133949923,"-0.0164861682737194",-0.0790428376355905,0.737610799398833
500124,-0.824025234117015,NA,1.08442086384495,1.31841167082749,1.06896231138127,0.727402993549518,0.666019100717554,1.46407335357211,7,0.142857142857143,0.786466437110838,"1.17339561114321",-0.0790428376355905,0.737610799398833
500129,-1.33918395846731,0.549951913813056,-1.82960363471048,-0.974156860428112,0.344754389128452,-1.74089676324846,-1.40248350001878,1.64303165576722,8,0.125,-0.593573344770552,"-0.69756368474311",-0.0790428376355905,0.737610799398833
500139,-1.08160459629216,NA,-2.34765243445367,-0.240534930426321,-0.307032740899083,0.257250658921331,-0.0956973796287057,-0.146551366183927,7,0.142857142857143,-0.565974684137505,"-0.660147393311992",-0.0790428376355905,0.737610799398833
500141,0.292152001975297,NA,-0.599237735320409,-1.02000823105323,0.706858350254859,-0.0365945502212864,1.00738892278775,0.927198446986763,7,0.142857142857143,0.182536743629964,"0.354630899491638",-0.0790428376355905,0.737610799398833
500150,0.120432427191864,NA,-0.858262135192003,-0.423940412926769,0.815489538592783,0.668633951720995,0.585315994867837,1.10615674918188,7,0.142857142857143,0.287689444776655,"0.497189415761184",-0.0790428376355905,0.737610799398833
500151,0.20629221458358,NA,0.372103764198067,0.217978775824799,1.10517270749391,0.0221744916072371,NA,1.46407335357211,6,0.166666666666667,0.564632551213283,"0.872649084549035",-0.0790428376355905,0.737610799398833
500152,-0.909885021508731,NA,0.760640364005458,-0.469791783551881,1.64832864918352,1.31509341183475,-0.691691974165921,0.927198446986763,7,0.142857142857143,0.368556013254852,"0.606822529246106",-0.0790428376355905,0.737610799398833
500154,NA,NA,-0.275457235480917,0.584789740825695,1.32243508416975,1.02124820269213,NA,1.10615674918188,5,0.2,0.751834508277709,"1.12644411739969",-0.0790428376355905,0.737610799398833
501301,NA,NA,NA,NA,NA,NA,NA,NA,0,NA,NA,"NaN",-0.0790428376355905,0.737610799398833
501302,NA,NA,NA,NA,NA,NA,NA,-0.504467970574157,1,1,-0.504467970574157,"-0.576760987346302",-0.0790428376355905,0.737610799398833
501303,NA,NA,NA,NA,-1.71923818929207,NA,NA,-1.93613438813508,2,0.5,-1.82768628871358,"-2.37068580408959",-0.0790428376355905,0.737610799398833
501304,NA,NA,-2.73618903426106,-0.148832189176097,0.308543993015811,NA,NA,-0.325509668379042,4,0.25,-0.725496724700096,"-0.876415973832512",-0.0790428376355905,0.737610799398833
501305,NA,NA,NA,NA,-0.0173495719979558,NA,NA,-0.504467970574157,2,0.5,-0.260908771286056,"-0.24656083370619",-0.0790428376355905,0.737610799398833
501307,NA,NA,NA,NA,NA,NA,NA,NA,0,NA,NA,"NaN",-0.0790428376355905,0.737610799398833
501308,NA,NA,NA,NA,-1.53818620872887,NA,NA,-1.57821778374485,2,0.5,-1.55820199623686,"-2.0053382621388",-0.0790428376355905,0.737610799398833
501309,NA,NA,NA,NA,0.598227161916937,NA,NA,-0.504467970574157,2,0.5,0.0468795956713904,"0.170716634585082",-0.0790428376355905,0.737610799398833
501310,NA,NA,-1.95911583464628,NA,-1.2122926437151,NA,NA,0.0324069360111874,3,0.333333333333333,-1.04633384745006,"-1.31138401254813",-0.0790428376355905,0.737610799398833
501311,NA,NA,NA,NA,NA,NA,NA,NA,0,NA,NA,"NaN",-0.0790428376355905,0.737610799398833
501312,NA,NA,NA,0.172127405199687,-1.28471343594039,0.903710119035088,NA,0.390323540401418,4,0.25,0.0453619071739517,"0.168659060999289",-0.0790428376355905,0.737610799398833
501313,NA,NA,NA,NA,NA,NA,NA,NA,0,NA,NA,"NaN",-0.0790428376355905,0.737610799398833
501314,NA,NA,NA,0.172127405199687,-3.42112680658619,NA,NA,-0.683426272769272,3,0.333333333333333,-1.31080855805193,"-1.66993992146027",-0.0790428376355905,0.737610799398833
501315,NA,NA,NA,NA,NA,NA,NA,0.569281842596533,1,1,0.569281842596533,"0.878952261491454",-0.0790428376355905,0.737610799398833
501316,NA,NA,NA,NA,NA,NA,NA,-0.683426272769272,1,1,-0.683426272769272,"-0.819379862152595",-0.0790428376355905,0.737610799398833
501317,NA,NA,NA,NA,0.127492012452607,NA,NA,0.569281842596533,2,0.5,0.34838692752457,"0.579478724428281",-0.0790428376355905,0.737610799398833
501318,NA,NA,NA,NA,NA,NA,NA,NA,0,NA,NA,"NaN",-0.0790428376355905,0.737610799398833
501319,NA,NA,NA,NA,NA,NA,NA,NA,0,NA,NA,"NaN",-0.0790428376355905,0.737610799398833
501320,NA,NA,NA,NA,NA,NA,NA,NA,0,NA,NA,"NaN",-0.0790428376355905,0.737610799398833
501321,NA,NA,NA,NA,0.634437558029578,NA,NA,-0.683426272769272,2,0.5,-0.0244943573698467,"0.0739529306108341",-0.0790428376355905,0.737610799398833
501322,NA,NA,NA,NA,NA,NA,NA,-0.325509668379042,1,1,-0.325509668379042,"-0.334142112540009",-0.0790428376355905,0.737610799398833
501323,NA,NA,-1.70009143477468,-0.790751377927665,-0.125980760335879,-0.44797784302095,NA,-0.325509668379042,5,0.2,-0.678062216887644,"-0.812107658592127",-0.0790428376355905,0.737610799398833
501324,NA,NA,NA,NA,NA,NA,NA,0.0324069360111874,1,1,0.0324069360111874,"0.151095637072575",-0.0790428376355905,0.737610799398833
501325,NA,NA,NA,NA,NA,NA,NA,-0.862384574964387,1,1,-0.862384574964387,"-1.06199873695889",-0.0790428376355905,0.737610799398833
501326,NA,NA,-1.31155483496729,-2.80821168543259,-0.886399078701336,NA,NA,-0.504467970574157,4,0.25,-1.37765839241884,"-1.76057014870396",-0.0790428376355905,0.737610799398833
501327,NA,NA,NA,-1.43267056667923,-0.0897703642232385,NA,NA,-0.146551366183927,3,0.333333333333333,-0.556330765695466,"-0.647072858001637",-0.0790428376355905,0.737610799398833
501328,NA,NA,NA,NA,-1.0312406631519,NA,NA,-1.22030117935462,2,0.5,-1.12577092125326,"-1.41907911932793",-0.0790428376355905,0.737610799398833
501329,NA,NA,0.825396463973357,-0.194683559801209,-0.19840155256116,NA,NA,0.569281842596533,4,0.25,0.25039829855188,"0.446632745149571",-0.0790428376355905,0.737610799398833
501330,-0.995744808900447,NA,NA,NA,-0.379453533124364,NA,NA,-0.325509668379042,3,0.333333333333333,-0.566902670134618,"-0.661405490397703",-0.0790428376355905,0.737610799398833
501331,NA,NA,0.372103764198067,-0.653197266052329,-0.0535599681105977,NA,NA,-0.683426272769272,4,0.25,-0.254519935683533,"-0.237899307047781",-0.0790428376355905,0.737610799398833
501332,NA,NA,0.177835464294372,-1.79948153168013,1.28622468805711,-1.38828251227732,NA,-0.146551366183927,5,0.2,-0.374051051557979,"-0.399951050286717",-0.0790428376355905,0.737610799398833
501333,NA,NA,-0.599237735320409,-0.836602748552777,-2.26239413098169,NA,NA,-1.39925948154973,4,0.25,-1.27437352410115,"-1.62054390667786",-0.0790428376355905,0.737610799398833
501334,NA,NA,NA,NA,NA,NA,NA,0.211365238206305,1,1,0.211365238206305,"0.393714511878871",-0.0790428376355905,0.737610799398833
501335,NA,NA,NA,0.263830146449911,0.7430687463675,NA,NA,0.211365238206305,3,0.333333333333333,0.406088043674572,"0.657705773431671",-0.0790428376355905,0.737610799398833
501336,-0.0512871475915684,NA,-2.02387193461417,-2.34969797918147,-2.44344611154489,-2.44612526519074,NA,-0.504467970574157,6,0.166666666666667,-1.63648273478283,"-2.11146569222765",-0.0790428376355905,0.737610799398833
501337,NA,NA,0.372103764198067,1.08915481770193,-0.596715909800209,1.02124820269213,NA,0.0324069360111874,5,0.2,0.383639562160621,"0.627271726733539",-0.0790428376355905,0.737610799398833
501338,NA,NA,NA,NA,NA,NA,NA,NA,0,NA,NA,"NaN",-0.0790428376355905,0.737610799398833
501339,NA,NA,-1.18204263503149,-1.52437330792946,-0.958819870926618,0.786172035378042,NA,-2.29405099252531,5,0.2,-1.03462295420697,"-1.29550722054258",-0.0790428376355905,0.737610799398833
501340,NA,NA,NA,NA,NA,NA,NA,NA,0,NA,NA,"NaN",-0.0790428376355905,0.737610799398833
510001,-0.308866509766717,-0.287137055737774,-0.858262135192003,0.584789740825695,0.562016765804296,-0.918130177649138,-1.01364126274287,1.10615674918188,8,0.125,-0.141634235659579,"-0.0848569436279963",-0.0790428376355905,0.737610799398833
510002,NA,NA,0.825396463973357,-0.378089042301657,1.17759349971919,0.139712575264284,NA,0.748240144791648,5,0.2,0.502570728289364,"0.788510100989548",-0.0790428376355905,0.737610799398833
510006,1.23660966328417,NA,1.27868916374865,0.263830146449911,0.924120726930704,-0.741823052163566,1.16145848850084,0.0324069360111874,7,0.142857142857143,0.5936131532517,"0.911938913361244",-0.0790428376355905,0.737610799398833
510007,-0.137146934983285,0.191199498291271,-0.275457235480917,-0.423940412926769,-0.270822344786443,-1.50582059593437,-1.25618214770298,0.211365238206305,8,0.125,-0.433350616914648,"-0.480345162472981",-0.0790428376355905,0.737610799398833
510008,-1.59676332064246,NA,1.08442086384495,0.217978775824799,0.634437558029578,-0.624284968506521,0.528780664031939,0.390323540401418,7,0.142857142857143,0.0906990161405287,"0.230123872799127",-0.0790428376355905,0.737610799398833
510012,NA,NA,-0.9877743351278,-0.286386301051433,-0.850188682588695,NA,NA,-0.325509668379042,4,0.25,-0.612464746786742,"-0.723175297305708",-0.0790428376355905,0.737610799398833
510013,-0.0512871475915684,NA,-1.37631093493519,-0.194683559801209,-0.850188682588695,-1.15320634496323,NA,-0.325509668379042,6,0.166666666666667,-0.658531056376489,"-0.785628707189744",-0.0790428376355905,0.737610799398833
510022,-0.308866509766717,-0.765473609766821,1.14917696381285,1.04330344707681,0.018860824114684,-2.73997047433336,-0.498349774055368,0.748240144791648,8,0.125,-0.169134873515784,"-0.122140342784596",-0.0790428376355905,0.737610799398833
510023,-0.824025234117015,NA,0.954908663909153,0.768195223326143,-0.777767890363414,-0.212901675706857,0.730322644950752,-1.57821778374485,7,0.142857142857143,-0.134212293106583,"-0.074794804408988",-0.0790428376355905,0.737610799398833
510024,-1.33918395846731,-0.526305332752297,-1.18204263503149,0.172127405199687,-0.307032740899083,1.25632437000623,0.437288372908195,-1.0413428771595,8,0.125,-0.316270924524447,"-0.321616883974858",-0.0790428376355905,0.737610799398833
510029,-0.48058608455015,NA,0.760640364005458,-0.102980818550985,-0.99503026703926,-0.800592093992089,1.03457766967829,-0.862384574964387,7,0.142857142857143,-0.20662225791616,"-0.172963059088274",-0.0790428376355905,0.737610799398833
510030,-0.566445871941866,NA,-0.469725535384612,-1.06585960167834,-0.379453533124364,-2.56366334884779,NA,-1.93613438813508,6,0.166666666666667,-1.16354704651867,"-1.47029328985825",-0.0790428376355905,0.737610799398833
510038,NA,NA,-0.923018235159901,-0.102980818550985,-2.91418126100922,NA,NA,-1.93613438813508,4,0.25,-1.4690786757138,"-1.88451123439504",-0.0790428376355905,0.737610799398833
510046,0.0345726398001479,NA,-1.57057923483889,-0.286386301051433,-1.90029016985528,-0.565515926677996,-1.07708167215414,0.211365238206305,7,0.142857142857143,-0.736273632367326,"-0.891026534952296",-0.0790428376355905,0.737610799398833
510048,NA,NA,-0.469725535384612,1.04330344707681,1.43106627250768,NA,NA,0.927198446986763,4,0.25,0.73296065779666,"1.10085629995392",-0.0790428376355905,0.737610799398833
510050,-1.16746438368388,0.310783636798532,-1.37631093493519,-0.102980818550985,-1.24850303982774,0.257250658921331,-0.343848640931312,0.211365238206305,8,0.125,-0.432463535500368,"-0.479142520896958",-0.0790428376355905,0.737610799398833
510055,-0.48058608455015,NA,-0.469725535384612,-0.836602748552777,-0.886399078701336,-2.44612526519074,-0.680039654069972,0.0324069360111874,7,0.142857142857143,-0.823867347205486,"-1.0097798326393",-0.0790428376355905,0.737610799398833
510058,-0.566445871941866,0.90870432933484,-0.14594503554512,0.814046593951255,-0.415663929237006,-0.565515926677996,-0.842309000591328,0.748240144791648,8,0.125,-0.00811108698944663,"0.0961641975740521",-0.0790428376355905,0.737610799398833
510062,0.20629221458358,NA,1.60246966358814,0.172127405199687,0.344754389128452,0.0221744916072371,0.261640436647047,-0.504467970574157,7,0.142857142857143,0.300712947168569,"0.514845749430008",-0.0790428376355905,0.737610799398833
510070,0.378011789367012,NA,1.27868916374865,-0.0112780773007613,-1.13987185148982,1.25632437000623,0.757511391841298,0.0324069360111874,7,0.142857142857143,0.36454196031197,"0.601380563176529",-0.0790428376355905,0.737610799398833
510072,NA,NA,0.760640364005458,-1.38681919605412,0.489595973579015,NA,NA,-0.325509668379042,4,0.25,-0.115523131712172,"-0.049457375225951",-0.0790428376355905,0.737610799398833
510086,NA,NA,NA,NA,0.489595973579015,NA,NA,0.0324069360111874,2,0.5,0.261001454795101,"0.461007746507825",-0.0790428376355905,0.737610799398833
510091,NA,NA,NA,NA,NA,NA,NA,NA,0,NA,NA,"NaN",-0.0790428376355905,0.737610799398833
510093,NA,NA,NA,NA,NA,NA,NA,0.390323540401418,1,1,0.390323540401418,"0.636333386685161",-0.0790428376355905,0.737610799398833
511300,NA,NA,NA,NA,NA,NA,NA,NA,0,NA,NA,"NaN",-0.0790428376355905,0.737610799398833
511301,NA,NA,NA,NA,NA,NA,NA,NA,0,NA,NA,"NaN",-0.0790428376355905,0.737610799398833
511303,NA,NA,NA,NA,NA,NA,NA,NA,0,NA,NA,"NaN",-0.0790428376355905,0.737610799398833
511304,NA,NA,NA,NA,NA,NA,NA,NA,0,NA,NA,"NaN",-0.0790428376355905,0.737610799398833
511306,NA,NA,NA,NA,NA,NA,NA,-0.325509668379042,1,1,-0.325509668379042,"-0.334142112540009",-0.0790428376355905,0.737610799398833
511307,NA,NA,NA,NA,-0.958819870926618,NA,NA,NA,1,1,-0.958819870926618,"-1.1927388183688",-0.0790428376355905,0.737610799398833
511308,NA,NA,NA,NA,-0.234611948673802,NA,NA,0.211365238206305,2,0.5,-0.0116233552337485,"0.0914025153330052",-0.0790428376355905,0.737610799398833
511309,NA,NA,-0.0811889355772215,0.814046593951255,0.344754389128452,NA,NA,0.569281842596533,4,0.25,0.411723472524754,"0.66534588506612",-0.0790428376355905,0.737610799398833
511310,NA,NA,NA,NA,NA,NA,NA,NA,0,NA,NA,"NaN",-0.0790428376355905,0.737610799398833
511311,NA,NA,0.631128164069661,-0.515643154176993,0.562016765804296,NA,NA,0.748240144791648,4,0.25,0.356435480122153,"0.59039037675786",-0.0790428376355905,0.737610799398833
511312,NA,NA,NA,NA,-1.68302779317943,NA,NA,-0.683426272769272,2,0.5,-1.18322703297435,"-1.49697400883866",-0.0790428376355905,0.737610799398833
511313,NA,NA,-0.14594503554512,NA,0.0912816163399657,NA,NA,-0.146551366183927,3,0.333333333333333,-0.0670715951296936,"0.016229754927197",-0.0790428376355905,0.737610799398833
511314,NA,NA,-1.63533533480678,NA,NA,NA,NA,-1.57821778374485,2,0.5,-1.60677655927582,"-2.07119218276814",-0.0790428376355905,0.737610799398833
511315,NA,NA,-0.599237735320409,-0.607345895427217,-0.488084721462287,0.551095868063948,NA,0.927198446986763,5,0.2,-0.0432748074318405,"0.0484917387772816",-0.0790428376355905,0.737610799398833
511316,NA,NA,0.372103764198067,-0.607345895427217,0.0912816163399657,NA,NA,-0.683426272769272,4,0.25,-0.206846696914614,"-0.173267337440268",-0.0790428376355905,0.737610799398833
511317,NA,NA,NA,NA,0.0912816163399657,NA,NA,-0.325509668379042,2,0.5,-0.117114026019538,"-0.0516141960163493",-0.0790428376355905,0.737610799398833
511318,NA,NA,NA,NA,-0.451874325349647,NA,NA,-0.683426272769272,2,0.5,-0.567650299059459,"-0.662419072256118",-0.0790428376355905,0.737610799398833
511319,NA,NA,0.436859864165966,-1.61607604917968,-1.0312406631519,NA,NA,-0.146551366183927,4,0.25,-0.589252053587385,"-0.691705187027664",-0.0790428376355905,0.737610799398833
511320,NA,NA,-0.9877743351278,0.355532887700135,-2.26239413098169,NA,NA,-0.862384574964387,4,0.25,-0.939255038343435,"-1.16621421677792",-0.0790428376355905,0.737610799398833
511321,NA,NA,NA,0.0804246639494628,-2.66070848822074,NA,NA,-0.504467970574157,3,0.333333333333333,-1.02825059828181,"-1.28686803585284",-0.0790428376355905,0.737610799398833
511322,NA,NA,-0.404969435416714,-0.790751377927665,-2.87797086489658,NA,NA,-0.325509668379042,4,0.25,-1.099800336655,"-1.38387005701563",-0.0790428376355905,0.737610799398833
520002,NA,NA,0.566372064101763,-1.24926508417879,0.7430687463675,0.609864909892471,NA,-0.683426272769272,5,0.2,-0.0026771273172647,"0.103531171697276",-0.0790428376355905,0.737610799398833
520004,1.9234879624179,NA,-0.275457235480917,-0.974156860428112,0.018860824114684,-0.0365945502212864,NA,0.927198446986763,6,0.166666666666667,0.263889764564839,"0.464923510447415",-0.0790428376355905,0.737610799398833
520008,-0.566445871941866,0.669536052320317,0.69588426403756,-0.836602748552777,-1.06745105926454,-1.15320634496323,1.09111300051419,0.569281842596533,8,0.125,-0.0747363581567266,"0.00583841706544123",-0.0790428376355905,0.737610799398833
520009,-1.2533241710756,-0.167552917230512,-0.340213335448815,-0.744900007302553,-0.415663929237006,0.492326826235425,NA,-0.146551366183927,7,0.142857142857143,-0.367982700034712,"-0.39172401303589",-0.0790428376355905,0.737610799398833
520011,NA,NA,NA,0.859897964576367,-0.0535599681105977,0.139712575264284,NA,-0.683426272769272,4,0.25,0.0656560747401953,"0.196172442829902",-0.0790428376355905,0.737610799398833
520019,0.20629221458358,NA,-0.469725535384612,-1.61607604917968,0.525806369691656,-0.97689921947766,NA,0.211365238206305,6,0.166666666666667,-0.353206163593402,"-0.371691041103601",-0.0790428376355905,0.737610799398833
520021,-1.16746438368388,0.191199498291271,-0.534481635352511,-1.34096782542901,-0.813978286476055,-1.97597293056256,NA,0.569281842596533,7,0.142857142857143,-0.724626245802316,"-0.87523584076167",-0.0790428376355905,0.737610799398833
520028,1.23660966328417,NA,1.01966476387705,-0.240534930426321,0.887910330818063,-0.97689921947766,NA,0.748240144791648,6,0.166666666666667,0.445831792144493,"0.711587506863872",-0.0790428376355905,0.737610799398833
520030,0.0345726398001479,0.310783636798532,-0.534481635352511,-0.102980818550985,0.308543993015811,-0.624284968506521,-0.452603628493496,0.390323540401418,8,0.125,-0.0837659051109505,"-0.00640319729484623",-0.0790428376355905,0.737610799398833
520033,NA,NA,-1.31155483496729,-1.06585960167834,-0.0173495719979558,-0.0365945502212864,NA,-0.325509668379042,5,0.2,-0.551373645448783,"-0.6403523486887",-0.0790428376355905,0.737610799398833
520034,NA,NA,NA,-0.790751377927665,1.46727666862032,0.0809435334357605,NA,0.569281842596533,4,0.25,0.331687666681236,"0.556839060181304",-0.0790428376355905,0.737610799398833
520035,0.549731364150444,NA,0.954908663909153,1.18085755895215,0.779279142480142,-0.624284968506521,NA,1.10615674918188,6,0.166666666666667,0.657774751694541,"0.99892462248472",-0.0790428376355905,0.737610799398833
520037,-0.566445871941866,-0.765473609766821,0.436859864165966,-0.378089042301657,0.199912804677888,0.257250658921331,-2.27295496792722,0.390323540401418,8,0.125,-0.33732707797137,"-0.350163311798426",-0.0790428376355905,0.737610799398833
520038,NA,NA,0.566372064101763,-0.0112780773007613,-0.813978286476055,NA,NA,-0.146551366183927,4,0.25,-0.101358916464745,"-0.0302545446017638",-0.0790428376355905,0.737610799398833
520041,NA,NA,0.24259156426227,-1.57022467855457,-0.125980760335879,-0.0365945502212864,NA,-0.325509668379042,5,0.2,-0.363143618645701,"-0.385163532369182",-0.0790428376355905,0.737610799398833
520044,NA,NA,NA,-0.378089042301657,-1.24850303982774,0.374788742578378,NA,-0.862384574964387,4,0.25,-0.528546978628853,"-0.609405585384076",-0.0790428376355905,0.737610799398833
520045,-1.68262310803418,NA,NA,-1.02000823105323,-0.99503026703926,0.257250658921331,1.51620690031083,-0.325509668379042,6,0.166666666666667,-0.374952285878924,"-0.401172879361995",-0.0790428376355905,0.737610799398833
520049,1.06489008850074,0.0716153597840098,-0.9877743351278,-2.16629249668102,0.453385577466374,0.668633951720995,0.311270688907568,-0.325509668379042,8,0.125,-0.113722604226022,"-0.0470163487555988",-0.0790428376355905,0.737610799398833
520051,-1.08160459629216,0.191199498291271,0.436859864165966,0.355532887700135,0.634437558029578,0.786172035378042,0.552516871634797,0.390323540401418,8,0.125,0.28317970741363,"0.491075436184556",-0.0790428376355905,0.737610799398833
520057,NA,NA,NA,0.0345732933243508,0.308543993015811,-0.154132633878333,NA,0.211365238206305,4,0.25,0.100087472667033,"0.242852071103919",-0.0790428376355905,0.737610799398833
520059,NA,NA,-0.793506035224105,0.0345732933243508,0.996541519155986,-0.330439759363904,NA,0.927198446986763,5,0.2,0.166873492975818,"0.333395783808799",-0.0790428376355905,0.737610799398833
520062,-0.308866509766717,NA,0.631128164069661,-0.286386301051433,0.236123200790529,-0.0953635920498098,NA,0.569281842596533,6,0.166666666666667,0.124319467431461,"0.275704077587794",-0.0790428376355905,0.737610799398833
520063,NA,NA,0.760640364005458,-0.744900007302553,0.417175181353733,-0.212901675706857,NA,0.748240144791648,5,0.2,0.193650801428286,"0.369698544660852",-0.0790428376355905,0.737610799398833
520066,-0.652305659333582,-1.36339430230313,-0.793506035224105,0.447235628950359,0.996541519155986,-0.741823052163566,NA,0.569281842596533,7,0.142857142857143,-0.219710008331643,"-0.190706495635231",-0.0790428376355905,0.737610799398833
520070,1.23660966328417,0.549951913813056,1.21393306378075,0.309681517075023,1.06896231138127,0.727402993549518,-1.05938740830474,2.00094826015745,8,0.125,0.756012789342063,"1.13210873221791",-0.0790428376355905,0.737610799398833
520071,NA,NA,-0.0164328356093239,-0.882454119177889,0.27233359690317,NA,NA,-0.862384574964387,4,0.25,-0.372234483212108,"-0.397488276765299",-0.0790428376355905,0.737610799398833
520075,-0.308866509766717,1.14787260634936,-0.599237735320409,-1.38681919605412,-0.560505513687569,-0.44797784302095,0.306091879976035,-0.325509668379042,8,0.125,-0.271868997487926,"-0.261419924992276",-0.0790428376355905,0.737610799398833
520076,NA,NA,NA,-3.08331990918326,-1.71923818929207,0.0809435334357605,NA,-0.325509668379042,4,0.25,-1.26178105835465,"-1.60347194168391",-0.0790428376355905,0.737610799398833
520078,NA,NA,-0.469725535384612,-0.515643154176993,0.924120726930704,NA,NA,0.211365238206305,4,0.25,0.0375293188938509,"0.158040197654983",-0.0790428376355905,0.737610799398833
520083,1.06489008850074,1.38704088336389,-0.599237735320409,-0.928305489803001,-0.307032740899083,0.433557784406901,-0.0935395425738999,0.927198446986763,8,0.125,0.235571461832737,"0.426531579695884",-0.0790428376355905,0.737610799398833
520087,0.463871576758728,-0.765473609766821,-1.18204263503149,-1.20341371355367,0.706858350254859,-0.0365945502212864,0.201652566523461,0.569281842596533,8,0.125,-0.155732521554962,"-0.10397039194908",-0.0790428376355905,0.737610799398833
520088,0.463871576758728,-0.0479687787232517,-1.50582313487099,-0.928305489803001,-0.524295117574929,-0.271670717535378,NA,0.927198446986763,7,0.142857142857143,-0.269570459251722,"-0.258303731143057",-0.0790428376355905,0.737610799398833
520089,1.32246945067589,NA,-0.210701135513018,1.31841167082749,1.17759349971919,1.13878628634918,1.01472556877409,1.82198995796234,7,0.142857142857143,1.08332504268502,"1.57585529017195",-0.0790428376355905,0.737610799398833
520091,NA,NA,0.0483232643585746,-1.15756234292856,-0.63292630591285,NA,NA,0.0324069360111874,4,0.25,-0.427439612117912,"-0.472331444667393",-0.0790428376355905,0.737610799398833
520095,NA,NA,NA,0.722343852701031,0.308543993015811,-0.0365945502212864,NA,0.569281842596533,4,0.25,0.390893784523022,"0.637106482906188",-0.0790428376355905,0.737610799398833
520096,-0.652305659333582,NA,0.372103764198067,-0.240534930426321,-0.524295117574929,-1.38828251227732,NA,-0.325509668379042,6,0.166666666666667,-0.459804020632188,"-0.51620879643699",-0.0790428376355905,0.737610799398833
520097,0.120432427191864,NA,-1.57057923483889,-0.607345895427217,0.0550712202273249,0.551095868063948,NA,-0.146551366183927,6,0.166666666666667,-0.266312830161149,"-0.253887270465924",-0.0790428376355905,0.737610799398833
520098,0.807310726325593,-0.526305332752297,0.890152563941255,1.86862811832883,2.30011577921106,-0.624284968506521,-0.309754815465389,2.17990656235257,8,0.125,0.823221079179387,"1.22322492776724",-0.0790428376355905,0.737610799398833
520100,1.06489008850074,NA,-0.275457235480917,-1.52437330792946,0.0550712202273249,-1.27074442862028,NA,-1.57821778374485,6,0.166666666666667,-0.588138574507905,"-0.690195611679272",-0.0790428376355905,0.737610799398833
520102,NA,NA,0.760640364005458,-0.0112780773007613,0.598227161916937,-0.44797784302095,NA,1.46407335357211,5,0.2,0.472736991834558,"0.748063653514645",-0.0790428376355905,0.737610799398833
520103,0.463871576758728,NA,1.21393306378075,-0.332237671676545,0.489595973579015,-0.683054010335044,NA,0.569281842596533,6,0.166666666666667,0.286898462450572,"0.496117058460115",-0.0790428376355905,0.737610799398833
520107,NA,NA,NA,-0.744900007302553,-0.0173495719979558,NA,NA,0.390323540401418,3,0.333333333333333,-0.123975346299697,"-0.0609162836291544",-0.0790428376355905,0.737610799398833
520109,NA,NA,NA,0.676492482075919,-1.28471343594039,NA,NA,0.211365238206305,3,0.333333333333333,-0.132285238552721,"-0.0721822415839406",-0.0790428376355905,0.737610799398833
520113,NA,NA,-1.0525304350957,0.217978775824799,-0.0897703642232385,1.1975553281777,NA,1.10615674918188,5,0.2,0.275878010773089,"0.481176317778898",-0.0790428376355905,0.737610799398833
520116,-0.394726297158433,NA,-0.275457235480917,-3.95449595106039,-2.26239413098169,0.609864909892471,NA,-1.39925948154973,6,0.166666666666667,-1.27941136438978,"-1.62737385045408",-0.0790428376355905,0.737610799398833
520136,-0.308866509766717,NA,-0.340213335448815,0.859897964576367,0.453385577466374,1.02124820269213,NA,0.569281842596533,6,0.166666666666667,0.375788957019313,"0.616628437416588",-0.0790428376355905,0.737610799398833
520138,1.83762817502619,0.789120190827578,1.01966476387705,0.951600705826591,1.64832864918352,1.37386245366328,0.871013620924055,1.64303165576722,8,0.125,1.26678127688694,"1.8245721396967",-0.0790428376355905,0.737610799398833
520139,NA,NA,0.890152563941255,0.355532887700135,1.61211825307088,0.609864909892471,NA,1.46407335357211,5,0.2,0.98634839363537,"1.44438128094013",-0.0790428376355905,0.737610799398833
520160,-0.48058608455015,-1.1242260252886,-0.210701135513018,-2.39554934980658,-0.125980760335879,-0.330439759363904,0.0225520909746234,-0.146551366183927,8,0.125,-0.59893529875843,"-0.704833038706269",-0.0790428376355905,0.737610799398833
520177,0.721450938933877,0.669536052320317,1.34344526371654,0.997452076451703,1.14138310360655,-0.0953635920498098,-0.532875166932253,1.82198995796234,8,0.125,0.758377329251158,"1.13531440641767",-0.0790428376355905,0.737610799398833
520189,-0.223006722375001,NA,-0.469725535384612,0.722343852701031,0.344754389128452,-0.212901675706857,1.23957218988479,1.10615674918188,7,0.142857142857143,0.358170463918526,"0.592742543778445",-0.0790428376355905,0.737610799398833
520193,-0.824025234117015,0.191199498291271,0.372103764198067,-1.52437330792946,0.344754389128452,1.08001724452066,0.914601929431121,0.927198446986763,8,0.125,0.185184591313733,"0.358220662122455",-0.0790428376355905,0.737610799398833
520194,NA,NA,NA,NA,NA,NA,NA,0.569281842596533,1,1,0.569281842596533,"0.878952261491454",-0.0790428376355905,0.737610799398833
520196,NA,NA,NA,NA,NA,NA,NA,0.211365238206305,1,1,0.211365238206305,"0.393714511878871",-0.0790428376355905,0.737610799398833
520198,0.721450938933877,NA,-0.14594503554512,0.447235628950359,-0.343243137011723,0.844941077206565,NA,-0.146551366183927,6,0.166666666666667,0.229648017725005,"0.418500997561566",-0.0790428376355905,0.737610799398833
520202,0.721450938933877,NA,0.24259156426227,-0.469791783551881,-0.850188682588695,-0.683054010335044,NA,-0.325509668379042,6,0.166666666666667,-0.227416940276419,"-0.201155003101577",-0.0790428376355905,0.737610799398833
520205,NA,NA,NA,NA,NA,NA,NA,0.211365238206305,1,1,0.211365238206305,"0.393714511878871",-0.0790428376355905,0.737610799398833
520206,0.292152001975297,NA,0.177835464294372,-0.790751377927665,0.779279142480142,-0.0953635920498098,1.16922670189814,0.748240144791648,7,0.142857142857143,0.325802640780304,"0.548860562705767",-0.0790428376355905,0.737610799398833
520207,1.06489008850074,0.669536052320317,1.47295746365234,0.859897964576367,1.21380389583183,0.844941077206565,0.25861946477032,1.10615674918188,8,0.125,0.936350344505045,"1.37659749961389",-0.0790428376355905,0.737610799398833
520208,NA,NA,0.177835464294372,-0.332237671676545,-0.596715909800209,-0.212901675706857,NA,0.748240144791648,5,0.2,-0.0431559296195181,"0.0486529048182604",-0.0790428376355905,0.737610799398833
520210,1.23660966328417,NA,-1.37631093493519,0.126276034574575,-0.307032740899083,-0.0365945502212864,NA,0.0324069360111874,6,0.166666666666667,-0.0541075986976037,"0.0338054146689683",-0.0790428376355905,0.737610799398833
520212,NA,NA,NA,-0.194683559801209,0.525806369691656,0.0809435334357605,NA,-0.325509668379042,4,0.25,0.0216391687367915,"0.136497467844071",-0.0790428376355905,0.737610799398833
520213,NA,NA,NA,NA,1.46727666862032,NA,NA,1.10615674918188,2,0.5,1.2867167089011,"1.85159917350696",-0.0790428376355905,0.737610799398833
520214,NA,NA,NA,NA,NA,NA,NA,NA,0,NA,NA,"NaN",-0.0790428376355905,0.737610799398833
520215,NA,NA,NA,NA,NA,NA,NA,NA,0,NA,NA,"NaN",-0.0790428376355905,0.737610799398833
521300,NA,NA,NA,0.447235628950359,0.887910330818063,NA,NA,-0.504467970574157,3,0.333333333333333,0.276892663064755,"0.482551910832162",-0.0790428376355905,0.737610799398833
521302,NA,NA,NA,NA,0.489595973579015,NA,NA,-0.146551366183927,2,0.5,0.171522303697544,"0.33969830910468",-0.0790428376355905,0.737610799398833
521303,NA,NA,NA,NA,NA,NA,NA,NA,0,NA,NA,"NaN",-0.0790428376355905,0.737610799398833
521304,NA,NA,NA,NA,NA,NA,NA,-0.325509668379042,1,1,-0.325509668379042,"-0.334142112540009",-0.0790428376355905,0.737610799398833
521305,NA,NA,NA,NA,NA,NA,NA,NA,0,NA,NA,"NaN",-0.0790428376355905,0.737610799398833
521307,NA,NA,NA,NA,NA,NA,NA,NA,0,NA,NA,"NaN",-0.0790428376355905,0.737610799398833
521308,NA,NA,-0.728749935256206,-1.47852193730435,0.163702408565247,NA,NA,0.211365238206305,4,0.25,-0.45805105644725,"-0.513832252890764",-0.0790428376355905,0.737610799398833
521309,NA,NA,NA,NA,NA,NA,NA,0.0324069360111874,1,1,0.0324069360111874,"0.151095637072575",-0.0790428376355905,0.737610799398833
521310,NA,NA,NA,NA,NA,NA,NA,NA,0,NA,NA,"NaN",-0.0790428376355905,0.737610799398833
521311,NA,NA,NA,NA,NA,NA,NA,0.0324069360111874,1,1,0.0324069360111874,"0.151095637072575",-0.0790428376355905,0.737610799398833
521312,NA,NA,NA,NA,NA,NA,NA,0.0324069360111874,1,1,0.0324069360111874,"0.151095637072575",-0.0790428376355905,0.737610799398833
521313,NA,NA,NA,NA,-2.26239413098169,NA,NA,-1.39925948154973,2,0.5,-1.83082680626571,"-2.37494349331362",-0.0790428376355905,0.737610799398833
521314,NA,NA,NA,0.355532887700135,0.634437558029578,NA,NA,-0.146551366183927,3,0.333333333333333,0.281139693181929,"0.488309730702255",-0.0790428376355905,0.737610799398833
521315,NA,NA,0.69588426403756,0.355532887700135,1.10517270749391,NA,NA,0.211365238206305,4,0.25,0.591988774359477,"0.909736696564057",-0.0790428376355905,0.737610799398833
521316,NA,NA,NA,NA,NA,NA,NA,-0.504467970574157,1,1,-0.504467970574157,"-0.576760987346302",-0.0790428376355905,0.737610799398833
521317,NA,NA,NA,NA,NA,NA,NA,NA,0,NA,NA,"NaN",-0.0790428376355905,0.737610799398833
521318,NA,NA,NA,NA,NA,NA,NA,-0.146551366183927,1,1,-0.146551366183927,"-0.0915232377337164",-0.0790428376355905,0.737610799398833
521319,NA,NA,NA,NA,NA,NA,NA,0.211365238206305,1,1,0.211365238206305,"0.393714511878871",-0.0790428376355905,0.737610799398833
521320,NA,NA,0.307347664230169,-0.286386301051433,-0.488084721462287,NA,NA,0.390323540401418,4,0.25,-0.0191999544705334,"0.0811307036364303",-0.0790428376355905,0.737610799398833
521321,NA,NA,NA,NA,NA,NA,NA,0.211365238206305,1,1,0.211365238206305,"0.393714511878871",-0.0790428376355905,0.737610799398833
521322,NA,NA,NA,NA,0.0912816163399657,NA,NA,0.211365238206305,2,0.5,0.151323427273135,"0.312314116193091",-0.0790428376355905,0.737610799398833
521323,NA,NA,NA,NA,NA,NA,NA,-0.146551366183927,1,1,-0.146551366183927,"-0.0915232377337164",-0.0790428376355905,0.737610799398833
521324,NA,NA,NA,-0.699048636677441,NA,NA,NA,-0.504467970574157,2,0.5,-0.601758303625799,"-0.708660266926991",-0.0790428376355905,0.737610799398833
521325,NA,NA,-0.404969435416714,NA,0.199912804677888,NA,NA,-0.146551366183927,3,0.333333333333333,-0.117202665640917,"-0.0517343672793672",-0.0790428376355905,0.737610799398833
521326,NA,NA,NA,NA,NA,NA,NA,-0.325509668379042,1,1,-0.325509668379042,"-0.334142112540009",-0.0790428376355905,0.737610799398833
521327,NA,NA,NA,-0.102980818550985,-0.234611948673802,NA,NA,0.0324069360111874,3,0.333333333333333,-0.101728610404533,"-0.0307557492209061",-0.0790428376355905,0.737610799398833
521328,NA,NA,NA,NA,NA,NA,NA,-1.22030117935462,1,1,-1.22030117935462,"-1.54723648657147",-0.0790428376355905,0.737610799398833
521329,NA,NA,NA,NA,NA,NA,NA,0.569281842596533,1,1,0.569281842596533,"0.878952261491454",-0.0790428376355905,0.737610799398833
521330,NA,NA,NA,-1.57022467855457,0.199912804677888,NA,NA,-0.862384574964387,3,0.333333333333333,-0.744232149613689,"-0.901816123788101",-0.0790428376355905,0.737610799398833
521331,NA,NA,NA,NA,NA,NA,NA,0.211365238206305,1,1,0.211365238206305,"0.393714511878871",-0.0790428376355905,0.737610799398833
521332,NA,NA,NA,-0.148832189176097,-0.16219115644852,NA,NA,0.390323540401418,3,0.333333333333333,0.0264333982589336,"0.142997141555532",-0.0790428376355905,0.737610799398833
521333,NA,NA,NA,NA,NA,NA,NA,-1.39925948154973,1,1,-1.39925948154973,"-1.78985536137777",-0.0790428376355905,0.737610799398833
521334,NA,NA,NA,0.355532887700135,-0.524295117574929,NA,NA,-0.683426272769272,3,0.333333333333333,-0.284062834214688,"-0.27795145725387",-0.0790428376355905,0.737610799398833
521335,NA,NA,NA,-0.194683559801209,0.598227161916937,NA,NA,0.748240144791648,3,0.333333333333333,0.383927915635792,"0.627662655764683",-0.0790428376355905,0.737610799398833
521336,NA,NA,NA,0.447235628950359,-0.125980760335879,NA,NA,-0.504467970574157,3,0.333333333333333,-0.061071033986559,"0.024364886826059",-0.0790428376355905,0.737610799398833
521337,NA,NA,-1.31155483496729,-0.102980818550985,0.670647954142219,NA,NA,-0.325509668379042,4,0.25,-0.267349341938775,"-0.255292499047814",-0.0790428376355905,0.737610799398833
521338,NA,NA,NA,-0.836602748552777,-0.307032740899083,NA,NA,-2.11509269033019,3,0.333333333333333,-1.08624272659402,"-1.36548961834522",-0.0790428376355905,0.737610799398833
521339,NA,NA,NA,-0.882454119177889,-1.97271096208056,NA,NA,-0.146551366183927,3,0.333333333333333,-1.00057214914746,"-1.24934357287465",-0.0790428376355905,0.737610799398833
521340,NA,NA,0.631128164069661,-0.286386301051433,-0.451874325349647,NA,NA,-0.146551366183927,4,0.25,-0.0634209571288363,"0.0211790289939983",-0.0790428376355905,0.737610799398833
521341,NA,NA,-0.0164328356093239,-0.744900007302553,0.236123200790529,0.0221744916072371,NA,-1.39925948154973,5,0.2,-0.380458926412769,"-0.40863838900249",-0.0790428376355905,0.737610799398833
521342,NA,NA,NA,NA,NA,NA,NA,-1.22030117935462,1,1,-1.22030117935462,"-1.54723648657147",-0.0790428376355905,0.737610799398833
521343,NA,NA,NA,-0.928305489803001,-0.0897703642232385,NA,NA,-0.683426272769272,3,0.333333333333333,-0.567167375598504,"-0.661764359145425",-0.0790428376355905,0.737610799398833
521344,NA,NA,NA,NA,NA,NA,NA,-0.504467970574157,1,1,-0.504467970574157,"-0.576760987346302",-0.0790428376355905,0.737610799398833
521345,NA,NA,NA,-0.515643154176993,-0.850188682588695,NA,NA,-0.325509668379042,3,0.333333333333333,-0.56378050171491,"-0.657172677615878",-0.0790428376355905,0.737610799398833
521346,NA,NA,NA,-0.561494524802105,0.887910330818063,NA,NA,0.390323540401418,3,0.333333333333333,0.238913115472459,"0.431061954850972",-0.0790428376355905,0.737610799398833
521347,NA,NA,NA,NA,0.127492012452607,NA,NA,0.211365238206305,2,0.5,0.169428625329456,"0.336859849621989",-0.0790428376355905,0.737610799398833
521348,NA,NA,NA,NA,0.127492012452607,NA,NA,0.0324069360111874,2,0.5,0.079949474231897,"0.215550412218841",-0.0790428376355905,0.737610799398833
521349,NA,NA,NA,0.0345732933243508,-0.307032740899083,NA,NA,0.211365238206305,3,0.333333333333333,-0.0203647364561423,"0.0795515754748602",-0.0790428376355905,0.737610799398833
521350,NA,NA,NA,-0.699048636677441,-1.71923818929207,NA,NA,-0.325509668379042,3,0.333333333333333,-0.914598831449519,"-1.13278709381007",-0.0790428376355905,0.737610799398833
521351,NA,NA,0.501615964133864,-0.378089042301657,-0.0897703642232385,NA,NA,0.0324069360111874,4,0.25,0.016540873405039,"0.129585563441495",-0.0790428376355905,0.737610799398833
521352,NA,NA,NA,-0.607345895427217,-0.958819870926618,NA,NA,-0.862384574964387,3,0.333333333333333,-0.809516780439407,"-0.990324359945878",-0.0790428376355905,0.737610799398833
521353,NA,NA,NA,NA,NA,NA,NA,-0.683426272769272,1,1,-0.683426272769272,"-0.819379862152595",-0.0790428376355905,0.737610799398833
521354,NA,NA,NA,NA,NA,NA,NA,-0.862384574964387,1,1,-0.862384574964387,"-1.06199873695889",-0.0790428376355905,0.737610799398833
521355,NA,NA,NA,-1.2951164548039,-0.777767890363414,NA,NA,0.390323540401418,3,0.333333333333333,-0.560853601588631,"-0.653204595629193",-0.0790428376355905,0.737610799398833
521356,NA,NA,NA,NA,NA,NA,NA,NA,0,NA,NA,"NaN",-0.0790428376355905,0.737610799398833
521357,NA,NA,-0.0811889355772215,0.0804246639494628,-0.705347098138132,NA,NA,-1.57821778374485,4,0.25,-0.571082288377684,"-0.667071918067245",-0.0790428376355905,0.737610799398833
521358,NA,NA,-0.793506035224105,-0.515643154176993,-0.19840155256116,NA,NA,-0.862384574964387,4,0.25,-0.592483829231661,"-0.69608659745022",-0.0790428376355905,0.737610799398833
521359,NA,NA,-0.14594503554512,-1.11171097230345,-0.125980760335879,-1.03566826130618,NA,-1.0413428771595,5,0.2,-0.692129581330027,"-0.83117918581739",-0.0790428376355905,0.737610799398833
530002,0.292152001975297,NA,-0.793506035224105,-1.06585960167834,0.27233359690317,NA,NA,-0.683426272769272,5,0.2,-0.395661262158649,"-0.42924862919728",-0.0790428376355905,0.737610799398833
530006,0.20629221458358,NA,0.954908663909153,-0.882454119177889,-0.270822344786443,-0.97689921947766,NA,-0.683426272769272,6,0.166666666666667,-0.275400179619755,"-0.266207249330134",-0.0790428376355905,0.737610799398833
530008,NA,NA,0.113079364326474,-1.38681919605412,-0.524295117574929,-0.271670717535378,NA,-0.683426272769272,5,0.2,-0.550626387921445,"-0.639339270344474",-0.0790428376355905,0.737610799398833
530012,-0.824025234117015,-1.48297844081039,0.0483232643585746,-2.21214386730614,-0.125980760335879,-0.154132633878333,-0.680902788891894,-0.683426272769272,8,0.125,-0.764408341718793,"-0.929169562920972",-0.0790428376355905,0.737610799398833
530014,0.89317051371731,-0.167552917230512,1.01966476387705,0.355532887700135,-0.234611948673802,0.668633951720995,-0.483676482082692,0.748240144791648,8,0.125,0.349925114227517,"0.581564088015962",-0.0790428376355905,0.737610799398833
530015,NA,NA,1.14917696381285,0.172127405199687,2.44495736366162,NA,NA,1.10615674918188,4,0.25,1.21810462046401,"1.75857980815465",-0.0790428376355905,0.737610799398833
530025,NA,NA,-1.0525304350957,0.0345732933243508,-0.0897703642232385,NA,NA,-0.146551366183927,4,0.25,-0.313569718044628,"-0.317954781302255",-0.0790428376355905,0.737610799398833
530034,NA,NA,NA,NA,NA,NA,NA,0.211365238206305,1,1,0.211365238206305,"0.393714511878871",-0.0790428376355905,0.737610799398833
531301,NA,NA,NA,NA,NA,NA,NA,NA,0,NA,NA,"NaN",-0.0790428376355905,0.737610799398833
531302,NA,NA,0.0483232643585746,NA,-1.0312406631519,NA,NA,-0.862384574964387,3,0.333333333333333,-0.615100657919237,"-0.72674887721349",-0.0790428376355905,0.737610799398833
531303,NA,NA,NA,NA,0.236123200790529,NA,NA,-0.504467970574157,2,0.5,-0.134172384891814,"-0.0747406997039021",-0.0790428376355905,0.737610799398833
531304,NA,NA,NA,-2.0745897554308,-0.741557494250773,NA,NA,0.211365238206305,3,0.333333333333333,-0.868260670491756,"-1.06996512727226",-0.0790428376355905,0.737610799398833
531305,NA,NA,NA,0.172127405199687,0.018860824114684,NA,NA,0.0324069360111874,3,0.333333333333333,0.0744650551085194,"0.20811502877835",-0.0790428376355905,0.737610799398833
531306,NA,NA,NA,0.630641111450807,-0.777767890363414,NA,NA,-0.146551366183927,3,0.333333333333333,-0.0978927150321776,"-0.0255553164513726",-0.0790428376355905,0.737610799398833
531307,NA,NA,NA,-1.15756234292856,-2.15376294264376,NA,NA,-0.862384574964387,3,0.333333333333333,-1.3912366201789,"-1.7789785393771",-0.0790428376355905,0.737610799398833
531308,NA,NA,NA,NA,NA,NA,NA,NA,0,NA,NA,"NaN",-0.0790428376355905,0.737610799398833
531309,NA,NA,NA,0.0345732933243508,-0.524295117574929,NA,NA,-1.22030117935462,3,0.333333333333333,-0.570007667868398,"-0.665615024390849",-0.0790428376355905,0.737610799398833
531310,NA,NA,NA,-0.332237671676545,-0.125980760335879,NA,NA,-0.325509668379042,3,0.333333333333333,-0.261242700130489,"-0.247013550565413",-0.0790428376355905,0.737610799398833
531311,NA,NA,NA,NA,NA,NA,NA,-2.65196759691554,1,1,-2.65196759691554,"-3.48818748502182",-0.0790428376355905,0.737610799398833
531312,NA,NA,-0.599237735320409,-2.30384660855636,-0.777767890363414,-1.38828251227732,NA,0.0324069360111874,5,0.2,-1.00734556210126,"-1.2585264820177",-0.0790428376355905,0.737610799398833
531313,NA,NA,NA,NA,0.924120726930704,NA,NA,0.211365238206305,2,0.5,0.567742982568505,"0.876865985057754",-0.0790428376355905,0.737610799398833
531314,NA,NA,NA,NA,NA,NA,NA,0.211365238206305,1,1,0.211365238206305,"0.393714511878871",-0.0790428376355905,0.737610799398833
531315,NA,NA,NA,NA,NA,NA,NA,NA,0,NA,NA,"NaN",-0.0790428376355905,0.737610799398833
531316,NA,NA,NA,NA,-1.32092383205303,NA,NA,-0.325509668379042,2,0.5,-0.823216750216034,"-1.00889779974339",-0.0790428376355905,0.737610799398833
531318,NA,NA,NA,NA,NA,NA,NA,NA,0,NA,NA,"NaN",-0.0790428376355905,0.737610799398833
531319,NA,NA,NA,NA,NA,NA,NA,NA,0,NA,NA,"NaN",-0.0790428376355905,0.737610799398833
650001,-0.738165446725299,NA,1.01966476387705,0.263830146449911,-0.379453533124364,-1.15320634496323,NA,-1.22030117935462,6,0.166666666666667,-0.367938598973425,"-0.391664223969185",-0.0790428376355905,0.737610799398833
660001,-0.652305659333582,NA,NA,-2.21214386730614,-4.29017631328957,-3.50396801810417,NA,-3.00988420130577,5,0.2,-2.73369561186784,"-3.59898848606317",-0.0790428376355905,0.737610799398833
670005,NA,NA,NA,NA,NA,NA,NA,0.211365238206305,1,1,0.211365238206305,"0.393714511878871",-0.0790428376355905,0.737610799398833
670006,NA,NA,NA,NA,NA,NA,NA,-0.146551366183927,1,1,-0.146551366183927,"-0.0915232377337164",-0.0790428376355905,0.737610799398833
670008,NA,NA,NA,NA,NA,NA,NA,-0.504467970574157,1,1,-0.504467970574157,"-0.576760987346302",-0.0790428376355905,0.737610799398833
670023,-1.42504374585903,-1.72214671782491,-1.18204263503149,-0.469791783551881,0.236123200790529,0.374788742578378,0.14425410086564,0.748240144791648,8,0.125,-0.41195233665514,"-0.451334903570931",-0.0790428376355905,0.737610799398833
670025,2.52450647415992,1.14787260634936,NA,0.676492482075919,0.815489538592783,NA,-0.794836585385612,2.89573977113303,6,0.166666666666667,1.21087738115423,"1.7487816336761",-0.0790428376355905,0.737610799398833
670031,NA,NA,0.631128164069661,0.126276034574575,0.7430687463675,NA,NA,-0.683426272769272,4,0.25,0.204261668060616,"0.384083999213549",-0.0790428376355905,0.737610799398833
670034,0.378011789367012,-1.00464188678134,-0.0811889355772215,1.59351989457816,0.887910330818063,0.0809435334357605,0.686734336443684,1.46407335357211,8,0.125,0.500670301982028,"0.785933638837847",-0.0790428376355905,0.737610799398833
670041,-1.08160459629216,0.430367775305794,0.69588426403756,-0.378089042301657,0.0550712202273249,0.609864909892471,1.61891994411956,0.211365238206305,8,0.125,0.270222464149399,"0.473508931905075",-0.0790428376355905,0.737610799398833
670043,0.89317051371731,NA,0.24259156426227,0.172127405199687,-0.307032740899083,0.374788742578378,0.657819319909294,-0.862384574964387,7,0.142857142857143,0.16729717568621,"0.333970182544198",-0.0790428376355905,0.737610799398833
670044,NA,NA,0.760640364005458,0.126276034574575,-0.741557494250773,NA,NA,0.569281842596533,4,0.25,0.178660186731448,"0.349375340731279",-0.0790428376355905,0.737610799398833
670047,-1.2533241710756,NA,-1.1172865350636,-0.836602748552777,-0.343243137011723,-0.683054010335044,-0.20402079977993,-0.146551366183927,7,0.142857142857143,-0.654868966857513,"-0.780663907973192",-0.0790428376355905,0.737610799398833
670049,NA,NA,NA,NA,NA,NA,NA,0.748240144791648,1,1,0.748240144791648,"1.12157113629775",-0.0790428376355905,0.737610799398833
670053,NA,NA,NA,0.997452076451703,1.03275191526863,NA,NA,0.390323540401418,3,0.333333333333333,0.806842510707249,"1.20102003531517",-0.0790428376355905,0.737610799398833
670054,NA,NA,NA,NA,NA,NA,NA,-0.146551366183927,1,1,-0.146551366183927,"-0.0915232377337164",-0.0790428376355905,0.737610799398833
670055,0.721450938933877,-0.645889471259559,-1.44106703490309,0.584789740825695,0.670647954142219,1.31509341183475,1.6340248035032,1.28511505137699,8,0.125,0.515520674306761,"0.806066712183352",-0.0790428376355905,0.737610799398833
670056,-0.0512871475915684,0.0716153597840098,-2.02387193461417,0.263830146449911,-0.307032740899083,1.37386245366328,1.28531833544667,-0.146551366183927,8,0.125,0.0582353882568887,"0.186112006500398",-0.0790428376355905,0.737610799398833
670059,NA,NA,NA,NA,NA,NA,NA,0.0324069360111874,1,1,0.0324069360111874,"0.151095637072575",-0.0790428376355905,0.737610799398833
670060,-0.995744808900447,NA,0.113079364326474,-0.194683559801209,0.344754389128452,1.02124820269213,NA,-0.683426272769272,6,0.166666666666667,-0.0657954475539779,"0.0179598645958132",-0.0790428376355905,0.737610799398833
670062,NA,NA,NA,NA,1.03275191526863,NA,NA,1.10615674918188,2,0.5,1.06945433222525,"1.55705037236018",-0.0790428376355905,0.737610799398833
670067,NA,NA,NA,NA,NA,NA,NA,0.927198446986763,1,1,0.927198446986763,"1.36419001110404",-0.0790428376355905,0.737610799398833
670068,-0.0512871475915684,NA,0.113079364326474,0.630641111450807,-0.0897703642232385,NA,0.592221073443214,0.927198446986763,6,0.166666666666667,0.353680414065409,"0.586655255120555",-0.0790428376355905,0.737610799398833
670069,NA,NA,NA,NA,NA,NA,NA,-0.325509668379042,1,1,-0.325509668379042,"-0.334142112540009",-0.0790428376355905,0.737610799398833
670071,-0.824025234117015,-0.0479687787232517,NA,0.768195223326143,NA,NA,NA,0.748240144791648,4,0.25,0.161110338819381,"0.325582511333485",-0.0790428376355905,0.737610799398833
670073,NA,NA,NA,NA,NA,NA,NA,-0.146551366183927,1,1,-0.146551366183927,"-0.0915232377337164",-0.0790428376355905,0.737610799398833
670075,-0.394726297158433,NA,-0.340213335448815,-0.0571294479258733,0.236123200790529,0.0809435334357605,NA,0.390323540401418,6,0.166666666666667,-0.0141131343175692,"0.0880270508118106",-0.0790428376355905,0.737610799398833
670076,NA,NA,NA,NA,NA,NA,NA,0.211365238206305,1,1,0.211365238206305,"0.393714511878871",-0.0790428376355905,0.737610799398833
670077,-0.223006722375001,0.0716153597840098,0.0483232643585746,0.538938370200583,1.10517270749391,1.31509341183475,1.19771015102157,0.927198446986763,8,0.125,0.622630623663145,"0.951278725678384",-0.0790428376355905,0.737610799398833
670078,NA,NA,0.24259156426227,NA,1.57590785695824,NA,NA,1.10615674918188,3,0.333333333333333,0.974885390134129,"1.42884056012831",-0.0790428376355905,0.737610799398833
670080,-0.48058608455015,NA,1.14917696381285,0.309681517075023,0.163702408565247,0.962479160863611,NA,0.211365238206305,6,0.166666666666667,0.385969867328814,"0.63043098791856",-0.0790428376355905,0.737610799398833
670082,0.378011789367012,NA,1.21393306378075,1.50181715332793,1.79317023363408,1.4326314954918,0.755353554786492,1.46407335357211,7,0.142857142857143,1.21985580628002,"1.76095394071541",-0.0790428376355905,0.737610799398833
670085,-0.0512871475915684,NA,-1.1172865350636,-1.34096782542901,-0.307032740899083,-0.565515926677996,NA,0.569281842596533,6,0.166666666666667,-0.46880138884412,"-0.528406785158501",-0.0790428376355905,0.737610799398833
670088,-0.308866509766717,-0.167552917230512,-0.0164328356093239,0.538938370200583,0.525806369691656,1.25632437000623,0.501591917141393,1.10615674918188,8,0.125,0.429495689201898,"0.689440186141468",-0.0790428376355905,0.737610799398833
670090,NA,NA,NA,NA,NA,NA,NA,0.0324069360111874,1,1,0.0324069360111874,"0.151095637072575",-0.0790428376355905,0.737610799398833
670093,NA,NA,NA,NA,NA,NA,NA,NA,0,NA,NA,"NaN",-0.0790428376355905,0.737610799398833
670098,0.0345726398001479,NA,-0.275457235480917,0.0345732933243508,-0.234611948673802,0.844941077206565,NA,0.748240144791648,6,0.166666666666667,0.192042995161332,"0.367518795844452",-0.0790428376355905,0.737610799398833
670102,NA,NA,NA,NA,NA,NA,NA,0.211365238206305,1,1,0.211365238206305,"0.393714511878871",-0.0790428376355905,0.737610799398833
670103,-0.137146934983285,NA,1.08442086384495,0.676492482075919,0.0912816163399657,-0.330439759363904,0.239630498688033,0.569281842596533,7,0.142857142857143,0.313360087028316,"0.53199183767879",-0.0790428376355905,0.737610799398833
670106,0.20629221458358,NA,NA,0.263830146449911,0.996541519155986,NA,NA,0.390323540401418,4,0.25,0.464246855147724,"0.736553333039735",-0.0790428376355905,0.737610799398833
670107,NA,NA,NA,NA,NA,NA,NA,NA,0,NA,NA,"NaN",-0.0790428376355905,0.737610799398833
670108,NA,NA,-0.14594503554512,-0.102980818550985,-0.0897703642232385,-0.212901675706857,NA,0.748240144791648,5,0.2,0.0393284501530896,"0.160479331220686",-0.0790428376355905,0.737610799398833
670109,NA,NA,NA,NA,NA,NA,NA,NA,0,NA,NA,"NaN",-0.0790428376355905,0.737610799398833
670112,NA,NA,NA,NA,NA,NA,NA,0.211365238206305,1,1,0.211365238206305,"0.393714511878871",-0.0790428376355905,0.737610799398833
670115,NA,NA,NA,NA,NA,NA,NA,NA,0,NA,NA,"NaN",-0.0790428376355905,0.737610799398833
670120,-1.16746438368388,NA,NA,0.997452076451703,-0.813978286476055,1.1975553281777,NA,-0.862384574964387,5,0.2,-0.129763968098983,"-0.068764083314305",-0.0790428376355905,0.737610799398833
670122,1.40832923806761,-0.0479687787232517,-0.0164328356093239,1.91447948895394,1.93801181808465,0.492326826235425,1.25683488632324,1.64303165576722,8,0.125,1.07357653738744,"1.56263896347835",-0.0790428376355905,0.737610799398833
670124,NA,NA,NA,NA,-0.850188682588695,NA,NA,0.927198446986763,2,0.5,0.0385048821990339,"0.159362796654317",-0.0790428376355905,0.737610799398833
670128,NA,NA,NA,-0.148832189176097,1.25001429194447,NA,NA,0.569281842596533,3,0.333333333333333,0.556821315121636,"0.862059168975655",-0.0790428376355905,0.737610799398833
670131,NA,NA,NA,NA,NA,NA,NA,-0.683426272769272,1,1,-0.683426272769272,"-0.819379862152595",-0.0790428376355905,0.737610799398833
670132,NA,NA,NA,NA,NA,NA,NA,0.0324069360111874,1,1,0.0324069360111874,"0.151095637072575",-0.0790428376355905,0.737610799398833
670134,NA,NA,0.372103764198067,NA,NA,NA,NA,0.390323540401418,2,0.5,0.381213652299742,"0.623982851539661",-0.0790428376355905,0.737610799398833
670135,NA,NA,NA,NA,NA,NA,NA,NA,0,NA,NA,"NaN",-0.0790428376355905,0.737610799398833
670136,NA,NA,NA,NA,-0.0173495719979558,NA,NA,0.0324069360111874,2,0.5,0.00752868200661578,"0.117367478503248",-0.0790428376355905,0.737610799398833
670260,-0.0512871475915684,NA,-0.663993835288308,-0.790751377927665,0.851699934705422,0.374788742578378,NA,0.927198446986763,6,0.166666666666667,0.10794246057717,"0.253501302265581",-0.0790428376355905,0.737610799398833
670265,NA,NA,NA,NA,NA,NA,NA,-0.325509668379042,1,1,-0.325509668379042,"-0.334142112540009",-0.0790428376355905,0.737610799398833
670266,NA,NA,NA,NA,NA,NA,NA,NA,0,NA,NA,"NaN",-0.0790428376355905,0.737610799398833
670267,NA,NA,NA,NA,NA,NA,NA,0.211365238206305,1,1,0.211365238206305,"0.393714511878871",-0.0790428376355905,0.737610799398833
670285,NA,NA,NA,NA,NA,NA,NA,NA,0,NA,NA,"NaN",-0.0790428376355905,0.737610799398833
670300,NA,NA,0.24259156426227,0.172127405199687,0.344754389128452,NA,NA,0.0324069360111874,4,0.25,0.197970073650399,"0.37555430521321",-0.0790428376355905,0.737610799398833
670309,NA,NA,NA,1.08915481770193,-0.234611948673802,NA,NA,0.748240144791648,3,0.333333333333333,0.534261004606591,"0.831473512510983",-0.0790428376355905,0.737610799398833
670314,NA,NA,NA,NA,NA,NA,NA,NA,0,NA,NA,"NaN",-0.0790428376355905,0.737610799398833
670320,NA,NA,NA,NA,NA,NA,NA,NA,0,NA,NA,"NaN",-0.0790428376355905,0.737610799398833
670321,NA,NA,NA,NA,NA,NA,NA,NA,0,NA,NA,"NaN",-0.0790428376355905,0.737610799398833
670322,NA,NA,NA,NA,NA,NA,NA,NA,0,NA,NA,"NaN",-0.0790428376355905,0.737610799398833
670326,NA,NA,NA,NA,NA,NA,NA,NA,0,NA,NA,"NaN",-0.0790428376355905,0.737610799398833
670331,NA,NA,NA,NA,NA,NA,NA,NA,0,NA,NA,"NaN",-0.0790428376355905,0.737610799398833
670333,NA,NA,NA,NA,NA,NA,NA,NA,0,NA,NA,"NaN",-0.0790428376355905,0.737610799398833
670335,NA,NA,NA,NA,NA,NA,NA,NA,0,NA,NA,"NaN",-0.0790428376355905,0.737610799398833
670342,NA,NA,NA,NA,NA,NA,NA,NA,0,NA,NA,"NaN",-0.0790428376355905,0.737610799398833
671300,NA,NA,NA,NA,-0.741557494250773,NA,NA,0.390323540401418,2,0.5,-0.175616976924678,"-0.130928315268427",-0.0790428376355905,0.737610799398833
671301,NA,NA,NA,NA,NA,NA,NA,NA,0,NA,NA,"NaN",-0.0790428376355905,0.737610799398833
671302,NA,NA,NA,NA,NA,NA,NA,NA,0,NA,NA,"NaN",-0.0790428376355905,0.737610799398833
1014666666,-0.137146934983285,NA,1.40820136368444,1.45596578270282,1.03275191526863,NA,0.695365684662906,NA,5,0.2,0.891027562267103,"1.31515211096871",-0.0790428376355905,0.737610799398833
1019666666,NA,NA,1.40820136368444,1.41011441207771,0.851699934705422,NA,NA,NA,3,0.333333333333333,1.22333857015586,"1.76567562304255",-0.0790428376355905,0.737610799398833
1021666666,NA,NA,NA,NA,NA,NA,NA,NA,0,NA,NA,"NaN",-0.0790428376355905,0.737610799398833
2013666666,NA,NA,NA,NA,NA,NA,NA,NA,0,NA,NA,"NaN",-0.0790428376355905,0.737610799398833
2014666666,NA,NA,NA,NA,NA,NA,NA,NA,0,NA,NA,"NaN",-0.0790428376355905,0.737610799398833
3012666666,0.721450938933877,NA,1.60246966358814,1.86862811832883,1.68453904529616,NA,-0.545822189261085,NA,5,0.2,1.06625311537718,"1.55271039136929",-0.0790428376355905,0.737610799398833
3013666666,1.15074987589246,NA,0.501615964133864,1.77692537707861,1.90180142197201,NA,0.600420854251474,NA,5,0.2,1.18630269866568,"1.71546503566997",-0.0790428376355905,0.737610799398833
3033666666,NA,NA,2.12051846333133,1.54766852395305,1.03275191526863,NA,NA,NA,3,0.333333333333333,1.56697963418433,"2.23155961539807",-0.0790428376355905,0.737610799398833
4009666666,NA,NA,0.631128164069661,0.997452076451703,0.27233359690317,NA,NA,NA,3,0.333333333333333,0.633637945808178,"0.966201666277957",-0.0790428376355905,0.737610799398833
4010666666,0.721450938933877,NA,0.24259156426227,0.584789740825695,0.924120726930704,NA,0.104549899057224,NA,5,0.2,0.515500574001954,"0.806039461626794",-0.0790428376355905,0.737610799398833
5015666666,NA,NA,NA,NA,NA,NA,NA,NA,0,NA,NA,"NaN",-0.0790428376355905,0.737610799398833
5020666666,NA,NA,NA,NA,NA,NA,NA,NA,0,NA,NA,"NaN",-0.0790428376355905,0.737610799398833
5022666666,NA,NA,NA,NA,NA,NA,NA,NA,0,NA,NA,"NaN",-0.0790428376355905,0.737610799398833
5025666666,0.549731364150444,NA,-0.728749935256206,-0.148832189176097,0.27233359690317,NA,NA,NA,4,0.25,-0.0138792908446722,"0.0883440790780556",-0.0790428376355905,0.737610799398833
5027666666,0.807310726325593,NA,-0.0164328356093239,2.41884456583017,2.66221974033746,NA,0.29573426211297,NA,5,0.2,1.23353529179938,"1.77949960942104",-0.0790428376355905,0.737610799398833
5030666666,0.120432427191864,NA,1.60246966358814,1.22670892957726,0.851699934705422,NA,0.447645990771261,NA,5,0.2,0.84979138916679,"1.25924705489588",-0.0790428376355905,0.737610799398833
5031666666,0.979030301109026,NA,1.40820136368444,1.27256030020237,1.93801181808465,NA,1.23741435282999,NA,5,0.2,1.3670436271821,"1.96050066782682",-0.0790428376355905,0.737610799398833
5039666666,NA,NA,NA,NA,NA,NA,NA,NA,0,NA,NA,"NaN",-0.0790428376355905,0.737610799398833
5041666666,NA,NA,NA,NA,NA,NA,NA,NA,0,NA,NA,"NaN",-0.0790428376355905,0.737610799398833
5114666666,2.26692711198477,NA,1.66722576355604,3.01491238395663,2.5173781558869,NA,-0.539348678096669,NA,5,0.2,1.78541894745753,"2.52770402306026",-0.0790428376355905,0.737610799398833
5127666666,0.979030301109026,NA,-0.275457235480917,1.41011441207771,0.815489538592783,NA,-0.569126829452981,NA,5,0.2,0.472010037369124,"0.747078100610557",-0.0790428376355905,0.737610799398833
5128666666,1.23660966328417,NA,1.86149406345973,2.60225004833062,1.82938062974672,NA,0.505044456429082,NA,5,0.2,1.60695577225007,"2.28575640603388",-0.0790428376355905,0.737610799398833
5130666666,0.89317051371731,NA,0.69588426403756,1.82277674770372,1.90180142197201,NA,-1.02011477390728,NA,5,0.2,0.858703634704662,"1.27132964038018",-0.0790428376355905,0.737610799398833
6003666666,NA,NA,NA,NA,NA,NA,NA,NA,0,NA,NA,"NaN",-0.0790428376355905,0.737610799398833
6005666666,0.979030301109026,NA,1.60246966358814,2.1437363420795,1.90180142197201,NA,0.11965475844086,NA,5,0.2,1.34933849743791,"1.93649731842003",-0.0790428376355905,0.737610799398833
6007666666,NA,NA,-1.37631093493519,1.63937126520327,0.887910330818063,NA,NA,NA,3,0.333333333333333,0.383656887028714,"0.627295214551379",-0.0790428376355905,0.737610799398833
7003666666,-0.738165446725299,NA,1.27868916374865,1.73107400645349,0.7430687463675,NA,-0.0452039925462617,NA,5,0.2,0.593892495459616,"0.912317625560338",-0.0790428376355905,0.737610799398833
8002666666,NA,NA,0.954908663909153,1.59351989457816,1.25001429194447,NA,NA,NA,3,0.333333333333333,1.26614761681059,"1.82371306865699",-0.0790428376355905,0.737610799398833
9002666666,0.549731364150444,NA,2.83283556297821,2.46469593645529,2.01043261030993,NA,-0.116412615354836,NA,5,0.2,1.54825657170781,"2.20617622555103",-0.0790428376355905,0.737610799398833
10009666666,1.32246945067589,NA,1.21393306378075,1.59351989457816,1.06896231138127,NA,1.03285140003445,NA,5,0.2,1.2463472240901,"1.79686911146896",-0.0790428376355905,0.737610799398833
10013666666,NA,NA,NA,NA,NA,NA,NA,NA,0,NA,NA,"NaN",-0.0790428376355905,0.737610799398833
10015666666,NA,NA,1.53771356362024,1.73107400645349,2.3363261753237,NA,NA,NA,3,0.333333333333333,1.86837124846581,"2.64016482362864",-0.0790428376355905,0.737610799398833
10021666666,NA,NA,NA,NA,NA,NA,NA,NA,0,NA,NA,"NaN",-0.0790428376355905,0.737610799398833
10057666666,0.549731364150444,NA,1.73198186352393,1.3642630414526,1.61211825307088,NA,0.962505912047798,NA,5,0.2,1.24412008684913,"1.79384971798559",-0.0790428376355905,0.737610799398833
10063666666,-0.223006722375001,NA,1.92625016342763,1.91447948895394,1.7207494414088,NA,-0.311481085109232,NA,5,0.2,1.00539825726123,"1.47020772442684",-0.0790428376355905,0.737610799398833
10064666666,0.549731364150444,NA,0.177835464294372,1.41011441207771,0.924120726930704,NA,NA,NA,4,0.25,0.765450491863308,"1.14490369472244",-0.0790428376355905,0.737610799398833
10065666666,0.979030301109026,NA,1.99100626339553,0.905749335201479,0.779279142480142,NA,0.809731048567586,NA,5,0.2,1.09295921815075,"1.58891661665142",-0.0790428376355905,0.737610799398833
10099666666,1.32246945067589,NA,1.21393306378075,1.50181715332793,1.75695983752144,NA,0.615957281046072,NA,5,0.2,1.28222735727042,"1.84551283144915",-0.0790428376355905,0.737610799398833
11029666666,0.120432427191864,NA,2.25003066326712,2.73980416020596,2.84327172090067,NA,-0.484971184315575,NA,5,0.2,1.49371355745001,"2.13223070536308",-0.0790428376355905,0.737610799398833
11030666666,0.635591151542161,NA,1.66722576355604,2.18958771270461,1.35864548028239,NA,-0.149211738587875,NA,5,0.2,1.14036767389947,"1.6531896123659",-0.0790428376355905,0.737610799398833
11031666666,NA,NA,0.372103764198067,0.676492482075919,0.199912804677888,NA,NA,NA,3,0.333333333333333,0.416169683650625,"0.671373740311046",-0.0790428376355905,0.737610799398833
11032666666,NA,NA,NA,NA,NA,NA,NA,NA,0,NA,NA,"NaN",-0.0790428376355905,0.737610799398833
11033666666,NA,NA,NA,NA,NA,NA,NA,NA,0,NA,NA,"NaN",-0.0790428376355905,0.737610799398833
11035666666,NA,NA,NA,NA,NA,NA,NA,NA,0,NA,NA,"NaN",-0.0790428376355905,0.737610799398833
12001666666,NA,NA,NA,NA,NA,NA,NA,NA,0,NA,NA,"NaN",-0.0790428376355905,0.737610799398833
13003666666,NA,NA,0.566372064101763,0.630641111450807,2.58979894811218,NA,0.155906420961589,NA,4,0.25,0.985679636156585,"1.44347462735083",-0.0790428376355905,0.737610799398833
14003666666,1.23660966328417,NA,2.50905506313872,2.92320964270641,2.37253657143634,NA,0.50072878231947,NA,5,0.2,1.90842794457702,"2.69447082910451",-0.0790428376355905,0.737610799398833
14004666666,NA,NA,0.760640364005458,NA,0.779279142480142,NA,NA,NA,2,0.5,0.7699597532428,"1.15101702899462",-0.0790428376355905,0.737610799398833
14007666666,1.49418902545932,NA,1.47295746365234,1.45596578270282,1.46727666862032,NA,-0.848782511755744,NA,5,0.2,1.00832128573581,"1.47417055750489",-0.0790428376355905,0.737610799398833
14008666666,NA,NA,0.436859864165966,0.859897964576367,0.634437558029578,NA,NA,NA,3,0.333333333333333,0.643731795590637,"0.979886186340144",-0.0790428376355905,0.737610799398833
14034666666,NA,NA,1.21393306378075,1.96033085957905,2.40874696754898,NA,NA,NA,3,0.333333333333333,1.86100363030293,"2.63017633353483",-0.0790428376355905,0.737610799398833
15003666666,1.32246945067589,NA,0.307347664230169,1.54766852395305,1.61211825307088,NA,-1.26653976556604,NA,5,0.2,0.704612825272789,"1.06242433482139",-0.0790428376355905,0.737610799398833
15004666666,NA,NA,0.177835464294372,1.04330344707681,1.32243508416975,NA,NA,NA,3,0.333333333333333,0.847857998513647,"1.25662590204032",-0.0790428376355905,0.737610799398833
16003666666,0.0345726398001479,NA,-2.80094513422896,-1.89118427293035,1.06896231138127,NA,NA,NA,4,0.25,-0.897148613994473,"-1.10912933626467",-0.0790428376355905,0.737610799398833
16004666666,0.378011789367012,NA,-0.0164328356093239,1.04330344707681,1.28622468805711,NA,-0.0654876608614312,NA,5,0.2,0.525123885606037,"0.819086059659152",-0.0790428376355905,0.737610799398833
17002666666,NA,NA,NA,NA,NA,NA,NA,NA,0,NA,NA,"NaN",-0.0790428376355905,0.737610799398833
17005666666,NA,NA,0.954908663909153,0.905749335201479,0.960331123043346,NA,NA,NA,3,0.333333333333333,0.940329707384659,"1.38199243537521",-0.0790428376355905,0.737610799398833
17008666666,0.292152001975297,NA,0.825396463973357,1.41011441207771,2.3363261753237,NA,NA,NA,4,0.25,1.21599726333751,"1.75572280398902",-0.0790428376355905,0.737610799398833
18003666666,NA,NA,NA,NA,NA,NA,NA,NA,0,NA,NA,"NaN",-0.0790428376355905,0.737610799398833
18006666666,1.23660966328417,NA,1.99100626339553,2.05203360082928,1.03275191526863,NA,NA,NA,4,0.25,1.5781003606944,"2.24663630153002",-0.0790428376355905,0.737610799398833
18007666666,0.635591151542161,NA,1.92625016342763,0.172127405199687,1.75695983752144,NA,NA,NA,4,0.25,1.12273213942273,"1.6292806152483",-0.0790428376355905,0.737610799398833
19043666666,NA,NA,NA,-0.240534930426321,NA,NA,NA,NA,1,1,-0.240534930426321,"-0.218939436519028",-0.0790428376355905,0.737610799398833
19047666666,0.378011789367012,NA,0.24259156426227,1.86862811832883,1.61211825307088,NA,NA,NA,4,0.25,1.02533743125725,"1.49723983134863",-0.0790428376355905,0.737610799398833
19048666666,-0.223006722375001,NA,-0.469725535384612,1.18085755895215,0.380964785241092,NA,NA,NA,4,0.25,0.217272521608407,"0.401723184483607",-0.0790428376355905,0.737610799398833
19050666666,NA,NA,NA,NA,NA,NA,NA,NA,0,NA,NA,"NaN",-0.0790428376355905,0.737610799398833
20003666666,-1.2533241710756,NA,-0.275457235480917,-0.102980818550985,1.90180142197201,NA,NA,NA,4,0.25,0.0675097992161272,"0.198685589976666",-0.0790428376355905,0.737610799398833
21007666666,NA,NA,NA,NA,NA,NA,NA,NA,0,NA,NA,"NaN",-0.0790428376355905,0.737610799398833
21020666666,0.549731364150444,NA,2.12051846333133,2.05203360082928,1.64832864918352,NA,NA,NA,4,0.25,1.59265301937364,"2.26636575599449",-0.0790428376355905,0.737610799398833
22001666666,NA,NA,NA,NA,NA,NA,NA,NA,0,NA,NA,"NaN",-0.0790428376355905,0.737610799398833
22009666666,NA,NA,NA,NA,NA,NA,NA,NA,0,NA,NA,"NaN",-0.0790428376355905,0.737610799398833
22010666666,0.721450938933877,NA,1.34344526371654,2.32714182457995,2.11906379864785,NA,NA,NA,4,0.25,1.62777545646956,"2.31398224578089",-0.0790428376355905,0.737610799398833
23005666666,NA,NA,NA,-1.24926508417879,0.706858350254859,NA,NA,NA,2,0.5,-0.271203366961963,"-0.260517510702104",-0.0790428376355905,0.737610799398833
23011666666,1.66590860024276,NA,-0.340213335448815,1.31841167082749,1.35864548028239,NA,0.203810403578265,NA,5,0.2,0.841312563896418,"1.24775206963092",-0.0790428376355905,0.737610799398833
23012666666,NA,NA,NA,NA,NA,NA,NA,NA,0,NA,NA,"NaN",-0.0790428376355905,0.737610799398833
23037666666,-0.0512871475915684,NA,-0.0164328356093239,2.5105473070804,1.46727666862032,NA,0.673787314114853,NA,5,0.2,0.916778261322935,"1.35006306817923",-0.0790428376355905,0.737610799398833
24002666666,NA,NA,NA,NA,NA,NA,NA,NA,0,NA,NA,"NaN",-0.0790428376355905,0.737610799398833
24003666666,0.635591151542161,NA,1.01966476387705,1.50181715332793,1.64832864918352,NA,0.864971677170601,NA,5,0.2,1.13407467902025,"1.6446580197098",-0.0790428376355905,0.737610799398833
25039666666,NA,NA,NA,NA,NA,NA,NA,NA,0,NA,NA,"NaN",-0.0790428376355905,0.737610799398833
25042666666,NA,NA,0.890152563941255,-0.0112780773007613,1.14138310360655,NA,NA,NA,3,0.333333333333333,0.673419196749014,"1.02013424287968",-0.0790428376355905,0.737610799398833
25043666666,0.463871576758728,NA,0.307347664230169,1.04330344707681,1.28622468805711,NA,NA,NA,4,0.25,0.775186844030706,"1.1581035450708",-0.0790428376355905,0.737610799398833
26002666666,NA,NA,NA,NA,NA,NA,NA,NA,0,NA,NA,"NaN",-0.0790428376355905,0.737610799398833
26004666666,0.979030301109026,NA,0.69588426403756,1.41011441207771,2.19148459087313,NA,-0.282997635985803,NA,5,0.2,0.998703186422325,"1.46113102592356",-0.0790428376355905,0.737610799398833
26007666666,NA,NA,1.27868916374865,NA,0.018860824114684,NA,NA,NA,2,0.5,0.648774993931664,"0.986723394180834",-0.0790428376355905,0.737610799398833
26009666666,0.463871576758728,NA,2.44429896317082,1.50181715332793,2.66221974033746,NA,0.639261921237969,NA,5,0.2,1.54229387096658,"2.19809242207895",-0.0790428376355905,0.737610799398833
26023666666,-1.08160459629216,NA,0.307347664230169,-0.790751377927665,0.308543993015811,NA,-0.146190766711148,NA,5,0.2,-0.280531016737,"-0.273163271559508",-0.0790428376355905,0.737610799398833
27003666666,NA,NA,-0.404969435416714,1.08915481770193,0.779279142480142,NA,NA,NA,3,0.333333333333333,0.487821508255118,"0.768514162689475",-0.0790428376355905,0.737610799398833
28006666666,1.06489008850074,NA,-0.599237735320409,1.3642630414526,0.779279142480142,NA,0.697955089128673,NA,5,0.2,0.661429925248349,"1.00388004553003",-0.0790428376355905,0.737610799398833
29001666666,NA,NA,NA,NA,NA,NA,NA,NA,0,NA,NA,"NaN",-0.0790428376355905,0.737610799398833
29002666666,-0.0512871475915684,NA,0.825396463973357,1.18085755895215,1.90180142197201,NA,NA,NA,4,0.25,0.964192074326486,"1.4143433268769",-0.0790428376355905,0.737610799398833
29004666666,0.120432427191864,NA,1.47295746365234,1.54766852395305,1.35864548028239,NA,-0.173811081012656,NA,5,0.2,0.865178562813398,"1.28010788510492",-0.0790428376355905,0.737610799398833
31001666666,0.549731364150444,NA,1.60246966358814,1.96033085957905,0.815489538592783,NA,NA,NA,4,0.25,1.2320053564776,"1.77742543246618",-0.0790428376355905,0.737610799398833
32005666666,0.979030301109026,NA,1.40820136368444,2.05203360082928,1.46727666862032,NA,0.361764075990011,NA,5,0.2,1.25366120204661,"1.80678488000499",-0.0790428376355905,0.737610799398833
33009666666,0.463871576758728,NA,0.631128164069661,0.263830146449911,2.01043261030993,NA,NA,NA,4,0.25,0.842315624397057,"1.24911194736245",-0.0790428376355905,0.737610799398833
33011666666,NA,NA,NA,NA,0.924120726930704,NA,NA,NA,1,1,0.924120726930704,"1.36001745823664",-0.0790428376355905,0.737610799398833
33012666666,0.292152001975297,NA,1.14917696381285,1.50181715332793,1.61211825307088,NA,0.210283914742681,NA,5,0.2,0.953109657385928,"1.39931857812107",-0.0790428376355905,0.737610799398833
33015666666,NA,NA,0.69588426403756,0.0804246639494628,1.50348706473296,NA,NA,NA,3,0.333333333333333,0.759931997573327,"1.13742211460664",-0.0790428376355905,0.737610799398833
33016666666,0.292152001975297,NA,1.27868916374865,1.08915481770193,1.57590785695824,NA,NA,NA,4,0.25,1.05897596009603,"1.54284454438455",-0.0790428376355905,0.737610799398833
33017666666,0.721450938933877,NA,1.60246966358814,2.00618223020417,1.03275191526863,NA,-0.916107027865668,NA,5,0.2,0.889349544025828,"1.31287717377603",-0.0790428376355905,0.737610799398833
33019666666,NA,NA,1.14917696381285,0.951600705826591,0.562016765804296,NA,NA,NA,3,0.333333333333333,0.887598145147912,"1.31050275236118",-0.0790428376355905,0.737610799398833
33020666666,0.807310726325593,NA,0.825396463973357,1.91447948895394,1.35864548028239,NA,NA,NA,4,0.25,1.22645803988382,"1.769904777131",-0.0790428376355905,0.737610799398833
33024666666,-0.995744808900447,NA,-1.1172865350636,0.630641111450807,0.960331123043346,NA,NA,NA,4,0.25,-0.130514777367473,"-0.0697819768553183",-0.0790428376355905,0.737610799398833
33025666666,NA,NA,NA,NA,NA,NA,NA,NA,0,NA,NA,"NaN",-0.0790428376355905,0.737610799398833
34011666666,NA,NA,NA,NA,NA,NA,NA,NA,0,NA,NA,"NaN",-0.0790428376355905,0.737610799398833
34012666666,0.20629221458358,NA,1.14917696381285,1.82277674770372,1.03275191526863,NA,0.546043360470381,NA,5,0.2,0.951408240367831,"1.39701191853923",-0.0790428376355905,0.737610799398833
34013666666,NA,NA,1.01966476387705,1.50181715332793,0.924120726930704,NA,NA,NA,3,0.333333333333333,1.1485342147119,"1.66426122468378",-0.0790428376355905,0.737610799398833
34014666666,NA,NA,NA,NA,NA,NA,NA,NA,0,NA,NA,"NaN",-0.0790428376355905,0.737610799398833
34017666666,NA,NA,-0.9877743351278,-0.286386301051433,2.01043261030993,NA,NA,NA,3,0.333333333333333,0.245423991376899,"0.439888935027708",-0.0790428376355905,0.737610799398833
34036666666,1.23660966328417,NA,0.372103764198067,1.08915481770193,1.93801181808465,NA,-0.0879291662314064,NA,5,0.2,0.909590179407482,"1.34031798049707",-0.0790428376355905,0.737610799398833
35002666666,NA,NA,0.825396463973357,1.13500618832704,1.61211825307088,NA,NA,NA,3,0.333333333333333,1.19084030179043,"1.72161679365459",-0.0790428376355905,0.737610799398833
36001666666,0.378011789367012,NA,1.21393306378075,1.31841167082749,1.43106627250768,NA,-1.13534327263388,NA,5,0.2,0.641215904769807,"0.976475321392288",-0.0790428376355905,0.737610799398833
36003666666,0.89317051371731,NA,1.27868916374865,1.82277674770372,1.5396974608456,NA,NA,NA,4,0.25,1.38358347150382,"1.98292420654833",-0.0790428376355905,0.737610799398833
36006666666,NA,NA,NA,NA,NA,NA,NA,NA,0,NA,NA,"NaN",-0.0790428376355905,0.737610799398833
36007666666,0.89317051371731,NA,1.73198186352393,1.27256030020237,1.79317023363408,NA,NA,NA,4,0.25,1.42272072776943,"2.03598370119985",-0.0790428376355905,0.737610799398833
36008666666,NA,NA,NA,NA,NA,NA,NA,NA,0,NA,NA,"NaN",-0.0790428376355905,0.737610799398833
37012666666,NA,NA,0.954908663909153,-0.790751377927665,1.97422221419729,NA,NA,NA,3,0.333333333333333,0.712793166726258,"1.07351465706198",-0.0790428376355905,0.737610799398833
37014666666,0.549731364150444,NA,-0.728749935256206,1.63937126520327,0.851699934705422,NA,0.241356768331877,NA,5,0.2,0.510681879426962,"0.799506619945355",-0.0790428376355905,0.737610799398833
38003666666,1.15074987589246,NA,1.40820136368444,1.82277674770372,1.75695983752144,NA,-0.495760369589602,NA,5,0.2,1.12858549104249,"1.63721617099739",-0.0790428376355905,0.737610799398833
38004666666,NA,NA,NA,NA,NA,NA,NA,NA,0,NA,NA,"NaN",-0.0790428376355905,0.737610799398833
39001666666,NA,NA,0.24259156426227,-0.928305489803001,0.344754389128452,NA,NA,NA,3,0.333333333333333,-0.113653178804093,"-0.0469222267308325",-0.0790428376355905,0.737610799398833
39004666666,NA,NA,NA,NA,NA,NA,NA,NA,0,NA,NA,"NaN",-0.0790428376355905,0.737610799398833
39005666666,NA,NA,NA,NA,NA,NA,NA,NA,0,NA,NA,"NaN",-0.0790428376355905,0.737610799398833
39006666666,NA,NA,1.47295746365234,1.45596578270282,1.57590785695824,NA,NA,NA,3,0.333333333333333,1.50161036777113,"2.14293663636024",-0.0790428376355905,0.737610799398833
39009666666,1.32246945067589,NA,1.99100626339553,1.96033085957905,1.46727666862032,NA,-0.0719611720258472,NA,5,0.2,1.33382441404899,"1.91546443305344",-0.0790428376355905,0.737610799398833
39012666666,1.9234879624179,NA,0.69588426403756,0.768195223326143,1.25001429194447,NA,-0.538917110685707,NA,5,0.2,0.819732926208074,"1.21849593928964",-0.0790428376355905,0.737610799398833
39013666666,NA,NA,-0.728749935256206,1.41011441207771,0.562016765804296,NA,NA,NA,3,0.333333333333333,0.4144604142086,"0.669056434974115",-0.0790428376355905,0.737610799398833
40003666666,1.06489008850074,NA,1.47295746365234,1.77692537707861,0.308543993015811,NA,0.673787314114853,NA,5,0.2,1.05942084727247,"1.5434476906194",-0.0790428376355905,0.737610799398833
41005666666,0.89317051371731,NA,0.631128164069661,0.951600705826591,-0.451874325349647,NA,NA,NA,4,0.25,0.506006264565979,"0.793167755513335",-0.0790428376355905,0.737610799398833
42011666666,NA,NA,0.69588426403756,0.538938370200583,0.706858350254859,NA,NA,NA,3,0.333333333333333,0.647226994831001,"0.984624727645684",-0.0790428376355905,0.737610799398833
42029666666,1.66590860024276,NA,0.566372064101763,1.3642630414526,1.61211825307088,NA,0.755353554786492,NA,5,0.2,1.1928031027309,"1.72427781887557",-0.0790428376355905,0.737610799398833
43002666666,NA,NA,0.372103764198067,0.951600705826591,0.960331123043346,NA,NA,NA,3,0.333333333333333,0.761345197689335,"1.13933803031335",-0.0790428376355905,0.737610799398833
43005666666,NA,NA,0.307347664230169,0.126276034574575,0.815489538592783,NA,NA,NA,3,0.333333333333333,0.416371079132509,"0.671646777910344",-0.0790428376355905,0.737610799398833
44013666666,0.463871576758728,NA,2.05576236336343,1.82277674770372,1.61211825307088,NA,-0.0348463746831973,NA,5,0.2,1.18393651324271,"1.71225713060011",-0.0790428376355905,0.737610799398833
44016666666,0.120432427191864,NA,1.79673796349183,1.3642630414526,2.40874696754898,NA,-0.567400559809138,NA,5,0.2,1.02455596797523,"1.49618037928711",-0.0790428376355905,0.737610799398833
44017666666,NA,NA,1.40820136368444,1.86862811832883,1.57590785695824,NA,NA,NA,3,0.333333333333333,1.6175791129905,"2.30015877209075",-0.0790428376355905,0.737610799398833
44018666666,-0.137146934983285,NA,0.0483232643585746,2.18958771270461,1.7207494414088,NA,1.45104022125571,NA,5,0.2,1.05451074094888,"1.53679091942301",-0.0790428376355905,0.737610799398833
45060666666,NA,NA,0.501615964133864,0.493086999575471,0.7430687463675,NA,NA,NA,3,0.333333333333333,0.579257236692278,"0.89247618780039",-0.0790428376355905,0.737610799398833
45066666666,2.26692711198477,NA,1.79673796349183,2.69395278958085,2.44495736366162,NA,0.358743104113284,NA,5,0.2,1.91226366656647,"2.69967102681389",-0.0790428376355905,0.737610799398833
45068666666,NA,NA,NA,NA,NA,NA,NA,NA,0,NA,NA,"NaN",-0.0790428376355905,0.737610799398833
45069666666,NA,NA,NA,NA,NA,NA,NA,NA,0,NA,NA,"NaN",-0.0790428376355905,0.737610799398833
45070666666,NA,NA,NA,NA,NA,NA,NA,NA,0,NA,NA,"NaN",-0.0790428376355905,0.737610799398833
45074666666,1.58004881285104,NA,2.25003066326712,2.1437363420795,1.03275191526863,NA,0.174895387043875,NA,5,0.2,1.43629262410203,"2.0543835081762",-0.0790428376355905,0.737610799398833
45086666666,-0.137146934983285,NA,0.760640364005458,1.50181715332793,1.32243508416975,NA,NA,NA,4,0.25,0.861936416629965,"1.27571241504662",-0.0790428376355905,0.737610799398833
45090666666,-0.566445871941866,NA,1.14917696381285,1.73107400645349,1.64832864918352,NA,0.452824799702794,NA,5,0.2,0.882991709442158,"1.30425767608314",-0.0790428376355905,0.737610799398833
46002666666,2.52450647415992,NA,0.436859864165966,1.91447948895394,1.14138310360655,NA,-1.01407283015383,NA,5,0.2,1.00063122014651,"1.46374491623774",-0.0790428376355905,0.737610799398833
47001666666,NA,NA,0.631128164069661,0.814046593951255,1.43106627250768,NA,NA,NA,3,0.333333333333333,0.958747010176197,"1.40696129809597",-0.0790428376355905,0.737610799398833
49001666666,NA,NA,NA,NA,NA,NA,NA,NA,0,NA,NA,"NaN",-0.0790428376355905,0.737610799398833
49006666666,NA,NA,1.66722576355604,0.951600705826591,1.32243508416975,NA,NA,NA,3,0.333333333333333,1.31375385118413,"1.88825419849448",-0.0790428376355905,0.737610799398833
49008666666,NA,NA,NA,NA,NA,NA,NA,NA,0,NA,NA,"NaN",-0.0790428376355905,0.737610799398833
49010666666,-0.652305659333582,NA,1.01966476387705,2.1437363420795,1.86559102585937,NA,0.318607334893906,NA,5,0.2,0.939058761475249,"1.38026937775397",-0.0790428376355905,0.737610799398833
49011666666,0.89317051371731,NA,1.08442086384495,1.91447948895394,1.17759349971919,NA,-0.224304468095099,NA,5,0.2,0.969071979628058,"1.42095915368631",-0.0790428376355905,0.737610799398833
50005666666,NA,NA,NA,NA,NA,NA,NA,NA,0,NA,NA,"NaN",-0.0790428376355905,0.737610799398833
50011666666,NA,NA,-0.728749935256206,-0.423940412926769,1.39485587639504,NA,NA,NA,3,0.333333333333333,0.0807218427373533,"0.216597534232355",-0.0790428376355905,0.737610799398833
50030666666,0.292152001975297,NA,0.825396463973357,2.46469593645529,1.43106627250768,NA,-1.52375394249883,NA,5,0.2,0.697911346482557,"1.05333894887572",-0.0790428376355905,0.737610799398833
51002666666,NA,NA,0.760640364005458,0.355532887700135,1.50348706473296,NA,NA,NA,3,0.333333333333333,0.873220105479517,"1.29101003387046",-0.0790428376355905,0.737610799398833
51003666666,NA,NA,0.954908663909153,1.3642630414526,0.562016765804296,NA,NA,NA,3,0.333333333333333,0.960396157055349,"1.40919709355951",-0.0790428376355905,0.737610799398833
51004666666,0.0345726398001479,NA,1.99100626339553,1.18085755895215,2.11906379864785,NA,NA,NA,4,0.25,1.33137506519892,"1.91214378095335",-0.0790428376355905,0.737610799398833
51005666666,0.292152001975297,NA,0.501615964133864,0.217978775824799,1.39485587639504,NA,NA,NA,4,0.25,0.601650654582249,"0.922835583172884",-0.0790428376355905,0.737610799398833
52002666666,NA,NA,NA,NA,-0.777767890363414,NA,NA,NA,1,1,-0.777767890363414,"-0.947281484079812",-0.0790428376355905,0.737610799398833
52003666666,0.378011789367012,NA,1.14917696381285,0.538938370200583,0.779279142480142,NA,0.192158083482318,NA,5,0.2,0.607512869868581,"0.930783155647568",-0.0790428376355905,0.737610799398833
52004666666,-0.48058608455015,NA,1.47295746365234,1.54766852395305,2.15527419476049,NA,NA,NA,4,0.25,1.17382852445393,"1.69855344188376",-0.0790428376355905,0.737610799398833
53004666666,NA,NA,0.501615964133864,0.355532887700135,1.75695983752144,NA,NA,NA,3,0.333333333333333,0.871369563118481,"1.28850120080763",-0.0790428376355905,0.737610799398833
53005666666,NA,NA,NA,NA,NA,NA,NA,NA,0,NA,NA,"NaN",-0.0790428376355905,0.737610799398833
