"State","Measure ID","Measure Name","Score","Footnote","Start Date","End Date"
AK,HAI_1_CILOWER,Central Line Associated Bloodstream Infection (ICU + select Wards): Lower Confidence Limit,0.430,,07/01/2024,06/30/2025
AK,HAI_1_CIUPPER,Central Line Associated Bloodstream Infection (ICU + select Wards): Upper Confidence Limit,1.063,,07/01/2024,06/30/2025
AK,HAI_1_SIR,Central Line Associated Bloodstream Infection (ICU + select Wards),0.694,,07/01/2024,06/30/2025
AK,HAI_2_CILOWER,Catheter Associated Urinary Tract Infections (ICU + select Wards): Lower Confidence Limit,0.598,,07/01/2024,06/30/2025
AK,HAI_2_CIUPPER,Catheter Associated Urinary Tract Infections (ICU + select Wards): Upper Confidence Limit,1.315,,07/01/2024,06/30/2025
AK,HAI_2_SIR,Catheter Associated Urinary Tract Infections (ICU + select Wards),0.904,,07/01/2024,06/30/2025
AK,HAI_3_CILOWER,SSI - Colon Surgery: Lower Confidence Limit,0.695,,07/01/2024,06/30/2025
AK,HAI_3_CIUPPER,SSI - Colon Surgery: Upper Confidence Limit,1.678,,07/01/2024,06/30/2025
AK,HAI_3_SIR,SSI - Colon Surgery,1.106,,07/01/2024,06/30/2025
AK,HAI_4_CILOWER,SSI - Abdominal Hysterectomy: Lower Confidence Limit,0.343,,07/01/2024,06/30/2025
AK,HAI_4_CIUPPER,SSI - Abdominal Hysterectomy: Upper Confidence Limit,3.668,,07/01/2024,06/30/2025
AK,HAI_4_SIR,SSI - Abdominal Hysterectomy,1.348,,07/01/2024,06/30/2025
AK,HAI_5_CILOWER,MRSA Bacteremia: Lower Confidence Limit,0.338,,07/01/2024,06/30/2025
AK,HAI_5_CIUPPER,MRSA Bacteremia: Upper Confidence Limit,1.013,,07/01/2024,06/30/2025
AK,HAI_5_SIR,MRSA Bacteremia,0.608,,07/01/2024,06/30/2025
AK,HAI_6_CILOWER,Clostridium Difficile (C.Diff): Lower Confidence Limit,0.292,,07/01/2024,06/30/2025
AK,HAI_6_CIUPPER,Clostridium Difficile (C.Diff): Upper Confidence Limit,0.521,,07/01/2024,06/30/2025
AK,HAI_6_SIR,Clostridium Difficile (C.Diff),0.394,,07/01/2024,06/30/2025
AL,HAI_1_CILOWER,Central Line Associated Bloodstream Infection (ICU + select Wards): Lower Confidence Limit,0.630,,07/01/2024,06/30/2025
AL,HAI_1_CIUPPER,Central Line Associated Bloodstream Infection (ICU + select Wards): Upper Confidence Limit,0.823,,07/01/2024,06/30/2025
AL,HAI_1_SIR,Central Line Associated Bloodstream Infection (ICU + select Wards),0.722,,07/01/2024,06/30/2025
AL,HAI_2_CILOWER,Catheter Associated Urinary Tract Infections (ICU + select Wards): Lower Confidence Limit,0.431,,07/01/2024,06/30/2025
AL,HAI_2_CIUPPER,Catheter Associated Urinary Tract Infections (ICU + select Wards): Upper Confidence Limit,0.555,,07/01/2024,06/30/2025
AL,HAI_2_SIR,Catheter Associated Urinary Tract Infections (ICU + select Wards),0.490,,07/01/2024,06/30/2025
AL,HAI_3_CILOWER,SSI - Colon Surgery: Lower Confidence Limit,0.579,,07/01/2024,06/30/2025
AL,HAI_3_CIUPPER,SSI - Colon Surgery: Upper Confidence Limit,0.826,,07/01/2024,06/30/2025
AL,HAI_3_SIR,SSI - Colon Surgery,0.694,,07/01/2024,06/30/2025
AL,HAI_4_CILOWER,SSI - Abdominal Hysterectomy: Lower Confidence Limit,0.504,,07/01/2024,06/30/2025
AL,HAI_4_CIUPPER,SSI - Abdominal Hysterectomy: Upper Confidence Limit,0.917,,07/01/2024,06/30/2025
AL,HAI_4_SIR,SSI - Abdominal Hysterectomy,0.687,,07/01/2024,06/30/2025
AL,HAI_5_CILOWER,MRSA Bacteremia: Lower Confidence Limit,0.723,,07/01/2024,06/30/2025
AL,HAI_5_CIUPPER,MRSA Bacteremia: Upper Confidence Limit,0.966,,07/01/2024,06/30/2025
AL,HAI_5_SIR,MRSA Bacteremia,0.838,,07/01/2024,06/30/2025
AL,HAI_6_CILOWER,Clostridium Difficile (C.Diff): Lower Confidence Limit,0.444,,07/01/2024,06/30/2025
AL,HAI_6_CIUPPER,Clostridium Difficile (C.Diff): Upper Confidence Limit,0.512,,07/01/2024,06/30/2025
AL,HAI_6_SIR,Clostridium Difficile (C.Diff),0.477,,07/01/2024,06/30/2025
AR,HAI_1_CILOWER,Central Line Associated Bloodstream Infection (ICU + select Wards): Lower Confidence Limit,0.534,,07/01/2024,06/30/2025
AR,HAI_1_CIUPPER,Central Line Associated Bloodstream Infection (ICU + select Wards): Upper Confidence Limit,0.768,,07/01/2024,06/30/2025
AR,HAI_1_SIR,Central Line Associated Bloodstream Infection (ICU + select Wards),0.643,,07/01/2024,06/30/2025
AR,HAI_2_CILOWER,Catheter Associated Urinary Tract Infections (ICU + select Wards): Lower Confidence Limit,0.372,,07/01/2024,06/30/2025
AR,HAI_2_CIUPPER,Catheter Associated Urinary Tract Infections (ICU + select Wards): Upper Confidence Limit,0.539,,07/01/2024,06/30/2025
AR,HAI_2_SIR,Catheter Associated Urinary Tract Infections (ICU + select Wards),0.449,,07/01/2024,06/30/2025
AR,HAI_3_CILOWER,SSI - Colon Surgery: Lower Confidence Limit,0.674,,07/01/2024,06/30/2025
AR,HAI_3_CIUPPER,SSI - Colon Surgery: Upper Confidence Limit,1.043,,07/01/2024,06/30/2025
AR,HAI_3_SIR,SSI - Colon Surgery,0.844,,07/01/2024,06/30/2025
AR,HAI_4_CILOWER,SSI - Abdominal Hysterectomy: Lower Confidence Limit,0.975,,07/01/2024,06/30/2025
AR,HAI_4_CIUPPER,SSI - Abdominal Hysterectomy: Upper Confidence Limit,2.051,,07/01/2024,06/30/2025
AR,HAI_4_SIR,SSI - Abdominal Hysterectomy,1.438,,07/01/2024,06/30/2025
AR,HAI_5_CILOWER,MRSA Bacteremia: Lower Confidence Limit,0.780,,07/01/2024,06/30/2025
AR,HAI_5_CIUPPER,MRSA Bacteremia: Upper Confidence Limit,1.160,,07/01/2024,06/30/2025
AR,HAI_5_SIR,MRSA Bacteremia,0.956,,07/01/2024,06/30/2025
AR,HAI_6_CILOWER,Clostridium Difficile (C.Diff): Lower Confidence Limit,0.296,,07/01/2024,06/30/2025
AR,HAI_6_CIUPPER,Clostridium Difficile (C.Diff): Upper Confidence Limit,0.381,,07/01/2024,06/30/2025
AR,HAI_6_SIR,Clostridium Difficile (C.Diff),0.336,,07/01/2024,06/30/2025
AS,HAI_1_CILOWER,Central Line Associated Bloodstream Infection (ICU + select Wards): Lower Confidence Limit,Not Available,5,07/01/2024,06/30/2025
AS,HAI_1_CIUPPER,Central Line Associated Bloodstream Infection (ICU + select Wards): Upper Confidence Limit,Not Available,5,07/01/2024,06/30/2025
AS,HAI_1_SIR,Central Line Associated Bloodstream Infection (ICU + select Wards),Not Available,5,07/01/2024,06/30/2025
AS,HAI_2_CILOWER,Catheter Associated Urinary Tract Infections (ICU + select Wards): Lower Confidence Limit,Not Available,5,07/01/2024,06/30/2025
AS,HAI_2_CIUPPER,Catheter Associated Urinary Tract Infections (ICU + select Wards): Upper Confidence Limit,Not Available,5,07/01/2024,06/30/2025
AS,HAI_2_SIR,Catheter Associated Urinary Tract Infections (ICU + select Wards),Not Available,5,07/01/2024,06/30/2025
AS,HAI_3_CILOWER,SSI - Colon Surgery: Lower Confidence Limit,Not Available,5,07/01/2024,06/30/2025
AS,HAI_3_CIUPPER,SSI - Colon Surgery: Upper Confidence Limit,Not Available,5,07/01/2024,06/30/2025
AS,HAI_3_SIR,SSI - Colon Surgery,Not Available,5,07/01/2024,06/30/2025
AS,HAI_4_CILOWER,SSI - Abdominal Hysterectomy: Lower Confidence Limit,Not Available,5,07/01/2024,06/30/2025
AS,HAI_4_CIUPPER,SSI - Abdominal Hysterectomy: Upper Confidence Limit,Not Available,5,07/01/2024,06/30/2025
AS,HAI_4_SIR,SSI - Abdominal Hysterectomy,Not Available,5,07/01/2024,06/30/2025
AS,HAI_5_CILOWER,MRSA Bacteremia: Lower Confidence Limit,Not Available,5,07/01/2024,06/30/2025
AS,HAI_5_CIUPPER,MRSA Bacteremia: Upper Confidence Limit,Not Available,5,07/01/2024,06/30/2025
AS,HAI_5_SIR,MRSA Bacteremia,Not Available,5,07/01/2024,06/30/2025
AS,HAI_6_CILOWER,Clostridium Difficile (C.Diff): Lower Confidence Limit,Not Available,5,07/01/2024,06/30/2025
AS,HAI_6_CIUPPER,Clostridium Difficile (C.Diff): Upper Confidence Limit,Not Available,5,07/01/2024,06/30/2025
AS,HAI_6_SIR,Clostridium Difficile (C.Diff),Not Available,5,07/01/2024,06/30/2025
AZ,HAI_1_CILOWER,Central Line Associated Bloodstream Infection (ICU + select Wards): Lower Confidence Limit,0.481,,07/01/2024,06/30/2025
AZ,HAI_1_CIUPPER,Central Line Associated Bloodstream Infection (ICU + select Wards): Upper Confidence Limit,0.638,,07/01/2024,06/30/2025
AZ,HAI_1_SIR,Central Line Associated Bloodstream Infection (ICU + select Wards),0.556,,07/01/2024,06/30/2025
AZ,HAI_2_CILOWER,Catheter Associated Urinary Tract Infections (ICU + select Wards): Lower Confidence Limit,0.360,,07/01/2024,06/30/2025
AZ,HAI_2_CIUPPER,Catheter Associated Urinary Tract Infections (ICU + select Wards): Upper Confidence Limit,0.487,,07/01/2024,06/30/2025
AZ,HAI_2_SIR,Catheter Associated Urinary Tract Infections (ICU + select Wards),0.420,,07/01/2024,06/30/2025
AZ,HAI_3_CILOWER,SSI - Colon Surgery: Lower Confidence Limit,0.823,,07/01/2024,06/30/2025
AZ,HAI_3_CIUPPER,SSI - Colon Surgery: Upper Confidence Limit,1.092,,07/01/2024,06/30/2025
AZ,HAI_3_SIR,SSI - Colon Surgery,0.951,,07/01/2024,06/30/2025
AZ,HAI_4_CILOWER,SSI - Abdominal Hysterectomy: Lower Confidence Limit,0.722,,07/01/2024,06/30/2025
AZ,HAI_4_CIUPPER,SSI - Abdominal Hysterectomy: Upper Confidence Limit,1.366,,07/01/2024,06/30/2025
AZ,HAI_4_SIR,SSI - Abdominal Hysterectomy,1.006,,07/01/2024,06/30/2025
AZ,HAI_5_CILOWER,MRSA Bacteremia: Lower Confidence Limit,0.435,,07/01/2024,06/30/2025
AZ,HAI_5_CIUPPER,MRSA Bacteremia: Upper Confidence Limit,0.643,,07/01/2024,06/30/2025
AZ,HAI_5_SIR,MRSA Bacteremia,0.531,,07/01/2024,06/30/2025
AZ,HAI_6_CILOWER,Clostridium Difficile (C.Diff): Lower Confidence Limit,0.346,,07/01/2024,06/30/2025
AZ,HAI_6_CIUPPER,Clostridium Difficile (C.Diff): Upper Confidence Limit,0.403,,07/01/2024,06/30/2025
AZ,HAI_6_SIR,Clostridium Difficile (C.Diff),0.374,,07/01/2024,06/30/2025
CA,HAI_1_CILOWER,Central Line Associated Bloodstream Infection (ICU + select Wards): Lower Confidence Limit,0.533,,07/01/2024,06/30/2025
CA,HAI_1_CIUPPER,Central Line Associated Bloodstream Infection (ICU + select Wards): Upper Confidence Limit,0.604,,07/01/2024,06/30/2025
CA,HAI_1_SIR,Central Line Associated Bloodstream Infection (ICU + select Wards),0.568,,07/01/2024,06/30/2025
CA,HAI_2_CILOWER,Catheter Associated Urinary Tract Infections (ICU + select Wards): Lower Confidence Limit,0.518,,07/01/2024,06/30/2025
CA,HAI_2_CIUPPER,Catheter Associated Urinary Tract Infections (ICU + select Wards): Upper Confidence Limit,0.585,,07/01/2024,06/30/2025
CA,HAI_2_SIR,Catheter Associated Urinary Tract Infections (ICU + select Wards),0.551,,07/01/2024,06/30/2025
CA,HAI_3_CILOWER,SSI - Colon Surgery: Lower Confidence Limit,0.760,,07/01/2024,06/30/2025
CA,HAI_3_CIUPPER,SSI - Colon Surgery: Upper Confidence Limit,0.885,,07/01/2024,06/30/2025
CA,HAI_3_SIR,SSI - Colon Surgery,0.820,,07/01/2024,06/30/2025
CA,HAI_4_CILOWER,SSI - Abdominal Hysterectomy: Lower Confidence Limit,0.791,,07/01/2024,06/30/2025
CA,HAI_4_CIUPPER,SSI - Abdominal Hysterectomy: Upper Confidence Limit,1.099,,07/01/2024,06/30/2025
CA,HAI_4_SIR,SSI - Abdominal Hysterectomy,0.936,,07/01/2024,06/30/2025
CA,HAI_5_CILOWER,MRSA Bacteremia: Lower Confidence Limit,0.641,,07/01/2024,06/30/2025
CA,HAI_5_CIUPPER,MRSA Bacteremia: Upper Confidence Limit,0.747,,07/01/2024,06/30/2025
CA,HAI_5_SIR,MRSA Bacteremia,0.692,,07/01/2024,06/30/2025
CA,HAI_6_CILOWER,Clostridium Difficile (C.Diff): Lower Confidence Limit,0.357,,07/01/2024,06/30/2025
CA,HAI_6_CIUPPER,Clostridium Difficile (C.Diff): Upper Confidence Limit,0.383,,07/01/2024,06/30/2025
CA,HAI_6_SIR,Clostridium Difficile (C.Diff),0.370,,07/01/2024,06/30/2025
CO,HAI_1_CILOWER,Central Line Associated Bloodstream Infection (ICU + select Wards): Lower Confidence Limit,0.383,,07/01/2024,06/30/2025
CO,HAI_1_CIUPPER,Central Line Associated Bloodstream Infection (ICU + select Wards): Upper Confidence Limit,0.562,,07/01/2024,06/30/2025
CO,HAI_1_SIR,Central Line Associated Bloodstream Infection (ICU + select Wards),0.466,,07/01/2024,06/30/2025
CO,HAI_2_CILOWER,Catheter Associated Urinary Tract Infections (ICU + select Wards): Lower Confidence Limit,0.365,,07/01/2024,06/30/2025
CO,HAI_2_CIUPPER,Catheter Associated Urinary Tract Infections (ICU + select Wards): Upper Confidence Limit,0.528,,07/01/2024,06/30/2025
CO,HAI_2_SIR,Catheter Associated Urinary Tract Infections (ICU + select Wards),0.441,,07/01/2024,06/30/2025
CO,HAI_3_CILOWER,SSI - Colon Surgery: Lower Confidence Limit,0.659,,07/01/2024,06/30/2025
CO,HAI_3_CIUPPER,SSI - Colon Surgery: Upper Confidence Limit,0.942,,07/01/2024,06/30/2025
CO,HAI_3_SIR,SSI - Colon Surgery,0.791,,07/01/2024,06/30/2025
CO,HAI_4_CILOWER,SSI - Abdominal Hysterectomy: Lower Confidence Limit,0.832,,07/01/2024,06/30/2025
CO,HAI_4_CIUPPER,SSI - Abdominal Hysterectomy: Upper Confidence Limit,1.563,,07/01/2024,06/30/2025
CO,HAI_4_SIR,SSI - Abdominal Hysterectomy,1.155,,07/01/2024,06/30/2025
CO,HAI_5_CILOWER,MRSA Bacteremia: Lower Confidence Limit,0.352,,07/01/2024,06/30/2025
CO,HAI_5_CIUPPER,MRSA Bacteremia: Upper Confidence Limit,0.590,,07/01/2024,06/30/2025
CO,HAI_5_SIR,MRSA Bacteremia,0.459,,07/01/2024,06/30/2025
CO,HAI_6_CILOWER,Clostridium Difficile (C.Diff): Lower Confidence Limit,0.267,,07/01/2024,06/30/2025
CO,HAI_6_CIUPPER,Clostridium Difficile (C.Diff): Upper Confidence Limit,0.331,,07/01/2024,06/30/2025
CO,HAI_6_SIR,Clostridium Difficile (C.Diff),0.298,,07/01/2024,06/30/2025
CT,HAI_1_CILOWER,Central Line Associated Bloodstream Infection (ICU + select Wards): Lower Confidence Limit,0.382,,07/01/2024,06/30/2025
CT,HAI_1_CIUPPER,Central Line Associated Bloodstream Infection (ICU + select Wards): Upper Confidence Limit,0.575,,07/01/2024,06/30/2025
CT,HAI_1_SIR,Central Line Associated Bloodstream Infection (ICU + select Wards),0.471,,07/01/2024,06/30/2025
CT,HAI_2_CILOWER,Catheter Associated Urinary Tract Infections (ICU + select Wards): Lower Confidence Limit,0.237,,07/01/2024,06/30/2025
CT,HAI_2_CIUPPER,Catheter Associated Urinary Tract Infections (ICU + select Wards): Upper Confidence Limit,0.380,,07/01/2024,06/30/2025
CT,HAI_2_SIR,Catheter Associated Urinary Tract Infections (ICU + select Wards),0.302,,07/01/2024,06/30/2025
CT,HAI_3_CILOWER,SSI - Colon Surgery: Lower Confidence Limit,0.712,,07/01/2024,06/30/2025
CT,HAI_3_CIUPPER,SSI - Colon Surgery: Upper Confidence Limit,1.098,,07/01/2024,06/30/2025
CT,HAI_3_SIR,SSI - Colon Surgery,0.889,,07/01/2024,06/30/2025
CT,HAI_4_CILOWER,SSI - Abdominal Hysterectomy: Lower Confidence Limit,0.334,,07/01/2024,06/30/2025
CT,HAI_4_CIUPPER,SSI - Abdominal Hysterectomy: Upper Confidence Limit,1.002,,07/01/2024,06/30/2025
CT,HAI_4_SIR,SSI - Abdominal Hysterectomy,0.601,,07/01/2024,06/30/2025
CT,HAI_5_CILOWER,MRSA Bacteremia: Lower Confidence Limit,0.403,,07/01/2024,06/30/2025
CT,HAI_5_CIUPPER,MRSA Bacteremia: Upper Confidence Limit,0.655,,07/01/2024,06/30/2025
CT,HAI_5_SIR,MRSA Bacteremia,0.518,,07/01/2024,06/30/2025
CT,HAI_6_CILOWER,Clostridium Difficile (C.Diff): Lower Confidence Limit,0.294,,07/01/2024,06/30/2025
CT,HAI_6_CIUPPER,Clostridium Difficile (C.Diff): Upper Confidence Limit,0.370,,07/01/2024,06/30/2025
CT,HAI_6_SIR,Clostridium Difficile (C.Diff),0.330,,07/01/2024,06/30/2025
DC,HAI_1_CILOWER,Central Line Associated Bloodstream Infection (ICU + select Wards): Lower Confidence Limit,0.748,,07/01/2024,06/30/2025
DC,HAI_1_CIUPPER,Central Line Associated Bloodstream Infection (ICU + select Wards): Upper Confidence Limit,1.205,,07/01/2024,06/30/2025
DC,HAI_1_SIR,Central Line Associated Bloodstream Infection (ICU + select Wards),0.956,,07/01/2024,06/30/2025
DC,HAI_2_CILOWER,Catheter Associated Urinary Tract Infections (ICU + select Wards): Lower Confidence Limit,0.161,,07/01/2024,06/30/2025
DC,HAI_2_CIUPPER,Catheter Associated Urinary Tract Infections (ICU + select Wards): Upper Confidence Limit,0.366,,07/01/2024,06/30/2025
DC,HAI_2_SIR,Catheter Associated Urinary Tract Infections (ICU + select Wards),0.248,,07/01/2024,06/30/2025
DC,HAI_3_CILOWER,SSI - Colon Surgery: Lower Confidence Limit,0.282,,07/01/2024,06/30/2025
DC,HAI_3_CIUPPER,SSI - Colon Surgery: Upper Confidence Limit,0.812,,07/01/2024,06/30/2025
DC,HAI_3_SIR,SSI - Colon Surgery,0.496,,07/01/2024,06/30/2025
DC,HAI_4_CILOWER,SSI - Abdominal Hysterectomy: Lower Confidence Limit,0.621,,07/01/2024,06/30/2025
DC,HAI_4_CIUPPER,SSI - Abdominal Hysterectomy: Upper Confidence Limit,2.540,,07/01/2024,06/30/2025
DC,HAI_4_SIR,SSI - Abdominal Hysterectomy,1.338,,07/01/2024,06/30/2025
DC,HAI_5_CILOWER,MRSA Bacteremia: Lower Confidence Limit,0.579,,07/01/2024,06/30/2025
DC,HAI_5_CIUPPER,MRSA Bacteremia: Upper Confidence Limit,1.079,,07/01/2024,06/30/2025
DC,HAI_5_SIR,MRSA Bacteremia,0.800,,07/01/2024,06/30/2025
DC,HAI_6_CILOWER,Clostridium Difficile (C.Diff): Lower Confidence Limit,0.325,,07/01/2024,06/30/2025
DC,HAI_6_CIUPPER,Clostridium Difficile (C.Diff): Upper Confidence Limit,0.449,,07/01/2024,06/30/2025
DC,HAI_6_SIR,Clostridium Difficile (C.Diff),0.383,,07/01/2024,06/30/2025
DE,HAI_1_CILOWER,Central Line Associated Bloodstream Infection (ICU + select Wards): Lower Confidence Limit,0.368,,07/01/2024,06/30/2025
DE,HAI_1_CIUPPER,Central Line Associated Bloodstream Infection (ICU + select Wards): Upper Confidence Limit,0.754,,07/01/2024,06/30/2025
DE,HAI_1_SIR,Central Line Associated Bloodstream Infection (ICU + select Wards),0.535,,07/01/2024,06/30/2025
DE,HAI_2_CILOWER,Catheter Associated Urinary Tract Infections (ICU + select Wards): Lower Confidence Limit,0.383,,07/01/2024,06/30/2025
DE,HAI_2_CIUPPER,Catheter Associated Urinary Tract Infections (ICU + select Wards): Upper Confidence Limit,0.818,,07/01/2024,06/30/2025
DE,HAI_2_SIR,Catheter Associated Urinary Tract Infections (ICU + select Wards),0.570,,07/01/2024,06/30/2025
DE,HAI_3_CILOWER,SSI - Colon Surgery: Lower Confidence Limit,0.477,,07/01/2024,06/30/2025
DE,HAI_3_CIUPPER,SSI - Colon Surgery: Upper Confidence Limit,1.067,,07/01/2024,06/30/2025
DE,HAI_3_SIR,SSI - Colon Surgery,0.728,,07/01/2024,06/30/2025
DE,HAI_4_CILOWER,SSI - Abdominal Hysterectomy: Lower Confidence Limit,Not Available,5,07/01/2024,06/30/2025
DE,HAI_4_CIUPPER,SSI - Abdominal Hysterectomy: Upper Confidence Limit,0.809,,07/01/2024,06/30/2025
DE,HAI_4_SIR,SSI - Abdominal Hysterectomy,0.000,,07/01/2024,06/30/2025
DE,HAI_5_CILOWER,MRSA Bacteremia: Lower Confidence Limit,0.495,,07/01/2024,06/30/2025
DE,HAI_5_CIUPPER,MRSA Bacteremia: Upper Confidence Limit,1.042,,07/01/2024,06/30/2025
DE,HAI_5_SIR,MRSA Bacteremia,0.731,,07/01/2024,06/30/2025
DE,HAI_6_CILOWER,Clostridium Difficile (C.Diff): Lower Confidence Limit,0.348,,07/01/2024,06/30/2025
DE,HAI_6_CIUPPER,Clostridium Difficile (C.Diff): Upper Confidence Limit,0.512,,07/01/2024,06/30/2025
DE,HAI_6_SIR,Clostridium Difficile (C.Diff),0.424,,07/01/2024,06/30/2025
FL,HAI_1_CILOWER,Central Line Associated Bloodstream Infection (ICU + select Wards): Lower Confidence Limit,0.430,,07/01/2024,06/30/2025
FL,HAI_1_CIUPPER,Central Line Associated Bloodstream Infection (ICU + select Wards): Upper Confidence Limit,0.508,,07/01/2024,06/30/2025
FL,HAI_1_SIR,Central Line Associated Bloodstream Infection (ICU + select Wards),0.468,,07/01/2024,06/30/2025
FL,HAI_2_CILOWER,Catheter Associated Urinary Tract Infections (ICU + select Wards): Lower Confidence Limit,0.272,,07/01/2024,06/30/2025
FL,HAI_2_CIUPPER,Catheter Associated Urinary Tract Infections (ICU + select Wards): Upper Confidence Limit,0.332,,07/01/2024,06/30/2025
FL,HAI_2_SIR,Catheter Associated Urinary Tract Infections (ICU + select Wards),0.301,,07/01/2024,06/30/2025
FL,HAI_3_CILOWER,SSI - Colon Surgery: Lower Confidence Limit,0.581,,07/01/2024,06/30/2025
FL,HAI_3_CIUPPER,SSI - Colon Surgery: Upper Confidence Limit,0.698,,07/01/2024,06/30/2025
FL,HAI_3_SIR,SSI - Colon Surgery,0.637,,07/01/2024,06/30/2025
FL,HAI_4_CILOWER,SSI - Abdominal Hysterectomy: Lower Confidence Limit,0.803,,07/01/2024,06/30/2025
FL,HAI_4_CIUPPER,SSI - Abdominal Hysterectomy: Upper Confidence Limit,1.114,,07/01/2024,06/30/2025
FL,HAI_4_SIR,SSI - Abdominal Hysterectomy,0.949,,07/01/2024,06/30/2025
FL,HAI_5_CILOWER,MRSA Bacteremia: Lower Confidence Limit,0.682,,07/01/2024,06/30/2025
FL,HAI_5_CIUPPER,MRSA Bacteremia: Upper Confidence Limit,0.798,,07/01/2024,06/30/2025
FL,HAI_5_SIR,MRSA Bacteremia,0.738,,07/01/2024,06/30/2025
FL,HAI_6_CILOWER,Clostridium Difficile (C.Diff): Lower Confidence Limit,0.212,,07/01/2024,06/30/2025
FL,HAI_6_CIUPPER,Clostridium Difficile (C.Diff): Upper Confidence Limit,0.234,,07/01/2024,06/30/2025
FL,HAI_6_SIR,Clostridium Difficile (C.Diff),0.223,,07/01/2024,06/30/2025
GA,HAI_1_CILOWER,Central Line Associated Bloodstream Infection (ICU + select Wards): Lower Confidence Limit,0.563,,07/01/2024,06/30/2025
GA,HAI_1_CIUPPER,Central Line Associated Bloodstream Infection (ICU + select Wards): Upper Confidence Limit,0.682,,07/01/2024,06/30/2025
GA,HAI_1_SIR,Central Line Associated Bloodstream Infection (ICU + select Wards),0.620,,07/01/2024,06/30/2025
GA,HAI_2_CILOWER,Catheter Associated Urinary Tract Infections (ICU + select Wards): Lower Confidence Limit,0.362,,07/01/2024,06/30/2025
GA,HAI_2_CIUPPER,Catheter Associated Urinary Tract Infections (ICU + select Wards): Upper Confidence Limit,0.455,,07/01/2024,06/30/2025
GA,HAI_2_SIR,Catheter Associated Urinary Tract Infections (ICU + select Wards),0.407,,07/01/2024,06/30/2025
GA,HAI_3_CILOWER,SSI - Colon Surgery: Lower Confidence Limit,0.938,,07/01/2024,06/30/2025
GA,HAI_3_CIUPPER,SSI - Colon Surgery: Upper Confidence Limit,1.166,,07/01/2024,06/30/2025
GA,HAI_3_SIR,SSI - Colon Surgery,1.048,,07/01/2024,06/30/2025
GA,HAI_4_CILOWER,SSI - Abdominal Hysterectomy: Lower Confidence Limit,1.282,,07/01/2024,06/30/2025
GA,HAI_4_CIUPPER,SSI - Abdominal Hysterectomy: Upper Confidence Limit,1.783,,07/01/2024,06/30/2025
GA,HAI_4_SIR,SSI - Abdominal Hysterectomy,1.517,,07/01/2024,06/30/2025
GA,HAI_5_CILOWER,MRSA Bacteremia: Lower Confidence Limit,0.637,,07/01/2024,06/30/2025
GA,HAI_5_CIUPPER,MRSA Bacteremia: Upper Confidence Limit,0.805,,07/01/2024,06/30/2025
GA,HAI_5_SIR,MRSA Bacteremia,0.717,,07/01/2024,06/30/2025
GA,HAI_6_CILOWER,Clostridium Difficile (C.Diff): Lower Confidence Limit,0.250,,07/01/2024,06/30/2025
GA,HAI_6_CIUPPER,Clostridium Difficile (C.Diff): Upper Confidence Limit,0.289,,07/01/2024,06/30/2025
GA,HAI_6_SIR,Clostridium Difficile (C.Diff),0.269,,07/01/2024,06/30/2025
GU,HAI_1_CILOWER,Central Line Associated Bloodstream Infection (ICU + select Wards): Lower Confidence Limit,Not Available,5,07/01/2024,06/30/2025
GU,HAI_1_CIUPPER,Central Line Associated Bloodstream Infection (ICU + select Wards): Upper Confidence Limit,Not Available,5,07/01/2024,06/30/2025
GU,HAI_1_SIR,Central Line Associated Bloodstream Infection (ICU + select Wards),Not Available,5,07/01/2024,06/30/2025
GU,HAI_2_CILOWER,Catheter Associated Urinary Tract Infections (ICU + select Wards): Lower Confidence Limit,Not Available,5,07/01/2024,06/30/2025
GU,HAI_2_CIUPPER,Catheter Associated Urinary Tract Infections (ICU + select Wards): Upper Confidence Limit,Not Available,5,07/01/2024,06/30/2025
GU,HAI_2_SIR,Catheter Associated Urinary Tract Infections (ICU + select Wards),Not Available,5,07/01/2024,06/30/2025
GU,HAI_3_CILOWER,SSI - Colon Surgery: Lower Confidence Limit,Not Available,5,07/01/2024,06/30/2025
GU,HAI_3_CIUPPER,SSI - Colon Surgery: Upper Confidence Limit,Not Available,5,07/01/2024,06/30/2025
GU,HAI_3_SIR,SSI - Colon Surgery,Not Available,5,07/01/2024,06/30/2025
GU,HAI_4_CILOWER,SSI - Abdominal Hysterectomy: Lower Confidence Limit,Not Available,5,07/01/2024,06/30/2025
GU,HAI_4_CIUPPER,SSI - Abdominal Hysterectomy: Upper Confidence Limit,Not Available,5,07/01/2024,06/30/2025
GU,HAI_4_SIR,SSI - Abdominal Hysterectomy,Not Available,5,07/01/2024,06/30/2025
GU,HAI_5_CILOWER,MRSA Bacteremia: Lower Confidence Limit,Not Available,5,07/01/2024,06/30/2025
GU,HAI_5_CIUPPER,MRSA Bacteremia: Upper Confidence Limit,Not Available,5,07/01/2024,06/30/2025
GU,HAI_5_SIR,MRSA Bacteremia,Not Available,5,07/01/2024,06/30/2025
GU,HAI_6_CILOWER,Clostridium Difficile (C.Diff): Lower Confidence Limit,Not Available,5,07/01/2024,06/30/2025
GU,HAI_6_CIUPPER,Clostridium Difficile (C.Diff): Upper Confidence Limit,Not Available,5,07/01/2024,06/30/2025
GU,HAI_6_SIR,Clostridium Difficile (C.Diff),Not Available,5,07/01/2024,06/30/2025
HI,HAI_1_CILOWER,Central Line Associated Bloodstream Infection (ICU + select Wards): Lower Confidence Limit,0.338,,07/01/2024,06/30/2025
HI,HAI_1_CIUPPER,Central Line Associated Bloodstream Infection (ICU + select Wards): Upper Confidence Limit,0.686,,07/01/2024,06/30/2025
HI,HAI_1_SIR,Central Line Associated Bloodstream Infection (ICU + select Wards),0.489,,07/01/2024,06/30/2025
HI,HAI_2_CILOWER,Catheter Associated Urinary Tract Infections (ICU + select Wards): Lower Confidence Limit,0.521,,07/01/2024,06/30/2025
HI,HAI_2_CIUPPER,Catheter Associated Urinary Tract Infections (ICU + select Wards): Upper Confidence Limit,0.924,,07/01/2024,06/30/2025
HI,HAI_2_SIR,Catheter Associated Urinary Tract Infections (ICU + select Wards),0.701,,07/01/2024,06/30/2025
HI,HAI_3_CILOWER,SSI - Colon Surgery: Lower Confidence Limit,0.823,,07/01/2024,06/30/2025
HI,HAI_3_CIUPPER,SSI - Colon Surgery: Upper Confidence Limit,1.669,,07/01/2024,06/30/2025
HI,HAI_3_SIR,SSI - Colon Surgery,1.190,,07/01/2024,06/30/2025
HI,HAI_4_CILOWER,SSI - Abdominal Hysterectomy: Lower Confidence Limit,0.406,,07/01/2024,06/30/2025
HI,HAI_4_CIUPPER,SSI - Abdominal Hysterectomy: Upper Confidence Limit,3.079,,07/01/2024,06/30/2025
HI,HAI_4_SIR,SSI - Abdominal Hysterectomy,1.276,,07/01/2024,06/30/2025
HI,HAI_5_CILOWER,MRSA Bacteremia: Lower Confidence Limit,0.131,,07/01/2024,06/30/2025
HI,HAI_5_CIUPPER,MRSA Bacteremia: Upper Confidence Limit,0.492,,07/01/2024,06/30/2025
HI,HAI_5_SIR,MRSA Bacteremia,0.268,,07/01/2024,06/30/2025
HI,HAI_6_CILOWER,Clostridium Difficile (C.Diff): Lower Confidence Limit,0.325,,07/01/2024,06/30/2025
HI,HAI_6_CIUPPER,Clostridium Difficile (C.Diff): Upper Confidence Limit,0.465,,07/01/2024,06/30/2025
HI,HAI_6_SIR,Clostridium Difficile (C.Diff),0.390,,07/01/2024,06/30/2025
IA,HAI_1_CILOWER,Central Line Associated Bloodstream Infection (ICU + select Wards): Lower Confidence Limit,0.537,,07/01/2024,06/30/2025
IA,HAI_1_CIUPPER,Central Line Associated Bloodstream Infection (ICU + select Wards): Upper Confidence Limit,0.807,,07/01/2024,06/30/2025
IA,HAI_1_SIR,Central Line Associated Bloodstream Infection (ICU + select Wards),0.662,,07/01/2024,06/30/2025
IA,HAI_2_CILOWER,Catheter Associated Urinary Tract Infections (ICU + select Wards): Lower Confidence Limit,0.344,,07/01/2024,06/30/2025
IA,HAI_2_CIUPPER,Catheter Associated Urinary Tract Infections (ICU + select Wards): Upper Confidence Limit,0.529,,07/01/2024,06/30/2025
IA,HAI_2_SIR,Catheter Associated Urinary Tract Infections (ICU + select Wards),0.429,,07/01/2024,06/30/2025
IA,HAI_3_CILOWER,SSI - Colon Surgery: Lower Confidence Limit,0.685,,07/01/2024,06/30/2025
IA,HAI_3_CIUPPER,SSI - Colon Surgery: Upper Confidence Limit,1.103,,07/01/2024,06/30/2025
IA,HAI_3_SIR,SSI - Colon Surgery,0.876,,07/01/2024,06/30/2025
IA,HAI_4_CILOWER,SSI - Abdominal Hysterectomy: Lower Confidence Limit,0.728,,07/01/2024,06/30/2025
IA,HAI_4_CIUPPER,SSI - Abdominal Hysterectomy: Upper Confidence Limit,1.847,,07/01/2024,06/30/2025
IA,HAI_4_SIR,SSI - Abdominal Hysterectomy,1.192,,07/01/2024,06/30/2025
IA,HAI_5_CILOWER,MRSA Bacteremia: Lower Confidence Limit,0.580,,07/01/2024,06/30/2025
IA,HAI_5_CIUPPER,MRSA Bacteremia: Upper Confidence Limit,0.925,,07/01/2024,06/30/2025
IA,HAI_5_SIR,MRSA Bacteremia,0.737,,07/01/2024,06/30/2025
IA,HAI_6_CILOWER,Clostridium Difficile (C.Diff): Lower Confidence Limit,0.367,,07/01/2024,06/30/2025
IA,HAI_6_CIUPPER,Clostridium Difficile (C.Diff): Upper Confidence Limit,0.469,,07/01/2024,06/30/2025
IA,HAI_6_SIR,Clostridium Difficile (C.Diff),0.416,,07/01/2024,06/30/2025
ID,HAI_1_CILOWER,Central Line Associated Bloodstream Infection (ICU + select Wards): Lower Confidence Limit,0.533,,07/01/2024,06/30/2025
ID,HAI_1_CIUPPER,Central Line Associated Bloodstream Infection (ICU + select Wards): Upper Confidence Limit,0.939,,07/01/2024,06/30/2025
ID,HAI_1_SIR,Central Line Associated Bloodstream Infection (ICU + select Wards),0.714,,07/01/2024,06/30/2025
ID,HAI_2_CILOWER,Catheter Associated Urinary Tract Infections (ICU + select Wards): Lower Confidence Limit,0.375,,07/01/2024,06/30/2025
ID,HAI_2_CIUPPER,Catheter Associated Urinary Tract Infections (ICU + select Wards): Upper Confidence Limit,0.693,,07/01/2024,06/30/2025
ID,HAI_2_SIR,Catheter Associated Urinary Tract Infections (ICU + select Wards),0.516,,07/01/2024,06/30/2025
ID,HAI_3_CILOWER,SSI - Colon Surgery: Lower Confidence Limit,0.520,,07/01/2024,06/30/2025
ID,HAI_3_CIUPPER,SSI - Colon Surgery: Upper Confidence Limit,1.043,,07/01/2024,06/30/2025
ID,HAI_3_SIR,SSI - Colon Surgery,0.748,,07/01/2024,06/30/2025
ID,HAI_4_CILOWER,SSI - Abdominal Hysterectomy: Lower Confidence Limit,0.525,,07/01/2024,06/30/2025
ID,HAI_4_CIUPPER,SSI - Abdominal Hysterectomy: Upper Confidence Limit,2.148,,07/01/2024,06/30/2025
ID,HAI_4_SIR,SSI - Abdominal Hysterectomy,1.131,,07/01/2024,06/30/2025
ID,HAI_5_CILOWER,MRSA Bacteremia: Lower Confidence Limit,0.283,,07/01/2024,06/30/2025
ID,HAI_5_CIUPPER,MRSA Bacteremia: Upper Confidence Limit,0.786,,07/01/2024,06/30/2025
ID,HAI_5_SIR,MRSA Bacteremia,0.488,,07/01/2024,06/30/2025
ID,HAI_6_CILOWER,Clostridium Difficile (C.Diff): Lower Confidence Limit,0.375,,07/01/2024,06/30/2025
ID,HAI_6_CIUPPER,Clostridium Difficile (C.Diff): Upper Confidence Limit,0.518,,07/01/2024,06/30/2025
ID,HAI_6_SIR,Clostridium Difficile (C.Diff),0.442,,07/01/2024,06/30/2025
IL,HAI_1_CILOWER,Central Line Associated Bloodstream Infection (ICU + select Wards): Lower Confidence Limit,0.635,,07/01/2024,06/30/2025
IL,HAI_1_CIUPPER,Central Line Associated Bloodstream Infection (ICU + select Wards): Upper Confidence Limit,0.763,,07/01/2024,06/30/2025
IL,HAI_1_SIR,Central Line Associated Bloodstream Infection (ICU + select Wards),0.697,,07/01/2024,06/30/2025
IL,HAI_2_CILOWER,Catheter Associated Urinary Tract Infections (ICU + select Wards): Lower Confidence Limit,0.514,,07/01/2024,06/30/2025
IL,HAI_2_CIUPPER,Catheter Associated Urinary Tract Infections (ICU + select Wards): Upper Confidence Limit,0.624,,07/01/2024,06/30/2025
IL,HAI_2_SIR,Catheter Associated Urinary Tract Infections (ICU + select Wards),0.567,,07/01/2024,06/30/2025
IL,HAI_3_CILOWER,SSI - Colon Surgery: Lower Confidence Limit,0.779,,07/01/2024,06/30/2025
IL,HAI_3_CIUPPER,SSI - Colon Surgery: Upper Confidence Limit,0.987,,07/01/2024,06/30/2025
IL,HAI_3_SIR,SSI - Colon Surgery,0.878,,07/01/2024,06/30/2025
IL,HAI_4_CILOWER,SSI - Abdominal Hysterectomy: Lower Confidence Limit,0.873,,07/01/2024,06/30/2025
IL,HAI_4_CIUPPER,SSI - Abdominal Hysterectomy: Upper Confidence Limit,1.357,,07/01/2024,06/30/2025
IL,HAI_4_SIR,SSI - Abdominal Hysterectomy,1.095,,07/01/2024,06/30/2025
IL,HAI_5_CILOWER,MRSA Bacteremia: Lower Confidence Limit,0.512,,07/01/2024,06/30/2025
IL,HAI_5_CIUPPER,MRSA Bacteremia: Upper Confidence Limit,0.667,,07/01/2024,06/30/2025
IL,HAI_5_SIR,MRSA Bacteremia,0.586,,07/01/2024,06/30/2025
IL,HAI_6_CILOWER,Clostridium Difficile (C.Diff): Lower Confidence Limit,0.344,,07/01/2024,06/30/2025
IL,HAI_6_CIUPPER,Clostridium Difficile (C.Diff): Upper Confidence Limit,0.386,,07/01/2024,06/30/2025
IL,HAI_6_SIR,Clostridium Difficile (C.Diff),0.365,,07/01/2024,06/30/2025
IN,HAI_1_CILOWER,Central Line Associated Bloodstream Infection (ICU + select Wards): Lower Confidence Limit,0.519,,07/01/2024,06/30/2025
IN,HAI_1_CIUPPER,Central Line Associated Bloodstream Infection (ICU + select Wards): Upper Confidence Limit,0.671,,07/01/2024,06/30/2025
IN,HAI_1_SIR,Central Line Associated Bloodstream Infection (ICU + select Wards),0.591,,07/01/2024,06/30/2025
IN,HAI_2_CILOWER,Catheter Associated Urinary Tract Infections (ICU + select Wards): Lower Confidence Limit,0.429,,07/01/2024,06/30/2025
IN,HAI_2_CIUPPER,Catheter Associated Urinary Tract Infections (ICU + select Wards): Upper Confidence Limit,0.563,,07/01/2024,06/30/2025
IN,HAI_2_SIR,Catheter Associated Urinary Tract Infections (ICU + select Wards),0.492,,07/01/2024,06/30/2025
IN,HAI_3_CILOWER,SSI - Colon Surgery: Lower Confidence Limit,0.593,,07/01/2024,06/30/2025
IN,HAI_3_CIUPPER,SSI - Colon Surgery: Upper Confidence Limit,0.827,,07/01/2024,06/30/2025
IN,HAI_3_SIR,SSI - Colon Surgery,0.702,,07/01/2024,06/30/2025
IN,HAI_4_CILOWER,SSI - Abdominal Hysterectomy: Lower Confidence Limit,0.878,,07/01/2024,06/30/2025
IN,HAI_4_CIUPPER,SSI - Abdominal Hysterectomy: Upper Confidence Limit,1.514,,07/01/2024,06/30/2025
IN,HAI_4_SIR,SSI - Abdominal Hysterectomy,1.163,,07/01/2024,06/30/2025
IN,HAI_5_CILOWER,MRSA Bacteremia: Lower Confidence Limit,0.523,,07/01/2024,06/30/2025
IN,HAI_5_CIUPPER,MRSA Bacteremia: Upper Confidence Limit,0.744,,07/01/2024,06/30/2025
IN,HAI_5_SIR,MRSA Bacteremia,0.626,,07/01/2024,06/30/2025
IN,HAI_6_CILOWER,Clostridium Difficile (C.Diff): Lower Confidence Limit,0.362,,07/01/2024,06/30/2025
IN,HAI_6_CIUPPER,Clostridium Difficile (C.Diff): Upper Confidence Limit,0.421,,07/01/2024,06/30/2025
IN,HAI_6_SIR,Clostridium Difficile (C.Diff),0.391,,07/01/2024,06/30/2025
KS,HAI_1_CILOWER,Central Line Associated Bloodstream Infection (ICU + select Wards): Lower Confidence Limit,0.395,,07/01/2024,06/30/2025
KS,HAI_1_CIUPPER,Central Line Associated Bloodstream Infection (ICU + select Wards): Upper Confidence Limit,0.682,,07/01/2024,06/30/2025
KS,HAI_1_SIR,Central Line Associated Bloodstream Infection (ICU + select Wards),0.524,,07/01/2024,06/30/2025
KS,HAI_2_CILOWER,Catheter Associated Urinary Tract Infections (ICU + select Wards): Lower Confidence Limit,0.367,,07/01/2024,06/30/2025
KS,HAI_2_CIUPPER,Catheter Associated Urinary Tract Infections (ICU + select Wards): Upper Confidence Limit,0.613,,07/01/2024,06/30/2025
KS,HAI_2_SIR,Catheter Associated Urinary Tract Infections (ICU + select Wards),0.478,,07/01/2024,06/30/2025
KS,HAI_3_CILOWER,SSI - Colon Surgery: Lower Confidence Limit,0.817,,07/01/2024,06/30/2025
KS,HAI_3_CIUPPER,SSI - Colon Surgery: Upper Confidence Limit,1.248,,07/01/2024,06/30/2025
KS,HAI_3_SIR,SSI - Colon Surgery,1.015,,07/01/2024,06/30/2025
KS,HAI_4_CILOWER,SSI - Abdominal Hysterectomy: Lower Confidence Limit,0.515,,07/01/2024,06/30/2025
KS,HAI_4_CIUPPER,SSI - Abdominal Hysterectomy: Upper Confidence Limit,1.307,,07/01/2024,06/30/2025
KS,HAI_4_SIR,SSI - Abdominal Hysterectomy,0.843,,07/01/2024,06/30/2025
KS,HAI_5_CILOWER,MRSA Bacteremia: Lower Confidence Limit,0.375,,07/01/2024,06/30/2025
KS,HAI_5_CIUPPER,MRSA Bacteremia: Upper Confidence Limit,0.692,,07/01/2024,06/30/2025
KS,HAI_5_SIR,MRSA Bacteremia,0.515,,07/01/2024,06/30/2025
KS,HAI_6_CILOWER,Clostridium Difficile (C.Diff): Lower Confidence Limit,0.278,,07/01/2024,06/30/2025
KS,HAI_6_CIUPPER,Clostridium Difficile (C.Diff): Upper Confidence Limit,0.369,,07/01/2024,06/30/2025
KS,HAI_6_SIR,Clostridium Difficile (C.Diff),0.321,,07/01/2024,06/30/2025
KY,HAI_1_CILOWER,Central Line Associated Bloodstream Infection (ICU + select Wards): Lower Confidence Limit,0.748,,07/01/2024,06/30/2025
KY,HAI_1_CIUPPER,Central Line Associated Bloodstream Infection (ICU + select Wards): Upper Confidence Limit,0.977,,07/01/2024,06/30/2025
KY,HAI_1_SIR,Central Line Associated Bloodstream Infection (ICU + select Wards),0.857,,07/01/2024,06/30/2025
KY,HAI_2_CILOWER,Catheter Associated Urinary Tract Infections (ICU + select Wards): Lower Confidence Limit,0.541,,07/01/2024,06/30/2025
KY,HAI_2_CIUPPER,Catheter Associated Urinary Tract Infections (ICU + select Wards): Upper Confidence Limit,0.715,,07/01/2024,06/30/2025
KY,HAI_2_SIR,Catheter Associated Urinary Tract Infections (ICU + select Wards),0.623,,07/01/2024,06/30/2025
KY,HAI_3_CILOWER,SSI - Colon Surgery: Lower Confidence Limit,0.856,,07/01/2024,06/30/2025
KY,HAI_3_CIUPPER,SSI - Colon Surgery: Upper Confidence Limit,1.170,,07/01/2024,06/30/2025
KY,HAI_3_SIR,SSI - Colon Surgery,1.004,,07/01/2024,06/30/2025
KY,HAI_4_CILOWER,SSI - Abdominal Hysterectomy: Lower Confidence Limit,0.827,,07/01/2024,06/30/2025
KY,HAI_4_CIUPPER,SSI - Abdominal Hysterectomy: Upper Confidence Limit,1.580,,07/01/2024,06/30/2025
KY,HAI_4_SIR,SSI - Abdominal Hysterectomy,1.158,,07/01/2024,06/30/2025
KY,HAI_5_CILOWER,MRSA Bacteremia: Lower Confidence Limit,0.724,,07/01/2024,06/30/2025
KY,HAI_5_CIUPPER,MRSA Bacteremia: Upper Confidence Limit,0.973,,07/01/2024,06/30/2025
KY,HAI_5_SIR,MRSA Bacteremia,0.842,,07/01/2024,06/30/2025
KY,HAI_6_CILOWER,Clostridium Difficile (C.Diff): Lower Confidence Limit,0.296,,07/01/2024,06/30/2025
KY,HAI_6_CIUPPER,Clostridium Difficile (C.Diff): Upper Confidence Limit,0.356,,07/01/2024,06/30/2025
KY,HAI_6_SIR,Clostridium Difficile (C.Diff),0.325,,07/01/2024,06/30/2025
LA,HAI_1_CILOWER,Central Line Associated Bloodstream Infection (ICU + select Wards): Lower Confidence Limit,0.561,,07/01/2024,06/30/2025
LA,HAI_1_CIUPPER,Central Line Associated Bloodstream Infection (ICU + select Wards): Upper Confidence Limit,0.748,,07/01/2024,06/30/2025
LA,HAI_1_SIR,Central Line Associated Bloodstream Infection (ICU + select Wards),0.649,,07/01/2024,06/30/2025
LA,HAI_2_CILOWER,Catheter Associated Urinary Tract Infections (ICU + select Wards): Lower Confidence Limit,0.412,,07/01/2024,06/30/2025
LA,HAI_2_CIUPPER,Catheter Associated Urinary Tract Infections (ICU + select Wards): Upper Confidence Limit,0.557,,07/01/2024,06/30/2025
LA,HAI_2_SIR,Catheter Associated Urinary Tract Infections (ICU + select Wards),0.480,,07/01/2024,06/30/2025
LA,HAI_3_CILOWER,SSI - Colon Surgery: Lower Confidence Limit,0.717,,07/01/2024,06/30/2025
LA,HAI_3_CIUPPER,SSI - Colon Surgery: Upper Confidence Limit,1.021,,07/01/2024,06/30/2025
LA,HAI_3_SIR,SSI - Colon Surgery,0.859,,07/01/2024,06/30/2025
LA,HAI_4_CILOWER,SSI - Abdominal Hysterectomy: Lower Confidence Limit,1.300,,07/01/2024,06/30/2025
LA,HAI_4_CIUPPER,SSI - Abdominal Hysterectomy: Upper Confidence Limit,2.092,,07/01/2024,06/30/2025
LA,HAI_4_SIR,SSI - Abdominal Hysterectomy,1.661,,07/01/2024,06/30/2025
LA,HAI_5_CILOWER,MRSA Bacteremia: Lower Confidence Limit,0.806,,07/01/2024,06/30/2025
LA,HAI_5_CIUPPER,MRSA Bacteremia: Upper Confidence Limit,1.090,,07/01/2024,06/30/2025
LA,HAI_5_SIR,MRSA Bacteremia,0.940,,07/01/2024,06/30/2025
LA,HAI_6_CILOWER,Clostridium Difficile (C.Diff): Lower Confidence Limit,0.281,,07/01/2024,06/30/2025
LA,HAI_6_CIUPPER,Clostridium Difficile (C.Diff): Upper Confidence Limit,0.341,,07/01/2024,06/30/2025
LA,HAI_6_SIR,Clostridium Difficile (C.Diff),0.310,,07/01/2024,06/30/2025
MA,HAI_1_CILOWER,Central Line Associated Bloodstream Infection (ICU + select Wards): Lower Confidence Limit,0.458,,07/01/2024,06/30/2025
MA,HAI_1_CIUPPER,Central Line Associated Bloodstream Infection (ICU + select Wards): Upper Confidence Limit,0.591,,07/01/2024,06/30/2025
MA,HAI_1_SIR,Central Line Associated Bloodstream Infection (ICU + select Wards),0.521,,07/01/2024,06/30/2025
MA,HAI_2_CILOWER,Catheter Associated Urinary Tract Infections (ICU + select Wards): Lower Confidence Limit,0.583,,07/01/2024,06/30/2025
MA,HAI_2_CIUPPER,Catheter Associated Urinary Tract Infections (ICU + select Wards): Upper Confidence Limit,0.725,,07/01/2024,06/30/2025
MA,HAI_2_SIR,Catheter Associated Urinary Tract Infections (ICU + select Wards),0.651,,07/01/2024,06/30/2025
MA,HAI_3_CILOWER,SSI - Colon Surgery: Lower Confidence Limit,0.838,,07/01/2024,06/30/2025
MA,HAI_3_CIUPPER,SSI - Colon Surgery: Upper Confidence Limit,1.117,,07/01/2024,06/30/2025
MA,HAI_3_SIR,SSI - Colon Surgery,0.970,,07/01/2024,06/30/2025
MA,HAI_4_CILOWER,SSI - Abdominal Hysterectomy: Lower Confidence Limit,0.959,,07/01/2024,06/30/2025
MA,HAI_4_CIUPPER,SSI - Abdominal Hysterectomy: Upper Confidence Limit,1.830,,07/01/2024,06/30/2025
MA,HAI_4_SIR,SSI - Abdominal Hysterectomy,1.342,,07/01/2024,06/30/2025
MA,HAI_5_CILOWER,MRSA Bacteremia: Lower Confidence Limit,0.535,,07/01/2024,06/30/2025
MA,HAI_5_CIUPPER,MRSA Bacteremia: Upper Confidence Limit,0.725,,07/01/2024,06/30/2025
MA,HAI_5_SIR,MRSA Bacteremia,0.625,,07/01/2024,06/30/2025
MA,HAI_6_CILOWER,Clostridium Difficile (C.Diff): Lower Confidence Limit,0.460,,07/01/2024,06/30/2025
MA,HAI_6_CIUPPER,Clostridium Difficile (C.Diff): Upper Confidence Limit,0.522,,07/01/2024,06/30/2025
MA,HAI_6_SIR,Clostridium Difficile (C.Diff),0.490,,07/01/2024,06/30/2025
MD,HAI_1_CILOWER,Central Line Associated Bloodstream Infection (ICU + select Wards): Lower Confidence Limit,0.584,,07/01/2024,06/30/2025
MD,HAI_1_CIUPPER,Central Line Associated Bloodstream Infection (ICU + select Wards): Upper Confidence Limit,0.769,,07/01/2024,06/30/2025
MD,HAI_1_SIR,Central Line Associated Bloodstream Infection (ICU + select Wards),0.672,,07/01/2024,06/30/2025
MD,HAI_2_CILOWER,Catheter Associated Urinary Tract Infections (ICU + select Wards): Lower Confidence Limit,0.519,,07/01/2024,06/30/2025
MD,HAI_2_CIUPPER,Catheter Associated Urinary Tract Infections (ICU + select Wards): Upper Confidence Limit,0.688,,07/01/2024,06/30/2025
MD,HAI_2_SIR,Catheter Associated Urinary Tract Infections (ICU + select Wards),0.599,,07/01/2024,06/30/2025
MD,HAI_3_CILOWER,SSI - Colon Surgery: Lower Confidence Limit,0.668,,07/01/2024,06/30/2025
MD,HAI_3_CIUPPER,SSI - Colon Surgery: Upper Confidence Limit,0.961,,07/01/2024,06/30/2025
MD,HAI_3_SIR,SSI - Colon Surgery,0.805,,07/01/2024,06/30/2025
MD,HAI_4_CILOWER,SSI - Abdominal Hysterectomy: Lower Confidence Limit,0.781,,07/01/2024,06/30/2025
MD,HAI_4_CIUPPER,SSI - Abdominal Hysterectomy: Upper Confidence Limit,1.533,,07/01/2024,06/30/2025
MD,HAI_4_SIR,SSI - Abdominal Hysterectomy,1.110,,07/01/2024,06/30/2025
MD,HAI_5_CILOWER,MRSA Bacteremia: Lower Confidence Limit,0.473,,07/01/2024,06/30/2025
MD,HAI_5_CIUPPER,MRSA Bacteremia: Upper Confidence Limit,0.684,,07/01/2024,06/30/2025
MD,HAI_5_SIR,MRSA Bacteremia,0.571,,07/01/2024,06/30/2025
MD,HAI_6_CILOWER,Clostridium Difficile (C.Diff): Lower Confidence Limit,0.350,,07/01/2024,06/30/2025
MD,HAI_6_CIUPPER,Clostridium Difficile (C.Diff): Upper Confidence Limit,0.412,,07/01/2024,06/30/2025
MD,HAI_6_SIR,Clostridium Difficile (C.Diff),0.380,,07/01/2024,06/30/2025
ME,HAI_1_CILOWER,Central Line Associated Bloodstream Infection (ICU + select Wards): Lower Confidence Limit,0.419,,07/01/2024,06/30/2025
ME,HAI_1_CIUPPER,Central Line Associated Bloodstream Infection (ICU + select Wards): Upper Confidence Limit,0.775,,07/01/2024,06/30/2025
ME,HAI_1_SIR,Central Line Associated Bloodstream Infection (ICU + select Wards),0.577,,07/01/2024,06/30/2025
ME,HAI_2_CILOWER,Catheter Associated Urinary Tract Infections (ICU + select Wards): Lower Confidence Limit,0.825,,07/01/2024,06/30/2025
ME,HAI_2_CIUPPER,Catheter Associated Urinary Tract Infections (ICU + select Wards): Upper Confidence Limit,1.273,,07/01/2024,06/30/2025
ME,HAI_2_SIR,Catheter Associated Urinary Tract Infections (ICU + select Wards),1.031,,07/01/2024,06/30/2025
ME,HAI_3_CILOWER,SSI - Colon Surgery: Lower Confidence Limit,0.663,,07/01/2024,06/30/2025
ME,HAI_3_CIUPPER,SSI - Colon Surgery: Upper Confidence Limit,1.225,,07/01/2024,06/30/2025
ME,HAI_3_SIR,SSI - Colon Surgery,0.912,,07/01/2024,06/30/2025
ME,HAI_4_CILOWER,SSI - Abdominal Hysterectomy: Lower Confidence Limit,0.428,,07/01/2024,06/30/2025
ME,HAI_4_CIUPPER,SSI - Abdominal Hysterectomy: Upper Confidence Limit,2.196,,07/01/2024,06/30/2025
ME,HAI_4_SIR,SSI - Abdominal Hysterectomy,1.056,,07/01/2024,06/30/2025
ME,HAI_5_CILOWER,MRSA Bacteremia: Lower Confidence Limit,0.356,,07/01/2024,06/30/2025
ME,HAI_5_CIUPPER,MRSA Bacteremia: Upper Confidence Limit,0.759,,07/01/2024,06/30/2025
ME,HAI_5_SIR,MRSA Bacteremia,0.529,,07/01/2024,06/30/2025
ME,HAI_6_CILOWER,Clostridium Difficile (C.Diff): Lower Confidence Limit,0.262,,07/01/2024,06/30/2025
ME,HAI_6_CIUPPER,Clostridium Difficile (C.Diff): Upper Confidence Limit,0.387,,07/01/2024,06/30/2025
ME,HAI_6_SIR,Clostridium Difficile (C.Diff),0.320,,07/01/2024,06/30/2025
MI,HAI_1_CILOWER,Central Line Associated Bloodstream Infection (ICU + select Wards): Lower Confidence Limit,0.589,,07/01/2024,06/30/2025
MI,HAI_1_CIUPPER,Central Line Associated Bloodstream Infection (ICU + select Wards): Upper Confidence Limit,0.735,,07/01/2024,06/30/2025
MI,HAI_1_SIR,Central Line Associated Bloodstream Infection (ICU + select Wards),0.659,,07/01/2024,06/30/2025
MI,HAI_2_CILOWER,Catheter Associated Urinary Tract Infections (ICU + select Wards): Lower Confidence Limit,0.378,,07/01/2024,06/30/2025
MI,HAI_2_CIUPPER,Catheter Associated Urinary Tract Infections (ICU + select Wards): Upper Confidence Limit,0.480,,07/01/2024,06/30/2025
MI,HAI_2_SIR,Catheter Associated Urinary Tract Infections (ICU + select Wards),0.427,,07/01/2024,06/30/2025
MI,HAI_3_CILOWER,SSI - Colon Surgery: Lower Confidence Limit,0.891,,07/01/2024,06/30/2025
MI,HAI_3_CIUPPER,SSI - Colon Surgery: Upper Confidence Limit,1.124,,07/01/2024,06/30/2025
MI,HAI_3_SIR,SSI - Colon Surgery,1.002,,07/01/2024,06/30/2025
MI,HAI_4_CILOWER,SSI - Abdominal Hysterectomy: Lower Confidence Limit,1.254,,07/01/2024,06/30/2025
MI,HAI_4_CIUPPER,SSI - Abdominal Hysterectomy: Upper Confidence Limit,1.939,,07/01/2024,06/30/2025
MI,HAI_4_SIR,SSI - Abdominal Hysterectomy,1.568,,07/01/2024,06/30/2025
MI,HAI_5_CILOWER,MRSA Bacteremia: Lower Confidence Limit,0.586,,07/01/2024,06/30/2025
MI,HAI_5_CIUPPER,MRSA Bacteremia: Upper Confidence Limit,0.763,,07/01/2024,06/30/2025
MI,HAI_5_SIR,MRSA Bacteremia,0.670,,07/01/2024,06/30/2025
MI,HAI_6_CILOWER,Clostridium Difficile (C.Diff): Lower Confidence Limit,0.320,,07/01/2024,06/30/2025
MI,HAI_6_CIUPPER,Clostridium Difficile (C.Diff): Upper Confidence Limit,0.367,,07/01/2024,06/30/2025
MI,HAI_6_SIR,Clostridium Difficile (C.Diff),0.343,,07/01/2024,06/30/2025
MN,HAI_1_CILOWER,Central Line Associated Bloodstream Infection (ICU + select Wards): Lower Confidence Limit,0.485,,07/01/2024,06/30/2025
MN,HAI_1_CIUPPER,Central Line Associated Bloodstream Infection (ICU + select Wards): Upper Confidence Limit,0.650,,07/01/2024,06/30/2025
MN,HAI_1_SIR,Central Line Associated Bloodstream Infection (ICU + select Wards),0.563,,07/01/2024,06/30/2025
MN,HAI_2_CILOWER,Catheter Associated Urinary Tract Infections (ICU + select Wards): Lower Confidence Limit,0.554,,07/01/2024,06/30/2025
MN,HAI_2_CIUPPER,Catheter Associated Urinary Tract Infections (ICU + select Wards): Upper Confidence Limit,0.725,,07/01/2024,06/30/2025
MN,HAI_2_SIR,Catheter Associated Urinary Tract Infections (ICU + select Wards),0.635,,07/01/2024,06/30/2025
MN,HAI_3_CILOWER,SSI - Colon Surgery: Lower Confidence Limit,0.826,,07/01/2024,06/30/2025
MN,HAI_3_CIUPPER,SSI - Colon Surgery: Upper Confidence Limit,1.127,,07/01/2024,06/30/2025
MN,HAI_3_SIR,SSI - Colon Surgery,0.968,,07/01/2024,06/30/2025
MN,HAI_4_CILOWER,SSI - Abdominal Hysterectomy: Lower Confidence Limit,0.713,,07/01/2024,06/30/2025
MN,HAI_4_CIUPPER,SSI - Abdominal Hysterectomy: Upper Confidence Limit,1.522,,07/01/2024,06/30/2025
MN,HAI_4_SIR,SSI - Abdominal Hysterectomy,1.061,,07/01/2024,06/30/2025
MN,HAI_5_CILOWER,MRSA Bacteremia: Lower Confidence Limit,0.364,,07/01/2024,06/30/2025
MN,HAI_5_CIUPPER,MRSA Bacteremia: Upper Confidence Limit,0.588,,07/01/2024,06/30/2025
MN,HAI_5_SIR,MRSA Bacteremia,0.466,,07/01/2024,06/30/2025
MN,HAI_6_CILOWER,Clostridium Difficile (C.Diff): Lower Confidence Limit,0.362,,07/01/2024,06/30/2025
MN,HAI_6_CIUPPER,Clostridium Difficile (C.Diff): Upper Confidence Limit,0.428,,07/01/2024,06/30/2025
MN,HAI_6_SIR,Clostridium Difficile (C.Diff),0.394,,07/01/2024,06/30/2025
MO,HAI_1_CILOWER,Central Line Associated Bloodstream Infection (ICU + select Wards): Lower Confidence Limit,0.559,,07/01/2024,06/30/2025
MO,HAI_1_CIUPPER,Central Line Associated Bloodstream Infection (ICU + select Wards): Upper Confidence Limit,0.719,,07/01/2024,06/30/2025
MO,HAI_1_SIR,Central Line Associated Bloodstream Infection (ICU + select Wards),0.635,,07/01/2024,06/30/2025
MO,HAI_2_CILOWER,Catheter Associated Urinary Tract Infections (ICU + select Wards): Lower Confidence Limit,0.465,,07/01/2024,06/30/2025
MO,HAI_2_CIUPPER,Catheter Associated Urinary Tract Infections (ICU + select Wards): Upper Confidence Limit,0.600,,07/01/2024,06/30/2025
MO,HAI_2_SIR,Catheter Associated Urinary Tract Infections (ICU + select Wards),0.530,,07/01/2024,06/30/2025
MO,HAI_3_CILOWER,SSI - Colon Surgery: Lower Confidence Limit,0.802,,07/01/2024,06/30/2025
MO,HAI_3_CIUPPER,SSI - Colon Surgery: Upper Confidence Limit,1.052,,07/01/2024,06/30/2025
MO,HAI_3_SIR,SSI - Colon Surgery,0.921,,07/01/2024,06/30/2025
MO,HAI_4_CILOWER,SSI - Abdominal Hysterectomy: Lower Confidence Limit,0.741,,07/01/2024,06/30/2025
MO,HAI_4_CIUPPER,SSI - Abdominal Hysterectomy: Upper Confidence Limit,1.314,,07/01/2024,06/30/2025
MO,HAI_4_SIR,SSI - Abdominal Hysterectomy,0.997,,07/01/2024,06/30/2025
MO,HAI_5_CILOWER,MRSA Bacteremia: Lower Confidence Limit,0.589,,07/01/2024,06/30/2025
MO,HAI_5_CIUPPER,MRSA Bacteremia: Upper Confidence Limit,0.791,,07/01/2024,06/30/2025
MO,HAI_5_SIR,MRSA Bacteremia,0.684,,07/01/2024,06/30/2025
MO,HAI_6_CILOWER,Clostridium Difficile (C.Diff): Lower Confidence Limit,0.309,,07/01/2024,06/30/2025
MO,HAI_6_CIUPPER,Clostridium Difficile (C.Diff): Upper Confidence Limit,0.357,,07/01/2024,06/30/2025
MO,HAI_6_SIR,Clostridium Difficile (C.Diff),0.332,,07/01/2024,06/30/2025
MP,HAI_1_CILOWER,Central Line Associated Bloodstream Infection (ICU + select Wards): Lower Confidence Limit,Not Available,5,07/01/2024,06/30/2025
MP,HAI_1_CIUPPER,Central Line Associated Bloodstream Infection (ICU + select Wards): Upper Confidence Limit,Not Available,5,07/01/2024,06/30/2025
MP,HAI_1_SIR,Central Line Associated Bloodstream Infection (ICU + select Wards),Not Available,5,07/01/2024,06/30/2025
MP,HAI_2_CILOWER,Catheter Associated Urinary Tract Infections (ICU + select Wards): Lower Confidence Limit,Not Available,5,07/01/2024,06/30/2025
MP,HAI_2_CIUPPER,Catheter Associated Urinary Tract Infections (ICU + select Wards): Upper Confidence Limit,Not Available,5,07/01/2024,06/30/2025
MP,HAI_2_SIR,Catheter Associated Urinary Tract Infections (ICU + select Wards),Not Available,5,07/01/2024,06/30/2025
MP,HAI_3_CILOWER,SSI - Colon Surgery: Lower Confidence Limit,Not Available,5,07/01/2024,06/30/2025
MP,HAI_3_CIUPPER,SSI - Colon Surgery: Upper Confidence Limit,Not Available,5,07/01/2024,06/30/2025
MP,HAI_3_SIR,SSI - Colon Surgery,Not Available,5,07/01/2024,06/30/2025
MP,HAI_4_CILOWER,SSI - Abdominal Hysterectomy: Lower Confidence Limit,Not Available,5,07/01/2024,06/30/2025
MP,HAI_4_CIUPPER,SSI - Abdominal Hysterectomy: Upper Confidence Limit,Not Available,5,07/01/2024,06/30/2025
MP,HAI_4_SIR,SSI - Abdominal Hysterectomy,Not Available,5,07/01/2024,06/30/2025
MP,HAI_5_CILOWER,MRSA Bacteremia: Lower Confidence Limit,Not Available,5,07/01/2024,06/30/2025
MP,HAI_5_CIUPPER,MRSA Bacteremia: Upper Confidence Limit,Not Available,5,07/01/2024,06/30/2025
MP,HAI_5_SIR,MRSA Bacteremia,Not Available,5,07/01/2024,06/30/2025
MP,HAI_6_CILOWER,Clostridium Difficile (C.Diff): Lower Confidence Limit,Not Available,5,07/01/2024,06/30/2025
MP,HAI_6_CIUPPER,Clostridium Difficile (C.Diff): Upper Confidence Limit,Not Available,5,07/01/2024,06/30/2025
MP,HAI_6_SIR,Clostridium Difficile (C.Diff),Not Available,5,07/01/2024,06/30/2025
MS,HAI_1_CILOWER,Central Line Associated Bloodstream Infection (ICU + select Wards): Lower Confidence Limit,0.513,,07/01/2024,06/30/2025
MS,HAI_1_CIUPPER,Central Line Associated Bloodstream Infection (ICU + select Wards): Upper Confidence Limit,0.742,,07/01/2024,06/30/2025
MS,HAI_1_SIR,Central Line Associated Bloodstream Infection (ICU + select Wards),0.620,,07/01/2024,06/30/2025
MS,HAI_2_CILOWER,Catheter Associated Urinary Tract Infections (ICU + select Wards): Lower Confidence Limit,0.509,,07/01/2024,06/30/2025
MS,HAI_2_CIUPPER,Catheter Associated Urinary Tract Infections (ICU + select Wards): Upper Confidence Limit,0.708,,07/01/2024,06/30/2025
MS,HAI_2_SIR,Catheter Associated Urinary Tract Infections (ICU + select Wards),0.603,,07/01/2024,06/30/2025
MS,HAI_3_CILOWER,SSI - Colon Surgery: Lower Confidence Limit,0.997,,07/01/2024,06/30/2025
MS,HAI_3_CIUPPER,SSI - Colon Surgery: Upper Confidence Limit,1.432,,07/01/2024,06/30/2025
MS,HAI_3_SIR,SSI - Colon Surgery,1.200,,07/01/2024,06/30/2025
MS,HAI_4_CILOWER,SSI - Abdominal Hysterectomy: Lower Confidence Limit,0.699,,07/01/2024,06/30/2025
MS,HAI_4_CIUPPER,SSI - Abdominal Hysterectomy: Upper Confidence Limit,1.472,,07/01/2024,06/30/2025
MS,HAI_4_SIR,SSI - Abdominal Hysterectomy,1.032,,07/01/2024,06/30/2025
MS,HAI_5_CILOWER,MRSA Bacteremia: Lower Confidence Limit,0.695,,07/01/2024,06/30/2025
MS,HAI_5_CIUPPER,MRSA Bacteremia: Upper Confidence Limit,1.033,,07/01/2024,06/30/2025
MS,HAI_5_SIR,MRSA Bacteremia,0.851,,07/01/2024,06/30/2025
MS,HAI_6_CILOWER,Clostridium Difficile (C.Diff): Lower Confidence Limit,0.353,,07/01/2024,06/30/2025
MS,HAI_6_CIUPPER,Clostridium Difficile (C.Diff): Upper Confidence Limit,0.440,,07/01/2024,06/30/2025
MS,HAI_6_SIR,Clostridium Difficile (C.Diff),0.395,,07/01/2024,06/30/2025
MT,HAI_1_CILOWER,Central Line Associated Bloodstream Infection (ICU + select Wards): Lower Confidence Limit,0.680,,07/01/2024,06/30/2025
MT,HAI_1_CIUPPER,Central Line Associated Bloodstream Infection (ICU + select Wards): Upper Confidence Limit,1.378,,07/01/2024,06/30/2025
MT,HAI_1_SIR,Central Line Associated Bloodstream Infection (ICU + select Wards),0.983,,07/01/2024,06/30/2025
MT,HAI_2_CILOWER,Catheter Associated Urinary Tract Infections (ICU + select Wards): Lower Confidence Limit,0.296,,07/01/2024,06/30/2025
MT,HAI_2_CIUPPER,Catheter Associated Urinary Tract Infections (ICU + select Wards): Upper Confidence Limit,0.607,,07/01/2024,06/30/2025
MT,HAI_2_SIR,Catheter Associated Urinary Tract Infections (ICU + select Wards),0.430,,07/01/2024,06/30/2025
MT,HAI_3_CILOWER,SSI - Colon Surgery: Lower Confidence Limit,0.768,,07/01/2024,06/30/2025
MT,HAI_3_CIUPPER,SSI - Colon Surgery: Upper Confidence Limit,1.507,,07/01/2024,06/30/2025
MT,HAI_3_SIR,SSI - Colon Surgery,1.091,,07/01/2024,06/30/2025
MT,HAI_4_CILOWER,SSI - Abdominal Hysterectomy: Lower Confidence Limit,0.752,,07/01/2024,06/30/2025
MT,HAI_4_CIUPPER,SSI - Abdominal Hysterectomy: Upper Confidence Limit,2.639,,07/01/2024,06/30/2025
MT,HAI_4_SIR,SSI - Abdominal Hysterectomy,1.481,,07/01/2024,06/30/2025
MT,HAI_5_CILOWER,MRSA Bacteremia: Lower Confidence Limit,0.341,,07/01/2024,06/30/2025
MT,HAI_5_CIUPPER,MRSA Bacteremia: Upper Confidence Limit,0.888,,07/01/2024,06/30/2025
MT,HAI_5_SIR,MRSA Bacteremia,0.566,,07/01/2024,06/30/2025
MT,HAI_6_CILOWER,Clostridium Difficile (C.Diff): Lower Confidence Limit,0.342,,07/01/2024,06/30/2025
MT,HAI_6_CIUPPER,Clostridium Difficile (C.Diff): Upper Confidence Limit,0.519,,07/01/2024,06/30/2025
MT,HAI_6_SIR,Clostridium Difficile (C.Diff),0.424,,07/01/2024,06/30/2025
NC,HAI_1_CILOWER,Central Line Associated Bloodstream Infection (ICU + select Wards): Lower Confidence Limit,0.607,,07/01/2024,06/30/2025
NC,HAI_1_CIUPPER,Central Line Associated Bloodstream Infection (ICU + select Wards): Upper Confidence Limit,0.735,,07/01/2024,06/30/2025
NC,HAI_1_SIR,Central Line Associated Bloodstream Infection (ICU + select Wards),0.669,,07/01/2024,06/30/2025
NC,HAI_2_CILOWER,Catheter Associated Urinary Tract Infections (ICU + select Wards): Lower Confidence Limit,0.401,,07/01/2024,06/30/2025
NC,HAI_2_CIUPPER,Catheter Associated Urinary Tract Infections (ICU + select Wards): Upper Confidence Limit,0.501,,07/01/2024,06/30/2025
NC,HAI_2_SIR,Catheter Associated Urinary Tract Infections (ICU + select Wards),0.449,,07/01/2024,06/30/2025
NC,HAI_3_CILOWER,SSI - Colon Surgery: Lower Confidence Limit,0.818,,07/01/2024,06/30/2025
NC,HAI_3_CIUPPER,SSI - Colon Surgery: Upper Confidence Limit,1.024,,07/01/2024,06/30/2025
NC,HAI_3_SIR,SSI - Colon Surgery,0.916,,07/01/2024,06/30/2025
NC,HAI_4_CILOWER,SSI - Abdominal Hysterectomy: Lower Confidence Limit,0.968,,07/01/2024,06/30/2025
NC,HAI_4_CIUPPER,SSI - Abdominal Hysterectomy: Upper Confidence Limit,1.528,,07/01/2024,06/30/2025
NC,HAI_4_SIR,SSI - Abdominal Hysterectomy,1.224,,07/01/2024,06/30/2025
NC,HAI_5_CILOWER,MRSA Bacteremia: Lower Confidence Limit,0.568,,07/01/2024,06/30/2025
NC,HAI_5_CIUPPER,MRSA Bacteremia: Upper Confidence Limit,0.717,,07/01/2024,06/30/2025
NC,HAI_5_SIR,MRSA Bacteremia,0.639,,07/01/2024,06/30/2025
NC,HAI_6_CILOWER,Clostridium Difficile (C.Diff): Lower Confidence Limit,0.273,,07/01/2024,06/30/2025
NC,HAI_6_CIUPPER,Clostridium Difficile (C.Diff): Upper Confidence Limit,0.310,,07/01/2024,06/30/2025
NC,HAI_6_SIR,Clostridium Difficile (C.Diff),0.291,,07/01/2024,06/30/2025
ND,HAI_1_CILOWER,Central Line Associated Bloodstream Infection (ICU + select Wards): Lower Confidence Limit,0.192,,07/01/2024,06/30/2025
ND,HAI_1_CIUPPER,Central Line Associated Bloodstream Infection (ICU + select Wards): Upper Confidence Limit,0.532,,07/01/2024,06/30/2025
ND,HAI_1_SIR,Central Line Associated Bloodstream Infection (ICU + select Wards),0.330,,07/01/2024,06/30/2025
ND,HAI_2_CILOWER,Catheter Associated Urinary Tract Infections (ICU + select Wards): Lower Confidence Limit,0.246,,07/01/2024,06/30/2025
ND,HAI_2_CIUPPER,Catheter Associated Urinary Tract Infections (ICU + select Wards): Upper Confidence Limit,0.642,,07/01/2024,06/30/2025
ND,HAI_2_SIR,Catheter Associated Urinary Tract Infections (ICU + select Wards),0.409,,07/01/2024,06/30/2025
ND,HAI_3_CILOWER,SSI - Colon Surgery: Lower Confidence Limit,0.672,,07/01/2024,06/30/2025
ND,HAI_3_CIUPPER,SSI - Colon Surgery: Upper Confidence Limit,1.478,,07/01/2024,06/30/2025
ND,HAI_3_SIR,SSI - Colon Surgery,1.016,,07/01/2024,06/30/2025
ND,HAI_4_CILOWER,SSI - Abdominal Hysterectomy: Lower Confidence Limit,0.390,,07/01/2024,06/30/2025
ND,HAI_4_CIUPPER,SSI - Abdominal Hysterectomy: Upper Confidence Limit,4.168,,07/01/2024,06/30/2025
ND,HAI_4_SIR,SSI - Abdominal Hysterectomy,1.531,,07/01/2024,06/30/2025
ND,HAI_5_CILOWER,MRSA Bacteremia: Lower Confidence Limit,0.179,,07/01/2024,06/30/2025
ND,HAI_5_CIUPPER,MRSA Bacteremia: Upper Confidence Limit,0.675,,07/01/2024,06/30/2025
ND,HAI_5_SIR,MRSA Bacteremia,0.368,,07/01/2024,06/30/2025
ND,HAI_6_CILOWER,Clostridium Difficile (C.Diff): Lower Confidence Limit,0.250,,07/01/2024,06/30/2025
ND,HAI_6_CIUPPER,Clostridium Difficile (C.Diff): Upper Confidence Limit,0.421,,07/01/2024,06/30/2025
ND,HAI_6_SIR,Clostridium Difficile (C.Diff),0.327,,07/01/2024,06/30/2025
NE,HAI_1_CILOWER,Central Line Associated Bloodstream Infection (ICU + select Wards): Lower Confidence Limit,0.352,,07/01/2024,06/30/2025
NE,HAI_1_CIUPPER,Central Line Associated Bloodstream Infection (ICU + select Wards): Upper Confidence Limit,0.673,,07/01/2024,06/30/2025
NE,HAI_1_SIR,Central Line Associated Bloodstream Infection (ICU + select Wards),0.493,,07/01/2024,06/30/2025
NE,HAI_2_CILOWER,Catheter Associated Urinary Tract Infections (ICU + select Wards): Lower Confidence Limit,0.297,,07/01/2024,06/30/2025
NE,HAI_2_CIUPPER,Catheter Associated Urinary Tract Infections (ICU + select Wards): Upper Confidence Limit,0.567,,07/01/2024,06/30/2025
NE,HAI_2_SIR,Catheter Associated Urinary Tract Infections (ICU + select Wards),0.415,,07/01/2024,06/30/2025
NE,HAI_3_CILOWER,SSI - Colon Surgery: Lower Confidence Limit,0.519,,07/01/2024,06/30/2025
NE,HAI_3_CIUPPER,SSI - Colon Surgery: Upper Confidence Limit,0.939,,07/01/2024,06/30/2025
NE,HAI_3_SIR,SSI - Colon Surgery,0.706,,07/01/2024,06/30/2025
NE,HAI_4_CILOWER,SSI - Abdominal Hysterectomy: Lower Confidence Limit,0.622,,07/01/2024,06/30/2025
NE,HAI_4_CIUPPER,SSI - Abdominal Hysterectomy: Upper Confidence Limit,1.621,,07/01/2024,06/30/2025
NE,HAI_4_SIR,SSI - Abdominal Hysterectomy,1.033,,07/01/2024,06/30/2025
NE,HAI_5_CILOWER,MRSA Bacteremia: Lower Confidence Limit,0.439,,07/01/2024,06/30/2025
NE,HAI_5_CIUPPER,MRSA Bacteremia: Upper Confidence Limit,0.838,,07/01/2024,06/30/2025
NE,HAI_5_SIR,MRSA Bacteremia,0.615,,07/01/2024,06/30/2025
NE,HAI_6_CILOWER,Clostridium Difficile (C.Diff): Lower Confidence Limit,0.313,,07/01/2024,06/30/2025
NE,HAI_6_CIUPPER,Clostridium Difficile (C.Diff): Upper Confidence Limit,0.419,,07/01/2024,06/30/2025
NE,HAI_6_SIR,Clostridium Difficile (C.Diff),0.363,,07/01/2024,06/30/2025
NH,HAI_1_CILOWER,Central Line Associated Bloodstream Infection (ICU + select Wards): Lower Confidence Limit,0.361,,07/01/2024,06/30/2025
NH,HAI_1_CIUPPER,Central Line Associated Bloodstream Infection (ICU + select Wards): Upper Confidence Limit,0.716,,07/01/2024,06/30/2025
NH,HAI_1_SIR,Central Line Associated Bloodstream Infection (ICU + select Wards),0.516,,07/01/2024,06/30/2025
NH,HAI_2_CILOWER,Catheter Associated Urinary Tract Infections (ICU + select Wards): Lower Confidence Limit,0.377,,07/01/2024,06/30/2025
NH,HAI_2_CIUPPER,Catheter Associated Urinary Tract Infections (ICU + select Wards): Upper Confidence Limit,0.677,,07/01/2024,06/30/2025
NH,HAI_2_SIR,Catheter Associated Urinary Tract Infections (ICU + select Wards),0.511,,07/01/2024,06/30/2025
NH,HAI_3_CILOWER,SSI - Colon Surgery: Lower Confidence Limit,0.579,,07/01/2024,06/30/2025
NH,HAI_3_CIUPPER,SSI - Colon Surgery: Upper Confidence Limit,1.137,,07/01/2024,06/30/2025
NH,HAI_3_SIR,SSI - Colon Surgery,0.823,,07/01/2024,06/30/2025
NH,HAI_4_CILOWER,SSI - Abdominal Hysterectomy: Lower Confidence Limit,0.875,,07/01/2024,06/30/2025
NH,HAI_4_CIUPPER,SSI - Abdominal Hysterectomy: Upper Confidence Limit,3.291,,07/01/2024,06/30/2025
NH,HAI_4_SIR,SSI - Abdominal Hysterectomy,1.794,,07/01/2024,06/30/2025
NH,HAI_5_CILOWER,MRSA Bacteremia: Lower Confidence Limit,0.141,,07/01/2024,06/30/2025
NH,HAI_5_CIUPPER,MRSA Bacteremia: Upper Confidence Limit,0.466,,07/01/2024,06/30/2025
NH,HAI_5_SIR,MRSA Bacteremia,0.268,,07/01/2024,06/30/2025
NH,HAI_6_CILOWER,Clostridium Difficile (C.Diff): Lower Confidence Limit,0.442,,07/01/2024,06/30/2025
NH,HAI_6_CIUPPER,Clostridium Difficile (C.Diff): Upper Confidence Limit,0.610,,07/01/2024,06/30/2025
NH,HAI_6_SIR,Clostridium Difficile (C.Diff),0.521,,07/01/2024,06/30/2025
NJ,HAI_1_CILOWER,Central Line Associated Bloodstream Infection (ICU + select Wards): Lower Confidence Limit,0.325,,07/01/2024,06/30/2025
NJ,HAI_1_CIUPPER,Central Line Associated Bloodstream Infection (ICU + select Wards): Upper Confidence Limit,0.448,,07/01/2024,06/30/2025
NJ,HAI_1_SIR,Central Line Associated Bloodstream Infection (ICU + select Wards),0.383,,07/01/2024,06/30/2025
NJ,HAI_2_CILOWER,Catheter Associated Urinary Tract Infections (ICU + select Wards): Lower Confidence Limit,0.386,,07/01/2024,06/30/2025
NJ,HAI_2_CIUPPER,Catheter Associated Urinary Tract Infections (ICU + select Wards): Upper Confidence Limit,0.509,,07/01/2024,06/30/2025
NJ,HAI_2_SIR,Catheter Associated Urinary Tract Infections (ICU + select Wards),0.444,,07/01/2024,06/30/2025
NJ,HAI_3_CILOWER,SSI - Colon Surgery: Lower Confidence Limit,0.547,,07/01/2024,06/30/2025
NJ,HAI_3_CIUPPER,SSI - Colon Surgery: Upper Confidence Limit,0.752,,07/01/2024,06/30/2025
NJ,HAI_3_SIR,SSI - Colon Surgery,0.643,,07/01/2024,06/30/2025
NJ,HAI_4_CILOWER,SSI - Abdominal Hysterectomy: Lower Confidence Limit,0.850,,07/01/2024,06/30/2025
NJ,HAI_4_CIUPPER,SSI - Abdominal Hysterectomy: Upper Confidence Limit,1.424,,07/01/2024,06/30/2025
NJ,HAI_4_SIR,SSI - Abdominal Hysterectomy,1.109,,07/01/2024,06/30/2025
NJ,HAI_5_CILOWER,MRSA Bacteremia: Lower Confidence Limit,0.636,,07/01/2024,06/30/2025
NJ,HAI_5_CIUPPER,MRSA Bacteremia: Upper Confidence Limit,0.829,,07/01/2024,06/30/2025
NJ,HAI_5_SIR,MRSA Bacteremia,0.728,,07/01/2024,06/30/2025
NJ,HAI_6_CILOWER,Clostridium Difficile (C.Diff): Lower Confidence Limit,0.300,,07/01/2024,06/30/2025
NJ,HAI_6_CIUPPER,Clostridium Difficile (C.Diff): Upper Confidence Limit,0.346,,07/01/2024,06/30/2025
NJ,HAI_6_SIR,Clostridium Difficile (C.Diff),0.322,,07/01/2024,06/30/2025
NM,HAI_1_CILOWER,Central Line Associated Bloodstream Infection (ICU + select Wards): Lower Confidence Limit,0.656,,07/01/2024,06/30/2025
NM,HAI_1_CIUPPER,Central Line Associated Bloodstream Infection (ICU + select Wards): Upper Confidence Limit,1.109,,07/01/2024,06/30/2025
NM,HAI_1_SIR,Central Line Associated Bloodstream Infection (ICU + select Wards),0.860,,07/01/2024,06/30/2025
NM,HAI_2_CILOWER,Catheter Associated Urinary Tract Infections (ICU + select Wards): Lower Confidence Limit,0.455,,07/01/2024,06/30/2025
NM,HAI_2_CIUPPER,Catheter Associated Urinary Tract Infections (ICU + select Wards): Upper Confidence Limit,0.776,,07/01/2024,06/30/2025
NM,HAI_2_SIR,Catheter Associated Urinary Tract Infections (ICU + select Wards),0.599,,07/01/2024,06/30/2025
NM,HAI_3_CILOWER,SSI - Colon Surgery: Lower Confidence Limit,0.648,,07/01/2024,06/30/2025
NM,HAI_3_CIUPPER,SSI - Colon Surgery: Upper Confidence Limit,1.206,,07/01/2024,06/30/2025
NM,HAI_3_SIR,SSI - Colon Surgery,0.894,,07/01/2024,06/30/2025
NM,HAI_4_CILOWER,SSI - Abdominal Hysterectomy: Lower Confidence Limit,0.639,,07/01/2024,06/30/2025
NM,HAI_4_CIUPPER,SSI - Abdominal Hysterectomy: Upper Confidence Limit,2.005,,07/01/2024,06/30/2025
NM,HAI_4_SIR,SSI - Abdominal Hysterectomy,1.180,,07/01/2024,06/30/2025
NM,HAI_5_CILOWER,MRSA Bacteremia: Lower Confidence Limit,0.406,,07/01/2024,06/30/2025
NM,HAI_5_CIUPPER,MRSA Bacteremia: Upper Confidence Limit,0.865,,07/01/2024,06/30/2025
NM,HAI_5_SIR,MRSA Bacteremia,0.603,,07/01/2024,06/30/2025
NM,HAI_6_CILOWER,Clostridium Difficile (C.Diff): Lower Confidence Limit,0.588,,07/01/2024,06/30/2025
NM,HAI_6_CIUPPER,Clostridium Difficile (C.Diff): Upper Confidence Limit,0.735,,07/01/2024,06/30/2025
NM,HAI_6_SIR,Clostridium Difficile (C.Diff),0.658,,07/01/2024,06/30/2025
NV,HAI_1_CILOWER,Central Line Associated Bloodstream Infection (ICU + select Wards): Lower Confidence Limit,0.324,,07/01/2024,06/30/2025
NV,HAI_1_CIUPPER,Central Line Associated Bloodstream Infection (ICU + select Wards): Upper Confidence Limit,0.508,,07/01/2024,06/30/2025
NV,HAI_1_SIR,Central Line Associated Bloodstream Infection (ICU + select Wards),0.408,,07/01/2024,06/30/2025
NV,HAI_2_CILOWER,Catheter Associated Urinary Tract Infections (ICU + select Wards): Lower Confidence Limit,0.203,,07/01/2024,06/30/2025
NV,HAI_2_CIUPPER,Catheter Associated Urinary Tract Infections (ICU + select Wards): Upper Confidence Limit,0.351,,07/01/2024,06/30/2025
NV,HAI_2_SIR,Catheter Associated Urinary Tract Infections (ICU + select Wards),0.270,,07/01/2024,06/30/2025
NV,HAI_3_CILOWER,SSI - Colon Surgery: Lower Confidence Limit,0.415,,07/01/2024,06/30/2025
NV,HAI_3_CIUPPER,SSI - Colon Surgery: Upper Confidence Limit,0.751,,07/01/2024,06/30/2025
NV,HAI_3_SIR,SSI - Colon Surgery,0.565,,07/01/2024,06/30/2025
NV,HAI_4_CILOWER,SSI - Abdominal Hysterectomy: Lower Confidence Limit,0.475,,07/01/2024,06/30/2025
NV,HAI_4_CIUPPER,SSI - Abdominal Hysterectomy: Upper Confidence Limit,1.491,,07/01/2024,06/30/2025
NV,HAI_4_SIR,SSI - Abdominal Hysterectomy,0.877,,07/01/2024,06/30/2025
NV,HAI_5_CILOWER,MRSA Bacteremia: Lower Confidence Limit,0.351,,07/01/2024,06/30/2025
NV,HAI_5_CIUPPER,MRSA Bacteremia: Upper Confidence Limit,0.627,,07/01/2024,06/30/2025
NV,HAI_5_SIR,MRSA Bacteremia,0.474,,07/01/2024,06/30/2025
NV,HAI_6_CILOWER,Clostridium Difficile (C.Diff): Lower Confidence Limit,0.190,,07/01/2024,06/30/2025
NV,HAI_6_CIUPPER,Clostridium Difficile (C.Diff): Upper Confidence Limit,0.254,,07/01/2024,06/30/2025
NV,HAI_6_SIR,Clostridium Difficile (C.Diff),0.220,,07/01/2024,06/30/2025
NY,HAI_1_CILOWER,Central Line Associated Bloodstream Infection (ICU + select Wards): Lower Confidence Limit,0.535,,07/01/2024,06/30/2025
NY,HAI_1_CIUPPER,Central Line Associated Bloodstream Infection (ICU + select Wards): Upper Confidence Limit,0.620,,07/01/2024,06/30/2025
NY,HAI_1_SIR,Central Line Associated Bloodstream Infection (ICU + select Wards),0.576,,07/01/2024,06/30/2025
NY,HAI_2_CILOWER,Catheter Associated Urinary Tract Infections (ICU + select Wards): Lower Confidence Limit,0.419,,07/01/2024,06/30/2025
NY,HAI_2_CIUPPER,Catheter Associated Urinary Tract Infections (ICU + select Wards): Upper Confidence Limit,0.486,,07/01/2024,06/30/2025
NY,HAI_2_SIR,Catheter Associated Urinary Tract Infections (ICU + select Wards),0.452,,07/01/2024,06/30/2025
NY,HAI_3_CILOWER,SSI - Colon Surgery: Lower Confidence Limit,0.718,,07/01/2024,06/30/2025
NY,HAI_3_CIUPPER,SSI - Colon Surgery: Upper Confidence Limit,0.880,,07/01/2024,06/30/2025
NY,HAI_3_SIR,SSI - Colon Surgery,0.796,,07/01/2024,06/30/2025
NY,HAI_4_CILOWER,SSI - Abdominal Hysterectomy: Lower Confidence Limit,0.721,,07/01/2024,06/30/2025
NY,HAI_4_CIUPPER,SSI - Abdominal Hysterectomy: Upper Confidence Limit,1.125,,07/01/2024,06/30/2025
NY,HAI_4_SIR,SSI - Abdominal Hysterectomy,0.907,,07/01/2024,06/30/2025
NY,HAI_5_CILOWER,MRSA Bacteremia: Lower Confidence Limit,0.684,,07/01/2024,06/30/2025
NY,HAI_5_CIUPPER,MRSA Bacteremia: Upper Confidence Limit,0.807,,07/01/2024,06/30/2025
NY,HAI_5_SIR,MRSA Bacteremia,0.743,,07/01/2024,06/30/2025
NY,HAI_6_CILOWER,Clostridium Difficile (C.Diff): Lower Confidence Limit,0.327,,07/01/2024,06/30/2025
NY,HAI_6_CIUPPER,Clostridium Difficile (C.Diff): Upper Confidence Limit,0.358,,07/01/2024,06/30/2025
NY,HAI_6_SIR,Clostridium Difficile (C.Diff),0.342,,07/01/2024,06/30/2025
OH,HAI_1_CILOWER,Central Line Associated Bloodstream Infection (ICU + select Wards): Lower Confidence Limit,0.572,,07/01/2024,06/30/2025
OH,HAI_1_CIUPPER,Central Line Associated Bloodstream Infection (ICU + select Wards): Upper Confidence Limit,0.693,,07/01/2024,06/30/2025
OH,HAI_1_SIR,Central Line Associated Bloodstream Infection (ICU + select Wards),0.630,,07/01/2024,06/30/2025
OH,HAI_2_CILOWER,Catheter Associated Urinary Tract Infections (ICU + select Wards): Lower Confidence Limit,0.388,,07/01/2024,06/30/2025
OH,HAI_2_CIUPPER,Catheter Associated Urinary Tract Infections (ICU + select Wards): Upper Confidence Limit,0.477,,07/01/2024,06/30/2025
OH,HAI_2_SIR,Catheter Associated Urinary Tract Infections (ICU + select Wards),0.431,,07/01/2024,06/30/2025
OH,HAI_3_CILOWER,SSI - Colon Surgery: Lower Confidence Limit,0.996,,07/01/2024,06/30/2025
OH,HAI_3_CIUPPER,SSI - Colon Surgery: Upper Confidence Limit,1.203,,07/01/2024,06/30/2025
OH,HAI_3_SIR,SSI - Colon Surgery,1.096,,07/01/2024,06/30/2025
OH,HAI_4_CILOWER,SSI - Abdominal Hysterectomy: Lower Confidence Limit,0.989,,07/01/2024,06/30/2025
OH,HAI_4_CIUPPER,SSI - Abdominal Hysterectomy: Upper Confidence Limit,1.489,,07/01/2024,06/30/2025
OH,HAI_4_SIR,SSI - Abdominal Hysterectomy,1.220,,07/01/2024,06/30/2025
OH,HAI_5_CILOWER,MRSA Bacteremia: Lower Confidence Limit,0.744,,07/01/2024,06/30/2025
OH,HAI_5_CIUPPER,MRSA Bacteremia: Upper Confidence Limit,0.915,,07/01/2024,06/30/2025
OH,HAI_5_SIR,MRSA Bacteremia,0.826,,07/01/2024,06/30/2025
OH,HAI_6_CILOWER,Clostridium Difficile (C.Diff): Lower Confidence Limit,0.431,,07/01/2024,06/30/2025
OH,HAI_6_CIUPPER,Clostridium Difficile (C.Diff): Upper Confidence Limit,0.477,,07/01/2024,06/30/2025
OH,HAI_6_SIR,Clostridium Difficile (C.Diff),0.454,,07/01/2024,06/30/2025
OK,HAI_1_CILOWER,Central Line Associated Bloodstream Infection (ICU + select Wards): Lower Confidence Limit,0.394,,07/01/2024,06/30/2025
OK,HAI_1_CIUPPER,Central Line Associated Bloodstream Infection (ICU + select Wards): Upper Confidence Limit,0.556,,07/01/2024,06/30/2025
OK,HAI_1_SIR,Central Line Associated Bloodstream Infection (ICU + select Wards),0.469,,07/01/2024,06/30/2025
OK,HAI_2_CILOWER,Catheter Associated Urinary Tract Infections (ICU + select Wards): Lower Confidence Limit,0.351,,07/01/2024,06/30/2025
OK,HAI_2_CIUPPER,Catheter Associated Urinary Tract Infections (ICU + select Wards): Upper Confidence Limit,0.505,,07/01/2024,06/30/2025
OK,HAI_2_SIR,Catheter Associated Urinary Tract Infections (ICU + select Wards),0.422,,07/01/2024,06/30/2025
OK,HAI_3_CILOWER,SSI - Colon Surgery: Lower Confidence Limit,0.859,,07/01/2024,06/30/2025
OK,HAI_3_CIUPPER,SSI - Colon Surgery: Upper Confidence Limit,1.220,,07/01/2024,06/30/2025
OK,HAI_3_SIR,SSI - Colon Surgery,1.028,,07/01/2024,06/30/2025
OK,HAI_4_CILOWER,SSI - Abdominal Hysterectomy: Lower Confidence Limit,0.726,,07/01/2024,06/30/2025
OK,HAI_4_CIUPPER,SSI - Abdominal Hysterectomy: Upper Confidence Limit,1.288,,07/01/2024,06/30/2025
OK,HAI_4_SIR,SSI - Abdominal Hysterectomy,0.977,,07/01/2024,06/30/2025
OK,HAI_5_CILOWER,MRSA Bacteremia: Lower Confidence Limit,0.631,,07/01/2024,06/30/2025
OK,HAI_5_CIUPPER,MRSA Bacteremia: Upper Confidence Limit,0.924,,07/01/2024,06/30/2025
OK,HAI_5_SIR,MRSA Bacteremia,0.767,,07/01/2024,06/30/2025
OK,HAI_6_CILOWER,Clostridium Difficile (C.Diff): Lower Confidence Limit,0.225,,07/01/2024,06/30/2025
OK,HAI_6_CIUPPER,Clostridium Difficile (C.Diff): Upper Confidence Limit,0.281,,07/01/2024,06/30/2025
OK,HAI_6_SIR,Clostridium Difficile (C.Diff),0.252,,07/01/2024,06/30/2025
OR,HAI_1_CILOWER,Central Line Associated Bloodstream Infection (ICU + select Wards): Lower Confidence Limit,0.397,,07/01/2024,06/30/2025
OR,HAI_1_CIUPPER,Central Line Associated Bloodstream Infection (ICU + select Wards): Upper Confidence Limit,0.607,,07/01/2024,06/30/2025
OR,HAI_1_SIR,Central Line Associated Bloodstream Infection (ICU + select Wards),0.494,,07/01/2024,06/30/2025
OR,HAI_2_CILOWER,Catheter Associated Urinary Tract Infections (ICU + select Wards): Lower Confidence Limit,0.720,,07/01/2024,06/30/2025
OR,HAI_2_CIUPPER,Catheter Associated Urinary Tract Infections (ICU + select Wards): Upper Confidence Limit,0.979,,07/01/2024,06/30/2025
OR,HAI_2_SIR,Catheter Associated Urinary Tract Infections (ICU + select Wards),0.842,,07/01/2024,06/30/2025
OR,HAI_3_CILOWER,SSI - Colon Surgery: Lower Confidence Limit,0.832,,07/01/2024,06/30/2025
OR,HAI_3_CIUPPER,SSI - Colon Surgery: Upper Confidence Limit,1.199,,07/01/2024,06/30/2025
OR,HAI_3_SIR,SSI - Colon Surgery,1.003,,07/01/2024,06/30/2025
OR,HAI_4_CILOWER,SSI - Abdominal Hysterectomy: Lower Confidence Limit,1.021,,07/01/2024,06/30/2025
OR,HAI_4_CIUPPER,SSI - Abdominal Hysterectomy: Upper Confidence Limit,2.047,,07/01/2024,06/30/2025
OR,HAI_4_SIR,SSI - Abdominal Hysterectomy,1.468,,07/01/2024,06/30/2025
OR,HAI_5_CILOWER,MRSA Bacteremia: Lower Confidence Limit,0.594,,07/01/2024,06/30/2025
OR,HAI_5_CIUPPER,MRSA Bacteremia: Upper Confidence Limit,0.938,,07/01/2024,06/30/2025
OR,HAI_5_SIR,MRSA Bacteremia,0.751,,07/01/2024,06/30/2025
OR,HAI_6_CILOWER,Clostridium Difficile (C.Diff): Lower Confidence Limit,0.410,,07/01/2024,06/30/2025
OR,HAI_6_CIUPPER,Clostridium Difficile (C.Diff): Upper Confidence Limit,0.503,,07/01/2024,06/30/2025
OR,HAI_6_SIR,Clostridium Difficile (C.Diff),0.455,,07/01/2024,06/30/2025
PA,HAI_1_CILOWER,Central Line Associated Bloodstream Infection (ICU + select Wards): Lower Confidence Limit,0.562,,07/01/2024,06/30/2025
PA,HAI_1_CIUPPER,Central Line Associated Bloodstream Infection (ICU + select Wards): Upper Confidence Limit,0.665,,07/01/2024,06/30/2025
PA,HAI_1_SIR,Central Line Associated Bloodstream Infection (ICU + select Wards),0.612,,07/01/2024,06/30/2025
PA,HAI_2_CILOWER,Catheter Associated Urinary Tract Infections (ICU + select Wards): Lower Confidence Limit,0.539,,07/01/2024,06/30/2025
PA,HAI_2_CIUPPER,Catheter Associated Urinary Tract Infections (ICU + select Wards): Upper Confidence Limit,0.629,,07/01/2024,06/30/2025
PA,HAI_2_SIR,Catheter Associated Urinary Tract Infections (ICU + select Wards),0.582,,07/01/2024,06/30/2025
PA,HAI_3_CILOWER,SSI - Colon Surgery: Lower Confidence Limit,0.765,,07/01/2024,06/30/2025
PA,HAI_3_CIUPPER,SSI - Colon Surgery: Upper Confidence Limit,0.945,,07/01/2024,06/30/2025
PA,HAI_3_SIR,SSI - Colon Surgery,0.852,,07/01/2024,06/30/2025
PA,HAI_4_CILOWER,SSI - Abdominal Hysterectomy: Lower Confidence Limit,0.918,,07/01/2024,06/30/2025
PA,HAI_4_CIUPPER,SSI - Abdominal Hysterectomy: Upper Confidence Limit,1.440,,07/01/2024,06/30/2025
PA,HAI_4_SIR,SSI - Abdominal Hysterectomy,1.157,,07/01/2024,06/30/2025
PA,HAI_5_CILOWER,MRSA Bacteremia: Lower Confidence Limit,0.685,,07/01/2024,06/30/2025
PA,HAI_5_CIUPPER,MRSA Bacteremia: Upper Confidence Limit,0.838,,07/01/2024,06/30/2025
PA,HAI_5_SIR,MRSA Bacteremia,0.758,,07/01/2024,06/30/2025
PA,HAI_6_CILOWER,Clostridium Difficile (C.Diff): Lower Confidence Limit,0.437,,07/01/2024,06/30/2025
PA,HAI_6_CIUPPER,Clostridium Difficile (C.Diff): Upper Confidence Limit,0.481,,07/01/2024,06/30/2025
PA,HAI_6_SIR,Clostridium Difficile (C.Diff),0.458,,07/01/2024,06/30/2025
PR,HAI_1_CILOWER,Central Line Associated Bloodstream Infection (ICU + select Wards): Lower Confidence Limit,2.088,,07/01/2024,06/30/2025
PR,HAI_1_CIUPPER,Central Line Associated Bloodstream Infection (ICU + select Wards): Upper Confidence Limit,2.623,,07/01/2024,06/30/2025
PR,HAI_1_SIR,Central Line Associated Bloodstream Infection (ICU + select Wards),2.344,,07/01/2024,06/30/2025
PR,HAI_2_CILOWER,Catheter Associated Urinary Tract Infections (ICU + select Wards): Lower Confidence Limit,0.621,,07/01/2024,06/30/2025
PR,HAI_2_CIUPPER,Catheter Associated Urinary Tract Infections (ICU + select Wards): Upper Confidence Limit,0.856,,07/01/2024,06/30/2025
PR,HAI_2_SIR,Catheter Associated Urinary Tract Infections (ICU + select Wards),0.731,,07/01/2024,06/30/2025
PR,HAI_3_CILOWER,SSI - Colon Surgery: Lower Confidence Limit,0.743,,07/01/2024,06/30/2025
PR,HAI_3_CIUPPER,SSI - Colon Surgery: Upper Confidence Limit,7.950,,07/01/2024,06/30/2025
PR,HAI_3_SIR,SSI - Colon Surgery,2.921,,07/01/2024,06/30/2025
PR,HAI_4_CILOWER,SSI - Abdominal Hysterectomy: Lower Confidence Limit,1.473,,07/01/2024,06/30/2025
PR,HAI_4_CIUPPER,SSI - Abdominal Hysterectomy: Upper Confidence Limit,8.909,,07/01/2024,06/30/2025
PR,HAI_4_SIR,SSI - Abdominal Hysterectomy,4.019,,07/01/2024,06/30/2025
PR,HAI_5_CILOWER,MRSA Bacteremia: Lower Confidence Limit,0.201,,07/01/2024,06/30/2025
PR,HAI_5_CIUPPER,MRSA Bacteremia: Upper Confidence Limit,0.757,,07/01/2024,06/30/2025
PR,HAI_5_SIR,MRSA Bacteremia,0.413,,07/01/2024,06/30/2025
PR,HAI_6_CILOWER,Clostridium Difficile (C.Diff): Lower Confidence Limit,0.196,,07/01/2024,06/30/2025
PR,HAI_6_CIUPPER,Clostridium Difficile (C.Diff): Upper Confidence Limit,0.340,,07/01/2024,06/30/2025
PR,HAI_6_SIR,Clostridium Difficile (C.Diff),0.261,,07/01/2024,06/30/2025
RI,HAI_1_CILOWER,Central Line Associated Bloodstream Infection (ICU + select Wards): Lower Confidence Limit,0.502,,07/01/2024,06/30/2025
RI,HAI_1_CIUPPER,Central Line Associated Bloodstream Infection (ICU + select Wards): Upper Confidence Limit,0.928,,07/01/2024,06/30/2025
RI,HAI_1_SIR,Central Line Associated Bloodstream Infection (ICU + select Wards),0.691,,07/01/2024,06/30/2025
RI,HAI_2_CILOWER,Catheter Associated Urinary Tract Infections (ICU + select Wards): Lower Confidence Limit,0.340,,07/01/2024,06/30/2025
RI,HAI_2_CIUPPER,Catheter Associated Urinary Tract Infections (ICU + select Wards): Upper Confidence Limit,0.668,,07/01/2024,06/30/2025
RI,HAI_2_SIR,Catheter Associated Urinary Tract Infections (ICU + select Wards),0.484,,07/01/2024,06/30/2025
RI,HAI_3_CILOWER,SSI - Colon Surgery: Lower Confidence Limit,0.382,,07/01/2024,06/30/2025
RI,HAI_3_CIUPPER,SSI - Colon Surgery: Upper Confidence Limit,0.997,,07/01/2024,06/30/2025
RI,HAI_3_SIR,SSI - Colon Surgery,0.635,,07/01/2024,06/30/2025
RI,HAI_4_CILOWER,SSI - Abdominal Hysterectomy: Lower Confidence Limit,0.013,,07/01/2024,06/30/2025
RI,HAI_4_CIUPPER,SSI - Abdominal Hysterectomy: Upper Confidence Limit,1.280,,07/01/2024,06/30/2025
RI,HAI_4_SIR,SSI - Abdominal Hysterectomy,0.260,,07/01/2024,06/30/2025
RI,HAI_5_CILOWER,MRSA Bacteremia: Lower Confidence Limit,0.511,,07/01/2024,06/30/2025
RI,HAI_5_CIUPPER,MRSA Bacteremia: Upper Confidence Limit,1.048,,07/01/2024,06/30/2025
RI,HAI_5_SIR,MRSA Bacteremia,0.743,,07/01/2024,06/30/2025
RI,HAI_6_CILOWER,Clostridium Difficile (C.Diff): Lower Confidence Limit,0.277,,07/01/2024,06/30/2025
RI,HAI_6_CIUPPER,Clostridium Difficile (C.Diff): Upper Confidence Limit,0.433,,07/01/2024,06/30/2025
RI,HAI_6_SIR,Clostridium Difficile (C.Diff),0.349,,07/01/2024,06/30/2025
SC,HAI_1_CILOWER,Central Line Associated Bloodstream Infection (ICU + select Wards): Lower Confidence Limit,0.488,,07/01/2024,06/30/2025
SC,HAI_1_CIUPPER,Central Line Associated Bloodstream Infection (ICU + select Wards): Upper Confidence Limit,0.666,,07/01/2024,06/30/2025
SC,HAI_1_SIR,Central Line Associated Bloodstream Infection (ICU + select Wards),0.572,,07/01/2024,06/30/2025
SC,HAI_2_CILOWER,Catheter Associated Urinary Tract Infections (ICU + select Wards): Lower Confidence Limit,0.493,,07/01/2024,06/30/2025
SC,HAI_2_CIUPPER,Catheter Associated Urinary Tract Infections (ICU + select Wards): Upper Confidence Limit,0.659,,07/01/2024,06/30/2025
SC,HAI_2_SIR,Catheter Associated Urinary Tract Infections (ICU + select Wards),0.572,,07/01/2024,06/30/2025
SC,HAI_3_CILOWER,SSI - Colon Surgery: Lower Confidence Limit,0.849,,07/01/2024,06/30/2025
SC,HAI_3_CIUPPER,SSI - Colon Surgery: Upper Confidence Limit,1.154,,07/01/2024,06/30/2025
SC,HAI_3_SIR,SSI - Colon Surgery,0.993,,07/01/2024,06/30/2025
SC,HAI_4_CILOWER,SSI - Abdominal Hysterectomy: Lower Confidence Limit,0.836,,07/01/2024,06/30/2025
SC,HAI_4_CIUPPER,SSI - Abdominal Hysterectomy: Upper Confidence Limit,1.512,,07/01/2024,06/30/2025
SC,HAI_4_SIR,SSI - Abdominal Hysterectomy,1.137,,07/01/2024,06/30/2025
SC,HAI_5_CILOWER,MRSA Bacteremia: Lower Confidence Limit,0.532,,07/01/2024,06/30/2025
SC,HAI_5_CIUPPER,MRSA Bacteremia: Upper Confidence Limit,0.751,,07/01/2024,06/30/2025
SC,HAI_5_SIR,MRSA Bacteremia,0.634,,07/01/2024,06/30/2025
SC,HAI_6_CILOWER,Clostridium Difficile (C.Diff): Lower Confidence Limit,0.290,,07/01/2024,06/30/2025
SC,HAI_6_CIUPPER,Clostridium Difficile (C.Diff): Upper Confidence Limit,0.352,,07/01/2024,06/30/2025
SC,HAI_6_SIR,Clostridium Difficile (C.Diff),0.319,,07/01/2024,06/30/2025
SD,HAI_1_CILOWER,Central Line Associated Bloodstream Infection (ICU + select Wards): Lower Confidence Limit,0.259,,07/01/2024,06/30/2025
SD,HAI_1_CIUPPER,Central Line Associated Bloodstream Infection (ICU + select Wards): Upper Confidence Limit,0.676,,07/01/2024,06/30/2025
SD,HAI_1_SIR,Central Line Associated Bloodstream Infection (ICU + select Wards),0.431,,07/01/2024,06/30/2025
SD,HAI_2_CILOWER,Catheter Associated Urinary Tract Infections (ICU + select Wards): Lower Confidence Limit,0.330,,07/01/2024,06/30/2025
SD,HAI_2_CIUPPER,Catheter Associated Urinary Tract Infections (ICU + select Wards): Upper Confidence Limit,0.714,,07/01/2024,06/30/2025
SD,HAI_2_SIR,Catheter Associated Urinary Tract Infections (ICU + select Wards),0.494,,07/01/2024,06/30/2025
SD,HAI_3_CILOWER,SSI - Colon Surgery: Lower Confidence Limit,0.197,,07/01/2024,06/30/2025
SD,HAI_3_CIUPPER,SSI - Colon Surgery: Upper Confidence Limit,0.651,,07/01/2024,06/30/2025
SD,HAI_3_SIR,SSI - Colon Surgery,0.375,,07/01/2024,06/30/2025
SD,HAI_4_CILOWER,SSI - Abdominal Hysterectomy: Lower Confidence Limit,0.297,,07/01/2024,06/30/2025
SD,HAI_4_CIUPPER,SSI - Abdominal Hysterectomy: Upper Confidence Limit,1.523,,07/01/2024,06/30/2025
SD,HAI_4_SIR,SSI - Abdominal Hysterectomy,0.732,,07/01/2024,06/30/2025
SD,HAI_5_CILOWER,MRSA Bacteremia: Lower Confidence Limit,0.398,,07/01/2024,06/30/2025
SD,HAI_5_CIUPPER,MRSA Bacteremia: Upper Confidence Limit,0.940,,07/01/2024,06/30/2025
SD,HAI_5_SIR,MRSA Bacteremia,0.626,,07/01/2024,06/30/2025
SD,HAI_6_CILOWER,Clostridium Difficile (C.Diff): Lower Confidence Limit,0.379,,07/01/2024,06/30/2025
SD,HAI_6_CIUPPER,Clostridium Difficile (C.Diff): Upper Confidence Limit,0.564,,07/01/2024,06/30/2025
SD,HAI_6_SIR,Clostridium Difficile (C.Diff),0.464,,07/01/2024,06/30/2025
TN,HAI_1_CILOWER,Central Line Associated Bloodstream Infection (ICU + select Wards): Lower Confidence Limit,0.515,,07/01/2024,06/30/2025
TN,HAI_1_CIUPPER,Central Line Associated Bloodstream Infection (ICU + select Wards): Upper Confidence Limit,0.651,,07/01/2024,06/30/2025
TN,HAI_1_SIR,Central Line Associated Bloodstream Infection (ICU + select Wards),0.580,,07/01/2024,06/30/2025
TN,HAI_2_CILOWER,Catheter Associated Urinary Tract Infections (ICU + select Wards): Lower Confidence Limit,0.369,,07/01/2024,06/30/2025
TN,HAI_2_CIUPPER,Catheter Associated Urinary Tract Infections (ICU + select Wards): Upper Confidence Limit,0.475,,07/01/2024,06/30/2025
TN,HAI_2_SIR,Catheter Associated Urinary Tract Infections (ICU + select Wards),0.419,,07/01/2024,06/30/2025
TN,HAI_3_CILOWER,SSI - Colon Surgery: Lower Confidence Limit,0.732,,07/01/2024,06/30/2025
TN,HAI_3_CIUPPER,SSI - Colon Surgery: Upper Confidence Limit,0.967,,07/01/2024,06/30/2025
TN,HAI_3_SIR,SSI - Colon Surgery,0.843,,07/01/2024,06/30/2025
TN,HAI_4_CILOWER,SSI - Abdominal Hysterectomy: Lower Confidence Limit,0.843,,07/01/2024,06/30/2025
TN,HAI_4_CIUPPER,SSI - Abdominal Hysterectomy: Upper Confidence Limit,1.479,,07/01/2024,06/30/2025
TN,HAI_4_SIR,SSI - Abdominal Hysterectomy,1.128,,07/01/2024,06/30/2025
TN,HAI_5_CILOWER,MRSA Bacteremia: Lower Confidence Limit,0.874,,07/01/2024,06/30/2025
TN,HAI_5_CIUPPER,MRSA Bacteremia: Upper Confidence Limit,1.096,,07/01/2024,06/30/2025
TN,HAI_5_SIR,MRSA Bacteremia,0.980,,07/01/2024,06/30/2025
TN,HAI_6_CILOWER,Clostridium Difficile (C.Diff): Lower Confidence Limit,0.227,,07/01/2024,06/30/2025
TN,HAI_6_CIUPPER,Clostridium Difficile (C.Diff): Upper Confidence Limit,0.272,,07/01/2024,06/30/2025
TN,HAI_6_SIR,Clostridium Difficile (C.Diff),0.249,,07/01/2024,06/30/2025
TX,HAI_1_CILOWER,Central Line Associated Bloodstream Infection (ICU + select Wards): Lower Confidence Limit,0.467,,07/01/2024,06/30/2025
TX,HAI_1_CIUPPER,Central Line Associated Bloodstream Infection (ICU + select Wards): Upper Confidence Limit,0.539,,07/01/2024,06/30/2025
TX,HAI_1_SIR,Central Line Associated Bloodstream Infection (ICU + select Wards),0.502,,07/01/2024,06/30/2025
TX,HAI_2_CILOWER,Catheter Associated Urinary Tract Infections (ICU + select Wards): Lower Confidence Limit,0.340,,07/01/2024,06/30/2025
TX,HAI_2_CIUPPER,Catheter Associated Urinary Tract Infections (ICU + select Wards): Upper Confidence Limit,0.399,,07/01/2024,06/30/2025
TX,HAI_2_SIR,Catheter Associated Urinary Tract Infections (ICU + select Wards),0.369,,07/01/2024,06/30/2025
TX,HAI_3_CILOWER,SSI - Colon Surgery: Lower Confidence Limit,0.671,,07/01/2024,06/30/2025
TX,HAI_3_CIUPPER,SSI - Colon Surgery: Upper Confidence Limit,0.790,,07/01/2024,06/30/2025
TX,HAI_3_SIR,SSI - Colon Surgery,0.729,,07/01/2024,06/30/2025
TX,HAI_4_CILOWER,SSI - Abdominal Hysterectomy: Lower Confidence Limit,0.745,,07/01/2024,06/30/2025
TX,HAI_4_CIUPPER,SSI - Abdominal Hysterectomy: Upper Confidence Limit,0.994,,07/01/2024,06/30/2025
TX,HAI_4_SIR,SSI - Abdominal Hysterectomy,0.863,,07/01/2024,06/30/2025
TX,HAI_5_CILOWER,MRSA Bacteremia: Lower Confidence Limit,0.579,,07/01/2024,06/30/2025
TX,HAI_5_CIUPPER,MRSA Bacteremia: Upper Confidence Limit,0.684,,07/01/2024,06/30/2025
TX,HAI_5_SIR,MRSA Bacteremia,0.630,,07/01/2024,06/30/2025
TX,HAI_6_CILOWER,Clostridium Difficile (C.Diff): Lower Confidence Limit,0.226,,07/01/2024,06/30/2025
TX,HAI_6_CIUPPER,Clostridium Difficile (C.Diff): Upper Confidence Limit,0.249,,07/01/2024,06/30/2025
TX,HAI_6_SIR,Clostridium Difficile (C.Diff),0.238,,07/01/2024,06/30/2025
UT,HAI_1_CILOWER,Central Line Associated Bloodstream Infection (ICU + select Wards): Lower Confidence Limit,0.320,,07/01/2024,06/30/2025
UT,HAI_1_CIUPPER,Central Line Associated Bloodstream Infection (ICU + select Wards): Upper Confidence Limit,0.552,,07/01/2024,06/30/2025
UT,HAI_1_SIR,Central Line Associated Bloodstream Infection (ICU + select Wards),0.424,,07/01/2024,06/30/2025
UT,HAI_2_CILOWER,Catheter Associated Urinary Tract Infections (ICU + select Wards): Lower Confidence Limit,0.367,,07/01/2024,06/30/2025
UT,HAI_2_CIUPPER,Catheter Associated Urinary Tract Infections (ICU + select Wards): Upper Confidence Limit,0.602,,07/01/2024,06/30/2025
UT,HAI_2_SIR,Catheter Associated Urinary Tract Infections (ICU + select Wards),0.474,,07/01/2024,06/30/2025
UT,HAI_3_CILOWER,SSI - Colon Surgery: Lower Confidence Limit,0.469,,07/01/2024,06/30/2025
UT,HAI_3_CIUPPER,SSI - Colon Surgery: Upper Confidence Limit,0.822,,07/01/2024,06/30/2025
UT,HAI_3_SIR,SSI - Colon Surgery,0.627,,07/01/2024,06/30/2025
UT,HAI_4_CILOWER,SSI - Abdominal Hysterectomy: Lower Confidence Limit,0.128,,07/01/2024,06/30/2025
UT,HAI_4_CIUPPER,SSI - Abdominal Hysterectomy: Upper Confidence Limit,0.655,,07/01/2024,06/30/2025
UT,HAI_4_SIR,SSI - Abdominal Hysterectomy,0.315,,07/01/2024,06/30/2025
UT,HAI_5_CILOWER,MRSA Bacteremia: Lower Confidence Limit,0.339,,07/01/2024,06/30/2025
UT,HAI_5_CIUPPER,MRSA Bacteremia: Upper Confidence Limit,0.687,,07/01/2024,06/30/2025
UT,HAI_5_SIR,MRSA Bacteremia,0.490,,07/01/2024,06/30/2025
UT,HAI_6_CILOWER,Clostridium Difficile (C.Diff): Lower Confidence Limit,0.278,,07/01/2024,06/30/2025
UT,HAI_6_CIUPPER,Clostridium Difficile (C.Diff): Upper Confidence Limit,0.372,,07/01/2024,06/30/2025
UT,HAI_6_SIR,Clostridium Difficile (C.Diff),0.323,,07/01/2024,06/30/2025
VA,HAI_1_CILOWER,Central Line Associated Bloodstream Infection (ICU + select Wards): Lower Confidence Limit,0.453,,07/01/2024,06/30/2025
VA,HAI_1_CIUPPER,Central Line Associated Bloodstream Infection (ICU + select Wards): Upper Confidence Limit,0.598,,07/01/2024,06/30/2025
VA,HAI_1_SIR,Central Line Associated Bloodstream Infection (ICU + select Wards),0.522,,07/01/2024,06/30/2025
VA,HAI_2_CILOWER,Catheter Associated Urinary Tract Infections (ICU + select Wards): Lower Confidence Limit,0.328,,07/01/2024,06/30/2025
VA,HAI_2_CIUPPER,Catheter Associated Urinary Tract Infections (ICU + select Wards): Upper Confidence Limit,0.448,,07/01/2024,06/30/2025
VA,HAI_2_SIR,Catheter Associated Urinary Tract Infections (ICU + select Wards),0.385,,07/01/2024,06/30/2025
VA,HAI_3_CILOWER,SSI - Colon Surgery: Lower Confidence Limit,0.629,,07/01/2024,06/30/2025
VA,HAI_3_CIUPPER,SSI - Colon Surgery: Upper Confidence Limit,0.851,,07/01/2024,06/30/2025
VA,HAI_3_SIR,SSI - Colon Surgery,0.734,,07/01/2024,06/30/2025
VA,HAI_4_CILOWER,SSI - Abdominal Hysterectomy: Lower Confidence Limit,1.013,,07/01/2024,06/30/2025
VA,HAI_4_CIUPPER,SSI - Abdominal Hysterectomy: Upper Confidence Limit,1.619,,07/01/2024,06/30/2025
VA,HAI_4_SIR,SSI - Abdominal Hysterectomy,1.289,,07/01/2024,06/30/2025
VA,HAI_5_CILOWER,MRSA Bacteremia: Lower Confidence Limit,0.552,,07/01/2024,06/30/2025
VA,HAI_5_CIUPPER,MRSA Bacteremia: Upper Confidence Limit,0.748,,07/01/2024,06/30/2025
VA,HAI_5_SIR,MRSA Bacteremia,0.645,,07/01/2024,06/30/2025
VA,HAI_6_CILOWER,Clostridium Difficile (C.Diff): Lower Confidence Limit,0.239,,07/01/2024,06/30/2025
VA,HAI_6_CIUPPER,Clostridium Difficile (C.Diff): Upper Confidence Limit,0.284,,07/01/2024,06/30/2025
VA,HAI_6_SIR,Clostridium Difficile (C.Diff),0.261,,07/01/2024,06/30/2025
VI,HAI_1_CILOWER,Central Line Associated Bloodstream Infection (ICU + select Wards): Lower Confidence Limit,Not Available,5,07/01/2024,06/30/2025
VI,HAI_1_CIUPPER,Central Line Associated Bloodstream Infection (ICU + select Wards): Upper Confidence Limit,Not Available,5,07/01/2024,06/30/2025
VI,HAI_1_SIR,Central Line Associated Bloodstream Infection (ICU + select Wards),Not Available,5,07/01/2024,06/30/2025
VI,HAI_2_CILOWER,Catheter Associated Urinary Tract Infections (ICU + select Wards): Lower Confidence Limit,Not Available,5,07/01/2024,06/30/2025
VI,HAI_2_CIUPPER,Catheter Associated Urinary Tract Infections (ICU + select Wards): Upper Confidence Limit,Not Available,5,07/01/2024,06/30/2025
VI,HAI_2_SIR,Catheter Associated Urinary Tract Infections (ICU + select Wards),Not Available,5,07/01/2024,06/30/2025
VI,HAI_3_CILOWER,SSI - Colon Surgery: Lower Confidence Limit,Not Available,5,07/01/2024,06/30/2025
VI,HAI_3_CIUPPER,SSI - Colon Surgery: Upper Confidence Limit,Not Available,5,07/01/2024,06/30/2025
VI,HAI_3_SIR,SSI - Colon Surgery,Not Available,5,07/01/2024,06/30/2025
VI,HAI_4_CILOWER,SSI - Abdominal Hysterectomy: Lower Confidence Limit,Not Available,5,07/01/2024,06/30/2025
VI,HAI_4_CIUPPER,SSI - Abdominal Hysterectomy: Upper Confidence Limit,Not Available,5,07/01/2024,06/30/2025
VI,HAI_4_SIR,SSI - Abdominal Hysterectomy,Not Available,5,07/01/2024,06/30/2025
VI,HAI_5_CILOWER,MRSA Bacteremia: Lower Confidence Limit,Not Available,5,07/01/2024,06/30/2025
VI,HAI_5_CIUPPER,MRSA Bacteremia: Upper Confidence Limit,Not Available,5,07/01/2024,06/30/2025
VI,HAI_5_SIR,MRSA Bacteremia,Not Available,5,07/01/2024,06/30/2025
VI,HAI_6_CILOWER,Clostridium Difficile (C.Diff): Lower Confidence Limit,Not Available,5,07/01/2024,06/30/2025
VI,HAI_6_CIUPPER,Clostridium Difficile (C.Diff): Upper Confidence Limit,Not Available,5,07/01/2024,06/30/2025
VI,HAI_6_SIR,Clostridium Difficile (C.Diff),Not Available,5,07/01/2024,06/30/2025
VT,HAI_1_CILOWER,Central Line Associated Bloodstream Infection (ICU + select Wards): Lower Confidence Limit,0.504,,07/01/2024,06/30/2025
VT,HAI_1_CIUPPER,Central Line Associated Bloodstream Infection (ICU + select Wards): Upper Confidence Limit,1.217,,07/01/2024,06/30/2025
VT,HAI_1_SIR,Central Line Associated Bloodstream Infection (ICU + select Wards),0.802,,07/01/2024,06/30/2025
VT,HAI_2_CILOWER,Catheter Associated Urinary Tract Infections (ICU + select Wards): Lower Confidence Limit,0.749,,07/01/2024,06/30/2025
VT,HAI_2_CIUPPER,Catheter Associated Urinary Tract Infections (ICU + select Wards): Upper Confidence Limit,1.430,,07/01/2024,06/30/2025
VT,HAI_2_SIR,Catheter Associated Urinary Tract Infections (ICU + select Wards),1.049,,07/01/2024,06/30/2025
VT,HAI_3_CILOWER,SSI - Colon Surgery: Lower Confidence Limit,0.568,,07/01/2024,06/30/2025
VT,HAI_3_CIUPPER,SSI - Colon Surgery: Upper Confidence Limit,1.703,,07/01/2024,06/30/2025
VT,HAI_3_SIR,SSI - Colon Surgery,1.022,,07/01/2024,06/30/2025
VT,HAI_4_CILOWER,SSI - Abdominal Hysterectomy: Lower Confidence Limit,0.174,,07/01/2024,06/30/2025
VT,HAI_4_CIUPPER,SSI - Abdominal Hysterectomy: Upper Confidence Limit,3.425,,07/01/2024,06/30/2025
VT,HAI_4_SIR,SSI - Abdominal Hysterectomy,1.037,,07/01/2024,06/30/2025
VT,HAI_5_CILOWER,MRSA Bacteremia: Lower Confidence Limit,0.068,,07/01/2024,06/30/2025
VT,HAI_5_CIUPPER,MRSA Bacteremia: Upper Confidence Limit,0.516,,07/01/2024,06/30/2025
VT,HAI_5_SIR,MRSA Bacteremia,0.214,,07/01/2024,06/30/2025
VT,HAI_6_CILOWER,Clostridium Difficile (C.Diff): Lower Confidence Limit,0.515,,07/01/2024,06/30/2025
VT,HAI_6_CIUPPER,Clostridium Difficile (C.Diff): Upper Confidence Limit,0.778,,07/01/2024,06/30/2025
VT,HAI_6_SIR,Clostridium Difficile (C.Diff),0.636,,07/01/2024,06/30/2025
WA,HAI_1_CILOWER,Central Line Associated Bloodstream Infection (ICU + select Wards): Lower Confidence Limit,0.579,,07/01/2024,06/30/2025
WA,HAI_1_CIUPPER,Central Line Associated Bloodstream Infection (ICU + select Wards): Upper Confidence Limit,0.745,,07/01/2024,06/30/2025
WA,HAI_1_SIR,Central Line Associated Bloodstream Infection (ICU + select Wards),0.658,,07/01/2024,06/30/2025
WA,HAI_2_CILOWER,Catheter Associated Urinary Tract Infections (ICU + select Wards): Lower Confidence Limit,0.554,,07/01/2024,06/30/2025
WA,HAI_2_CIUPPER,Catheter Associated Urinary Tract Infections (ICU + select Wards): Upper Confidence Limit,0.706,,07/01/2024,06/30/2025
WA,HAI_2_SIR,Catheter Associated Urinary Tract Infections (ICU + select Wards),0.627,,07/01/2024,06/30/2025
WA,HAI_3_CILOWER,SSI - Colon Surgery: Lower Confidence Limit,0.876,,07/01/2024,06/30/2025
WA,HAI_3_CIUPPER,SSI - Colon Surgery: Upper Confidence Limit,1.168,,07/01/2024,06/30/2025
WA,HAI_3_SIR,SSI - Colon Surgery,1.014,,07/01/2024,06/30/2025
WA,HAI_4_CILOWER,SSI - Abdominal Hysterectomy: Lower Confidence Limit,0.901,,07/01/2024,06/30/2025
WA,HAI_4_CIUPPER,SSI - Abdominal Hysterectomy: Upper Confidence Limit,1.719,,07/01/2024,06/30/2025
WA,HAI_4_SIR,SSI - Abdominal Hysterectomy,1.261,,07/01/2024,06/30/2025
WA,HAI_5_CILOWER,MRSA Bacteremia: Lower Confidence Limit,0.542,,07/01/2024,06/30/2025
WA,HAI_5_CIUPPER,MRSA Bacteremia: Upper Confidence Limit,0.766,,07/01/2024,06/30/2025
WA,HAI_5_SIR,MRSA Bacteremia,0.646,,07/01/2024,06/30/2025
WA,HAI_6_CILOWER,Clostridium Difficile (C.Diff): Lower Confidence Limit,0.378,,07/01/2024,06/30/2025
WA,HAI_6_CIUPPER,Clostridium Difficile (C.Diff): Upper Confidence Limit,0.447,,07/01/2024,06/30/2025
WA,HAI_6_SIR,Clostridium Difficile (C.Diff),0.412,,07/01/2024,06/30/2025
WI,HAI_1_CILOWER,Central Line Associated Bloodstream Infection (ICU + select Wards): Lower Confidence Limit,0.435,,07/01/2024,06/30/2025
WI,HAI_1_CIUPPER,Central Line Associated Bloodstream Infection (ICU + select Wards): Upper Confidence Limit,0.598,,07/01/2024,06/30/2025
WI,HAI_1_SIR,Central Line Associated Bloodstream Infection (ICU + select Wards),0.512,,07/01/2024,06/30/2025
WI,HAI_2_CILOWER,Catheter Associated Urinary Tract Infections (ICU + select Wards): Lower Confidence Limit,0.486,,07/01/2024,06/30/2025
WI,HAI_2_CIUPPER,Catheter Associated Urinary Tract Infections (ICU + select Wards): Upper Confidence Limit,0.644,,07/01/2024,06/30/2025
WI,HAI_2_SIR,Catheter Associated Urinary Tract Infections (ICU + select Wards),0.561,,07/01/2024,06/30/2025
WI,HAI_3_CILOWER,SSI - Colon Surgery: Lower Confidence Limit,0.881,,07/01/2024,06/30/2025
WI,HAI_3_CIUPPER,SSI - Colon Surgery: Upper Confidence Limit,1.184,,07/01/2024,06/30/2025
WI,HAI_3_SIR,SSI - Colon Surgery,1.024,,07/01/2024,06/30/2025
WI,HAI_4_CILOWER,SSI - Abdominal Hysterectomy: Lower Confidence Limit,1.255,,07/01/2024,06/30/2025
WI,HAI_4_CIUPPER,SSI - Abdominal Hysterectomy: Upper Confidence Limit,2.255,,07/01/2024,06/30/2025
WI,HAI_4_SIR,SSI - Abdominal Hysterectomy,1.700,,07/01/2024,06/30/2025
WI,HAI_5_CILOWER,MRSA Bacteremia: Lower Confidence Limit,0.424,,07/01/2024,06/30/2025
WI,HAI_5_CIUPPER,MRSA Bacteremia: Upper Confidence Limit,0.669,,07/01/2024,06/30/2025
WI,HAI_5_SIR,MRSA Bacteremia,0.536,,07/01/2024,06/30/2025
WI,HAI_6_CILOWER,Clostridium Difficile (C.Diff): Lower Confidence Limit,0.506,,07/01/2024,06/30/2025
WI,HAI_6_CIUPPER,Clostridium Difficile (C.Diff): Upper Confidence Limit,0.588,,07/01/2024,06/30/2025
WI,HAI_6_SIR,Clostridium Difficile (C.Diff),0.546,,07/01/2024,06/30/2025
WV,HAI_1_CILOWER,Central Line Associated Bloodstream Infection (ICU + select Wards): Lower Confidence Limit,0.620,,07/01/2024,06/30/2025
WV,HAI_1_CIUPPER,Central Line Associated Bloodstream Infection (ICU + select Wards): Upper Confidence Limit,0.898,,07/01/2024,06/30/2025
WV,HAI_1_SIR,Central Line Associated Bloodstream Infection (ICU + select Wards),0.749,,07/01/2024,06/30/2025
WV,HAI_2_CILOWER,Catheter Associated Urinary Tract Infections (ICU + select Wards): Lower Confidence Limit,0.461,,07/01/2024,06/30/2025
WV,HAI_2_CIUPPER,Catheter Associated Urinary Tract Infections (ICU + select Wards): Upper Confidence Limit,0.660,,07/01/2024,06/30/2025
WV,HAI_2_SIR,Catheter Associated Urinary Tract Infections (ICU + select Wards),0.554,,07/01/2024,06/30/2025
WV,HAI_3_CILOWER,SSI - Colon Surgery: Lower Confidence Limit,1.039,,07/01/2024,06/30/2025
WV,HAI_3_CIUPPER,SSI - Colon Surgery: Upper Confidence Limit,1.599,,07/01/2024,06/30/2025
WV,HAI_3_SIR,SSI - Colon Surgery,1.296,,07/01/2024,06/30/2025
WV,HAI_4_CILOWER,SSI - Abdominal Hysterectomy: Lower Confidence Limit,0.318,,07/01/2024,06/30/2025
WV,HAI_4_CIUPPER,SSI - Abdominal Hysterectomy: Upper Confidence Limit,1.195,,07/01/2024,06/30/2025
WV,HAI_4_SIR,SSI - Abdominal Hysterectomy,0.651,,07/01/2024,06/30/2025
WV,HAI_5_CILOWER,MRSA Bacteremia: Lower Confidence Limit,0.766,,07/01/2024,06/30/2025
WV,HAI_5_CIUPPER,MRSA Bacteremia: Upper Confidence Limit,1.148,,07/01/2024,06/30/2025
WV,HAI_5_SIR,MRSA Bacteremia,0.942,,07/01/2024,06/30/2025
WV,HAI_6_CILOWER,Clostridium Difficile (C.Diff): Lower Confidence Limit,0.494,,07/01/2024,06/30/2025
WV,HAI_6_CIUPPER,Clostridium Difficile (C.Diff): Upper Confidence Limit,0.614,,07/01/2024,06/30/2025
WV,HAI_6_SIR,Clostridium Difficile (C.Diff),0.552,,07/01/2024,06/30/2025
WY,HAI_1_CILOWER,Central Line Associated Bloodstream Infection (ICU + select Wards): Lower Confidence Limit,0.224,,07/01/2024,06/30/2025
WY,HAI_1_CIUPPER,Central Line Associated Bloodstream Infection (ICU + select Wards): Upper Confidence Limit,1.151,,07/01/2024,06/30/2025
WY,HAI_1_SIR,Central Line Associated Bloodstream Infection (ICU + select Wards),0.554,,07/01/2024,06/30/2025
WY,HAI_2_CILOWER,Catheter Associated Urinary Tract Infections (ICU + select Wards): Lower Confidence Limit,0.218,,07/01/2024,06/30/2025
WY,HAI_2_CIUPPER,Catheter Associated Urinary Tract Infections (ICU + select Wards): Upper Confidence Limit,0.893,,07/01/2024,06/30/2025
WY,HAI_2_SIR,Catheter Associated Urinary Tract Infections (ICU + select Wards),0.470,,07/01/2024,06/30/2025
WY,HAI_3_CILOWER,SSI - Colon Surgery: Lower Confidence Limit,0.584,,07/01/2024,06/30/2025
WY,HAI_3_CIUPPER,SSI - Colon Surgery: Upper Confidence Limit,1.931,,07/01/2024,06/30/2025
WY,HAI_3_SIR,SSI - Colon Surgery,1.111,,07/01/2024,06/30/2025
WY,HAI_4_CILOWER,SSI - Abdominal Hysterectomy: Lower Confidence Limit,0.033,,07/01/2024,06/30/2025
WY,HAI_4_CIUPPER,SSI - Abdominal Hysterectomy: Upper Confidence Limit,3.270,,07/01/2024,06/30/2025
WY,HAI_4_SIR,SSI - Abdominal Hysterectomy,0.663,,07/01/2024,06/30/2025
WY,HAI_5_CILOWER,MRSA Bacteremia: Lower Confidence Limit,0.134,,07/01/2024,06/30/2025
WY,HAI_5_CIUPPER,MRSA Bacteremia: Upper Confidence Limit,1.437,,07/01/2024,06/30/2025
WY,HAI_5_SIR,MRSA Bacteremia,0.528,,07/01/2024,06/30/2025
WY,HAI_6_CILOWER,Clostridium Difficile (C.Diff): Lower Confidence Limit,0.339,,07/01/2024,06/30/2025
WY,HAI_6_CIUPPER,Clostridium Difficile (C.Diff): Upper Confidence Limit,0.679,,07/01/2024,06/30/2025
WY,HAI_6_SIR,Clostridium Difficile (C.Diff),0.487,,07/01/2024,06/30/2025
