"State","Condition","Measure ID","Measure Name","Score","Footnote","Start Date","End Date"
AK,Healthcare Personnel Vaccination,IMM_3,Healthcare workers given influenza vaccination Higher percentages are better,74,,10/01/2024,03/31/2025
AK,Emergency Department,OP_18a,"Average (median) time all patients spent in the emergency department before leaving from the visit, including psychiatric/mental health patients and patients who were transferred to another facility. A lower number of minutes is better",143,,07/01/2024,06/30/2025
AK,Emergency Department,OP_18a_HIGH_MIN,"Average (median) time all patients spent in the emergency department before leaving from the visit, including psychiatric/mental health patients and patients who were transferred to another facility. A lower number of minutes is better (High)",154,,07/01/2024,06/30/2025
AK,Emergency Department,OP_18a_LOW_MIN,"Average (median) time all patients spent in the emergency department before leaving from the visit, including psychiatric/mental health patients and patients who were transferred to another facility. A lower number of minutes is better (Low)",136,,07/01/2024,06/30/2025
AK,Emergency Department,OP_18a_MEDIUM_MIN,"Average (median) time all patients spent in the emergency department before leaving from the visit, including psychiatric/mental health patients and patients who were transferred to another facility. A lower number of minutes is better (Moderate)",153,,07/01/2024,06/30/2025
AK,Emergency Department,OP_18a_VERY_HIGH_MIN,"Average (median) time all patients spent in the emergency department before leaving from the visit, including psychiatric/mental health patients and patients who were transferred to another facility. A lower number of minutes is better (Very High)",Not Available,5,07/01/2024,06/30/2025
AK,Emergency Department,OP_18b,"Average (median) time patients spent in the emergency department before leaving from the visit, excluding patients transferred to another facility or psychiatric care/mental health patients. A lower number of minutes is better",136,"25, 26",07/01/2024,06/30/2025
AK,Emergency Department,OP_18b_HIGH_MIN,"Average (median) time patients spent in the emergency department before leaving from the visit, excluding patients transferred to another facility or psychiatric care/mental health patients. A lower number of minutes is better (High)",151,"25, 26",07/01/2024,06/30/2025
AK,Emergency Department,OP_18b_LOW_MIN,"Average (median) time patients spent in the emergency department before leaving from the visit, excluding patients transferred to another facility or psychiatric care/mental health patients. A lower number of minutes is better (Low)",130,"25, 26",07/01/2024,06/30/2025
AK,Emergency Department,OP_18b_MEDIUM_MIN,"Average (median) time patients spent in the emergency department before leaving from the visit, excluding patients transferred to another facility or psychiatric care/mental health patients. A lower number of minutes is better (Moderate)",145,"25, 26",07/01/2024,06/30/2025
AK,Emergency Department,OP_18b_VERY_HIGH_MIN,"Average (median) time patients spent in the emergency department before leaving from the visit, excluding patients transferred to another facility or psychiatric care/mental health patients. A lower number of minutes is better (Very High)",Not Available,"25, 26",07/01/2024,06/30/2025
AK,Emergency Department,OP_18c,Average (median) time psychiatric/mental health patients spent in the emergency department before leaving from the visit. A lower number of minutes is better,191,25,07/01/2024,06/30/2025
AK,Emergency Department,OP_18c_HIGH_MIN,Average (median) time psychiatric/mental health patients spent in the emergency department before leaving from the visit. A lower number of minutes is better (High),210,25,07/01/2024,06/30/2025
AK,Emergency Department,OP_18c_LOW_MIN,Average (median) time psychiatric/mental health patients spent in the emergency department before leaving from the visit. A lower number of minutes is better (Low),174,25,07/01/2024,06/30/2025
AK,Emergency Department,OP_18c_MEDIUM_MIN,Average (median) time psychiatric/mental health patients spent in the emergency department before leaving from the visit. A lower number of minutes is better (Moderate),218,25,07/01/2024,06/30/2025
AK,Emergency Department,OP_18c_VERY_HIGH_MIN,Average (median) time psychiatric/mental health patients spent in the emergency department before leaving from the visit. A lower number of minutes is better (Very High),Not Available,25,07/01/2024,06/30/2025
AK,Emergency Department,OP_18d,Average (median) time patients spent in the emergency department before being transferred to another facility. A lower number of minutes is better,314,,07/01/2024,06/30/2025
AK,Emergency Department,OP_18d_HIGH_MIN,Average (median) time patients spent in the emergency department before being transferred to another facility. A lower number of minutes is better (High),277,,07/01/2024,06/30/2025
AK,Emergency Department,OP_18d_LOW_MIN,Average (median) time patients spent in the emergency department before being transferred to another facility. A lower number of minutes is better (Low),318,,07/01/2024,06/30/2025
AK,Emergency Department,OP_18d_MEDIUM_MIN,Average (median) time patients spent in the emergency department before being transferred to another facility. A lower number of minutes is better (Moderate),218,,07/01/2024,06/30/2025
AK,Emergency Department,OP_18d_VERY_HIGH_MIN,Average (median) time patients spent in the emergency department before being transferred to another facility. A lower number of minutes is better (Very High),Not Available,5,07/01/2024,06/30/2025
AK,Emergency Department,OP_22,Percentage of patients who left the emergency department before being seen Lower percentages are better,1,"25, 26",01/01/2024,12/31/2024
AK,Emergency Department,OP_23,Percentage of patients who came to the emergency department with stroke symptoms who received brain scan results within 45 minutes of arrival Higher percentages are better,66,25,07/01/2024,06/30/2025
AK,Colonoscopy care,OP_29,Percentage of patients receiving appropriate recommendation for follow-up screening colonoscopy Higher percentages are better,87,"25, 26",01/01/2024,12/31/2024
AK,Cataract surgery outcome,OP_31,Percentage of patients who had cataract surgery and had improvement in visual function within 90 days following the surgery Higher percentages are better,Not Available,5,01/01/2024,12/31/2024
AK,Electronic Clinical Quality Measure,SAFE_USE_OF_OPIOIDS,Safe Use of Opioids - Concurrent Prescribing,16,,01/01/2024,12/31/2024
AK,Sepsis Care,SEP_1,Percentage of patients who received appropriate care for severe sepsis and septic shock. Higher percentages are better,59,"25, 26",07/01/2024,06/30/2025
AK,Sepsis Care,SEP_SH_3HR,Septic Shock 3-Hour Bundle,64,"25, 26",07/01/2024,06/30/2025
AK,Sepsis Care,SEP_SH_6HR,Septic Shock 6-Hour Bundle,80,"25, 26",07/01/2024,06/30/2025
AK,Sepsis Care,SEV_SEP_3HR,Severe Sepsis 3-Hour Bundle,80,"25, 26",07/01/2024,06/30/2025
AK,Sepsis Care,SEV_SEP_6HR,Severe Sepsis 6-Hour Bundle,92,"25, 26",07/01/2024,06/30/2025
AL,Healthcare Personnel Vaccination,IMM_3,Healthcare workers given influenza vaccination Higher percentages are better,72,,10/01/2024,03/31/2025
AL,Emergency Department,OP_18a,"Average (median) time all patients spent in the emergency department before leaving from the visit, including psychiatric/mental health patients and patients who were transferred to another facility. A lower number of minutes is better",155,,07/01/2024,06/30/2025
AL,Emergency Department,OP_18a_HIGH_MIN,"Average (median) time all patients spent in the emergency department before leaving from the visit, including psychiatric/mental health patients and patients who were transferred to another facility. A lower number of minutes is better (High)",167,,07/01/2024,06/30/2025
AL,Emergency Department,OP_18a_LOW_MIN,"Average (median) time all patients spent in the emergency department before leaving from the visit, including psychiatric/mental health patients and patients who were transferred to another facility. A lower number of minutes is better (Low)",132,,07/01/2024,06/30/2025
AL,Emergency Department,OP_18a_MEDIUM_MIN,"Average (median) time all patients spent in the emergency department before leaving from the visit, including psychiatric/mental health patients and patients who were transferred to another facility. A lower number of minutes is better (Moderate)",170,,07/01/2024,06/30/2025
AL,Emergency Department,OP_18a_VERY_HIGH_MIN,"Average (median) time all patients spent in the emergency department before leaving from the visit, including psychiatric/mental health patients and patients who were transferred to another facility. A lower number of minutes is better (Very High)",200,,07/01/2024,06/30/2025
AL,Emergency Department,OP_18b,"Average (median) time patients spent in the emergency department before leaving from the visit, excluding patients transferred to another facility or psychiatric care/mental health patients. A lower number of minutes is better",149,"25, 26",07/01/2024,06/30/2025
AL,Emergency Department,OP_18b_HIGH_MIN,"Average (median) time patients spent in the emergency department before leaving from the visit, excluding patients transferred to another facility or psychiatric care/mental health patients. A lower number of minutes is better (High)",164,"25, 26",07/01/2024,06/30/2025
AL,Emergency Department,OP_18b_LOW_MIN,"Average (median) time patients spent in the emergency department before leaving from the visit, excluding patients transferred to another facility or psychiatric care/mental health patients. A lower number of minutes is better (Low)",125,"25, 26",07/01/2024,06/30/2025
AL,Emergency Department,OP_18b_MEDIUM_MIN,"Average (median) time patients spent in the emergency department before leaving from the visit, excluding patients transferred to another facility or psychiatric care/mental health patients. A lower number of minutes is better (Moderate)",166,"25, 26",07/01/2024,06/30/2025
AL,Emergency Department,OP_18b_VERY_HIGH_MIN,"Average (median) time patients spent in the emergency department before leaving from the visit, excluding patients transferred to another facility or psychiatric care/mental health patients. A lower number of minutes is better (Very High)",195,"25, 26",07/01/2024,06/30/2025
AL,Emergency Department,OP_18c,Average (median) time psychiatric/mental health patients spent in the emergency department before leaving from the visit. A lower number of minutes is better,218,25,07/01/2024,06/30/2025
AL,Emergency Department,OP_18c_HIGH_MIN,Average (median) time psychiatric/mental health patients spent in the emergency department before leaving from the visit. A lower number of minutes is better (High),247,25,07/01/2024,06/30/2025
AL,Emergency Department,OP_18c_LOW_MIN,Average (median) time psychiatric/mental health patients spent in the emergency department before leaving from the visit. A lower number of minutes is better (Low),180,25,07/01/2024,06/30/2025
AL,Emergency Department,OP_18c_MEDIUM_MIN,Average (median) time psychiatric/mental health patients spent in the emergency department before leaving from the visit. A lower number of minutes is better (Moderate),262,25,07/01/2024,06/30/2025
AL,Emergency Department,OP_18c_VERY_HIGH_MIN,Average (median) time psychiatric/mental health patients spent in the emergency department before leaving from the visit. A lower number of minutes is better (Very High),325,25,07/01/2024,06/30/2025
AL,Emergency Department,OP_18d,Average (median) time patients spent in the emergency department before being transferred to another facility. A lower number of minutes is better,299,,07/01/2024,06/30/2025
AL,Emergency Department,OP_18d_HIGH_MIN,Average (median) time patients spent in the emergency department before being transferred to another facility. A lower number of minutes is better (High),257,,07/01/2024,06/30/2025
AL,Emergency Department,OP_18d_LOW_MIN,Average (median) time patients spent in the emergency department before being transferred to another facility. A lower number of minutes is better (Low),285,,07/01/2024,06/30/2025
AL,Emergency Department,OP_18d_MEDIUM_MIN,Average (median) time patients spent in the emergency department before being transferred to another facility. A lower number of minutes is better (Moderate),325,,07/01/2024,06/30/2025
AL,Emergency Department,OP_18d_VERY_HIGH_MIN,Average (median) time patients spent in the emergency department before being transferred to another facility. A lower number of minutes is better (Very High),442,,07/01/2024,06/30/2025
AL,Emergency Department,OP_22,Percentage of patients who left the emergency department before being seen Lower percentages are better,2,"25, 26",01/01/2024,12/31/2024
AL,Emergency Department,OP_23,Percentage of patients who came to the emergency department with stroke symptoms who received brain scan results within 45 minutes of arrival Higher percentages are better,67,25,07/01/2024,06/30/2025
AL,Colonoscopy care,OP_29,Percentage of patients receiving appropriate recommendation for follow-up screening colonoscopy Higher percentages are better,92,"25, 26",01/01/2024,12/31/2024
AL,Cataract surgery outcome,OP_31,Percentage of patients who had cataract surgery and had improvement in visual function within 90 days following the surgery Higher percentages are better,100,,01/01/2024,12/31/2024
AL,Electronic Clinical Quality Measure,SAFE_USE_OF_OPIOIDS,Safe Use of Opioids - Concurrent Prescribing,13,,01/01/2024,12/31/2024
AL,Sepsis Care,SEP_1,Percentage of patients who received appropriate care for severe sepsis and septic shock. Higher percentages are better,63,"25, 26",07/01/2024,06/30/2025
AL,Sepsis Care,SEP_SH_3HR,Septic Shock 3-Hour Bundle,73,"25, 26",07/01/2024,06/30/2025
AL,Sepsis Care,SEP_SH_6HR,Septic Shock 6-Hour Bundle,88,"25, 26",07/01/2024,06/30/2025
AL,Sepsis Care,SEV_SEP_3HR,Severe Sepsis 3-Hour Bundle,80,"25, 26",07/01/2024,06/30/2025
AL,Sepsis Care,SEV_SEP_6HR,Severe Sepsis 6-Hour Bundle,92,"25, 26",07/01/2024,06/30/2025
AR,Healthcare Personnel Vaccination,IMM_3,Healthcare workers given influenza vaccination Higher percentages are better,78,,10/01/2024,03/31/2025
AR,Emergency Department,OP_18a,"Average (median) time all patients spent in the emergency department before leaving from the visit, including psychiatric/mental health patients and patients who were transferred to another facility. A lower number of minutes is better",147,,07/01/2024,06/30/2025
AR,Emergency Department,OP_18a_HIGH_MIN,"Average (median) time all patients spent in the emergency department before leaving from the visit, including psychiatric/mental health patients and patients who were transferred to another facility. A lower number of minutes is better (High)",174,,07/01/2024,06/30/2025
AR,Emergency Department,OP_18a_LOW_MIN,"Average (median) time all patients spent in the emergency department before leaving from the visit, including psychiatric/mental health patients and patients who were transferred to another facility. A lower number of minutes is better (Low)",124,,07/01/2024,06/30/2025
AR,Emergency Department,OP_18a_MEDIUM_MIN,"Average (median) time all patients spent in the emergency department before leaving from the visit, including psychiatric/mental health patients and patients who were transferred to another facility. A lower number of minutes is better (Moderate)",153,,07/01/2024,06/30/2025
AR,Emergency Department,OP_18a_VERY_HIGH_MIN,"Average (median) time all patients spent in the emergency department before leaving from the visit, including psychiatric/mental health patients and patients who were transferred to another facility. A lower number of minutes is better (Very High)",225,,07/01/2024,06/30/2025
AR,Emergency Department,OP_18b,"Average (median) time patients spent in the emergency department before leaving from the visit, excluding patients transferred to another facility or psychiatric care/mental health patients. A lower number of minutes is better",140,"25, 26",07/01/2024,06/30/2025
AR,Emergency Department,OP_18b_HIGH_MIN,"Average (median) time patients spent in the emergency department before leaving from the visit, excluding patients transferred to another facility or psychiatric care/mental health patients. A lower number of minutes is better (High)",171,"25, 26",07/01/2024,06/30/2025
AR,Emergency Department,OP_18b_LOW_MIN,"Average (median) time patients spent in the emergency department before leaving from the visit, excluding patients transferred to another facility or psychiatric care/mental health patients. A lower number of minutes is better (Low)",114,"25, 26",07/01/2024,06/30/2025
AR,Emergency Department,OP_18b_MEDIUM_MIN,"Average (median) time patients spent in the emergency department before leaving from the visit, excluding patients transferred to another facility or psychiatric care/mental health patients. A lower number of minutes is better (Moderate)",146,"25, 26",07/01/2024,06/30/2025
AR,Emergency Department,OP_18b_VERY_HIGH_MIN,"Average (median) time patients spent in the emergency department before leaving from the visit, excluding patients transferred to another facility or psychiatric care/mental health patients. A lower number of minutes is better (Very High)",224,"25, 26",07/01/2024,06/30/2025
AR,Emergency Department,OP_18c,Average (median) time psychiatric/mental health patients spent in the emergency department before leaving from the visit. A lower number of minutes is better,210,25,07/01/2024,06/30/2025
AR,Emergency Department,OP_18c_HIGH_MIN,Average (median) time psychiatric/mental health patients spent in the emergency department before leaving from the visit. A lower number of minutes is better (High),239,25,07/01/2024,06/30/2025
AR,Emergency Department,OP_18c_LOW_MIN,Average (median) time psychiatric/mental health patients spent in the emergency department before leaving from the visit. A lower number of minutes is better (Low),165,25,07/01/2024,06/30/2025
AR,Emergency Department,OP_18c_MEDIUM_MIN,Average (median) time psychiatric/mental health patients spent in the emergency department before leaving from the visit. A lower number of minutes is better (Moderate),236,25,07/01/2024,06/30/2025
AR,Emergency Department,OP_18c_VERY_HIGH_MIN,Average (median) time psychiatric/mental health patients spent in the emergency department before leaving from the visit. A lower number of minutes is better (Very High),268,25,07/01/2024,06/30/2025
AR,Emergency Department,OP_18d,Average (median) time patients spent in the emergency department before being transferred to another facility. A lower number of minutes is better,242,,07/01/2024,06/30/2025
AR,Emergency Department,OP_18d_HIGH_MIN,Average (median) time patients spent in the emergency department before being transferred to another facility. A lower number of minutes is better (High),212,,07/01/2024,06/30/2025
AR,Emergency Department,OP_18d_LOW_MIN,Average (median) time patients spent in the emergency department before being transferred to another facility. A lower number of minutes is better (Low),245,,07/01/2024,06/30/2025
AR,Emergency Department,OP_18d_MEDIUM_MIN,Average (median) time patients spent in the emergency department before being transferred to another facility. A lower number of minutes is better (Moderate),243,,07/01/2024,06/30/2025
AR,Emergency Department,OP_18d_VERY_HIGH_MIN,Average (median) time patients spent in the emergency department before being transferred to another facility. A lower number of minutes is better (Very High),249,,07/01/2024,06/30/2025
AR,Emergency Department,OP_22,Percentage of patients who left the emergency department before being seen Lower percentages are better,2,"25, 26",01/01/2024,12/31/2024
AR,Emergency Department,OP_23,Percentage of patients who came to the emergency department with stroke symptoms who received brain scan results within 45 minutes of arrival Higher percentages are better,71,25,07/01/2024,06/30/2025
AR,Colonoscopy care,OP_29,Percentage of patients receiving appropriate recommendation for follow-up screening colonoscopy Higher percentages are better,94,"25, 26",01/01/2024,12/31/2024
AR,Cataract surgery outcome,OP_31,Percentage of patients who had cataract surgery and had improvement in visual function within 90 days following the surgery Higher percentages are better,Not Available,5,01/01/2024,12/31/2024
AR,Electronic Clinical Quality Measure,SAFE_USE_OF_OPIOIDS,Safe Use of Opioids - Concurrent Prescribing,16,,01/01/2024,12/31/2024
AR,Sepsis Care,SEP_1,Percentage of patients who received appropriate care for severe sepsis and septic shock. Higher percentages are better,68,"25, 26",07/01/2024,06/30/2025
AR,Sepsis Care,SEP_SH_3HR,Septic Shock 3-Hour Bundle,79,"25, 26",07/01/2024,06/30/2025
AR,Sepsis Care,SEP_SH_6HR,Septic Shock 6-Hour Bundle,91,"25, 26",07/01/2024,06/30/2025
AR,Sepsis Care,SEV_SEP_3HR,Severe Sepsis 3-Hour Bundle,82,"25, 26",07/01/2024,06/30/2025
AR,Sepsis Care,SEV_SEP_6HR,Severe Sepsis 6-Hour Bundle,92,"25, 26",07/01/2024,06/30/2025
AS,Healthcare Personnel Vaccination,IMM_3,Healthcare workers given influenza vaccination Higher percentages are better,Not Available,5,10/01/2024,03/31/2025
AS,Emergency Department,OP_18a,"Average (median) time all patients spent in the emergency department before leaving from the visit, including psychiatric/mental health patients and patients who were transferred to another facility. A lower number of minutes is better",Not Available,5,07/01/2024,06/30/2025
AS,Emergency Department,OP_18a_HIGH_MIN,"Average (median) time all patients spent in the emergency department before leaving from the visit, including psychiatric/mental health patients and patients who were transferred to another facility. A lower number of minutes is better (High)",Not Available,5,07/01/2024,06/30/2025
AS,Emergency Department,OP_18a_LOW_MIN,"Average (median) time all patients spent in the emergency department before leaving from the visit, including psychiatric/mental health patients and patients who were transferred to another facility. A lower number of minutes is better (Low)",Not Available,5,07/01/2024,06/30/2025
AS,Emergency Department,OP_18a_MEDIUM_MIN,"Average (median) time all patients spent in the emergency department before leaving from the visit, including psychiatric/mental health patients and patients who were transferred to another facility. A lower number of minutes is better (Moderate)",Not Available,5,07/01/2024,06/30/2025
AS,Emergency Department,OP_18a_VERY_HIGH_MIN,"Average (median) time all patients spent in the emergency department before leaving from the visit, including psychiatric/mental health patients and patients who were transferred to another facility. A lower number of minutes is better (Very High)",Not Available,5,07/01/2024,06/30/2025
AS,Emergency Department,OP_18b,"Average (median) time patients spent in the emergency department before leaving from the visit, excluding patients transferred to another facility or psychiatric care/mental health patients. A lower number of minutes is better",Not Available,5,07/01/2024,06/30/2025
AS,Emergency Department,OP_18b_HIGH_MIN,"Average (median) time patients spent in the emergency department before leaving from the visit, excluding patients transferred to another facility or psychiatric care/mental health patients. A lower number of minutes is better (High)",Not Available,5,07/01/2024,06/30/2025
AS,Emergency Department,OP_18b_LOW_MIN,"Average (median) time patients spent in the emergency department before leaving from the visit, excluding patients transferred to another facility or psychiatric care/mental health patients. A lower number of minutes is better (Low)",Not Available,5,07/01/2024,06/30/2025
AS,Emergency Department,OP_18b_MEDIUM_MIN,"Average (median) time patients spent in the emergency department before leaving from the visit, excluding patients transferred to another facility or psychiatric care/mental health patients. A lower number of minutes is better (Moderate)",Not Available,5,07/01/2024,06/30/2025
AS,Emergency Department,OP_18b_VERY_HIGH_MIN,"Average (median) time patients spent in the emergency department before leaving from the visit, excluding patients transferred to another facility or psychiatric care/mental health patients. A lower number of minutes is better (Very High)",Not Available,5,07/01/2024,06/30/2025
AS,Emergency Department,OP_18c,Average (median) time psychiatric/mental health patients spent in the emergency department before leaving from the visit. A lower number of minutes is better,Not Available,5,07/01/2024,06/30/2025
AS,Emergency Department,OP_18c_HIGH_MIN,Average (median) time psychiatric/mental health patients spent in the emergency department before leaving from the visit. A lower number of minutes is better (High),Not Available,5,07/01/2024,06/30/2025
AS,Emergency Department,OP_18c_LOW_MIN,Average (median) time psychiatric/mental health patients spent in the emergency department before leaving from the visit. A lower number of minutes is better (Low),Not Available,5,07/01/2024,06/30/2025
AS,Emergency Department,OP_18c_MEDIUM_MIN,Average (median) time psychiatric/mental health patients spent in the emergency department before leaving from the visit. A lower number of minutes is better (Moderate),Not Available,5,07/01/2024,06/30/2025
AS,Emergency Department,OP_18c_VERY_HIGH_MIN,Average (median) time psychiatric/mental health patients spent in the emergency department before leaving from the visit. A lower number of minutes is better (Very High),Not Available,5,07/01/2024,06/30/2025
AS,Emergency Department,OP_18d,Average (median) time patients spent in the emergency department before being transferred to another facility. A lower number of minutes is better,Not Available,5,07/01/2024,06/30/2025
AS,Emergency Department,OP_18d_HIGH_MIN,Average (median) time patients spent in the emergency department before being transferred to another facility. A lower number of minutes is better (High),Not Available,5,07/01/2024,06/30/2025
AS,Emergency Department,OP_18d_LOW_MIN,Average (median) time patients spent in the emergency department before being transferred to another facility. A lower number of minutes is better (Low),Not Available,5,07/01/2024,06/30/2025
AS,Emergency Department,OP_18d_MEDIUM_MIN,Average (median) time patients spent in the emergency department before being transferred to another facility. A lower number of minutes is better (Moderate),Not Available,5,07/01/2024,06/30/2025
AS,Emergency Department,OP_18d_VERY_HIGH_MIN,Average (median) time patients spent in the emergency department before being transferred to another facility. A lower number of minutes is better (Very High),Not Available,5,07/01/2024,06/30/2025
AS,Emergency Department,OP_22,Percentage of patients who left the emergency department before being seen Lower percentages are better,Not Available,5,01/01/2024,12/31/2024
AS,Emergency Department,OP_23,Percentage of patients who came to the emergency department with stroke symptoms who received brain scan results within 45 minutes of arrival Higher percentages are better,Not Available,5,07/01/2024,06/30/2025
AS,Colonoscopy care,OP_29,Percentage of patients receiving appropriate recommendation for follow-up screening colonoscopy Higher percentages are better,Not Available,5,01/01/2024,12/31/2024
AS,Cataract surgery outcome,OP_31,Percentage of patients who had cataract surgery and had improvement in visual function within 90 days following the surgery Higher percentages are better,Not Available,5,01/01/2024,12/31/2024
AS,Electronic Clinical Quality Measure,SAFE_USE_OF_OPIOIDS,Safe Use of Opioids - Concurrent Prescribing,Not Available,5,01/01/2024,12/31/2024
AS,Sepsis Care,SEP_1,Percentage of patients who received appropriate care for severe sepsis and septic shock. Higher percentages are better,Not Available,5,07/01/2024,06/30/2025
AS,Sepsis Care,SEP_SH_3HR,Septic Shock 3-Hour Bundle,Not Available,5,07/01/2024,06/30/2025
AS,Sepsis Care,SEP_SH_6HR,Septic Shock 6-Hour Bundle,Not Available,5,07/01/2024,06/30/2025
AS,Sepsis Care,SEV_SEP_3HR,Severe Sepsis 3-Hour Bundle,Not Available,5,07/01/2024,06/30/2025
AS,Sepsis Care,SEV_SEP_6HR,Severe Sepsis 6-Hour Bundle,Not Available,5,07/01/2024,06/30/2025
AZ,Healthcare Personnel Vaccination,IMM_3,Healthcare workers given influenza vaccination Higher percentages are better,81,,10/01/2024,03/31/2025
AZ,Emergency Department,OP_18a,"Average (median) time all patients spent in the emergency department before leaving from the visit, including psychiatric/mental health patients and patients who were transferred to another facility. A lower number of minutes is better",185,,07/01/2024,06/30/2025
AZ,Emergency Department,OP_18a_HIGH_MIN,"Average (median) time all patients spent in the emergency department before leaving from the visit, including psychiatric/mental health patients and patients who were transferred to another facility. A lower number of minutes is better (High)",206,,07/01/2024,06/30/2025
AZ,Emergency Department,OP_18a_LOW_MIN,"Average (median) time all patients spent in the emergency department before leaving from the visit, including psychiatric/mental health patients and patients who were transferred to another facility. A lower number of minutes is better (Low)",142,,07/01/2024,06/30/2025
AZ,Emergency Department,OP_18a_MEDIUM_MIN,"Average (median) time all patients spent in the emergency department before leaving from the visit, including psychiatric/mental health patients and patients who were transferred to another facility. A lower number of minutes is better (Moderate)",180,,07/01/2024,06/30/2025
AZ,Emergency Department,OP_18a_VERY_HIGH_MIN,"Average (median) time all patients spent in the emergency department before leaving from the visit, including psychiatric/mental health patients and patients who were transferred to another facility. A lower number of minutes is better (Very High)",198,,07/01/2024,06/30/2025
AZ,Emergency Department,OP_18b,"Average (median) time patients spent in the emergency department before leaving from the visit, excluding patients transferred to another facility or psychiatric care/mental health patients. A lower number of minutes is better",178,"25, 26",07/01/2024,06/30/2025
AZ,Emergency Department,OP_18b_HIGH_MIN,"Average (median) time patients spent in the emergency department before leaving from the visit, excluding patients transferred to another facility or psychiatric care/mental health patients. A lower number of minutes is better (High)",201,"25, 26",07/01/2024,06/30/2025
AZ,Emergency Department,OP_18b_LOW_MIN,"Average (median) time patients spent in the emergency department before leaving from the visit, excluding patients transferred to another facility or psychiatric care/mental health patients. A lower number of minutes is better (Low)",131,"25, 26",07/01/2024,06/30/2025
AZ,Emergency Department,OP_18b_MEDIUM_MIN,"Average (median) time patients spent in the emergency department before leaving from the visit, excluding patients transferred to another facility or psychiatric care/mental health patients. A lower number of minutes is better (Moderate)",171,"25, 26",07/01/2024,06/30/2025
AZ,Emergency Department,OP_18b_VERY_HIGH_MIN,"Average (median) time patients spent in the emergency department before leaving from the visit, excluding patients transferred to another facility or psychiatric care/mental health patients. A lower number of minutes is better (Very High)",194,"25, 26",07/01/2024,06/30/2025
AZ,Emergency Department,OP_18c,Average (median) time psychiatric/mental health patients spent in the emergency department before leaving from the visit. A lower number of minutes is better,280,25,07/01/2024,06/30/2025
AZ,Emergency Department,OP_18c_HIGH_MIN,Average (median) time psychiatric/mental health patients spent in the emergency department before leaving from the visit. A lower number of minutes is better (High),285,25,07/01/2024,06/30/2025
AZ,Emergency Department,OP_18c_LOW_MIN,Average (median) time psychiatric/mental health patients spent in the emergency department before leaving from the visit. A lower number of minutes is better (Low),196,25,07/01/2024,06/30/2025
AZ,Emergency Department,OP_18c_MEDIUM_MIN,Average (median) time psychiatric/mental health patients spent in the emergency department before leaving from the visit. A lower number of minutes is better (Moderate),268,25,07/01/2024,06/30/2025
AZ,Emergency Department,OP_18c_VERY_HIGH_MIN,Average (median) time psychiatric/mental health patients spent in the emergency department before leaving from the visit. A lower number of minutes is better (Very High),366,25,07/01/2024,06/30/2025
AZ,Emergency Department,OP_18d,Average (median) time patients spent in the emergency department before being transferred to another facility. A lower number of minutes is better,359,,07/01/2024,06/30/2025
AZ,Emergency Department,OP_18d_HIGH_MIN,Average (median) time patients spent in the emergency department before being transferred to another facility. A lower number of minutes is better (High),394,,07/01/2024,06/30/2025
AZ,Emergency Department,OP_18d_LOW_MIN,Average (median) time patients spent in the emergency department before being transferred to another facility. A lower number of minutes is better (Low),359,,07/01/2024,06/30/2025
AZ,Emergency Department,OP_18d_MEDIUM_MIN,Average (median) time patients spent in the emergency department before being transferred to another facility. A lower number of minutes is better (Moderate),376,,07/01/2024,06/30/2025
AZ,Emergency Department,OP_18d_VERY_HIGH_MIN,Average (median) time patients spent in the emergency department before being transferred to another facility. A lower number of minutes is better (Very High),312,,07/01/2024,06/30/2025
AZ,Emergency Department,OP_22,Percentage of patients who left the emergency department before being seen Lower percentages are better,2,"25, 26",01/01/2024,12/31/2024
AZ,Emergency Department,OP_23,Percentage of patients who came to the emergency department with stroke symptoms who received brain scan results within 45 minutes of arrival Higher percentages are better,69,25,07/01/2024,06/30/2025
AZ,Colonoscopy care,OP_29,Percentage of patients receiving appropriate recommendation for follow-up screening colonoscopy Higher percentages are better,91,"25, 26",01/01/2024,12/31/2024
AZ,Cataract surgery outcome,OP_31,Percentage of patients who had cataract surgery and had improvement in visual function within 90 days following the surgery Higher percentages are better,Not Available,5,01/01/2024,12/31/2024
AZ,Electronic Clinical Quality Measure,SAFE_USE_OF_OPIOIDS,Safe Use of Opioids - Concurrent Prescribing,11,,01/01/2024,12/31/2024
AZ,Sepsis Care,SEP_1,Percentage of patients who received appropriate care for severe sepsis and septic shock. Higher percentages are better,57,"25, 26",07/01/2024,06/30/2025
AZ,Sepsis Care,SEP_SH_3HR,Septic Shock 3-Hour Bundle,64,"25, 26",07/01/2024,06/30/2025
AZ,Sepsis Care,SEP_SH_6HR,Septic Shock 6-Hour Bundle,83,"25, 26",07/01/2024,06/30/2025
AZ,Sepsis Care,SEV_SEP_3HR,Severe Sepsis 3-Hour Bundle,75,"25, 26",07/01/2024,06/30/2025
AZ,Sepsis Care,SEV_SEP_6HR,Severe Sepsis 6-Hour Bundle,90,"25, 26",07/01/2024,06/30/2025
CA,Healthcare Personnel Vaccination,IMM_3,Healthcare workers given influenza vaccination Higher percentages are better,72,,10/01/2024,03/31/2025
CA,Emergency Department,OP_18a,"Average (median) time all patients spent in the emergency department before leaving from the visit, including psychiatric/mental health patients and patients who were transferred to another facility. A lower number of minutes is better",181,,07/01/2024,06/30/2025
CA,Emergency Department,OP_18a_HIGH_MIN,"Average (median) time all patients spent in the emergency department before leaving from the visit, including psychiatric/mental health patients and patients who were transferred to another facility. A lower number of minutes is better (High)",198,,07/01/2024,06/30/2025
CA,Emergency Department,OP_18a_LOW_MIN,"Average (median) time all patients spent in the emergency department before leaving from the visit, including psychiatric/mental health patients and patients who were transferred to another facility. A lower number of minutes is better (Low)",152,,07/01/2024,06/30/2025
CA,Emergency Department,OP_18a_MEDIUM_MIN,"Average (median) time all patients spent in the emergency department before leaving from the visit, including psychiatric/mental health patients and patients who were transferred to another facility. A lower number of minutes is better (Moderate)",164,,07/01/2024,06/30/2025
CA,Emergency Department,OP_18a_VERY_HIGH_MIN,"Average (median) time all patients spent in the emergency department before leaving from the visit, including psychiatric/mental health patients and patients who were transferred to another facility. A lower number of minutes is better (Very High)",209,,07/01/2024,06/30/2025
CA,Emergency Department,OP_18b,"Average (median) time patients spent in the emergency department before leaving from the visit, excluding patients transferred to another facility or psychiatric care/mental health patients. A lower number of minutes is better",176,"25, 26",07/01/2024,06/30/2025
CA,Emergency Department,OP_18b_HIGH_MIN,"Average (median) time patients spent in the emergency department before leaving from the visit, excluding patients transferred to another facility or psychiatric care/mental health patients. A lower number of minutes is better (High)",193,"25, 26",07/01/2024,06/30/2025
CA,Emergency Department,OP_18b_LOW_MIN,"Average (median) time patients spent in the emergency department before leaving from the visit, excluding patients transferred to another facility or psychiatric care/mental health patients. A lower number of minutes is better (Low)",145,"25, 26",07/01/2024,06/30/2025
CA,Emergency Department,OP_18b_MEDIUM_MIN,"Average (median) time patients spent in the emergency department before leaving from the visit, excluding patients transferred to another facility or psychiatric care/mental health patients. A lower number of minutes is better (Moderate)",160,"25, 26",07/01/2024,06/30/2025
CA,Emergency Department,OP_18b_VERY_HIGH_MIN,"Average (median) time patients spent in the emergency department before leaving from the visit, excluding patients transferred to another facility or psychiatric care/mental health patients. A lower number of minutes is better (Very High)",204,"25, 26",07/01/2024,06/30/2025
CA,Emergency Department,OP_18c,Average (median) time psychiatric/mental health patients spent in the emergency department before leaving from the visit. A lower number of minutes is better,267,25,07/01/2024,06/30/2025
CA,Emergency Department,OP_18c_HIGH_MIN,Average (median) time psychiatric/mental health patients spent in the emergency department before leaving from the visit. A lower number of minutes is better (High),298,25,07/01/2024,06/30/2025
CA,Emergency Department,OP_18c_LOW_MIN,Average (median) time psychiatric/mental health patients spent in the emergency department before leaving from the visit. A lower number of minutes is better (Low),233,25,07/01/2024,06/30/2025
CA,Emergency Department,OP_18c_MEDIUM_MIN,Average (median) time psychiatric/mental health patients spent in the emergency department before leaving from the visit. A lower number of minutes is better (Moderate),243,25,07/01/2024,06/30/2025
CA,Emergency Department,OP_18c_VERY_HIGH_MIN,Average (median) time psychiatric/mental health patients spent in the emergency department before leaving from the visit. A lower number of minutes is better (Very High),296,25,07/01/2024,06/30/2025
CA,Emergency Department,OP_18d,Average (median) time patients spent in the emergency department before being transferred to another facility. A lower number of minutes is better,407,,07/01/2024,06/30/2025
CA,Emergency Department,OP_18d_HIGH_MIN,Average (median) time patients spent in the emergency department before being transferred to another facility. A lower number of minutes is better (High),422,,07/01/2024,06/30/2025
CA,Emergency Department,OP_18d_LOW_MIN,Average (median) time patients spent in the emergency department before being transferred to another facility. A lower number of minutes is better (Low),394,,07/01/2024,06/30/2025
CA,Emergency Department,OP_18d_MEDIUM_MIN,Average (median) time patients spent in the emergency department before being transferred to another facility. A lower number of minutes is better (Moderate),423,,07/01/2024,06/30/2025
CA,Emergency Department,OP_18d_VERY_HIGH_MIN,Average (median) time patients spent in the emergency department before being transferred to another facility. A lower number of minutes is better (Very High),408,,07/01/2024,06/30/2025
CA,Emergency Department,OP_22,Percentage of patients who left the emergency department before being seen Lower percentages are better,2,"25, 26",01/01/2024,12/31/2024
CA,Emergency Department,OP_23,Percentage of patients who came to the emergency department with stroke symptoms who received brain scan results within 45 minutes of arrival Higher percentages are better,74,25,07/01/2024,06/30/2025
CA,Colonoscopy care,OP_29,Percentage of patients receiving appropriate recommendation for follow-up screening colonoscopy Higher percentages are better,93,"25, 26",01/01/2024,12/31/2024
CA,Cataract surgery outcome,OP_31,Percentage of patients who had cataract surgery and had improvement in visual function within 90 days following the surgery Higher percentages are better,80,,01/01/2024,12/31/2024
CA,Electronic Clinical Quality Measure,SAFE_USE_OF_OPIOIDS,Safe Use of Opioids - Concurrent Prescribing,13,,01/01/2024,12/31/2024
CA,Sepsis Care,SEP_1,Percentage of patients who received appropriate care for severe sepsis and septic shock. Higher percentages are better,69,"25, 26",07/01/2024,06/30/2025
CA,Sepsis Care,SEP_SH_3HR,Septic Shock 3-Hour Bundle,77,"25, 26",07/01/2024,06/30/2025
CA,Sepsis Care,SEP_SH_6HR,Septic Shock 6-Hour Bundle,89,"25, 26",07/01/2024,06/30/2025
CA,Sepsis Care,SEV_SEP_3HR,Severe Sepsis 3-Hour Bundle,83,"25, 26",07/01/2024,06/30/2025
CA,Sepsis Care,SEV_SEP_6HR,Severe Sepsis 6-Hour Bundle,94,"25, 26",07/01/2024,06/30/2025
CO,Healthcare Personnel Vaccination,IMM_3,Healthcare workers given influenza vaccination Higher percentages are better,91,,10/01/2024,03/31/2025
CO,Emergency Department,OP_18a,"Average (median) time all patients spent in the emergency department before leaving from the visit, including psychiatric/mental health patients and patients who were transferred to another facility. A lower number of minutes is better",139,,07/01/2024,06/30/2025
CO,Emergency Department,OP_18a_HIGH_MIN,"Average (median) time all patients spent in the emergency department before leaving from the visit, including psychiatric/mental health patients and patients who were transferred to another facility. A lower number of minutes is better (High)",155,,07/01/2024,06/30/2025
CO,Emergency Department,OP_18a_LOW_MIN,"Average (median) time all patients spent in the emergency department before leaving from the visit, including psychiatric/mental health patients and patients who were transferred to another facility. A lower number of minutes is better (Low)",129,,07/01/2024,06/30/2025
CO,Emergency Department,OP_18a_MEDIUM_MIN,"Average (median) time all patients spent in the emergency department before leaving from the visit, including psychiatric/mental health patients and patients who were transferred to another facility. A lower number of minutes is better (Moderate)",155,,07/01/2024,06/30/2025
CO,Emergency Department,OP_18a_VERY_HIGH_MIN,"Average (median) time all patients spent in the emergency department before leaving from the visit, including psychiatric/mental health patients and patients who were transferred to another facility. A lower number of minutes is better (Very High)",157,,07/01/2024,06/30/2025
CO,Emergency Department,OP_18b,"Average (median) time patients spent in the emergency department before leaving from the visit, excluding patients transferred to another facility or psychiatric care/mental health patients. A lower number of minutes is better",134,"25, 26",07/01/2024,06/30/2025
CO,Emergency Department,OP_18b_HIGH_MIN,"Average (median) time patients spent in the emergency department before leaving from the visit, excluding patients transferred to another facility or psychiatric care/mental health patients. A lower number of minutes is better (High)",148,"25, 26",07/01/2024,06/30/2025
CO,Emergency Department,OP_18b_LOW_MIN,"Average (median) time patients spent in the emergency department before leaving from the visit, excluding patients transferred to another facility or psychiatric care/mental health patients. A lower number of minutes is better (Low)",124,"25, 26",07/01/2024,06/30/2025
CO,Emergency Department,OP_18b_MEDIUM_MIN,"Average (median) time patients spent in the emergency department before leaving from the visit, excluding patients transferred to another facility or psychiatric care/mental health patients. A lower number of minutes is better (Moderate)",153,"25, 26",07/01/2024,06/30/2025
CO,Emergency Department,OP_18b_VERY_HIGH_MIN,"Average (median) time patients spent in the emergency department before leaving from the visit, excluding patients transferred to another facility or psychiatric care/mental health patients. A lower number of minutes is better (Very High)",152,"25, 26",07/01/2024,06/30/2025
CO,Emergency Department,OP_18c,Average (median) time psychiatric/mental health patients spent in the emergency department before leaving from the visit. A lower number of minutes is better,234,25,07/01/2024,06/30/2025
CO,Emergency Department,OP_18c_HIGH_MIN,Average (median) time psychiatric/mental health patients spent in the emergency department before leaving from the visit. A lower number of minutes is better (High),242,25,07/01/2024,06/30/2025
CO,Emergency Department,OP_18c_LOW_MIN,Average (median) time psychiatric/mental health patients spent in the emergency department before leaving from the visit. A lower number of minutes is better (Low),222,25,07/01/2024,06/30/2025
CO,Emergency Department,OP_18c_MEDIUM_MIN,Average (median) time psychiatric/mental health patients spent in the emergency department before leaving from the visit. A lower number of minutes is better (Moderate),221,25,07/01/2024,06/30/2025
CO,Emergency Department,OP_18c_VERY_HIGH_MIN,Average (median) time psychiatric/mental health patients spent in the emergency department before leaving from the visit. A lower number of minutes is better (Very High),267,25,07/01/2024,06/30/2025
CO,Emergency Department,OP_18d,Average (median) time patients spent in the emergency department before being transferred to another facility. A lower number of minutes is better,251,,07/01/2024,06/30/2025
CO,Emergency Department,OP_18d_HIGH_MIN,Average (median) time patients spent in the emergency department before being transferred to another facility. A lower number of minutes is better (High),322,,07/01/2024,06/30/2025
CO,Emergency Department,OP_18d_LOW_MIN,Average (median) time patients spent in the emergency department before being transferred to another facility. A lower number of minutes is better (Low),245,,07/01/2024,06/30/2025
CO,Emergency Department,OP_18d_MEDIUM_MIN,Average (median) time patients spent in the emergency department before being transferred to another facility. A lower number of minutes is better (Moderate),280,,07/01/2024,06/30/2025
CO,Emergency Department,OP_18d_VERY_HIGH_MIN,Average (median) time patients spent in the emergency department before being transferred to another facility. A lower number of minutes is better (Very High),240,,07/01/2024,06/30/2025
CO,Emergency Department,OP_22,Percentage of patients who left the emergency department before being seen Lower percentages are better,1,"25, 26",01/01/2024,12/31/2024
CO,Emergency Department,OP_23,Percentage of patients who came to the emergency department with stroke symptoms who received brain scan results within 45 minutes of arrival Higher percentages are better,65,25,07/01/2024,06/30/2025
CO,Colonoscopy care,OP_29,Percentage of patients receiving appropriate recommendation for follow-up screening colonoscopy Higher percentages are better,96,"25, 26",01/01/2024,12/31/2024
CO,Cataract surgery outcome,OP_31,Percentage of patients who had cataract surgery and had improvement in visual function within 90 days following the surgery Higher percentages are better,Not Available,5,01/01/2024,12/31/2024
CO,Electronic Clinical Quality Measure,SAFE_USE_OF_OPIOIDS,Safe Use of Opioids - Concurrent Prescribing,14,,01/01/2024,12/31/2024
CO,Sepsis Care,SEP_1,Percentage of patients who received appropriate care for severe sepsis and septic shock. Higher percentages are better,71,"25, 26",07/01/2024,06/30/2025
CO,Sepsis Care,SEP_SH_3HR,Septic Shock 3-Hour Bundle,78,"25, 26",07/01/2024,06/30/2025
CO,Sepsis Care,SEP_SH_6HR,Septic Shock 6-Hour Bundle,90,"25, 26",07/01/2024,06/30/2025
CO,Sepsis Care,SEV_SEP_3HR,Severe Sepsis 3-Hour Bundle,84,"25, 26",07/01/2024,06/30/2025
CO,Sepsis Care,SEV_SEP_6HR,Severe Sepsis 6-Hour Bundle,95,"25, 26",07/01/2024,06/30/2025
CT,Healthcare Personnel Vaccination,IMM_3,Healthcare workers given influenza vaccination Higher percentages are better,83,,10/01/2024,03/31/2025
CT,Emergency Department,OP_18a,"Average (median) time all patients spent in the emergency department before leaving from the visit, including psychiatric/mental health patients and patients who were transferred to another facility. A lower number of minutes is better",198,,07/01/2024,06/30/2025
CT,Emergency Department,OP_18a_HIGH_MIN,"Average (median) time all patients spent in the emergency department before leaving from the visit, including psychiatric/mental health patients and patients who were transferred to another facility. A lower number of minutes is better (High)",214,,07/01/2024,06/30/2025
CT,Emergency Department,OP_18a_LOW_MIN,"Average (median) time all patients spent in the emergency department before leaving from the visit, including psychiatric/mental health patients and patients who were transferred to another facility. A lower number of minutes is better (Low)",182,,07/01/2024,06/30/2025
CT,Emergency Department,OP_18a_MEDIUM_MIN,"Average (median) time all patients spent in the emergency department before leaving from the visit, including psychiatric/mental health patients and patients who were transferred to another facility. A lower number of minutes is better (Moderate)",194,,07/01/2024,06/30/2025
CT,Emergency Department,OP_18a_VERY_HIGH_MIN,"Average (median) time all patients spent in the emergency department before leaving from the visit, including psychiatric/mental health patients and patients who were transferred to another facility. A lower number of minutes is better (Very High)",195,,07/01/2024,06/30/2025
CT,Emergency Department,OP_18b,"Average (median) time patients spent in the emergency department before leaving from the visit, excluding patients transferred to another facility or psychiatric care/mental health patients. A lower number of minutes is better",195,"25, 26",07/01/2024,06/30/2025
CT,Emergency Department,OP_18b_HIGH_MIN,"Average (median) time patients spent in the emergency department before leaving from the visit, excluding patients transferred to another facility or psychiatric care/mental health patients. A lower number of minutes is better (High)",210,"25, 26",07/01/2024,06/30/2025
CT,Emergency Department,OP_18b_LOW_MIN,"Average (median) time patients spent in the emergency department before leaving from the visit, excluding patients transferred to another facility or psychiatric care/mental health patients. A lower number of minutes is better (Low)",180,"25, 26",07/01/2024,06/30/2025
CT,Emergency Department,OP_18b_MEDIUM_MIN,"Average (median) time patients spent in the emergency department before leaving from the visit, excluding patients transferred to another facility or psychiatric care/mental health patients. A lower number of minutes is better (Moderate)",192,"25, 26",07/01/2024,06/30/2025
CT,Emergency Department,OP_18b_VERY_HIGH_MIN,"Average (median) time patients spent in the emergency department before leaving from the visit, excluding patients transferred to another facility or psychiatric care/mental health patients. A lower number of minutes is better (Very High)",193,"25, 26",07/01/2024,06/30/2025
CT,Emergency Department,OP_18c,Average (median) time psychiatric/mental health patients spent in the emergency department before leaving from the visit. A lower number of minutes is better,239,25,07/01/2024,06/30/2025
CT,Emergency Department,OP_18c_HIGH_MIN,Average (median) time psychiatric/mental health patients spent in the emergency department before leaving from the visit. A lower number of minutes is better (High),246,25,07/01/2024,06/30/2025
CT,Emergency Department,OP_18c_LOW_MIN,Average (median) time psychiatric/mental health patients spent in the emergency department before leaving from the visit. A lower number of minutes is better (Low),361,25,07/01/2024,06/30/2025
CT,Emergency Department,OP_18c_MEDIUM_MIN,Average (median) time psychiatric/mental health patients spent in the emergency department before leaving from the visit. A lower number of minutes is better (Moderate),214,25,07/01/2024,06/30/2025
CT,Emergency Department,OP_18c_VERY_HIGH_MIN,Average (median) time psychiatric/mental health patients spent in the emergency department before leaving from the visit. A lower number of minutes is better (Very High),224,25,07/01/2024,06/30/2025
CT,Emergency Department,OP_18d,Average (median) time patients spent in the emergency department before being transferred to another facility. A lower number of minutes is better,330,,07/01/2024,06/30/2025
CT,Emergency Department,OP_18d_HIGH_MIN,Average (median) time patients spent in the emergency department before being transferred to another facility. A lower number of minutes is better (High),367,,07/01/2024,06/30/2025
CT,Emergency Department,OP_18d_LOW_MIN,Average (median) time patients spent in the emergency department before being transferred to another facility. A lower number of minutes is better (Low),329,,07/01/2024,06/30/2025
CT,Emergency Department,OP_18d_MEDIUM_MIN,Average (median) time patients spent in the emergency department before being transferred to another facility. A lower number of minutes is better (Moderate),308,,07/01/2024,06/30/2025
CT,Emergency Department,OP_18d_VERY_HIGH_MIN,Average (median) time patients spent in the emergency department before being transferred to another facility. A lower number of minutes is better (Very High),278,,07/01/2024,06/30/2025
CT,Emergency Department,OP_22,Percentage of patients who left the emergency department before being seen Lower percentages are better,2,"25, 26",01/01/2024,12/31/2024
CT,Emergency Department,OP_23,Percentage of patients who came to the emergency department with stroke symptoms who received brain scan results within 45 minutes of arrival Higher percentages are better,75,25,07/01/2024,06/30/2025
CT,Colonoscopy care,OP_29,Percentage of patients receiving appropriate recommendation for follow-up screening colonoscopy Higher percentages are better,96,"25, 26",01/01/2024,12/31/2024
CT,Cataract surgery outcome,OP_31,Percentage of patients who had cataract surgery and had improvement in visual function within 90 days following the surgery Higher percentages are better,Not Available,5,01/01/2024,12/31/2024
CT,Electronic Clinical Quality Measure,SAFE_USE_OF_OPIOIDS,Safe Use of Opioids - Concurrent Prescribing,19,,01/01/2024,12/31/2024
CT,Sepsis Care,SEP_1,Percentage of patients who received appropriate care for severe sepsis and septic shock. Higher percentages are better,53,"25, 26",07/01/2024,06/30/2025
CT,Sepsis Care,SEP_SH_3HR,Septic Shock 3-Hour Bundle,64,"25, 26",07/01/2024,06/30/2025
CT,Sepsis Care,SEP_SH_6HR,Septic Shock 6-Hour Bundle,84,"25, 26",07/01/2024,06/30/2025
CT,Sepsis Care,SEV_SEP_3HR,Severe Sepsis 3-Hour Bundle,72,"25, 26",07/01/2024,06/30/2025
CT,Sepsis Care,SEV_SEP_6HR,Severe Sepsis 6-Hour Bundle,91,"25, 26",07/01/2024,06/30/2025
DC,Healthcare Personnel Vaccination,IMM_3,Healthcare workers given influenza vaccination Higher percentages are better,97,,10/01/2024,03/31/2025
DC,Emergency Department,OP_18a,"Average (median) time all patients spent in the emergency department before leaving from the visit, including psychiatric/mental health patients and patients who were transferred to another facility. A lower number of minutes is better",323,,07/01/2024,06/30/2025
DC,Emergency Department,OP_18a_HIGH_MIN,"Average (median) time all patients spent in the emergency department before leaving from the visit, including psychiatric/mental health patients and patients who were transferred to another facility. A lower number of minutes is better (High)",314,,07/01/2024,06/30/2025
DC,Emergency Department,OP_18a_LOW_MIN,"Average (median) time all patients spent in the emergency department before leaving from the visit, including psychiatric/mental health patients and patients who were transferred to another facility. A lower number of minutes is better (Low)",Not Available,5,07/01/2024,06/30/2025
DC,Emergency Department,OP_18a_MEDIUM_MIN,"Average (median) time all patients spent in the emergency department before leaving from the visit, including psychiatric/mental health patients and patients who were transferred to another facility. A lower number of minutes is better (Moderate)",278,,07/01/2024,06/30/2025
DC,Emergency Department,OP_18a_VERY_HIGH_MIN,"Average (median) time all patients spent in the emergency department before leaving from the visit, including psychiatric/mental health patients and patients who were transferred to another facility. A lower number of minutes is better (Very High)",408,,07/01/2024,06/30/2025
DC,Emergency Department,OP_18b,"Average (median) time patients spent in the emergency department before leaving from the visit, excluding patients transferred to another facility or psychiatric care/mental health patients. A lower number of minutes is better",310,"25, 26",07/01/2024,06/30/2025
DC,Emergency Department,OP_18b_HIGH_MIN,"Average (median) time patients spent in the emergency department before leaving from the visit, excluding patients transferred to another facility or psychiatric care/mental health patients. A lower number of minutes is better (High)",310,"25, 26",07/01/2024,06/30/2025
DC,Emergency Department,OP_18b_LOW_MIN,"Average (median) time patients spent in the emergency department before leaving from the visit, excluding patients transferred to another facility or psychiatric care/mental health patients. A lower number of minutes is better (Low)",Not Available,"25, 26",07/01/2024,06/30/2025
DC,Emergency Department,OP_18b_MEDIUM_MIN,"Average (median) time patients spent in the emergency department before leaving from the visit, excluding patients transferred to another facility or psychiatric care/mental health patients. A lower number of minutes is better (Moderate)",238,"25, 26",07/01/2024,06/30/2025
DC,Emergency Department,OP_18b_VERY_HIGH_MIN,"Average (median) time patients spent in the emergency department before leaving from the visit, excluding patients transferred to another facility or psychiatric care/mental health patients. A lower number of minutes is better (Very High)",400,"25, 26",07/01/2024,06/30/2025
DC,Emergency Department,OP_18c,Average (median) time psychiatric/mental health patients spent in the emergency department before leaving from the visit. A lower number of minutes is better,368,25,07/01/2024,06/30/2025
DC,Emergency Department,OP_18c_HIGH_MIN,Average (median) time psychiatric/mental health patients spent in the emergency department before leaving from the visit. A lower number of minutes is better (High),373,25,07/01/2024,06/30/2025
DC,Emergency Department,OP_18c_LOW_MIN,Average (median) time psychiatric/mental health patients spent in the emergency department before leaving from the visit. A lower number of minutes is better (Low),Not Available,25,07/01/2024,06/30/2025
DC,Emergency Department,OP_18c_MEDIUM_MIN,Average (median) time psychiatric/mental health patients spent in the emergency department before leaving from the visit. A lower number of minutes is better (Moderate),309,25,07/01/2024,06/30/2025
DC,Emergency Department,OP_18c_VERY_HIGH_MIN,Average (median) time psychiatric/mental health patients spent in the emergency department before leaving from the visit. A lower number of minutes is better (Very High),491,25,07/01/2024,06/30/2025
DC,Emergency Department,OP_18d,Average (median) time patients spent in the emergency department before being transferred to another facility. A lower number of minutes is better,649,,07/01/2024,06/30/2025
DC,Emergency Department,OP_18d_HIGH_MIN,Average (median) time patients spent in the emergency department before being transferred to another facility. A lower number of minutes is better (High),663,,07/01/2024,06/30/2025
DC,Emergency Department,OP_18d_LOW_MIN,Average (median) time patients spent in the emergency department before being transferred to another facility. A lower number of minutes is better (Low),Not Available,5,07/01/2024,06/30/2025
DC,Emergency Department,OP_18d_MEDIUM_MIN,Average (median) time patients spent in the emergency department before being transferred to another facility. A lower number of minutes is better (Moderate),585,,07/01/2024,06/30/2025
DC,Emergency Department,OP_18d_VERY_HIGH_MIN,Average (median) time patients spent in the emergency department before being transferred to another facility. A lower number of minutes is better (Very High),Not Available,5,07/01/2024,06/30/2025
DC,Emergency Department,OP_22,Percentage of patients who left the emergency department before being seen Lower percentages are better,6,"25, 26",01/01/2024,12/31/2024
DC,Emergency Department,OP_23,Percentage of patients who came to the emergency department with stroke symptoms who received brain scan results within 45 minutes of arrival Higher percentages are better,42,25,07/01/2024,06/30/2025
DC,Colonoscopy care,OP_29,Percentage of patients receiving appropriate recommendation for follow-up screening colonoscopy Higher percentages are better,93,"25, 26",01/01/2024,12/31/2024
DC,Cataract surgery outcome,OP_31,Percentage of patients who had cataract surgery and had improvement in visual function within 90 days following the surgery Higher percentages are better,Not Available,5,01/01/2024,12/31/2024
DC,Electronic Clinical Quality Measure,SAFE_USE_OF_OPIOIDS,Safe Use of Opioids - Concurrent Prescribing,11,,01/01/2024,12/31/2024
DC,Sepsis Care,SEP_1,Percentage of patients who received appropriate care for severe sepsis and septic shock. Higher percentages are better,58,"25, 26",07/01/2024,06/30/2025
DC,Sepsis Care,SEP_SH_3HR,Septic Shock 3-Hour Bundle,75,"25, 26",07/01/2024,06/30/2025
DC,Sepsis Care,SEP_SH_6HR,Septic Shock 6-Hour Bundle,93,"25, 26",07/01/2024,06/30/2025
DC,Sepsis Care,SEV_SEP_3HR,Severe Sepsis 3-Hour Bundle,72,"25, 26",07/01/2024,06/30/2025
DC,Sepsis Care,SEV_SEP_6HR,Severe Sepsis 6-Hour Bundle,88,"25, 26",07/01/2024,06/30/2025
DE,Healthcare Personnel Vaccination,IMM_3,Healthcare workers given influenza vaccination Higher percentages are better,78,,10/01/2024,03/31/2025
DE,Emergency Department,OP_18a,"Average (median) time all patients spent in the emergency department before leaving from the visit, including psychiatric/mental health patients and patients who were transferred to another facility. A lower number of minutes is better",222,,07/01/2024,06/30/2025
DE,Emergency Department,OP_18a_HIGH_MIN,"Average (median) time all patients spent in the emergency department before leaving from the visit, including psychiatric/mental health patients and patients who were transferred to another facility. A lower number of minutes is better (High)",217,,07/01/2024,06/30/2025
DE,Emergency Department,OP_18a_LOW_MIN,"Average (median) time all patients spent in the emergency department before leaving from the visit, including psychiatric/mental health patients and patients who were transferred to another facility. A lower number of minutes is better (Low)",Not Available,5,07/01/2024,06/30/2025
DE,Emergency Department,OP_18a_MEDIUM_MIN,"Average (median) time all patients spent in the emergency department before leaving from the visit, including psychiatric/mental health patients and patients who were transferred to another facility. A lower number of minutes is better (Moderate)",184,,07/01/2024,06/30/2025
DE,Emergency Department,OP_18a_VERY_HIGH_MIN,"Average (median) time all patients spent in the emergency department before leaving from the visit, including psychiatric/mental health patients and patients who were transferred to another facility. A lower number of minutes is better (Very High)",274,,07/01/2024,06/30/2025
DE,Emergency Department,OP_18b,"Average (median) time patients spent in the emergency department before leaving from the visit, excluding patients transferred to another facility or psychiatric care/mental health patients. A lower number of minutes is better",215,"25, 26",07/01/2024,06/30/2025
DE,Emergency Department,OP_18b_HIGH_MIN,"Average (median) time patients spent in the emergency department before leaving from the visit, excluding patients transferred to another facility or psychiatric care/mental health patients. A lower number of minutes is better (High)",206,"25, 26",07/01/2024,06/30/2025
DE,Emergency Department,OP_18b_LOW_MIN,"Average (median) time patients spent in the emergency department before leaving from the visit, excluding patients transferred to another facility or psychiatric care/mental health patients. A lower number of minutes is better (Low)",Not Available,"25, 26",07/01/2024,06/30/2025
DE,Emergency Department,OP_18b_MEDIUM_MIN,"Average (median) time patients spent in the emergency department before leaving from the visit, excluding patients transferred to another facility or psychiatric care/mental health patients. A lower number of minutes is better (Moderate)",181,"25, 26",07/01/2024,06/30/2025
DE,Emergency Department,OP_18b_VERY_HIGH_MIN,"Average (median) time patients spent in the emergency department before leaving from the visit, excluding patients transferred to another facility or psychiatric care/mental health patients. A lower number of minutes is better (Very High)",267,"25, 26",07/01/2024,06/30/2025
DE,Emergency Department,OP_18c,Average (median) time psychiatric/mental health patients spent in the emergency department before leaving from the visit. A lower number of minutes is better,299,25,07/01/2024,06/30/2025
DE,Emergency Department,OP_18c_HIGH_MIN,Average (median) time psychiatric/mental health patients spent in the emergency department before leaving from the visit. A lower number of minutes is better (High),301,25,07/01/2024,06/30/2025
DE,Emergency Department,OP_18c_LOW_MIN,Average (median) time psychiatric/mental health patients spent in the emergency department before leaving from the visit. A lower number of minutes is better (Low),Not Available,25,07/01/2024,06/30/2025
DE,Emergency Department,OP_18c_MEDIUM_MIN,Average (median) time psychiatric/mental health patients spent in the emergency department before leaving from the visit. A lower number of minutes is better (Moderate),252,25,07/01/2024,06/30/2025
DE,Emergency Department,OP_18c_VERY_HIGH_MIN,Average (median) time psychiatric/mental health patients spent in the emergency department before leaving from the visit. A lower number of minutes is better (Very High),373,25,07/01/2024,06/30/2025
DE,Emergency Department,OP_18d,Average (median) time patients spent in the emergency department before being transferred to another facility. A lower number of minutes is better,403,,07/01/2024,06/30/2025
DE,Emergency Department,OP_18d_HIGH_MIN,Average (median) time patients spent in the emergency department before being transferred to another facility. A lower number of minutes is better (High),429,,07/01/2024,06/30/2025
DE,Emergency Department,OP_18d_LOW_MIN,Average (median) time patients spent in the emergency department before being transferred to another facility. A lower number of minutes is better (Low),Not Available,5,07/01/2024,06/30/2025
DE,Emergency Department,OP_18d_MEDIUM_MIN,Average (median) time patients spent in the emergency department before being transferred to another facility. A lower number of minutes is better (Moderate),312,,07/01/2024,06/30/2025
DE,Emergency Department,OP_18d_VERY_HIGH_MIN,Average (median) time patients spent in the emergency department before being transferred to another facility. A lower number of minutes is better (Very High),418,,07/01/2024,06/30/2025
DE,Emergency Department,OP_22,Percentage of patients who left the emergency department before being seen Lower percentages are better,5,"25, 26",01/01/2024,12/31/2024
DE,Emergency Department,OP_23,Percentage of patients who came to the emergency department with stroke symptoms who received brain scan results within 45 minutes of arrival Higher percentages are better,55,25,07/01/2024,06/30/2025
DE,Colonoscopy care,OP_29,Percentage of patients receiving appropriate recommendation for follow-up screening colonoscopy Higher percentages are better,94,"25, 26",01/01/2024,12/31/2024
DE,Cataract surgery outcome,OP_31,Percentage of patients who had cataract surgery and had improvement in visual function within 90 days following the surgery Higher percentages are better,Not Available,5,01/01/2024,12/31/2024
DE,Electronic Clinical Quality Measure,SAFE_USE_OF_OPIOIDS,Safe Use of Opioids - Concurrent Prescribing,14,,01/01/2024,12/31/2024
DE,Sepsis Care,SEP_1,Percentage of patients who received appropriate care for severe sepsis and septic shock. Higher percentages are better,46,"25, 26",07/01/2024,06/30/2025
DE,Sepsis Care,SEP_SH_3HR,Septic Shock 3-Hour Bundle,61,"25, 26",07/01/2024,06/30/2025
DE,Sepsis Care,SEP_SH_6HR,Septic Shock 6-Hour Bundle,78,"25, 26",07/01/2024,06/30/2025
DE,Sepsis Care,SEV_SEP_3HR,Severe Sepsis 3-Hour Bundle,70,"25, 26",07/01/2024,06/30/2025
DE,Sepsis Care,SEV_SEP_6HR,Severe Sepsis 6-Hour Bundle,82,"25, 26",07/01/2024,06/30/2025
FL,Healthcare Personnel Vaccination,IMM_3,Healthcare workers given influenza vaccination Higher percentages are better,58,,10/01/2024,03/31/2025
FL,Emergency Department,OP_18a,"Average (median) time all patients spent in the emergency department before leaving from the visit, including psychiatric/mental health patients and patients who were transferred to another facility. A lower number of minutes is better",159,,07/01/2024,06/30/2025
FL,Emergency Department,OP_18a_HIGH_MIN,"Average (median) time all patients spent in the emergency department before leaving from the visit, including psychiatric/mental health patients and patients who were transferred to another facility. A lower number of minutes is better (High)",157,,07/01/2024,06/30/2025
FL,Emergency Department,OP_18a_LOW_MIN,"Average (median) time all patients spent in the emergency department before leaving from the visit, including psychiatric/mental health patients and patients who were transferred to another facility. A lower number of minutes is better (Low)",147,,07/01/2024,06/30/2025
FL,Emergency Department,OP_18a_MEDIUM_MIN,"Average (median) time all patients spent in the emergency department before leaving from the visit, including psychiatric/mental health patients and patients who were transferred to another facility. A lower number of minutes is better (Moderate)",147,,07/01/2024,06/30/2025
FL,Emergency Department,OP_18a_VERY_HIGH_MIN,"Average (median) time all patients spent in the emergency department before leaving from the visit, including psychiatric/mental health patients and patients who were transferred to another facility. A lower number of minutes is better (Very High)",169,,07/01/2024,06/30/2025
FL,Emergency Department,OP_18b,"Average (median) time patients spent in the emergency department before leaving from the visit, excluding patients transferred to another facility or psychiatric care/mental health patients. A lower number of minutes is better",155,"25, 26",07/01/2024,06/30/2025
FL,Emergency Department,OP_18b_HIGH_MIN,"Average (median) time patients spent in the emergency department before leaving from the visit, excluding patients transferred to another facility or psychiatric care/mental health patients. A lower number of minutes is better (High)",154,"25, 26",07/01/2024,06/30/2025
FL,Emergency Department,OP_18b_LOW_MIN,"Average (median) time patients spent in the emergency department before leaving from the visit, excluding patients transferred to another facility or psychiatric care/mental health patients. A lower number of minutes is better (Low)",139,"25, 26",07/01/2024,06/30/2025
FL,Emergency Department,OP_18b_MEDIUM_MIN,"Average (median) time patients spent in the emergency department before leaving from the visit, excluding patients transferred to another facility or psychiatric care/mental health patients. A lower number of minutes is better (Moderate)",143,"25, 26",07/01/2024,06/30/2025
FL,Emergency Department,OP_18b_VERY_HIGH_MIN,"Average (median) time patients spent in the emergency department before leaving from the visit, excluding patients transferred to another facility or psychiatric care/mental health patients. A lower number of minutes is better (Very High)",167,"25, 26",07/01/2024,06/30/2025
FL,Emergency Department,OP_18c,Average (median) time psychiatric/mental health patients spent in the emergency department before leaving from the visit. A lower number of minutes is better,228,25,07/01/2024,06/30/2025
FL,Emergency Department,OP_18c_HIGH_MIN,Average (median) time psychiatric/mental health patients spent in the emergency department before leaving from the visit. A lower number of minutes is better (High),207,25,07/01/2024,06/30/2025
FL,Emergency Department,OP_18c_LOW_MIN,Average (median) time psychiatric/mental health patients spent in the emergency department before leaving from the visit. A lower number of minutes is better (Low),224,25,07/01/2024,06/30/2025
FL,Emergency Department,OP_18c_MEDIUM_MIN,Average (median) time psychiatric/mental health patients spent in the emergency department before leaving from the visit. A lower number of minutes is better (Moderate),214,25,07/01/2024,06/30/2025
FL,Emergency Department,OP_18c_VERY_HIGH_MIN,Average (median) time psychiatric/mental health patients spent in the emergency department before leaving from the visit. A lower number of minutes is better (Very High),257,25,07/01/2024,06/30/2025
FL,Emergency Department,OP_18d,Average (median) time patients spent in the emergency department before being transferred to another facility. A lower number of minutes is better,265,,07/01/2024,06/30/2025
FL,Emergency Department,OP_18d_HIGH_MIN,Average (median) time patients spent in the emergency department before being transferred to another facility. A lower number of minutes is better (High),299,,07/01/2024,06/30/2025
FL,Emergency Department,OP_18d_LOW_MIN,Average (median) time patients spent in the emergency department before being transferred to another facility. A lower number of minutes is better (Low),244,,07/01/2024,06/30/2025
FL,Emergency Department,OP_18d_MEDIUM_MIN,Average (median) time patients spent in the emergency department before being transferred to another facility. A lower number of minutes is better (Moderate),267,,07/01/2024,06/30/2025
FL,Emergency Department,OP_18d_VERY_HIGH_MIN,Average (median) time patients spent in the emergency department before being transferred to another facility. A lower number of minutes is better (Very High),280,,07/01/2024,06/30/2025
FL,Emergency Department,OP_22,Percentage of patients who left the emergency department before being seen Lower percentages are better,1,"25, 26",01/01/2024,12/31/2024
FL,Emergency Department,OP_23,Percentage of patients who came to the emergency department with stroke symptoms who received brain scan results within 45 minutes of arrival Higher percentages are better,72,25,07/01/2024,06/30/2025
FL,Colonoscopy care,OP_29,Percentage of patients receiving appropriate recommendation for follow-up screening colonoscopy Higher percentages are better,86,"25, 26",01/01/2024,12/31/2024
FL,Cataract surgery outcome,OP_31,Percentage of patients who had cataract surgery and had improvement in visual function within 90 days following the surgery Higher percentages are better,Not Available,5,01/01/2024,12/31/2024
FL,Electronic Clinical Quality Measure,SAFE_USE_OF_OPIOIDS,Safe Use of Opioids - Concurrent Prescribing,16,,01/01/2024,12/31/2024
FL,Sepsis Care,SEP_1,Percentage of patients who received appropriate care for severe sepsis and septic shock. Higher percentages are better,72,"25, 26",07/01/2024,06/30/2025
FL,Sepsis Care,SEP_SH_3HR,Septic Shock 3-Hour Bundle,77,"25, 26",07/01/2024,06/30/2025
FL,Sepsis Care,SEP_SH_6HR,Septic Shock 6-Hour Bundle,91,"25, 26",07/01/2024,06/30/2025
FL,Sepsis Care,SEV_SEP_3HR,Severe Sepsis 3-Hour Bundle,85,"25, 26",07/01/2024,06/30/2025
FL,Sepsis Care,SEV_SEP_6HR,Severe Sepsis 6-Hour Bundle,95,"25, 26",07/01/2024,06/30/2025
GA,Healthcare Personnel Vaccination,IMM_3,Healthcare workers given influenza vaccination Higher percentages are better,76,,10/01/2024,03/31/2025
GA,Emergency Department,OP_18a,"Average (median) time all patients spent in the emergency department before leaving from the visit, including psychiatric/mental health patients and patients who were transferred to another facility. A lower number of minutes is better",169,,07/01/2024,06/30/2025
GA,Emergency Department,OP_18a_HIGH_MIN,"Average (median) time all patients spent in the emergency department before leaving from the visit, including psychiatric/mental health patients and patients who were transferred to another facility. A lower number of minutes is better (High)",196,,07/01/2024,06/30/2025
GA,Emergency Department,OP_18a_LOW_MIN,"Average (median) time all patients spent in the emergency department before leaving from the visit, including psychiatric/mental health patients and patients who were transferred to another facility. A lower number of minutes is better (Low)",124,,07/01/2024,06/30/2025
GA,Emergency Department,OP_18a_MEDIUM_MIN,"Average (median) time all patients spent in the emergency department before leaving from the visit, including psychiatric/mental health patients and patients who were transferred to another facility. A lower number of minutes is better (Moderate)",169,,07/01/2024,06/30/2025
GA,Emergency Department,OP_18a_VERY_HIGH_MIN,"Average (median) time all patients spent in the emergency department before leaving from the visit, including psychiatric/mental health patients and patients who were transferred to another facility. A lower number of minutes is better (Very High)",220,,07/01/2024,06/30/2025
GA,Emergency Department,OP_18b,"Average (median) time patients spent in the emergency department before leaving from the visit, excluding patients transferred to another facility or psychiatric care/mental health patients. A lower number of minutes is better",162,"25, 26",07/01/2024,06/30/2025
GA,Emergency Department,OP_18b_HIGH_MIN,"Average (median) time patients spent in the emergency department before leaving from the visit, excluding patients transferred to another facility or psychiatric care/mental health patients. A lower number of minutes is better (High)",191,"25, 26",07/01/2024,06/30/2025
GA,Emergency Department,OP_18b_LOW_MIN,"Average (median) time patients spent in the emergency department before leaving from the visit, excluding patients transferred to another facility or psychiatric care/mental health patients. A lower number of minutes is better (Low)",117,"25, 26",07/01/2024,06/30/2025
GA,Emergency Department,OP_18b_MEDIUM_MIN,"Average (median) time patients spent in the emergency department before leaving from the visit, excluding patients transferred to another facility or psychiatric care/mental health patients. A lower number of minutes is better (Moderate)",160,"25, 26",07/01/2024,06/30/2025
GA,Emergency Department,OP_18b_VERY_HIGH_MIN,"Average (median) time patients spent in the emergency department before leaving from the visit, excluding patients transferred to another facility or psychiatric care/mental health patients. A lower number of minutes is better (Very High)",217,"25, 26",07/01/2024,06/30/2025
GA,Emergency Department,OP_18c,Average (median) time psychiatric/mental health patients spent in the emergency department before leaving from the visit. A lower number of minutes is better,298,25,07/01/2024,06/30/2025
GA,Emergency Department,OP_18c_HIGH_MIN,Average (median) time psychiatric/mental health patients spent in the emergency department before leaving from the visit. A lower number of minutes is better (High),398,25,07/01/2024,06/30/2025
GA,Emergency Department,OP_18c_LOW_MIN,Average (median) time psychiatric/mental health patients spent in the emergency department before leaving from the visit. A lower number of minutes is better (Low),238,25,07/01/2024,06/30/2025
GA,Emergency Department,OP_18c_MEDIUM_MIN,Average (median) time psychiatric/mental health patients spent in the emergency department before leaving from the visit. A lower number of minutes is better (Moderate),274,25,07/01/2024,06/30/2025
GA,Emergency Department,OP_18c_VERY_HIGH_MIN,Average (median) time psychiatric/mental health patients spent in the emergency department before leaving from the visit. A lower number of minutes is better (Very High),310,25,07/01/2024,06/30/2025
GA,Emergency Department,OP_18d,Average (median) time patients spent in the emergency department before being transferred to another facility. A lower number of minutes is better,315,,07/01/2024,06/30/2025
GA,Emergency Department,OP_18d_HIGH_MIN,Average (median) time patients spent in the emergency department before being transferred to another facility. A lower number of minutes is better (High),367,,07/01/2024,06/30/2025
GA,Emergency Department,OP_18d_LOW_MIN,Average (median) time patients spent in the emergency department before being transferred to another facility. A lower number of minutes is better (Low),300,,07/01/2024,06/30/2025
GA,Emergency Department,OP_18d_MEDIUM_MIN,Average (median) time patients spent in the emergency department before being transferred to another facility. A lower number of minutes is better (Moderate),343,,07/01/2024,06/30/2025
GA,Emergency Department,OP_18d_VERY_HIGH_MIN,Average (median) time patients spent in the emergency department before being transferred to another facility. A lower number of minutes is better (Very High),261,,07/01/2024,06/30/2025
GA,Emergency Department,OP_22,Percentage of patients who left the emergency department before being seen Lower percentages are better,2,"25, 26",01/01/2024,12/31/2024
GA,Emergency Department,OP_23,Percentage of patients who came to the emergency department with stroke symptoms who received brain scan results within 45 minutes of arrival Higher percentages are better,71,25,07/01/2024,06/30/2025
GA,Colonoscopy care,OP_29,Percentage of patients receiving appropriate recommendation for follow-up screening colonoscopy Higher percentages are better,89,"25, 26",01/01/2024,12/31/2024
GA,Cataract surgery outcome,OP_31,Percentage of patients who had cataract surgery and had improvement in visual function within 90 days following the surgery Higher percentages are better,100,,01/01/2024,12/31/2024
GA,Electronic Clinical Quality Measure,SAFE_USE_OF_OPIOIDS,Safe Use of Opioids - Concurrent Prescribing,15,,01/01/2024,12/31/2024
GA,Sepsis Care,SEP_1,Percentage of patients who received appropriate care for severe sepsis and septic shock. Higher percentages are better,62,"25, 26",07/01/2024,06/30/2025
GA,Sepsis Care,SEP_SH_3HR,Septic Shock 3-Hour Bundle,71,"25, 26",07/01/2024,06/30/2025
GA,Sepsis Care,SEP_SH_6HR,Septic Shock 6-Hour Bundle,84,"25, 26",07/01/2024,06/30/2025
GA,Sepsis Care,SEV_SEP_3HR,Severe Sepsis 3-Hour Bundle,80,"25, 26",07/01/2024,06/30/2025
GA,Sepsis Care,SEV_SEP_6HR,Severe Sepsis 6-Hour Bundle,91,"25, 26",07/01/2024,06/30/2025
GU,Healthcare Personnel Vaccination,IMM_3,Healthcare workers given influenza vaccination Higher percentages are better,Not Available,5,10/01/2024,03/31/2025
GU,Emergency Department,OP_18a,"Average (median) time all patients spent in the emergency department before leaving from the visit, including psychiatric/mental health patients and patients who were transferred to another facility. A lower number of minutes is better",Not Available,5,07/01/2024,06/30/2025
GU,Emergency Department,OP_18a_HIGH_MIN,"Average (median) time all patients spent in the emergency department before leaving from the visit, including psychiatric/mental health patients and patients who were transferred to another facility. A lower number of minutes is better (High)",Not Available,5,07/01/2024,06/30/2025
GU,Emergency Department,OP_18a_LOW_MIN,"Average (median) time all patients spent in the emergency department before leaving from the visit, including psychiatric/mental health patients and patients who were transferred to another facility. A lower number of minutes is better (Low)",Not Available,5,07/01/2024,06/30/2025
GU,Emergency Department,OP_18a_MEDIUM_MIN,"Average (median) time all patients spent in the emergency department before leaving from the visit, including psychiatric/mental health patients and patients who were transferred to another facility. A lower number of minutes is better (Moderate)",Not Available,5,07/01/2024,06/30/2025
GU,Emergency Department,OP_18a_VERY_HIGH_MIN,"Average (median) time all patients spent in the emergency department before leaving from the visit, including psychiatric/mental health patients and patients who were transferred to another facility. A lower number of minutes is better (Very High)",Not Available,5,07/01/2024,06/30/2025
GU,Emergency Department,OP_18b,"Average (median) time patients spent in the emergency department before leaving from the visit, excluding patients transferred to another facility or psychiatric care/mental health patients. A lower number of minutes is better",Not Available,5,07/01/2024,06/30/2025
GU,Emergency Department,OP_18b_HIGH_MIN,"Average (median) time patients spent in the emergency department before leaving from the visit, excluding patients transferred to another facility or psychiatric care/mental health patients. A lower number of minutes is better (High)",Not Available,5,07/01/2024,06/30/2025
GU,Emergency Department,OP_18b_LOW_MIN,"Average (median) time patients spent in the emergency department before leaving from the visit, excluding patients transferred to another facility or psychiatric care/mental health patients. A lower number of minutes is better (Low)",Not Available,5,07/01/2024,06/30/2025
GU,Emergency Department,OP_18b_MEDIUM_MIN,"Average (median) time patients spent in the emergency department before leaving from the visit, excluding patients transferred to another facility or psychiatric care/mental health patients. A lower number of minutes is better (Moderate)",Not Available,5,07/01/2024,06/30/2025
GU,Emergency Department,OP_18b_VERY_HIGH_MIN,"Average (median) time patients spent in the emergency department before leaving from the visit, excluding patients transferred to another facility or psychiatric care/mental health patients. A lower number of minutes is better (Very High)",Not Available,5,07/01/2024,06/30/2025
GU,Emergency Department,OP_18c,Average (median) time psychiatric/mental health patients spent in the emergency department before leaving from the visit. A lower number of minutes is better,Not Available,5,07/01/2024,06/30/2025
GU,Emergency Department,OP_18c_HIGH_MIN,Average (median) time psychiatric/mental health patients spent in the emergency department before leaving from the visit. A lower number of minutes is better (High),Not Available,5,07/01/2024,06/30/2025
GU,Emergency Department,OP_18c_LOW_MIN,Average (median) time psychiatric/mental health patients spent in the emergency department before leaving from the visit. A lower number of minutes is better (Low),Not Available,5,07/01/2024,06/30/2025
GU,Emergency Department,OP_18c_MEDIUM_MIN,Average (median) time psychiatric/mental health patients spent in the emergency department before leaving from the visit. A lower number of minutes is better (Moderate),Not Available,5,07/01/2024,06/30/2025
GU,Emergency Department,OP_18c_VERY_HIGH_MIN,Average (median) time psychiatric/mental health patients spent in the emergency department before leaving from the visit. A lower number of minutes is better (Very High),Not Available,5,07/01/2024,06/30/2025
GU,Emergency Department,OP_18d,Average (median) time patients spent in the emergency department before being transferred to another facility. A lower number of minutes is better,Not Available,5,07/01/2024,06/30/2025
GU,Emergency Department,OP_18d_HIGH_MIN,Average (median) time patients spent in the emergency department before being transferred to another facility. A lower number of minutes is better (High),Not Available,5,07/01/2024,06/30/2025
GU,Emergency Department,OP_18d_LOW_MIN,Average (median) time patients spent in the emergency department before being transferred to another facility. A lower number of minutes is better (Low),Not Available,5,07/01/2024,06/30/2025
GU,Emergency Department,OP_18d_MEDIUM_MIN,Average (median) time patients spent in the emergency department before being transferred to another facility. A lower number of minutes is better (Moderate),Not Available,5,07/01/2024,06/30/2025
GU,Emergency Department,OP_18d_VERY_HIGH_MIN,Average (median) time patients spent in the emergency department before being transferred to another facility. A lower number of minutes is better (Very High),Not Available,5,07/01/2024,06/30/2025
GU,Emergency Department,OP_22,Percentage of patients who left the emergency department before being seen Lower percentages are better,Not Available,5,01/01/2024,12/31/2024
GU,Emergency Department,OP_23,Percentage of patients who came to the emergency department with stroke symptoms who received brain scan results within 45 minutes of arrival Higher percentages are better,Not Available,5,07/01/2024,06/30/2025
GU,Colonoscopy care,OP_29,Percentage of patients receiving appropriate recommendation for follow-up screening colonoscopy Higher percentages are better,Not Available,5,01/01/2024,12/31/2024
GU,Cataract surgery outcome,OP_31,Percentage of patients who had cataract surgery and had improvement in visual function within 90 days following the surgery Higher percentages are better,Not Available,5,01/01/2024,12/31/2024
GU,Electronic Clinical Quality Measure,SAFE_USE_OF_OPIOIDS,Safe Use of Opioids - Concurrent Prescribing,Not Available,5,01/01/2024,12/31/2024
GU,Sepsis Care,SEP_1,Percentage of patients who received appropriate care for severe sepsis and septic shock. Higher percentages are better,Not Available,5,07/01/2024,06/30/2025
GU,Sepsis Care,SEP_SH_3HR,Septic Shock 3-Hour Bundle,Not Available,5,07/01/2024,06/30/2025
GU,Sepsis Care,SEP_SH_6HR,Septic Shock 6-Hour Bundle,Not Available,5,07/01/2024,06/30/2025
GU,Sepsis Care,SEV_SEP_3HR,Severe Sepsis 3-Hour Bundle,Not Available,5,07/01/2024,06/30/2025
GU,Sepsis Care,SEV_SEP_6HR,Severe Sepsis 6-Hour Bundle,Not Available,5,07/01/2024,06/30/2025
HI,Healthcare Personnel Vaccination,IMM_3,Healthcare workers given influenza vaccination Higher percentages are better,63,,10/01/2024,03/31/2025
HI,Emergency Department,OP_18a,"Average (median) time all patients spent in the emergency department before leaving from the visit, including psychiatric/mental health patients and patients who were transferred to another facility. A lower number of minutes is better",114,,07/01/2024,06/30/2025
HI,Emergency Department,OP_18a_HIGH_MIN,"Average (median) time all patients spent in the emergency department before leaving from the visit, including psychiatric/mental health patients and patients who were transferred to another facility. A lower number of minutes is better (High)",153,,07/01/2024,06/30/2025
HI,Emergency Department,OP_18a_LOW_MIN,"Average (median) time all patients spent in the emergency department before leaving from the visit, including psychiatric/mental health patients and patients who were transferred to another facility. A lower number of minutes is better (Low)",90,,07/01/2024,06/30/2025
HI,Emergency Department,OP_18a_MEDIUM_MIN,"Average (median) time all patients spent in the emergency department before leaving from the visit, including psychiatric/mental health patients and patients who were transferred to another facility. A lower number of minutes is better (Moderate)",153,,07/01/2024,06/30/2025
HI,Emergency Department,OP_18a_VERY_HIGH_MIN,"Average (median) time all patients spent in the emergency department before leaving from the visit, including psychiatric/mental health patients and patients who were transferred to another facility. A lower number of minutes is better (Very High)",185,,07/01/2024,06/30/2025
HI,Emergency Department,OP_18b,"Average (median) time patients spent in the emergency department before leaving from the visit, excluding patients transferred to another facility or psychiatric care/mental health patients. A lower number of minutes is better",114,"25, 26",07/01/2024,06/30/2025
HI,Emergency Department,OP_18b_HIGH_MIN,"Average (median) time patients spent in the emergency department before leaving from the visit, excluding patients transferred to another facility or psychiatric care/mental health patients. A lower number of minutes is better (High)",160,"25, 26",07/01/2024,06/30/2025
HI,Emergency Department,OP_18b_LOW_MIN,"Average (median) time patients spent in the emergency department before leaving from the visit, excluding patients transferred to another facility or psychiatric care/mental health patients. A lower number of minutes is better (Low)",87,"25, 26",07/01/2024,06/30/2025
HI,Emergency Department,OP_18b_MEDIUM_MIN,"Average (median) time patients spent in the emergency department before leaving from the visit, excluding patients transferred to another facility or psychiatric care/mental health patients. A lower number of minutes is better (Moderate)",149,"25, 26",07/01/2024,06/30/2025
HI,Emergency Department,OP_18b_VERY_HIGH_MIN,"Average (median) time patients spent in the emergency department before leaving from the visit, excluding patients transferred to another facility or psychiatric care/mental health patients. A lower number of minutes is better (Very High)",178,"25, 26",07/01/2024,06/30/2025
HI,Emergency Department,OP_18c,Average (median) time psychiatric/mental health patients spent in the emergency department before leaving from the visit. A lower number of minutes is better,178,25,07/01/2024,06/30/2025
HI,Emergency Department,OP_18c_HIGH_MIN,Average (median) time psychiatric/mental health patients spent in the emergency department before leaving from the visit. A lower number of minutes is better (High),195,25,07/01/2024,06/30/2025
HI,Emergency Department,OP_18c_LOW_MIN,Average (median) time psychiatric/mental health patients spent in the emergency department before leaving from the visit. A lower number of minutes is better (Low),111,25,07/01/2024,06/30/2025
HI,Emergency Department,OP_18c_MEDIUM_MIN,Average (median) time psychiatric/mental health patients spent in the emergency department before leaving from the visit. A lower number of minutes is better (Moderate),188,25,07/01/2024,06/30/2025
HI,Emergency Department,OP_18c_VERY_HIGH_MIN,Average (median) time psychiatric/mental health patients spent in the emergency department before leaving from the visit. A lower number of minutes is better (Very High),274,25,07/01/2024,06/30/2025
HI,Emergency Department,OP_18d,Average (median) time patients spent in the emergency department before being transferred to another facility. A lower number of minutes is better,272,,07/01/2024,06/30/2025
HI,Emergency Department,OP_18d_HIGH_MIN,Average (median) time patients spent in the emergency department before being transferred to another facility. A lower number of minutes is better (High),1885,,07/01/2024,06/30/2025
HI,Emergency Department,OP_18d_LOW_MIN,Average (median) time patients spent in the emergency department before being transferred to another facility. A lower number of minutes is better (Low),285,,07/01/2024,06/30/2025
HI,Emergency Department,OP_18d_MEDIUM_MIN,Average (median) time patients spent in the emergency department before being transferred to another facility. A lower number of minutes is better (Moderate),501,,07/01/2024,06/30/2025
HI,Emergency Department,OP_18d_VERY_HIGH_MIN,Average (median) time patients spent in the emergency department before being transferred to another facility. A lower number of minutes is better (Very High),414,,07/01/2024,06/30/2025
HI,Emergency Department,OP_22,Percentage of patients who left the emergency department before being seen Lower percentages are better,1,"25, 26",01/01/2024,12/31/2024
HI,Emergency Department,OP_23,Percentage of patients who came to the emergency department with stroke symptoms who received brain scan results within 45 minutes of arrival Higher percentages are better,66,25,07/01/2024,06/30/2025
HI,Colonoscopy care,OP_29,Percentage of patients receiving appropriate recommendation for follow-up screening colonoscopy Higher percentages are better,91,"25, 26",01/01/2024,12/31/2024
HI,Cataract surgery outcome,OP_31,Percentage of patients who had cataract surgery and had improvement in visual function within 90 days following the surgery Higher percentages are better,Not Available,5,01/01/2024,12/31/2024
HI,Electronic Clinical Quality Measure,SAFE_USE_OF_OPIOIDS,Safe Use of Opioids - Concurrent Prescribing,11,,01/01/2024,12/31/2024
HI,Sepsis Care,SEP_1,Percentage of patients who received appropriate care for severe sepsis and septic shock. Higher percentages are better,77,"25, 26",07/01/2024,06/30/2025
HI,Sepsis Care,SEP_SH_3HR,Septic Shock 3-Hour Bundle,85,"25, 26",07/01/2024,06/30/2025
HI,Sepsis Care,SEP_SH_6HR,Septic Shock 6-Hour Bundle,88,"25, 26",07/01/2024,06/30/2025
HI,Sepsis Care,SEV_SEP_3HR,Severe Sepsis 3-Hour Bundle,90,"25, 26",07/01/2024,06/30/2025
HI,Sepsis Care,SEV_SEP_6HR,Severe Sepsis 6-Hour Bundle,94,"25, 26",07/01/2024,06/30/2025
IA,Healthcare Personnel Vaccination,IMM_3,Healthcare workers given influenza vaccination Higher percentages are better,75,,10/01/2024,03/31/2025
IA,Emergency Department,OP_18a,"Average (median) time all patients spent in the emergency department before leaving from the visit, including psychiatric/mental health patients and patients who were transferred to another facility. A lower number of minutes is better",130,,07/01/2024,06/30/2025
IA,Emergency Department,OP_18a_HIGH_MIN,"Average (median) time all patients spent in the emergency department before leaving from the visit, including psychiatric/mental health patients and patients who were transferred to another facility. A lower number of minutes is better (High)",173,,07/01/2024,06/30/2025
IA,Emergency Department,OP_18a_LOW_MIN,"Average (median) time all patients spent in the emergency department before leaving from the visit, including psychiatric/mental health patients and patients who were transferred to another facility. A lower number of minutes is better (Low)",125,,07/01/2024,06/30/2025
IA,Emergency Department,OP_18a_MEDIUM_MIN,"Average (median) time all patients spent in the emergency department before leaving from the visit, including psychiatric/mental health patients and patients who were transferred to another facility. A lower number of minutes is better (Moderate)",172,,07/01/2024,06/30/2025
IA,Emergency Department,OP_18a_VERY_HIGH_MIN,"Average (median) time all patients spent in the emergency department before leaving from the visit, including psychiatric/mental health patients and patients who were transferred to another facility. A lower number of minutes is better (Very High)",188,,07/01/2024,06/30/2025
IA,Emergency Department,OP_18b,"Average (median) time patients spent in the emergency department before leaving from the visit, excluding patients transferred to another facility or psychiatric care/mental health patients. A lower number of minutes is better",123,"25, 26",07/01/2024,06/30/2025
IA,Emergency Department,OP_18b_HIGH_MIN,"Average (median) time patients spent in the emergency department before leaving from the visit, excluding patients transferred to another facility or psychiatric care/mental health patients. A lower number of minutes is better (High)",168,"25, 26",07/01/2024,06/30/2025
IA,Emergency Department,OP_18b_LOW_MIN,"Average (median) time patients spent in the emergency department before leaving from the visit, excluding patients transferred to another facility or psychiatric care/mental health patients. A lower number of minutes is better (Low)",119,"25, 26",07/01/2024,06/30/2025
IA,Emergency Department,OP_18b_MEDIUM_MIN,"Average (median) time patients spent in the emergency department before leaving from the visit, excluding patients transferred to another facility or psychiatric care/mental health patients. A lower number of minutes is better (Moderate)",168,"25, 26",07/01/2024,06/30/2025
IA,Emergency Department,OP_18b_VERY_HIGH_MIN,"Average (median) time patients spent in the emergency department before leaving from the visit, excluding patients transferred to another facility or psychiatric care/mental health patients. A lower number of minutes is better (Very High)",184,"25, 26",07/01/2024,06/30/2025
IA,Emergency Department,OP_18c,Average (median) time psychiatric/mental health patients spent in the emergency department before leaving from the visit. A lower number of minutes is better,215,25,07/01/2024,06/30/2025
IA,Emergency Department,OP_18c_HIGH_MIN,Average (median) time psychiatric/mental health patients spent in the emergency department before leaving from the visit. A lower number of minutes is better (High),238,25,07/01/2024,06/30/2025
IA,Emergency Department,OP_18c_LOW_MIN,Average (median) time psychiatric/mental health patients spent in the emergency department before leaving from the visit. A lower number of minutes is better (Low),214,25,07/01/2024,06/30/2025
IA,Emergency Department,OP_18c_MEDIUM_MIN,Average (median) time psychiatric/mental health patients spent in the emergency department before leaving from the visit. A lower number of minutes is better (Moderate),242,25,07/01/2024,06/30/2025
IA,Emergency Department,OP_18c_VERY_HIGH_MIN,Average (median) time psychiatric/mental health patients spent in the emergency department before leaving from the visit. A lower number of minutes is better (Very High),248,25,07/01/2024,06/30/2025
IA,Emergency Department,OP_18d,Average (median) time patients spent in the emergency department before being transferred to another facility. A lower number of minutes is better,251,,07/01/2024,06/30/2025
IA,Emergency Department,OP_18d_HIGH_MIN,Average (median) time patients spent in the emergency department before being transferred to another facility. A lower number of minutes is better (High),526,,07/01/2024,06/30/2025
IA,Emergency Department,OP_18d_LOW_MIN,Average (median) time patients spent in the emergency department before being transferred to another facility. A lower number of minutes is better (Low),252,,07/01/2024,06/30/2025
IA,Emergency Department,OP_18d_MEDIUM_MIN,Average (median) time patients spent in the emergency department before being transferred to another facility. A lower number of minutes is better (Moderate),362,,07/01/2024,06/30/2025
IA,Emergency Department,OP_18d_VERY_HIGH_MIN,Average (median) time patients spent in the emergency department before being transferred to another facility. A lower number of minutes is better (Very High),268,,07/01/2024,06/30/2025
IA,Emergency Department,OP_22,Percentage of patients who left the emergency department before being seen Lower percentages are better,3,"25, 26",01/01/2024,12/31/2024
IA,Emergency Department,OP_23,Percentage of patients who came to the emergency department with stroke symptoms who received brain scan results within 45 minutes of arrival Higher percentages are better,64,25,07/01/2024,06/30/2025
IA,Colonoscopy care,OP_29,Percentage of patients receiving appropriate recommendation for follow-up screening colonoscopy Higher percentages are better,97,"25, 26",01/01/2024,12/31/2024
IA,Cataract surgery outcome,OP_31,Percentage of patients who had cataract surgery and had improvement in visual function within 90 days following the surgery Higher percentages are better,Not Available,5,01/01/2024,12/31/2024
IA,Electronic Clinical Quality Measure,SAFE_USE_OF_OPIOIDS,Safe Use of Opioids - Concurrent Prescribing,15,,01/01/2024,12/31/2024
IA,Sepsis Care,SEP_1,Percentage of patients who received appropriate care for severe sepsis and septic shock. Higher percentages are better,62,"25, 26",07/01/2024,06/30/2025
IA,Sepsis Care,SEP_SH_3HR,Septic Shock 3-Hour Bundle,73,"25, 26",07/01/2024,06/30/2025
IA,Sepsis Care,SEP_SH_6HR,Septic Shock 6-Hour Bundle,79,"25, 26",07/01/2024,06/30/2025
IA,Sepsis Care,SEV_SEP_3HR,Severe Sepsis 3-Hour Bundle,78,"25, 26",07/01/2024,06/30/2025
IA,Sepsis Care,SEV_SEP_6HR,Severe Sepsis 6-Hour Bundle,93,"25, 26",07/01/2024,06/30/2025
ID,Healthcare Personnel Vaccination,IMM_3,Healthcare workers given influenza vaccination Higher percentages are better,77,,10/01/2024,03/31/2025
ID,Emergency Department,OP_18a,"Average (median) time all patients spent in the emergency department before leaving from the visit, including psychiatric/mental health patients and patients who were transferred to another facility. A lower number of minutes is better",146,,07/01/2024,06/30/2025
ID,Emergency Department,OP_18a_HIGH_MIN,"Average (median) time all patients spent in the emergency department before leaving from the visit, including psychiatric/mental health patients and patients who were transferred to another facility. A lower number of minutes is better (High)",160,,07/01/2024,06/30/2025
ID,Emergency Department,OP_18a_LOW_MIN,"Average (median) time all patients spent in the emergency department before leaving from the visit, including psychiatric/mental health patients and patients who were transferred to another facility. A lower number of minutes is better (Low)",123,,07/01/2024,06/30/2025
ID,Emergency Department,OP_18a_MEDIUM_MIN,"Average (median) time all patients spent in the emergency department before leaving from the visit, including psychiatric/mental health patients and patients who were transferred to another facility. A lower number of minutes is better (Moderate)",175,,07/01/2024,06/30/2025
ID,Emergency Department,OP_18a_VERY_HIGH_MIN,"Average (median) time all patients spent in the emergency department before leaving from the visit, including psychiatric/mental health patients and patients who were transferred to another facility. A lower number of minutes is better (Very High)",172,,07/01/2024,06/30/2025
ID,Emergency Department,OP_18b,"Average (median) time patients spent in the emergency department before leaving from the visit, excluding patients transferred to another facility or psychiatric care/mental health patients. A lower number of minutes is better",142,"25, 26",07/01/2024,06/30/2025
ID,Emergency Department,OP_18b_HIGH_MIN,"Average (median) time patients spent in the emergency department before leaving from the visit, excluding patients transferred to another facility or psychiatric care/mental health patients. A lower number of minutes is better (High)",155,"25, 26",07/01/2024,06/30/2025
ID,Emergency Department,OP_18b_LOW_MIN,"Average (median) time patients spent in the emergency department before leaving from the visit, excluding patients transferred to another facility or psychiatric care/mental health patients. A lower number of minutes is better (Low)",118,"25, 26",07/01/2024,06/30/2025
ID,Emergency Department,OP_18b_MEDIUM_MIN,"Average (median) time patients spent in the emergency department before leaving from the visit, excluding patients transferred to another facility or psychiatric care/mental health patients. A lower number of minutes is better (Moderate)",173,"25, 26",07/01/2024,06/30/2025
ID,Emergency Department,OP_18b_VERY_HIGH_MIN,"Average (median) time patients spent in the emergency department before leaving from the visit, excluding patients transferred to another facility or psychiatric care/mental health patients. A lower number of minutes is better (Very High)",168,"25, 26",07/01/2024,06/30/2025
ID,Emergency Department,OP_18c,Average (median) time psychiatric/mental health patients spent in the emergency department before leaving from the visit. A lower number of minutes is better,203,25,07/01/2024,06/30/2025
ID,Emergency Department,OP_18c_HIGH_MIN,Average (median) time psychiatric/mental health patients spent in the emergency department before leaving from the visit. A lower number of minutes is better (High),239,25,07/01/2024,06/30/2025
ID,Emergency Department,OP_18c_LOW_MIN,Average (median) time psychiatric/mental health patients spent in the emergency department before leaving from the visit. A lower number of minutes is better (Low),178,25,07/01/2024,06/30/2025
ID,Emergency Department,OP_18c_MEDIUM_MIN,Average (median) time psychiatric/mental health patients spent in the emergency department before leaving from the visit. A lower number of minutes is better (Moderate),206,25,07/01/2024,06/30/2025
ID,Emergency Department,OP_18c_VERY_HIGH_MIN,Average (median) time psychiatric/mental health patients spent in the emergency department before leaving from the visit. A lower number of minutes is better (Very High),231,25,07/01/2024,06/30/2025
ID,Emergency Department,OP_18d,Average (median) time patients spent in the emergency department before being transferred to another facility. A lower number of minutes is better,251,,07/01/2024,06/30/2025
ID,Emergency Department,OP_18d_HIGH_MIN,Average (median) time patients spent in the emergency department before being transferred to another facility. A lower number of minutes is better (High),290,,07/01/2024,06/30/2025
ID,Emergency Department,OP_18d_LOW_MIN,Average (median) time patients spent in the emergency department before being transferred to another facility. A lower number of minutes is better (Low),226,,07/01/2024,06/30/2025
ID,Emergency Department,OP_18d_MEDIUM_MIN,Average (median) time patients spent in the emergency department before being transferred to another facility. A lower number of minutes is better (Moderate),248,,07/01/2024,06/30/2025
ID,Emergency Department,OP_18d_VERY_HIGH_MIN,Average (median) time patients spent in the emergency department before being transferred to another facility. A lower number of minutes is better (Very High),323,,07/01/2024,06/30/2025
ID,Emergency Department,OP_22,Percentage of patients who left the emergency department before being seen Lower percentages are better,1,"25, 26",01/01/2024,12/31/2024
ID,Emergency Department,OP_23,Percentage of patients who came to the emergency department with stroke symptoms who received brain scan results within 45 minutes of arrival Higher percentages are better,67,25,07/01/2024,06/30/2025
ID,Colonoscopy care,OP_29,Percentage of patients receiving appropriate recommendation for follow-up screening colonoscopy Higher percentages are better,91,"25, 26",01/01/2024,12/31/2024
ID,Cataract surgery outcome,OP_31,Percentage of patients who had cataract surgery and had improvement in visual function within 90 days following the surgery Higher percentages are better,Not Available,5,01/01/2024,12/31/2024
ID,Electronic Clinical Quality Measure,SAFE_USE_OF_OPIOIDS,Safe Use of Opioids - Concurrent Prescribing,14,,01/01/2024,12/31/2024
ID,Sepsis Care,SEP_1,Percentage of patients who received appropriate care for severe sepsis and septic shock. Higher percentages are better,66,"25, 26",07/01/2024,06/30/2025
ID,Sepsis Care,SEP_SH_3HR,Septic Shock 3-Hour Bundle,77,"25, 26",07/01/2024,06/30/2025
ID,Sepsis Care,SEP_SH_6HR,Septic Shock 6-Hour Bundle,92,"25, 26",07/01/2024,06/30/2025
ID,Sepsis Care,SEV_SEP_3HR,Severe Sepsis 3-Hour Bundle,81,"25, 26",07/01/2024,06/30/2025
ID,Sepsis Care,SEV_SEP_6HR,Severe Sepsis 6-Hour Bundle,93,"25, 26",07/01/2024,06/30/2025
IL,Healthcare Personnel Vaccination,IMM_3,Healthcare workers given influenza vaccination Higher percentages are better,87,,10/01/2024,03/31/2025
IL,Emergency Department,OP_18a,"Average (median) time all patients spent in the emergency department before leaving from the visit, including psychiatric/mental health patients and patients who were transferred to another facility. A lower number of minutes is better",173,,07/01/2024,06/30/2025
IL,Emergency Department,OP_18a_HIGH_MIN,"Average (median) time all patients spent in the emergency department before leaving from the visit, including psychiatric/mental health patients and patients who were transferred to another facility. A lower number of minutes is better (High)",215,,07/01/2024,06/30/2025
IL,Emergency Department,OP_18a_LOW_MIN,"Average (median) time all patients spent in the emergency department before leaving from the visit, including psychiatric/mental health patients and patients who were transferred to another facility. A lower number of minutes is better (Low)",140,,07/01/2024,06/30/2025
IL,Emergency Department,OP_18a_MEDIUM_MIN,"Average (median) time all patients spent in the emergency department before leaving from the visit, including psychiatric/mental health patients and patients who were transferred to another facility. A lower number of minutes is better (Moderate)",190,,07/01/2024,06/30/2025
IL,Emergency Department,OP_18a_VERY_HIGH_MIN,"Average (median) time all patients spent in the emergency department before leaving from the visit, including psychiatric/mental health patients and patients who were transferred to another facility. A lower number of minutes is better (Very High)",232,,07/01/2024,06/30/2025
IL,Emergency Department,OP_18b,"Average (median) time patients spent in the emergency department before leaving from the visit, excluding patients transferred to another facility or psychiatric care/mental health patients. A lower number of minutes is better",164,"25, 26",07/01/2024,06/30/2025
IL,Emergency Department,OP_18b_HIGH_MIN,"Average (median) time patients spent in the emergency department before leaving from the visit, excluding patients transferred to another facility or psychiatric care/mental health patients. A lower number of minutes is better (High)",210,"25, 26",07/01/2024,06/30/2025
IL,Emergency Department,OP_18b_LOW_MIN,"Average (median) time patients spent in the emergency department before leaving from the visit, excluding patients transferred to another facility or psychiatric care/mental health patients. A lower number of minutes is better (Low)",130,"25, 26",07/01/2024,06/30/2025
IL,Emergency Department,OP_18b_MEDIUM_MIN,"Average (median) time patients spent in the emergency department before leaving from the visit, excluding patients transferred to another facility or psychiatric care/mental health patients. A lower number of minutes is better (Moderate)",182,"25, 26",07/01/2024,06/30/2025
IL,Emergency Department,OP_18b_VERY_HIGH_MIN,"Average (median) time patients spent in the emergency department before leaving from the visit, excluding patients transferred to another facility or psychiatric care/mental health patients. A lower number of minutes is better (Very High)",227,"25, 26",07/01/2024,06/30/2025
IL,Emergency Department,OP_18c,Average (median) time psychiatric/mental health patients spent in the emergency department before leaving from the visit. A lower number of minutes is better,297,25,07/01/2024,06/30/2025
IL,Emergency Department,OP_18c_HIGH_MIN,Average (median) time psychiatric/mental health patients spent in the emergency department before leaving from the visit. A lower number of minutes is better (High),334,25,07/01/2024,06/30/2025
IL,Emergency Department,OP_18c_LOW_MIN,Average (median) time psychiatric/mental health patients spent in the emergency department before leaving from the visit. A lower number of minutes is better (Low),278,25,07/01/2024,06/30/2025
IL,Emergency Department,OP_18c_MEDIUM_MIN,Average (median) time psychiatric/mental health patients spent in the emergency department before leaving from the visit. A lower number of minutes is better (Moderate),297,25,07/01/2024,06/30/2025
IL,Emergency Department,OP_18c_VERY_HIGH_MIN,Average (median) time psychiatric/mental health patients spent in the emergency department before leaving from the visit. A lower number of minutes is better (Very High),359,25,07/01/2024,06/30/2025
IL,Emergency Department,OP_18d,Average (median) time patients spent in the emergency department before being transferred to another facility. A lower number of minutes is better,327,,07/01/2024,06/30/2025
IL,Emergency Department,OP_18d_HIGH_MIN,Average (median) time patients spent in the emergency department before being transferred to another facility. A lower number of minutes is better (High),336,,07/01/2024,06/30/2025
IL,Emergency Department,OP_18d_LOW_MIN,Average (median) time patients spent in the emergency department before being transferred to another facility. A lower number of minutes is better (Low),324,,07/01/2024,06/30/2025
IL,Emergency Department,OP_18d_MEDIUM_MIN,Average (median) time patients spent in the emergency department before being transferred to another facility. A lower number of minutes is better (Moderate),338,,07/01/2024,06/30/2025
IL,Emergency Department,OP_18d_VERY_HIGH_MIN,Average (median) time patients spent in the emergency department before being transferred to another facility. A lower number of minutes is better (Very High),302,,07/01/2024,06/30/2025
IL,Emergency Department,OP_22,Percentage of patients who left the emergency department before being seen Lower percentages are better,3,"25, 26",01/01/2024,12/31/2024
IL,Emergency Department,OP_23,Percentage of patients who came to the emergency department with stroke symptoms who received brain scan results within 45 minutes of arrival Higher percentages are better,73,25,07/01/2024,06/30/2025
IL,Colonoscopy care,OP_29,Percentage of patients receiving appropriate recommendation for follow-up screening colonoscopy Higher percentages are better,95,"25, 26",01/01/2024,12/31/2024
IL,Cataract surgery outcome,OP_31,Percentage of patients who had cataract surgery and had improvement in visual function within 90 days following the surgery Higher percentages are better,90,,01/01/2024,12/31/2024
IL,Electronic Clinical Quality Measure,SAFE_USE_OF_OPIOIDS,Safe Use of Opioids - Concurrent Prescribing,16,,01/01/2024,12/31/2024
IL,Sepsis Care,SEP_1,Percentage of patients who received appropriate care for severe sepsis and septic shock. Higher percentages are better,61,"25, 26",07/01/2024,06/30/2025
IL,Sepsis Care,SEP_SH_3HR,Septic Shock 3-Hour Bundle,72,"25, 26",07/01/2024,06/30/2025
IL,Sepsis Care,SEP_SH_6HR,Septic Shock 6-Hour Bundle,86,"25, 26",07/01/2024,06/30/2025
IL,Sepsis Care,SEV_SEP_3HR,Severe Sepsis 3-Hour Bundle,78,"25, 26",07/01/2024,06/30/2025
IL,Sepsis Care,SEV_SEP_6HR,Severe Sepsis 6-Hour Bundle,93,"25, 26",07/01/2024,06/30/2025
IN,Healthcare Personnel Vaccination,IMM_3,Healthcare workers given influenza vaccination Higher percentages are better,82,,10/01/2024,03/31/2025
IN,Emergency Department,OP_18a,"Average (median) time all patients spent in the emergency department before leaving from the visit, including psychiatric/mental health patients and patients who were transferred to another facility. A lower number of minutes is better",151,,07/01/2024,06/30/2025
IN,Emergency Department,OP_18a_HIGH_MIN,"Average (median) time all patients spent in the emergency department before leaving from the visit, including psychiatric/mental health patients and patients who were transferred to another facility. A lower number of minutes is better (High)",188,,07/01/2024,06/30/2025
IN,Emergency Department,OP_18a_LOW_MIN,"Average (median) time all patients spent in the emergency department before leaving from the visit, including psychiatric/mental health patients and patients who were transferred to another facility. A lower number of minutes is better (Low)",129,,07/01/2024,06/30/2025
IN,Emergency Department,OP_18a_MEDIUM_MIN,"Average (median) time all patients spent in the emergency department before leaving from the visit, including psychiatric/mental health patients and patients who were transferred to another facility. A lower number of minutes is better (Moderate)",157,,07/01/2024,06/30/2025
IN,Emergency Department,OP_18a_VERY_HIGH_MIN,"Average (median) time all patients spent in the emergency department before leaving from the visit, including psychiatric/mental health patients and patients who were transferred to another facility. A lower number of minutes is better (Very High)",182,,07/01/2024,06/30/2025
IN,Emergency Department,OP_18b,"Average (median) time patients spent in the emergency department before leaving from the visit, excluding patients transferred to another facility or psychiatric care/mental health patients. A lower number of minutes is better",145,"25, 26",07/01/2024,06/30/2025
IN,Emergency Department,OP_18b_HIGH_MIN,"Average (median) time patients spent in the emergency department before leaving from the visit, excluding patients transferred to another facility or psychiatric care/mental health patients. A lower number of minutes is better (High)",186,"25, 26",07/01/2024,06/30/2025
IN,Emergency Department,OP_18b_LOW_MIN,"Average (median) time patients spent in the emergency department before leaving from the visit, excluding patients transferred to another facility or psychiatric care/mental health patients. A lower number of minutes is better (Low)",123,"25, 26",07/01/2024,06/30/2025
IN,Emergency Department,OP_18b_MEDIUM_MIN,"Average (median) time patients spent in the emergency department before leaving from the visit, excluding patients transferred to another facility or psychiatric care/mental health patients. A lower number of minutes is better (Moderate)",152,"25, 26",07/01/2024,06/30/2025
IN,Emergency Department,OP_18b_VERY_HIGH_MIN,"Average (median) time patients spent in the emergency department before leaving from the visit, excluding patients transferred to another facility or psychiatric care/mental health patients. A lower number of minutes is better (Very High)",179,"25, 26",07/01/2024,06/30/2025
IN,Emergency Department,OP_18c,Average (median) time psychiatric/mental health patients spent in the emergency department before leaving from the visit. A lower number of minutes is better,228,25,07/01/2024,06/30/2025
IN,Emergency Department,OP_18c_HIGH_MIN,Average (median) time psychiatric/mental health patients spent in the emergency department before leaving from the visit. A lower number of minutes is better (High),274,25,07/01/2024,06/30/2025
IN,Emergency Department,OP_18c_LOW_MIN,Average (median) time psychiatric/mental health patients spent in the emergency department before leaving from the visit. A lower number of minutes is better (Low),205,25,07/01/2024,06/30/2025
IN,Emergency Department,OP_18c_MEDIUM_MIN,Average (median) time psychiatric/mental health patients spent in the emergency department before leaving from the visit. A lower number of minutes is better (Moderate),238,25,07/01/2024,06/30/2025
IN,Emergency Department,OP_18c_VERY_HIGH_MIN,Average (median) time psychiatric/mental health patients spent in the emergency department before leaving from the visit. A lower number of minutes is better (Very High),259,25,07/01/2024,06/30/2025
IN,Emergency Department,OP_18d,Average (median) time patients spent in the emergency department before being transferred to another facility. A lower number of minutes is better,297,,07/01/2024,06/30/2025
IN,Emergency Department,OP_18d_HIGH_MIN,Average (median) time patients spent in the emergency department before being transferred to another facility. A lower number of minutes is better (High),386,,07/01/2024,06/30/2025
IN,Emergency Department,OP_18d_LOW_MIN,Average (median) time patients spent in the emergency department before being transferred to another facility. A lower number of minutes is better (Low),290,,07/01/2024,06/30/2025
IN,Emergency Department,OP_18d_MEDIUM_MIN,Average (median) time patients spent in the emergency department before being transferred to another facility. A lower number of minutes is better (Moderate),311,,07/01/2024,06/30/2025
IN,Emergency Department,OP_18d_VERY_HIGH_MIN,Average (median) time patients spent in the emergency department before being transferred to another facility. A lower number of minutes is better (Very High),292,,07/01/2024,06/30/2025
IN,Emergency Department,OP_22,Percentage of patients who left the emergency department before being seen Lower percentages are better,2,"25, 26",01/01/2024,12/31/2024
IN,Emergency Department,OP_23,Percentage of patients who came to the emergency department with stroke symptoms who received brain scan results within 45 minutes of arrival Higher percentages are better,70,25,07/01/2024,06/30/2025
IN,Colonoscopy care,OP_29,Percentage of patients receiving appropriate recommendation for follow-up screening colonoscopy Higher percentages are better,94,"25, 26",01/01/2024,12/31/2024
IN,Cataract surgery outcome,OP_31,Percentage of patients who had cataract surgery and had improvement in visual function within 90 days following the surgery Higher percentages are better,55,,01/01/2024,12/31/2024
IN,Electronic Clinical Quality Measure,SAFE_USE_OF_OPIOIDS,Safe Use of Opioids - Concurrent Prescribing,15,,01/01/2024,12/31/2024
IN,Sepsis Care,SEP_1,Percentage of patients who received appropriate care for severe sepsis and septic shock. Higher percentages are better,60,"25, 26",07/01/2024,06/30/2025
IN,Sepsis Care,SEP_SH_3HR,Septic Shock 3-Hour Bundle,65,"25, 26",07/01/2024,06/30/2025
IN,Sepsis Care,SEP_SH_6HR,Septic Shock 6-Hour Bundle,82,"25, 26",07/01/2024,06/30/2025
IN,Sepsis Care,SEV_SEP_3HR,Severe Sepsis 3-Hour Bundle,81,"25, 26",07/01/2024,06/30/2025
IN,Sepsis Care,SEV_SEP_6HR,Severe Sepsis 6-Hour Bundle,91,"25, 26",07/01/2024,06/30/2025
KS,Healthcare Personnel Vaccination,IMM_3,Healthcare workers given influenza vaccination Higher percentages are better,84,,10/01/2024,03/31/2025
KS,Emergency Department,OP_18a,"Average (median) time all patients spent in the emergency department before leaving from the visit, including psychiatric/mental health patients and patients who were transferred to another facility. A lower number of minutes is better",132,,07/01/2024,06/30/2025
KS,Emergency Department,OP_18a_HIGH_MIN,"Average (median) time all patients spent in the emergency department before leaving from the visit, including psychiatric/mental health patients and patients who were transferred to another facility. A lower number of minutes is better (High)",195,,07/01/2024,06/30/2025
KS,Emergency Department,OP_18a_LOW_MIN,"Average (median) time all patients spent in the emergency department before leaving from the visit, including psychiatric/mental health patients and patients who were transferred to another facility. A lower number of minutes is better (Low)",130,,07/01/2024,06/30/2025
KS,Emergency Department,OP_18a_MEDIUM_MIN,"Average (median) time all patients spent in the emergency department before leaving from the visit, including psychiatric/mental health patients and patients who were transferred to another facility. A lower number of minutes is better (Moderate)",171,,07/01/2024,06/30/2025
KS,Emergency Department,OP_18a_VERY_HIGH_MIN,"Average (median) time all patients spent in the emergency department before leaving from the visit, including psychiatric/mental health patients and patients who were transferred to another facility. A lower number of minutes is better (Very High)",155,,07/01/2024,06/30/2025
KS,Emergency Department,OP_18b,"Average (median) time patients spent in the emergency department before leaving from the visit, excluding patients transferred to another facility or psychiatric care/mental health patients. A lower number of minutes is better",126,"25, 26",07/01/2024,06/30/2025
KS,Emergency Department,OP_18b_HIGH_MIN,"Average (median) time patients spent in the emergency department before leaving from the visit, excluding patients transferred to another facility or psychiatric care/mental health patients. A lower number of minutes is better (High)",194,"25, 26",07/01/2024,06/30/2025
KS,Emergency Department,OP_18b_LOW_MIN,"Average (median) time patients spent in the emergency department before leaving from the visit, excluding patients transferred to another facility or psychiatric care/mental health patients. A lower number of minutes is better (Low)",123,"25, 26",07/01/2024,06/30/2025
KS,Emergency Department,OP_18b_MEDIUM_MIN,"Average (median) time patients spent in the emergency department before leaving from the visit, excluding patients transferred to another facility or psychiatric care/mental health patients. A lower number of minutes is better (Moderate)",162,"25, 26",07/01/2024,06/30/2025
KS,Emergency Department,OP_18b_VERY_HIGH_MIN,"Average (median) time patients spent in the emergency department before leaving from the visit, excluding patients transferred to another facility or psychiatric care/mental health patients. A lower number of minutes is better (Very High)",148,"25, 26",07/01/2024,06/30/2025
KS,Emergency Department,OP_18c,Average (median) time psychiatric/mental health patients spent in the emergency department before leaving from the visit. A lower number of minutes is better,192,25,07/01/2024,06/30/2025
KS,Emergency Department,OP_18c_HIGH_MIN,Average (median) time psychiatric/mental health patients spent in the emergency department before leaving from the visit. A lower number of minutes is better (High),242,25,07/01/2024,06/30/2025
KS,Emergency Department,OP_18c_LOW_MIN,Average (median) time psychiatric/mental health patients spent in the emergency department before leaving from the visit. A lower number of minutes is better (Low),190,25,07/01/2024,06/30/2025
KS,Emergency Department,OP_18c_MEDIUM_MIN,Average (median) time psychiatric/mental health patients spent in the emergency department before leaving from the visit. A lower number of minutes is better (Moderate),220,25,07/01/2024,06/30/2025
KS,Emergency Department,OP_18c_VERY_HIGH_MIN,Average (median) time psychiatric/mental health patients spent in the emergency department before leaving from the visit. A lower number of minutes is better (Very High),240,25,07/01/2024,06/30/2025
KS,Emergency Department,OP_18d,Average (median) time patients spent in the emergency department before being transferred to another facility. A lower number of minutes is better,238,,07/01/2024,06/30/2025
KS,Emergency Department,OP_18d_HIGH_MIN,Average (median) time patients spent in the emergency department before being transferred to another facility. A lower number of minutes is better (High),204,,07/01/2024,06/30/2025
KS,Emergency Department,OP_18d_LOW_MIN,Average (median) time patients spent in the emergency department before being transferred to another facility. A lower number of minutes is better (Low),240,,07/01/2024,06/30/2025
KS,Emergency Department,OP_18d_MEDIUM_MIN,Average (median) time patients spent in the emergency department before being transferred to another facility. A lower number of minutes is better (Moderate),237,,07/01/2024,06/30/2025
KS,Emergency Department,OP_18d_VERY_HIGH_MIN,Average (median) time patients spent in the emergency department before being transferred to another facility. A lower number of minutes is better (Very High),187,,07/01/2024,06/30/2025
KS,Emergency Department,OP_22,Percentage of patients who left the emergency department before being seen Lower percentages are better,2,"25, 26",01/01/2024,12/31/2024
KS,Emergency Department,OP_23,Percentage of patients who came to the emergency department with stroke symptoms who received brain scan results within 45 minutes of arrival Higher percentages are better,69,25,07/01/2024,06/30/2025
KS,Colonoscopy care,OP_29,Percentage of patients receiving appropriate recommendation for follow-up screening colonoscopy Higher percentages are better,95,"25, 26",01/01/2024,12/31/2024
KS,Cataract surgery outcome,OP_31,Percentage of patients who had cataract surgery and had improvement in visual function within 90 days following the surgery Higher percentages are better,98,,01/01/2024,12/31/2024
KS,Electronic Clinical Quality Measure,SAFE_USE_OF_OPIOIDS,Safe Use of Opioids - Concurrent Prescribing,16,,01/01/2024,12/31/2024
KS,Sepsis Care,SEP_1,Percentage of patients who received appropriate care for severe sepsis and septic shock. Higher percentages are better,62,"25, 26",07/01/2024,06/30/2025
KS,Sepsis Care,SEP_SH_3HR,Septic Shock 3-Hour Bundle,67,"25, 26",07/01/2024,06/30/2025
KS,Sepsis Care,SEP_SH_6HR,Septic Shock 6-Hour Bundle,83,"25, 26",07/01/2024,06/30/2025
KS,Sepsis Care,SEV_SEP_3HR,Severe Sepsis 3-Hour Bundle,81,"25, 26",07/01/2024,06/30/2025
KS,Sepsis Care,SEV_SEP_6HR,Severe Sepsis 6-Hour Bundle,91,"25, 26",07/01/2024,06/30/2025
KY,Healthcare Personnel Vaccination,IMM_3,Healthcare workers given influenza vaccination Higher percentages are better,80,,10/01/2024,03/31/2025
KY,Emergency Department,OP_18a,"Average (median) time all patients spent in the emergency department before leaving from the visit, including psychiatric/mental health patients and patients who were transferred to another facility. A lower number of minutes is better",156,,07/01/2024,06/30/2025
KY,Emergency Department,OP_18a_HIGH_MIN,"Average (median) time all patients spent in the emergency department before leaving from the visit, including psychiatric/mental health patients and patients who were transferred to another facility. A lower number of minutes is better (High)",196,,07/01/2024,06/30/2025
KY,Emergency Department,OP_18a_LOW_MIN,"Average (median) time all patients spent in the emergency department before leaving from the visit, including psychiatric/mental health patients and patients who were transferred to another facility. A lower number of minutes is better (Low)",133,,07/01/2024,06/30/2025
KY,Emergency Department,OP_18a_MEDIUM_MIN,"Average (median) time all patients spent in the emergency department before leaving from the visit, including psychiatric/mental health patients and patients who were transferred to another facility. A lower number of minutes is better (Moderate)",161,,07/01/2024,06/30/2025
KY,Emergency Department,OP_18a_VERY_HIGH_MIN,"Average (median) time all patients spent in the emergency department before leaving from the visit, including psychiatric/mental health patients and patients who were transferred to another facility. A lower number of minutes is better (Very High)",180,,07/01/2024,06/30/2025
KY,Emergency Department,OP_18b,"Average (median) time patients spent in the emergency department before leaving from the visit, excluding patients transferred to another facility or psychiatric care/mental health patients. A lower number of minutes is better",150,"25, 26",07/01/2024,06/30/2025
KY,Emergency Department,OP_18b_HIGH_MIN,"Average (median) time patients spent in the emergency department before leaving from the visit, excluding patients transferred to another facility or psychiatric care/mental health patients. A lower number of minutes is better (High)",193,"25, 26",07/01/2024,06/30/2025
KY,Emergency Department,OP_18b_LOW_MIN,"Average (median) time patients spent in the emergency department before leaving from the visit, excluding patients transferred to another facility or psychiatric care/mental health patients. A lower number of minutes is better (Low)",127,"25, 26",07/01/2024,06/30/2025
KY,Emergency Department,OP_18b_MEDIUM_MIN,"Average (median) time patients spent in the emergency department before leaving from the visit, excluding patients transferred to another facility or psychiatric care/mental health patients. A lower number of minutes is better (Moderate)",156,"25, 26",07/01/2024,06/30/2025
KY,Emergency Department,OP_18b_VERY_HIGH_MIN,"Average (median) time patients spent in the emergency department before leaving from the visit, excluding patients transferred to another facility or psychiatric care/mental health patients. A lower number of minutes is better (Very High)",178,"25, 26",07/01/2024,06/30/2025
KY,Emergency Department,OP_18c,Average (median) time psychiatric/mental health patients spent in the emergency department before leaving from the visit. A lower number of minutes is better,205,25,07/01/2024,06/30/2025
KY,Emergency Department,OP_18c_HIGH_MIN,Average (median) time psychiatric/mental health patients spent in the emergency department before leaving from the visit. A lower number of minutes is better (High),228,25,07/01/2024,06/30/2025
KY,Emergency Department,OP_18c_LOW_MIN,Average (median) time psychiatric/mental health patients spent in the emergency department before leaving from the visit. A lower number of minutes is better (Low),169,25,07/01/2024,06/30/2025
KY,Emergency Department,OP_18c_MEDIUM_MIN,Average (median) time psychiatric/mental health patients spent in the emergency department before leaving from the visit. A lower number of minutes is better (Moderate),216,25,07/01/2024,06/30/2025
KY,Emergency Department,OP_18c_VERY_HIGH_MIN,Average (median) time psychiatric/mental health patients spent in the emergency department before leaving from the visit. A lower number of minutes is better (Very High),239,25,07/01/2024,06/30/2025
KY,Emergency Department,OP_18d,Average (median) time patients spent in the emergency department before being transferred to another facility. A lower number of minutes is better,281,,07/01/2024,06/30/2025
KY,Emergency Department,OP_18d_HIGH_MIN,Average (median) time patients spent in the emergency department before being transferred to another facility. A lower number of minutes is better (High),282,,07/01/2024,06/30/2025
KY,Emergency Department,OP_18d_LOW_MIN,Average (median) time patients spent in the emergency department before being transferred to another facility. A lower number of minutes is better (Low),278,,07/01/2024,06/30/2025
KY,Emergency Department,OP_18d_MEDIUM_MIN,Average (median) time patients spent in the emergency department before being transferred to another facility. A lower number of minutes is better (Moderate),306,,07/01/2024,06/30/2025
KY,Emergency Department,OP_18d_VERY_HIGH_MIN,Average (median) time patients spent in the emergency department before being transferred to another facility. A lower number of minutes is better (Very High),266,,07/01/2024,06/30/2025
KY,Emergency Department,OP_22,Percentage of patients who left the emergency department before being seen Lower percentages are better,2,"25, 26",01/01/2024,12/31/2024
KY,Emergency Department,OP_23,Percentage of patients who came to the emergency department with stroke symptoms who received brain scan results within 45 minutes of arrival Higher percentages are better,68,25,07/01/2024,06/30/2025
KY,Colonoscopy care,OP_29,Percentage of patients receiving appropriate recommendation for follow-up screening colonoscopy Higher percentages are better,96,"25, 26",01/01/2024,12/31/2024
KY,Cataract surgery outcome,OP_31,Percentage of patients who had cataract surgery and had improvement in visual function within 90 days following the surgery Higher percentages are better,Not Available,5,01/01/2024,12/31/2024
KY,Electronic Clinical Quality Measure,SAFE_USE_OF_OPIOIDS,Safe Use of Opioids - Concurrent Prescribing,15,,01/01/2024,12/31/2024
KY,Sepsis Care,SEP_1,Percentage of patients who received appropriate care for severe sepsis and septic shock. Higher percentages are better,68,"25, 26",07/01/2024,06/30/2025
KY,Sepsis Care,SEP_SH_3HR,Septic Shock 3-Hour Bundle,78,"25, 26",07/01/2024,06/30/2025
KY,Sepsis Care,SEP_SH_6HR,Septic Shock 6-Hour Bundle,88,"25, 26",07/01/2024,06/30/2025
KY,Sepsis Care,SEV_SEP_3HR,Severe Sepsis 3-Hour Bundle,82,"25, 26",07/01/2024,06/30/2025
KY,Sepsis Care,SEV_SEP_6HR,Severe Sepsis 6-Hour Bundle,95,"25, 26",07/01/2024,06/30/2025
LA,Healthcare Personnel Vaccination,IMM_3,Healthcare workers given influenza vaccination Higher percentages are better,70,,10/01/2024,03/31/2025
LA,Emergency Department,OP_18a,"Average (median) time all patients spent in the emergency department before leaving from the visit, including psychiatric/mental health patients and patients who were transferred to another facility. A lower number of minutes is better",136,,07/01/2024,06/30/2025
LA,Emergency Department,OP_18a_HIGH_MIN,"Average (median) time all patients spent in the emergency department before leaving from the visit, including psychiatric/mental health patients and patients who were transferred to another facility. A lower number of minutes is better (High)",170,,07/01/2024,06/30/2025
LA,Emergency Department,OP_18a_LOW_MIN,"Average (median) time all patients spent in the emergency department before leaving from the visit, including psychiatric/mental health patients and patients who were transferred to another facility. A lower number of minutes is better (Low)",117,,07/01/2024,06/30/2025
LA,Emergency Department,OP_18a_MEDIUM_MIN,"Average (median) time all patients spent in the emergency department before leaving from the visit, including psychiatric/mental health patients and patients who were transferred to another facility. A lower number of minutes is better (Moderate)",152,,07/01/2024,06/30/2025
LA,Emergency Department,OP_18a_VERY_HIGH_MIN,"Average (median) time all patients spent in the emergency department before leaving from the visit, including psychiatric/mental health patients and patients who were transferred to another facility. A lower number of minutes is better (Very High)",181,,07/01/2024,06/30/2025
LA,Emergency Department,OP_18b,"Average (median) time patients spent in the emergency department before leaving from the visit, excluding patients transferred to another facility or psychiatric care/mental health patients. A lower number of minutes is better",129,"25, 26",07/01/2024,06/30/2025
LA,Emergency Department,OP_18b_HIGH_MIN,"Average (median) time patients spent in the emergency department before leaving from the visit, excluding patients transferred to another facility or psychiatric care/mental health patients. A lower number of minutes is better (High)",163,"25, 26",07/01/2024,06/30/2025
LA,Emergency Department,OP_18b_LOW_MIN,"Average (median) time patients spent in the emergency department before leaving from the visit, excluding patients transferred to another facility or psychiatric care/mental health patients. A lower number of minutes is better (Low)",110,"25, 26",07/01/2024,06/30/2025
LA,Emergency Department,OP_18b_MEDIUM_MIN,"Average (median) time patients spent in the emergency department before leaving from the visit, excluding patients transferred to another facility or psychiatric care/mental health patients. A lower number of minutes is better (Moderate)",146,"25, 26",07/01/2024,06/30/2025
LA,Emergency Department,OP_18b_VERY_HIGH_MIN,"Average (median) time patients spent in the emergency department before leaving from the visit, excluding patients transferred to another facility or psychiatric care/mental health patients. A lower number of minutes is better (Very High)",175,"25, 26",07/01/2024,06/30/2025
LA,Emergency Department,OP_18c,Average (median) time psychiatric/mental health patients spent in the emergency department before leaving from the visit. A lower number of minutes is better,237,25,07/01/2024,06/30/2025
LA,Emergency Department,OP_18c_HIGH_MIN,Average (median) time psychiatric/mental health patients spent in the emergency department before leaving from the visit. A lower number of minutes is better (High),340,25,07/01/2024,06/30/2025
LA,Emergency Department,OP_18c_LOW_MIN,Average (median) time psychiatric/mental health patients spent in the emergency department before leaving from the visit. A lower number of minutes is better (Low),191,25,07/01/2024,06/30/2025
LA,Emergency Department,OP_18c_MEDIUM_MIN,Average (median) time psychiatric/mental health patients spent in the emergency department before leaving from the visit. A lower number of minutes is better (Moderate),262,25,07/01/2024,06/30/2025
LA,Emergency Department,OP_18c_VERY_HIGH_MIN,Average (median) time psychiatric/mental health patients spent in the emergency department before leaving from the visit. A lower number of minutes is better (Very High),327,25,07/01/2024,06/30/2025
LA,Emergency Department,OP_18d,Average (median) time patients spent in the emergency department before being transferred to another facility. A lower number of minutes is better,285,,07/01/2024,06/30/2025
LA,Emergency Department,OP_18d_HIGH_MIN,Average (median) time patients spent in the emergency department before being transferred to another facility. A lower number of minutes is better (High),385,,07/01/2024,06/30/2025
LA,Emergency Department,OP_18d_LOW_MIN,Average (median) time patients spent in the emergency department before being transferred to another facility. A lower number of minutes is better (Low),274,,07/01/2024,06/30/2025
LA,Emergency Department,OP_18d_MEDIUM_MIN,Average (median) time patients spent in the emergency department before being transferred to another facility. A lower number of minutes is better (Moderate),371,,07/01/2024,06/30/2025
LA,Emergency Department,OP_18d_VERY_HIGH_MIN,Average (median) time patients spent in the emergency department before being transferred to another facility. A lower number of minutes is better (Very High),419,,07/01/2024,06/30/2025
LA,Emergency Department,OP_22,Percentage of patients who left the emergency department before being seen Lower percentages are better,2,"25, 26",01/01/2024,12/31/2024
LA,Emergency Department,OP_23,Percentage of patients who came to the emergency department with stroke symptoms who received brain scan results within 45 minutes of arrival Higher percentages are better,69,25,07/01/2024,06/30/2025
LA,Colonoscopy care,OP_29,Percentage of patients receiving appropriate recommendation for follow-up screening colonoscopy Higher percentages are better,94,"25, 26",01/01/2024,12/31/2024
LA,Cataract surgery outcome,OP_31,Percentage of patients who had cataract surgery and had improvement in visual function within 90 days following the surgery Higher percentages are better,Not Available,5,01/01/2024,12/31/2024
LA,Electronic Clinical Quality Measure,SAFE_USE_OF_OPIOIDS,Safe Use of Opioids - Concurrent Prescribing,15,,01/01/2024,12/31/2024
LA,Sepsis Care,SEP_1,Percentage of patients who received appropriate care for severe sepsis and septic shock. Higher percentages are better,68,"25, 26",07/01/2024,06/30/2025
LA,Sepsis Care,SEP_SH_3HR,Septic Shock 3-Hour Bundle,78,"25, 26",07/01/2024,06/30/2025
LA,Sepsis Care,SEP_SH_6HR,Septic Shock 6-Hour Bundle,89,"25, 26",07/01/2024,06/30/2025
LA,Sepsis Care,SEV_SEP_3HR,Severe Sepsis 3-Hour Bundle,83,"25, 26",07/01/2024,06/30/2025
LA,Sepsis Care,SEV_SEP_6HR,Severe Sepsis 6-Hour Bundle,93,"25, 26",07/01/2024,06/30/2025
MA,Healthcare Personnel Vaccination,IMM_3,Healthcare workers given influenza vaccination Higher percentages are better,89,,10/01/2024,03/31/2025
MA,Emergency Department,OP_18a,"Average (median) time all patients spent in the emergency department before leaving from the visit, including psychiatric/mental health patients and patients who were transferred to another facility. A lower number of minutes is better",226,,07/01/2024,06/30/2025
MA,Emergency Department,OP_18a_HIGH_MIN,"Average (median) time all patients spent in the emergency department before leaving from the visit, including psychiatric/mental health patients and patients who were transferred to another facility. A lower number of minutes is better (High)",247,,07/01/2024,06/30/2025
MA,Emergency Department,OP_18a_LOW_MIN,"Average (median) time all patients spent in the emergency department before leaving from the visit, including psychiatric/mental health patients and patients who were transferred to another facility. A lower number of minutes is better (Low)",166,,07/01/2024,06/30/2025
MA,Emergency Department,OP_18a_MEDIUM_MIN,"Average (median) time all patients spent in the emergency department before leaving from the visit, including psychiatric/mental health patients and patients who were transferred to another facility. A lower number of minutes is better (Moderate)",215,,07/01/2024,06/30/2025
MA,Emergency Department,OP_18a_VERY_HIGH_MIN,"Average (median) time all patients spent in the emergency department before leaving from the visit, including psychiatric/mental health patients and patients who were transferred to another facility. A lower number of minutes is better (Very High)",246,,07/01/2024,06/30/2025
MA,Emergency Department,OP_18b,"Average (median) time patients spent in the emergency department before leaving from the visit, excluding patients transferred to another facility or psychiatric care/mental health patients. A lower number of minutes is better",217,"25, 26",07/01/2024,06/30/2025
MA,Emergency Department,OP_18b_HIGH_MIN,"Average (median) time patients spent in the emergency department before leaving from the visit, excluding patients transferred to another facility or psychiatric care/mental health patients. A lower number of minutes is better (High)",239,"25, 26",07/01/2024,06/30/2025
MA,Emergency Department,OP_18b_LOW_MIN,"Average (median) time patients spent in the emergency department before leaving from the visit, excluding patients transferred to another facility or psychiatric care/mental health patients. A lower number of minutes is better (Low)",153,"25, 26",07/01/2024,06/30/2025
MA,Emergency Department,OP_18b_MEDIUM_MIN,"Average (median) time patients spent in the emergency department before leaving from the visit, excluding patients transferred to another facility or psychiatric care/mental health patients. A lower number of minutes is better (Moderate)",207,"25, 26",07/01/2024,06/30/2025
MA,Emergency Department,OP_18b_VERY_HIGH_MIN,"Average (median) time patients spent in the emergency department before leaving from the visit, excluding patients transferred to another facility or psychiatric care/mental health patients. A lower number of minutes is better (Very High)",241,"25, 26",07/01/2024,06/30/2025
MA,Emergency Department,OP_18c,Average (median) time psychiatric/mental health patients spent in the emergency department before leaving from the visit. A lower number of minutes is better,352,25,07/01/2024,06/30/2025
MA,Emergency Department,OP_18c_HIGH_MIN,Average (median) time psychiatric/mental health patients spent in the emergency department before leaving from the visit. A lower number of minutes is better (High),362,25,07/01/2024,06/30/2025
MA,Emergency Department,OP_18c_LOW_MIN,Average (median) time psychiatric/mental health patients spent in the emergency department before leaving from the visit. A lower number of minutes is better (Low),338,25,07/01/2024,06/30/2025
MA,Emergency Department,OP_18c_MEDIUM_MIN,Average (median) time psychiatric/mental health patients spent in the emergency department before leaving from the visit. A lower number of minutes is better (Moderate),347,25,07/01/2024,06/30/2025
MA,Emergency Department,OP_18c_VERY_HIGH_MIN,Average (median) time psychiatric/mental health patients spent in the emergency department before leaving from the visit. A lower number of minutes is better (Very High),356,25,07/01/2024,06/30/2025
MA,Emergency Department,OP_18d,Average (median) time patients spent in the emergency department before being transferred to another facility. A lower number of minutes is better,345,,07/01/2024,06/30/2025
MA,Emergency Department,OP_18d_HIGH_MIN,Average (median) time patients spent in the emergency department before being transferred to another facility. A lower number of minutes is better (High),334,,07/01/2024,06/30/2025
MA,Emergency Department,OP_18d_LOW_MIN,Average (median) time patients spent in the emergency department before being transferred to another facility. A lower number of minutes is better (Low),364,,07/01/2024,06/30/2025
MA,Emergency Department,OP_18d_MEDIUM_MIN,Average (median) time patients spent in the emergency department before being transferred to another facility. A lower number of minutes is better (Moderate),339,,07/01/2024,06/30/2025
MA,Emergency Department,OP_18d_VERY_HIGH_MIN,Average (median) time patients spent in the emergency department before being transferred to another facility. A lower number of minutes is better (Very High),379,,07/01/2024,06/30/2025
MA,Emergency Department,OP_22,Percentage of patients who left the emergency department before being seen Lower percentages are better,4,"25, 26",01/01/2024,12/31/2024
MA,Emergency Department,OP_23,Percentage of patients who came to the emergency department with stroke symptoms who received brain scan results within 45 minutes of arrival Higher percentages are better,69,25,07/01/2024,06/30/2025
MA,Colonoscopy care,OP_29,Percentage of patients receiving appropriate recommendation for follow-up screening colonoscopy Higher percentages are better,97,"25, 26",01/01/2024,12/31/2024
MA,Cataract surgery outcome,OP_31,Percentage of patients who had cataract surgery and had improvement in visual function within 90 days following the surgery Higher percentages are better,Not Available,5,01/01/2024,12/31/2024
MA,Electronic Clinical Quality Measure,SAFE_USE_OF_OPIOIDS,Safe Use of Opioids - Concurrent Prescribing,18,,01/01/2024,12/31/2024
MA,Sepsis Care,SEP_1,Percentage of patients who received appropriate care for severe sepsis and septic shock. Higher percentages are better,55,"25, 26",07/01/2024,06/30/2025
MA,Sepsis Care,SEP_SH_3HR,Septic Shock 3-Hour Bundle,66,"25, 26",07/01/2024,06/30/2025
MA,Sepsis Care,SEP_SH_6HR,Septic Shock 6-Hour Bundle,84,"25, 26",07/01/2024,06/30/2025
MA,Sepsis Care,SEV_SEP_3HR,Severe Sepsis 3-Hour Bundle,75,"25, 26",07/01/2024,06/30/2025
MA,Sepsis Care,SEV_SEP_6HR,Severe Sepsis 6-Hour Bundle,91,"25, 26",07/01/2024,06/30/2025
MD,Healthcare Personnel Vaccination,IMM_3,Healthcare workers given influenza vaccination Higher percentages are better,93,,10/01/2024,03/31/2025
MD,Emergency Department,OP_18a,"Average (median) time all patients spent in the emergency department before leaving from the visit, including psychiatric/mental health patients and patients who were transferred to another facility. A lower number of minutes is better",252,,07/01/2024,06/30/2025
MD,Emergency Department,OP_18a_HIGH_MIN,"Average (median) time all patients spent in the emergency department before leaving from the visit, including psychiatric/mental health patients and patients who were transferred to another facility. A lower number of minutes is better (High)",238,,07/01/2024,06/30/2025
MD,Emergency Department,OP_18a_LOW_MIN,"Average (median) time all patients spent in the emergency department before leaving from the visit, including psychiatric/mental health patients and patients who were transferred to another facility. A lower number of minutes is better (Low)",160,,07/01/2024,06/30/2025
MD,Emergency Department,OP_18a_MEDIUM_MIN,"Average (median) time all patients spent in the emergency department before leaving from the visit, including psychiatric/mental health patients and patients who were transferred to another facility. A lower number of minutes is better (Moderate)",222,,07/01/2024,06/30/2025
MD,Emergency Department,OP_18a_VERY_HIGH_MIN,"Average (median) time all patients spent in the emergency department before leaving from the visit, including psychiatric/mental health patients and patients who were transferred to another facility. A lower number of minutes is better (Very High)",255,,07/01/2024,06/30/2025
MD,Emergency Department,OP_18b,"Average (median) time patients spent in the emergency department before leaving from the visit, excluding patients transferred to another facility or psychiatric care/mental health patients. A lower number of minutes is better",246,"25, 26",07/01/2024,06/30/2025
MD,Emergency Department,OP_18b_HIGH_MIN,"Average (median) time patients spent in the emergency department before leaving from the visit, excluding patients transferred to another facility or psychiatric care/mental health patients. A lower number of minutes is better (High)",232,"25, 26",07/01/2024,06/30/2025
MD,Emergency Department,OP_18b_LOW_MIN,"Average (median) time patients spent in the emergency department before leaving from the visit, excluding patients transferred to another facility or psychiatric care/mental health patients. A lower number of minutes is better (Low)",146,"25, 26",07/01/2024,06/30/2025
MD,Emergency Department,OP_18b_MEDIUM_MIN,"Average (median) time patients spent in the emergency department before leaving from the visit, excluding patients transferred to another facility or psychiatric care/mental health patients. A lower number of minutes is better (Moderate)",213,"25, 26",07/01/2024,06/30/2025
MD,Emergency Department,OP_18b_VERY_HIGH_MIN,"Average (median) time patients spent in the emergency department before leaving from the visit, excluding patients transferred to another facility or psychiatric care/mental health patients. A lower number of minutes is better (Very High)",250,"25, 26",07/01/2024,06/30/2025
MD,Emergency Department,OP_18c,Average (median) time psychiatric/mental health patients spent in the emergency department before leaving from the visit. A lower number of minutes is better,421,25,07/01/2024,06/30/2025
MD,Emergency Department,OP_18c_HIGH_MIN,Average (median) time psychiatric/mental health patients spent in the emergency department before leaving from the visit. A lower number of minutes is better (High),454,25,07/01/2024,06/30/2025
MD,Emergency Department,OP_18c_LOW_MIN,Average (median) time psychiatric/mental health patients spent in the emergency department before leaving from the visit. A lower number of minutes is better (Low),308,25,07/01/2024,06/30/2025
MD,Emergency Department,OP_18c_MEDIUM_MIN,Average (median) time psychiatric/mental health patients spent in the emergency department before leaving from the visit. A lower number of minutes is better (Moderate),320,25,07/01/2024,06/30/2025
MD,Emergency Department,OP_18c_VERY_HIGH_MIN,Average (median) time psychiatric/mental health patients spent in the emergency department before leaving from the visit. A lower number of minutes is better (Very High),338,25,07/01/2024,06/30/2025
MD,Emergency Department,OP_18d,Average (median) time patients spent in the emergency department before being transferred to another facility. A lower number of minutes is better,514,,07/01/2024,06/30/2025
MD,Emergency Department,OP_18d_HIGH_MIN,Average (median) time patients spent in the emergency department before being transferred to another facility. A lower number of minutes is better (High),434,,07/01/2024,06/30/2025
MD,Emergency Department,OP_18d_LOW_MIN,Average (median) time patients spent in the emergency department before being transferred to another facility. A lower number of minutes is better (Low),703,,07/01/2024,06/30/2025
MD,Emergency Department,OP_18d_MEDIUM_MIN,Average (median) time patients spent in the emergency department before being transferred to another facility. A lower number of minutes is better (Moderate),535,,07/01/2024,06/30/2025
MD,Emergency Department,OP_18d_VERY_HIGH_MIN,Average (median) time patients spent in the emergency department before being transferred to another facility. A lower number of minutes is better (Very High),528,,07/01/2024,06/30/2025
MD,Emergency Department,OP_22,Percentage of patients who left the emergency department before being seen Lower percentages are better,3,"25, 26",01/01/2024,12/31/2024
MD,Emergency Department,OP_23,Percentage of patients who came to the emergency department with stroke symptoms who received brain scan results within 45 minutes of arrival Higher percentages are better,70,25,07/01/2024,06/30/2025
MD,Colonoscopy care,OP_29,Percentage of patients receiving appropriate recommendation for follow-up screening colonoscopy Higher percentages are better,94,"25, 26",01/01/2024,12/31/2024
MD,Cataract surgery outcome,OP_31,Percentage of patients who had cataract surgery and had improvement in visual function within 90 days following the surgery Higher percentages are better,98,,01/01/2024,12/31/2024
MD,Electronic Clinical Quality Measure,SAFE_USE_OF_OPIOIDS,Safe Use of Opioids - Concurrent Prescribing,15,,01/01/2024,12/31/2024
MD,Sepsis Care,SEP_1,Percentage of patients who received appropriate care for severe sepsis and septic shock. Higher percentages are better,64,"25, 26",07/01/2024,06/30/2025
MD,Sepsis Care,SEP_SH_3HR,Septic Shock 3-Hour Bundle,79,"25, 26",07/01/2024,06/30/2025
MD,Sepsis Care,SEP_SH_6HR,Septic Shock 6-Hour Bundle,86,"25, 26",07/01/2024,06/30/2025
MD,Sepsis Care,SEV_SEP_3HR,Severe Sepsis 3-Hour Bundle,81,"25, 26",07/01/2024,06/30/2025
MD,Sepsis Care,SEV_SEP_6HR,Severe Sepsis 6-Hour Bundle,91,"25, 26",07/01/2024,06/30/2025
ME,Healthcare Personnel Vaccination,IMM_3,Healthcare workers given influenza vaccination Higher percentages are better,96,,10/01/2024,03/31/2025
ME,Emergency Department,OP_18a,"Average (median) time all patients spent in the emergency department before leaving from the visit, including psychiatric/mental health patients and patients who were transferred to another facility. A lower number of minutes is better",168,,07/01/2024,06/30/2025
ME,Emergency Department,OP_18a_HIGH_MIN,"Average (median) time all patients spent in the emergency department before leaving from the visit, including psychiatric/mental health patients and patients who were transferred to another facility. A lower number of minutes is better (High)",218,,07/01/2024,06/30/2025
ME,Emergency Department,OP_18a_LOW_MIN,"Average (median) time all patients spent in the emergency department before leaving from the visit, including psychiatric/mental health patients and patients who were transferred to another facility. A lower number of minutes is better (Low)",156,,07/01/2024,06/30/2025
ME,Emergency Department,OP_18a_MEDIUM_MIN,"Average (median) time all patients spent in the emergency department before leaving from the visit, including psychiatric/mental health patients and patients who were transferred to another facility. A lower number of minutes is better (Moderate)",182,,07/01/2024,06/30/2025
ME,Emergency Department,OP_18a_VERY_HIGH_MIN,"Average (median) time all patients spent in the emergency department before leaving from the visit, including psychiatric/mental health patients and patients who were transferred to another facility. A lower number of minutes is better (Very High)",226,,07/01/2024,06/30/2025
ME,Emergency Department,OP_18b,"Average (median) time patients spent in the emergency department before leaving from the visit, excluding patients transferred to another facility or psychiatric care/mental health patients. A lower number of minutes is better",161,"25, 26",07/01/2024,06/30/2025
ME,Emergency Department,OP_18b_HIGH_MIN,"Average (median) time patients spent in the emergency department before leaving from the visit, excluding patients transferred to another facility or psychiatric care/mental health patients. A lower number of minutes is better (High)",214,"25, 26",07/01/2024,06/30/2025
ME,Emergency Department,OP_18b_LOW_MIN,"Average (median) time patients spent in the emergency department before leaving from the visit, excluding patients transferred to another facility or psychiatric care/mental health patients. A lower number of minutes is better (Low)",148,"25, 26",07/01/2024,06/30/2025
ME,Emergency Department,OP_18b_MEDIUM_MIN,"Average (median) time patients spent in the emergency department before leaving from the visit, excluding patients transferred to another facility or psychiatric care/mental health patients. A lower number of minutes is better (Moderate)",179,"25, 26",07/01/2024,06/30/2025
ME,Emergency Department,OP_18b_VERY_HIGH_MIN,"Average (median) time patients spent in the emergency department before leaving from the visit, excluding patients transferred to another facility or psychiatric care/mental health patients. A lower number of minutes is better (Very High)",218,"25, 26",07/01/2024,06/30/2025
ME,Emergency Department,OP_18c,Average (median) time psychiatric/mental health patients spent in the emergency department before leaving from the visit. A lower number of minutes is better,286,25,07/01/2024,06/30/2025
ME,Emergency Department,OP_18c_HIGH_MIN,Average (median) time psychiatric/mental health patients spent in the emergency department before leaving from the visit. A lower number of minutes is better (High),471,25,07/01/2024,06/30/2025
ME,Emergency Department,OP_18c_LOW_MIN,Average (median) time psychiatric/mental health patients spent in the emergency department before leaving from the visit. A lower number of minutes is better (Low),308,25,07/01/2024,06/30/2025
ME,Emergency Department,OP_18c_MEDIUM_MIN,Average (median) time psychiatric/mental health patients spent in the emergency department before leaving from the visit. A lower number of minutes is better (Moderate),222,25,07/01/2024,06/30/2025
ME,Emergency Department,OP_18c_VERY_HIGH_MIN,Average (median) time psychiatric/mental health patients spent in the emergency department before leaving from the visit. A lower number of minutes is better (Very High),397,25,07/01/2024,06/30/2025
ME,Emergency Department,OP_18d,Average (median) time patients spent in the emergency department before being transferred to another facility. A lower number of minutes is better,436,,07/01/2024,06/30/2025
ME,Emergency Department,OP_18d_HIGH_MIN,Average (median) time patients spent in the emergency department before being transferred to another facility. A lower number of minutes is better (High),392,,07/01/2024,06/30/2025
ME,Emergency Department,OP_18d_LOW_MIN,Average (median) time patients spent in the emergency department before being transferred to another facility. A lower number of minutes is better (Low),453,,07/01/2024,06/30/2025
ME,Emergency Department,OP_18d_MEDIUM_MIN,Average (median) time patients spent in the emergency department before being transferred to another facility. A lower number of minutes is better (Moderate),374,,07/01/2024,06/30/2025
ME,Emergency Department,OP_18d_VERY_HIGH_MIN,Average (median) time patients spent in the emergency department before being transferred to another facility. A lower number of minutes is better (Very High),208,,07/01/2024,06/30/2025
ME,Emergency Department,OP_22,Percentage of patients who left the emergency department before being seen Lower percentages are better,3,"25, 26",01/01/2024,12/31/2024
ME,Emergency Department,OP_23,Percentage of patients who came to the emergency department with stroke symptoms who received brain scan results within 45 minutes of arrival Higher percentages are better,55,25,07/01/2024,06/30/2025
ME,Colonoscopy care,OP_29,Percentage of patients receiving appropriate recommendation for follow-up screening colonoscopy Higher percentages are better,95,"25, 26",01/01/2024,12/31/2024
ME,Cataract surgery outcome,OP_31,Percentage of patients who had cataract surgery and had improvement in visual function within 90 days following the surgery Higher percentages are better,Not Available,5,01/01/2024,12/31/2024
ME,Electronic Clinical Quality Measure,SAFE_USE_OF_OPIOIDS,Safe Use of Opioids - Concurrent Prescribing,15,,01/01/2024,12/31/2024
ME,Sepsis Care,SEP_1,Percentage of patients who received appropriate care for severe sepsis and septic shock. Higher percentages are better,62,"25, 26",07/01/2024,06/30/2025
ME,Sepsis Care,SEP_SH_3HR,Septic Shock 3-Hour Bundle,77,"25, 26",07/01/2024,06/30/2025
ME,Sepsis Care,SEP_SH_6HR,Septic Shock 6-Hour Bundle,86,"25, 26",07/01/2024,06/30/2025
ME,Sepsis Care,SEV_SEP_3HR,Severe Sepsis 3-Hour Bundle,75,"25, 26",07/01/2024,06/30/2025
ME,Sepsis Care,SEV_SEP_6HR,Severe Sepsis 6-Hour Bundle,95,"25, 26",07/01/2024,06/30/2025
MI,Healthcare Personnel Vaccination,IMM_3,Healthcare workers given influenza vaccination Higher percentages are better,80,,10/01/2024,03/31/2025
MI,Emergency Department,OP_18a,"Average (median) time all patients spent in the emergency department before leaving from the visit, including psychiatric/mental health patients and patients who were transferred to another facility. A lower number of minutes is better",166,,07/01/2024,06/30/2025
MI,Emergency Department,OP_18a_HIGH_MIN,"Average (median) time all patients spent in the emergency department before leaving from the visit, including psychiatric/mental health patients and patients who were transferred to another facility. A lower number of minutes is better (High)",180,,07/01/2024,06/30/2025
MI,Emergency Department,OP_18a_LOW_MIN,"Average (median) time all patients spent in the emergency department before leaving from the visit, including psychiatric/mental health patients and patients who were transferred to another facility. A lower number of minutes is better (Low)",140,,07/01/2024,06/30/2025
MI,Emergency Department,OP_18a_MEDIUM_MIN,"Average (median) time all patients spent in the emergency department before leaving from the visit, including psychiatric/mental health patients and patients who were transferred to another facility. A lower number of minutes is better (Moderate)",175,,07/01/2024,06/30/2025
MI,Emergency Department,OP_18a_VERY_HIGH_MIN,"Average (median) time all patients spent in the emergency department before leaving from the visit, including psychiatric/mental health patients and patients who were transferred to another facility. A lower number of minutes is better (Very High)",208,,07/01/2024,06/30/2025
MI,Emergency Department,OP_18b,"Average (median) time patients spent in the emergency department before leaving from the visit, excluding patients transferred to another facility or psychiatric care/mental health patients. A lower number of minutes is better",159,"25, 26",07/01/2024,06/30/2025
MI,Emergency Department,OP_18b_HIGH_MIN,"Average (median) time patients spent in the emergency department before leaving from the visit, excluding patients transferred to another facility or psychiatric care/mental health patients. A lower number of minutes is better (High)",176,"25, 26",07/01/2024,06/30/2025
MI,Emergency Department,OP_18b_LOW_MIN,"Average (median) time patients spent in the emergency department before leaving from the visit, excluding patients transferred to another facility or psychiatric care/mental health patients. A lower number of minutes is better (Low)",132,"25, 26",07/01/2024,06/30/2025
MI,Emergency Department,OP_18b_MEDIUM_MIN,"Average (median) time patients spent in the emergency department before leaving from the visit, excluding patients transferred to another facility or psychiatric care/mental health patients. A lower number of minutes is better (Moderate)",170,"25, 26",07/01/2024,06/30/2025
MI,Emergency Department,OP_18b_VERY_HIGH_MIN,"Average (median) time patients spent in the emergency department before leaving from the visit, excluding patients transferred to another facility or psychiatric care/mental health patients. A lower number of minutes is better (Very High)",204,"25, 26",07/01/2024,06/30/2025
MI,Emergency Department,OP_18c,Average (median) time psychiatric/mental health patients spent in the emergency department before leaving from the visit. A lower number of minutes is better,266,25,07/01/2024,06/30/2025
MI,Emergency Department,OP_18c_HIGH_MIN,Average (median) time psychiatric/mental health patients spent in the emergency department before leaving from the visit. A lower number of minutes is better (High),256,25,07/01/2024,06/30/2025
MI,Emergency Department,OP_18c_LOW_MIN,Average (median) time psychiatric/mental health patients spent in the emergency department before leaving from the visit. A lower number of minutes is better (Low),244,25,07/01/2024,06/30/2025
MI,Emergency Department,OP_18c_MEDIUM_MIN,Average (median) time psychiatric/mental health patients spent in the emergency department before leaving from the visit. A lower number of minutes is better (Moderate),268,25,07/01/2024,06/30/2025
MI,Emergency Department,OP_18c_VERY_HIGH_MIN,Average (median) time psychiatric/mental health patients spent in the emergency department before leaving from the visit. A lower number of minutes is better (Very High),304,25,07/01/2024,06/30/2025
MI,Emergency Department,OP_18d,Average (median) time patients spent in the emergency department before being transferred to another facility. A lower number of minutes is better,322,,07/01/2024,06/30/2025
MI,Emergency Department,OP_18d_HIGH_MIN,Average (median) time patients spent in the emergency department before being transferred to another facility. A lower number of minutes is better (High),301,,07/01/2024,06/30/2025
MI,Emergency Department,OP_18d_LOW_MIN,Average (median) time patients spent in the emergency department before being transferred to another facility. A lower number of minutes is better (Low),327,,07/01/2024,06/30/2025
MI,Emergency Department,OP_18d_MEDIUM_MIN,Average (median) time patients spent in the emergency department before being transferred to another facility. A lower number of minutes is better (Moderate),346,,07/01/2024,06/30/2025
MI,Emergency Department,OP_18d_VERY_HIGH_MIN,Average (median) time patients spent in the emergency department before being transferred to another facility. A lower number of minutes is better (Very High),333,,07/01/2024,06/30/2025
MI,Emergency Department,OP_22,Percentage of patients who left the emergency department before being seen Lower percentages are better,3,"25, 26",01/01/2024,12/31/2024
MI,Emergency Department,OP_23,Percentage of patients who came to the emergency department with stroke symptoms who received brain scan results within 45 minutes of arrival Higher percentages are better,71,25,07/01/2024,06/30/2025
MI,Colonoscopy care,OP_29,Percentage of patients receiving appropriate recommendation for follow-up screening colonoscopy Higher percentages are better,94,"25, 26",01/01/2024,12/31/2024
MI,Cataract surgery outcome,OP_31,Percentage of patients who had cataract surgery and had improvement in visual function within 90 days following the surgery Higher percentages are better,Not Available,5,01/01/2024,12/31/2024
MI,Electronic Clinical Quality Measure,SAFE_USE_OF_OPIOIDS,Safe Use of Opioids - Concurrent Prescribing,16,,01/01/2024,12/31/2024
MI,Sepsis Care,SEP_1,Percentage of patients who received appropriate care for severe sepsis and septic shock. Higher percentages are better,59,"25, 26",07/01/2024,06/30/2025
MI,Sepsis Care,SEP_SH_3HR,Septic Shock 3-Hour Bundle,70,"25, 26",07/01/2024,06/30/2025
MI,Sepsis Care,SEP_SH_6HR,Septic Shock 6-Hour Bundle,86,"25, 26",07/01/2024,06/30/2025
MI,Sepsis Care,SEV_SEP_3HR,Severe Sepsis 3-Hour Bundle,76,"25, 26",07/01/2024,06/30/2025
MI,Sepsis Care,SEV_SEP_6HR,Severe Sepsis 6-Hour Bundle,91,"25, 26",07/01/2024,06/30/2025
MN,Healthcare Personnel Vaccination,IMM_3,Healthcare workers given influenza vaccination Higher percentages are better,66,,10/01/2024,03/31/2025
MN,Emergency Department,OP_18a,"Average (median) time all patients spent in the emergency department before leaving from the visit, including psychiatric/mental health patients and patients who were transferred to another facility. A lower number of minutes is better",137,,07/01/2024,06/30/2025
MN,Emergency Department,OP_18a_HIGH_MIN,"Average (median) time all patients spent in the emergency department before leaving from the visit, including psychiatric/mental health patients and patients who were transferred to another facility. A lower number of minutes is better (High)",185,,07/01/2024,06/30/2025
MN,Emergency Department,OP_18a_LOW_MIN,"Average (median) time all patients spent in the emergency department before leaving from the visit, including psychiatric/mental health patients and patients who were transferred to another facility. A lower number of minutes is better (Low)",129,,07/01/2024,06/30/2025
MN,Emergency Department,OP_18a_MEDIUM_MIN,"Average (median) time all patients spent in the emergency department before leaving from the visit, including psychiatric/mental health patients and patients who were transferred to another facility. A lower number of minutes is better (Moderate)",139,,07/01/2024,06/30/2025
MN,Emergency Department,OP_18a_VERY_HIGH_MIN,"Average (median) time all patients spent in the emergency department before leaving from the visit, including psychiatric/mental health patients and patients who were transferred to another facility. A lower number of minutes is better (Very High)",210,,07/01/2024,06/30/2025
MN,Emergency Department,OP_18b,"Average (median) time patients spent in the emergency department before leaving from the visit, excluding patients transferred to another facility or psychiatric care/mental health patients. A lower number of minutes is better",130,"25, 26",07/01/2024,06/30/2025
MN,Emergency Department,OP_18b_HIGH_MIN,"Average (median) time patients spent in the emergency department before leaving from the visit, excluding patients transferred to another facility or psychiatric care/mental health patients. A lower number of minutes is better (High)",174,"25, 26",07/01/2024,06/30/2025
MN,Emergency Department,OP_18b_LOW_MIN,"Average (median) time patients spent in the emergency department before leaving from the visit, excluding patients transferred to another facility or psychiatric care/mental health patients. A lower number of minutes is better (Low)",121,"25, 26",07/01/2024,06/30/2025
MN,Emergency Department,OP_18b_MEDIUM_MIN,"Average (median) time patients spent in the emergency department before leaving from the visit, excluding patients transferred to another facility or psychiatric care/mental health patients. A lower number of minutes is better (Moderate)",136,"25, 26",07/01/2024,06/30/2025
MN,Emergency Department,OP_18b_VERY_HIGH_MIN,"Average (median) time patients spent in the emergency department before leaving from the visit, excluding patients transferred to another facility or psychiatric care/mental health patients. A lower number of minutes is better (Very High)",204,"25, 26",07/01/2024,06/30/2025
MN,Emergency Department,OP_18c,Average (median) time psychiatric/mental health patients spent in the emergency department before leaving from the visit. A lower number of minutes is better,202,25,07/01/2024,06/30/2025
MN,Emergency Department,OP_18c_HIGH_MIN,Average (median) time psychiatric/mental health patients spent in the emergency department before leaving from the visit. A lower number of minutes is better (High),319,25,07/01/2024,06/30/2025
MN,Emergency Department,OP_18c_LOW_MIN,Average (median) time psychiatric/mental health patients spent in the emergency department before leaving from the visit. A lower number of minutes is better (Low),190,25,07/01/2024,06/30/2025
MN,Emergency Department,OP_18c_MEDIUM_MIN,Average (median) time psychiatric/mental health patients spent in the emergency department before leaving from the visit. A lower number of minutes is better (Moderate),177,25,07/01/2024,06/30/2025
MN,Emergency Department,OP_18c_VERY_HIGH_MIN,Average (median) time psychiatric/mental health patients spent in the emergency department before leaving from the visit. A lower number of minutes is better (Very High),280,25,07/01/2024,06/30/2025
MN,Emergency Department,OP_18d,Average (median) time patients spent in the emergency department before being transferred to another facility. A lower number of minutes is better,262,,07/01/2024,06/30/2025
MN,Emergency Department,OP_18d_HIGH_MIN,Average (median) time patients spent in the emergency department before being transferred to another facility. A lower number of minutes is better (High),381,,07/01/2024,06/30/2025
MN,Emergency Department,OP_18d_LOW_MIN,Average (median) time patients spent in the emergency department before being transferred to another facility. A lower number of minutes is better (Low),253,,07/01/2024,06/30/2025
MN,Emergency Department,OP_18d_MEDIUM_MIN,Average (median) time patients spent in the emergency department before being transferred to another facility. A lower number of minutes is better (Moderate),316,,07/01/2024,06/30/2025
MN,Emergency Department,OP_18d_VERY_HIGH_MIN,Average (median) time patients spent in the emergency department before being transferred to another facility. A lower number of minutes is better (Very High),397,,07/01/2024,06/30/2025
MN,Emergency Department,OP_22,Percentage of patients who left the emergency department before being seen Lower percentages are better,2,"25, 26",01/01/2024,12/31/2024
MN,Emergency Department,OP_23,Percentage of patients who came to the emergency department with stroke symptoms who received brain scan results within 45 minutes of arrival Higher percentages are better,74,25,07/01/2024,06/30/2025
MN,Colonoscopy care,OP_29,Percentage of patients receiving appropriate recommendation for follow-up screening colonoscopy Higher percentages are better,95,"25, 26",01/01/2024,12/31/2024
MN,Cataract surgery outcome,OP_31,Percentage of patients who had cataract surgery and had improvement in visual function within 90 days following the surgery Higher percentages are better,Not Available,5,01/01/2024,12/31/2024
MN,Electronic Clinical Quality Measure,SAFE_USE_OF_OPIOIDS,Safe Use of Opioids - Concurrent Prescribing,13,,01/01/2024,12/31/2024
MN,Sepsis Care,SEP_1,Percentage of patients who received appropriate care for severe sepsis and septic shock. Higher percentages are better,56,"25, 26",07/01/2024,06/30/2025
MN,Sepsis Care,SEP_SH_3HR,Septic Shock 3-Hour Bundle,63,"25, 26",07/01/2024,06/30/2025
MN,Sepsis Care,SEP_SH_6HR,Septic Shock 6-Hour Bundle,77,"25, 26",07/01/2024,06/30/2025
MN,Sepsis Care,SEV_SEP_3HR,Severe Sepsis 3-Hour Bundle,75,"25, 26",07/01/2024,06/30/2025
MN,Sepsis Care,SEV_SEP_6HR,Severe Sepsis 6-Hour Bundle,93,"25, 26",07/01/2024,06/30/2025
MO,Healthcare Personnel Vaccination,IMM_3,Healthcare workers given influenza vaccination Higher percentages are better,87,,10/01/2024,03/31/2025
MO,Emergency Department,OP_18a,"Average (median) time all patients spent in the emergency department before leaving from the visit, including psychiatric/mental health patients and patients who were transferred to another facility. A lower number of minutes is better",161,,07/01/2024,06/30/2025
MO,Emergency Department,OP_18a_HIGH_MIN,"Average (median) time all patients spent in the emergency department before leaving from the visit, including psychiatric/mental health patients and patients who were transferred to another facility. A lower number of minutes is better (High)",215,,07/01/2024,06/30/2025
MO,Emergency Department,OP_18a_LOW_MIN,"Average (median) time all patients spent in the emergency department before leaving from the visit, including psychiatric/mental health patients and patients who were transferred to another facility. A lower number of minutes is better (Low)",131,,07/01/2024,06/30/2025
MO,Emergency Department,OP_18a_MEDIUM_MIN,"Average (median) time all patients spent in the emergency department before leaving from the visit, including psychiatric/mental health patients and patients who were transferred to another facility. A lower number of minutes is better (Moderate)",177,,07/01/2024,06/30/2025
MO,Emergency Department,OP_18a_VERY_HIGH_MIN,"Average (median) time all patients spent in the emergency department before leaving from the visit, including psychiatric/mental health patients and patients who were transferred to another facility. A lower number of minutes is better (Very High)",207,,07/01/2024,06/30/2025
MO,Emergency Department,OP_18b,"Average (median) time patients spent in the emergency department before leaving from the visit, excluding patients transferred to another facility or psychiatric care/mental health patients. A lower number of minutes is better",154,"25, 26",07/01/2024,06/30/2025
MO,Emergency Department,OP_18b_HIGH_MIN,"Average (median) time patients spent in the emergency department before leaving from the visit, excluding patients transferred to another facility or psychiatric care/mental health patients. A lower number of minutes is better (High)",210,"25, 26",07/01/2024,06/30/2025
MO,Emergency Department,OP_18b_LOW_MIN,"Average (median) time patients spent in the emergency department before leaving from the visit, excluding patients transferred to another facility or psychiatric care/mental health patients. A lower number of minutes is better (Low)",123,"25, 26",07/01/2024,06/30/2025
MO,Emergency Department,OP_18b_MEDIUM_MIN,"Average (median) time patients spent in the emergency department before leaving from the visit, excluding patients transferred to another facility or psychiatric care/mental health patients. A lower number of minutes is better (Moderate)",173,"25, 26",07/01/2024,06/30/2025
MO,Emergency Department,OP_18b_VERY_HIGH_MIN,"Average (median) time patients spent in the emergency department before leaving from the visit, excluding patients transferred to another facility or psychiatric care/mental health patients. A lower number of minutes is better (Very High)",203,"25, 26",07/01/2024,06/30/2025
MO,Emergency Department,OP_18c,Average (median) time psychiatric/mental health patients spent in the emergency department before leaving from the visit. A lower number of minutes is better,260,25,07/01/2024,06/30/2025
MO,Emergency Department,OP_18c_HIGH_MIN,Average (median) time psychiatric/mental health patients spent in the emergency department before leaving from the visit. A lower number of minutes is better (High),300,25,07/01/2024,06/30/2025
MO,Emergency Department,OP_18c_LOW_MIN,Average (median) time psychiatric/mental health patients spent in the emergency department before leaving from the visit. A lower number of minutes is better (Low),192,25,07/01/2024,06/30/2025
MO,Emergency Department,OP_18c_MEDIUM_MIN,Average (median) time psychiatric/mental health patients spent in the emergency department before leaving from the visit. A lower number of minutes is better (Moderate),285,25,07/01/2024,06/30/2025
MO,Emergency Department,OP_18c_VERY_HIGH_MIN,Average (median) time psychiatric/mental health patients spent in the emergency department before leaving from the visit. A lower number of minutes is better (Very High),297,25,07/01/2024,06/30/2025
MO,Emergency Department,OP_18d,Average (median) time patients spent in the emergency department before being transferred to another facility. A lower number of minutes is better,273,,07/01/2024,06/30/2025
MO,Emergency Department,OP_18d_HIGH_MIN,Average (median) time patients spent in the emergency department before being transferred to another facility. A lower number of minutes is better (High),341,,07/01/2024,06/30/2025
MO,Emergency Department,OP_18d_LOW_MIN,Average (median) time patients spent in the emergency department before being transferred to another facility. A lower number of minutes is better (Low),268,,07/01/2024,06/30/2025
MO,Emergency Department,OP_18d_MEDIUM_MIN,Average (median) time patients spent in the emergency department before being transferred to another facility. A lower number of minutes is better (Moderate),308,,07/01/2024,06/30/2025
MO,Emergency Department,OP_18d_VERY_HIGH_MIN,Average (median) time patients spent in the emergency department before being transferred to another facility. A lower number of minutes is better (Very High),206,,07/01/2024,06/30/2025
MO,Emergency Department,OP_22,Percentage of patients who left the emergency department before being seen Lower percentages are better,3,"25, 26",01/01/2024,12/31/2024
MO,Emergency Department,OP_23,Percentage of patients who came to the emergency department with stroke symptoms who received brain scan results within 45 minutes of arrival Higher percentages are better,74,25,07/01/2024,06/30/2025
MO,Colonoscopy care,OP_29,Percentage of patients receiving appropriate recommendation for follow-up screening colonoscopy Higher percentages are better,96,"25, 26",01/01/2024,12/31/2024
MO,Cataract surgery outcome,OP_31,Percentage of patients who had cataract surgery and had improvement in visual function within 90 days following the surgery Higher percentages are better,98,,01/01/2024,12/31/2024
MO,Electronic Clinical Quality Measure,SAFE_USE_OF_OPIOIDS,Safe Use of Opioids - Concurrent Prescribing,16,,01/01/2024,12/31/2024
MO,Sepsis Care,SEP_1,Percentage of patients who received appropriate care for severe sepsis and septic shock. Higher percentages are better,61,"25, 26",07/01/2024,06/30/2025
MO,Sepsis Care,SEP_SH_3HR,Septic Shock 3-Hour Bundle,68,"25, 26",07/01/2024,06/30/2025
MO,Sepsis Care,SEP_SH_6HR,Septic Shock 6-Hour Bundle,85,"25, 26",07/01/2024,06/30/2025
MO,Sepsis Care,SEV_SEP_3HR,Severe Sepsis 3-Hour Bundle,78,"25, 26",07/01/2024,06/30/2025
MO,Sepsis Care,SEV_SEP_6HR,Severe Sepsis 6-Hour Bundle,94,"25, 26",07/01/2024,06/30/2025
MP,Healthcare Personnel Vaccination,IMM_3,Healthcare workers given influenza vaccination Higher percentages are better,Not Available,5,10/01/2024,03/31/2025
MP,Emergency Department,OP_18a,"Average (median) time all patients spent in the emergency department before leaving from the visit, including psychiatric/mental health patients and patients who were transferred to another facility. A lower number of minutes is better",Not Available,5,07/01/2024,06/30/2025
MP,Emergency Department,OP_18a_HIGH_MIN,"Average (median) time all patients spent in the emergency department before leaving from the visit, including psychiatric/mental health patients and patients who were transferred to another facility. A lower number of minutes is better (High)",Not Available,5,07/01/2024,06/30/2025
MP,Emergency Department,OP_18a_LOW_MIN,"Average (median) time all patients spent in the emergency department before leaving from the visit, including psychiatric/mental health patients and patients who were transferred to another facility. A lower number of minutes is better (Low)",Not Available,5,07/01/2024,06/30/2025
MP,Emergency Department,OP_18a_MEDIUM_MIN,"Average (median) time all patients spent in the emergency department before leaving from the visit, including psychiatric/mental health patients and patients who were transferred to another facility. A lower number of minutes is better (Moderate)",Not Available,5,07/01/2024,06/30/2025
MP,Emergency Department,OP_18a_VERY_HIGH_MIN,"Average (median) time all patients spent in the emergency department before leaving from the visit, including psychiatric/mental health patients and patients who were transferred to another facility. A lower number of minutes is better (Very High)",Not Available,5,07/01/2024,06/30/2025
MP,Emergency Department,OP_18b,"Average (median) time patients spent in the emergency department before leaving from the visit, excluding patients transferred to another facility or psychiatric care/mental health patients. A lower number of minutes is better",Not Available,5,07/01/2024,06/30/2025
MP,Emergency Department,OP_18b_HIGH_MIN,"Average (median) time patients spent in the emergency department before leaving from the visit, excluding patients transferred to another facility or psychiatric care/mental health patients. A lower number of minutes is better (High)",Not Available,5,07/01/2024,06/30/2025
MP,Emergency Department,OP_18b_LOW_MIN,"Average (median) time patients spent in the emergency department before leaving from the visit, excluding patients transferred to another facility or psychiatric care/mental health patients. A lower number of minutes is better (Low)",Not Available,5,07/01/2024,06/30/2025
MP,Emergency Department,OP_18b_MEDIUM_MIN,"Average (median) time patients spent in the emergency department before leaving from the visit, excluding patients transferred to another facility or psychiatric care/mental health patients. A lower number of minutes is better (Moderate)",Not Available,5,07/01/2024,06/30/2025
MP,Emergency Department,OP_18b_VERY_HIGH_MIN,"Average (median) time patients spent in the emergency department before leaving from the visit, excluding patients transferred to another facility or psychiatric care/mental health patients. A lower number of minutes is better (Very High)",Not Available,5,07/01/2024,06/30/2025
MP,Emergency Department,OP_18c,Average (median) time psychiatric/mental health patients spent in the emergency department before leaving from the visit. A lower number of minutes is better,Not Available,5,07/01/2024,06/30/2025
MP,Emergency Department,OP_18c_HIGH_MIN,Average (median) time psychiatric/mental health patients spent in the emergency department before leaving from the visit. A lower number of minutes is better (High),Not Available,5,07/01/2024,06/30/2025
MP,Emergency Department,OP_18c_LOW_MIN,Average (median) time psychiatric/mental health patients spent in the emergency department before leaving from the visit. A lower number of minutes is better (Low),Not Available,5,07/01/2024,06/30/2025
MP,Emergency Department,OP_18c_MEDIUM_MIN,Average (median) time psychiatric/mental health patients spent in the emergency department before leaving from the visit. A lower number of minutes is better (Moderate),Not Available,5,07/01/2024,06/30/2025
MP,Emergency Department,OP_18c_VERY_HIGH_MIN,Average (median) time psychiatric/mental health patients spent in the emergency department before leaving from the visit. A lower number of minutes is better (Very High),Not Available,5,07/01/2024,06/30/2025
MP,Emergency Department,OP_18d,Average (median) time patients spent in the emergency department before being transferred to another facility. A lower number of minutes is better,Not Available,5,07/01/2024,06/30/2025
MP,Emergency Department,OP_18d_HIGH_MIN,Average (median) time patients spent in the emergency department before being transferred to another facility. A lower number of minutes is better (High),Not Available,5,07/01/2024,06/30/2025
MP,Emergency Department,OP_18d_LOW_MIN,Average (median) time patients spent in the emergency department before being transferred to another facility. A lower number of minutes is better (Low),Not Available,5,07/01/2024,06/30/2025
MP,Emergency Department,OP_18d_MEDIUM_MIN,Average (median) time patients spent in the emergency department before being transferred to another facility. A lower number of minutes is better (Moderate),Not Available,5,07/01/2024,06/30/2025
MP,Emergency Department,OP_18d_VERY_HIGH_MIN,Average (median) time patients spent in the emergency department before being transferred to another facility. A lower number of minutes is better (Very High),Not Available,5,07/01/2024,06/30/2025
MP,Emergency Department,OP_22,Percentage of patients who left the emergency department before being seen Lower percentages are better,Not Available,5,01/01/2024,12/31/2024
MP,Emergency Department,OP_23,Percentage of patients who came to the emergency department with stroke symptoms who received brain scan results within 45 minutes of arrival Higher percentages are better,Not Available,5,07/01/2024,06/30/2025
MP,Colonoscopy care,OP_29,Percentage of patients receiving appropriate recommendation for follow-up screening colonoscopy Higher percentages are better,Not Available,5,01/01/2024,12/31/2024
MP,Cataract surgery outcome,OP_31,Percentage of patients who had cataract surgery and had improvement in visual function within 90 days following the surgery Higher percentages are better,Not Available,5,01/01/2024,12/31/2024
MP,Electronic Clinical Quality Measure,SAFE_USE_OF_OPIOIDS,Safe Use of Opioids - Concurrent Prescribing,Not Available,5,01/01/2024,12/31/2024
MP,Sepsis Care,SEP_1,Percentage of patients who received appropriate care for severe sepsis and septic shock. Higher percentages are better,Not Available,5,07/01/2024,06/30/2025
MP,Sepsis Care,SEP_SH_3HR,Septic Shock 3-Hour Bundle,Not Available,5,07/01/2024,06/30/2025
MP,Sepsis Care,SEP_SH_6HR,Septic Shock 6-Hour Bundle,Not Available,5,07/01/2024,06/30/2025
MP,Sepsis Care,SEV_SEP_3HR,Severe Sepsis 3-Hour Bundle,Not Available,5,07/01/2024,06/30/2025
MP,Sepsis Care,SEV_SEP_6HR,Severe Sepsis 6-Hour Bundle,Not Available,5,07/01/2024,06/30/2025
MS,Healthcare Personnel Vaccination,IMM_3,Healthcare workers given influenza vaccination Higher percentages are better,70,,10/01/2024,03/31/2025
MS,Emergency Department,OP_18a,"Average (median) time all patients spent in the emergency department before leaving from the visit, including psychiatric/mental health patients and patients who were transferred to another facility. A lower number of minutes is better",134,,07/01/2024,06/30/2025
MS,Emergency Department,OP_18a_HIGH_MIN,"Average (median) time all patients spent in the emergency department before leaving from the visit, including psychiatric/mental health patients and patients who were transferred to another facility. A lower number of minutes is better (High)",204,,07/01/2024,06/30/2025
MS,Emergency Department,OP_18a_LOW_MIN,"Average (median) time all patients spent in the emergency department before leaving from the visit, including psychiatric/mental health patients and patients who were transferred to another facility. A lower number of minutes is better (Low)",113,,07/01/2024,06/30/2025
MS,Emergency Department,OP_18a_MEDIUM_MIN,"Average (median) time all patients spent in the emergency department before leaving from the visit, including psychiatric/mental health patients and patients who were transferred to another facility. A lower number of minutes is better (Moderate)",142,,07/01/2024,06/30/2025
MS,Emergency Department,OP_18a_VERY_HIGH_MIN,"Average (median) time all patients spent in the emergency department before leaving from the visit, including psychiatric/mental health patients and patients who were transferred to another facility. A lower number of minutes is better (Very High)",189,,07/01/2024,06/30/2025
MS,Emergency Department,OP_18b,"Average (median) time patients spent in the emergency department before leaving from the visit, excluding patients transferred to another facility or psychiatric care/mental health patients. A lower number of minutes is better",129,"25, 26",07/01/2024,06/30/2025
MS,Emergency Department,OP_18b_HIGH_MIN,"Average (median) time patients spent in the emergency department before leaving from the visit, excluding patients transferred to another facility or psychiatric care/mental health patients. A lower number of minutes is better (High)",203,"25, 26",07/01/2024,06/30/2025
MS,Emergency Department,OP_18b_LOW_MIN,"Average (median) time patients spent in the emergency department before leaving from the visit, excluding patients transferred to another facility or psychiatric care/mental health patients. A lower number of minutes is better (Low)",108,"25, 26",07/01/2024,06/30/2025
MS,Emergency Department,OP_18b_MEDIUM_MIN,"Average (median) time patients spent in the emergency department before leaving from the visit, excluding patients transferred to another facility or psychiatric care/mental health patients. A lower number of minutes is better (Moderate)",138,"25, 26",07/01/2024,06/30/2025
MS,Emergency Department,OP_18b_VERY_HIGH_MIN,"Average (median) time patients spent in the emergency department before leaving from the visit, excluding patients transferred to another facility or psychiatric care/mental health patients. A lower number of minutes is better (Very High)",187,"25, 26",07/01/2024,06/30/2025
MS,Emergency Department,OP_18c,Average (median) time psychiatric/mental health patients spent in the emergency department before leaving from the visit. A lower number of minutes is better,192,25,07/01/2024,06/30/2025
MS,Emergency Department,OP_18c_HIGH_MIN,Average (median) time psychiatric/mental health patients spent in the emergency department before leaving from the visit. A lower number of minutes is better (High),289,25,07/01/2024,06/30/2025
MS,Emergency Department,OP_18c_LOW_MIN,Average (median) time psychiatric/mental health patients spent in the emergency department before leaving from the visit. A lower number of minutes is better (Low),163,25,07/01/2024,06/30/2025
MS,Emergency Department,OP_18c_MEDIUM_MIN,Average (median) time psychiatric/mental health patients spent in the emergency department before leaving from the visit. A lower number of minutes is better (Moderate),208,25,07/01/2024,06/30/2025
MS,Emergency Department,OP_18c_VERY_HIGH_MIN,Average (median) time psychiatric/mental health patients spent in the emergency department before leaving from the visit. A lower number of minutes is better (Very High),316,25,07/01/2024,06/30/2025
MS,Emergency Department,OP_18d,Average (median) time patients spent in the emergency department before being transferred to another facility. A lower number of minutes is better,254,,07/01/2024,06/30/2025
MS,Emergency Department,OP_18d_HIGH_MIN,Average (median) time patients spent in the emergency department before being transferred to another facility. A lower number of minutes is better (High),237,,07/01/2024,06/30/2025
MS,Emergency Department,OP_18d_LOW_MIN,Average (median) time patients spent in the emergency department before being transferred to another facility. A lower number of minutes is better (Low),258,,07/01/2024,06/30/2025
MS,Emergency Department,OP_18d_MEDIUM_MIN,Average (median) time patients spent in the emergency department before being transferred to another facility. A lower number of minutes is better (Moderate),260,,07/01/2024,06/30/2025
MS,Emergency Department,OP_18d_VERY_HIGH_MIN,Average (median) time patients spent in the emergency department before being transferred to another facility. A lower number of minutes is better (Very High),340,,07/01/2024,06/30/2025
MS,Emergency Department,OP_22,Percentage of patients who left the emergency department before being seen Lower percentages are better,3,"25, 26",01/01/2024,12/31/2024
MS,Emergency Department,OP_23,Percentage of patients who came to the emergency department with stroke symptoms who received brain scan results within 45 minutes of arrival Higher percentages are better,67,25,07/01/2024,06/30/2025
MS,Colonoscopy care,OP_29,Percentage of patients receiving appropriate recommendation for follow-up screening colonoscopy Higher percentages are better,95,"25, 26",01/01/2024,12/31/2024
MS,Cataract surgery outcome,OP_31,Percentage of patients who had cataract surgery and had improvement in visual function within 90 days following the surgery Higher percentages are better,Not Available,5,01/01/2024,12/31/2024
MS,Electronic Clinical Quality Measure,SAFE_USE_OF_OPIOIDS,Safe Use of Opioids - Concurrent Prescribing,11,,01/01/2024,12/31/2024
MS,Sepsis Care,SEP_1,Percentage of patients who received appropriate care for severe sepsis and septic shock. Higher percentages are better,63,"25, 26",07/01/2024,06/30/2025
MS,Sepsis Care,SEP_SH_3HR,Septic Shock 3-Hour Bundle,71,"25, 26",07/01/2024,06/30/2025
MS,Sepsis Care,SEP_SH_6HR,Septic Shock 6-Hour Bundle,87,"25, 26",07/01/2024,06/30/2025
MS,Sepsis Care,SEV_SEP_3HR,Severe Sepsis 3-Hour Bundle,79,"25, 26",07/01/2024,06/30/2025
MS,Sepsis Care,SEV_SEP_6HR,Severe Sepsis 6-Hour Bundle,92,"25, 26",07/01/2024,06/30/2025
MT,Healthcare Personnel Vaccination,IMM_3,Healthcare workers given influenza vaccination Higher percentages are better,60,,10/01/2024,03/31/2025
MT,Emergency Department,OP_18a,"Average (median) time all patients spent in the emergency department before leaving from the visit, including psychiatric/mental health patients and patients who were transferred to another facility. A lower number of minutes is better",128,,07/01/2024,06/30/2025
MT,Emergency Department,OP_18a_HIGH_MIN,"Average (median) time all patients spent in the emergency department before leaving from the visit, including psychiatric/mental health patients and patients who were transferred to another facility. A lower number of minutes is better (High)",163,,07/01/2024,06/30/2025
MT,Emergency Department,OP_18a_LOW_MIN,"Average (median) time all patients spent in the emergency department before leaving from the visit, including psychiatric/mental health patients and patients who were transferred to another facility. A lower number of minutes is better (Low)",127,,07/01/2024,06/30/2025
MT,Emergency Department,OP_18a_MEDIUM_MIN,"Average (median) time all patients spent in the emergency department before leaving from the visit, including psychiatric/mental health patients and patients who were transferred to another facility. A lower number of minutes is better (Moderate)",176,,07/01/2024,06/30/2025
MT,Emergency Department,OP_18a_VERY_HIGH_MIN,"Average (median) time all patients spent in the emergency department before leaving from the visit, including psychiatric/mental health patients and patients who were transferred to another facility. A lower number of minutes is better (Very High)",Not Available,5,07/01/2024,06/30/2025
MT,Emergency Department,OP_18b,"Average (median) time patients spent in the emergency department before leaving from the visit, excluding patients transferred to another facility or psychiatric care/mental health patients. A lower number of minutes is better",123,"25, 26",07/01/2024,06/30/2025
MT,Emergency Department,OP_18b_HIGH_MIN,"Average (median) time patients spent in the emergency department before leaving from the visit, excluding patients transferred to another facility or psychiatric care/mental health patients. A lower number of minutes is better (High)",164,"25, 26",07/01/2024,06/30/2025
MT,Emergency Department,OP_18b_LOW_MIN,"Average (median) time patients spent in the emergency department before leaving from the visit, excluding patients transferred to another facility or psychiatric care/mental health patients. A lower number of minutes is better (Low)",122,"25, 26",07/01/2024,06/30/2025
MT,Emergency Department,OP_18b_MEDIUM_MIN,"Average (median) time patients spent in the emergency department before leaving from the visit, excluding patients transferred to another facility or psychiatric care/mental health patients. A lower number of minutes is better (Moderate)",174,"25, 26",07/01/2024,06/30/2025
MT,Emergency Department,OP_18b_VERY_HIGH_MIN,"Average (median) time patients spent in the emergency department before leaving from the visit, excluding patients transferred to another facility or psychiatric care/mental health patients. A lower number of minutes is better (Very High)",Not Available,"25, 26",07/01/2024,06/30/2025
MT,Emergency Department,OP_18c,Average (median) time psychiatric/mental health patients spent in the emergency department before leaving from the visit. A lower number of minutes is better,162,25,07/01/2024,06/30/2025
MT,Emergency Department,OP_18c_HIGH_MIN,Average (median) time psychiatric/mental health patients spent in the emergency department before leaving from the visit. A lower number of minutes is better (High),148,25,07/01/2024,06/30/2025
MT,Emergency Department,OP_18c_LOW_MIN,Average (median) time psychiatric/mental health patients spent in the emergency department before leaving from the visit. A lower number of minutes is better (Low),160,25,07/01/2024,06/30/2025
MT,Emergency Department,OP_18c_MEDIUM_MIN,Average (median) time psychiatric/mental health patients spent in the emergency department before leaving from the visit. A lower number of minutes is better (Moderate),205,25,07/01/2024,06/30/2025
MT,Emergency Department,OP_18c_VERY_HIGH_MIN,Average (median) time psychiatric/mental health patients spent in the emergency department before leaving from the visit. A lower number of minutes is better (Very High),Not Available,25,07/01/2024,06/30/2025
MT,Emergency Department,OP_18d,Average (median) time patients spent in the emergency department before being transferred to another facility. A lower number of minutes is better,215,,07/01/2024,06/30/2025
MT,Emergency Department,OP_18d_HIGH_MIN,Average (median) time patients spent in the emergency department before being transferred to another facility. A lower number of minutes is better (High),145,,07/01/2024,06/30/2025
MT,Emergency Department,OP_18d_LOW_MIN,Average (median) time patients spent in the emergency department before being transferred to another facility. A lower number of minutes is better (Low),216,,07/01/2024,06/30/2025
MT,Emergency Department,OP_18d_MEDIUM_MIN,Average (median) time patients spent in the emergency department before being transferred to another facility. A lower number of minutes is better (Moderate),280,,07/01/2024,06/30/2025
MT,Emergency Department,OP_18d_VERY_HIGH_MIN,Average (median) time patients spent in the emergency department before being transferred to another facility. A lower number of minutes is better (Very High),Not Available,5,07/01/2024,06/30/2025
MT,Emergency Department,OP_22,Percentage of patients who left the emergency department before being seen Lower percentages are better,2,"25, 26",01/01/2024,12/31/2024
MT,Emergency Department,OP_23,Percentage of patients who came to the emergency department with stroke symptoms who received brain scan results within 45 minutes of arrival Higher percentages are better,64,25,07/01/2024,06/30/2025
MT,Colonoscopy care,OP_29,Percentage of patients receiving appropriate recommendation for follow-up screening colonoscopy Higher percentages are better,77,"25, 26",01/01/2024,12/31/2024
MT,Cataract surgery outcome,OP_31,Percentage of patients who had cataract surgery and had improvement in visual function within 90 days following the surgery Higher percentages are better,Not Available,5,01/01/2024,12/31/2024
MT,Electronic Clinical Quality Measure,SAFE_USE_OF_OPIOIDS,Safe Use of Opioids - Concurrent Prescribing,15,,01/01/2024,12/31/2024
MT,Sepsis Care,SEP_1,Percentage of patients who received appropriate care for severe sepsis and septic shock. Higher percentages are better,70,"25, 26",07/01/2024,06/30/2025
MT,Sepsis Care,SEP_SH_3HR,Septic Shock 3-Hour Bundle,76,"25, 26",07/01/2024,06/30/2025
MT,Sepsis Care,SEP_SH_6HR,Septic Shock 6-Hour Bundle,83,"25, 26",07/01/2024,06/30/2025
MT,Sepsis Care,SEV_SEP_3HR,Severe Sepsis 3-Hour Bundle,86,"25, 26",07/01/2024,06/30/2025
MT,Sepsis Care,SEV_SEP_6HR,Severe Sepsis 6-Hour Bundle,95,"25, 26",07/01/2024,06/30/2025
NC,Healthcare Personnel Vaccination,IMM_3,Healthcare workers given influenza vaccination Higher percentages are better,90,,10/01/2024,03/31/2025
NC,Emergency Department,OP_18a,"Average (median) time all patients spent in the emergency department before leaving from the visit, including psychiatric/mental health patients and patients who were transferred to another facility. A lower number of minutes is better",191,,07/01/2024,06/30/2025
NC,Emergency Department,OP_18a_HIGH_MIN,"Average (median) time all patients spent in the emergency department before leaving from the visit, including psychiatric/mental health patients and patients who were transferred to another facility. A lower number of minutes is better (High)",198,,07/01/2024,06/30/2025
NC,Emergency Department,OP_18a_LOW_MIN,"Average (median) time all patients spent in the emergency department before leaving from the visit, including psychiatric/mental health patients and patients who were transferred to another facility. A lower number of minutes is better (Low)",148,,07/01/2024,06/30/2025
NC,Emergency Department,OP_18a_MEDIUM_MIN,"Average (median) time all patients spent in the emergency department before leaving from the visit, including psychiatric/mental health patients and patients who were transferred to another facility. A lower number of minutes is better (Moderate)",183,,07/01/2024,06/30/2025
NC,Emergency Department,OP_18a_VERY_HIGH_MIN,"Average (median) time all patients spent in the emergency department before leaving from the visit, including psychiatric/mental health patients and patients who were transferred to another facility. A lower number of minutes is better (Very High)",203,,07/01/2024,06/30/2025
NC,Emergency Department,OP_18b,"Average (median) time patients spent in the emergency department before leaving from the visit, excluding patients transferred to another facility or psychiatric care/mental health patients. A lower number of minutes is better",187,"25, 26",07/01/2024,06/30/2025
NC,Emergency Department,OP_18b_HIGH_MIN,"Average (median) time patients spent in the emergency department before leaving from the visit, excluding patients transferred to another facility or psychiatric care/mental health patients. A lower number of minutes is better (High)",192,"25, 26",07/01/2024,06/30/2025
NC,Emergency Department,OP_18b_LOW_MIN,"Average (median) time patients spent in the emergency department before leaving from the visit, excluding patients transferred to another facility or psychiatric care/mental health patients. A lower number of minutes is better (Low)",138,"25, 26",07/01/2024,06/30/2025
NC,Emergency Department,OP_18b_MEDIUM_MIN,"Average (median) time patients spent in the emergency department before leaving from the visit, excluding patients transferred to another facility or psychiatric care/mental health patients. A lower number of minutes is better (Moderate)",176,"25, 26",07/01/2024,06/30/2025
NC,Emergency Department,OP_18b_VERY_HIGH_MIN,"Average (median) time patients spent in the emergency department before leaving from the visit, excluding patients transferred to another facility or psychiatric care/mental health patients. A lower number of minutes is better (Very High)",200,"25, 26",07/01/2024,06/30/2025
NC,Emergency Department,OP_18c,Average (median) time psychiatric/mental health patients spent in the emergency department before leaving from the visit. A lower number of minutes is better,299,25,07/01/2024,06/30/2025
NC,Emergency Department,OP_18c_HIGH_MIN,Average (median) time psychiatric/mental health patients spent in the emergency department before leaving from the visit. A lower number of minutes is better (High),384,25,07/01/2024,06/30/2025
NC,Emergency Department,OP_18c_LOW_MIN,Average (median) time psychiatric/mental health patients spent in the emergency department before leaving from the visit. A lower number of minutes is better (Low),279,25,07/01/2024,06/30/2025
NC,Emergency Department,OP_18c_MEDIUM_MIN,Average (median) time psychiatric/mental health patients spent in the emergency department before leaving from the visit. A lower number of minutes is better (Moderate),275,25,07/01/2024,06/30/2025
NC,Emergency Department,OP_18c_VERY_HIGH_MIN,Average (median) time psychiatric/mental health patients spent in the emergency department before leaving from the visit. A lower number of minutes is better (Very High),299,25,07/01/2024,06/30/2025
NC,Emergency Department,OP_18d,Average (median) time patients spent in the emergency department before being transferred to another facility. A lower number of minutes is better,417,,07/01/2024,06/30/2025
NC,Emergency Department,OP_18d_HIGH_MIN,Average (median) time patients spent in the emergency department before being transferred to another facility. A lower number of minutes is better (High),459,,07/01/2024,06/30/2025
NC,Emergency Department,OP_18d_LOW_MIN,Average (median) time patients spent in the emergency department before being transferred to another facility. A lower number of minutes is better (Low),414,,07/01/2024,06/30/2025
NC,Emergency Department,OP_18d_MEDIUM_MIN,Average (median) time patients spent in the emergency department before being transferred to another facility. A lower number of minutes is better (Moderate),380,,07/01/2024,06/30/2025
NC,Emergency Department,OP_18d_VERY_HIGH_MIN,Average (median) time patients spent in the emergency department before being transferred to another facility. A lower number of minutes is better (Very High),502,,07/01/2024,06/30/2025
NC,Emergency Department,OP_22,Percentage of patients who left the emergency department before being seen Lower percentages are better,2,"25, 26",01/01/2024,12/31/2024
NC,Emergency Department,OP_23,Percentage of patients who came to the emergency department with stroke symptoms who received brain scan results within 45 minutes of arrival Higher percentages are better,73,25,07/01/2024,06/30/2025
NC,Colonoscopy care,OP_29,Percentage of patients receiving appropriate recommendation for follow-up screening colonoscopy Higher percentages are better,95,"25, 26",01/01/2024,12/31/2024
NC,Cataract surgery outcome,OP_31,Percentage of patients who had cataract surgery and had improvement in visual function within 90 days following the surgery Higher percentages are better,Not Available,5,01/01/2024,12/31/2024
NC,Electronic Clinical Quality Measure,SAFE_USE_OF_OPIOIDS,Safe Use of Opioids - Concurrent Prescribing,16,,01/01/2024,12/31/2024
NC,Sepsis Care,SEP_1,Percentage of patients who received appropriate care for severe sepsis and septic shock. Higher percentages are better,63,"25, 26",07/01/2024,06/30/2025
NC,Sepsis Care,SEP_SH_3HR,Septic Shock 3-Hour Bundle,74,"25, 26",07/01/2024,06/30/2025
NC,Sepsis Care,SEP_SH_6HR,Septic Shock 6-Hour Bundle,84,"25, 26",07/01/2024,06/30/2025
NC,Sepsis Care,SEV_SEP_3HR,Severe Sepsis 3-Hour Bundle,79,"25, 26",07/01/2024,06/30/2025
NC,Sepsis Care,SEV_SEP_6HR,Severe Sepsis 6-Hour Bundle,94,"25, 26",07/01/2024,06/30/2025
ND,Healthcare Personnel Vaccination,IMM_3,Healthcare workers given influenza vaccination Higher percentages are better,81,,10/01/2024,03/31/2025
ND,Emergency Department,OP_18a,"Average (median) time all patients spent in the emergency department before leaving from the visit, including psychiatric/mental health patients and patients who were transferred to another facility. A lower number of minutes is better",115,,07/01/2024,06/30/2025
ND,Emergency Department,OP_18a_HIGH_MIN,"Average (median) time all patients spent in the emergency department before leaving from the visit, including psychiatric/mental health patients and patients who were transferred to another facility. A lower number of minutes is better (High)",Not Available,5,07/01/2024,06/30/2025
ND,Emergency Department,OP_18a_LOW_MIN,"Average (median) time all patients spent in the emergency department before leaving from the visit, including psychiatric/mental health patients and patients who were transferred to another facility. A lower number of minutes is better (Low)",109,,07/01/2024,06/30/2025
ND,Emergency Department,OP_18a_MEDIUM_MIN,"Average (median) time all patients spent in the emergency department before leaving from the visit, including psychiatric/mental health patients and patients who were transferred to another facility. A lower number of minutes is better (Moderate)",171,,07/01/2024,06/30/2025
ND,Emergency Department,OP_18a_VERY_HIGH_MIN,"Average (median) time all patients spent in the emergency department before leaving from the visit, including psychiatric/mental health patients and patients who were transferred to another facility. A lower number of minutes is better (Very High)",193,,07/01/2024,06/30/2025
ND,Emergency Department,OP_18b,"Average (median) time patients spent in the emergency department before leaving from the visit, excluding patients transferred to another facility or psychiatric care/mental health patients. A lower number of minutes is better",110,"25, 26",07/01/2024,06/30/2025
ND,Emergency Department,OP_18b_HIGH_MIN,"Average (median) time patients spent in the emergency department before leaving from the visit, excluding patients transferred to another facility or psychiatric care/mental health patients. A lower number of minutes is better (High)",Not Available,"25, 26",07/01/2024,06/30/2025
ND,Emergency Department,OP_18b_LOW_MIN,"Average (median) time patients spent in the emergency department before leaving from the visit, excluding patients transferred to another facility or psychiatric care/mental health patients. A lower number of minutes is better (Low)",103,"25, 26",07/01/2024,06/30/2025
ND,Emergency Department,OP_18b_MEDIUM_MIN,"Average (median) time patients spent in the emergency department before leaving from the visit, excluding patients transferred to another facility or psychiatric care/mental health patients. A lower number of minutes is better (Moderate)",167,"25, 26",07/01/2024,06/30/2025
ND,Emergency Department,OP_18b_VERY_HIGH_MIN,"Average (median) time patients spent in the emergency department before leaving from the visit, excluding patients transferred to another facility or psychiatric care/mental health patients. A lower number of minutes is better (Very High)",189,"25, 26",07/01/2024,06/30/2025
ND,Emergency Department,OP_18c,Average (median) time psychiatric/mental health patients spent in the emergency department before leaving from the visit. A lower number of minutes is better,164,25,07/01/2024,06/30/2025
ND,Emergency Department,OP_18c_HIGH_MIN,Average (median) time psychiatric/mental health patients spent in the emergency department before leaving from the visit. A lower number of minutes is better (High),Not Available,25,07/01/2024,06/30/2025
ND,Emergency Department,OP_18c_LOW_MIN,Average (median) time psychiatric/mental health patients spent in the emergency department before leaving from the visit. A lower number of minutes is better (Low),147,25,07/01/2024,06/30/2025
ND,Emergency Department,OP_18c_MEDIUM_MIN,Average (median) time psychiatric/mental health patients spent in the emergency department before leaving from the visit. A lower number of minutes is better (Moderate),251,25,07/01/2024,06/30/2025
ND,Emergency Department,OP_18c_VERY_HIGH_MIN,Average (median) time psychiatric/mental health patients spent in the emergency department before leaving from the visit. A lower number of minutes is better (Very High),301,25,07/01/2024,06/30/2025
ND,Emergency Department,OP_18d,Average (median) time patients spent in the emergency department before being transferred to another facility. A lower number of minutes is better,170,,07/01/2024,06/30/2025
ND,Emergency Department,OP_18d_HIGH_MIN,Average (median) time patients spent in the emergency department before being transferred to another facility. A lower number of minutes is better (High),Not Available,5,07/01/2024,06/30/2025
ND,Emergency Department,OP_18d_LOW_MIN,Average (median) time patients spent in the emergency department before being transferred to another facility. A lower number of minutes is better (Low),170,,07/01/2024,06/30/2025
ND,Emergency Department,OP_18d_MEDIUM_MIN,Average (median) time patients spent in the emergency department before being transferred to another facility. A lower number of minutes is better (Moderate),426,,07/01/2024,06/30/2025
ND,Emergency Department,OP_18d_VERY_HIGH_MIN,Average (median) time patients spent in the emergency department before being transferred to another facility. A lower number of minutes is better (Very High),Not Available,5,07/01/2024,06/30/2025
ND,Emergency Department,OP_22,Percentage of patients who left the emergency department before being seen Lower percentages are better,3,"25, 26",01/01/2024,12/31/2024
ND,Emergency Department,OP_23,Percentage of patients who came to the emergency department with stroke symptoms who received brain scan results within 45 minutes of arrival Higher percentages are better,72,25,07/01/2024,06/30/2025
ND,Colonoscopy care,OP_29,Percentage of patients receiving appropriate recommendation for follow-up screening colonoscopy Higher percentages are better,97,"25, 26",01/01/2024,12/31/2024
ND,Cataract surgery outcome,OP_31,Percentage of patients who had cataract surgery and had improvement in visual function within 90 days following the surgery Higher percentages are better,Not Available,5,01/01/2024,12/31/2024
ND,Electronic Clinical Quality Measure,SAFE_USE_OF_OPIOIDS,Safe Use of Opioids - Concurrent Prescribing,14,,01/01/2024,12/31/2024
ND,Sepsis Care,SEP_1,Percentage of patients who received appropriate care for severe sepsis and septic shock. Higher percentages are better,60,"25, 26",07/01/2024,06/30/2025
ND,Sepsis Care,SEP_SH_3HR,Septic Shock 3-Hour Bundle,60,"25, 26",07/01/2024,06/30/2025
ND,Sepsis Care,SEP_SH_6HR,Septic Shock 6-Hour Bundle,85,"25, 26",07/01/2024,06/30/2025
ND,Sepsis Care,SEV_SEP_3HR,Severe Sepsis 3-Hour Bundle,81,"25, 26",07/01/2024,06/30/2025
ND,Sepsis Care,SEV_SEP_6HR,Severe Sepsis 6-Hour Bundle,89,"25, 26",07/01/2024,06/30/2025
NE,Healthcare Personnel Vaccination,IMM_3,Healthcare workers given influenza vaccination Higher percentages are better,74,,10/01/2024,03/31/2025
NE,Emergency Department,OP_18a,"Average (median) time all patients spent in the emergency department before leaving from the visit, including psychiatric/mental health patients and patients who were transferred to another facility. A lower number of minutes is better",117,,07/01/2024,06/30/2025
NE,Emergency Department,OP_18a_HIGH_MIN,"Average (median) time all patients spent in the emergency department before leaving from the visit, including psychiatric/mental health patients and patients who were transferred to another facility. A lower number of minutes is better (High)",166,,07/01/2024,06/30/2025
NE,Emergency Department,OP_18a_LOW_MIN,"Average (median) time all patients spent in the emergency department before leaving from the visit, including psychiatric/mental health patients and patients who were transferred to another facility. A lower number of minutes is better (Low)",113,,07/01/2024,06/30/2025
NE,Emergency Department,OP_18a_MEDIUM_MIN,"Average (median) time all patients spent in the emergency department before leaving from the visit, including psychiatric/mental health patients and patients who were transferred to another facility. A lower number of minutes is better (Moderate)",152,,07/01/2024,06/30/2025
NE,Emergency Department,OP_18a_VERY_HIGH_MIN,"Average (median) time all patients spent in the emergency department before leaving from the visit, including psychiatric/mental health patients and patients who were transferred to another facility. A lower number of minutes is better (Very High)",169,,07/01/2024,06/30/2025
NE,Emergency Department,OP_18b,"Average (median) time patients spent in the emergency department before leaving from the visit, excluding patients transferred to another facility or psychiatric care/mental health patients. A lower number of minutes is better",112,"25, 26",07/01/2024,06/30/2025
NE,Emergency Department,OP_18b_HIGH_MIN,"Average (median) time patients spent in the emergency department before leaving from the visit, excluding patients transferred to another facility or psychiatric care/mental health patients. A lower number of minutes is better (High)",156,"25, 26",07/01/2024,06/30/2025
NE,Emergency Department,OP_18b_LOW_MIN,"Average (median) time patients spent in the emergency department before leaving from the visit, excluding patients transferred to another facility or psychiatric care/mental health patients. A lower number of minutes is better (Low)",108,"25, 26",07/01/2024,06/30/2025
NE,Emergency Department,OP_18b_MEDIUM_MIN,"Average (median) time patients spent in the emergency department before leaving from the visit, excluding patients transferred to another facility or psychiatric care/mental health patients. A lower number of minutes is better (Moderate)",148,"25, 26",07/01/2024,06/30/2025
NE,Emergency Department,OP_18b_VERY_HIGH_MIN,"Average (median) time patients spent in the emergency department before leaving from the visit, excluding patients transferred to another facility or psychiatric care/mental health patients. A lower number of minutes is better (Very High)",165,"25, 26",07/01/2024,06/30/2025
NE,Emergency Department,OP_18c,Average (median) time psychiatric/mental health patients spent in the emergency department before leaving from the visit. A lower number of minutes is better,158,25,07/01/2024,06/30/2025
NE,Emergency Department,OP_18c_HIGH_MIN,Average (median) time psychiatric/mental health patients spent in the emergency department before leaving from the visit. A lower number of minutes is better (High),290,25,07/01/2024,06/30/2025
NE,Emergency Department,OP_18c_LOW_MIN,Average (median) time psychiatric/mental health patients spent in the emergency department before leaving from the visit. A lower number of minutes is better (Low),153,25,07/01/2024,06/30/2025
NE,Emergency Department,OP_18c_MEDIUM_MIN,Average (median) time psychiatric/mental health patients spent in the emergency department before leaving from the visit. A lower number of minutes is better (Moderate),216,25,07/01/2024,06/30/2025
NE,Emergency Department,OP_18c_VERY_HIGH_MIN,Average (median) time psychiatric/mental health patients spent in the emergency department before leaving from the visit. A lower number of minutes is better (Very High),218,25,07/01/2024,06/30/2025
NE,Emergency Department,OP_18d,Average (median) time patients spent in the emergency department before being transferred to another facility. A lower number of minutes is better,205,,07/01/2024,06/30/2025
NE,Emergency Department,OP_18d_HIGH_MIN,Average (median) time patients spent in the emergency department before being transferred to another facility. A lower number of minutes is better (High),235,,07/01/2024,06/30/2025
NE,Emergency Department,OP_18d_LOW_MIN,Average (median) time patients spent in the emergency department before being transferred to another facility. A lower number of minutes is better (Low),202,,07/01/2024,06/30/2025
NE,Emergency Department,OP_18d_MEDIUM_MIN,Average (median) time patients spent in the emergency department before being transferred to another facility. A lower number of minutes is better (Moderate),288,,07/01/2024,06/30/2025
NE,Emergency Department,OP_18d_VERY_HIGH_MIN,Average (median) time patients spent in the emergency department before being transferred to another facility. A lower number of minutes is better (Very High),276,,07/01/2024,06/30/2025
NE,Emergency Department,OP_22,Percentage of patients who left the emergency department before being seen Lower percentages are better,1,"25, 26",01/01/2024,12/31/2024
NE,Emergency Department,OP_23,Percentage of patients who came to the emergency department with stroke symptoms who received brain scan results within 45 minutes of arrival Higher percentages are better,61,25,07/01/2024,06/30/2025
NE,Colonoscopy care,OP_29,Percentage of patients receiving appropriate recommendation for follow-up screening colonoscopy Higher percentages are better,95,"25, 26",01/01/2024,12/31/2024
NE,Cataract surgery outcome,OP_31,Percentage of patients who had cataract surgery and had improvement in visual function within 90 days following the surgery Higher percentages are better,Not Available,5,01/01/2024,12/31/2024
NE,Electronic Clinical Quality Measure,SAFE_USE_OF_OPIOIDS,Safe Use of Opioids - Concurrent Prescribing,17,,01/01/2024,12/31/2024
NE,Sepsis Care,SEP_1,Percentage of patients who received appropriate care for severe sepsis and septic shock. Higher percentages are better,63,"25, 26",07/01/2024,06/30/2025
NE,Sepsis Care,SEP_SH_3HR,Septic Shock 3-Hour Bundle,77,"25, 26",07/01/2024,06/30/2025
NE,Sepsis Care,SEP_SH_6HR,Septic Shock 6-Hour Bundle,88,"25, 26",07/01/2024,06/30/2025
NE,Sepsis Care,SEV_SEP_3HR,Severe Sepsis 3-Hour Bundle,78,"25, 26",07/01/2024,06/30/2025
NE,Sepsis Care,SEV_SEP_6HR,Severe Sepsis 6-Hour Bundle,91,"25, 26",07/01/2024,06/30/2025
NH,Healthcare Personnel Vaccination,IMM_3,Healthcare workers given influenza vaccination Higher percentages are better,91,,10/01/2024,03/31/2025
NH,Emergency Department,OP_18a,"Average (median) time all patients spent in the emergency department before leaving from the visit, including psychiatric/mental health patients and patients who were transferred to another facility. A lower number of minutes is better",134,,07/01/2024,06/30/2025
NH,Emergency Department,OP_18a_HIGH_MIN,"Average (median) time all patients spent in the emergency department before leaving from the visit, including psychiatric/mental health patients and patients who were transferred to another facility. A lower number of minutes is better (High)",222,,07/01/2024,06/30/2025
NH,Emergency Department,OP_18a_LOW_MIN,"Average (median) time all patients spent in the emergency department before leaving from the visit, including psychiatric/mental health patients and patients who were transferred to another facility. A lower number of minutes is better (Low)",140,,07/01/2024,06/30/2025
NH,Emergency Department,OP_18a_MEDIUM_MIN,"Average (median) time all patients spent in the emergency department before leaving from the visit, including psychiatric/mental health patients and patients who were transferred to another facility. A lower number of minutes is better (Moderate)",204,,07/01/2024,06/30/2025
NH,Emergency Department,OP_18a_VERY_HIGH_MIN,"Average (median) time all patients spent in the emergency department before leaving from the visit, including psychiatric/mental health patients and patients who were transferred to another facility. A lower number of minutes is better (Very High)",Not Available,5,07/01/2024,06/30/2025
NH,Emergency Department,OP_18b,"Average (median) time patients spent in the emergency department before leaving from the visit, excluding patients transferred to another facility or psychiatric care/mental health patients. A lower number of minutes is better",126,"25, 26",07/01/2024,06/30/2025
NH,Emergency Department,OP_18b_HIGH_MIN,"Average (median) time patients spent in the emergency department before leaving from the visit, excluding patients transferred to another facility or psychiatric care/mental health patients. A lower number of minutes is better (High)",217,"25, 26",07/01/2024,06/30/2025
NH,Emergency Department,OP_18b_LOW_MIN,"Average (median) time patients spent in the emergency department before leaving from the visit, excluding patients transferred to another facility or psychiatric care/mental health patients. A lower number of minutes is better (Low)",135,"25, 26",07/01/2024,06/30/2025
NH,Emergency Department,OP_18b_MEDIUM_MIN,"Average (median) time patients spent in the emergency department before leaving from the visit, excluding patients transferred to another facility or psychiatric care/mental health patients. A lower number of minutes is better (Moderate)",198,"25, 26",07/01/2024,06/30/2025
NH,Emergency Department,OP_18b_VERY_HIGH_MIN,"Average (median) time patients spent in the emergency department before leaving from the visit, excluding patients transferred to another facility or psychiatric care/mental health patients. A lower number of minutes is better (Very High)",Not Available,"25, 26",07/01/2024,06/30/2025
NH,Emergency Department,OP_18c,Average (median) time psychiatric/mental health patients spent in the emergency department before leaving from the visit. A lower number of minutes is better,232,25,07/01/2024,06/30/2025
NH,Emergency Department,OP_18c_HIGH_MIN,Average (median) time psychiatric/mental health patients spent in the emergency department before leaving from the visit. A lower number of minutes is better (High),271,25,07/01/2024,06/30/2025
NH,Emergency Department,OP_18c_LOW_MIN,Average (median) time psychiatric/mental health patients spent in the emergency department before leaving from the visit. A lower number of minutes is better (Low),250,25,07/01/2024,06/30/2025
NH,Emergency Department,OP_18c_MEDIUM_MIN,Average (median) time psychiatric/mental health patients spent in the emergency department before leaving from the visit. A lower number of minutes is better (Moderate),321,25,07/01/2024,06/30/2025
NH,Emergency Department,OP_18c_VERY_HIGH_MIN,Average (median) time psychiatric/mental health patients spent in the emergency department before leaving from the visit. A lower number of minutes is better (Very High),Not Available,25,07/01/2024,06/30/2025
NH,Emergency Department,OP_18d,Average (median) time patients spent in the emergency department before being transferred to another facility. A lower number of minutes is better,307,,07/01/2024,06/30/2025
NH,Emergency Department,OP_18d_HIGH_MIN,Average (median) time patients spent in the emergency department before being transferred to another facility. A lower number of minutes is better (High),392,,07/01/2024,06/30/2025
NH,Emergency Department,OP_18d_LOW_MIN,Average (median) time patients spent in the emergency department before being transferred to another facility. A lower number of minutes is better (Low),322,,07/01/2024,06/30/2025
NH,Emergency Department,OP_18d_MEDIUM_MIN,Average (median) time patients spent in the emergency department before being transferred to another facility. A lower number of minutes is better (Moderate),314,,07/01/2024,06/30/2025
NH,Emergency Department,OP_18d_VERY_HIGH_MIN,Average (median) time patients spent in the emergency department before being transferred to another facility. A lower number of minutes is better (Very High),Not Available,5,07/01/2024,06/30/2025
NH,Emergency Department,OP_22,Percentage of patients who left the emergency department before being seen Lower percentages are better,3,"25, 26",01/01/2024,12/31/2024
NH,Emergency Department,OP_23,Percentage of patients who came to the emergency department with stroke symptoms who received brain scan results within 45 minutes of arrival Higher percentages are better,57,25,07/01/2024,06/30/2025
NH,Colonoscopy care,OP_29,Percentage of patients receiving appropriate recommendation for follow-up screening colonoscopy Higher percentages are better,97,"25, 26",01/01/2024,12/31/2024
NH,Cataract surgery outcome,OP_31,Percentage of patients who had cataract surgery and had improvement in visual function within 90 days following the surgery Higher percentages are better,Not Available,5,01/01/2024,12/31/2024
NH,Electronic Clinical Quality Measure,SAFE_USE_OF_OPIOIDS,Safe Use of Opioids - Concurrent Prescribing,20,,01/01/2024,12/31/2024
NH,Sepsis Care,SEP_1,Percentage of patients who received appropriate care for severe sepsis and septic shock. Higher percentages are better,59,"25, 26",07/01/2024,06/30/2025
NH,Sepsis Care,SEP_SH_3HR,Septic Shock 3-Hour Bundle,64,"25, 26",07/01/2024,06/30/2025
NH,Sepsis Care,SEP_SH_6HR,Septic Shock 6-Hour Bundle,78,"25, 26",07/01/2024,06/30/2025
NH,Sepsis Care,SEV_SEP_3HR,Severe Sepsis 3-Hour Bundle,78,"25, 26",07/01/2024,06/30/2025
NH,Sepsis Care,SEV_SEP_6HR,Severe Sepsis 6-Hour Bundle,93,"25, 26",07/01/2024,06/30/2025
NJ,Healthcare Personnel Vaccination,IMM_3,Healthcare workers given influenza vaccination Higher percentages are better,94,,10/01/2024,03/31/2025
NJ,Emergency Department,OP_18a,"Average (median) time all patients spent in the emergency department before leaving from the visit, including psychiatric/mental health patients and patients who were transferred to another facility. A lower number of minutes is better",190,,07/01/2024,06/30/2025
NJ,Emergency Department,OP_18a_HIGH_MIN,"Average (median) time all patients spent in the emergency department before leaving from the visit, including psychiatric/mental health patients and patients who were transferred to another facility. A lower number of minutes is better (High)",195,,07/01/2024,06/30/2025
NJ,Emergency Department,OP_18a_LOW_MIN,"Average (median) time all patients spent in the emergency department before leaving from the visit, including psychiatric/mental health patients and patients who were transferred to another facility. A lower number of minutes is better (Low)",171,,07/01/2024,06/30/2025
NJ,Emergency Department,OP_18a_MEDIUM_MIN,"Average (median) time all patients spent in the emergency department before leaving from the visit, including psychiatric/mental health patients and patients who were transferred to another facility. A lower number of minutes is better (Moderate)",181,,07/01/2024,06/30/2025
NJ,Emergency Department,OP_18a_VERY_HIGH_MIN,"Average (median) time all patients spent in the emergency department before leaving from the visit, including psychiatric/mental health patients and patients who were transferred to another facility. A lower number of minutes is better (Very High)",197,,07/01/2024,06/30/2025
NJ,Emergency Department,OP_18b,"Average (median) time patients spent in the emergency department before leaving from the visit, excluding patients transferred to another facility or psychiatric care/mental health patients. A lower number of minutes is better",186,"25, 26",07/01/2024,06/30/2025
NJ,Emergency Department,OP_18b_HIGH_MIN,"Average (median) time patients spent in the emergency department before leaving from the visit, excluding patients transferred to another facility or psychiatric care/mental health patients. A lower number of minutes is better (High)",191,"25, 26",07/01/2024,06/30/2025
NJ,Emergency Department,OP_18b_LOW_MIN,"Average (median) time patients spent in the emergency department before leaving from the visit, excluding patients transferred to another facility or psychiatric care/mental health patients. A lower number of minutes is better (Low)",168,"25, 26",07/01/2024,06/30/2025
NJ,Emergency Department,OP_18b_MEDIUM_MIN,"Average (median) time patients spent in the emergency department before leaving from the visit, excluding patients transferred to another facility or psychiatric care/mental health patients. A lower number of minutes is better (Moderate)",175,"25, 26",07/01/2024,06/30/2025
NJ,Emergency Department,OP_18b_VERY_HIGH_MIN,"Average (median) time patients spent in the emergency department before leaving from the visit, excluding patients transferred to another facility or psychiatric care/mental health patients. A lower number of minutes is better (Very High)",192,"25, 26",07/01/2024,06/30/2025
NJ,Emergency Department,OP_18c,Average (median) time psychiatric/mental health patients spent in the emergency department before leaving from the visit. A lower number of minutes is better,277,25,07/01/2024,06/30/2025
NJ,Emergency Department,OP_18c_HIGH_MIN,Average (median) time psychiatric/mental health patients spent in the emergency department before leaving from the visit. A lower number of minutes is better (High),326,25,07/01/2024,06/30/2025
NJ,Emergency Department,OP_18c_LOW_MIN,Average (median) time psychiatric/mental health patients spent in the emergency department before leaving from the visit. A lower number of minutes is better (Low),185,25,07/01/2024,06/30/2025
NJ,Emergency Department,OP_18c_MEDIUM_MIN,Average (median) time psychiatric/mental health patients spent in the emergency department before leaving from the visit. A lower number of minutes is better (Moderate),288,25,07/01/2024,06/30/2025
NJ,Emergency Department,OP_18c_VERY_HIGH_MIN,Average (median) time psychiatric/mental health patients spent in the emergency department before leaving from the visit. A lower number of minutes is better (Very High),275,25,07/01/2024,06/30/2025
NJ,Emergency Department,OP_18d,Average (median) time patients spent in the emergency department before being transferred to another facility. A lower number of minutes is better,340,,07/01/2024,06/30/2025
NJ,Emergency Department,OP_18d_HIGH_MIN,Average (median) time patients spent in the emergency department before being transferred to another facility. A lower number of minutes is better (High),309,,07/01/2024,06/30/2025
NJ,Emergency Department,OP_18d_LOW_MIN,Average (median) time patients spent in the emergency department before being transferred to another facility. A lower number of minutes is better (Low),296,,07/01/2024,06/30/2025
NJ,Emergency Department,OP_18d_MEDIUM_MIN,Average (median) time patients spent in the emergency department before being transferred to another facility. A lower number of minutes is better (Moderate),316,,07/01/2024,06/30/2025
NJ,Emergency Department,OP_18d_VERY_HIGH_MIN,Average (median) time patients spent in the emergency department before being transferred to another facility. A lower number of minutes is better (Very High),393,,07/01/2024,06/30/2025
NJ,Emergency Department,OP_22,Percentage of patients who left the emergency department before being seen Lower percentages are better,2,"25, 26",01/01/2024,12/31/2024
NJ,Emergency Department,OP_23,Percentage of patients who came to the emergency department with stroke symptoms who received brain scan results within 45 minutes of arrival Higher percentages are better,72,25,07/01/2024,06/30/2025
NJ,Colonoscopy care,OP_29,Percentage of patients receiving appropriate recommendation for follow-up screening colonoscopy Higher percentages are better,91,"25, 26",01/01/2024,12/31/2024
NJ,Cataract surgery outcome,OP_31,Percentage of patients who had cataract surgery and had improvement in visual function within 90 days following the surgery Higher percentages are better,Not Available,5,01/01/2024,12/31/2024
NJ,Electronic Clinical Quality Measure,SAFE_USE_OF_OPIOIDS,Safe Use of Opioids - Concurrent Prescribing,17,,01/01/2024,12/31/2024
NJ,Sepsis Care,SEP_1,Percentage of patients who received appropriate care for severe sepsis and septic shock. Higher percentages are better,72,"25, 26",07/01/2024,06/30/2025
NJ,Sepsis Care,SEP_SH_3HR,Septic Shock 3-Hour Bundle,81,"25, 26",07/01/2024,06/30/2025
NJ,Sepsis Care,SEP_SH_6HR,Septic Shock 6-Hour Bundle,91,"25, 26",07/01/2024,06/30/2025
NJ,Sepsis Care,SEV_SEP_3HR,Severe Sepsis 3-Hour Bundle,85,"25, 26",07/01/2024,06/30/2025
NJ,Sepsis Care,SEV_SEP_6HR,Severe Sepsis 6-Hour Bundle,94,"25, 26",07/01/2024,06/30/2025
NM,Healthcare Personnel Vaccination,IMM_3,Healthcare workers given influenza vaccination Higher percentages are better,68,,10/01/2024,03/31/2025
NM,Emergency Department,OP_18a,"Average (median) time all patients spent in the emergency department before leaving from the visit, including psychiatric/mental health patients and patients who were transferred to another facility. A lower number of minutes is better",169,,07/01/2024,06/30/2025
NM,Emergency Department,OP_18a_HIGH_MIN,"Average (median) time all patients spent in the emergency department before leaving from the visit, including psychiatric/mental health patients and patients who were transferred to another facility. A lower number of minutes is better (High)",178,,07/01/2024,06/30/2025
NM,Emergency Department,OP_18a_LOW_MIN,"Average (median) time all patients spent in the emergency department before leaving from the visit, including psychiatric/mental health patients and patients who were transferred to another facility. A lower number of minutes is better (Low)",142,,07/01/2024,06/30/2025
NM,Emergency Department,OP_18a_MEDIUM_MIN,"Average (median) time all patients spent in the emergency department before leaving from the visit, including psychiatric/mental health patients and patients who were transferred to another facility. A lower number of minutes is better (Moderate)",197,,07/01/2024,06/30/2025
NM,Emergency Department,OP_18a_VERY_HIGH_MIN,"Average (median) time all patients spent in the emergency department before leaving from the visit, including psychiatric/mental health patients and patients who were transferred to another facility. A lower number of minutes is better (Very High)",249,,07/01/2024,06/30/2025
NM,Emergency Department,OP_18b,"Average (median) time patients spent in the emergency department before leaving from the visit, excluding patients transferred to another facility or psychiatric care/mental health patients. A lower number of minutes is better",162,"25, 26",07/01/2024,06/30/2025
NM,Emergency Department,OP_18b_HIGH_MIN,"Average (median) time patients spent in the emergency department before leaving from the visit, excluding patients transferred to another facility or psychiatric care/mental health patients. A lower number of minutes is better (High)",171,"25, 26",07/01/2024,06/30/2025
NM,Emergency Department,OP_18b_LOW_MIN,"Average (median) time patients spent in the emergency department before leaving from the visit, excluding patients transferred to another facility or psychiatric care/mental health patients. A lower number of minutes is better (Low)",135,"25, 26",07/01/2024,06/30/2025
NM,Emergency Department,OP_18b_MEDIUM_MIN,"Average (median) time patients spent in the emergency department before leaving from the visit, excluding patients transferred to another facility or psychiatric care/mental health patients. A lower number of minutes is better (Moderate)",191,"25, 26",07/01/2024,06/30/2025
NM,Emergency Department,OP_18b_VERY_HIGH_MIN,"Average (median) time patients spent in the emergency department before leaving from the visit, excluding patients transferred to another facility or psychiatric care/mental health patients. A lower number of minutes is better (Very High)",240,"25, 26",07/01/2024,06/30/2025
NM,Emergency Department,OP_18c,Average (median) time psychiatric/mental health patients spent in the emergency department before leaving from the visit. A lower number of minutes is better,272,25,07/01/2024,06/30/2025
NM,Emergency Department,OP_18c_HIGH_MIN,Average (median) time psychiatric/mental health patients spent in the emergency department before leaving from the visit. A lower number of minutes is better (High),292,25,07/01/2024,06/30/2025
NM,Emergency Department,OP_18c_LOW_MIN,Average (median) time psychiatric/mental health patients spent in the emergency department before leaving from the visit. A lower number of minutes is better (Low),193,25,07/01/2024,06/30/2025
NM,Emergency Department,OP_18c_MEDIUM_MIN,Average (median) time psychiatric/mental health patients spent in the emergency department before leaving from the visit. A lower number of minutes is better (Moderate),309,25,07/01/2024,06/30/2025
NM,Emergency Department,OP_18c_VERY_HIGH_MIN,Average (median) time psychiatric/mental health patients spent in the emergency department before leaving from the visit. A lower number of minutes is better (Very High),343,25,07/01/2024,06/30/2025
NM,Emergency Department,OP_18d,Average (median) time patients spent in the emergency department before being transferred to another facility. A lower number of minutes is better,412,,07/01/2024,06/30/2025
NM,Emergency Department,OP_18d_HIGH_MIN,Average (median) time patients spent in the emergency department before being transferred to another facility. A lower number of minutes is better (High),350,,07/01/2024,06/30/2025
NM,Emergency Department,OP_18d_LOW_MIN,Average (median) time patients spent in the emergency department before being transferred to another facility. A lower number of minutes is better (Low),401,,07/01/2024,06/30/2025
NM,Emergency Department,OP_18d_MEDIUM_MIN,Average (median) time patients spent in the emergency department before being transferred to another facility. A lower number of minutes is better (Moderate),457,,07/01/2024,06/30/2025
NM,Emergency Department,OP_18d_VERY_HIGH_MIN,Average (median) time patients spent in the emergency department before being transferred to another facility. A lower number of minutes is better (Very High),400,,07/01/2024,06/30/2025
NM,Emergency Department,OP_22,Percentage of patients who left the emergency department before being seen Lower percentages are better,3,"25, 26",01/01/2024,12/31/2024
NM,Emergency Department,OP_23,Percentage of patients who came to the emergency department with stroke symptoms who received brain scan results within 45 minutes of arrival Higher percentages are better,45,25,07/01/2024,06/30/2025
NM,Colonoscopy care,OP_29,Percentage of patients receiving appropriate recommendation for follow-up screening colonoscopy Higher percentages are better,87,"25, 26",01/01/2024,12/31/2024
NM,Cataract surgery outcome,OP_31,Percentage of patients who had cataract surgery and had improvement in visual function within 90 days following the surgery Higher percentages are better,Not Available,5,01/01/2024,12/31/2024
NM,Electronic Clinical Quality Measure,SAFE_USE_OF_OPIOIDS,Safe Use of Opioids - Concurrent Prescribing,13,,01/01/2024,12/31/2024
NM,Sepsis Care,SEP_1,Percentage of patients who received appropriate care for severe sepsis and septic shock. Higher percentages are better,56,"25, 26",07/01/2024,06/30/2025
NM,Sepsis Care,SEP_SH_3HR,Septic Shock 3-Hour Bundle,69,"25, 26",07/01/2024,06/30/2025
NM,Sepsis Care,SEP_SH_6HR,Septic Shock 6-Hour Bundle,82,"25, 26",07/01/2024,06/30/2025
NM,Sepsis Care,SEV_SEP_3HR,Severe Sepsis 3-Hour Bundle,76,"25, 26",07/01/2024,06/30/2025
NM,Sepsis Care,SEV_SEP_6HR,Severe Sepsis 6-Hour Bundle,87,"25, 26",07/01/2024,06/30/2025
NV,Healthcare Personnel Vaccination,IMM_3,Healthcare workers given influenza vaccination Higher percentages are better,71,,10/01/2024,03/31/2025
NV,Emergency Department,OP_18a,"Average (median) time all patients spent in the emergency department before leaving from the visit, including psychiatric/mental health patients and patients who were transferred to another facility. A lower number of minutes is better",153,,07/01/2024,06/30/2025
NV,Emergency Department,OP_18a_HIGH_MIN,"Average (median) time all patients spent in the emergency department before leaving from the visit, including psychiatric/mental health patients and patients who were transferred to another facility. A lower number of minutes is better (High)",150,,07/01/2024,06/30/2025
NV,Emergency Department,OP_18a_LOW_MIN,"Average (median) time all patients spent in the emergency department before leaving from the visit, including psychiatric/mental health patients and patients who were transferred to another facility. A lower number of minutes is better (Low)",134,,07/01/2024,06/30/2025
NV,Emergency Department,OP_18a_MEDIUM_MIN,"Average (median) time all patients spent in the emergency department before leaving from the visit, including psychiatric/mental health patients and patients who were transferred to another facility. A lower number of minutes is better (Moderate)",160,,07/01/2024,06/30/2025
NV,Emergency Department,OP_18a_VERY_HIGH_MIN,"Average (median) time all patients spent in the emergency department before leaving from the visit, including psychiatric/mental health patients and patients who were transferred to another facility. A lower number of minutes is better (Very High)",168,,07/01/2024,06/30/2025
NV,Emergency Department,OP_18b,"Average (median) time patients spent in the emergency department before leaving from the visit, excluding patients transferred to another facility or psychiatric care/mental health patients. A lower number of minutes is better",144,"25, 26",07/01/2024,06/30/2025
NV,Emergency Department,OP_18b_HIGH_MIN,"Average (median) time patients spent in the emergency department before leaving from the visit, excluding patients transferred to another facility or psychiatric care/mental health patients. A lower number of minutes is better (High)",147,"25, 26",07/01/2024,06/30/2025
NV,Emergency Department,OP_18b_LOW_MIN,"Average (median) time patients spent in the emergency department before leaving from the visit, excluding patients transferred to another facility or psychiatric care/mental health patients. A lower number of minutes is better (Low)",123,"25, 26",07/01/2024,06/30/2025
NV,Emergency Department,OP_18b_MEDIUM_MIN,"Average (median) time patients spent in the emergency department before leaving from the visit, excluding patients transferred to another facility or psychiatric care/mental health patients. A lower number of minutes is better (Moderate)",145,"25, 26",07/01/2024,06/30/2025
NV,Emergency Department,OP_18b_VERY_HIGH_MIN,"Average (median) time patients spent in the emergency department before leaving from the visit, excluding patients transferred to another facility or psychiatric care/mental health patients. A lower number of minutes is better (Very High)",163,"25, 26",07/01/2024,06/30/2025
NV,Emergency Department,OP_18c,Average (median) time psychiatric/mental health patients spent in the emergency department before leaving from the visit. A lower number of minutes is better,252,25,07/01/2024,06/30/2025
NV,Emergency Department,OP_18c_HIGH_MIN,Average (median) time psychiatric/mental health patients spent in the emergency department before leaving from the visit. A lower number of minutes is better (High),239,25,07/01/2024,06/30/2025
NV,Emergency Department,OP_18c_LOW_MIN,Average (median) time psychiatric/mental health patients spent in the emergency department before leaving from the visit. A lower number of minutes is better (Low),228,25,07/01/2024,06/30/2025
NV,Emergency Department,OP_18c_MEDIUM_MIN,Average (median) time psychiatric/mental health patients spent in the emergency department before leaving from the visit. A lower number of minutes is better (Moderate),237,25,07/01/2024,06/30/2025
NV,Emergency Department,OP_18c_VERY_HIGH_MIN,Average (median) time psychiatric/mental health patients spent in the emergency department before leaving from the visit. A lower number of minutes is better (Very High),276,25,07/01/2024,06/30/2025
NV,Emergency Department,OP_18d,Average (median) time patients spent in the emergency department before being transferred to another facility. A lower number of minutes is better,251,,07/01/2024,06/30/2025
NV,Emergency Department,OP_18d_HIGH_MIN,Average (median) time patients spent in the emergency department before being transferred to another facility. A lower number of minutes is better (High),252,,07/01/2024,06/30/2025
NV,Emergency Department,OP_18d_LOW_MIN,Average (median) time patients spent in the emergency department before being transferred to another facility. A lower number of minutes is better (Low),246,,07/01/2024,06/30/2025
NV,Emergency Department,OP_18d_MEDIUM_MIN,Average (median) time patients spent in the emergency department before being transferred to another facility. A lower number of minutes is better (Moderate),267,,07/01/2024,06/30/2025
NV,Emergency Department,OP_18d_VERY_HIGH_MIN,Average (median) time patients spent in the emergency department before being transferred to another facility. A lower number of minutes is better (Very High),265,,07/01/2024,06/30/2025
NV,Emergency Department,OP_22,Percentage of patients who left the emergency department before being seen Lower percentages are better,1,"25, 26",01/01/2024,12/31/2024
NV,Emergency Department,OP_23,Percentage of patients who came to the emergency department with stroke symptoms who received brain scan results within 45 minutes of arrival Higher percentages are better,52,25,07/01/2024,06/30/2025
NV,Colonoscopy care,OP_29,Percentage of patients receiving appropriate recommendation for follow-up screening colonoscopy Higher percentages are better,74,"25, 26",01/01/2024,12/31/2024
NV,Cataract surgery outcome,OP_31,Percentage of patients who had cataract surgery and had improvement in visual function within 90 days following the surgery Higher percentages are better,Not Available,5,01/01/2024,12/31/2024
NV,Electronic Clinical Quality Measure,SAFE_USE_OF_OPIOIDS,Safe Use of Opioids - Concurrent Prescribing,14,,01/01/2024,12/31/2024
NV,Sepsis Care,SEP_1,Percentage of patients who received appropriate care for severe sepsis and septic shock. Higher percentages are better,70,"25, 26",07/01/2024,06/30/2025
NV,Sepsis Care,SEP_SH_3HR,Septic Shock 3-Hour Bundle,73,"25, 26",07/01/2024,06/30/2025
NV,Sepsis Care,SEP_SH_6HR,Septic Shock 6-Hour Bundle,91,"25, 26",07/01/2024,06/30/2025
NV,Sepsis Care,SEV_SEP_3HR,Severe Sepsis 3-Hour Bundle,83,"25, 26",07/01/2024,06/30/2025
NV,Sepsis Care,SEV_SEP_6HR,Severe Sepsis 6-Hour Bundle,94,"25, 26",07/01/2024,06/30/2025
NY,Healthcare Personnel Vaccination,IMM_3,Healthcare workers given influenza vaccination Higher percentages are better,72,,10/01/2024,03/31/2025
NY,Emergency Department,OP_18a,"Average (median) time all patients spent in the emergency department before leaving from the visit, including psychiatric/mental health patients and patients who were transferred to another facility. A lower number of minutes is better",199,,07/01/2024,06/30/2025
NY,Emergency Department,OP_18a_HIGH_MIN,"Average (median) time all patients spent in the emergency department before leaving from the visit, including psychiatric/mental health patients and patients who were transferred to another facility. A lower number of minutes is better (High)",285,,07/01/2024,06/30/2025
NY,Emergency Department,OP_18a_LOW_MIN,"Average (median) time all patients spent in the emergency department before leaving from the visit, including psychiatric/mental health patients and patients who were transferred to another facility. A lower number of minutes is better (Low)",135,,07/01/2024,06/30/2025
NY,Emergency Department,OP_18a_MEDIUM_MIN,"Average (median) time all patients spent in the emergency department before leaving from the visit, including psychiatric/mental health patients and patients who were transferred to another facility. A lower number of minutes is better (Moderate)",176,,07/01/2024,06/30/2025
NY,Emergency Department,OP_18a_VERY_HIGH_MIN,"Average (median) time all patients spent in the emergency department before leaving from the visit, including psychiatric/mental health patients and patients who were transferred to another facility. A lower number of minutes is better (Very High)",240,,07/01/2024,06/30/2025
NY,Emergency Department,OP_18b,"Average (median) time patients spent in the emergency department before leaving from the visit, excluding patients transferred to another facility or psychiatric care/mental health patients. A lower number of minutes is better",194,"25, 26",07/01/2024,06/30/2025
NY,Emergency Department,OP_18b_HIGH_MIN,"Average (median) time patients spent in the emergency department before leaving from the visit, excluding patients transferred to another facility or psychiatric care/mental health patients. A lower number of minutes is better (High)",283,"25, 26",07/01/2024,06/30/2025
NY,Emergency Department,OP_18b_LOW_MIN,"Average (median) time patients spent in the emergency department before leaving from the visit, excluding patients transferred to another facility or psychiatric care/mental health patients. A lower number of minutes is better (Low)",126,"25, 26",07/01/2024,06/30/2025
NY,Emergency Department,OP_18b_MEDIUM_MIN,"Average (median) time patients spent in the emergency department before leaving from the visit, excluding patients transferred to another facility or psychiatric care/mental health patients. A lower number of minutes is better (Moderate)",172,"25, 26",07/01/2024,06/30/2025
NY,Emergency Department,OP_18b_VERY_HIGH_MIN,"Average (median) time patients spent in the emergency department before leaving from the visit, excluding patients transferred to another facility or psychiatric care/mental health patients. A lower number of minutes is better (Very High)",234,"25, 26",07/01/2024,06/30/2025
NY,Emergency Department,OP_18c,Average (median) time psychiatric/mental health patients spent in the emergency department before leaving from the visit. A lower number of minutes is better,302,25,07/01/2024,06/30/2025
NY,Emergency Department,OP_18c_HIGH_MIN,Average (median) time psychiatric/mental health patients spent in the emergency department before leaving from the visit. A lower number of minutes is better (High),338,25,07/01/2024,06/30/2025
NY,Emergency Department,OP_18c_LOW_MIN,Average (median) time psychiatric/mental health patients spent in the emergency department before leaving from the visit. A lower number of minutes is better (Low),210,25,07/01/2024,06/30/2025
NY,Emergency Department,OP_18c_MEDIUM_MIN,Average (median) time psychiatric/mental health patients spent in the emergency department before leaving from the visit. A lower number of minutes is better (Moderate),257,25,07/01/2024,06/30/2025
NY,Emergency Department,OP_18c_VERY_HIGH_MIN,Average (median) time psychiatric/mental health patients spent in the emergency department before leaving from the visit. A lower number of minutes is better (Very High),361,25,07/01/2024,06/30/2025
NY,Emergency Department,OP_18d,Average (median) time patients spent in the emergency department before being transferred to another facility. A lower number of minutes is better,329,,07/01/2024,06/30/2025
NY,Emergency Department,OP_18d_HIGH_MIN,Average (median) time patients spent in the emergency department before being transferred to another facility. A lower number of minutes is better (High),368,,07/01/2024,06/30/2025
NY,Emergency Department,OP_18d_LOW_MIN,Average (median) time patients spent in the emergency department before being transferred to another facility. A lower number of minutes is better (Low),330,,07/01/2024,06/30/2025
NY,Emergency Department,OP_18d_MEDIUM_MIN,Average (median) time patients spent in the emergency department before being transferred to another facility. A lower number of minutes is better (Moderate),317,,07/01/2024,06/30/2025
NY,Emergency Department,OP_18d_VERY_HIGH_MIN,Average (median) time patients spent in the emergency department before being transferred to another facility. A lower number of minutes is better (Very High),402,,07/01/2024,06/30/2025
NY,Emergency Department,OP_22,Percentage of patients who left the emergency department before being seen Lower percentages are better,2,"25, 26",01/01/2024,12/31/2024
NY,Emergency Department,OP_23,Percentage of patients who came to the emergency department with stroke symptoms who received brain scan results within 45 minutes of arrival Higher percentages are better,67,25,07/01/2024,06/30/2025
NY,Colonoscopy care,OP_29,Percentage of patients receiving appropriate recommendation for follow-up screening colonoscopy Higher percentages are better,92,"25, 26",01/01/2024,12/31/2024
NY,Cataract surgery outcome,OP_31,Percentage of patients who had cataract surgery and had improvement in visual function within 90 days following the surgery Higher percentages are better,100,,01/01/2024,12/31/2024
NY,Electronic Clinical Quality Measure,SAFE_USE_OF_OPIOIDS,Safe Use of Opioids - Concurrent Prescribing,14,,01/01/2024,12/31/2024
NY,Sepsis Care,SEP_1,Percentage of patients who received appropriate care for severe sepsis and septic shock. Higher percentages are better,59,"25, 26",07/01/2024,06/30/2025
NY,Sepsis Care,SEP_SH_3HR,Septic Shock 3-Hour Bundle,74,"25, 26",07/01/2024,06/30/2025
NY,Sepsis Care,SEP_SH_6HR,Septic Shock 6-Hour Bundle,85,"25, 26",07/01/2024,06/30/2025
NY,Sepsis Care,SEV_SEP_3HR,Severe Sepsis 3-Hour Bundle,77,"25, 26",07/01/2024,06/30/2025
NY,Sepsis Care,SEV_SEP_6HR,Severe Sepsis 6-Hour Bundle,87,"25, 26",07/01/2024,06/30/2025
OH,Healthcare Personnel Vaccination,IMM_3,Healthcare workers given influenza vaccination Higher percentages are better,82,,10/01/2024,03/31/2025
OH,Emergency Department,OP_18a,"Average (median) time all patients spent in the emergency department before leaving from the visit, including psychiatric/mental health patients and patients who were transferred to another facility. A lower number of minutes is better",163,,07/01/2024,06/30/2025
OH,Emergency Department,OP_18a_HIGH_MIN,"Average (median) time all patients spent in the emergency department before leaving from the visit, including psychiatric/mental health patients and patients who were transferred to another facility. A lower number of minutes is better (High)",184,,07/01/2024,06/30/2025
OH,Emergency Department,OP_18a_LOW_MIN,"Average (median) time all patients spent in the emergency department before leaving from the visit, including psychiatric/mental health patients and patients who were transferred to another facility. A lower number of minutes is better (Low)",137,,07/01/2024,06/30/2025
OH,Emergency Department,OP_18a_MEDIUM_MIN,"Average (median) time all patients spent in the emergency department before leaving from the visit, including psychiatric/mental health patients and patients who were transferred to another facility. A lower number of minutes is better (Moderate)",169,,07/01/2024,06/30/2025
OH,Emergency Department,OP_18a_VERY_HIGH_MIN,"Average (median) time all patients spent in the emergency department before leaving from the visit, including psychiatric/mental health patients and patients who were transferred to another facility. A lower number of minutes is better (Very High)",178,,07/01/2024,06/30/2025
OH,Emergency Department,OP_18b,"Average (median) time patients spent in the emergency department before leaving from the visit, excluding patients transferred to another facility or psychiatric care/mental health patients. A lower number of minutes is better",157,"25, 26",07/01/2024,06/30/2025
OH,Emergency Department,OP_18b_HIGH_MIN,"Average (median) time patients spent in the emergency department before leaving from the visit, excluding patients transferred to another facility or psychiatric care/mental health patients. A lower number of minutes is better (High)",177,"25, 26",07/01/2024,06/30/2025
OH,Emergency Department,OP_18b_LOW_MIN,"Average (median) time patients spent in the emergency department before leaving from the visit, excluding patients transferred to another facility or psychiatric care/mental health patients. A lower number of minutes is better (Low)",128,"25, 26",07/01/2024,06/30/2025
OH,Emergency Department,OP_18b_MEDIUM_MIN,"Average (median) time patients spent in the emergency department before leaving from the visit, excluding patients transferred to another facility or psychiatric care/mental health patients. A lower number of minutes is better (Moderate)",165,"25, 26",07/01/2024,06/30/2025
OH,Emergency Department,OP_18b_VERY_HIGH_MIN,"Average (median) time patients spent in the emergency department before leaving from the visit, excluding patients transferred to another facility or psychiatric care/mental health patients. A lower number of minutes is better (Very High)",174,"25, 26",07/01/2024,06/30/2025
OH,Emergency Department,OP_18c,Average (median) time psychiatric/mental health patients spent in the emergency department before leaving from the visit. A lower number of minutes is better,246,25,07/01/2024,06/30/2025
OH,Emergency Department,OP_18c_HIGH_MIN,Average (median) time psychiatric/mental health patients spent in the emergency department before leaving from the visit. A lower number of minutes is better (High),304,25,07/01/2024,06/30/2025
OH,Emergency Department,OP_18c_LOW_MIN,Average (median) time psychiatric/mental health patients spent in the emergency department before leaving from the visit. A lower number of minutes is better (Low),216,25,07/01/2024,06/30/2025
OH,Emergency Department,OP_18c_MEDIUM_MIN,Average (median) time psychiatric/mental health patients spent in the emergency department before leaving from the visit. A lower number of minutes is better (Moderate),230,25,07/01/2024,06/30/2025
OH,Emergency Department,OP_18c_VERY_HIGH_MIN,Average (median) time psychiatric/mental health patients spent in the emergency department before leaving from the visit. A lower number of minutes is better (Very High),272,25,07/01/2024,06/30/2025
OH,Emergency Department,OP_18d,Average (median) time patients spent in the emergency department before being transferred to another facility. A lower number of minutes is better,340,,07/01/2024,06/30/2025
OH,Emergency Department,OP_18d_HIGH_MIN,Average (median) time patients spent in the emergency department before being transferred to another facility. A lower number of minutes is better (High),349,,07/01/2024,06/30/2025
OH,Emergency Department,OP_18d_LOW_MIN,Average (median) time patients spent in the emergency department before being transferred to another facility. A lower number of minutes is better (Low),343,,07/01/2024,06/30/2025
OH,Emergency Department,OP_18d_MEDIUM_MIN,Average (median) time patients spent in the emergency department before being transferred to another facility. A lower number of minutes is better (Moderate),340,,07/01/2024,06/30/2025
OH,Emergency Department,OP_18d_VERY_HIGH_MIN,Average (median) time patients spent in the emergency department before being transferred to another facility. A lower number of minutes is better (Very High),301,,07/01/2024,06/30/2025
OH,Emergency Department,OP_22,Percentage of patients who left the emergency department before being seen Lower percentages are better,2,"25, 26",01/01/2024,12/31/2024
OH,Emergency Department,OP_23,Percentage of patients who came to the emergency department with stroke symptoms who received brain scan results within 45 minutes of arrival Higher percentages are better,71,25,07/01/2024,06/30/2025
OH,Colonoscopy care,OP_29,Percentage of patients receiving appropriate recommendation for follow-up screening colonoscopy Higher percentages are better,96,"25, 26",01/01/2024,12/31/2024
OH,Cataract surgery outcome,OP_31,Percentage of patients who had cataract surgery and had improvement in visual function within 90 days following the surgery Higher percentages are better,Not Available,5,01/01/2024,12/31/2024
OH,Electronic Clinical Quality Measure,SAFE_USE_OF_OPIOIDS,Safe Use of Opioids - Concurrent Prescribing,13,,01/01/2024,12/31/2024
OH,Sepsis Care,SEP_1,Percentage of patients who received appropriate care for severe sepsis and septic shock. Higher percentages are better,62,"25, 26",07/01/2024,06/30/2025
OH,Sepsis Care,SEP_SH_3HR,Septic Shock 3-Hour Bundle,73,"25, 26",07/01/2024,06/30/2025
OH,Sepsis Care,SEP_SH_6HR,Septic Shock 6-Hour Bundle,85,"25, 26",07/01/2024,06/30/2025
OH,Sepsis Care,SEV_SEP_3HR,Severe Sepsis 3-Hour Bundle,79,"25, 26",07/01/2024,06/30/2025
OH,Sepsis Care,SEV_SEP_6HR,Severe Sepsis 6-Hour Bundle,93,"25, 26",07/01/2024,06/30/2025
OK,Healthcare Personnel Vaccination,IMM_3,Healthcare workers given influenza vaccination Higher percentages are better,85,,10/01/2024,03/31/2025
OK,Emergency Department,OP_18a,"Average (median) time all patients spent in the emergency department before leaving from the visit, including psychiatric/mental health patients and patients who were transferred to another facility. A lower number of minutes is better",124,,07/01/2024,06/30/2025
OK,Emergency Department,OP_18a_HIGH_MIN,"Average (median) time all patients spent in the emergency department before leaving from the visit, including psychiatric/mental health patients and patients who were transferred to another facility. A lower number of minutes is better (High)",147,,07/01/2024,06/30/2025
OK,Emergency Department,OP_18a_LOW_MIN,"Average (median) time all patients spent in the emergency department before leaving from the visit, including psychiatric/mental health patients and patients who were transferred to another facility. A lower number of minutes is better (Low)",115,,07/01/2024,06/30/2025
OK,Emergency Department,OP_18a_MEDIUM_MIN,"Average (median) time all patients spent in the emergency department before leaving from the visit, including psychiatric/mental health patients and patients who were transferred to another facility. A lower number of minutes is better (Moderate)",154,,07/01/2024,06/30/2025
OK,Emergency Department,OP_18a_VERY_HIGH_MIN,"Average (median) time all patients spent in the emergency department before leaving from the visit, including psychiatric/mental health patients and patients who were transferred to another facility. A lower number of minutes is better (Very High)",138,,07/01/2024,06/30/2025
OK,Emergency Department,OP_18b,"Average (median) time patients spent in the emergency department before leaving from the visit, excluding patients transferred to another facility or psychiatric care/mental health patients. A lower number of minutes is better",118,"25, 26",07/01/2024,06/30/2025
OK,Emergency Department,OP_18b_HIGH_MIN,"Average (median) time patients spent in the emergency department before leaving from the visit, excluding patients transferred to another facility or psychiatric care/mental health patients. A lower number of minutes is better (High)",145,"25, 26",07/01/2024,06/30/2025
OK,Emergency Department,OP_18b_LOW_MIN,"Average (median) time patients spent in the emergency department before leaving from the visit, excluding patients transferred to another facility or psychiatric care/mental health patients. A lower number of minutes is better (Low)",108,"25, 26",07/01/2024,06/30/2025
OK,Emergency Department,OP_18b_MEDIUM_MIN,"Average (median) time patients spent in the emergency department before leaving from the visit, excluding patients transferred to another facility or psychiatric care/mental health patients. A lower number of minutes is better (Moderate)",148,"25, 26",07/01/2024,06/30/2025
OK,Emergency Department,OP_18b_VERY_HIGH_MIN,"Average (median) time patients spent in the emergency department before leaving from the visit, excluding patients transferred to another facility or psychiatric care/mental health patients. A lower number of minutes is better (Very High)",136,"25, 26",07/01/2024,06/30/2025
OK,Emergency Department,OP_18c,Average (median) time psychiatric/mental health patients spent in the emergency department before leaving from the visit. A lower number of minutes is better,178,25,07/01/2024,06/30/2025
OK,Emergency Department,OP_18c_HIGH_MIN,Average (median) time psychiatric/mental health patients spent in the emergency department before leaving from the visit. A lower number of minutes is better (High),166,25,07/01/2024,06/30/2025
OK,Emergency Department,OP_18c_LOW_MIN,Average (median) time psychiatric/mental health patients spent in the emergency department before leaving from the visit. A lower number of minutes is better (Low),170,25,07/01/2024,06/30/2025
OK,Emergency Department,OP_18c_MEDIUM_MIN,Average (median) time psychiatric/mental health patients spent in the emergency department before leaving from the visit. A lower number of minutes is better (Moderate),210,25,07/01/2024,06/30/2025
OK,Emergency Department,OP_18c_VERY_HIGH_MIN,Average (median) time psychiatric/mental health patients spent in the emergency department before leaving from the visit. A lower number of minutes is better (Very High),192,25,07/01/2024,06/30/2025
OK,Emergency Department,OP_18d,Average (median) time patients spent in the emergency department before being transferred to another facility. A lower number of minutes is better,235,,07/01/2024,06/30/2025
OK,Emergency Department,OP_18d_HIGH_MIN,Average (median) time patients spent in the emergency department before being transferred to another facility. A lower number of minutes is better (High),278,,07/01/2024,06/30/2025
OK,Emergency Department,OP_18d_LOW_MIN,Average (median) time patients spent in the emergency department before being transferred to another facility. A lower number of minutes is better (Low),231,,07/01/2024,06/30/2025
OK,Emergency Department,OP_18d_MEDIUM_MIN,Average (median) time patients spent in the emergency department before being transferred to another facility. A lower number of minutes is better (Moderate),272,,07/01/2024,06/30/2025
OK,Emergency Department,OP_18d_VERY_HIGH_MIN,Average (median) time patients spent in the emergency department before being transferred to another facility. A lower number of minutes is better (Very High),239,,07/01/2024,06/30/2025
OK,Emergency Department,OP_22,Percentage of patients who left the emergency department before being seen Lower percentages are better,2,"25, 26",01/01/2024,12/31/2024
OK,Emergency Department,OP_23,Percentage of patients who came to the emergency department with stroke symptoms who received brain scan results within 45 minutes of arrival Higher percentages are better,65,25,07/01/2024,06/30/2025
OK,Colonoscopy care,OP_29,Percentage of patients receiving appropriate recommendation for follow-up screening colonoscopy Higher percentages are better,93,"25, 26",01/01/2024,12/31/2024
OK,Cataract surgery outcome,OP_31,Percentage of patients who had cataract surgery and had improvement in visual function within 90 days following the surgery Higher percentages are better,88,,01/01/2024,12/31/2024
OK,Electronic Clinical Quality Measure,SAFE_USE_OF_OPIOIDS,Safe Use of Opioids - Concurrent Prescribing,13,,01/01/2024,12/31/2024
OK,Sepsis Care,SEP_1,Percentage of patients who received appropriate care for severe sepsis and septic shock. Higher percentages are better,61,"25, 26",07/01/2024,06/30/2025
OK,Sepsis Care,SEP_SH_3HR,Septic Shock 3-Hour Bundle,71,"25, 26",07/01/2024,06/30/2025
OK,Sepsis Care,SEP_SH_6HR,Septic Shock 6-Hour Bundle,87,"25, 26",07/01/2024,06/30/2025
OK,Sepsis Care,SEV_SEP_3HR,Severe Sepsis 3-Hour Bundle,78,"25, 26",07/01/2024,06/30/2025
OK,Sepsis Care,SEV_SEP_6HR,Severe Sepsis 6-Hour Bundle,91,"25, 26",07/01/2024,06/30/2025
OR,Healthcare Personnel Vaccination,IMM_3,Healthcare workers given influenza vaccination Higher percentages are better,61,,10/01/2024,03/31/2025
OR,Emergency Department,OP_18a,"Average (median) time all patients spent in the emergency department before leaving from the visit, including psychiatric/mental health patients and patients who were transferred to another facility. A lower number of minutes is better",151,,07/01/2024,06/30/2025
OR,Emergency Department,OP_18a_HIGH_MIN,"Average (median) time all patients spent in the emergency department before leaving from the visit, including psychiatric/mental health patients and patients who were transferred to another facility. A lower number of minutes is better (High)",201,,07/01/2024,06/30/2025
OR,Emergency Department,OP_18a_LOW_MIN,"Average (median) time all patients spent in the emergency department before leaving from the visit, including psychiatric/mental health patients and patients who were transferred to another facility. A lower number of minutes is better (Low)",116,,07/01/2024,06/30/2025
OR,Emergency Department,OP_18a_MEDIUM_MIN,"Average (median) time all patients spent in the emergency department before leaving from the visit, including psychiatric/mental health patients and patients who were transferred to another facility. A lower number of minutes is better (Moderate)",186,,07/01/2024,06/30/2025
OR,Emergency Department,OP_18a_VERY_HIGH_MIN,"Average (median) time all patients spent in the emergency department before leaving from the visit, including psychiatric/mental health patients and patients who were transferred to another facility. A lower number of minutes is better (Very High)",214,,07/01/2024,06/30/2025
OR,Emergency Department,OP_18b,"Average (median) time patients spent in the emergency department before leaving from the visit, excluding patients transferred to another facility or psychiatric care/mental health patients. A lower number of minutes is better",147,"25, 26",07/01/2024,06/30/2025
OR,Emergency Department,OP_18b_HIGH_MIN,"Average (median) time patients spent in the emergency department before leaving from the visit, excluding patients transferred to another facility or psychiatric care/mental health patients. A lower number of minutes is better (High)",196,"25, 26",07/01/2024,06/30/2025
OR,Emergency Department,OP_18b_LOW_MIN,"Average (median) time patients spent in the emergency department before leaving from the visit, excluding patients transferred to another facility or psychiatric care/mental health patients. A lower number of minutes is better (Low)",112,"25, 26",07/01/2024,06/30/2025
OR,Emergency Department,OP_18b_MEDIUM_MIN,"Average (median) time patients spent in the emergency department before leaving from the visit, excluding patients transferred to another facility or psychiatric care/mental health patients. A lower number of minutes is better (Moderate)",182,"25, 26",07/01/2024,06/30/2025
OR,Emergency Department,OP_18b_VERY_HIGH_MIN,"Average (median) time patients spent in the emergency department before leaving from the visit, excluding patients transferred to another facility or psychiatric care/mental health patients. A lower number of minutes is better (Very High)",211,"25, 26",07/01/2024,06/30/2025
OR,Emergency Department,OP_18c,Average (median) time psychiatric/mental health patients spent in the emergency department before leaving from the visit. A lower number of minutes is better,209,25,07/01/2024,06/30/2025
OR,Emergency Department,OP_18c_HIGH_MIN,Average (median) time psychiatric/mental health patients spent in the emergency department before leaving from the visit. A lower number of minutes is better (High),234,25,07/01/2024,06/30/2025
OR,Emergency Department,OP_18c_LOW_MIN,Average (median) time psychiatric/mental health patients spent in the emergency department before leaving from the visit. A lower number of minutes is better (Low),148,25,07/01/2024,06/30/2025
OR,Emergency Department,OP_18c_MEDIUM_MIN,Average (median) time psychiatric/mental health patients spent in the emergency department before leaving from the visit. A lower number of minutes is better (Moderate),238,25,07/01/2024,06/30/2025
OR,Emergency Department,OP_18c_VERY_HIGH_MIN,Average (median) time psychiatric/mental health patients spent in the emergency department before leaving from the visit. A lower number of minutes is better (Very High),301,25,07/01/2024,06/30/2025
OR,Emergency Department,OP_18d,Average (median) time patients spent in the emergency department before being transferred to another facility. A lower number of minutes is better,303,,07/01/2024,06/30/2025
OR,Emergency Department,OP_18d_HIGH_MIN,Average (median) time patients spent in the emergency department before being transferred to another facility. A lower number of minutes is better (High),272,,07/01/2024,06/30/2025
OR,Emergency Department,OP_18d_LOW_MIN,Average (median) time patients spent in the emergency department before being transferred to another facility. A lower number of minutes is better (Low),300,,07/01/2024,06/30/2025
OR,Emergency Department,OP_18d_MEDIUM_MIN,Average (median) time patients spent in the emergency department before being transferred to another facility. A lower number of minutes is better (Moderate),398,,07/01/2024,06/30/2025
OR,Emergency Department,OP_18d_VERY_HIGH_MIN,Average (median) time patients spent in the emergency department before being transferred to another facility. A lower number of minutes is better (Very High),314,,07/01/2024,06/30/2025
OR,Emergency Department,OP_22,Percentage of patients who left the emergency department before being seen Lower percentages are better,3,"25, 26",01/01/2024,12/31/2024
OR,Emergency Department,OP_23,Percentage of patients who came to the emergency department with stroke symptoms who received brain scan results within 45 minutes of arrival Higher percentages are better,68,25,07/01/2024,06/30/2025
OR,Colonoscopy care,OP_29,Percentage of patients receiving appropriate recommendation for follow-up screening colonoscopy Higher percentages are better,91,"25, 26",01/01/2024,12/31/2024
OR,Cataract surgery outcome,OP_31,Percentage of patients who had cataract surgery and had improvement in visual function within 90 days following the surgery Higher percentages are better,100,,01/01/2024,12/31/2024
OR,Electronic Clinical Quality Measure,SAFE_USE_OF_OPIOIDS,Safe Use of Opioids - Concurrent Prescribing,13,,01/01/2024,12/31/2024
OR,Sepsis Care,SEP_1,Percentage of patients who received appropriate care for severe sepsis and septic shock. Higher percentages are better,60,"25, 26",07/01/2024,06/30/2025
OR,Sepsis Care,SEP_SH_3HR,Septic Shock 3-Hour Bundle,71,"25, 26",07/01/2024,06/30/2025
OR,Sepsis Care,SEP_SH_6HR,Septic Shock 6-Hour Bundle,77,"25, 26",07/01/2024,06/30/2025
OR,Sepsis Care,SEV_SEP_3HR,Severe Sepsis 3-Hour Bundle,78,"25, 26",07/01/2024,06/30/2025
OR,Sepsis Care,SEV_SEP_6HR,Severe Sepsis 6-Hour Bundle,91,"25, 26",07/01/2024,06/30/2025
PA,Healthcare Personnel Vaccination,IMM_3,Healthcare workers given influenza vaccination Higher percentages are better,83,,10/01/2024,03/31/2025
PA,Emergency Department,OP_18a,"Average (median) time all patients spent in the emergency department before leaving from the visit, including psychiatric/mental health patients and patients who were transferred to another facility. A lower number of minutes is better",190,,07/01/2024,06/30/2025
PA,Emergency Department,OP_18a_HIGH_MIN,"Average (median) time all patients spent in the emergency department before leaving from the visit, including psychiatric/mental health patients and patients who were transferred to another facility. A lower number of minutes is better (High)",211,,07/01/2024,06/30/2025
PA,Emergency Department,OP_18a_LOW_MIN,"Average (median) time all patients spent in the emergency department before leaving from the visit, including psychiatric/mental health patients and patients who were transferred to another facility. A lower number of minutes is better (Low)",146,,07/01/2024,06/30/2025
PA,Emergency Department,OP_18a_MEDIUM_MIN,"Average (median) time all patients spent in the emergency department before leaving from the visit, including psychiatric/mental health patients and patients who were transferred to another facility. A lower number of minutes is better (Moderate)",194,,07/01/2024,06/30/2025
PA,Emergency Department,OP_18a_VERY_HIGH_MIN,"Average (median) time all patients spent in the emergency department before leaving from the visit, including psychiatric/mental health patients and patients who were transferred to another facility. A lower number of minutes is better (Very High)",214,,07/01/2024,06/30/2025
PA,Emergency Department,OP_18b,"Average (median) time patients spent in the emergency department before leaving from the visit, excluding patients transferred to another facility or psychiatric care/mental health patients. A lower number of minutes is better",184,"25, 26",07/01/2024,06/30/2025
PA,Emergency Department,OP_18b_HIGH_MIN,"Average (median) time patients spent in the emergency department before leaving from the visit, excluding patients transferred to another facility or psychiatric care/mental health patients. A lower number of minutes is better (High)",207,"25, 26",07/01/2024,06/30/2025
PA,Emergency Department,OP_18b_LOW_MIN,"Average (median) time patients spent in the emergency department before leaving from the visit, excluding patients transferred to another facility or psychiatric care/mental health patients. A lower number of minutes is better (Low)",136,"25, 26",07/01/2024,06/30/2025
PA,Emergency Department,OP_18b_MEDIUM_MIN,"Average (median) time patients spent in the emergency department before leaving from the visit, excluding patients transferred to another facility or psychiatric care/mental health patients. A lower number of minutes is better (Moderate)",188,"25, 26",07/01/2024,06/30/2025
PA,Emergency Department,OP_18b_VERY_HIGH_MIN,"Average (median) time patients spent in the emergency department before leaving from the visit, excluding patients transferred to another facility or psychiatric care/mental health patients. A lower number of minutes is better (Very High)",211,"25, 26",07/01/2024,06/30/2025
PA,Emergency Department,OP_18c,Average (median) time psychiatric/mental health patients spent in the emergency department before leaving from the visit. A lower number of minutes is better,295,25,07/01/2024,06/30/2025
PA,Emergency Department,OP_18c_HIGH_MIN,Average (median) time psychiatric/mental health patients spent in the emergency department before leaving from the visit. A lower number of minutes is better (High),288,25,07/01/2024,06/30/2025
PA,Emergency Department,OP_18c_LOW_MIN,Average (median) time psychiatric/mental health patients spent in the emergency department before leaving from the visit. A lower number of minutes is better (Low),226,25,07/01/2024,06/30/2025
PA,Emergency Department,OP_18c_MEDIUM_MIN,Average (median) time psychiatric/mental health patients spent in the emergency department before leaving from the visit. A lower number of minutes is better (Moderate),322,25,07/01/2024,06/30/2025
PA,Emergency Department,OP_18c_VERY_HIGH_MIN,Average (median) time psychiatric/mental health patients spent in the emergency department before leaving from the visit. A lower number of minutes is better (Very High),302,25,07/01/2024,06/30/2025
PA,Emergency Department,OP_18d,Average (median) time patients spent in the emergency department before being transferred to another facility. A lower number of minutes is better,335,,07/01/2024,06/30/2025
PA,Emergency Department,OP_18d_HIGH_MIN,Average (median) time patients spent in the emergency department before being transferred to another facility. A lower number of minutes is better (High),334,,07/01/2024,06/30/2025
PA,Emergency Department,OP_18d_LOW_MIN,Average (median) time patients spent in the emergency department before being transferred to another facility. A lower number of minutes is better (Low),354,,07/01/2024,06/30/2025
PA,Emergency Department,OP_18d_MEDIUM_MIN,Average (median) time patients spent in the emergency department before being transferred to another facility. A lower number of minutes is better (Moderate),332,,07/01/2024,06/30/2025
PA,Emergency Department,OP_18d_VERY_HIGH_MIN,Average (median) time patients spent in the emergency department before being transferred to another facility. A lower number of minutes is better (Very High),257,,07/01/2024,06/30/2025
PA,Emergency Department,OP_22,Percentage of patients who left the emergency department before being seen Lower percentages are better,2,"25, 26",01/01/2024,12/31/2024
PA,Emergency Department,OP_23,Percentage of patients who came to the emergency department with stroke symptoms who received brain scan results within 45 minutes of arrival Higher percentages are better,69,25,07/01/2024,06/30/2025
PA,Colonoscopy care,OP_29,Percentage of patients receiving appropriate recommendation for follow-up screening colonoscopy Higher percentages are better,95,"25, 26",01/01/2024,12/31/2024
PA,Cataract surgery outcome,OP_31,Percentage of patients who had cataract surgery and had improvement in visual function within 90 days following the surgery Higher percentages are better,Not Available,5,01/01/2024,12/31/2024
PA,Electronic Clinical Quality Measure,SAFE_USE_OF_OPIOIDS,Safe Use of Opioids - Concurrent Prescribing,16,,01/01/2024,12/31/2024
PA,Sepsis Care,SEP_1,Percentage of patients who received appropriate care for severe sepsis and septic shock. Higher percentages are better,59,"25, 26",07/01/2024,06/30/2025
PA,Sepsis Care,SEP_SH_3HR,Septic Shock 3-Hour Bundle,69,"25, 26",07/01/2024,06/30/2025
PA,Sepsis Care,SEP_SH_6HR,Septic Shock 6-Hour Bundle,84,"25, 26",07/01/2024,06/30/2025
PA,Sepsis Care,SEV_SEP_3HR,Severe Sepsis 3-Hour Bundle,77,"25, 26",07/01/2024,06/30/2025
PA,Sepsis Care,SEV_SEP_6HR,Severe Sepsis 6-Hour Bundle,93,"25, 26",07/01/2024,06/30/2025
PR,Healthcare Personnel Vaccination,IMM_3,Healthcare workers given influenza vaccination Higher percentages are better,65,,10/01/2024,03/31/2025
PR,Emergency Department,OP_18a,"Average (median) time all patients spent in the emergency department before leaving from the visit, including psychiatric/mental health patients and patients who were transferred to another facility. A lower number of minutes is better",324,,07/01/2024,06/30/2025
PR,Emergency Department,OP_18a_HIGH_MIN,"Average (median) time all patients spent in the emergency department before leaving from the visit, including psychiatric/mental health patients and patients who were transferred to another facility. A lower number of minutes is better (High)",Not Available,5,07/01/2024,06/30/2025
PR,Emergency Department,OP_18a_LOW_MIN,"Average (median) time all patients spent in the emergency department before leaving from the visit, including psychiatric/mental health patients and patients who were transferred to another facility. A lower number of minutes is better (Low)",86,,07/01/2024,06/30/2025
PR,Emergency Department,OP_18a_MEDIUM_MIN,"Average (median) time all patients spent in the emergency department before leaving from the visit, including psychiatric/mental health patients and patients who were transferred to another facility. A lower number of minutes is better (Moderate)",366,,07/01/2024,06/30/2025
PR,Emergency Department,OP_18a_VERY_HIGH_MIN,"Average (median) time all patients spent in the emergency department before leaving from the visit, including psychiatric/mental health patients and patients who were transferred to another facility. A lower number of minutes is better (Very High)",Not Available,5,07/01/2024,06/30/2025
PR,Emergency Department,OP_18b,"Average (median) time patients spent in the emergency department before leaving from the visit, excluding patients transferred to another facility or psychiatric care/mental health patients. A lower number of minutes is better",300,"25, 26",07/01/2024,06/30/2025
PR,Emergency Department,OP_18b_HIGH_MIN,"Average (median) time patients spent in the emergency department before leaving from the visit, excluding patients transferred to another facility or psychiatric care/mental health patients. A lower number of minutes is better (High)",384,"25, 26",07/01/2024,06/30/2025
PR,Emergency Department,OP_18b_LOW_MIN,"Average (median) time patients spent in the emergency department before leaving from the visit, excluding patients transferred to another facility or psychiatric care/mental health patients. A lower number of minutes is better (Low)",86,"25, 26",07/01/2024,06/30/2025
PR,Emergency Department,OP_18b_MEDIUM_MIN,"Average (median) time patients spent in the emergency department before leaving from the visit, excluding patients transferred to another facility or psychiatric care/mental health patients. A lower number of minutes is better (Moderate)",336,"25, 26",07/01/2024,06/30/2025
PR,Emergency Department,OP_18b_VERY_HIGH_MIN,"Average (median) time patients spent in the emergency department before leaving from the visit, excluding patients transferred to another facility or psychiatric care/mental health patients. A lower number of minutes is better (Very High)",Not Available,"25, 26",07/01/2024,06/30/2025
PR,Emergency Department,OP_18c,Average (median) time psychiatric/mental health patients spent in the emergency department before leaving from the visit. A lower number of minutes is better,376,25,07/01/2024,06/30/2025
PR,Emergency Department,OP_18c_HIGH_MIN,Average (median) time psychiatric/mental health patients spent in the emergency department before leaving from the visit. A lower number of minutes is better (High),426,25,07/01/2024,06/30/2025
PR,Emergency Department,OP_18c_LOW_MIN,Average (median) time psychiatric/mental health patients spent in the emergency department before leaving from the visit. A lower number of minutes is better (Low),184,25,07/01/2024,06/30/2025
PR,Emergency Department,OP_18c_MEDIUM_MIN,Average (median) time psychiatric/mental health patients spent in the emergency department before leaving from the visit. A lower number of minutes is better (Moderate),429,25,07/01/2024,06/30/2025
PR,Emergency Department,OP_18c_VERY_HIGH_MIN,Average (median) time psychiatric/mental health patients spent in the emergency department before leaving from the visit. A lower number of minutes is better (Very High),Not Available,25,07/01/2024,06/30/2025
PR,Emergency Department,OP_18d,Average (median) time patients spent in the emergency department before being transferred to another facility. A lower number of minutes is better,603,,07/01/2024,06/30/2025
PR,Emergency Department,OP_18d_HIGH_MIN,Average (median) time patients spent in the emergency department before being transferred to another facility. A lower number of minutes is better (High),Not Available,5,07/01/2024,06/30/2025
PR,Emergency Department,OP_18d_LOW_MIN,Average (median) time patients spent in the emergency department before being transferred to another facility. A lower number of minutes is better (Low),Not Available,5,07/01/2024,06/30/2025
PR,Emergency Department,OP_18d_MEDIUM_MIN,Average (median) time patients spent in the emergency department before being transferred to another facility. A lower number of minutes is better (Moderate),610,,07/01/2024,06/30/2025
PR,Emergency Department,OP_18d_VERY_HIGH_MIN,Average (median) time patients spent in the emergency department before being transferred to another facility. A lower number of minutes is better (Very High),Not Available,5,07/01/2024,06/30/2025
PR,Emergency Department,OP_22,Percentage of patients who left the emergency department before being seen Lower percentages are better,1,"25, 26",01/01/2024,12/31/2024
PR,Emergency Department,OP_23,Percentage of patients who came to the emergency department with stroke symptoms who received brain scan results within 45 minutes of arrival Higher percentages are better,69,25,07/01/2024,06/30/2025
PR,Colonoscopy care,OP_29,Percentage of patients receiving appropriate recommendation for follow-up screening colonoscopy Higher percentages are better,99,"25, 26",01/01/2024,12/31/2024
PR,Cataract surgery outcome,OP_31,Percentage of patients who had cataract surgery and had improvement in visual function within 90 days following the surgery Higher percentages are better,100,,01/01/2024,12/31/2024
PR,Electronic Clinical Quality Measure,SAFE_USE_OF_OPIOIDS,Safe Use of Opioids - Concurrent Prescribing,2,,01/01/2024,12/31/2024
PR,Sepsis Care,SEP_1,Percentage of patients who received appropriate care for severe sepsis and septic shock. Higher percentages are better,24,"25, 26",07/01/2024,06/30/2025
PR,Sepsis Care,SEP_SH_3HR,Septic Shock 3-Hour Bundle,89,"25, 26",07/01/2024,06/30/2025
PR,Sepsis Care,SEP_SH_6HR,Septic Shock 6-Hour Bundle,94,"25, 26",07/01/2024,06/30/2025
PR,Sepsis Care,SEV_SEP_3HR,Severe Sepsis 3-Hour Bundle,38,"25, 26",07/01/2024,06/30/2025
PR,Sepsis Care,SEV_SEP_6HR,Severe Sepsis 6-Hour Bundle,43,"25, 26",07/01/2024,06/30/2025
RI,Healthcare Personnel Vaccination,IMM_3,Healthcare workers given influenza vaccination Higher percentages are better,84,,10/01/2024,03/31/2025
RI,Emergency Department,OP_18a,"Average (median) time all patients spent in the emergency department before leaving from the visit, including psychiatric/mental health patients and patients who were transferred to another facility. A lower number of minutes is better",226,,07/01/2024,06/30/2025
RI,Emergency Department,OP_18a_HIGH_MIN,"Average (median) time all patients spent in the emergency department before leaving from the visit, including psychiatric/mental health patients and patients who were transferred to another facility. A lower number of minutes is better (High)",279,,07/01/2024,06/30/2025
RI,Emergency Department,OP_18a_LOW_MIN,"Average (median) time all patients spent in the emergency department before leaving from the visit, including psychiatric/mental health patients and patients who were transferred to another facility. A lower number of minutes is better (Low)",Not Available,5,07/01/2024,06/30/2025
RI,Emergency Department,OP_18a_MEDIUM_MIN,"Average (median) time all patients spent in the emergency department before leaving from the visit, including psychiatric/mental health patients and patients who were transferred to another facility. A lower number of minutes is better (Moderate)",215,,07/01/2024,06/30/2025
RI,Emergency Department,OP_18a_VERY_HIGH_MIN,"Average (median) time all patients spent in the emergency department before leaving from the visit, including psychiatric/mental health patients and patients who were transferred to another facility. A lower number of minutes is better (Very High)",287,,07/01/2024,06/30/2025
RI,Emergency Department,OP_18b,"Average (median) time patients spent in the emergency department before leaving from the visit, excluding patients transferred to another facility or psychiatric care/mental health patients. A lower number of minutes is better",222,"25, 26",07/01/2024,06/30/2025
RI,Emergency Department,OP_18b_HIGH_MIN,"Average (median) time patients spent in the emergency department before leaving from the visit, excluding patients transferred to another facility or psychiatric care/mental health patients. A lower number of minutes is better (High)",264,"25, 26",07/01/2024,06/30/2025
RI,Emergency Department,OP_18b_LOW_MIN,"Average (median) time patients spent in the emergency department before leaving from the visit, excluding patients transferred to another facility or psychiatric care/mental health patients. A lower number of minutes is better (Low)",Not Available,"25, 26",07/01/2024,06/30/2025
RI,Emergency Department,OP_18b_MEDIUM_MIN,"Average (median) time patients spent in the emergency department before leaving from the visit, excluding patients transferred to another facility or psychiatric care/mental health patients. A lower number of minutes is better (Moderate)",211,"25, 26",07/01/2024,06/30/2025
RI,Emergency Department,OP_18b_VERY_HIGH_MIN,"Average (median) time patients spent in the emergency department before leaving from the visit, excluding patients transferred to another facility or psychiatric care/mental health patients. A lower number of minutes is better (Very High)",286,"25, 26",07/01/2024,06/30/2025
RI,Emergency Department,OP_18c,Average (median) time psychiatric/mental health patients spent in the emergency department before leaving from the visit. A lower number of minutes is better,349,25,07/01/2024,06/30/2025
RI,Emergency Department,OP_18c_HIGH_MIN,Average (median) time psychiatric/mental health patients spent in the emergency department before leaving from the visit. A lower number of minutes is better (High),655,25,07/01/2024,06/30/2025
RI,Emergency Department,OP_18c_LOW_MIN,Average (median) time psychiatric/mental health patients spent in the emergency department before leaving from the visit. A lower number of minutes is better (Low),Not Available,25,07/01/2024,06/30/2025
RI,Emergency Department,OP_18c_MEDIUM_MIN,Average (median) time psychiatric/mental health patients spent in the emergency department before leaving from the visit. A lower number of minutes is better (Moderate),349,25,07/01/2024,06/30/2025
RI,Emergency Department,OP_18c_VERY_HIGH_MIN,Average (median) time psychiatric/mental health patients spent in the emergency department before leaving from the visit. A lower number of minutes is better (Very High),278,25,07/01/2024,06/30/2025
RI,Emergency Department,OP_18d,Average (median) time patients spent in the emergency department before being transferred to another facility. A lower number of minutes is better,335,,07/01/2024,06/30/2025
RI,Emergency Department,OP_18d_HIGH_MIN,Average (median) time patients spent in the emergency department before being transferred to another facility. A lower number of minutes is better (High),295,,07/01/2024,06/30/2025
RI,Emergency Department,OP_18d_LOW_MIN,Average (median) time patients spent in the emergency department before being transferred to another facility. A lower number of minutes is better (Low),Not Available,5,07/01/2024,06/30/2025
RI,Emergency Department,OP_18d_MEDIUM_MIN,Average (median) time patients spent in the emergency department before being transferred to another facility. A lower number of minutes is better (Moderate),335,,07/01/2024,06/30/2025
RI,Emergency Department,OP_18d_VERY_HIGH_MIN,Average (median) time patients spent in the emergency department before being transferred to another facility. A lower number of minutes is better (Very High),368,,07/01/2024,06/30/2025
RI,Emergency Department,OP_22,Percentage of patients who left the emergency department before being seen Lower percentages are better,4,"25, 26",01/01/2024,12/31/2024
RI,Emergency Department,OP_23,Percentage of patients who came to the emergency department with stroke symptoms who received brain scan results within 45 minutes of arrival Higher percentages are better,64,25,07/01/2024,06/30/2025
RI,Colonoscopy care,OP_29,Percentage of patients receiving appropriate recommendation for follow-up screening colonoscopy Higher percentages are better,92,"25, 26",01/01/2024,12/31/2024
RI,Cataract surgery outcome,OP_31,Percentage of patients who had cataract surgery and had improvement in visual function within 90 days following the surgery Higher percentages are better,Not Available,5,01/01/2024,12/31/2024
RI,Electronic Clinical Quality Measure,SAFE_USE_OF_OPIOIDS,Safe Use of Opioids - Concurrent Prescribing,15,,01/01/2024,12/31/2024
RI,Sepsis Care,SEP_1,Percentage of patients who received appropriate care for severe sepsis and septic shock. Higher percentages are better,63,"25, 26",07/01/2024,06/30/2025
RI,Sepsis Care,SEP_SH_3HR,Septic Shock 3-Hour Bundle,64,"25, 26",07/01/2024,06/30/2025
RI,Sepsis Care,SEP_SH_6HR,Septic Shock 6-Hour Bundle,90,"25, 26",07/01/2024,06/30/2025
RI,Sepsis Care,SEV_SEP_3HR,Severe Sepsis 3-Hour Bundle,81,"25, 26",07/01/2024,06/30/2025
RI,Sepsis Care,SEV_SEP_6HR,Severe Sepsis 6-Hour Bundle,94,"25, 26",07/01/2024,06/30/2025
SC,Healthcare Personnel Vaccination,IMM_3,Healthcare workers given influenza vaccination Higher percentages are better,73,,10/01/2024,03/31/2025
SC,Emergency Department,OP_18a,"Average (median) time all patients spent in the emergency department before leaving from the visit, including psychiatric/mental health patients and patients who were transferred to another facility. A lower number of minutes is better",164,,07/01/2024,06/30/2025
SC,Emergency Department,OP_18a_HIGH_MIN,"Average (median) time all patients spent in the emergency department before leaving from the visit, including psychiatric/mental health patients and patients who were transferred to another facility. A lower number of minutes is better (High)",174,,07/01/2024,06/30/2025
SC,Emergency Department,OP_18a_LOW_MIN,"Average (median) time all patients spent in the emergency department before leaving from the visit, including psychiatric/mental health patients and patients who were transferred to another facility. A lower number of minutes is better (Low)",137,,07/01/2024,06/30/2025
SC,Emergency Department,OP_18a_MEDIUM_MIN,"Average (median) time all patients spent in the emergency department before leaving from the visit, including psychiatric/mental health patients and patients who were transferred to another facility. A lower number of minutes is better (Moderate)",157,,07/01/2024,06/30/2025
SC,Emergency Department,OP_18a_VERY_HIGH_MIN,"Average (median) time all patients spent in the emergency department before leaving from the visit, including psychiatric/mental health patients and patients who were transferred to another facility. A lower number of minutes is better (Very High)",178,,07/01/2024,06/30/2025
SC,Emergency Department,OP_18b,"Average (median) time patients spent in the emergency department before leaving from the visit, excluding patients transferred to another facility or psychiatric care/mental health patients. A lower number of minutes is better",159,"25, 26",07/01/2024,06/30/2025
SC,Emergency Department,OP_18b_HIGH_MIN,"Average (median) time patients spent in the emergency department before leaving from the visit, excluding patients transferred to another facility or psychiatric care/mental health patients. A lower number of minutes is better (High)",169,"25, 26",07/01/2024,06/30/2025
SC,Emergency Department,OP_18b_LOW_MIN,"Average (median) time patients spent in the emergency department before leaving from the visit, excluding patients transferred to another facility or psychiatric care/mental health patients. A lower number of minutes is better (Low)",133,"25, 26",07/01/2024,06/30/2025
SC,Emergency Department,OP_18b_MEDIUM_MIN,"Average (median) time patients spent in the emergency department before leaving from the visit, excluding patients transferred to another facility or psychiatric care/mental health patients. A lower number of minutes is better (Moderate)",150,"25, 26",07/01/2024,06/30/2025
SC,Emergency Department,OP_18b_VERY_HIGH_MIN,"Average (median) time patients spent in the emergency department before leaving from the visit, excluding patients transferred to another facility or psychiatric care/mental health patients. A lower number of minutes is better (Very High)",176,"25, 26",07/01/2024,06/30/2025
SC,Emergency Department,OP_18c,Average (median) time psychiatric/mental health patients spent in the emergency department before leaving from the visit. A lower number of minutes is better,250,25,07/01/2024,06/30/2025
SC,Emergency Department,OP_18c_HIGH_MIN,Average (median) time psychiatric/mental health patients spent in the emergency department before leaving from the visit. A lower number of minutes is better (High),269,25,07/01/2024,06/30/2025
SC,Emergency Department,OP_18c_LOW_MIN,Average (median) time psychiatric/mental health patients spent in the emergency department before leaving from the visit. A lower number of minutes is better (Low),167,25,07/01/2024,06/30/2025
SC,Emergency Department,OP_18c_MEDIUM_MIN,Average (median) time psychiatric/mental health patients spent in the emergency department before leaving from the visit. A lower number of minutes is better (Moderate),254,25,07/01/2024,06/30/2025
SC,Emergency Department,OP_18c_VERY_HIGH_MIN,Average (median) time psychiatric/mental health patients spent in the emergency department before leaving from the visit. A lower number of minutes is better (Very High),272,25,07/01/2024,06/30/2025
SC,Emergency Department,OP_18d,Average (median) time patients spent in the emergency department before being transferred to another facility. A lower number of minutes is better,316,,07/01/2024,06/30/2025
SC,Emergency Department,OP_18d_HIGH_MIN,Average (median) time patients spent in the emergency department before being transferred to another facility. A lower number of minutes is better (High),308,,07/01/2024,06/30/2025
SC,Emergency Department,OP_18d_LOW_MIN,Average (median) time patients spent in the emergency department before being transferred to another facility. A lower number of minutes is better (Low),328,,07/01/2024,06/30/2025
SC,Emergency Department,OP_18d_MEDIUM_MIN,Average (median) time patients spent in the emergency department before being transferred to another facility. A lower number of minutes is better (Moderate),322,,07/01/2024,06/30/2025
SC,Emergency Department,OP_18d_VERY_HIGH_MIN,Average (median) time patients spent in the emergency department before being transferred to another facility. A lower number of minutes is better (Very High),310,,07/01/2024,06/30/2025
SC,Emergency Department,OP_22,Percentage of patients who left the emergency department before being seen Lower percentages are better,2,"25, 26",01/01/2024,12/31/2024
SC,Emergency Department,OP_23,Percentage of patients who came to the emergency department with stroke symptoms who received brain scan results within 45 minutes of arrival Higher percentages are better,72,25,07/01/2024,06/30/2025
SC,Colonoscopy care,OP_29,Percentage of patients receiving appropriate recommendation for follow-up screening colonoscopy Higher percentages are better,94,"25, 26",01/01/2024,12/31/2024
SC,Cataract surgery outcome,OP_31,Percentage of patients who had cataract surgery and had improvement in visual function within 90 days following the surgery Higher percentages are better,Not Available,5,01/01/2024,12/31/2024
SC,Electronic Clinical Quality Measure,SAFE_USE_OF_OPIOIDS,Safe Use of Opioids - Concurrent Prescribing,17,,01/01/2024,12/31/2024
SC,Sepsis Care,SEP_1,Percentage of patients who received appropriate care for severe sepsis and septic shock. Higher percentages are better,63,"25, 26",07/01/2024,06/30/2025
SC,Sepsis Care,SEP_SH_3HR,Septic Shock 3-Hour Bundle,72,"25, 26",07/01/2024,06/30/2025
SC,Sepsis Care,SEP_SH_6HR,Septic Shock 6-Hour Bundle,87,"25, 26",07/01/2024,06/30/2025
SC,Sepsis Care,SEV_SEP_3HR,Severe Sepsis 3-Hour Bundle,80,"25, 26",07/01/2024,06/30/2025
SC,Sepsis Care,SEV_SEP_6HR,Severe Sepsis 6-Hour Bundle,94,"25, 26",07/01/2024,06/30/2025
SD,Healthcare Personnel Vaccination,IMM_3,Healthcare workers given influenza vaccination Higher percentages are better,76,,10/01/2024,03/31/2025
SD,Emergency Department,OP_18a,"Average (median) time all patients spent in the emergency department before leaving from the visit, including psychiatric/mental health patients and patients who were transferred to another facility. A lower number of minutes is better",119,,07/01/2024,06/30/2025
SD,Emergency Department,OP_18a_HIGH_MIN,"Average (median) time all patients spent in the emergency department before leaving from the visit, including psychiatric/mental health patients and patients who were transferred to another facility. A lower number of minutes is better (High)",156,,07/01/2024,06/30/2025
SD,Emergency Department,OP_18a_LOW_MIN,"Average (median) time all patients spent in the emergency department before leaving from the visit, including psychiatric/mental health patients and patients who were transferred to another facility. A lower number of minutes is better (Low)",119,,07/01/2024,06/30/2025
SD,Emergency Department,OP_18a_MEDIUM_MIN,"Average (median) time all patients spent in the emergency department before leaving from the visit, including psychiatric/mental health patients and patients who were transferred to another facility. A lower number of minutes is better (Moderate)",Not Available,5,07/01/2024,06/30/2025
SD,Emergency Department,OP_18a_VERY_HIGH_MIN,"Average (median) time all patients spent in the emergency department before leaving from the visit, including psychiatric/mental health patients and patients who were transferred to another facility. A lower number of minutes is better (Very High)",Not Available,5,07/01/2024,06/30/2025
SD,Emergency Department,OP_18b,"Average (median) time patients spent in the emergency department before leaving from the visit, excluding patients transferred to another facility or psychiatric care/mental health patients. A lower number of minutes is better",115,"25, 26",07/01/2024,06/30/2025
SD,Emergency Department,OP_18b_HIGH_MIN,"Average (median) time patients spent in the emergency department before leaving from the visit, excluding patients transferred to another facility or psychiatric care/mental health patients. A lower number of minutes is better (High)",154,"25, 26",07/01/2024,06/30/2025
SD,Emergency Department,OP_18b_LOW_MIN,"Average (median) time patients spent in the emergency department before leaving from the visit, excluding patients transferred to another facility or psychiatric care/mental health patients. A lower number of minutes is better (Low)",114,"25, 26",07/01/2024,06/30/2025
SD,Emergency Department,OP_18b_MEDIUM_MIN,"Average (median) time patients spent in the emergency department before leaving from the visit, excluding patients transferred to another facility or psychiatric care/mental health patients. A lower number of minutes is better (Moderate)",Not Available,"25, 26",07/01/2024,06/30/2025
SD,Emergency Department,OP_18b_VERY_HIGH_MIN,"Average (median) time patients spent in the emergency department before leaving from the visit, excluding patients transferred to another facility or psychiatric care/mental health patients. A lower number of minutes is better (Very High)",Not Available,"25, 26",07/01/2024,06/30/2025
SD,Emergency Department,OP_18c,Average (median) time psychiatric/mental health patients spent in the emergency department before leaving from the visit. A lower number of minutes is better,139,25,07/01/2024,06/30/2025
SD,Emergency Department,OP_18c_HIGH_MIN,Average (median) time psychiatric/mental health patients spent in the emergency department before leaving from the visit. A lower number of minutes is better (High),167,25,07/01/2024,06/30/2025
SD,Emergency Department,OP_18c_LOW_MIN,Average (median) time psychiatric/mental health patients spent in the emergency department before leaving from the visit. A lower number of minutes is better (Low),138,25,07/01/2024,06/30/2025
SD,Emergency Department,OP_18c_MEDIUM_MIN,Average (median) time psychiatric/mental health patients spent in the emergency department before leaving from the visit. A lower number of minutes is better (Moderate),Not Available,25,07/01/2024,06/30/2025
SD,Emergency Department,OP_18c_VERY_HIGH_MIN,Average (median) time psychiatric/mental health patients spent in the emergency department before leaving from the visit. A lower number of minutes is better (Very High),Not Available,25,07/01/2024,06/30/2025
SD,Emergency Department,OP_18d,Average (median) time patients spent in the emergency department before being transferred to another facility. A lower number of minutes is better,213,,07/01/2024,06/30/2025
SD,Emergency Department,OP_18d_HIGH_MIN,Average (median) time patients spent in the emergency department before being transferred to another facility. A lower number of minutes is better (High),94,,07/01/2024,06/30/2025
SD,Emergency Department,OP_18d_LOW_MIN,Average (median) time patients spent in the emergency department before being transferred to another facility. A lower number of minutes is better (Low),214,,07/01/2024,06/30/2025
SD,Emergency Department,OP_18d_MEDIUM_MIN,Average (median) time patients spent in the emergency department before being transferred to another facility. A lower number of minutes is better (Moderate),Not Available,5,07/01/2024,06/30/2025
SD,Emergency Department,OP_18d_VERY_HIGH_MIN,Average (median) time patients spent in the emergency department before being transferred to another facility. A lower number of minutes is better (Very High),Not Available,5,07/01/2024,06/30/2025
SD,Emergency Department,OP_22,Percentage of patients who left the emergency department before being seen Lower percentages are better,1,"25, 26",01/01/2024,12/31/2024
SD,Emergency Department,OP_23,Percentage of patients who came to the emergency department with stroke symptoms who received brain scan results within 45 minutes of arrival Higher percentages are better,60,25,07/01/2024,06/30/2025
SD,Colonoscopy care,OP_29,Percentage of patients receiving appropriate recommendation for follow-up screening colonoscopy Higher percentages are better,99,"25, 26",01/01/2024,12/31/2024
SD,Cataract surgery outcome,OP_31,Percentage of patients who had cataract surgery and had improvement in visual function within 90 days following the surgery Higher percentages are better,Not Available,5,01/01/2024,12/31/2024
SD,Electronic Clinical Quality Measure,SAFE_USE_OF_OPIOIDS,Safe Use of Opioids - Concurrent Prescribing,17,,01/01/2024,12/31/2024
SD,Sepsis Care,SEP_1,Percentage of patients who received appropriate care for severe sepsis and septic shock. Higher percentages are better,67,"25, 26",07/01/2024,06/30/2025
SD,Sepsis Care,SEP_SH_3HR,Septic Shock 3-Hour Bundle,72,"25, 26",07/01/2024,06/30/2025
SD,Sepsis Care,SEP_SH_6HR,Septic Shock 6-Hour Bundle,89,"25, 26",07/01/2024,06/30/2025
SD,Sepsis Care,SEV_SEP_3HR,Severe Sepsis 3-Hour Bundle,82,"25, 26",07/01/2024,06/30/2025
SD,Sepsis Care,SEV_SEP_6HR,Severe Sepsis 6-Hour Bundle,96,"25, 26",07/01/2024,06/30/2025
TN,Healthcare Personnel Vaccination,IMM_3,Healthcare workers given influenza vaccination Higher percentages are better,75,,10/01/2024,03/31/2025
TN,Emergency Department,OP_18a,"Average (median) time all patients spent in the emergency department before leaving from the visit, including psychiatric/mental health patients and patients who were transferred to another facility. A lower number of minutes is better",169,,07/01/2024,06/30/2025
TN,Emergency Department,OP_18a_HIGH_MIN,"Average (median) time all patients spent in the emergency department before leaving from the visit, including psychiatric/mental health patients and patients who were transferred to another facility. A lower number of minutes is better (High)",199,,07/01/2024,06/30/2025
TN,Emergency Department,OP_18a_LOW_MIN,"Average (median) time all patients spent in the emergency department before leaving from the visit, including psychiatric/mental health patients and patients who were transferred to another facility. A lower number of minutes is better (Low)",140,,07/01/2024,06/30/2025
TN,Emergency Department,OP_18a_MEDIUM_MIN,"Average (median) time all patients spent in the emergency department before leaving from the visit, including psychiatric/mental health patients and patients who were transferred to another facility. A lower number of minutes is better (Moderate)",173,,07/01/2024,06/30/2025
TN,Emergency Department,OP_18a_VERY_HIGH_MIN,"Average (median) time all patients spent in the emergency department before leaving from the visit, including psychiatric/mental health patients and patients who were transferred to another facility. A lower number of minutes is better (Very High)",202,,07/01/2024,06/30/2025
TN,Emergency Department,OP_18b,"Average (median) time patients spent in the emergency department before leaving from the visit, excluding patients transferred to another facility or psychiatric care/mental health patients. A lower number of minutes is better",161,"25, 26",07/01/2024,06/30/2025
TN,Emergency Department,OP_18b_HIGH_MIN,"Average (median) time patients spent in the emergency department before leaving from the visit, excluding patients transferred to another facility or psychiatric care/mental health patients. A lower number of minutes is better (High)",192,"25, 26",07/01/2024,06/30/2025
TN,Emergency Department,OP_18b_LOW_MIN,"Average (median) time patients spent in the emergency department before leaving from the visit, excluding patients transferred to another facility or psychiatric care/mental health patients. A lower number of minutes is better (Low)",131,"25, 26",07/01/2024,06/30/2025
TN,Emergency Department,OP_18b_MEDIUM_MIN,"Average (median) time patients spent in the emergency department before leaving from the visit, excluding patients transferred to another facility or psychiatric care/mental health patients. A lower number of minutes is better (Moderate)",167,"25, 26",07/01/2024,06/30/2025
TN,Emergency Department,OP_18b_VERY_HIGH_MIN,"Average (median) time patients spent in the emergency department before leaving from the visit, excluding patients transferred to another facility or psychiatric care/mental health patients. A lower number of minutes is better (Very High)",196,"25, 26",07/01/2024,06/30/2025
TN,Emergency Department,OP_18c,Average (median) time psychiatric/mental health patients spent in the emergency department before leaving from the visit. A lower number of minutes is better,316,25,07/01/2024,06/30/2025
TN,Emergency Department,OP_18c_HIGH_MIN,Average (median) time psychiatric/mental health patients spent in the emergency department before leaving from the visit. A lower number of minutes is better (High),404,25,07/01/2024,06/30/2025
TN,Emergency Department,OP_18c_LOW_MIN,Average (median) time psychiatric/mental health patients spent in the emergency department before leaving from the visit. A lower number of minutes is better (Low),236,25,07/01/2024,06/30/2025
TN,Emergency Department,OP_18c_MEDIUM_MIN,Average (median) time psychiatric/mental health patients spent in the emergency department before leaving from the visit. A lower number of minutes is better (Moderate),355,25,07/01/2024,06/30/2025
TN,Emergency Department,OP_18c_VERY_HIGH_MIN,Average (median) time psychiatric/mental health patients spent in the emergency department before leaving from the visit. A lower number of minutes is better (Very High),389,25,07/01/2024,06/30/2025
TN,Emergency Department,OP_18d,Average (median) time patients spent in the emergency department before being transferred to another facility. A lower number of minutes is better,304,,07/01/2024,06/30/2025
TN,Emergency Department,OP_18d_HIGH_MIN,Average (median) time patients spent in the emergency department before being transferred to another facility. A lower number of minutes is better (High),366,,07/01/2024,06/30/2025
TN,Emergency Department,OP_18d_LOW_MIN,Average (median) time patients spent in the emergency department before being transferred to another facility. A lower number of minutes is better (Low),287,,07/01/2024,06/30/2025
TN,Emergency Department,OP_18d_MEDIUM_MIN,Average (median) time patients spent in the emergency department before being transferred to another facility. A lower number of minutes is better (Moderate),345,,07/01/2024,06/30/2025
TN,Emergency Department,OP_18d_VERY_HIGH_MIN,Average (median) time patients spent in the emergency department before being transferred to another facility. A lower number of minutes is better (Very High),327,,07/01/2024,06/30/2025
TN,Emergency Department,OP_22,Percentage of patients who left the emergency department before being seen Lower percentages are better,3,"25, 26",01/01/2024,12/31/2024
TN,Emergency Department,OP_23,Percentage of patients who came to the emergency department with stroke symptoms who received brain scan results within 45 minutes of arrival Higher percentages are better,69,25,07/01/2024,06/30/2025
TN,Colonoscopy care,OP_29,Percentage of patients receiving appropriate recommendation for follow-up screening colonoscopy Higher percentages are better,95,"25, 26",01/01/2024,12/31/2024
TN,Cataract surgery outcome,OP_31,Percentage of patients who had cataract surgery and had improvement in visual function within 90 days following the surgery Higher percentages are better,Not Available,5,01/01/2024,12/31/2024
TN,Electronic Clinical Quality Measure,SAFE_USE_OF_OPIOIDS,Safe Use of Opioids - Concurrent Prescribing,14,,01/01/2024,12/31/2024
TN,Sepsis Care,SEP_1,Percentage of patients who received appropriate care for severe sepsis and septic shock. Higher percentages are better,59,"25, 26",07/01/2024,06/30/2025
TN,Sepsis Care,SEP_SH_3HR,Septic Shock 3-Hour Bundle,62,"25, 26",07/01/2024,06/30/2025
TN,Sepsis Care,SEP_SH_6HR,Septic Shock 6-Hour Bundle,83,"25, 26",07/01/2024,06/30/2025
TN,Sepsis Care,SEV_SEP_3HR,Severe Sepsis 3-Hour Bundle,77,"25, 26",07/01/2024,06/30/2025
TN,Sepsis Care,SEV_SEP_6HR,Severe Sepsis 6-Hour Bundle,92,"25, 26",07/01/2024,06/30/2025
TX,Healthcare Personnel Vaccination,IMM_3,Healthcare workers given influenza vaccination Higher percentages are better,74,,10/01/2024,03/31/2025
TX,Emergency Department,OP_18a,"Average (median) time all patients spent in the emergency department before leaving from the visit, including psychiatric/mental health patients and patients who were transferred to another facility. A lower number of minutes is better",150,,07/01/2024,06/30/2025
TX,Emergency Department,OP_18a_HIGH_MIN,"Average (median) time all patients spent in the emergency department before leaving from the visit, including psychiatric/mental health patients and patients who were transferred to another facility. A lower number of minutes is better (High)",172,,07/01/2024,06/30/2025
TX,Emergency Department,OP_18a_LOW_MIN,"Average (median) time all patients spent in the emergency department before leaving from the visit, including psychiatric/mental health patients and patients who were transferred to another facility. A lower number of minutes is better (Low)",124,,07/01/2024,06/30/2025
TX,Emergency Department,OP_18a_MEDIUM_MIN,"Average (median) time all patients spent in the emergency department before leaving from the visit, including psychiatric/mental health patients and patients who were transferred to another facility. A lower number of minutes is better (Moderate)",164,,07/01/2024,06/30/2025
TX,Emergency Department,OP_18a_VERY_HIGH_MIN,"Average (median) time all patients spent in the emergency department before leaving from the visit, including psychiatric/mental health patients and patients who were transferred to another facility. A lower number of minutes is better (Very High)",170,,07/01/2024,06/30/2025
TX,Emergency Department,OP_18b,"Average (median) time patients spent in the emergency department before leaving from the visit, excluding patients transferred to another facility or psychiatric care/mental health patients. A lower number of minutes is better",145,"25, 26",07/01/2024,06/30/2025
TX,Emergency Department,OP_18b_HIGH_MIN,"Average (median) time patients spent in the emergency department before leaving from the visit, excluding patients transferred to another facility or psychiatric care/mental health patients. A lower number of minutes is better (High)",169,"25, 26",07/01/2024,06/30/2025
TX,Emergency Department,OP_18b_LOW_MIN,"Average (median) time patients spent in the emergency department before leaving from the visit, excluding patients transferred to another facility or psychiatric care/mental health patients. A lower number of minutes is better (Low)",118,"25, 26",07/01/2024,06/30/2025
TX,Emergency Department,OP_18b_MEDIUM_MIN,"Average (median) time patients spent in the emergency department before leaving from the visit, excluding patients transferred to another facility or psychiatric care/mental health patients. A lower number of minutes is better (Moderate)",160,"25, 26",07/01/2024,06/30/2025
TX,Emergency Department,OP_18b_VERY_HIGH_MIN,"Average (median) time patients spent in the emergency department before leaving from the visit, excluding patients transferred to another facility or psychiatric care/mental health patients. A lower number of minutes is better (Very High)",167,"25, 26",07/01/2024,06/30/2025
TX,Emergency Department,OP_18c,Average (median) time psychiatric/mental health patients spent in the emergency department before leaving from the visit. A lower number of minutes is better,228,25,07/01/2024,06/30/2025
TX,Emergency Department,OP_18c_HIGH_MIN,Average (median) time psychiatric/mental health patients spent in the emergency department before leaving from the visit. A lower number of minutes is better (High),265,25,07/01/2024,06/30/2025
TX,Emergency Department,OP_18c_LOW_MIN,Average (median) time psychiatric/mental health patients spent in the emergency department before leaving from the visit. A lower number of minutes is better (Low),172,25,07/01/2024,06/30/2025
TX,Emergency Department,OP_18c_MEDIUM_MIN,Average (median) time psychiatric/mental health patients spent in the emergency department before leaving from the visit. A lower number of minutes is better (Moderate),252,25,07/01/2024,06/30/2025
TX,Emergency Department,OP_18c_VERY_HIGH_MIN,Average (median) time psychiatric/mental health patients spent in the emergency department before leaving from the visit. A lower number of minutes is better (Very High),277,25,07/01/2024,06/30/2025
TX,Emergency Department,OP_18d,Average (median) time patients spent in the emergency department before being transferred to another facility. A lower number of minutes is better,260,,07/01/2024,06/30/2025
TX,Emergency Department,OP_18d_HIGH_MIN,Average (median) time patients spent in the emergency department before being transferred to another facility. A lower number of minutes is better (High),317,,07/01/2024,06/30/2025
TX,Emergency Department,OP_18d_LOW_MIN,Average (median) time patients spent in the emergency department before being transferred to another facility. A lower number of minutes is better (Low),236,,07/01/2024,06/30/2025
TX,Emergency Department,OP_18d_MEDIUM_MIN,Average (median) time patients spent in the emergency department before being transferred to another facility. A lower number of minutes is better (Moderate),320,,07/01/2024,06/30/2025
TX,Emergency Department,OP_18d_VERY_HIGH_MIN,Average (median) time patients spent in the emergency department before being transferred to another facility. A lower number of minutes is better (Very High),301,,07/01/2024,06/30/2025
TX,Emergency Department,OP_22,Percentage of patients who left the emergency department before being seen Lower percentages are better,1,"25, 26",01/01/2024,12/31/2024
TX,Emergency Department,OP_23,Percentage of patients who came to the emergency department with stroke symptoms who received brain scan results within 45 minutes of arrival Higher percentages are better,68,25,07/01/2024,06/30/2025
TX,Colonoscopy care,OP_29,Percentage of patients receiving appropriate recommendation for follow-up screening colonoscopy Higher percentages are better,92,"25, 26",01/01/2024,12/31/2024
TX,Cataract surgery outcome,OP_31,Percentage of patients who had cataract surgery and had improvement in visual function within 90 days following the surgery Higher percentages are better,100,,01/01/2024,12/31/2024
TX,Electronic Clinical Quality Measure,SAFE_USE_OF_OPIOIDS,Safe Use of Opioids - Concurrent Prescribing,14,,01/01/2024,12/31/2024
TX,Sepsis Care,SEP_1,Percentage of patients who received appropriate care for severe sepsis and septic shock. Higher percentages are better,67,"25, 26",07/01/2024,06/30/2025
TX,Sepsis Care,SEP_SH_3HR,Septic Shock 3-Hour Bundle,73,"25, 26",07/01/2024,06/30/2025
TX,Sepsis Care,SEP_SH_6HR,Septic Shock 6-Hour Bundle,89,"25, 26",07/01/2024,06/30/2025
TX,Sepsis Care,SEV_SEP_3HR,Severe Sepsis 3-Hour Bundle,82,"25, 26",07/01/2024,06/30/2025
TX,Sepsis Care,SEV_SEP_6HR,Severe Sepsis 6-Hour Bundle,93,"25, 26",07/01/2024,06/30/2025
UT,Healthcare Personnel Vaccination,IMM_3,Healthcare workers given influenza vaccination Higher percentages are better,91,,10/01/2024,03/31/2025
UT,Emergency Department,OP_18a,"Average (median) time all patients spent in the emergency department before leaving from the visit, including psychiatric/mental health patients and patients who were transferred to another facility. A lower number of minutes is better",136,,07/01/2024,06/30/2025
UT,Emergency Department,OP_18a_HIGH_MIN,"Average (median) time all patients spent in the emergency department before leaving from the visit, including psychiatric/mental health patients and patients who were transferred to another facility. A lower number of minutes is better (High)",161,,07/01/2024,06/30/2025
UT,Emergency Department,OP_18a_LOW_MIN,"Average (median) time all patients spent in the emergency department before leaving from the visit, including psychiatric/mental health patients and patients who were transferred to another facility. A lower number of minutes is better (Low)",121,,07/01/2024,06/30/2025
UT,Emergency Department,OP_18a_MEDIUM_MIN,"Average (median) time all patients spent in the emergency department before leaving from the visit, including psychiatric/mental health patients and patients who were transferred to another facility. A lower number of minutes is better (Moderate)",142,,07/01/2024,06/30/2025
UT,Emergency Department,OP_18a_VERY_HIGH_MIN,"Average (median) time all patients spent in the emergency department before leaving from the visit, including psychiatric/mental health patients and patients who were transferred to another facility. A lower number of minutes is better (Very High)",168,,07/01/2024,06/30/2025
UT,Emergency Department,OP_18b,"Average (median) time patients spent in the emergency department before leaving from the visit, excluding patients transferred to another facility or psychiatric care/mental health patients. A lower number of minutes is better",131,"25, 26",07/01/2024,06/30/2025
UT,Emergency Department,OP_18b_HIGH_MIN,"Average (median) time patients spent in the emergency department before leaving from the visit, excluding patients transferred to another facility or psychiatric care/mental health patients. A lower number of minutes is better (High)",159,"25, 26",07/01/2024,06/30/2025
UT,Emergency Department,OP_18b_LOW_MIN,"Average (median) time patients spent in the emergency department before leaving from the visit, excluding patients transferred to another facility or psychiatric care/mental health patients. A lower number of minutes is better (Low)",116,"25, 26",07/01/2024,06/30/2025
UT,Emergency Department,OP_18b_MEDIUM_MIN,"Average (median) time patients spent in the emergency department before leaving from the visit, excluding patients transferred to another facility or psychiatric care/mental health patients. A lower number of minutes is better (Moderate)",138,"25, 26",07/01/2024,06/30/2025
UT,Emergency Department,OP_18b_VERY_HIGH_MIN,"Average (median) time patients spent in the emergency department before leaving from the visit, excluding patients transferred to another facility or psychiatric care/mental health patients. A lower number of minutes is better (Very High)",164,"25, 26",07/01/2024,06/30/2025
UT,Emergency Department,OP_18c,Average (median) time psychiatric/mental health patients spent in the emergency department before leaving from the visit. A lower number of minutes is better,206,25,07/01/2024,06/30/2025
UT,Emergency Department,OP_18c_HIGH_MIN,Average (median) time psychiatric/mental health patients spent in the emergency department before leaving from the visit. A lower number of minutes is better (High),210,25,07/01/2024,06/30/2025
UT,Emergency Department,OP_18c_LOW_MIN,Average (median) time psychiatric/mental health patients spent in the emergency department before leaving from the visit. A lower number of minutes is better (Low),188,25,07/01/2024,06/30/2025
UT,Emergency Department,OP_18c_MEDIUM_MIN,Average (median) time psychiatric/mental health patients spent in the emergency department before leaving from the visit. A lower number of minutes is better (Moderate),223,25,07/01/2024,06/30/2025
UT,Emergency Department,OP_18c_VERY_HIGH_MIN,Average (median) time psychiatric/mental health patients spent in the emergency department before leaving from the visit. A lower number of minutes is better (Very High),211,25,07/01/2024,06/30/2025
UT,Emergency Department,OP_18d,Average (median) time patients spent in the emergency department before being transferred to another facility. A lower number of minutes is better,223,,07/01/2024,06/30/2025
UT,Emergency Department,OP_18d_HIGH_MIN,Average (median) time patients spent in the emergency department before being transferred to another facility. A lower number of minutes is better (High),206,,07/01/2024,06/30/2025
UT,Emergency Department,OP_18d_LOW_MIN,Average (median) time patients spent in the emergency department before being transferred to another facility. A lower number of minutes is better (Low),212,,07/01/2024,06/30/2025
UT,Emergency Department,OP_18d_MEDIUM_MIN,Average (median) time patients spent in the emergency department before being transferred to another facility. A lower number of minutes is better (Moderate),256,,07/01/2024,06/30/2025
UT,Emergency Department,OP_18d_VERY_HIGH_MIN,Average (median) time patients spent in the emergency department before being transferred to another facility. A lower number of minutes is better (Very High),268,,07/01/2024,06/30/2025
UT,Emergency Department,OP_22,Percentage of patients who left the emergency department before being seen Lower percentages are better,1,"25, 26",01/01/2024,12/31/2024
UT,Emergency Department,OP_23,Percentage of patients who came to the emergency department with stroke symptoms who received brain scan results within 45 minutes of arrival Higher percentages are better,67,25,07/01/2024,06/30/2025
UT,Colonoscopy care,OP_29,Percentage of patients receiving appropriate recommendation for follow-up screening colonoscopy Higher percentages are better,96,"25, 26",01/01/2024,12/31/2024
UT,Cataract surgery outcome,OP_31,Percentage of patients who had cataract surgery and had improvement in visual function within 90 days following the surgery Higher percentages are better,Not Available,5,01/01/2024,12/31/2024
UT,Electronic Clinical Quality Measure,SAFE_USE_OF_OPIOIDS,Safe Use of Opioids - Concurrent Prescribing,15,,01/01/2024,12/31/2024
UT,Sepsis Care,SEP_1,Percentage of patients who received appropriate care for severe sepsis and septic shock. Higher percentages are better,68,"25, 26",07/01/2024,06/30/2025
UT,Sepsis Care,SEP_SH_3HR,Septic Shock 3-Hour Bundle,72,"25, 26",07/01/2024,06/30/2025
UT,Sepsis Care,SEP_SH_6HR,Septic Shock 6-Hour Bundle,84,"25, 26",07/01/2024,06/30/2025
UT,Sepsis Care,SEV_SEP_3HR,Severe Sepsis 3-Hour Bundle,83,"25, 26",07/01/2024,06/30/2025
UT,Sepsis Care,SEV_SEP_6HR,Severe Sepsis 6-Hour Bundle,93,"25, 26",07/01/2024,06/30/2025
VA,Healthcare Personnel Vaccination,IMM_3,Healthcare workers given influenza vaccination Higher percentages are better,87,,10/01/2024,03/31/2025
VA,Emergency Department,OP_18a,"Average (median) time all patients spent in the emergency department before leaving from the visit, including psychiatric/mental health patients and patients who were transferred to another facility. A lower number of minutes is better",166,,07/01/2024,06/30/2025
VA,Emergency Department,OP_18a_HIGH_MIN,"Average (median) time all patients spent in the emergency department before leaving from the visit, including psychiatric/mental health patients and patients who were transferred to another facility. A lower number of minutes is better (High)",158,,07/01/2024,06/30/2025
VA,Emergency Department,OP_18a_LOW_MIN,"Average (median) time all patients spent in the emergency department before leaving from the visit, including psychiatric/mental health patients and patients who were transferred to another facility. A lower number of minutes is better (Low)",147,,07/01/2024,06/30/2025
VA,Emergency Department,OP_18a_MEDIUM_MIN,"Average (median) time all patients spent in the emergency department before leaving from the visit, including psychiatric/mental health patients and patients who were transferred to another facility. A lower number of minutes is better (Moderate)",169,,07/01/2024,06/30/2025
VA,Emergency Department,OP_18a_VERY_HIGH_MIN,"Average (median) time all patients spent in the emergency department before leaving from the visit, including psychiatric/mental health patients and patients who were transferred to another facility. A lower number of minutes is better (Very High)",170,,07/01/2024,06/30/2025
VA,Emergency Department,OP_18b,"Average (median) time patients spent in the emergency department before leaving from the visit, excluding patients transferred to another facility or psychiatric care/mental health patients. A lower number of minutes is better",162,"25, 26",07/01/2024,06/30/2025
VA,Emergency Department,OP_18b_HIGH_MIN,"Average (median) time patients spent in the emergency department before leaving from the visit, excluding patients transferred to another facility or psychiatric care/mental health patients. A lower number of minutes is better (High)",158,"25, 26",07/01/2024,06/30/2025
VA,Emergency Department,OP_18b_LOW_MIN,"Average (median) time patients spent in the emergency department before leaving from the visit, excluding patients transferred to another facility or psychiatric care/mental health patients. A lower number of minutes is better (Low)",139,"25, 26",07/01/2024,06/30/2025
VA,Emergency Department,OP_18b_MEDIUM_MIN,"Average (median) time patients spent in the emergency department before leaving from the visit, excluding patients transferred to another facility or psychiatric care/mental health patients. A lower number of minutes is better (Moderate)",165,"25, 26",07/01/2024,06/30/2025
VA,Emergency Department,OP_18b_VERY_HIGH_MIN,"Average (median) time patients spent in the emergency department before leaving from the visit, excluding patients transferred to another facility or psychiatric care/mental health patients. A lower number of minutes is better (Very High)",166,"25, 26",07/01/2024,06/30/2025
VA,Emergency Department,OP_18c,Average (median) time psychiatric/mental health patients spent in the emergency department before leaving from the visit. A lower number of minutes is better,247,25,07/01/2024,06/30/2025
VA,Emergency Department,OP_18c_HIGH_MIN,Average (median) time psychiatric/mental health patients spent in the emergency department before leaving from the visit. A lower number of minutes is better (High),242,25,07/01/2024,06/30/2025
VA,Emergency Department,OP_18c_LOW_MIN,Average (median) time psychiatric/mental health patients spent in the emergency department before leaving from the visit. A lower number of minutes is better (Low),238,25,07/01/2024,06/30/2025
VA,Emergency Department,OP_18c_MEDIUM_MIN,Average (median) time psychiatric/mental health patients spent in the emergency department before leaving from the visit. A lower number of minutes is better (Moderate),250,25,07/01/2024,06/30/2025
VA,Emergency Department,OP_18c_VERY_HIGH_MIN,Average (median) time psychiatric/mental health patients spent in the emergency department before leaving from the visit. A lower number of minutes is better (Very High),250,25,07/01/2024,06/30/2025
VA,Emergency Department,OP_18d,Average (median) time patients spent in the emergency department before being transferred to another facility. A lower number of minutes is better,354,,07/01/2024,06/30/2025
VA,Emergency Department,OP_18d_HIGH_MIN,Average (median) time patients spent in the emergency department before being transferred to another facility. A lower number of minutes is better (High),313,,07/01/2024,06/30/2025
VA,Emergency Department,OP_18d_LOW_MIN,Average (median) time patients spent in the emergency department before being transferred to another facility. A lower number of minutes is better (Low),354,,07/01/2024,06/30/2025
VA,Emergency Department,OP_18d_MEDIUM_MIN,Average (median) time patients spent in the emergency department before being transferred to another facility. A lower number of minutes is better (Moderate),362,,07/01/2024,06/30/2025
VA,Emergency Department,OP_18d_VERY_HIGH_MIN,Average (median) time patients spent in the emergency department before being transferred to another facility. A lower number of minutes is better (Very High),358,,07/01/2024,06/30/2025
VA,Emergency Department,OP_22,Percentage of patients who left the emergency department before being seen Lower percentages are better,2,"25, 26",01/01/2024,12/31/2024
VA,Emergency Department,OP_23,Percentage of patients who came to the emergency department with stroke symptoms who received brain scan results within 45 minutes of arrival Higher percentages are better,68,25,07/01/2024,06/30/2025
VA,Colonoscopy care,OP_29,Percentage of patients receiving appropriate recommendation for follow-up screening colonoscopy Higher percentages are better,91,"25, 26",01/01/2024,12/31/2024
VA,Cataract surgery outcome,OP_31,Percentage of patients who had cataract surgery and had improvement in visual function within 90 days following the surgery Higher percentages are better,Not Available,5,01/01/2024,12/31/2024
VA,Electronic Clinical Quality Measure,SAFE_USE_OF_OPIOIDS,Safe Use of Opioids - Concurrent Prescribing,13,,01/01/2024,12/31/2024
VA,Sepsis Care,SEP_1,Percentage of patients who received appropriate care for severe sepsis and septic shock. Higher percentages are better,66,"25, 26",07/01/2024,06/30/2025
VA,Sepsis Care,SEP_SH_3HR,Septic Shock 3-Hour Bundle,72,"25, 26",07/01/2024,06/30/2025
VA,Sepsis Care,SEP_SH_6HR,Septic Shock 6-Hour Bundle,87,"25, 26",07/01/2024,06/30/2025
VA,Sepsis Care,SEV_SEP_3HR,Severe Sepsis 3-Hour Bundle,82,"25, 26",07/01/2024,06/30/2025
VA,Sepsis Care,SEV_SEP_6HR,Severe Sepsis 6-Hour Bundle,93,"25, 26",07/01/2024,06/30/2025
VI,Healthcare Personnel Vaccination,IMM_3,Healthcare workers given influenza vaccination Higher percentages are better,Not Available,5,10/01/2024,03/31/2025
VI,Emergency Department,OP_18a,"Average (median) time all patients spent in the emergency department before leaving from the visit, including psychiatric/mental health patients and patients who were transferred to another facility. A lower number of minutes is better",Not Available,5,07/01/2024,06/30/2025
VI,Emergency Department,OP_18a_HIGH_MIN,"Average (median) time all patients spent in the emergency department before leaving from the visit, including psychiatric/mental health patients and patients who were transferred to another facility. A lower number of minutes is better (High)",Not Available,5,07/01/2024,06/30/2025
VI,Emergency Department,OP_18a_LOW_MIN,"Average (median) time all patients spent in the emergency department before leaving from the visit, including psychiatric/mental health patients and patients who were transferred to another facility. A lower number of minutes is better (Low)",Not Available,5,07/01/2024,06/30/2025
VI,Emergency Department,OP_18a_MEDIUM_MIN,"Average (median) time all patients spent in the emergency department before leaving from the visit, including psychiatric/mental health patients and patients who were transferred to another facility. A lower number of minutes is better (Moderate)",Not Available,5,07/01/2024,06/30/2025
VI,Emergency Department,OP_18a_VERY_HIGH_MIN,"Average (median) time all patients spent in the emergency department before leaving from the visit, including psychiatric/mental health patients and patients who were transferred to another facility. A lower number of minutes is better (Very High)",Not Available,5,07/01/2024,06/30/2025
VI,Emergency Department,OP_18b,"Average (median) time patients spent in the emergency department before leaving from the visit, excluding patients transferred to another facility or psychiatric care/mental health patients. A lower number of minutes is better",Not Available,5,07/01/2024,06/30/2025
VI,Emergency Department,OP_18b_HIGH_MIN,"Average (median) time patients spent in the emergency department before leaving from the visit, excluding patients transferred to another facility or psychiatric care/mental health patients. A lower number of minutes is better (High)",Not Available,5,07/01/2024,06/30/2025
VI,Emergency Department,OP_18b_LOW_MIN,"Average (median) time patients spent in the emergency department before leaving from the visit, excluding patients transferred to another facility or psychiatric care/mental health patients. A lower number of minutes is better (Low)",Not Available,5,07/01/2024,06/30/2025
VI,Emergency Department,OP_18b_MEDIUM_MIN,"Average (median) time patients spent in the emergency department before leaving from the visit, excluding patients transferred to another facility or psychiatric care/mental health patients. A lower number of minutes is better (Moderate)",Not Available,5,07/01/2024,06/30/2025
VI,Emergency Department,OP_18b_VERY_HIGH_MIN,"Average (median) time patients spent in the emergency department before leaving from the visit, excluding patients transferred to another facility or psychiatric care/mental health patients. A lower number of minutes is better (Very High)",Not Available,5,07/01/2024,06/30/2025
VI,Emergency Department,OP_18c,Average (median) time psychiatric/mental health patients spent in the emergency department before leaving from the visit. A lower number of minutes is better,Not Available,5,07/01/2024,06/30/2025
VI,Emergency Department,OP_18c_HIGH_MIN,Average (median) time psychiatric/mental health patients spent in the emergency department before leaving from the visit. A lower number of minutes is better (High),Not Available,5,07/01/2024,06/30/2025
VI,Emergency Department,OP_18c_LOW_MIN,Average (median) time psychiatric/mental health patients spent in the emergency department before leaving from the visit. A lower number of minutes is better (Low),Not Available,5,07/01/2024,06/30/2025
VI,Emergency Department,OP_18c_MEDIUM_MIN,Average (median) time psychiatric/mental health patients spent in the emergency department before leaving from the visit. A lower number of minutes is better (Moderate),Not Available,5,07/01/2024,06/30/2025
VI,Emergency Department,OP_18c_VERY_HIGH_MIN,Average (median) time psychiatric/mental health patients spent in the emergency department before leaving from the visit. A lower number of minutes is better (Very High),Not Available,5,07/01/2024,06/30/2025
VI,Emergency Department,OP_18d,Average (median) time patients spent in the emergency department before being transferred to another facility. A lower number of minutes is better,Not Available,5,07/01/2024,06/30/2025
VI,Emergency Department,OP_18d_HIGH_MIN,Average (median) time patients spent in the emergency department before being transferred to another facility. A lower number of minutes is better (High),Not Available,5,07/01/2024,06/30/2025
VI,Emergency Department,OP_18d_LOW_MIN,Average (median) time patients spent in the emergency department before being transferred to another facility. A lower number of minutes is better (Low),Not Available,5,07/01/2024,06/30/2025
VI,Emergency Department,OP_18d_MEDIUM_MIN,Average (median) time patients spent in the emergency department before being transferred to another facility. A lower number of minutes is better (Moderate),Not Available,5,07/01/2024,06/30/2025
VI,Emergency Department,OP_18d_VERY_HIGH_MIN,Average (median) time patients spent in the emergency department before being transferred to another facility. A lower number of minutes is better (Very High),Not Available,5,07/01/2024,06/30/2025
VI,Emergency Department,OP_22,Percentage of patients who left the emergency department before being seen Lower percentages are better,Not Available,5,01/01/2024,12/31/2024
VI,Emergency Department,OP_23,Percentage of patients who came to the emergency department with stroke symptoms who received brain scan results within 45 minutes of arrival Higher percentages are better,Not Available,5,07/01/2024,06/30/2025
VI,Colonoscopy care,OP_29,Percentage of patients receiving appropriate recommendation for follow-up screening colonoscopy Higher percentages are better,Not Available,5,01/01/2024,12/31/2024
VI,Cataract surgery outcome,OP_31,Percentage of patients who had cataract surgery and had improvement in visual function within 90 days following the surgery Higher percentages are better,Not Available,5,01/01/2024,12/31/2024
VI,Electronic Clinical Quality Measure,SAFE_USE_OF_OPIOIDS,Safe Use of Opioids - Concurrent Prescribing,Not Available,5,01/01/2024,12/31/2024
VI,Sepsis Care,SEP_1,Percentage of patients who received appropriate care for severe sepsis and septic shock. Higher percentages are better,Not Available,5,07/01/2024,06/30/2025
VI,Sepsis Care,SEP_SH_3HR,Septic Shock 3-Hour Bundle,Not Available,5,07/01/2024,06/30/2025
VI,Sepsis Care,SEP_SH_6HR,Septic Shock 6-Hour Bundle,Not Available,5,07/01/2024,06/30/2025
VI,Sepsis Care,SEV_SEP_3HR,Severe Sepsis 3-Hour Bundle,Not Available,5,07/01/2024,06/30/2025
VI,Sepsis Care,SEV_SEP_6HR,Severe Sepsis 6-Hour Bundle,Not Available,5,07/01/2024,06/30/2025
VT,Healthcare Personnel Vaccination,IMM_3,Healthcare workers given influenza vaccination Higher percentages are better,74,,10/01/2024,03/31/2025
VT,Emergency Department,OP_18a,"Average (median) time all patients spent in the emergency department before leaving from the visit, including psychiatric/mental health patients and patients who were transferred to another facility. A lower number of minutes is better",185,,07/01/2024,06/30/2025
VT,Emergency Department,OP_18a_HIGH_MIN,"Average (median) time all patients spent in the emergency department before leaving from the visit, including psychiatric/mental health patients and patients who were transferred to another facility. A lower number of minutes is better (High)",Not Available,5,07/01/2024,06/30/2025
VT,Emergency Department,OP_18a_LOW_MIN,"Average (median) time all patients spent in the emergency department before leaving from the visit, including psychiatric/mental health patients and patients who were transferred to another facility. A lower number of minutes is better (Low)",162,,07/01/2024,06/30/2025
VT,Emergency Department,OP_18a_MEDIUM_MIN,"Average (median) time all patients spent in the emergency department before leaving from the visit, including psychiatric/mental health patients and patients who were transferred to another facility. A lower number of minutes is better (Moderate)",183,,07/01/2024,06/30/2025
VT,Emergency Department,OP_18a_VERY_HIGH_MIN,"Average (median) time all patients spent in the emergency department before leaving from the visit, including psychiatric/mental health patients and patients who were transferred to another facility. A lower number of minutes is better (Very High)",270,,07/01/2024,06/30/2025
VT,Emergency Department,OP_18b,"Average (median) time patients spent in the emergency department before leaving from the visit, excluding patients transferred to another facility or psychiatric care/mental health patients. A lower number of minutes is better",180,"25, 26",07/01/2024,06/30/2025
VT,Emergency Department,OP_18b_HIGH_MIN,"Average (median) time patients spent in the emergency department before leaving from the visit, excluding patients transferred to another facility or psychiatric care/mental health patients. A lower number of minutes is better (High)",Not Available,"25, 26",07/01/2024,06/30/2025
VT,Emergency Department,OP_18b_LOW_MIN,"Average (median) time patients spent in the emergency department before leaving from the visit, excluding patients transferred to another facility or psychiatric care/mental health patients. A lower number of minutes is better (Low)",149,"25, 26",07/01/2024,06/30/2025
VT,Emergency Department,OP_18b_MEDIUM_MIN,"Average (median) time patients spent in the emergency department before leaving from the visit, excluding patients transferred to another facility or psychiatric care/mental health patients. A lower number of minutes is better (Moderate)",180,"25, 26",07/01/2024,06/30/2025
VT,Emergency Department,OP_18b_VERY_HIGH_MIN,"Average (median) time patients spent in the emergency department before leaving from the visit, excluding patients transferred to another facility or psychiatric care/mental health patients. A lower number of minutes is better (Very High)",264,"25, 26",07/01/2024,06/30/2025
VT,Emergency Department,OP_18c,Average (median) time psychiatric/mental health patients spent in the emergency department before leaving from the visit. A lower number of minutes is better,387,25,07/01/2024,06/30/2025
VT,Emergency Department,OP_18c_HIGH_MIN,Average (median) time psychiatric/mental health patients spent in the emergency department before leaving from the visit. A lower number of minutes is better (High),Not Available,25,07/01/2024,06/30/2025
VT,Emergency Department,OP_18c_LOW_MIN,Average (median) time psychiatric/mental health patients spent in the emergency department before leaving from the visit. A lower number of minutes is better (Low),726,25,07/01/2024,06/30/2025
VT,Emergency Department,OP_18c_MEDIUM_MIN,Average (median) time psychiatric/mental health patients spent in the emergency department before leaving from the visit. A lower number of minutes is better (Moderate),402,25,07/01/2024,06/30/2025
VT,Emergency Department,OP_18c_VERY_HIGH_MIN,Average (median) time psychiatric/mental health patients spent in the emergency department before leaving from the visit. A lower number of minutes is better (Very High),353,25,07/01/2024,06/30/2025
VT,Emergency Department,OP_18d,Average (median) time patients spent in the emergency department before being transferred to another facility. A lower number of minutes is better,367,,07/01/2024,06/30/2025
VT,Emergency Department,OP_18d_HIGH_MIN,Average (median) time patients spent in the emergency department before being transferred to another facility. A lower number of minutes is better (High),Not Available,5,07/01/2024,06/30/2025
VT,Emergency Department,OP_18d_LOW_MIN,Average (median) time patients spent in the emergency department before being transferred to another facility. A lower number of minutes is better (Low),414,,07/01/2024,06/30/2025
VT,Emergency Department,OP_18d_MEDIUM_MIN,Average (median) time patients spent in the emergency department before being transferred to another facility. A lower number of minutes is better (Moderate),311,,07/01/2024,06/30/2025
VT,Emergency Department,OP_18d_VERY_HIGH_MIN,Average (median) time patients spent in the emergency department before being transferred to another facility. A lower number of minutes is better (Very High),616,,07/01/2024,06/30/2025
VT,Emergency Department,OP_22,Percentage of patients who left the emergency department before being seen Lower percentages are better,3,"25, 26",01/01/2024,12/31/2024
VT,Emergency Department,OP_23,Percentage of patients who came to the emergency department with stroke symptoms who received brain scan results within 45 minutes of arrival Higher percentages are better,58,25,07/01/2024,06/30/2025
VT,Colonoscopy care,OP_29,Percentage of patients receiving appropriate recommendation for follow-up screening colonoscopy Higher percentages are better,99,"25, 26",01/01/2024,12/31/2024
VT,Cataract surgery outcome,OP_31,Percentage of patients who had cataract surgery and had improvement in visual function within 90 days following the surgery Higher percentages are better,Not Available,5,01/01/2024,12/31/2024
VT,Electronic Clinical Quality Measure,SAFE_USE_OF_OPIOIDS,Safe Use of Opioids - Concurrent Prescribing,16,,01/01/2024,12/31/2024
VT,Sepsis Care,SEP_1,Percentage of patients who received appropriate care for severe sepsis and septic shock. Higher percentages are better,59,"25, 26",07/01/2024,06/30/2025
VT,Sepsis Care,SEP_SH_3HR,Septic Shock 3-Hour Bundle,66,"25, 26",07/01/2024,06/30/2025
VT,Sepsis Care,SEP_SH_6HR,Septic Shock 6-Hour Bundle,81,"25, 26",07/01/2024,06/30/2025
VT,Sepsis Care,SEV_SEP_3HR,Severe Sepsis 3-Hour Bundle,79,"25, 26",07/01/2024,06/30/2025
VT,Sepsis Care,SEV_SEP_6HR,Severe Sepsis 6-Hour Bundle,93,"25, 26",07/01/2024,06/30/2025
WA,Healthcare Personnel Vaccination,IMM_3,Healthcare workers given influenza vaccination Higher percentages are better,79,,10/01/2024,03/31/2025
WA,Emergency Department,OP_18a,"Average (median) time all patients spent in the emergency department before leaving from the visit, including psychiatric/mental health patients and patients who were transferred to another facility. A lower number of minutes is better",157,,07/01/2024,06/30/2025
WA,Emergency Department,OP_18a_HIGH_MIN,"Average (median) time all patients spent in the emergency department before leaving from the visit, including psychiatric/mental health patients and patients who were transferred to another facility. A lower number of minutes is better (High)",194,,07/01/2024,06/30/2025
WA,Emergency Department,OP_18a_LOW_MIN,"Average (median) time all patients spent in the emergency department before leaving from the visit, including psychiatric/mental health patients and patients who were transferred to another facility. A lower number of minutes is better (Low)",141,,07/01/2024,06/30/2025
WA,Emergency Department,OP_18a_MEDIUM_MIN,"Average (median) time all patients spent in the emergency department before leaving from the visit, including psychiatric/mental health patients and patients who were transferred to another facility. A lower number of minutes is better (Moderate)",150,,07/01/2024,06/30/2025
WA,Emergency Department,OP_18a_VERY_HIGH_MIN,"Average (median) time all patients spent in the emergency department before leaving from the visit, including psychiatric/mental health patients and patients who were transferred to another facility. A lower number of minutes is better (Very High)",207,,07/01/2024,06/30/2025
WA,Emergency Department,OP_18b,"Average (median) time patients spent in the emergency department before leaving from the visit, excluding patients transferred to another facility or psychiatric care/mental health patients. A lower number of minutes is better",153,"25, 26",07/01/2024,06/30/2025
WA,Emergency Department,OP_18b_HIGH_MIN,"Average (median) time patients spent in the emergency department before leaving from the visit, excluding patients transferred to another facility or psychiatric care/mental health patients. A lower number of minutes is better (High)",190,"25, 26",07/01/2024,06/30/2025
WA,Emergency Department,OP_18b_LOW_MIN,"Average (median) time patients spent in the emergency department before leaving from the visit, excluding patients transferred to another facility or psychiatric care/mental health patients. A lower number of minutes is better (Low)",136,"25, 26",07/01/2024,06/30/2025
WA,Emergency Department,OP_18b_MEDIUM_MIN,"Average (median) time patients spent in the emergency department before leaving from the visit, excluding patients transferred to another facility or psychiatric care/mental health patients. A lower number of minutes is better (Moderate)",148,"25, 26",07/01/2024,06/30/2025
WA,Emergency Department,OP_18b_VERY_HIGH_MIN,"Average (median) time patients spent in the emergency department before leaving from the visit, excluding patients transferred to another facility or psychiatric care/mental health patients. A lower number of minutes is better (Very High)",200,"25, 26",07/01/2024,06/30/2025
WA,Emergency Department,OP_18c,Average (median) time psychiatric/mental health patients spent in the emergency department before leaving from the visit. A lower number of minutes is better,236,25,07/01/2024,06/30/2025
WA,Emergency Department,OP_18c_HIGH_MIN,Average (median) time psychiatric/mental health patients spent in the emergency department before leaving from the visit. A lower number of minutes is better (High),273,25,07/01/2024,06/30/2025
WA,Emergency Department,OP_18c_LOW_MIN,Average (median) time psychiatric/mental health patients spent in the emergency department before leaving from the visit. A lower number of minutes is better (Low),216,25,07/01/2024,06/30/2025
WA,Emergency Department,OP_18c_MEDIUM_MIN,Average (median) time psychiatric/mental health patients spent in the emergency department before leaving from the visit. A lower number of minutes is better (Moderate),210,25,07/01/2024,06/30/2025
WA,Emergency Department,OP_18c_VERY_HIGH_MIN,Average (median) time psychiatric/mental health patients spent in the emergency department before leaving from the visit. A lower number of minutes is better (Very High),369,25,07/01/2024,06/30/2025
WA,Emergency Department,OP_18d,Average (median) time patients spent in the emergency department before being transferred to another facility. A lower number of minutes is better,368,,07/01/2024,06/30/2025
WA,Emergency Department,OP_18d_HIGH_MIN,Average (median) time patients spent in the emergency department before being transferred to another facility. A lower number of minutes is better (High),378,,07/01/2024,06/30/2025
WA,Emergency Department,OP_18d_LOW_MIN,Average (median) time patients spent in the emergency department before being transferred to another facility. A lower number of minutes is better (Low),347,,07/01/2024,06/30/2025
WA,Emergency Department,OP_18d_MEDIUM_MIN,Average (median) time patients spent in the emergency department before being transferred to another facility. A lower number of minutes is better (Moderate),428,,07/01/2024,06/30/2025
WA,Emergency Department,OP_18d_VERY_HIGH_MIN,Average (median) time patients spent in the emergency department before being transferred to another facility. A lower number of minutes is better (Very High),399,,07/01/2024,06/30/2025
WA,Emergency Department,OP_22,Percentage of patients who left the emergency department before being seen Lower percentages are better,3,"25, 26",01/01/2024,12/31/2024
WA,Emergency Department,OP_23,Percentage of patients who came to the emergency department with stroke symptoms who received brain scan results within 45 minutes of arrival Higher percentages are better,61,25,07/01/2024,06/30/2025
WA,Colonoscopy care,OP_29,Percentage of patients receiving appropriate recommendation for follow-up screening colonoscopy Higher percentages are better,95,"25, 26",01/01/2024,12/31/2024
WA,Cataract surgery outcome,OP_31,Percentage of patients who had cataract surgery and had improvement in visual function within 90 days following the surgery Higher percentages are better,Not Available,5,01/01/2024,12/31/2024
WA,Electronic Clinical Quality Measure,SAFE_USE_OF_OPIOIDS,Safe Use of Opioids - Concurrent Prescribing,13,,01/01/2024,12/31/2024
WA,Sepsis Care,SEP_1,Percentage of patients who received appropriate care for severe sepsis and septic shock. Higher percentages are better,59,"25, 26",07/01/2024,06/30/2025
WA,Sepsis Care,SEP_SH_3HR,Septic Shock 3-Hour Bundle,69,"25, 26",07/01/2024,06/30/2025
WA,Sepsis Care,SEP_SH_6HR,Septic Shock 6-Hour Bundle,84,"25, 26",07/01/2024,06/30/2025
WA,Sepsis Care,SEV_SEP_3HR,Severe Sepsis 3-Hour Bundle,79,"25, 26",07/01/2024,06/30/2025
WA,Sepsis Care,SEV_SEP_6HR,Severe Sepsis 6-Hour Bundle,90,"25, 26",07/01/2024,06/30/2025
WI,Healthcare Personnel Vaccination,IMM_3,Healthcare workers given influenza vaccination Higher percentages are better,85,,10/01/2024,03/31/2025
WI,Emergency Department,OP_18a,"Average (median) time all patients spent in the emergency department before leaving from the visit, including psychiatric/mental health patients and patients who were transferred to another facility. A lower number of minutes is better",143,,07/01/2024,06/30/2025
WI,Emergency Department,OP_18a_HIGH_MIN,"Average (median) time all patients spent in the emergency department before leaving from the visit, including psychiatric/mental health patients and patients who were transferred to another facility. A lower number of minutes is better (High)",163,,07/01/2024,06/30/2025
WI,Emergency Department,OP_18a_LOW_MIN,"Average (median) time all patients spent in the emergency department before leaving from the visit, including psychiatric/mental health patients and patients who were transferred to another facility. A lower number of minutes is better (Low)",137,,07/01/2024,06/30/2025
WI,Emergency Department,OP_18a_MEDIUM_MIN,"Average (median) time all patients spent in the emergency department before leaving from the visit, including psychiatric/mental health patients and patients who were transferred to another facility. A lower number of minutes is better (Moderate)",149,,07/01/2024,06/30/2025
WI,Emergency Department,OP_18a_VERY_HIGH_MIN,"Average (median) time all patients spent in the emergency department before leaving from the visit, including psychiatric/mental health patients and patients who were transferred to another facility. A lower number of minutes is better (Very High)",180,,07/01/2024,06/30/2025
WI,Emergency Department,OP_18b,"Average (median) time patients spent in the emergency department before leaving from the visit, excluding patients transferred to another facility or psychiatric care/mental health patients. A lower number of minutes is better",137,"25, 26",07/01/2024,06/30/2025
WI,Emergency Department,OP_18b_HIGH_MIN,"Average (median) time patients spent in the emergency department before leaving from the visit, excluding patients transferred to another facility or psychiatric care/mental health patients. A lower number of minutes is better (High)",161,"25, 26",07/01/2024,06/30/2025
WI,Emergency Department,OP_18b_LOW_MIN,"Average (median) time patients spent in the emergency department before leaving from the visit, excluding patients transferred to another facility or psychiatric care/mental health patients. A lower number of minutes is better (Low)",129,"25, 26",07/01/2024,06/30/2025
WI,Emergency Department,OP_18b_MEDIUM_MIN,"Average (median) time patients spent in the emergency department before leaving from the visit, excluding patients transferred to another facility or psychiatric care/mental health patients. A lower number of minutes is better (Moderate)",145,"25, 26",07/01/2024,06/30/2025
WI,Emergency Department,OP_18b_VERY_HIGH_MIN,"Average (median) time patients spent in the emergency department before leaving from the visit, excluding patients transferred to another facility or psychiatric care/mental health patients. A lower number of minutes is better (Very High)",177,"25, 26",07/01/2024,06/30/2025
WI,Emergency Department,OP_18c,Average (median) time psychiatric/mental health patients spent in the emergency department before leaving from the visit. A lower number of minutes is better,198,25,07/01/2024,06/30/2025
WI,Emergency Department,OP_18c_HIGH_MIN,Average (median) time psychiatric/mental health patients spent in the emergency department before leaving from the visit. A lower number of minutes is better (High),214,25,07/01/2024,06/30/2025
WI,Emergency Department,OP_18c_LOW_MIN,Average (median) time psychiatric/mental health patients spent in the emergency department before leaving from the visit. A lower number of minutes is better (Low),189,25,07/01/2024,06/30/2025
WI,Emergency Department,OP_18c_MEDIUM_MIN,Average (median) time psychiatric/mental health patients spent in the emergency department before leaving from the visit. A lower number of minutes is better (Moderate),208,25,07/01/2024,06/30/2025
WI,Emergency Department,OP_18c_VERY_HIGH_MIN,Average (median) time psychiatric/mental health patients spent in the emergency department before leaving from the visit. A lower number of minutes is better (Very High),215,25,07/01/2024,06/30/2025
WI,Emergency Department,OP_18d,Average (median) time patients spent in the emergency department before being transferred to another facility. A lower number of minutes is better,295,,07/01/2024,06/30/2025
WI,Emergency Department,OP_18d_HIGH_MIN,Average (median) time patients spent in the emergency department before being transferred to another facility. A lower number of minutes is better (High),259,,07/01/2024,06/30/2025
WI,Emergency Department,OP_18d_LOW_MIN,Average (median) time patients spent in the emergency department before being transferred to another facility. A lower number of minutes is better (Low),298,,07/01/2024,06/30/2025
WI,Emergency Department,OP_18d_MEDIUM_MIN,Average (median) time patients spent in the emergency department before being transferred to another facility. A lower number of minutes is better (Moderate),312,,07/01/2024,06/30/2025
WI,Emergency Department,OP_18d_VERY_HIGH_MIN,Average (median) time patients spent in the emergency department before being transferred to another facility. A lower number of minutes is better (Very High),328,,07/01/2024,06/30/2025
WI,Emergency Department,OP_22,Percentage of patients who left the emergency department before being seen Lower percentages are better,2,"25, 26",01/01/2024,12/31/2024
WI,Emergency Department,OP_23,Percentage of patients who came to the emergency department with stroke symptoms who received brain scan results within 45 minutes of arrival Higher percentages are better,72,25,07/01/2024,06/30/2025
WI,Colonoscopy care,OP_29,Percentage of patients receiving appropriate recommendation for follow-up screening colonoscopy Higher percentages are better,97,"25, 26",01/01/2024,12/31/2024
WI,Cataract surgery outcome,OP_31,Percentage of patients who had cataract surgery and had improvement in visual function within 90 days following the surgery Higher percentages are better,Not Available,5,01/01/2024,12/31/2024
WI,Electronic Clinical Quality Measure,SAFE_USE_OF_OPIOIDS,Safe Use of Opioids - Concurrent Prescribing,14,,01/01/2024,12/31/2024
WI,Sepsis Care,SEP_1,Percentage of patients who received appropriate care for severe sepsis and septic shock. Higher percentages are better,71,"25, 26",07/01/2024,06/30/2025
WI,Sepsis Care,SEP_SH_3HR,Septic Shock 3-Hour Bundle,77,"25, 26",07/01/2024,06/30/2025
WI,Sepsis Care,SEP_SH_6HR,Septic Shock 6-Hour Bundle,88,"25, 26",07/01/2024,06/30/2025
WI,Sepsis Care,SEV_SEP_3HR,Severe Sepsis 3-Hour Bundle,85,"25, 26",07/01/2024,06/30/2025
WI,Sepsis Care,SEV_SEP_6HR,Severe Sepsis 6-Hour Bundle,94,"25, 26",07/01/2024,06/30/2025
WV,Healthcare Personnel Vaccination,IMM_3,Healthcare workers given influenza vaccination Higher percentages are better,89,,10/01/2024,03/31/2025
WV,Emergency Department,OP_18a,"Average (median) time all patients spent in the emergency department before leaving from the visit, including psychiatric/mental health patients and patients who were transferred to another facility. A lower number of minutes is better",146,,07/01/2024,06/30/2025
WV,Emergency Department,OP_18a_HIGH_MIN,"Average (median) time all patients spent in the emergency department before leaving from the visit, including psychiatric/mental health patients and patients who were transferred to another facility. A lower number of minutes is better (High)",205,,07/01/2024,06/30/2025
WV,Emergency Department,OP_18a_LOW_MIN,"Average (median) time all patients spent in the emergency department before leaving from the visit, including psychiatric/mental health patients and patients who were transferred to another facility. A lower number of minutes is better (Low)",117,,07/01/2024,06/30/2025
WV,Emergency Department,OP_18a_MEDIUM_MIN,"Average (median) time all patients spent in the emergency department before leaving from the visit, including psychiatric/mental health patients and patients who were transferred to another facility. A lower number of minutes is better (Moderate)",178,,07/01/2024,06/30/2025
WV,Emergency Department,OP_18a_VERY_HIGH_MIN,"Average (median) time all patients spent in the emergency department before leaving from the visit, including psychiatric/mental health patients and patients who were transferred to another facility. A lower number of minutes is better (Very High)",205,,07/01/2024,06/30/2025
WV,Emergency Department,OP_18b,"Average (median) time patients spent in the emergency department before leaving from the visit, excluding patients transferred to another facility or psychiatric care/mental health patients. A lower number of minutes is better",138,"25, 26",07/01/2024,06/30/2025
WV,Emergency Department,OP_18b_HIGH_MIN,"Average (median) time patients spent in the emergency department before leaving from the visit, excluding patients transferred to another facility or psychiatric care/mental health patients. A lower number of minutes is better (High)",201,"25, 26",07/01/2024,06/30/2025
WV,Emergency Department,OP_18b_LOW_MIN,"Average (median) time patients spent in the emergency department before leaving from the visit, excluding patients transferred to another facility or psychiatric care/mental health patients. A lower number of minutes is better (Low)",111,"25, 26",07/01/2024,06/30/2025
WV,Emergency Department,OP_18b_MEDIUM_MIN,"Average (median) time patients spent in the emergency department before leaving from the visit, excluding patients transferred to another facility or psychiatric care/mental health patients. A lower number of minutes is better (Moderate)",174,"25, 26",07/01/2024,06/30/2025
WV,Emergency Department,OP_18b_VERY_HIGH_MIN,"Average (median) time patients spent in the emergency department before leaving from the visit, excluding patients transferred to another facility or psychiatric care/mental health patients. A lower number of minutes is better (Very High)",200,"25, 26",07/01/2024,06/30/2025
WV,Emergency Department,OP_18c,Average (median) time psychiatric/mental health patients spent in the emergency department before leaving from the visit. A lower number of minutes is better,235,25,07/01/2024,06/30/2025
WV,Emergency Department,OP_18c_HIGH_MIN,Average (median) time psychiatric/mental health patients spent in the emergency department before leaving from the visit. A lower number of minutes is better (High),291,25,07/01/2024,06/30/2025
WV,Emergency Department,OP_18c_LOW_MIN,Average (median) time psychiatric/mental health patients spent in the emergency department before leaving from the visit. A lower number of minutes is better (Low),193,25,07/01/2024,06/30/2025
WV,Emergency Department,OP_18c_MEDIUM_MIN,Average (median) time psychiatric/mental health patients spent in the emergency department before leaving from the visit. A lower number of minutes is better (Moderate),276,25,07/01/2024,06/30/2025
WV,Emergency Department,OP_18c_VERY_HIGH_MIN,Average (median) time psychiatric/mental health patients spent in the emergency department before leaving from the visit. A lower number of minutes is better (Very High),370,25,07/01/2024,06/30/2025
WV,Emergency Department,OP_18d,Average (median) time patients spent in the emergency department before being transferred to another facility. A lower number of minutes is better,341,,07/01/2024,06/30/2025
WV,Emergency Department,OP_18d_HIGH_MIN,Average (median) time patients spent in the emergency department before being transferred to another facility. A lower number of minutes is better (High),296,,07/01/2024,06/30/2025
WV,Emergency Department,OP_18d_LOW_MIN,Average (median) time patients spent in the emergency department before being transferred to another facility. A lower number of minutes is better (Low),352,,07/01/2024,06/30/2025
WV,Emergency Department,OP_18d_MEDIUM_MIN,Average (median) time patients spent in the emergency department before being transferred to another facility. A lower number of minutes is better (Moderate),331,,07/01/2024,06/30/2025
WV,Emergency Department,OP_18d_VERY_HIGH_MIN,Average (median) time patients spent in the emergency department before being transferred to another facility. A lower number of minutes is better (Very High),538,,07/01/2024,06/30/2025
WV,Emergency Department,OP_22,Percentage of patients who left the emergency department before being seen Lower percentages are better,2,"25, 26",01/01/2024,12/31/2024
WV,Emergency Department,OP_23,Percentage of patients who came to the emergency department with stroke symptoms who received brain scan results within 45 minutes of arrival Higher percentages are better,55,25,07/01/2024,06/30/2025
WV,Colonoscopy care,OP_29,Percentage of patients receiving appropriate recommendation for follow-up screening colonoscopy Higher percentages are better,85,"25, 26",01/01/2024,12/31/2024
WV,Cataract surgery outcome,OP_31,Percentage of patients who had cataract surgery and had improvement in visual function within 90 days following the surgery Higher percentages are better,99,,01/01/2024,12/31/2024
WV,Electronic Clinical Quality Measure,SAFE_USE_OF_OPIOIDS,Safe Use of Opioids - Concurrent Prescribing,13,,01/01/2024,12/31/2024
WV,Sepsis Care,SEP_1,Percentage of patients who received appropriate care for severe sepsis and septic shock. Higher percentages are better,60,"25, 26",07/01/2024,06/30/2025
WV,Sepsis Care,SEP_SH_3HR,Septic Shock 3-Hour Bundle,74,"25, 26",07/01/2024,06/30/2025
WV,Sepsis Care,SEP_SH_6HR,Septic Shock 6-Hour Bundle,85,"25, 26",07/01/2024,06/30/2025
WV,Sepsis Care,SEV_SEP_3HR,Severe Sepsis 3-Hour Bundle,75,"25, 26",07/01/2024,06/30/2025
WV,Sepsis Care,SEV_SEP_6HR,Severe Sepsis 6-Hour Bundle,94,"25, 26",07/01/2024,06/30/2025
WY,Healthcare Personnel Vaccination,IMM_3,Healthcare workers given influenza vaccination Higher percentages are better,77,,10/01/2024,03/31/2025
WY,Emergency Department,OP_18a,"Average (median) time all patients spent in the emergency department before leaving from the visit, including psychiatric/mental health patients and patients who were transferred to another facility. A lower number of minutes is better",137,,07/01/2024,06/30/2025
WY,Emergency Department,OP_18a_HIGH_MIN,"Average (median) time all patients spent in the emergency department before leaving from the visit, including psychiatric/mental health patients and patients who were transferred to another facility. A lower number of minutes is better (High)",Not Available,5,07/01/2024,06/30/2025
WY,Emergency Department,OP_18a_LOW_MIN,"Average (median) time all patients spent in the emergency department before leaving from the visit, including psychiatric/mental health patients and patients who were transferred to another facility. A lower number of minutes is better (Low)",131,,07/01/2024,06/30/2025
WY,Emergency Department,OP_18a_MEDIUM_MIN,"Average (median) time all patients spent in the emergency department before leaving from the visit, including psychiatric/mental health patients and patients who were transferred to another facility. A lower number of minutes is better (Moderate)",191,,07/01/2024,06/30/2025
WY,Emergency Department,OP_18a_VERY_HIGH_MIN,"Average (median) time all patients spent in the emergency department before leaving from the visit, including psychiatric/mental health patients and patients who were transferred to another facility. A lower number of minutes is better (Very High)",Not Available,5,07/01/2024,06/30/2025
WY,Emergency Department,OP_18b,"Average (median) time patients spent in the emergency department before leaving from the visit, excluding patients transferred to another facility or psychiatric care/mental health patients. A lower number of minutes is better",132,"25, 26",07/01/2024,06/30/2025
WY,Emergency Department,OP_18b_HIGH_MIN,"Average (median) time patients spent in the emergency department before leaving from the visit, excluding patients transferred to another facility or psychiatric care/mental health patients. A lower number of minutes is better (High)",Not Available,"25, 26",07/01/2024,06/30/2025
WY,Emergency Department,OP_18b_LOW_MIN,"Average (median) time patients spent in the emergency department before leaving from the visit, excluding patients transferred to another facility or psychiatric care/mental health patients. A lower number of minutes is better (Low)",124,"25, 26",07/01/2024,06/30/2025
WY,Emergency Department,OP_18b_MEDIUM_MIN,"Average (median) time patients spent in the emergency department before leaving from the visit, excluding patients transferred to another facility or psychiatric care/mental health patients. A lower number of minutes is better (Moderate)",187,"25, 26",07/01/2024,06/30/2025
WY,Emergency Department,OP_18b_VERY_HIGH_MIN,"Average (median) time patients spent in the emergency department before leaving from the visit, excluding patients transferred to another facility or psychiatric care/mental health patients. A lower number of minutes is better (Very High)",Not Available,"25, 26",07/01/2024,06/30/2025
WY,Emergency Department,OP_18c,Average (median) time psychiatric/mental health patients spent in the emergency department before leaving from the visit. A lower number of minutes is better,190,25,07/01/2024,06/30/2025
WY,Emergency Department,OP_18c_HIGH_MIN,Average (median) time psychiatric/mental health patients spent in the emergency department before leaving from the visit. A lower number of minutes is better (High),Not Available,25,07/01/2024,06/30/2025
WY,Emergency Department,OP_18c_LOW_MIN,Average (median) time psychiatric/mental health patients spent in the emergency department before leaving from the visit. A lower number of minutes is better (Low),178,25,07/01/2024,06/30/2025
WY,Emergency Department,OP_18c_MEDIUM_MIN,Average (median) time psychiatric/mental health patients spent in the emergency department before leaving from the visit. A lower number of minutes is better (Moderate),254,25,07/01/2024,06/30/2025
WY,Emergency Department,OP_18c_VERY_HIGH_MIN,Average (median) time psychiatric/mental health patients spent in the emergency department before leaving from the visit. A lower number of minutes is better (Very High),Not Available,25,07/01/2024,06/30/2025
WY,Emergency Department,OP_18d,Average (median) time patients spent in the emergency department before being transferred to another facility. A lower number of minutes is better,231,,07/01/2024,06/30/2025
WY,Emergency Department,OP_18d_HIGH_MIN,Average (median) time patients spent in the emergency department before being transferred to another facility. A lower number of minutes is better (High),Not Available,5,07/01/2024,06/30/2025
WY,Emergency Department,OP_18d_LOW_MIN,Average (median) time patients spent in the emergency department before being transferred to another facility. A lower number of minutes is better (Low),231,,07/01/2024,06/30/2025
WY,Emergency Department,OP_18d_MEDIUM_MIN,Average (median) time patients spent in the emergency department before being transferred to another facility. A lower number of minutes is better (Moderate),286,,07/01/2024,06/30/2025
WY,Emergency Department,OP_18d_VERY_HIGH_MIN,Average (median) time patients spent in the emergency department before being transferred to another facility. A lower number of minutes is better (Very High),Not Available,5,07/01/2024,06/30/2025
WY,Emergency Department,OP_22,Percentage of patients who left the emergency department before being seen Lower percentages are better,1,"25, 26",01/01/2024,12/31/2024
WY,Emergency Department,OP_23,Percentage of patients who came to the emergency department with stroke symptoms who received brain scan results within 45 minutes of arrival Higher percentages are better,57,25,07/01/2024,06/30/2025
WY,Colonoscopy care,OP_29,Percentage of patients receiving appropriate recommendation for follow-up screening colonoscopy Higher percentages are better,94,"25, 26",01/01/2024,12/31/2024
WY,Cataract surgery outcome,OP_31,Percentage of patients who had cataract surgery and had improvement in visual function within 90 days following the surgery Higher percentages are better,Not Available,5,01/01/2024,12/31/2024
WY,Electronic Clinical Quality Measure,SAFE_USE_OF_OPIOIDS,Safe Use of Opioids - Concurrent Prescribing,14,,01/01/2024,12/31/2024
WY,Sepsis Care,SEP_1,Percentage of patients who received appropriate care for severe sepsis and septic shock. Higher percentages are better,62,"25, 26",07/01/2024,06/30/2025
WY,Sepsis Care,SEP_SH_3HR,Septic Shock 3-Hour Bundle,73,"25, 26",07/01/2024,06/30/2025
WY,Sepsis Care,SEP_SH_6HR,Septic Shock 6-Hour Bundle,79,"25, 26",07/01/2024,06/30/2025
WY,Sepsis Care,SEV_SEP_3HR,Severe Sepsis 3-Hour Bundle,81,"25, 26",07/01/2024,06/30/2025
WY,Sepsis Care,SEV_SEP_6HR,Severe Sepsis 6-Hour Bundle,92,"25, 26",07/01/2024,06/30/2025
